state_1_error,state_2_error,state_3_error,state_4_error,state_5_error,state_6_error,state_7_error,state_8_error,state_9_error,state_10_error,state_11_error,state_12_error,state_13_error,state_14_error,state_15_error,state_16_error
0.2,0.2,0,0,0.5,0.075,2.1891397605774,1.33915731894735e-16,90,7.79090147260369e-19,0.012732800391837,0.749452631063528,0.00029873411747483,0.000298711237293858,0.000299816489320981,0.000299791224562695
0.20007499529195,0.209999829543138,0.00151273568391264,0.00749772249235585,0.499972902803784,0.0794270733568942,2.18313338630975,0.0241395222259831,90.8574362254894,0.0334359013887302,0.0207738203187887,0.742255121866123,0.202850770457322,0.185219355716262,0.183431883090782,0.185320753956989
0.200298905070733,0.219997585563366,0.00340233961585412,0.0148229680096785,0.499724334053736,0.114267940193535,2.01698894988154,0.208044642961928,91.6804345608984,0.290456538896707,0.277745580089876,0.687301951021738,0.502702022142902,0.458451660784421,0.4551730650406,0.458598815025054
0.200662469314139,0.229983044345647,0.00622313144697145,0.0213193395945761,0.49860003192583,0.169866958881133,1.45671219970481,0.783678990725723,92.414530859083,0.699824297438095,0.68651625116164,0.596664825249556,0.672129372016421,0.612749398996784,0.545881748394099,0.61343762286999
0.201139085379261,0.239928734633457,0.0102273926152792,0.0258701618559993,0.495490575013167,0.228662596160511,0.383633711699427,1.8539131181248,93.0099492979442,1.16817992507823,1.12174771709922,0.480168568275868,0.768607020626601,0.560500525432006,0.425734550824076,0.701064935099822
0.201670236717736,0.249774785490868,0.015228407607084,0.0262642524684154,0.488076549782508,0.265346276153772,1.25884308570161,3.34143323753691,93.4177569891059,1.66003331589285,1.40954072364623,0.346935820543937,0.82330764657875,0.304888688826646,0.0534870020057414,0.750689430600589
0.202140128106196,0.259396328993896,0.0205792468867974,0.0193277087477556,0.472395066539533,0.264193132236204,3.48188428162082,4.97962807182041,93.5992434385072,2.12733783235382,1.43877521278244,0.196322438132631,0.8539454552689,0.0671195775672558,0.329584636474367,0.778985102577013
0.202385838301633,0.268593911368639,0.0256258853512994,0.00394346281085761,0.44538498044131,0.23852751604637,6.26013859717771,6.48474766343409,93.5382913662394,2.54779772526253,1.29206280771946,0.0290108317681542,0.871630607143232,0.0531743413576711,0.575642485516094,0.795079914043942
0.202253117569065,0.277132580921648,0.0301067448489502,0.0180973983683404,0.406610574105548,0.210767899621485,9.51919066963152,7.70917700526245,93.2285668413615,2.86812987305898,1.1138750947418,0.163335730428234,0.881961607800175,0.262755284333976,0.714644760982001,0.804342536228526
0.201632969494463,0.284786551957552,0.0341316216911201,0.0445990917051591,0.356958991315823,0.193470435171558,13.1286512356915,8.63390593340802,92.6538710691638,3.05644407951707,0.986720826620187,0.382973563235855,0.86441573631893,0.488155331297258,0.79350409766045,0.768525445521288
0.200441198977599,0.29133491876156,0.0379029665290185,0.075427054205784,0.295719436868415,0.184195064566331,16.9362216322495,9.28105846665493,91.8033414324719,3.09886342602466,0.916321425019232,0.608964015439214,0.745613754060376,0.602754713453612,0.83834359740632,0.563403505113027
0.198578054359904,0.296523491563173,0.041504912740583,0.111920348069012,0.22074966037738,0.175897805926946,20.7362120823092,9.68002061932024,90.6974106787254,2.9382383151495,0.895823806337611,0.807334319425521,0.524095367874509,0.630659696006768,0.863953887901985,0.224861779239251
0.195921363458911,0.300071123335549,0.0449352467894499,0.154812887396049,0.131847479541883,0.167279016526312,24.2643862146293,9.86955527158926,89.3827965914623,2.55340596719681,0.912088157173929,0.96232299723767,0.30844433087311,0.6367032864025,0.87860954924758,0.0845091754464696
0.192343687444722,0.30172048555943,0.0482094729866072,0.203962710143169,0.0314713642097155,0.160694205196272,27.2815330622436,9.89597494380502,87.9020456928945,2.00758291390206,0.959222382443373,1.08609052952312,0.202504110016496,0.659846430586157,0.887066247952263,0.25573335981483
0.187724235702648,0.301278660575256,0.0513911672882813,0.258844681858131,0.0764939905671426,0.158477299244648,29.6506154651485,9.80966634471226,86.2676283878883,1.39536370864069,1.03878530859417,1.20170026069358,0.199142750481167,0.710263862589,0.892003552973782,0.283634718543024
0.181957838355609,0.298641434002556,0.0545922331246128,0.318496360885211,0.187304951270594,0.162881510770474,31.3341389240688,9.65413390308549,84.4650017084147,0.781370029520544,1.13921043064424,1.32494577128451,0.223952970758687,0.756055692322014,0.895058691235119,0.219286244703347
0.174959259179941,0.293796304750972,0.0579574903615435,0.381827117122596,0.296537058049891,0.175137030223379,32.3502951585757,9.44896512854251,82.4807688577567,0.198254285081322,1.22624446841706,1.45954099776246,0.214610577386401,0.775258579904686,0.897473095665978,0.101785442986841
0.166669896498534,0.286817019467626,0.0616563657810859,0.447276161095002,0.40009758602494,0.196416641329665,32.7321512584633,9.18143509474228,80.3260386451331,0.354730274684777,1.26386341861299,1.60210398194063,0.146661320871012,0.791230009861421,0.898918012064138,0.0141645361291051
0.157065479010215,0.277850383049137,0.0658766475421135,0.513091626839426,0.494940752812415,0.227143970299187,32.4876252519509,8.82537592157322,78.0312334946962,0.906828900233219,1.24093677118286,1.74686593574599,0.0327414887154777,0.804880449180469,0.899477874008519,0.100242750050006
0.14615177367391,0.267085917787174,0.0707943065346449,0.578045736911599,0.579790110775822,0.265752936630013,31.5915419471934,8.35836214159818,75.6333985489694,1.47933707121299,1.15709069488959,1.88837918865762,0.0922715571325622,0.812092469129172,0.899885880596384,0.156420674233742
0.133955097119806,0.254726817844359,0.0765409553623262,0.641288913606879,0.654449264738568,0.309468303081582,30.0010950233314,7.77012276956393,73.1642685917502,2.08673168999654,1.02380248307298,2.02292178682588,0.228215110603622,0.816252444776384,0.900357743895717,0.153819043010867
0.120515637411151,0.240973662964166,0.0831829908412077,0.702249696066863,0.719280161893303,0.354588928129915,27.6523802189496,7.07337373263683,70.6415568054515,2.74370274618437,0.863282008231168,2.14716656067691,0.302110867425579,0.818691831469579,0.900761622970329,0.146184899091678
0.105884068315887,0.226018608686708,0.0907052963700388,0.760455664643566,0.774731295296721,0.396582561092344,24.5031893624853,6.3077745247589,68.0575563339573,3.41686831190703,0.704573275897183,2.26800181387676,0.306892030285569,0.8203287738989,0.901158171062433,0.114546662532836
0.0901176559594687,0.210044167564682,0.098984284758022,0.815811433060464,0.821338447838048,0.42868805632651,20.5419801972394,5.54849672095893,65.3800237495813,4.08586944077312,0.578724824181754,2.38650773476678,0.223347602021407,0.759682757112582,0.901372744641147,0.0701498686844845
0.0732733478698986,0.193224887801731,0.107728006439294,0.867986118661562,0.859010650794595,0.44165539527129,15.8168774975047,4.89382885719558,62.5743508024889,4.67564406141689,0.488237530513908,2.5013358440806,0.0657028127768089,0.577063872961857,0.857144865123681,0.0287801745627387
0.0554378174714649,0.17575667004278,0.116476795663526,0.914323308513898,0.885795034786592,0.427967305774754,10.4790892463452,4.44283477296216,59.6291231160844,5.09740225965181,0.42283793792302,2.60252581214715,0.130151774987321,0.265309381395117,0.775791797794848,0.0125887059258055
0.0367712046453581,0.157885651317668,0.12463373671748,0.95007737485891,0.898725360727458,0.381986072799539,4.77136368908523,4.26523344681785,56.5683113728893,5.28722050427585,0.353876089307675,2.68028709577585,0.333315991415667,0.153236930782595,0.657669717854656,0.0458446464046005
0.0175505489448642,0.139919643965433,0.131554155539207,0.968453367353721,0.894966551415125,0.306537393660271,1.00024352598547,4.37980816248714,53.4418497258728,5.21582832053445,0.269849288584762,2.7303827099157,0.524915444959831,0.467929838477125,0.511059584577988,0.0427198172090577
0.00181070729027577,0.122199876381245,0.136804371684186,0.963554620780162,0.874384646842065,0.217490677211863,6.54350028853308,4.79793637285545,50.2935355430099,4.93194232507633,0.211328316433236,2.76403244066431,0.657710792957257,0.645515644519705,0.349041106555715,0.0286137814924766
0.0208264547598709,0.105038636303866,0.140245722663405,0.933989036813474,0.839690541141069,0.127219061232042,11.6348708873624,5.53636538910772,47.161495314138,4.50180093707657,0.188973994563649,2.78318669907179,0.723626713932015,0.745454908354382,0.196716445999956,0.0208601622402961
0.0390168902225718,0.0886820629317837,0.141934263939414,0.881491789292105,0.794541264715458,0.0431483856133512,16.1195386700835,6.59375199940762,44.0834286060822,3.97526344942116,0.19757138611587,2.78874058407366,0.740893717792495,0.801739009099642,0.0610870049091154,0.0149521133254028
0.0559555283092401,0.0733032422003905,0.142040084211206,0.809464241055277,0.74246357533834,0.0305706869113442,19.893195816689,7.94487872327431,41.0895469916428,3.38716396496484,0.225068429968456,2.78146863759017,0.720903743361426,0.833687535535344,0.0541462308433398,0.00785384291158364
0.0712923701792214,0.0590102668568714,0.140792290374262,0.722013450894975,0.686376144392475,0.0920851808693868,22.8896923375469,9.54179584867688,38.1958226004579,2.76311811693396,0.257643929924648,2.76204924477597,0.676108433527852,0.851666388520068,0.149557837796323,0.000143079600761764
0.084760929048739,0.045860595350429,0.138438941552787,0.623344475377595,0.62844437877233,0.141128481394928,25.0715479572612,11.3205637107182,35.4014788108333,2.12287126802017,0.283247398523394,2.73092055107119,0.604169641551498,0.861893580950637,0.227181274175853,0.0064490075052005
0.0961788225229838,0.033874386975957,0.135227906812934,0.517646013759578,0.570259349384067,0.177881230590823,26.4269155620561,13.2045028875425,32.6900861160351,1.48804940799756,0.287030037970523,2.68715114097408,0.495020826864457,0.868075293961976,0.287965873005757,0.0085011061272785
0.105445924268181,0.0230446531720589,0.131401870582992,0.408872323206269,0.512936502717427,0.202764384946052,26.971317920453,15.1034842649086,30.0326269095417,0.881688911703988,0.253018812739197,2.62901335140284,0.354474436555154,0.871368185789502,0.332759918850438,0.00476310282428549
0.112534677292914,0.0133472559591993,0.127188317992162,0.300273356344807,0.457084751352268,0.216896125725439,26.7457750697781,16.9177941150497,27.3939601547439,0.322212639703471,0.170664755026635,2.55543511707984,0.197613020084399,0.873351007452569,0.363398726286067,0.00578679713246955
0.117473434445617,0.00475040259343856,0.122784704282255,0.194187660767591,0.402883211952311,0.222131978447777,25.8115934457815,18.5452058615156,24.742086597413,0.179494166243338,0.0366508718784616,2.4664261385943,0.0415276976405465,0.873854116489286,0.381869734013943,0.0231183417706792
0.120329575436951,0.00277859850899076,0.118347392790399,0.0922170383108407,0.350270425583834,0.220669803108722,24.2459839922397,19.8882972922764,22.0575445658951,0.618195475261199,0.146535664315247,2.36288868915683,0.104180640467272,0.87432887692471,0.389895050842854,0.0474041473389439
0.121197288184195,0.0092701475364691,0.113988155011636,0.00441723203215727,0.299159490241773,0.214517789617437,22.13985002018,20.8587379107921,19.3401487571088,0.993939813906346,0.37526087915826,2.24611330505785,0.238533499812311,0.87459392165106,0.393481967497018,0.0654085075768414
0.120196869435514,0.014755757116606,0.109789959819996,0.0945080541636367,0.249636995622107,0.204978985190583,19.5920334985779,21.3773916189891,16.6107640306878,1.31197016796411,0.646391502927662,2.11799231811794,0.354275211302079,0.874571096069319,0.388296114977728,0.0906606467570281
0.117463105800085,0.0192643477790333,0.105793586960516,0.17766575758965,0.201432776554521,0.194718892399413,16.7131961696935,21.3821306143405,13.9128898977967,1.56710378511884,0.944743293526277,1.98060102064832,0.440980638999662,0.848531696388928,0.370723650623888,0.138079569581248
0.113140905257351,0.0228217723652279,0.101993769877518,0.253218754569301,0.154540625309133,0.185548833898347,13.633848822073,20.8475250590538,11.3097226939137,1.74898977532429,1.24354958222375,1.83793422833382,0.502298202028307,0.80034690478236,0.346690012157325,0.197467388887065
0.107390608185547,0.0254560329119182,0.0983573554586337,0.320339973195162,0.109157071408904,0.178521043425868,10.4897523862858,19.785066289644,8.8706543302189,1.85707657055404,1.52752352799087,1.69261377563729,0.544172309631855,0.743534214645409,0.320419807844111,0.258823209703672
0.100389005898518,0.0272002560323499,0.0948351206734744,0.378195650020176,0.0656196703457644,0.174094533220898,7.40305183534177,18.2320533873569,6.65738357024661,1.89601578605208,1.7862439117263,1.54696960693056,0.567233989354406,0.670935881356677,0.294710506196573,0.317199140234775
0.0923301959234004,0.0280967284816519,0.0913793690177264,0.425947545328424,0.0244702528576249,0.171783389646286,4.47547531152834,16.2493194753345,4.71447634202141,1.86814114436022,2.00561600047685,1.40415168175514,0.571582645686791,0.580228819264704,0.271080116022628,0.372724604353625
0.0834218292867939,0.0281982230745272,0.0879526729690506,0.463102327324222,0.013809476243836,0.17114968888917,1.78653414193484,13.9182997699925,3.06426418175509,1.77885193294266,2.1744541972798,1.26657303217517,0.559134622742791,0.483944082822567,0.250860593310661,0.423980478544807
0.0738778034502818,0.0275660158815239,0.0845234093187417,0.489511950973154,0.0488441700231605,0.172030977815371,0.608823401043499,11.3312377751316,1.70696233895969,1.63740173720296,2.28674561040011,1.13563656573412,0.53216557873267,0.390568211488594,0.234408772579791,0.47026554562026
0.0639123645875053,0.0262682437408154,0.0810619064853862,0.505277303045939,0.0803150690393295,0.174359575009384,2.67813874254819,8.58252220010711,0.624690709315481,1.45518134257249,2.34080375620237,1.0120036110113,0.493993673417851,0.305847879395961,0.222175832502997,0.509914020693808
0.0537357115905379,0.0243791605189695,0.0775403929154215,0.510699064661224,0.107927346750479,0.177996153945961,4.40725184907395,5.7623380707166,0.212877010757185,1.24417283591378,2.33756971774362,0.895963537687773,0.446970017052261,0.230814652573106,0.214409930604696,0.541876740931992
0.0435500981439574,0.02197872272482,0.0739354567446483,0.506272558156501,0.131406947895406,0.18263172770629,5.79544204152251,2.95343037956714,0.84313494612245,1.01596761704648,2.28031771408201,0.787527501092223,0.395166136319115,0.166659325602375,0.211134176209366,0.564561105629615
0.0335458553733496,0.0191519895371035,0.0702315795266593,0.492695363146795,0.150523269550358,0.18779913552623,6.85147129982606,0.228689391646606,1.30588916494756,0.781155216368232,2.17381992562811,0.686595750791587,0.340781954063019,0.112114058213987,0.212106527007296,0.57730548476004
0.0238973667976694,0.0159879522556683,0.0664236686320873,0.470862276696612,0.165118154663384,0.19293259354609,7.59062687211925,2.34924501784996,1.64002621496677,0.548853785302483,2.02385131705524,0.592998809548905,0.286742860641534,0.0665076429650688,0.216685988915646,0.579820566697985
0.0147593329455362,0.012577837585238,0.06251838808485,0.441840904888301,0.175129540705685,0.197434603353541,8.03282678377762,4.72812447646625,1.88106417214049,0.326777495782071,1.83679861558303,0.5065747952666,0.234353894904471,0.028449382481102,0.224222821229919,0.571996020414976
0.00626370880289495,0.0090130207916812,0.0585341403899701,0.406830178425463,0.180606183541093,0.200737144526384,8.20182587130033,6.8655499943406,2.05964543189291,0.121286176908683,1.61946892641691,0.427181499837037,0.185276308322163,0.00282351290093918,0.233759318450277,0.554111453962358
0.00148238353537389,0.0053827462297632,0.054499876953895,0.367103716738289,0.181712226457681,0.202365412311923,8.12472427942842,8.72875958481756,2.20048314128713,0.0629454948459883,1.37925849973856,0.35459744738884,0.141313983011616,0.0277300217692792,0.244046575308328,0.527335571633593
0.008397553299337,0.00177188061591738,0.0504528138143434,0.323952148603978,0.178718843713608,0.201968028730933,7.83140095247203,10.2944891166828,2.32177081005317,0.222712400601725,1.12371479944376,0.288571101631753,0.103005686104014,0.0469850760103558,0.254107750064195,0.492666939485596
0.0144259039763357,0.00174106438578703,0.0464357089011076,0.27862351003154,0.171986868905577,0.199352387680087,7.35411933013424,11.5484670941337,2.43523683616092,0.3562836341559,0.860102143584598,0.228794093353087,0.0709448771172498,0.0610554344755831,0.262904584249856,0.452155259671691
0.0195357578317246,0.00508551309519512,0.042493807277277,0.232290458331953,0.16194555993388,0.194441871766476,6.72684736787022,12.4848326732555,2.54666713705745,0.462683694741406,0.595339919922706,0.175021809668147,0.0444674053205626,0.0705515278072157,0.269776482592367,0.406011168864263
0.0237177821647587,0.00819996230809505,0.0386725345976907,0.18600264985223,0.149068222277395,0.187321212596306,5.98483154152455,13.1055782950173,2.65693509455777,0.542171695206085,0.335613042824846,0.12693833018147,0.0238507503259217,0.0758261662538781,0.273858189435202,0.357433506373291
0.0269822532779604,0.0110326316218335,0.0350142040008881,0.140676853772956,0.133851413022173,0.178186641041738,5.16302627717875,13.4196750956663,2.76317848599911,0.595776232661347,0.086551361450165,0.0842374001511376,0.00830477539140195,0.0772175005989314,0.274571866329985,0.306688726799766
0.0293564019678938,0.0135417416977244,0.0315563070758152,0.0970856858987323,0.116794669798457,0.167341364978054,4.295238701208,13.4424952564962,2.86023608916521,0.625241676276806,0.147115468129846,0.0465814295475905,0.00260236557669846,0.0751811444373334,0.271620968890894,0.256365898726856
0.0308814873668006,0.0156954082345326,0.028329381556916,0.0558657153256731,0.0983871382832604,0.155155400223441,3.41274108778318,13.1947073163977,2.94198682003998,0.632722396204662,0.361294243301217,0.0136520487485911,0.00962325444569156,0.0698959005113928,0.26459891419248,0.206648383633792
0.0316102395860194,0.0174713413058728,0.0253561702390018,0.0175262732462601,0.0790968595671694,0.14204613616217,2.54358854741409,12.7016632940381,3.00255797648235,0.620703619829147,0.552708541868859,0.0148738223079736,0.0133846938894391,0.0618725828058428,0.253621907875333,0.159316164131158
0.0316043923528726,0.0188563387715732,0.0226507092220342,0.0175373302494267,0.0593643852959213,0.128456266653695,1.71178702111617,11.9922244472305,3.03720876879166,0.591933746789199,0.718839755412467,0.0393169257718279,0.0144942552232016,0.0514069916261768,0.238638131229459,0.114828638029578
0.0309325912245271,0.0198457120218463,0.0202182015902928,0.0490273513017834,0.0395999908272241,0.114824926817929,0.936961556626991,11.0978575834893,3.04289109514616,0.549341733896781,0.858135477370823,0.0600170862127411,0.0135629610700034,0.0391906160152194,0.220283161016128,0.0744422802465178
0.0296685854830436,0.0204426674806465,0.0180553137802185,0.0767282672448669,0.0201831483361479,0.10156011882546,0.234186116916588,10.0513308417097,3.01845262226522,0.495883099884112,0.969848294127098,0.0773131114751113,0.0110558603840687,0.0256386412553694,0.198916832485758,0.0383036506408408
0.0278897195405545,0.0206576949439735,0.0161510691965706,0.100494700075068,0.00146262737591335,0.0890156959042075,0.38574267000437,8.88595899391953,2.96458307052814,0.434364966801335,1.05372069211563,0.0915165666600756,0.00734111872512211,0.0112074314440552,0.175026065890496,0.00645658412729411
0.02567559985338,0.0205079435101193,0.014488046150992,0.12024520476606,0.0162447391714064,0.0774815649426668,0.915883450368407,7.63498779920577,2.88357279368885,0.367435826850375,1.10992344811042,0.102910922149733,0.00269548401583941,0.00364100361190833,0.149085389465717,0.0212042600153273
0.0231068622033994,0.0200165693016472,0.0130438175925579,0.135957482204668,0.0326552026383618,0.0671630800583993,1.352691513904,6.33095691676,2.77895396182881,0.297574271554203,1.13937324653893,0.111780159217131,0.00253735152613854,0.0181203043152243,0.122185379955472,0.0444744198628965
0.0202640047910194,0.0192120482442746,0.0117927260285218,0.147668044189942,0.0475213624262885,0.0581815122321448,1.69555301763858,5.00480354057167,2.6550667824381,0.227048630384966,1.14352648384947,0.118392684217905,0.00819915616114397,0.0317826102440923,0.0948665629556735,0.0636943665425682
0.0172262061081636,0.0181274096125668,0.0107074925216338,0.15547218909294,0.0606358285761774,0.0505766947999185,1.94632211228922,3.68544370496681,2.5166498506004,0.157872359469486,1.12420301529266,0.122994997570552,0.0141193119483591,0.0441230863638787,0.0678791781090898,0.0791352590041132
0.0140701528267833,0.0167993979088084,0.00976080166283722,0.159523855859823,0.0718352247492528,0.0443158765975844,2.10889744279758,2.39935802454461,2.36846535694993,0.0918048569051402,1.08353870401509,0.125811840022614,0.020176498361953,0.054759053639871,0.0417714558894797,0.0911576040775061
0.0108688794240823,0.0152675570669553,0.00892670313823263,0.160033740678034,0.0810033226801204,0.0392921059340792,2.18884042764444,1.17023842326656,2.21498592586779,0.0302520025857868,1.02412772980682,0.127064312446889,0.0261122540622708,0.0632409144985273,0.0175586702650748,0.0999946190760799
0.00769066093675841,0.0135732599142625,0.00818184759984975,0.157266665815098,0.0880740507856883,0.0353677907172491,2.1930131906137,0.0186045822061803,2.06014819616432,0.025523368558018,0.948533601361809,0.126933183155472,0.0320289243866775,0.0695315264136024,0.00511752190396186,0.106148154652761
0.00459798616971852,0.0117586936487653,0.00750589940390989,0.151534933949325,0.0930317506943903,0.0323668222464227,2.12946263356932,1.03804192280435,1.90722338208079,0.0746031536423781,0.859543777702066,0.125592881118254,0.0375493104171426,0.0733688450324586,0.0251082878540557,0.109814581441492
0.00164668729557627,0.00986586108721288,0.00688236774695739,0.143190534759586,0.0959102941876897,0.0300930809050533,2.00697857653628,1.98565830343337,1.75870448686423,0.1163717006705,0.760144951874562,0.123207901398763,0.0426047201196255,0.0747410996706762,0.0424232168293933,0.111294752306508
0.00111475935069505,0.00793561718695712,0.00629866580074001,0.132615264481925,0.0967898554592511,0.0283503902917104,1.83489856690746,2.81364567462718,1.61630286442485,0.150509402134059,0.653300205058068,0.119931795796854,0.0469895254510799,0.0738031744929954,0.0566947181811006,0.110900181702471
0.00364571874402686,0.00600679313767616,0.00574603272168528,0.120209491699232,0.0957915896792225,0.0269574535151406,1.62279870325139,3.51483014169804,1.48099198674445,0.17688465423126,0.541888095260575,0.115901858506963,0.0506497530100767,0.0706605292172857,0.0680981915733102,0.108821852029732
0.00591365327100069,0.00411544078239823,0.00521908603473697,0.106380739989388,0.0930711637432909,0.0257571530486443,1.38036697154509,4.08529730442213,1.35311457925561,0.195573428156138,0.428626436061107,0.111244135690716,0.0534337561238649,0.0656418267446458,0.0765871407528174,0.105324775011301
0.0078941568160904,0.00229421211415448,0.00471531187611696,0.0915328892998047,0.088811634268442,0.0246211250023038,1.11712144030774,4.5242123536831,1.23250910154114,0.206859265021414,0.316064041603324,0.106076247944689,0.0552446349577704,0.0590125546274298,0.0823131460871503,0.100574023883673
0.00957078161202363,0.00057188720708079,0.00423443151665492,0.0760563730127246,0.0832158704829107,0.0234546734575154,0.842200583701069,4.83358476170191,1.11865886436942,0.211216295200642,0.206483124330719,0.100508156341356,0.0560124035788629,0.0512109997603214,0.0854672877298831,0.0948173631624366
0.0109346854342163,0.00102694795574598,0.00377772662853015,0.0603201311800746,0.0764992347207382,0.0221957901574104,0.56413738822434,5.01795735572427,1.01084058374107,0.209221399183864,0.101952532884937,0.0946404656521793,0.0556508849171945,0.042429443081738,0.0862612376280497,0.088088550616732
0.0119841337739726,0.00248208184430954,0.00334740573216075,0.0446649795976458,0.0688826993927713,0.0208137462533533,0.290747965062879,5.08419093852381,0.908266835539661,0.201546785361794,0.00429706939246655,0.0885659557120097,0.0541568848121284,0.0330912653953462,0.084981051802775,0.0806035027572231
0.0127238836998491,0.00377772692716039,0.00294601136172334,0.0293985975908189,0.0605867718223486,0.0193045979007055,0.0289725633606829,5.04110080855151,0.810202626922528,0.188947756346845,0.0849805399190735,0.0823696151387897,0.0515722777798518,0.0235136696893805,0.0819372895924767,0.0725215295536898
0.0131644853253955,0.00490245740459139,0.00257594393001626,0.0147921683884727,0.0518263316635073,0.0176857040104565,0.215214621947563,4.89907647413798,0.716053832454563,0.172226110626481,0.164733604468994,0.0761282383626798,0.0479949137286568,0.0140455950350509,0.0774668237460792,0.0640516393777796
0.0133215305757722,0.00584905301825256,0.0022390878344386,0.00107851190582553,0.0428064452526845,0.015990324271983,0.436875209907893,4.66963041214005,0.625419945651642,0.152221762266702,0.234234590851841,0.0699103873312188,0.0435832591006349,0.00503272609160899,0.0719328082146204,0.05544204741105
0.0132148803140867,0.00661427009109405,0.00193655920503888,0.0115482579903062,0.0337192732125619,0.0142607000744852,0.632133547127853,4.36498814034078,0.538114442937648,0.129755027126971,0.2929435706577,0.0637780602313269,0.038344984518546,0.00348331796179913,0.0654741197997895,0.0466768304603279
0.0128678921600673,0.00719855796060831,0.00166858707132089,0.0229325184365902,0.0247415812230665,0.0125425906227692,0.798139673426573,3.99787269114545,0.454162804193701,0.105621721348406,0.340683619861892,0.0577840187852626,0.0325754222688133,0.0111614598803399,0.0585138278429637,0.0381075965987087
0.0123066591728554,0.00760573221266647,0.00143448983342398,0.0329560679543878,0.0160330280734259,0.0108803497073787,0.933038208257781,3.58100537382353,0.373770199327574,0.0805763543911565,0.377582235131942,0.0519725144986935,0.0263841847869004,0.0179629762154563,0.0512185597940999,0.0298074036146343
0.0115592783370256,0.00784262006955905,0.00123272901806393,0.041536473445981,0.00773487147010715,0.00931591430027442,1.03590085646393,3.12698384684483,0.297282940927076,0.0553327447635667,0.403653581511091,0.0463865341306135,0.0196363750221231,0.0240380831299022,0.0434631929034015,0.0215986714943279
0.0106551483071738,0.00791868072704416,0.00106098854643921,0.0486257978837785,3.10473484750329e-05,0.00788301999968019,1.10667315767299,2.6483352693639,0.22514594587312,0.0305418983391254,0.419211518506599,0.0410598478938773,0.0128023877248548,0.0291061248745469,0.0357411284621122,0.0139341340630843
0.0096242946852606,0.00784561002963258,0.000916389140099172,0.0542089057886181,0.00716299850092378,0.00660493477681685,1.14607569140922,2.15695265690435,0.157839572191909,0.00677818915676097,0.424939144423274,0.0360165702976686,0.00603130416360731,0.0331673999188028,0.0281777655156562,0.00690904469192322
0.00849673907679205,0.00763693571856161,0.000795679729980847,0.0583008761056019,0.0135795087131991,0.00549557550229933,1.15551597221968,1.66389074206766,0.0958259250360596,0.0154523103747086,0.421601394320388,0.0312757802659856,0.000564441776677582,0.0362692775330183,0.020848352799562,0.000577908827636309
0.00730192238621408,0.00730761440329353,0.000695435080640294,0.0609442275596573,0.0192190835069218,0.00455797152177218,1.13699433307335,1.17925575518738,0.0395049525386939,0.0357398319037853,0.410100135643942,0.0268487194103178,0.00677977199768742,0.0384450150075283,0.0139197533567162,0.00494089597154046
0.00606818583037383,0.00687363652983153,0.000612263424924153,0.0622058739949973,0.0240397550728992,0.00378676755516225,1.09298974376219,0.712054819608613,0.0108208446488486,0.0537491276334356,0.391392546489549,0.0227419559575897,0.012564431621926,0.0397743324628576,0.00739700606676408,0.00965169074372696
0.00482231506475672,0.0063516429931072,0.00054295191009035,0.0621739288344334,0.0280182725795677,0.00316903533444636,1.02637837687363,0.270169397137937,0.0549696226143937,0.0692330491651699,0.366486754268892,0.0189563826477948,0.0177682196894234,0.0403265671993486,0.00139830030480315,0.0134993997623613
0.00358914922090903,0.0057585608141647,0.000484603511534898,0.0609543450523955,0.0311491085689504,0.00268721698571818,0.940329747184076,0.139713782552432,0.0928928685352415,0.0820031201811622,0.336398594981137,0.0154905122763022,0.0223783254030023,0.0401667052350498,0.00410118759454725,0.016512799746102
0.00239125832380582,0.00511126050569966,0.000434705980677741,0.0586675308763327,0.0334432000372816,0.00231995087406815,0.838242624196364,0.512090893560793,0.12467839891722,0.0919554105550769,0.302165011033435,0.0123384149542776,0.0262720943556274,0.0393772663012085,0.00898937666660848,0.0186788885082662
0.00124868828672864,0.00442624126601843,0.000391202318039907,0.0554448942630957,0.0349264804265603,0.00204374951132696,0.723623078101223,0.842687976621684,0.150542338990893,0.0990784387296041,0.26483819930357,0.00948977507479221,0.029410898244721,0.0380370908769715,0.0132338089214483,0.0200363339744423
0.000178776306228645,0.00371934787207817,0.000352503362747503,0.0514253196813724,0.0356381543009484,0.00183565308286358,0.599995675675006,1.12844222616326,0.170813655005388,0.103417363695277,0.225430495649551,0.00693271855621719,0.031793720465218,0.0362154808815085,0.0168326892442252,0.0206420468909115
0.000803964605863072,0.00300552381221764,0.000317462387867451,0.0467517943734782,0.0356288289718221,0.00167452799048841,0.470836138059002,1.36744810493052,0.185913451641269,0.10507075225765,0.184902146437209,0.00465398685869006,0.0334244643269577,0.0339861800954564,0.0197758569401149,0.0205644678923719
0.00168789554951987,0.00229860237084878,0.00028532913002155,0.0415682308270582,0.0349585929649353,0.00154201659611441,0.339497241880039,1.55889348423398,0.196330245191485,0.104196120561192,0.144150175579702,0.00263857682381402,0.0343224820497618,0.0314296940591351,0.0220569567021818,0.0198887721503109
0.00246424053027228,0.00161113659906409,0.000255686235046682,0.0360165433455453,0.0336950524418974,0.0014232856833617,0.209137400398206,1.70298073629715,0.202593757496995,0.10099329319727,0.104000308344762,0.000870964661399076,0.0345251628013565,0.0286025815481645,0.0236903036628728,0.0186959975193175
0.0031270196558365,0.000954268496535571,0.000228374173961821,0.0302340147695902,0.031911387177936,0.0013074290449533,0.0826682295182287,1.80083669710065,0.205250327476407,0.0957013201273138,0.0651893025258378,0.000665098877924819,0.0340864049821249,0.0255853846948196,0.024693334271542,0.0170893798531823
0.00367293307175776,0.000337636471417824,0.00020341200454943,0.0243510192468563,0.0296844692445801,0.00118746292267013,0.0372995841414932,1.85440073379813,0.20483939443589,0.088590447904605,0.0283560197974697,0.00198627745105373,0.0330700402193641,0.0224408253042359,0.0250983909753086,0.0151635109833856
0.00410120335991793,0.000230680450417742,0.000180925382104791,0.0184891386699613,0.0270930757681561,0.00105941284610284,0.148484365243557,1.86633794774177,0.201876150299682,0.0799275615587066,0.00588205187537189,0.00310642015479928,0.0314766044077344,0.0191248363185407,0.0249079581547692,0.0129234762946422
0.00441338148168269,0.000744183926458808,0.000161088217659255,0.012759323497433,0.0242162352944526,0.000922759582554833,0.248942652056441,1.83999023194868,0.196840686682174,0.0700117491268339,0.0370504417380957,0.00404103400351996,0.0294564056070143,0.0158294335085372,0.0242048433501145,0.0105701427157657
0.00461311948319776,0.00119794591989397,0.000144053408117295,0.00726059083730268,0.021131708076406,0.000779741498813338,0.337126282094606,1.77915388420782,0.19016141027653,0.0591661820258273,0.0648228247917789,0.00480670994773569,0.0270718314861845,0.0125876461244477,0.0230357936976925,0.0081682264194346
0.004705924076847,0.00158856946849173,0.00012991180006916,0.00207928431199877,0.0179146306159632,0.000634235102016198,0.411887026911037,1.68796695021808,0.182210545344088,0.0477035457647057,0.0889536552059677,0.00541902950030593,0.0243966451188667,0.00943880926510121,0.0214590639261611,0.00578145743508285
0.00469889771672727,0.00191412415233816,0.000118666444974158,0.00271143431805931,0.0146363356498697,0.00049096355757676,0.472467187695745,1.57083153664984,0.173304814133656,0.0359271078789589,0.109217083788198,0.00589182355161594,0.0214299086631524,0.00635819391529657,0.0194748723285761,0.00341141695894964
0.00460047043097433,0.00217405913189783,0.000110220863062005,0.00705203664711918,0.0113632812958074,0.000355198728786324,0.518488735628675,1.43236247265924,0.163709988518099,0.0241241596327181,0.125529634150689,0.00623928745466695,0.0183484009099237,0.00348297702380995,0.0172368807334562,0.0011978273722375
0.0044201257244012,0.00236909671328023,0.000104372442259026,0.0108966520147639,0.00815620918657153,0.000232083399345356,0.54993114379591,1.27717595139958,0.15364233324426,0.0125610382648303,0.137936763694976,0.00647559245343432,0.0152002415524052,0.000830198185967967,0.0147970007370468,0.000832278288211863
0.004168131096703,0.00250111169996081,0.000100823055021348,0.014212674167928,0.00506953923801881,0.000125959884484883,0.567103544385287,1.10980265961353,0.143276146192128,0.00147682364003159,0.146545137038314,0.00661402809193939,0.0120496550219882,0.00157352140501632,0.0122253786674816,0.0026492728212838
0.00385527795888252,0.00257300022764706,9.91976494639779e-05,0.016980217114259,0.00215092145119913,4.01724163686806e-05,0.570612734488228,0.934622118052223,0.132752180741211,0.0089092865070589,0.15148984002746,0.00666695098267278,0.00890863508036366,0.00373280422848898,0.00954420966781999,0.00425489814574764
0.00349263342918271,0.00258854073855774,9.90670041092212e-05,0.0191914808867835,0.00055911215395596,2.33061191486361e-05,0.561333445820612,0.755819277701349,0.122186253536655,0.0184177663761547,0.152989617529855,0.00664613243178974,0.0058879011963372,0.00559633324021325,0.00687600409109967,0.00560481337231122
0.00309130655116852,0.00255224967495737,9.9976995871276e-05,0.0208499089968223,0.00302729701349888,6.39097573043729e-05,0.540352934160839,0.577269841073818,0.111675334092131,0.0269079833199052,0.151330531800452,0.0065626369663197,0.00301813785831051,0.00716238434862193,0.00426624831325462,0.00670053622157374
0.00266223365400242,0.00246923634200324,0.000101474727253636,0.021969151604198,0.00522759696040312,8.22972340674827e-05,0.508932955459269,0.402501475012646,0.101303923327167,0.0342651105170104,0.146814522989887,0.00642665385559266,0.000318943875264988,0.00843516104547914,0.00174916320303342,0.00755016878554382
0.00221598495890307,0.00234505943909735,0.000103130769257165,0.022571989793938,0.00714108436883379,8.00804162351121e-05,0.468481485084631,0.234681884954279,0.0911491775993321,0.0403886516718498,0.139743559525885,0.00624777499506818,0.00220984571400018,0.00942114923850779,0.000664517205740012,0.00816470045668172
0.00176259275190216,0.00218558631438415,0.000104557734759925,0.0226892507194477,0.00875579249908529,5.99395006518622e-05,0.420525012976353,0.0766050428216514,0.0812841965752338,0.0452223971850302,0.130465090678637,0.00603472233924252,0.004486466289219,0.0101109185721617,0.00287430171055791,0.00853966977185672
0.00131140210387004,0.00199685642397718,0.00010543069048341,0.0223586185580052,0.0100664067989343,2.52931973993148e-05,0.366646236638605,0.0693714366310598,0.0717790160143799,0.0487459408598796,0.119355533856235,0.00579554548396138,0.00650601855414279,0.0105150381200237,0.00486571303856798,0.00868912422555868
0.000870946493940927,0.0017849526438406,0.000105497748337458,0.0216233529713235,0.011073821045053,1.99484783710985e-05,0.308448085081357,0.201336466254058,0.0627006917152615,0.050978763096073,0.106803048347022,0.00553718794084429,0.00822748666722439,0.0106546237352639,0.00658131275642804,0.00863263437292305
0.000448849299326204,0.00155588243582316,0.000104587548951707,0.0205309867265113,0.0117845790589639,7.17611602223389e-05,0.247503993923767,0.31783714421446,0.0541124753753174,0.0519604848961,0.0931884533767491,0.00526603000537507,0.00966798510546651,0.0105451780229554,0.00803464521563146,0.00838738345538903
5.17512398519049e-05,0.00131547092078488,0.000102608000721816,0.0191320446178271,0.0122102707732681,0.000126231741081978,0.185336076285803,0.417857376226626,0.0460722166955027,0.0517672222532898,0.0788776243777907,0.00498696309411828,0.0108028184197155,0.0102338546220901,0.00918489505542197,0.00798970076389849
0.000314737207584403,0.00106926649965944,9.95424651770715e-05,0.0174788290407678,0.012366857589773,0.000179800111924769,0.123368409541699,0.500802298246157,0.038631023682338,0.0504836780030969,0.0642171007452163,0.00470461297390518,0.0116601924687572,0.00972253717879457,0.0100654410846478,0.00744531406492999
0.000646059723976189,0.000822460277819625,9.54404569977196e-05,0.0156242662399605,0.0122740047656029,0.000229405955393974,0.0629326740605268,0.566469904104392,0.0318300739506012,0.04819768167258,0.0495312047720045,0.0044233980344911,0.012239611852337,0.00904156097379361,0.0106713778944779,0.00677800695740516
0.000938715646153832,0.000579818228802154,9.04069263568674e-05,0.013620822288824,0.0119544515040194,0.000272596433638278,0.00524234877924113,0.615024599321781,0.025698807077338,0.0450259581962803,0.0351169340459332,0.00414646735324176,0.0125461709478711,0.0082373850528884,0.0110020003526169,0.00602268355862401
0.00119024078079666,0.000345626402382671,8.45892578524854e-05,0.0115195248461918,0.0114333358438577,0.000307571393508912,0.048638559342763,0.646961443135885,0.020254011307188,0.0411001473256911,0.0212432130302389,0.00387633767614187,0.0125920752344193,0.00733227740323905,0.0110712986261061,0.00519707617385623
0.00139916974254078,0.000123649826008654,7.81638876509172e-05,0.00936909060365598,0.0107375093275258,0.000333251525219541,0.097807271684071,0.663069999433162,0.0154987479841318,0.0365602336349432,0.00813908715347198,0.00361466232557245,0.0124031613220514,0.00637060842345416,0.0109023126771832,0.00433338462540078
0.00156498209206141,8.28951247199283e-05,7.13220111528967e-05,0.00721518683518496,0.00989487900562497,0.000349201396704427,0.141532532443098,0.664384594955565,0.0114227981246247,0.0315482121498229,0.00400118777866205,0.00336264953819276,0.0119971407076586,0.00536946358322377,0.010516231934995,0.00344489180217289
0.00168803501079073,0.000271355578770005,6.42581822585253e-05,0.00509981148586303,0.00893378921822466,0.000355503816901012,0.179253523689061,0.652152228819183,0.00800240803072636,0.0262030056439164,0.0150061714683345,0.00312158692938641,0.0113891553700851,0.00434467331551835,0.00993191556474737,0.00254428034162835
0.00176948435123853,0.000439645086923068,5.71599074571383e-05,0.00306075398797612,0.00788244528748799,0.000352810664987616,0.210578262465489,0.627793794278849,0.00520115872194849,0.0206615446348395,0.024758882131949,0.00289170717471404,0.0106295095087053,0.00334851726047425,0.00919469890517388,0.00166925310406674
0.00181119645846506,0.000586235602231366,5.01974689145479e-05,0.00113122768458696,0.00676840333067019,0.000342102465015565,0.235281388407926,0.592842634509888,0.00297288059688829,0.0150572994079004,0.0331649792846783,0.00267345919210416,0.00971325936279743,0.00237133239208465,0.00830841385226921,0.000815934431803611
0.00181565383900245,0.000710139755698558,4.35193152902302e-05,0.000660409263604556,0.00561809800218996,0.000324618739787189,0.253298368289844,0.548930507342514,0.00126198863610997,0.0095156490932787,0.0401617462986596,0.00246709374633708,0.00868692436665641,0.00144935937009905,0.00731623292300765,1.12343776311752e-05
0.00178585595355357,0.000810884121187572,3.72467932323595e-05,0.00229083480265568,0.0044564269641197,0.000301792297402348,0.264714427146426,0.497731233881894,6.91542803547597e-06,0.00415140995920548,0.0457317833304696,0.00227233966100182,0.00757992632170967,0.000599156650524013,0.00624807887376111,0.000730751605926283
0.0017252180087986,0.000888474963693486,3.14719232062943e-05,0.00374179143230946,0.00330641032180977,0.000275107812731198,0.269751112580205,0.440917744627259,0.000857090683826882,0.000933870614910096,0.0498916625648885,0.00208868305735976,0.00642462262357568,0.000165086471882958,0.00513536446312912,0.00139832691627728
0.00163747033939554,0.000943357853374072,2.62573320480852e-05,0.00500000109311838,0.00218891917589363,0.000246002690429306,0.268749665419892,0.38012475483624,0.00139528966725634,0.00565285477363817,0.0526852620709769,0.00191549210667558,0.00524572792640043,0.000836906723043707,0.00400265430831481,0.00198513193152583
0.00152656044318489,0.000976372529788216,2.16380362251245e-05,0.00605699094355128,0.00112246980165856,0.000215790129146506,0.262154947117012,0.316922577963071,0.00167141857063111,0.00993075763248776,0.0541742036943946,0.00175226490862235,0.00406159349081336,0.00141447123887661,0.00286887934257429,0.00248764306939442
0.00139655912181391,0.000988704194592183,1.76244154579397e-05,0.00690885921559059,0.000123071613344364,0.000185615530440345,0.250498894032795,0.252794994033438,0.00174595899652629,0.0137100798792255,0.0544445996875884,0.00159826963845389,0.00290606976409535,0.00189080994671653,0.00176449878560891,0.00290052339705615
0.0012515720144789,0.000981832404721494,1.42058703308523e-05,0.00755596651232515,0.00079585803998071,0.000156427130705489,0.234380348758909,0.189112804585339,0.00167423574719466,0.0169454894071908,0.0535949989899822,0.00145299326254805,0.00178602959952778,0.00227090101765448,0.000698453914880437,0.00322434095302937
0.00109565785027621,0.00095747879851471,1.13549473006458e-05,0.00800258238364637,0.00162353171590252,0.00012896120554029,0.214451580264615,0.127124020973489,0.00150581312450031,0.0196065313029795,0.0517373151237376,0.00131589619703421,0.000728945452287078,0.00255367044655197,0.000305044759667195,0.00345867060463889
0.000932754114654544,0.00091755450956521,9.03152882913982e-06,0.00825649210731461,0.00235178104331449,0.0001037520187539,0.191399509953306,0.0679369500445326,0.00128353540224407,0.0216736493220853,0.0489912404120328,0.00118673534184549,0.000261243016102641,0.00274511755092066,0.00123959656223316,0.00360459413481395
0.0007666109352234,0.00086410823386196,7.18677388733546e-06,0.00832857436436707,0.00297500712287771,8.1137055296221e-05,0.165932615646033,0.0125137968975866,0.00104355415277684,0.0231440183412696,0.0454877136531562,0.00106507934194539,0.00115574329793078,0.00284738092408587,0.00208130341440649,0.0036665427307665
0.000600733698338796,0.000799275742363492,5.76687542952481e-06,0.00823234502052816,0.00349007929949585,6.12831949300952e-05,0.138758764267074,0.0383436966278908,0.000814688253445745,0.0240280895667677,0.041363773076358,0.000950578198960439,0.0019509893428683,0.0028678615202109,0.00282492389300049,0.00364820556724588
0.000438335092201259,0.000725231922851011,4.71615628860889e-06,0.00798347806338306,0.00389618993585199,4.42134971161551e-05,0.110571643225788,0.0839957360874972,0.000618889629592195,0.0243505850567671,0.036758344357003,0.0008426800447629,0.00263051997587949,0.00281454486773014,0.00345800802154916,0.00355978859499351
0.000282296776115215,0.000644146087351194,3.97963983234106e-06,0.00759932146352238,0.00419467018832304,2.98428128735206e-05,0.0820332455905375,0.123965736190104,0.000471404282854896,0.0241451041291985,0.0318073916005851,0.000740994817658214,0.00319758962634986,0.00269606270092504,0.00398127286117933,0.0034062746149075
0.000135140691318952,0.000558141258202749,3.50484762201564e-06,0.00709842163237195,0.00438878278324118,1.80108748507046e-05,0.0537659967685046,0.157933243938646,0.000381856619968056,0.023452951532042,0.0266405985808062,0.000645169640050458,0.0036478435344971,0.00252225938067552,0.00439202397679961,0.00319848553543001
9.90328531014217e-07,0.000469257714994953,3.24304339416326e-06,0.00650006873863163,0.00448350106288135,8.50776581934332e-06,0.0263424935177429,0.185726934825481,0.000355038089792759,0.022320343976624,0.0213815929396001,0.00055518679972516,0.00398602759883704,0.00230060610096705,0.0046914968426055,0.00294011975503605
0.000124343051032538,0.000379421064735985,3.14994024341875e-06,0.005823862644182,0.00448528039355327,1.1043474508754e-06,0.000279091052983143,0.20731551044116,0.000391974875702319,0.020802617971004,0.0161439371870244,0.000470626248476214,0.00420868916643036,0.00204446162688032,0.00488144203622387,0.00265004161056304
0.000233555969378046,0.000290415021480195,3.18589672254621e-06,0.00508931226802645,0.00440181189912559,4.43526964624685e-06,0.0239754676080096,0.222795436803155,0.000490281804120238,0.0189584811535021,0.01103293870348,0.000391369215619386,0.00432441473356937,0.00175919416075487,0.00496474587877282,0.00232827997303608
0.000327653725239199,0.000203859206594381,3.31591668922826e-06,0.00431546389125537,0.00424177336342793,8.33455696813701e-06,0.0460410486871296,0.232380751725427,0.000645421879312835,0.0168486396735485,0.00614201370728689,0.000317309364530949,0.00433855132160066,0.00145635375385933,0.00494925718433625,0.00198973456832352
0.000406034444671799,0.00012119185193582,3.50924482206416e-06,0.00352056848366422,0.00401458497372352,1.07944903531138e-05,0.0656109037040755,0.236386431474539,0.000851113797886361,0.0145362021357831,0.00155067275621127,0.000248183458082696,0.00425956977536679,0.00114452478843108,0.00484267698494867,0.00164308371122457
0.000468450907962617,4.36573873677792e-05,3.73892920524366e-06,0.00272179614047752,0.00373016720183428,1.19951959727527e-05,0.0824528031804245,0.235214055588211,0.00109998771102212,0.0120834894419151,0.0026714784455316,0.000184043511310683,0.00409563784275557,0.000829748866552071,0.00465027034485044,0.00129229295509026
0.000514986369089129,2.77012384803932e-05,3.98137354273853e-06,0.00193498558960747,0.00339871046563935,1.20902262198269e-05,0.0964081520590486,0.22933875924805,0.00138422986853561,0.00955150041250353,0.00646990017028868,0.000124792890310588,0.00385878802019046,0.000521786379902855,0.00438618678030245,0.000950199402135254
0.000546025823792887,9.20457662546559e-05,4.21580433318525e-06,0.00117444394089039,0.00303045834613056,1.121049609068e-05,0.107390421909807,0.219289488800937,0.00169571539248032,0.0069987000650258,0.00980525388281387,7.02203271041313e-05,0.00355998693790782,0.000226874697588975,0.00406057005288452,0.000622951568580832
0.000562223831663183,0.000148741654530937,4.42390586574692e-06,0.000452799558253392,0.00263550726841261,9.47186385162613e-06,0.115381600539631,0.205633562032522,0.00202629665086529,0.00447960657493148,0.0126503390571598,2.0181483137538e-05,0.00321032755781392,4.97975890899616e-05,0.00368392495727543,0.000315728573470619
0.000564469822255276,0.000197353297488045,4.58956998272697e-06,0.0002191034549065,0.00222362588554713,6.98004350981052e-06,0.120427751653141,0.188963530668616,0.00236807044877683,0.00204493514132982,0.014987132959839,2.52200360298938e-05,0.00281878349509457,0.00030439239823743,0.00326306573034296,3.06249522312729e-05
0.000553851632903241,0.000237635818706394,4.69875571096345e-06,0.000832277254280589,0.00180409326824966,3.83751530173837e-06,0.122633945047471,0.169884898941564,0.00271359412976693,0.000260853837304054,0.0168123523998572,6.61123008334208e-05,0.00240088478027989,0.000531489035259236,0.00281642341647814,0.000223854503561549
0.000531618061792319,0.000269523866695764,4.73948959767156e-06,0.00137961256360297,0.00138556249975034,1.49246490735444e-07,0.122156244128008,0.148997726112032,0.00305570590186648,0.00239979404175545,0.0181352713745772,0.000102727471317621,0.00196657369924536,0.000728660406478676,0.00235322608231547,0.000445991214446773
0.000499141473901097,0.000293117950878941,4.70193868562507e-06,0.0018558558448073,0.000975949842781898,3.97576326495452e-06,0.119195139683377,0.126886160392158,0.00338765009299389,0.00433897858648596,0.0189717822057828,0.000135083234365008,0.00152392613775987,0.000894337197741013,0.00188021232768021,0.000635668913173904
0.000457881125384821,0.000308668760096498,4.57852005442128e-06,0.00225756147791734,0.00058234342265602,8.42038813531065e-06,0.113989215309149,0.104110333621986,0.00370322318159412,0.00605193577495812,0.0193461652115108,0.000163210206571174,0.00108381072726316,0.00102719807994911,0.00140926699276089,0.000790879271445499
0.000409347724614408,0.000316559872990063,4.36413159066174e-06,0.00258301357355084,0.000210935189817608,1.30523688040285e-05,0.10680598077478,0.0811946489303441,0.00399661898520065,0.00752149751459791,0.0192940168943266,0.000187571724490299,0.000658136031351675,0.00112771183705851,0.000955727211552793,0.000909173495511006
0.00035506995321774,0.000317289415380895,4.05631304833953e-06,0.00283210918481713,0.000133016431215688,1.77463382273618e-05,0.0979332355960145,0.0586186999541661,0.00426231256833207,0.00873279011576739,0.0188512871016545,0.000208078448843962,0.000246472932504238,0.00119494941267517,0.000512808562710965,0.000996082137520671
0.000296563450610784,0.000311451107355976,3.6550896264087e-06,0.0030062354134297,0.000445214995438641,2.23727764575715e-05,0.0876769875990853,0.0368185190681341,0.00449568346533742,0.00967658559790036,0.0180577860148253,0.000224579221153098,0.000139755651511586,0.00123053251735816,9.53716231163471e-05,0.00105050615731861
0.00023530231934614,0.000299714854957611,3.16318385851222e-06,0.00310813341889626,0.000722337578215194,2.67941626317381e-05,0.0763511767208823,0.0161777532871813,0.00469282313811419,0.0103522905015351,0.0169605053675692,0.000237170423153577,0.000493026915164507,0.00123602075394214,0.000288391409034472,0.00107389957606363
0.00017269364649318,0.000282807407880892,2.58613290393672e-06,0.00314173446492039,0.000962017689472926,3.0863907618639e-05,0.0642678013455029,0.00297868621616224,0.00485036599540089,0.0107689053847163,0.0156117039806093,0.000246547917236162,0.000805768780400173,0.00121713934691181,0.000625497387077401,0.00106733811571569
0.000110055523156238,0.000261493652169431,1.93229313272258e-06,0.00311197526058549,0.00116279866072441,3.44578660658873e-05,0.0517282140593508,0.0203878781970752,0.00496525676039207,0.0109360403485143,0.0140612924804111,0.000252724405676141,0.00108072334524512,0.00117061447216138,0.000927471614750375,0.0010362357686684
4.85987660803766e-05,0.000236558918936924,1.21233132766019e-06,0.00302461765140827,0.00132408512366893,3.74560557756393e-05,0.0390229252773991,0.0358445013137067,0.00503544549005098,0.0108700156159813,0.0123588242979893,0.000256386883362159,0.00131214349114039,0.0011084953901519,0.00117684207667645,0.000981801088403067
1.05878069381338e-05,0.000208792358754151,4.39190208090245e-07,0.00288606897650423,0.00144607684568491,3.97675404228554e-05,0.0264214824228391,0.0492021192299082,0.00505901702795585,0.0105881335639014,0.0105521845286894,0.000257606581416159,0.00150201806048633,0.00102295127840923,0.00138866257745018,0.000908871850849202
6.65485010295508e-05,0.000178971762625935,3.72767843592747e-07,0.00270320627232712,0.00152970056445458,4.13305316904061e-05,0.0141760111914943,0.0603685799971925,0.00503563627478388,0.010108332239165,0.00868641848797401,0.00025610514549379,0.00164854650902502,0.000921706179740855,0.00155573305342394,0.000820172733471791
0.000118468468917859,0.000147849651559562,1.20812576898111e-06,0.00248320937490798,0.00157654389148265,4.21069245005873e-05,0.00251536329925101,0.069304648575827,0.00496627961726141,0.0094525699955135,0.00680608146668458,0.000251490567770574,0.00174924613290905,0.000803833991359637,0.00168020005976077,0.000719349952148618
0.000165678097135413,0.000116140825599964,2.0509397080648e-06,0.00223339456144478,0.00158877793173856,4.20757592214799e-05,0.00835867973089639,0.0760219130498961,0.00485346170018601,0.00864796676641015,0.00495186402473735,0.000244117807710553,0.00180784767909736,0.00068282552445964,0.00175580577349876,0.000610246232937595
0.00020765414816229,8.45115845741207e-05,2.88503134526774e-06,0.00196105836864724,0.00156906447968679,4.12405929065551e-05,0.0182780397384723,0.0805770650871242,0.00470004597161952,0.00772396932604975,0.00316024228522501,0.000234497893508601,0.00182504410658058,0.000557605207398004,0.00178786375073681,0.000496196434999541
0.000244017918808126,5.35709232768466e-05,3.69458404325673e-06,0.00167333525755298,0.00152045616599411,3.96303886647381e-05,0.0271082642561834,0.0830666913659219,0.00450945686616383,0.00670949987159807,0.00146145841716992,0.000223410170129057,0.00180838240249459,0.000436257752482017,0.001778698762817,0.000380051160483119
0.000274530737718326,2.38636817754267e-05,4.46461399250531e-06,0.00137707519602581,0.00144629988181738,3.73032574039478e-05,0.034748338006922,0.0836201926654397,0.00428524436091897,0.00563209547588423,0.00011687535537112,0.000210971736086363,0.00175434871475533,0.000312240436815214,0.00173424389907861,0.000264358131634612
0.00029908715173127,4.13442615887494e-06,5.18156251549939e-06,0.00107873175678597,0.00135014738534642,3.43391546217681e-05,0.0411287332388774,0.0823977896059502,0.00403212825438063,0.00451803996151644,0.00155149929697322,0.000197181700513416,0.00167067059384551,0.00019289620565921,0.00165762527954039,0.000151786444340996
0.000317705983437611,3.00200766082392e-05,5.83359151717922e-06,0.000784265249048288,0.00123567218590157,3.08296994143836e-05,0.0462106477044493,0.0795818449773952,0.00375511590800054,0.00339237905423783,0.00282790681224034,0.000182844035985175,0.00156629121187757,8.46981752281595e-05,0.00155349683329331,4.44175875838893e-05
0.000330519747502145,5.34639619033106e-05,6.41084534358516e-06,0.000499074917703624,0.00110658943688939,2.68840184536184e-05,0.0499844500992097,0.0753694564865588,0.00345900852364534,0.00227928130249448,0.00393251307793036,0.000167913006181686,0.00143386993374872,1.98712351001662e-05,0.00142508763744853,5.50331559621142e-05
0.000337762818635456,7.42108654013807e-05,6.90577504658396e-06,0.000227937021166413,0.000966581167182581,2.2619300260221e-05,0.0524687394521017,0.0699725175174895,0.00314956041761126,0.00120085296378279,0.00485608327983686,0.000152354484165562,0.00128538420414492,0.000113148070792879,0.00127781445566255,0.000145509685282486
0.000339758443832883,9.20783089649602e-05,7.31318241653511e-06,2.50427474076664e-05,0.000819228580907272,1.81542569682863e-05,0.0537071602786281,0.0636087072382998,0.00283250397057046,0.000176517189229677,0.0055961143422519,0.000136480762069235,0.00112431968570981,0.000194463967381542,0.00111628629350258,0.000225370058297591
0.000336905076211924,0.000106953925456343,7.630245211665e-06,0.000256451885907727,0.000667952287122284,1.36065842388511e-05,0.0537655791123493,0.0564959317086848,0.00251336862772555,0.000777080391618775,0.0061544379683045,0.000120643292089662,0.000956355146539911,0.000262217547612797,0.000945179678248698,0.000294107521478959
0.000329662424832122,0.000118791720222666,7.85645710366101e-06,0.00046357700248012,0.000515961120191311,9.0902375613211e-06,0.0527288219862896,0.0488474905621094,0.00219727520671509,0.00164572049465487,0.0065358883773213,0.00010504989500304,0.000783200527025407,0.000317321834517603,0.000768181094726206,0.000350777318875006
0.000318537519959028,0.00012760739107831,7.9935248742391e-06,0.00064439753748724,0.000366208910878962,4.71148986391778e-06,0.0506979986300604,0.0408691112423111,0.00188906082964884,0.00241788340496203,0.00674820477728526,8.98598761471248e-05,0.000609635055712987,0.000359150547774023,0.000589442774127757,0.000395431797199697
0.000304071011495766,0.000133472863731221,8.04517072361399e-06,0.000797567957060763,0.000221359592069481,5.65222772516694e-07,0.0477869319655787,0.0327550471511177,0.00159307099141933,0.00308522537189896,0.00680237206352043,7.53267661128265e-05,0.000439830470293168,0.000387603444552576,0.000412765661303105,0.000428375868063657
0.00028682395805818,0.000136510223198383,8.01689148266505e-06,0.00092238687260493,8.37616114367778e-05,3.26591750141048e-06,0.0441186919264087,0.0246848942093959,0.00131302914981004,0.00364197817475834,0.00671140284801482,6.16166681320363e-05,0.000275844880413656,0.000403638756873104,0.000241231937677999,0.000449589508655035
0.000267365331725333,0.000136885214912619,7.91570017621979e-06,0.00101875704698795,4.45697786119748e-05,6.71355167940202e-06,0.0398226793933023,0.0168215822295167,0.00105208378770503,0.00408504195446114,0.00649006050044976,4.88923169441602e-05,0.000121152676360925,0.000407638118019249,7.78087504287317e-05,0.000459963874791303
0.000246260400495413,0.000134800468292284,7.74981493989468e-06,0.00108713739512245,0.000161962327573761,9.72603223317603e-06,0.035031161280571,0.00930923869914725,0.000812625316062022,0.0044144431505334,0.00615489245882058,3.75179465167963e-05,2.02994286094826e-05,0.000399841944301427,7.50749948961182e-05,0.000461226154068517
0.000224060155371575,0.000130488611820079,7.52835674344698e-06,0.00112848698684964,0.000267088116089914,1.22622407318224e-05,0.0298763693437933,0.00227192170377047,0.000596260729395265,0.00463097605717548,0.00572221504419391,2.72961429176322e-05,0.000152671363154222,0.000383680646485973,0.000215475254504383,0.000450846989421883
0.000201291878495491,0.000124205400462318,7.26115720306453e-06,0.00114420832866058,0.00035896208768596,1.42946463512761e-05,0.0244899213950726,0.00418576369111995,0.000404577789888294,0.00473722408931273,0.00520875152145739,1.78838080611143e-05,0.000271381551517846,0.000359217241712395,0.000341193584491251,0.0004312187496196
0.000178450856025081,0.000116222906693442,6.95839416242627e-06,0.00113608786573793,0.000436935497906826,1.58174859905269e-05,0.0189988132299666,0.00998014856249426,0.000238635970940606,0.00474010913752984,0.00463272426863115,9.76294170229597e-06,0.000369813344021974,0.000325676948281006,0.000451562557634899,0.000407364592446502
0.000155993364409301,0.000106822958962582,6.63023515545813e-06,0.00110622856316223,0.000500677861976606,1.68319235406e-05,0.013521620724476,0.0150492498283236,9.84490661598562e-05,0.00464690335727079,0.00401173974238314,2.72991236649478e-06,0.000455262373524445,0.000287570680534088,0.000544061281758657,0.000374238418430206
0.00013433101769833,9.62909819640645e-05,6.2867581045456e-06,0.0010569829036754,0.000550156884753211,1.73508422698226e-05,0.00816907768033802,0.0193513769746352,1.59102485759299e-05,0.00446596425271792,0.00336254894524893,3.42734257924304e-06,0.000522677896511836,0.000244337571435826,0.000619560082815385,0.000337053773774465
0.000113826425899188,8.49102457053386e-05,5.93761363720802e-06,0.00099088790665014,0.000585615867105871,1.74021039753697e-05,0.00304106381150598,0.0228644776197466,0.000104980689384811,0.00420786472001835,0.00270120158229813,8.45967388263258e-06,0.00057176113648516,0.000197218746833872,0.00067824003313488,0.000297528668746661
9.47901527175166e-05,7.29566370727408e-05,5.59183122605944e-06,0.000910600659932093,0.000607544826563222,1.70178198291571e-05,0.00177479782658822,0.0255849222750344,0.000169880204342215,0.0038833725446437,0.00204269834727219,1.25609119049908e-05,0.000605444118924714,0.000148751962512961,0.000718779555065496,0.000254087655265911
7.74789361122075e-05,6.06940230752917e-05,5.25775406823303e-06,0.000818836645545162,0.000616650796640222,1.62365128058145e-05,0.00620329681524594,0.0275261675267119,0.000211753013286905,0.00350370193205204,0.0014007001372476,1.59801329243647e-05,0.000623103448536222,9.96011308521672e-05,0.000742578502101132,0.000209380661178482
6.20951057862529e-05,4.83702143213582e-05,4.94285279728501e-06,0.00071831199688599,0.000613826993429378,1.51071247962709e-05,0.0101826456560006,0.0287167879074663,0.000232048883956339,0.00308081364358976,0.000786931216330472,1.85187809649823e-05,0.000624411053750551,5.01216374567681e-05,0.000752029763036677,0.000166420026544767
4.87871008457708e-05,3.62135711677869e-05,4.65358661716486e-06,0.000611691445462692,0.00060011964477133,1.36785355577956e-05,0.0136649865749069,0.0291983033703253,0.00023269797074151,0.00262651096422184,0.000211825913375555,2.03313477443179e-05,0.000612610756400289,2.79009772052863e-06,0.000745683215480297,0.000123159698179443
3.76509808662773e-05,2.44302756280401e-05,4.39543154007183e-06,0.000501540589744054,0.000576694932249461,1.2003454862422e-05,0.0166160254557483,0.0290236601134237,0.000215612138368214,0.00215225968469307,0.000316064972746818,2.1453481409861e-05,0.000587603954865124,4.26785373320859e-05,0.000727176434100363,8.29490742589867e-05
2.87328367847284e-05,1.32022545488164e-05,4.1727651908241e-06,0.000390284469929281,0.000544806895296013,1.01365953314031e-05,0.0190147766018199,0.0282546191823826,0.000183013898577097,0.00166911166078081,0.000790072739381451,2.1850010339497e-05,0.000551493582721774,8.49765649850731e-05,0.000697043229747174,4.55955814931963e-05
2.20319582043826e-05,2.6857372228406e-06,3.98888795449803e-06,0.000280172828828529,0.000505766161029736,8.13151500986264e-06,0.0208529607435048,0.026959867148741,0.000137242456744066,0.00118743361908825,0.00120511349025024,2.15737288496998e-05,0.000505830776175609,0.000123520593694137,0.000656971794907757,1.1827936896136e-05
1.75046393530165e-05,6.9895775325346e-06,3.84602306968684e-06,0.000173251202658209,0.000460910384061264,6.04290697692189e-06,0.0221341589576312,0.0252129199241342,8.07616149480105e-05,0.000716681122593335,0.0015580178285951,2.05064695500412e-05,0.000451862625244659,0.000158359863936308,0.000609641692863816,1.70164886057478e-05
1.50684927252565e-05,1.57207849980079e-05,3.74532540958761e-06,7.13391646323114e-05,0.000411576995046958,3.92075063464226e-06,0.0228727840792763,0.0230900336862294,1.62144766207652e-05,0.000265496957523491,0.00184688883003032,1.87306927164066e-05,0.000391969883888121,0.000188098156714611,0.000554766102468296,4.21074868253157e-05
1.46071414292015e-05,2.34315149640896e-05,3.68696551678038e-06,2.39863037436727e-05,0.000359077960077864,1.81769070931037e-06,0.0230930441761181,0.0206686745220739,5.37615779468181e-05,0.000158836369869703,0.00207178554092512,1.59337340192023e-05,0.000326322596973849,0.000214774253048056,0.000497982207903758,6.02324140051014e-05
1.59751761504845e-05,3.00711984131397e-05,3.67014238555896e-06,0.000111399789060829,0.000304678220637206,2.3258266994286e-07,0.0228276056020245,0.0180255120655976,0.000126359340711116,0.000549106308629375,0.00223268192761622,1.28870940944159e-05,0.000260149405377219,0.000232174477879155,0.000430458717336712,7.86897339654091e-05
1.90032670549511e-05,3.56139186525883e-05,3.69350397666501e-06,0.000189836503467822,0.000249574326117885,2.19426822194169e-06,0.0221176179742122,0.0152368439620382,0.000199961778258638,0.00089961136841772,0.00233132884715972,9.91186695342705e-06,0.000191687234921689,0.000246050290805155,0.000363895133221881,9.03210423719436e-05
2.35034254425504e-05,4.00568531245815e-05,3.75487527681795e-06,0.000258494303872037,0.000194876893361867,4.03059351436474e-06,0.0210099770362275,0.0123749850996789,0.000272790045565921,0.00120631516013715,0.00237149330378956,6.95294593205942e-06,0.000123910358011958,0.000254107856070718,0.000296144513227126,9.77671418479487e-05
2.92741888691106e-05,4.34184177369179e-05,3.85141650038889e-06,0.000316826653876889,0.000141596919252251,5.70530800816926e-06,0.0195561220910086,0.00950724664277746,0.000343179354539488,0.0014666581115177,0.00235800910506762,3.65578258820776e-06,5.62612729252399e-05,0.000259680998385914,0.00023305710110133,9.82420849040544e-05
3.61056231987789e-05,4.57361652554944e-05,3.97960124698393e-06,0.00036453025344485,9.06359379419241e-05,7.1948646923059e-06,0.017810192746106,0.00669455481886339,0.000409133230625462,0.00167868666750257,0.00229593125361853,1.62966946493093e-07,7.56678200963812e-06,0.000258638962110647,0.00016923819152026,9.63448804427447e-05
4.3784042170536e-05,4.70645172132578e-05,4.1356181785801e-06,0.000401531151547618,4.27777927068107e-05,8.48886591940656e-06,0.0158289533890677,0.0039918734079306,0.000469425933696927,0.00184093057746208,0.00219035599045393,2.88661694380909e-06,6.67980420779868e-05,0.000251950372334608,0.000106819256193602,9.17702600227166e-05
5.20964593884177e-05,4.74723321780557e-05,4.31543229828524e-06,0.000427970495316066,1.31851304913111e-06,9.57347285217292e-06,0.013670305692087,0.00144736938510275,0.000523440737560486,0.00195369135630218,0.00204741483640461,5.42731457708889e-06,0.000121702315491357,0.000242290780837928,4.99468470482878e-05,8.29968944210391e-05
6.08346994124265e-05,4.7040377622376e-05,4.51478097962532e-06,0.000444184445339668,4.11210780064675e-05,1.04454876299481e-05,0.0113914606979343,0.000898537320971429,0.000570790145697632,0.00201809595984493,0.00187352489746733,7.04106414461947e-06,0.000169411505331118,0.000227129455192432,4.24998511139307e-06,7.30158560992011e-05
6.97990760152312e-05,4.58587840218572e-05,4.72938781248544e-06,0.000450682112430378,7.62255541417733e-05,1.10987970979443e-05,0.00904811312132088,0.00301323021327946,0.000611725323381894,0.00203662505566801,0.0016753813602588,7.84194616709755e-06,0.000212290454817854,0.00021134939941736,4.99398354830705e-05,5.88933924196011e-05
7.88016106820777e-05,4.40245168309428e-05,4.9548078591144e-06,0.000448120615608838,0.000106351726086529,1.15283416953216e-05,0.00669256381519156,0.00487229565162147,0.000646202217539157,0.00201277324564248,0.00145968034503477,8.18900206417394e-06,0.000249154695995069,0.000194178995256977,8.84328485726282e-05,4.22674003837109e-05
8.76687253358321e-05,4.16389574109388e-05,5.18655134940094e-06,0.000437278583639067,0.000131337120797381,1.17316220778346e-05,0.00437307033564992,0.00645913890214949,0.000673971617283133,0.00195054511083896,0.00123269713228231,8.59838518529887e-06,0.000281184492856967,0.000177636323868691,0.000118135499780347,2.25160015662196e-05
9.62434122135924e-05,3.8805625010907e-05,5.42015392790418e-06,0.000419030073242621,0.000151128898163488,1.17185583221185e-05,0.00213329372684049,0.00776447705843302,0.000694480711829524,0.00185397695851683,0.00100025143208409,9.06826156837903e-06,0.000305837660294572,0.000158936059357462,0.000142569134705006,2.67097936279548e-06
0.000104386894040909,3.56280663464936e-05,5.65140970820721e-06,0.00039432025374575,0.000165775933351819,1.14982060651914e-05,1.22638861052731e-05,0.00878573050002896,0.00070740950277294,0.00172749931554824,0.000767637002316371,9.92555003015427e-06,0.000326042414857897,0.00014194638749665,0.000158413077522734,1.93707133181453e-05
0.000111979810689777,3.22079112783369e-05,5.87635420246091e-06,0.000364141615959546,0.000175419149951395,1.10952056388558e-05,0.00195620813947337,0.00952647478214189,0.000712323264953188,0.00157555772795706,0.000539855168342613,1.06842435890764e-05,0.000336778534772875,0.000121288108870354,0.000171494912985626,3.85891196434951e-05
0.000118922936881982,2.86431285191346e-05,6.09161146980508e-06,0.000329511706204544,0.000180282453140668,1.05331446226403e-05,0.00374343127001622,0.00999601401608563,0.000709740449189785,0.00140287005179056,0.000321346701914346,1.11206846324374e-05,0.000342351753706449,0.000102049041426411,0.000177581983041519,5.8061612170146e-05
0.00012513747191667,2.50264610809348e-05,6.29417570052748e-06,0.000291451909136486,0.000180662481170102,9.83014385928793e-06,0.00532645612030106,0.0102085534143084,0.000700114334904826,0.00121448903972245,0.000115869232484564,1.14926865845688e-05,0.000342819703743835,8.43218467198037e-05,0.000177347506636671,7.70979848347952e-05
0.00013056491306862,2.14440927889248e-05,6.48145179005244e-06,0.000250967479325848,0.000176916510413516,9.00955052876573e-06,0.00668817365395533,0.0101824813409897,0.000683838208295003,0.00101536698413842,7.33547877613296e-05,1.18228863514314e-05,0.0003378179049498,6.75871800606132e-05,0.000172029755948877,9.46803347707803e-05
0.000135166550297772,1.79745539818921e-05,6.65133740085366e-06,0.000209029615708567,0.000169450684478656,8.09597485328106e-06,0.00781718385781023,0.00993968640014376,0.000661434782326664,0.000810285191336425,0.000243720164359477,1.21249540792623e-05,0.000328289801187931,5.25357890256428e-05,0.000161806372852791,0.000110851522684419
0.000138922622565207,1.46878606107625e-05,6.80222254489937e-06,0.000166559537986943,0.000158708353720449,7.1146647377951e-06,0.00870760141700372,0.00950477689441216,0.000633477409536459,0.000603800064071343,0.000393245510493363,1.23976209862042e-05,0.00031450225875318,3.91133842996272e-05,0.000147519931676166,0.000125114658834358
0.000141831177945861,1.16448844456052e-05,6.93298347542726e-06,0.000124414897949565,0.000145158754349006,6.08723147867141e-06,0.00935875964531352,0.00890430874788238,0.000600534641426471,0.000400120125026902,0.00052066781219761,1.28815568918306e-05,0.000298444604072579,2.87409941330807e-05,0.000128721202259596,0.00013839090743939
0.000143906686831063,8.89694619676806e-06,7.04292578490584e-06,8.33785766169992e-05,0.000129285912256971,5.03800367433749e-06,0.00977480704768219,0.00816597679149557,0.000562956189500145,0.000203128365338547,0.000625213713233416,1.35878502803277e-05,0.000278826348138028,1.98187207812728e-05,0.000107516862786983,0.000149026741032676
0.000145178452409467,6.48562517857609e-06,7.13188757683891e-06,4.4149616161393e-05,0.000111578311500382,3.99455590599507e-06,0.00996437303175752,0.00731812338155368,0.000521330243556278,1.63774026326552e-05,0.000706523203049942,1.42324242708436e-05,0.000255874412206869,1.20923281400342e-05,8.48432966534807e-05,0.000156599487151299
0.000145688859159887,4.44276550870537e-06,7.20022060574088e-06,7.33613081627116e-06,9.25194934436324e-05,2.9787786130081e-06,0.00994010759923362,0.00638909672149488,0.000476501622173137,0.000157101072635458,0.00076489020277282,1.48057314953154e-05,0.000231840419219642,6.96834152835724e-06,6.01865127343171e-05,0.000162359374920595
0.000145491504140671,2.79066339647915e-06,7.24865831203125e-06,2.65492812761003e-05,7.25793070566194e-05,2.00837407378363e-06,0.00971803190412128,0.0054064772993753,0.000429180932612766,0.000314813015992899,0.000801161046772768,1.54422209310834e-05,0.000207200723834844,4.28509827921086e-06,3.42881995771815e-05,0.000166219011461965
0.000144649261724972,1.54242139183136e-06,7.27830335178759e-06,5.70916769605523e-05,5.22060206876729e-05,1.10466835673284e-06,0.009316941577754,0.00439648508604639,0.000380012192772171,0.000454888093346279,0.000816824043566814,1.60236909606537e-05,0.000182600896693197,3.37992322985148e-06,9.62732098930275e-06,0.000167206945490106
0.000143232337435406,7.02448794243082e-07,7.29070433880263e-06,8.39719615486345e-05,3.18197895750605e-05,2.86262334822651e-07,0.00875724575634899,0.00338265422006962,0.000329593487257541,0.000576685520805084,0.000814681953477777,1.68691651746822e-05,0.000161059412729259,6.18664358231769e-06,1.51631454005097e-05,0.000167610716101496
0.000141316417054171,2.67076931015353e-07,7.2877338785915e-06,0.000106960044828464,1.18073899780247e-05,4.28574017025118e-07,0.00806015781389239,0.00238528339516016,0.000278087981679145,0.000679536932462293,0.000797104013658564,1.79278178860653e-05,0.000138925245601995,9.70113639531256e-06,3.81801048443542e-05,0.000165033966390005
0.00013898095287368,2.25271886922229e-07,7.27154348700854e-06,0.000125908424158494,7.48197656186278e-06,1.03799920893322e-06,0.0072478710944887,0.00142220901466486,0.000225587079555308,0.000762920949931155,0.00076589768344092,1.98250209563766e-05,0.000121070720100147,1.78269969441924e-05,6.38056973897294e-05,0.000164399948736516
0.000136307553598503,5.59422284163169e-07,7.24428095622009e-06,0.000140748671627833,2.57404501026737e-05,1.53132061019023e-06,0.00634327078524367,0.000509248983491729,0.000171476536288616,0.000826105966079799,0.000722404235208772,2.22204273847004e-05,9.96375737843946e-05,2.37830317776355e-05,8.56978548227083e-05,0.000158843072580961
0.000133378425659858,1.24619779917623e-06,7.20842786139375e-06,0.000151488974247549,4.27043287405948e-05,1.89551164092583e-06,0.00537029272058134,0.000339406613586021,0.000116106455201408,0.000868553713517433,0.000667930812242153,2.43861389808142e-05,7.78979192455065e-05,2.96819625464906e-05,0.000105606116861945,0.000151064528635891
0.000130274866966706,2.25745344728523e-06,7.1665883218941e-06,0.000158211428877841,5.81561095864824e-05,2.13006677665661e-06,0.00435314562106058,0.00111149489845126,6.02028493992702e-05,0.000890534985012178,0.00060415353747232,2.62358791114359e-05,5.78545944588393e-05,3.65094381163944e-05,0.000124138758633707,0.000142585568673526
0.000127075832234258,3.56116296962306e-06,7.12128756097385e-06,0.000161067238763191,7.1925126107486e-05,2.24353400563038e-06,0.00331544416796013,0.00179702510613903,4.28761055299602e-06,0.000892989978891889,0.000532991473577035,2.81366137169781e-05,4.13052519863122e-05,4.52335615559463e-05,0.000142070164751429,0.000134918605251388
0.000123856616100593,5.12234987715132e-06,7.07486481676955e-06,0.000160270009923469,8.38868414464455e-05,2.24280395240417e-06,0.0022795898699716,0.0023884491374222,5.15760384495674e-05,0.000877158701451548,0.00045642670717139,3.01993198142947e-05,2.65493844266995e-05,5.403953197336e-05,0.000157501688220818,0.000126438136456741
0.00012068768272,6.90399520797413e-06,7.02953620279612e-06,0.000156087761136625,9.39611997477496e-05,2.13586576379432e-06,0.00126651349350379,0.00288067672694394,0.000107391161373134,0.000844546612220756,0.000376430237135187,3.24997434397734e-05,1.46185041034474e-05,6.3464328833196e-05,0.000171001602121579,0.000118157428165677
0.000117633663150984,8.8679052028251e-06,6.98729629033945e-06,0.000148834304253942,0.00010211033282026,1.93731023737098e-06,0.000295278349731582,0.00327102747525076,0.000163493663823832,0.000796985571057115,0.00029491319180493,3.54645140232535e-05,6.73493783176493e-06,7.43058391241558e-05,0.000183517047223303,0.000111374046891544
0.000114752527044626,1.09755273878243e-05,6.94985636706669e-06,0.000138860551602948,0.000108335759516076,1.65712397830198e-06,0.000617210433924939,0.00355911751420389,0.000220682413634226,0.000736391628025881,0.000213697897653003,3.91094577006923e-05,3.82254509045943e-07,8.41770263690922e-05,0.00019266686553554,0.000103786333476852
0.000112094928818474,1.3188707523315e-05,6.91881818182249e-06,0.000126545617114115,0.000112675255685146,1.29673676133035e-06,0.00145622778189617,0.00374677201071145,0.000279437869618275,0.000664706591407116,0.000134531482604235,4.2791523541863e-05,6.02208554589811e-06,9.14497001222037e-05,0.000196850385356662,9.3977071136675e-05
0.000109703737360078,1.54703803855183e-05,6.89567626033227e-06,0.00011228724941259,0.00011519924586012,8.72973776780417e-07,0.0022093858296377,0.00383786406392855,0.00033983144024113,0.000584124892228202,5.8912250528325e-05,4.68582579395971e-05,7.13575512800713e-06,0.000100817073834247,0.000201421177271954,8.75198377208175e-05
0.000107613750206292,1.77851850019506e-05,6.88155846828575e-06,9.6493735146419e-05,0.000116007205740787,3.93067280737847e-07,0.00286692311928003,0.00383798433871602,0.000402464348298674,0.000496879118253233,1.17516321953837e-05,5.0942872181603e-05,9.39380806530554e-06,0.000106302851816453,0.000200065411238848,7.81691586388966e-05
0.000105851566085224,2.01000054568246e-05,6.8775486433692e-06,7.9574938599114e-05,0.000115223324078817,1.34863399350871e-07,0.00342162257401923,0.00375439558083647,0.000467168784265467,0.000405176580564331,7.62661818436844e-05,5.47309958254805e-05,8.96291131391447e-06,0.000111484425839858,0.000197034322783951,7.01059530048287e-05
0.000104435641792744,2.23844205873291e-05,6.88446257957054e-06,6.19340493913101e-05,0.000112992230074105,6.97309364472432e-07,0.00386886766215111,0.00359561982097672,0.000533851025566269,0.000311218799454378,0.000133716279533458,5.82500882248538e-05,6.88627898903782e-06,0.000115449187477412,0.000191630230436113,6.25766431939789e-05
0.00010337649809844,2.46110693483681e-05,6.90282857962465e-06,4.39602271352091e-05,0.000109474503254547,1.27574855728063e-06,0.00420656830389333,0.00337113289359705,0.000602550250426311,0.000217070944819389,0.000183479892144504,6.18716080043602e-05,1.47475171308198e-06,0.000120022206863801,0.000186209625156142,5.76361207361709e-05
0.000102677066358137,2.67559245540339e-05,6.93276654750719e-06,2.60223725263575e-05,0.00010484225456342,1.85059868892945e-06,0.00443498762980727,0.00309097939563639,0.00067390849144037,0.000124620294090252,0.000225179051249212,6.60596476238506e-05,6.35588360187178e-06,0.000124552252059762,0.000180324837640411,5.46331629066588e-05
0.000102333144014644,2.87984825676491e-05,6.97411930539182e-06,8.46425022926756e-06,9.92751106469458e-05,2.41792193123036e-06,0.00455657460376982,0.00276559717448347,0.000748719941203738,3.56761906945654e-05,0.000258467627256355,7.0321159795772e-05,1.26324225860897e-05,0.000125282135403082,0.000170009833494911,4.97339874440117e-05
0.000102333950239952,3.07218728254899e-05,7.02670665519989e-06,8.40113060041059e-06,9.29559978224415e-05,2.97142711291887e-06,0.00457585298427448,0.00240575063849953,0.000827060170840648,4.8160291069838e-05,0.000283239460068217,7.43751390408498e-05,2.00926751567909e-05,0.00012523255161756,0.000158958127260966,4.6068611875838e-05
0.000102662790167241,3.25128840567013e-05,7.09009731847399e-06,2.42958615097044e-05,8.6067357467301e-05,3.4940045625792e-06,0.00449909280082686,0.00202207864837348,0.000909163363930738,0.000125614747994023,0.000299732976754303,7.86619998595084e-05,2.97107395981211e-05,0.000125716080257021,0.000148901221771691,4.49047865793695e-05
0.000103297778274891,3.41619233880097e-05,7.16358788988014e-06,3.897892557575e-05,7.87881554626946e-05,3.98230155862489e-06,0.00433403794491767,0.00162482244374976,0.000995554587610598,0.000195487752377085,0.000308230111899769,8.28490129399784e-05,3.73552335218852e-05,0.000122744235794836,0.000135568805119002,4.22129649757519e-05
0.000104212597390907,3.56629152503674e-05,7.24648649064186e-06,5.22487684437856e-05,7.12905278589249e-05,4.43262190207017e-06,0.00408981700584769,0.00122381278935101,0.00108614681803659,0.000256820432962668,0.000309171836584077,8.67082482388648e-05,4.54088137534781e-05,0.00011912290187599,0.000122302531018081,4.06466903498659e-05
0.000105377308458054,3.70131339484381e-05,7.33794341101213e-06,6.39447416946326e-05,6.37369619976846e-05,4.83613099708236e-06,0.00377654260941477,0.00082815290758903,0.00118090304215244,0.000308982526941344,0.000303208592459634,9.03841137350758e-05,5.36123889873785e-05,0.000114917319949503,0.000109338324380537,4.01138332558615e-05
0.000106759167840753,3.8212988467845e-05,7.43692603599744e-06,7.39469922403924e-05,5.62780797166429e-05,5.18215110209552e-06,0.00340499156029687,0.000446036815185683,0.00127998966311863,0.000351619607632805,0.000291109076330438,9.41923951399692e-05,6.24878092041481e-05,0.000110987828416564,9.77280455937146e-05,4.12458425719242e-05
0.000108323434157231,3.92657669059382e-05,7.54221419041468e-06,8.21752884544447e-05,4.90509509266657e-05,5.46552952050694e-06,0.00298631850669705,8.46342972458251e-05,0.0013838665830609,0.000384533465597019,0.000273678480017159,9.82093758206126e-05,7.04800904647307e-05,0.000105970730714611,8.6034738261076e-05,4.25595813021706e-05
0.000110034145436533,4.01773510984027e-05,7.65255578949464e-06,8.85875898996025e-05,4.21776360288173e-05,5.68685079779807e-06,0.00253191104130284,0.000249915373402091,0.00149287447218349,0.00040766181606184,0.000251741287657153,0.000102274417318249,7.71955245219003e-05,9.97258172504845e-05,7.41614530898049e-05,4.37279700944426e-05
0.000111854867315131,4.09559035629004e-05,7.76674326652405e-06,9.31783511831652e-05,3.57639805877996e-05,5.85038580831754e-06,0.00205318852452618,0.000552541723781718,0.00160708709953381,0.000421115802916956,0.000226157578443589,0.00010611238630065,8.21048654627843e-05,9.19763794489104e-05,6.18542527329735e-05,4.42862475967809e-05
0.000113749403109598,4.16115333899958e-05,7.8836283585737e-06,9.59765578033012e-05,2.98986478517449e-05,5.95455190471883e-06,0.00156135433608396,0.000819287935551431,0.00172634409571805,0.000425291401802655,0.000197828958385946,0.000109800975091723,8.67229332828234e-05,8.45768311457107e-05,5.11256682759198e-05,4.5705568894272e-05
0.000115682455184229,4.21559488054113e-05,8.00201470529949e-06,9.70424258699976e-05,2.46529448491573e-05,6.00044029218372e-06,0.00106707996085416,0.00104735431890202,0.00185062147673311,0.000420742897558399,0.000167651727194192,0.0001133463128421,8.97611008170429e-05,7.63813460656904e-05,4.07156411451615e-05,4.67262280976488e-05
0.000117620213425429,4.26021110864205e-05,8.1207654633042e-06,9.64640013725315e-05,2.00808525989693e-05,5.98984542747594e-06,0.000580378055905597,0.001235054434314,0.00197979487263686,0.000408154367159058,0.000136484518293218,0.000116765040123035,9.18664553631876e-05,6.82315998328242e-05,3.14667367252719e-05,4.79010245986178e-05
0.000119530876619756,4.29638904074769e-05,8.2387799209549e-06,9.43534157524795e-05,1.62193998065052e-05,5.926855401725e-06,0.000110424547209885,0.00138176840548146,0.00211375365048091,0.000388315810279684,0.000105140822207396,0.000120019738132693,9.23726160391158e-05,5.95825615026246e-05,2.27286547089811e-05,4.85398642829926e-05
0.000121385095188664,4.32557328525762e-05,8.35505086005384e-06,9.08431247880204e-05,1.30892384236914e-05,5.81440977641401e-06,0.000334548148460387,0.00148786986455161,0.0022523021927177,0.000362119918563248,7.43652727626075e-05,0.000123145683817438,9.19117019070326e-05,5.11871327222302e-05,1.52022625713455e-05,4.91255487060638e-05
0.000123156338829977,4.34923410453925e-05,8.46861881853567e-06,8.60818699076615e-05,1.06955714659351e-05,5.65614722015939e-06,0.000747379240303167,0.00155463567338717,0.00239529576891889,0.000330528780552199,4.48272042727679e-05,0.000126173970220411,9.01247560887164e-05,4.27563893515837e-05,8.48022762467426e-06,4.92301094675573e-05
0.000124821180631507,4.36883768262231e-05,8.57862999159575e-06,8.02305954386018e-05,9.0293115442841e-06,5.45874016046055e-06,0.00112203434686956,0.00158414798841505,0.00254254248001244,0.000294530674981264,1.71200545351531e-05,0.000129049389059666,8.68686956255749e-05,3.41978746530858e-05,2.35370635837118e-06,4.86215015980118e-05
0.000126359502896189,4.38581872339583e-05,8.68436210066381e-06,7.34586701586215e-05,8.06827215532602e-06,5.22757518421624e-06,0.00145364601040508,0.0015791860342355,0.00269377423813835,0.000255143420978296,8.26025807129822e-06,0.000131767481417189,8.24956152186695e-05,2.58737631450012e-05,2.92450399708155e-06,4.74844306990185e-05
0.000127754627700094,4.40155562978495e-05,8.7851903287639e-06,6.59400532763699e-05,7.77860094147709e-06,4.96791302129207e-06,0.00173854508655407,0.00154310000208303,0.00284871931899399,0.000213388293414008,3.0915367139785e-05,0.000134333309121604,7.6951298665362e-05,1.77232546474393e-05,7.54249664602913e-06,4.56555720425023e-05
0.000128993371699693,4.41734872272392e-05,8.88060046699835e-06,5.7849675888233e-05,8.11632538438856e-06,4.68510499121444e-06,0.00197425316708694,0.0014796899235208,0.00300708440388794,0.000170262488053649,5.05439948458065e-05,0.000136743227241665,7.03446221698156e-05,9.80953177232013e-06,1.15606319662787e-05,4.31061298601376e-05
0.000130066031487353,4.43440159608732e-05,8.97019099155294e-06,4.93600430316876e-05,9.02896858806512e-06,4.38565868486618e-06,0.00215945188944186,0.00139308279352601,0.003168551291759,0.000126723554762546,6.6934233471358e-05,0.00013897001074481,6.26362029724215e-05,2.04997035435639e-06,1.5187059534405e-05,3.97038633346281e-05
0.000130966303758751,4.45380572760001e-05,9.05369557580027e-06,4.06381935308398e-05,1.04571525640362e-05,4.07590891306209e-06,0.00229393325235381,0.00128761839747073,0.00333275344133857,8.3673157145608e-05,7.99675998486155e-05,0.000140985051232279,5.39869034739127e-05,5.48653508825048e-06,1.84716570656995e-05,3.54699969757899e-05
0.000131691148289814,4.47652827770817e-05,9.13096490484655e-06,3.18429600600356e-05,1.23362101142055e-05,3.76141408135744e-06,0.00237853009199843,0.0011677272721101,0.00349929126229068,4.19425049989748e-05,8.96187285489257e-05,0.000142766004395445,4.45017172626683e-05,1.27960883380407e-05,2.15241699601521e-05,3.03925508748915e-05
0.000132240599404199,4.50340311514141e-05,9.20194659836948e-06,2.31226158745046e-05,1.45977750967696e-05,3.44580534697436e-06,0.00241502709054834,0.00103781468649309,0.00366773286831648,2.2721174439368e-06,9.59539914442767e-05,0.000144279822753002,3.42709643821326e-05,1.99360007520077e-05,2.45027910316109e-05,2.44233508610581e-05
0.000132617533426638,4.5351250122283e-05,9.2666706571487e-06,1.46127308606192e-05,1.71713889759451e-05,3.1353495174441e-06,0.00240605900859435,0.000902156670691906,0.00383761029611079,3.46737402014519e-05,9.90968695882503e-05,0.000145501873904164,2.34003381632819e-05,2.68433662388157e-05,2.7443279088657e-05,1.76613117027768e-05
0.000132827397237412,4.5722469456555e-05,9.3253078673472e-06,6.43459167265492e-06,1.99859305257122e-05,2.83623636890273e-06,0.00235502167914158,0.000764832050279296,0.00400843732003058,6.83258939980268e-05,9.92340145867885e-05,0.000146415155008905,1.2028227868166e-05,3.35497245878003e-05,3.04590544080163e-05,1.01225430156893e-05
0.000132877910736129,4.61518008327833e-05,9.37811200685257e-06,1.30594527553152e-06,2.29709254798705e-05,2.55007451267775e-06,0.00226593825850653,0.000629625306708998,0.00417968956589305,9.82471888253636e-05,9.66317749454323e-05,0.000146936950571219,4.10061907762937e-08,4.03857455733014e-05,3.39423732315103e-05,1.55847797556063e-06
0.000132778749658335,4.66419634552184e-05,9.42532261472007e-06,8.51923213673889e-06,2.60577963722142e-05,2.2736010979324e-06,0.00214329980845899,0.000499930788161271,0.00435067659725953,0.0001241413967428,9.16183720586147e-05,0.000146807638479518,1.30501676141037e-05,4.8056804546448e-05,3.86323350173301e-05,8.62260416445437e-06
0.000132541213228254,4.71943346240233e-05,9.46719533967411e-06,1.51328415962659e-05,2.91811727045621e-05,2.0184603531509e-06,0.00199195864419859,0.00037871527043045,0.00452057350847026,0.000145692968868894,8.4490475364048e-05,0.000146280262666054,2.48561715077145e-05,5.3839209062545e-05,4.19267671133428e-05,1.772613988682e-05
0.000132177877994355,4.78090234965478e-05,9.50424805579164e-06,2.10911572720018e-05,3.22796575811246e-05,1.78834772551761e-06,0.00181712222057016,0.000268558139602348,0.00468890691263647,0.000162744342319874,7.55956045741888e-05,0.000145304348509678,3.77443198278371e-05,6.07169195272483e-05,4.67578572860283e-05,2.84918265808232e-05
0.00013170226493453,4.84849580417723e-05,9.53698221040078e-06,2.63555707381014e-05,3.52967368287271e-05,1.5864155386569e-06,0.00162410581722537,0.00017153773904666,0.00485505166888571,0.000175253485123725,6.53138483788784e-05,0.000144005571142358,4.9521165405908e-05,6.63655802027874e-05,5.08875598141945e-05,3.856888768905e-05
0.000131128500600264,4.92199908311286e-05,9.56597611023735e-06,3.09038156253161e-05,3.81814283479942e-05,1.41089540942052e-06,0.00141825378449634,8.92427544825953e-05,0.0050185660958794,0.000183304537052748,5.40358989326462e-05,0.000142197369603081,6.25190760344951e-05,7.35085610272801e-05,5.69637781602239e-05,5.04555757095959e-05
0.000130470999934129,5.00110146111066e-05,9.59173114134515e-06,3.47293236319102e-05,4.0888849962506e-05,1.26115489271217e-06,0.00120476767480027,2.27353820130513e-05,0.00517871399245739,0.000187059273437187,4.21451118707596e-05,0.000139854347100843,7.47396242096743e-05,8.00609990027068e-05,6.29488308292458e-05,6.20236092123694e-05
0.00012974416150735,5.08540885690856e-05,9.6147451181805e-06,3.78399498815463e-05,4.33805366287787e-05,1.13293301454154e-06,0.000988646441554458,2.74133138375407e-05,0.00533473144230964,0.000186768131430085,3.00068412186511e-05,0.00013656661401773,8.88042154885138e-05,8.89172992338816e-05,7.16400358556912e-05,7.59695488767864e-05
0.000128962092465157,5.17445687366891e-05,9.63541475096363e-06,4.02569097748828e-05,4.56246980528596e-05,1.02507193455725e-06,0.00077457123882818,6.11204665541093e-05,0.00548534240964595,0.000182722640167981,1.79602305295009e-05,0.000132233497585621,0.000101908692248465,9.71562307948703e-05,8.01656300254416e-05,8.93487774320523e-05
0.000128138352616158,5.2677243099486e-05,9.65417527076795e-06,4.20134158573837e-05,4.75963099977883e-05,9.40331111656811e-07,0.000566884946810186,7.87254678988755e-05,0.00562951144249865,0.000175237779120984,6.31433696900337e-06,0.000127170622435613,0.000113815969598141,0.000104617907290883,8.83307642741693e-05,0.000101888555226082
0.000127285731147397,5.36464664906422e-05,9.67149999964168e-06,4.31530557419013e-05,4.92770678970911e-05,8.79304504569633e-07,0.000369525705893694,8.09497740221002e-05,0.00576654655705103,0.000164695693279761,4.65274991845628e-06,0.000121588409838003,0.000125022878013081,0.00011190981501219,9.66784360797446e-05,0.000114061455388503
0.000126416054568423,5.46462938375014e-05,9.687852437823e-06,4.37282490201307e-05,5.06552525777471e-05,8.40705639285066e-07,0.000185950068976115,6.88584172146559e-05,0.00589593783771834,0.000151533069441829,1.47010614584067e-05,0.000115597630251374,0.000135652560537713,0.000119220005625698,0.000105337525146743,0.000125945963663998
0.000125540027005266,5.56706092186832e-05,9.70363899888138e-06,4.37984904355371e-05,5.17254324766681e-05,8.19047276848228e-07,1.90792735256246e-05,4.38169472679267e-05,0.00601707967951101,0.00013622601356514,2.36360510976162e-05,0.000108705920802477,0.000148213662614971,0.00012914709094014,0.000116801134888433,0.000140032600750128
0.000124667104947962,5.6713247940321e-05,9.71915341452245e-06,4.34288540705208e-05,5.24881054824178e-05,8.1114041336483e-07,0.000128730810009416,7.45036664143999e-06,0.00612879801939482,0.000119252803798415,3.1303798773431e-05,0.000100807988051232,0.000159646968183824,0.000138554682479586,0.000127944574508487,0.000153160123620877
0.000123805400595423,5.77681109030781e-05,9.73468115295084e-06,4.26884029470498e-05,5.29492500640494e-05,8.18879473216128e-07,0.000255690264414853,3.84425950258726e-05,0.00623037810632842,0.000101082525415614,3.75859521652457e-05,9.27799622676417e-05,0.000167516355463637,0.000144972755052319,0.000136278283856539,0.000162809407338371
0.00012296162138381,5.88292687560554e-05,9.75051869323007e-06,4.16481765897758e-05,5.31197542266715e-05,8.38492970473004e-07,0.000360575671887914,9.19560802005604e-05,0.00632185175201618,8.21834744620528e-05,4.24172825424316e-05,8.44227881321435e-05,0.000177688763696282,0.000154350068007014,0.000147587447026698,0.000174851930578424
0.000122141046319912,5.98910544544751e-05,9.7668542569096e-06,4.03798460866245e-05,5.30148793080887e-05,8.66182908731972e-07,0.000442715738522029,0.000151100733217935,0.00640270199062684,6.30110301850227e-05,4.57800195546379e-05,7.56406563291456e-05,0.000186616368727521,0.000163064964066928,0.000158252629061328,0.000185648650329773
0.000121347526135684,6.09481447437221e-05,9.7838214750956e-06,3.89542709399726e-05,5.26536239490172e-05,8.98574000832153e-07,0.00050197275479833,0.000213878905993765,0.00647253005881953,4.39899093130302e-05,4.76917731475554e-05,6.63298424914416e-05,0.000196285728330747,0.000173078907091284,0.000170163659816369,0.000197156262818354
0.00012058351420996,6.19956282524869e-05,9.80147685603061e-06,3.74401460049301e-05,5.20580752771949e-05,9.32101991354961e-07,0.00053870054345852,0.000278319820029978,0.00653065677031182,2.55090961670016e-05,4.82062000962038e-05,5.6290022859895e-05,0.000206045904683094,0.000183684986688193,0.000182580361147711,0.000208672114116348
0.000119850121270471,6.30290609193174e-05,9.81981433301193e-06,3.59028502588676e-05,5.12527689956466e-05,9.63906047923846e-07,0.000553703287925036,0.000342528848619344,0.00657625537955668,7.91817027113622e-06,4.74073645674259e-05,4.54192736598635e-05,0.000215865905339729,0.000194795480031873,0.000195378658844114,0.000220124501299157
0.000119147192461755,6.4044508560096e-05,9.83877522908738e-06,3.44034054662323e-05,5.02640528874942e-05,9.91642009118276e-07,0.000548187735452475,0.000404729481445933,0.00660841109821553,8.47620598642185e-06,4.54069732906542e-05,3.36889847556421e-05,0.000225469035585846,0.00020607257718841,0.00020818986241844,0.000231198934323662
0.000118473403529551,6.50385768906914e-05,9.8582587583218e-06,3.299759555353e-05,4.91194674085427e-05,1.01340326680299e-06,0.000523711799996075,0.000463302371582297,0.00662621579726793,2.34132965685227e-05,4.23406534073422e-05,2.11344497783594e-05,0.000234753424294687,0.000217350829538554,0.000220820523446408,0.000241763227860403
0.000117826373226215,6.60084293388763e-05,9.87812479491534e-06,3.17352229159407e-05,4.78471455207519e-05,1.02695039436163e-06,0.000482126122580332,0.000516812752872357,0.00662870715124524,3.66855258272456e-05,3.83620197509302e-05,7.54166785521537e-06,0.000244818870454355,0.000229663951421988,0.00023427701703238,0.000252904135604082
0.000117202788409987,6.69517932730956e-05,9.8981929081976e-06,3.0659617623302e-05,4.64752610669916e-05,1.03097924904205e-06,0.000425511371274064,0.000564027481148969,0.00661471805922022,4.81309524916821e-05,3.36395703878067e-05,7.02070240088393e-06,0.000253938301425616,0.0002412191357265,0.000246760909191845,0.0002628653038107
0.000116598538230983,6.78669554466105e-05,9.91824274954034e-06,2.98071135595157e-05,4.50314904116289e-05,1.02124401754611e-06,0.00035611366333419,0.000603917650173361,0.00658261941462281,5.76632047052741e-05,2.83358574170202e-05,2.4196122251352e-05,0.000270407901416414,0.000260238167833604,0.000266466046698111,0.000280006637876751
0.000116008855575389,6.87527477891137e-05,9.93796749149123e-06,2.92070851583281e-05,4.35426264497329e-05,9.9575382853101e-07,0.000276253450827654,0.000635593438345502,0.00652870119573193,6.52293192819723e-05,2.26200154030531e-05,4.48044771549361e-05,0.000286268085840646,0.000278710495370205,0.000285413927632705,0.000296301903074614
0.000115428454472877,6.96085262676394e-05,9.95707891660036e-06,2.88820402980089e-05,4.20342116275174e-05,9.58523694666313e-07,0.000188333650027017,0.000658426537573911,0.00644994418682022,7.07702623614278e-05,1.66827527361257e-05,6.65294392477866e-05,0.000291643306468359,0.000286717318528584,0.000293693612688051,0.000301792089985486
0.000114851670324878,7.04341412020582e-05,9.97536732305626e-06,2.88472117454253e-05,4.0530050705867e-05,9.10206097548549e-07,9.48213195254461e-05,0.000672137457850009,0.00634588888043065,7.43026267779098e-05,1.0697116896323e-05,8.90985413255496e-05,0.000301823460187034,0.000299462730344091,0.000306487837714031,0.000311896840952341
0.00011427260560315,7.12298986952631e-05,9.99260261247414e-06,2.91108224108466e-05,3.90518870966861e-05,8.51081811026333e-07,1.87958940668199e-06,0.000676646497897446,0.00621535144281411,7.58959849104252e-05,4.84021052590995e-06,0.000112172332502825,0.000306984977487934,0.000307079158498591,0.000313935874660554,0.000316721220516403
0.000113685264647723,7.19965168275716e-05,1.00085836239883e-05,2.96744625572359e-05,3.76191171815865e-05,7.82178086716767e-07,9.94489472893862e-05,0.000672157711379306,0.00605836321139065,7.56523681936279e-05,7.23848888561224e-07,0.000135040224699234,0.000311792574251735,0.000314177899562451,0.00032067270688263,0.000320994626671456
0.000113083683458193,7.27350759061052e-05,1.00231217892155e-05,3.05334897613974e-05,3.62485377852773e-05,7.04553584238155e-07,0.000195709567508247,0.000659105267435736,0.00587549388375616,7.37097431786872e-05,5.84558897133262e-06,0.000156802165856673,0.000312376356845556,0.000316850322903739,0.00032280542767904,0.000320842282002465
0.000112462048821538,7.34469646248986e-05,1.00360505784769e-05,3.16775313937562e-05,3.49541616981308e-05,6.18537669583308e-07,0.000288662453123584,0.00063815383065224,0.00566834147928123,7.02407399456771e-05,1.04061136593434e-05,0.00017728544969231,0.000314420443591645,0.00032074320585973,0.000326019594540594,0.00032202596345432
0.000111814807480792,7.413382326521e-05,1.00471945717606e-05,3.30910869677514e-05,3.37471352669372e-05,5.23164878099558e-07,0.000376540487935691,0.000610081086203453,0.00543775632811462,6.54498341320281e-05,1.43289809640262e-05,0.000197846200744922,0.000321269653694611,0.000329178989741941,0.000333681930421603,0.000327949386580872
0.000111136760796215,7.47974868189061e-05,1.00563680049959e-05,3.47543458128347e-05,3.26357995966142e-05,4.19172318077976e-07,0.00045783122561156,0.000575723439559692,0.00518341002913081,5.95434003819107e-05,1.75439603270315e-05,0.000218242987680251,0.000323869497159346,0.000333090562537275,0.000336734866191235,0.000329521007997879
0.000110423143613536,7.54399295058716e-05,1.00634142469191e-05,3.66438574768702e-05,3.16257398214614e-05,3.07961674106405e-07,0.000531267558075009,0.000536055968074924,0.00490604128513611,5.27311575242362e-05,1.9999391924529e-05,0.000237703003877932,0.000325158233020373,0.000335407724400105,0.000338144326850753,0.000329730466212208
0.000109669690839587,7.60632101977216e-05,1.00681968342453e-05,3.8733187347352e-05,3.07198560515753e-05,1.90172440933667e-07,0.000595843182781838,0.000492121413263126,0.00460662173813083,4.52312943523359e-05,2.16777031567163e-05,0.000256632906544096,0.000328407300751565,0.000339401061049793,0.000341217239367642,0.000331897995752173
0.000108872689603468,7.66694202112492e-05,1.00705917646104e-05,4.09936794372456e-05,2.99185244140299e-05,6.66935619370035e-08,0.000650819626471926,0.000444963316723703,0.00428555238440877,3.72602860656584e-05,2.2577965247024e-05,0.000275173252413219,0.000330607059581656,0.000342062479655181,0.000342962873701613,0.000333020711412946
0.000108029016393507,7.72606346888111e-05,1.00704949812513e-05,4.33951611020222e-05,2.92197837264974e-05,6.16351530091652e-08,0.000695718937283476,0.000395617538666183,0.00394304938886762,2.90272974282989e-05,2.27276846831107e-05,0.000294070588841677,0.00033609938769652,0.000347748960959016,0.000347781995391427,0.000337493527295618
0.000107136160498067,7.78388681046613e-05,1.00678203848181e-05,4.59066494176603e-05,2.86195719791937e-05,1.93522524366552e-07,0.000730314018998439,0.000345056212353407,0.00357856158255087,2.07315551328069e-05,2.2160655354396e-05,0.00031305606233234,0.000337794003987146,0.00034937594364004,0.000348585797524281,0.000338205918113288
0.000106192233498392,7.84060346172635e-05,1.00625115581066e-05,4.84969931136767e-05,2.81119541045149e-05,3.2759623717904e-07,0.000754612173537831,0.000294240628483695,0.00319230564789607,1.25582483104751e-05,2.09273090482354e-05,0.000331886970547424,0.000339906539449819,0.000351184387102466,0.000349649962236964,0.000339416089919164
0.000105195966669802,7.89639128891476e-05,1.00545370183003e-05,5.11354761483507e-05,2.76893587085048e-05,4.62606008513888e-07,0.000768838084518296,0.000244062736504169,0.00278448246731202,4.67644664101419e-06,1.90900119468127e-05,0.000350330951622624,0.000339872790994455,0.000350629107272349,0.00034843351718461,0.000338561891865985
0.000104146696502605,7.95141158669455e-05,1.00438903442024e-05,5.3792380389054e-05,2.734282489536e-05,5.9735216065282e-07,0.000773414087024242,0.000195358805240723,0.00235588920423564,2.76195431136786e-06,1.67179758648068e-05,0.000367739805288925,0.000337383763938215,0.000347426609714097,0.000344664537621275,0.000335347730667124
0.000103044339541336,8.0058065372794e-05,1.00305918688814e-05,5.64394992392836e-05,2.70622488891537e-05,7.29741477273338e-07,0.000768883000503931,0.000148872740159047,0.00190785180611297,9.8573433932398e-06,1.39746848356413e-05,0.00038410285341961,0.000334885423774245,0.000345001182466831,0.00034215565478013,0.000332549610599364
0.000101889363914864,8.05969744065802e-05,1.00147428030439e-05,5.90495030698343e-05,2.68370497851222e-05,8.54083595985822e-07,0.000755188397847796,0.000104957349838592,0.00144103668963019,1.74702528587366e-05,1.12898653197597e-05,0.000400729443817305,0.000336130578310945,0.00034748110277949,0.00034518702715125,0.000334038581492835
0.000100682801742025,8.11318522286955e-05,9.99656320854747e-06,6.15927332003382e-05,2.66577249544153e-05,9.64809486816987e-07,0.000731294851240119,6.3457923743082e-05,0.000955108448095714,2.63199499284336e-05,9.01173860852825e-06,0.000416886703289654,0.000329966826569827,0.000343002739873643,0.000341571322327261,0.000328373007929317
9.94263255340577e-05,8.1663541676491e-05,9.97636226685028e-06,6.40345872382278e-05,2.65173094213256e-05,1.05859324571467e-06,0.000695752031611324,2.40644956298783e-05,0.000451496531278464,3.63790702596774e-05,7.21593636086523e-06,0.000431476762293603,0.000322518488424461,0.000336717220350224,0.000336100581864285,0.000321360286780092
9.81223502720674e-05,8.21927768820188e-05,9.95449421015149e-06,6.63356736773958e-05,2.64118994133256e-05,1.13423392407441e-06,0.000647510851784085,1.34425991041841e-05,6.76072032923777e-05,4.70367711969915e-05,5.77430513858807e-06,0.000443700162636951,0.000312134390080598,0.00032648383046352,0.000326437146934588,0.000311188174522803
9.67741077306794e-05,8.27202418974132e-05,9.93132541127206e-06,6.84542131562799e-05,2.63402771132903e-05,1.19137611705178e-06,0.000586364493724912,4.9059874625281e-05,0.000599368451079301,5.74963964554219e-05,4.50972032391313e-06,0.00045384358404077,0.000304850558044079,0.000318303138740372,0.000318592293149234,0.000303907775821011
9.53856631606964e-05,8.32466168284099e-05,9.9072269936773e-06,7.03491469351211e-05,2.63031254358337e-05,1.22994417033062e-06,0.0005129951563464,8.26404490990596e-05,0.00114191539916561,6.70340162244751e-05,3.28245527248666e-06,0.000462839066752374,0.000299951700843515,0.000311644287019464,0.000312101502297435,0.000298874827929119
9.39618718598378e-05,8.37726075632456e-05,9.8825675903802e-06,7.19829485038848e-05,2.63022108966116e-05,1.25028882282108e-06,0.000428827520681048,0.000113959688268649,0.00169420189940371,7.50883740918497e-05,2.01127090618952e-06,0.000471096664820925,0.000295418311312079,0.000304720058213359,0.000305249901075499,0.000294146628725067
9.25082855987025e-05,8.42989601792105e-05,9.85770438455269e-06,7.33238031637995e-05,2.63396811837624e-05,1.25321327493211e-06,0.000335835857184847,0.000142764088686606,0.00225533617937356,8.12669941888123e-05,6.66917575296855e-07,0.000478488802675203,0.000289784381438563,0.000296280431677509,0.000296844095534099,0.00028831673881391
9.10310220207933e-05,8.48264627683337e-05,9.83297826440133e-06,7.43471452869238e-05,2.64175099760622e-05,1.23933216851502e-06,0.000236357910032418,0.000168821969702644,0.00282433114380288,8.53360975152187e-05,7.36627295775533e-07,0.000485243762509691,0.000285224745857127,0.000288695175098774,0.000289311577029827,0.000283603904608354
8.95366095239325e-05,8.53559377113344e-05,9.80872314793046e-06,7.50365693832772e-05,2.65370990794045e-05,1.20867293010307e-06,0.000132920753422701,0.000191999247963372,0.00340084351578113,8.71975982045218e-05,2.15429763470061e-06,0.000492249665875244,0.0002833546691412,0.00028373289188921,0.00028446208450561,0.000281648941552692
8.80318195861651e-05,8.58882275091288e-05,9.78527691475328e-06,7.53842003577421e-05,2.66990271110545e-05,1.16076288966815e-06,2.80994779783697e-05,0.000212310716773655,0.00398574383001973,8.68565436139204e-05,3.52247591970702e-06,0.000500721612469945,0.000284949548114644,0.000282283483187928,0.000283212383071496,0.000283239504937915
8.65234969560369e-05,8.64241768617491e-05,9.76296082233485e-06,7.53904843625169e-05,2.69029205398064e-05,1.0997854249517e-06,7.55687427082463e-05,0.000229882330004875,0.00458002454613993,8.43456512819934e-05,4.80252373986911e-06,0.000507998013052902,0.000270826386160272,0.000265216959354442,0.000266305750276974,0.000269193226464792
8.50183947569416e-05,8.69646119131262e-05,9.74198693326489e-06,7.50642173114185e-05,2.71472515495086e-05,1.02939614252118e-06,0.000175596307287365,0.000244758535715137,0.0051805610948051,7.97784406848256e-05,5.94904707868632e-06,0.000512187544224219,0.000257095687126618,0.000248783047233303,0.000250093776851368,0.00025561407800323
8.35230090594496e-05,8.75103154677759e-05,9.7225268860246e-06,7.4422131777413e-05,2.74292146097421e-05,9.51635541771023e-07,0.000269689657278466,0.000257064206363253,0.00578381691141606,7.3365095421545e-05,6.91505412739671e-06,0.000513111355389895,0.000241296238156274,0.00023059849056839,0.000232162496621835,0.000240029968397448
8.20434290849104e-05,8.80620014376832e-05,9.70471167105469e-06,7.34880639957913e-05,2.77447274642517e-05,8.67603230383929e-07,0.000355822004626769,0.000267001872099804,0.00638611248620336,6.53653548080409e-05,7.65372786981286e-06,0.000511297386972309,0.000228320617260858,0.000215599483968543,0.000217483516555927,0.000227323369029309
8.05852041723121e-05,8.86202899203214e-05,9.68866685013836e-06,7.22919740383243e-05,2.80885158345234e-05,7.77123988382478e-07,0.000432291407884678,0.000274902765869053,0.00698495910912118,5.60687075839072e-05,8.11687503426452e-06,0.000507995420668927,0.000218490023092488,0.00020412320730101,0.00020639550396595,0.000217806079922167
7.91532332562461e-05,8.91856851254758e-05,9.67450875222209e-06,7.08687253746232e-05,2.84543012465388e-05,6.82155210568469e-07,0.000497739455654302,0.000281205687775047,0.00757885358086908,4.57662094078018e-05,8.27287336459433e-06,0.00050323112747408,0.000206320009398575,0.00019070724039405,0.00019337959835164,0.000205991289366825
7.775167791646e-05,8.97585572001425e-05,9.66229967336307e-06,6.92570428149353e-05,2.88349827540224e-05,5.85192520233258e-07,0.000551144041119815,0.000286376608860776,0.0081658632322551,3.47509254657115e-05,8.10354587929898e-06,0.000496744761308454,0.000193709805478393,0.000177249971846316,0.000180333089871865,0.000193754971930749
7.63838950890161e-05,9.03391275984544e-05,9.65206610381575e-06,6.74984836696313e-05,2.92228271545625e-05,4.87242042143676e-07,0.000591827170405808,0.000290910708484682,0.0087441425043911,2.3318071838089e-05,7.60159388967126e-06,0.000488949246439607,0.000182480969256771,0.000165557156366236,0.000169060383247599,0.000182891393959772
7.50523917294466e-05,9.09274586668452e-05,9.64382241042117e-06,6.56362959861601e-05,2.96096962620895e-05,3.88782120538944e-07,0.000619454479783401,0.00029533357884915,0.00931247917094533,1.17532666042061e-05,6.77346960997575e-06,0.000480396656219795,0.000172333345515252,0.000155310453793356,0.000159225810427599,0.000173082578020733
7.37588021397784e-05,9.15234478734706e-05,9.63757187699699e-06,6.37143227239234e-05,2.99872780904487e-05,2.90473002234615e-07,0.000634019201188874,0.000300176509799536,0.00987019997866751,3.24278520043585e-07,5.63875960482053e-06,0.000471455982297808,0.000162729484134649,0.000145948702551912,0.000150250533533125,0.000163777229848061
7.25038865545535e-05,9.21268265969e-05,9.6332945027644e-06,6.17759491680359e-05,3.03473132259313e-05,1.94432910216591e-07,0.000635818086929529,0.000305942220744919,0.0104168122892039,1.07205633497251e-05,4.2336126916051e-06,0.000461926544676916,0.000151485944230645,0.000135280702893814,0.000139902117123447,0.000152786086127232
7.12875499804255e-05,9.27371632068186e-05,9.6309125527938e-06,5.98631697643626e-05,3.06817887365529e-05,1.04104157461204e-07,0.000625423241118644,0.000313054811603988,0.0109513056746313,2.11540762732507e-05,2.60975691309707e-06,0.000451198251752993,0.000138111953516318,0.000122792397095561,0.000127642449631704,0.000139608117396661
7.01088778327641e-05,9.33538695248037e-05,9.63029053546727e-06,5.80158482731963e-05,3.09830830074187e-05,2.08700330628364e-08,0.000603651433397661,0.000321844935948384,0.0114721725500969,3.07809332772789e-05,8.21391376071984e-07,0.000439274196704309,0.00012567488366233,0.000111473761574499,0.000116495134871664,0.000127286892047884
6.89661861101865e-05,9.39762101833108e-05,9.63128072761776e-06,5.62709117926108e-05,3.12441301408284e-05,5.44365437171734e-08,0.000571528279621195,0.000332574282653694,0.0119781585655448,3.94380232024428e-05,1.07259877660422e-06,0.000426296787827574,0.000113135048066648,0.000100257809900306,0.000105371438261059,0.000114783481064418
6.78570863628103e-05,9.46033151410508e-05,9.63374049822718e-06,5.46618596825033e-05,3.14585387301558e-05,1.25162866571049e-07,0.000530248800747833,0.000345437070635814,0.012468407582879,4.70070033493224e-05,3.02630402851042e-06,0.000413265108379468,0.000105122726991258,9.36461500524732e-05,9.88633791143556e-05,0.00010670042927774
6.67785611090377e-05,9.52341949859714e-05,9.6375621634337e-06,5.32178133108852e-05,3.16208237780558e-05,1.85619327672248e-07,0.000481137119564045,0.000360575737678035,0.0129428054618643,5.33763652226149e-05,4.96122971565052e-06,0.000399208919490524,8.99417953141857e-05,8.01217165060653e-05,8.52180055824769e-05,9.14156185756188e-05
6.57270560466827e-05,9.58677600056967e-05,9.64248398616085e-06,5.19635413900876e-05,3.17263936848167e-05,2.33752129430442e-07,0.000425621345622197,0.000377954380772804,0.0133996077096306,5.84765287277388e-05,6.81295327171864e-06,0.000383854012992235,7.78398763032762e-05,6.96864741897008e-05,7.46516492080573e-05,7.91122711953918e-05
6.46985663748101e-05,9.65028377566957e-05,9.64827724181383e-06,5.09191112889329e-05,3.17716136562507e-05,2.69865115767876e-07,0.00036517881182069,0.000397477727720491,0.013837636224399,6.22798975943053e-05,8.52596088024918e-06,0.000367452267534985,6.51374127801363e-05,5.86987279248552e-05,6.34395099590179e-05,6.61427514058177e-05
6.36887360259131e-05,9.71381934576909e-05,9.65469071489977e-06,5.00996458852876e-05,3.17538728357158e-05,2.93581949764588e-07,0.00030130254991007,0.000418961325515745,0.0142556848363773,6.47864762046118e-05,1.00475090602497e-05,0.000350085688343382,5.33898727697046e-05,4.86391135362529e-05,5.31094750146899e-05,5.40598745312204e-05
6.26929552902666e-05,9.77725502928628e-05,9.66148615177964e-06,4.95153692231798e-05,3.16715853329597e-05,3.05926390956057e-07,0.000235464388945014,0.000442157231796257,0.0146528184405051,6.60279353638045e-05,1.13366518919439e-05,0.000332023630780109,4.25346565600115e-05,3.94098583399449e-05,4.35730844363658e-05,4.28115142320218e-05
6.17064583496862e-05,9.84046100391822e-05,9.66845758965107e-06,4.91717155848836e-05,3.15241909308872e-05,3.09724215413754e-07,0.000169083054568957,0.000466770015752236,0.0150284620285254,6.60635127195485e-05,1.2365571007528e-05,0.000313690624374696,3.33487226804596e-05,3.17306025007236e-05,3.55905585104344e-05,3.31744594753713e-05
6.07244181565214e-05,9.90330737424827e-05,9.67544112628893e-06,4.90693385054308e-05,3.13121902438818e-05,3.04268744727443e-07,0.000103497445479205,0.000492468506456706,0.0153824074810714,6.49662726734462e-05,1.31023627004262e-05,0.000295060368505795,2.34478154128581e-05,2.32654932780241e-05,2.67500766623074e-05,2.28043640171371e-05
5.97420397838722e-05,9.96566625841022e-05,9.68223868991203e-06,4.92045016612652e-05,3.10370650757341e-05,2.89204067069337e-07,3.99481690145122e-05,0.000518861952293224,0.0157142699692959,6.28274436286104e-05,1.35235988714885e-05,0.000276114357228963,1.42349965369659e-05,1.53480063204148e-05,1.84484924420358e-05,1.30968186481395e-05
5.87546435459885e-05,0.000100274136389411,9.68867217876479e-06,4.95694453022666e-05,3.07011931518497e-05,2.65984715239198e-07,2.04453207844853e-05,0.000545532186108129,0.0160237993358559,5.97575329142497e-05,1.36199260994552e-05,0.000257002529525097,5.6697369745784e-06,7.91877829131593e-06,1.063687977787e-05,4.02309604996542e-06
5.77577430831422e-05,0.000100884311117377,9.69457904598237e-06,5.0152642641188e-05,3.03078008511704e-05,2.34045142877282e-07,7.67011040564111e-05,0.000572043770855167,0.0163108510212333,5.58769933023802e-05,1.33847642075705e-05,0.000237713198806833,2.88746570609177e-06,3.52930817459907e-07,2.66554576666689e-06,5.02995587148281e-06
5.67471157417732e-05,0.000101486074649715,9.69979115383879e-06,5.09393861965468e-05,2.98608197054628e-05,1.95118209714296e-07,0.000127986088815595,0.00059794879937473,0.0165752809524076,5.13165088479137e-05,1.28264574581101e-05,0.000218375693061712,1.04536471827732e-05,6.42286461816077e-06,4.46919290386649e-06,1.30914440988894e-05
5.57188601584269e-05,0.000102078399477845,9.70421808799138e-06,5.19123337447414e-05,2.93647647630069e-05,1.55082543987217e-07,0.000173623982714604,0.000622821696324942,0.0168172209342112,4.6213101335852e-05,1.19720226803063e-05,0.000199302327389517,1.67345812605024e-05,1.21461869251327e-05,1.04583556460591e-05,1.98753097684357e-05
5.46694471588172e-05,0.000102660354405537,9.70783374909523e-06,5.30515313806323e-05,2.88247795913188e-05,1.09859376040689e-07,0.000213097891721611,0.000646265083656035,0.0170370017142047,4.07022294186433e-05,1.0830638707696e-05,0.000180331036443326,2.40297020418501e-05,1.89697506197684e-05,1.76413792319918e-05,2.75829594962307e-05
5.35957647671559e-05,0.000103231115185898,9.71053952114609e-06,5.43356299990694e-05,2.82462963983598e-05,6.57873491516359e-08,0.000246050704498379,0.000667884148909001,0.0172347412452685,3.49166703912295e-05,9.44007036987604e-06,0.00016162665745878,2.95032483496049e-05,2.42720757701598e-05,2.30967745754596e-05,3.35110183441456e-05
5.24951397640194e-05,0.00010378996873428,9.71240924263483e-06,5.57417789942005e-05,2.76351028679067e-05,2.20580570614581e-08,0.000272277113896549,0.000687347864894776,0.0174108704051349,2.89885776734885e-05,7.83089013113407e-06,0.000143185719712391,3.56601860878047e-05,3.0330820287694e-05,2.93981119551256e-05,4.00059854537282e-05
5.13653692901794e-05,0.00010433632103779,9.71335554145192e-06,5.72461161895133e-05,2.69972182709854e-05,2.96808228272827e-08,0.000291727222370415,0.000704336117655238,0.0175655877667229,2.30467439378507e-05,6.02123879408535e-06,0.000124840429859274,4.17065946998196e-05,3.63933501912328e-05,3.57192195110656e-05,4.6297963883779e-05
5.02047289849816e-05,0.000104869697751697,9.71319199116749e-06,5.88247345894022e-05,2.63385605775435e-05,9.08512461372801e-08,0.000304497164247418,0.000718562840497431,0.0176990396892865,1.72106279232534e-05,4.05165285180704e-06,0.000106651918488909,4.71146731192418e-05,4.19715340447269e-05,4.14911488504366e-05,5.18877770019355e-05
4.90119695206737e-05,0.000105389740782391,9.71176572739374e-06,6.04541142856796e-05,2.56648199614129e-05,1.56648226834477e-07,0.000310812402162627,0.000729806990946848,0.0178115023151477,1.15847160908231e-05,1.97901379603467e-06,8.87619876610568e-05,5.18067521139143e-05,4.70129258876018e-05,4.6600245925843e-05,5.67288913152497e-05
4.7786306377029e-05,0.000105896203540123,9.70902527086537e-06,6.21112857661088e-05,2.49814718610297e-05,2.24025490352942e-07,0.000311009743847545,0.000737924634700987,0.0179034055998307,6.26201672928227e-06,1.42049015668111e-07,7.12874019866971e-05,5.59466662652941e-05,5.16236398665493e-05,5.12122616026511e-05,6.09521533894153e-05
4.65274058063514e-05,0.000106388946361669,9.7049547382877e-06,6.37742559960741e-05,2.42937050000669e-05,2.90963360058405e-07,0.000305524731800514,0.000742840683223564,0.0179752858621041,1.32282293390038e-06,2.261453411612e-06,5.4302286808916e-05,5.96461980457708e-05,5.59092025819163e-05,5.54197423066061e-05,6.46838006940209e-05
4.52353605910893e-05,0.000106867929711818,9.69958637564439e-06,6.54224022658689e-05,2.36063379844831e-05,3.55136824239932e-07,0.000294874631305992,0.000744546111128508,0.0180277441643111,3.1670479746736e-06,4.33142093372862e-06,3.78502771765099e-05,6.2991231131404e-05,5.99330159457567e-05,5.92955822543706e-05,6.80104617074573e-05
4.39106598497663e-05,0.000107333206249782,9.69299962405579e-06,6.70367703805019e-05,2.29237582762831e-05,4.13791765629945e-07,0.000279641706356051,0.000743093537100089,0.0180614086701233,7.15660916138204e-06,6.30742042754054e-06,2.1931657983143e-05,6.61343247994051e-05,6.38357792437372e-05,6.29761504306048e-05,7.10969542403461e-05
4.25541528223938e-05,0.000107784911579978,9.68534032552704e-06,6.86003447906147e-05,2.2249863537438e-05,4.62825327576799e-07,0.000260455724762863,0.000738591959117578,0.0180768709477501,1.06104681845647e-05,8.14812286953522e-06,6.47549198884434e-06,6.93142921279755e-05,6.78490545567012e-05,6.66846130030763e-05,7.42000892489658e-05
4.11670102322681e-05,0.000108223254838224,9.67678673124972e-06,7.00979012280833e-05,2.15881453009548e-05,5.06601275998553e-07,0.000237979625961878,0.000731200146279796,0.0180746978707093,1.34972469926626e-05,9.82473068755936e-06,8.39141546016275e-06,7.15724104199955e-05,7.09024671178282e-05,6.94859863638042e-05,7.62699961411872e-05
3.97506868170527e-05,0.000108648510008358,9.66738458973992e-06,7.15164360850506e-05,2.09415302709903e-05,5.4945622535163e-07,0.000212901707498188,0.000721120671672451,0.0180556685335286,1.5798870270441e-05,1.13126298371177e-05,2.25337687065341e-05,7.34384060907534e-05,7.35635086991371e-05,7.18737985754281e-05,7.78986359020184e-05
3.83068708120771e-05,0.000109061002181443,9.65720023304861e-06,7.28456611559514e-05,2.03121806516271e-05,5.83517297342295e-07,0.000185912448144468,0.000708595621015174,0.0180205361419365,1.75244624230661e-05,1.25804488530154e-05,3.62019734374552e-05,7.62563191358812e-05,7.72533089080651e-05,7.51498097235626e-05,8.0535781634139e-05
3.68374323092002e-05,0.00010946109347687,9.64647550349973e-06,7.40774912031394e-05,1.9701714804865e-05,6.04710986021328e-07,0.000157683555250373,0.000693897743656779,0.0179697190479285,1.86907364772498e-05,1.36055013855545e-05,4.9541871890213e-05,7.88498364665546e-05,8.06900615286654e-05,7.81653187789111e-05,8.29181101261733e-05
3.5344383332081e-05,0.000109849174063315,9.63543049836701e-06,7.52058536124256e-05,1.91113063439663e-05,6.18107256641909e-07,0.000128864061326499,0.000677325116209714,0.017903661946635,1.93138112967689e-05,1.43799572885749e-05,6.23846789626903e-05,8.05182737335652e-05,8.31168060133614e-05,8.02291366451824e-05,8.43075720547981e-05
3.3829835668131e-05,0.000110225652363183,9.6241500469052e-06,7.62268715899794e-05,1.85415899611185e-05,6.31016869423462e-07,0.000100073025912201,0.000659196872746142,0.0178230911813795,1.94175467268088e-05,1.49023023162387e-05,7.44416689566485e-05,8.115016003718e-05,8.44099770256346e-05,8.12192061145911e-05,8.45993038450787e-05
3.22959541272372e-05,0.00011059094270971,9.61264975507525e-06,7.71392469171017e-05,1.79924643515239e-05,6.38581764120238e-07,7.1886275148177e-05,0.000639846035318501,0.0177288841715276,1.904564877225e-05,1.51673485402175e-05,8.59483302684261e-05,8.31828519043398e-05,8.71341312521645e-05,8.35324804020487e-05,8.63808966573565e-05
3.07449095859891e-05,0.000110945452380329,9.60101669722491e-06,7.79432506827771e-05,1.74635001665147e-05,6.50676434593711e-07,4.48229006065024e-05,0.000619608795436559,0.0176217437567143,1.823959181852e-05,1.51813221686056e-05,9.64001621392985e-05,8.18161775751891e-05,8.62221318078671e-05,8.24234611486174e-05,8.45928913957295e-05
2.91788512731816e-05,0.000111289576391838,9.58904794834403e-06,7.86412071001052e-05,1.69537117632457e-05,6.72327902753733e-07,1.93409307664215e-05,0.000598838862408431,0.0175031973423986,1.70490472880617e-05,1.49548788885012e-05,0.000105537966861191,8.11227388247682e-05,8.59607021205244e-05,8.1915682462963e-05,8.35413148774222e-05
2.75998585124171e-05,0.000111623682899409,9.57662530587378e-06,7.92375509865995e-05,1.64614941242647e-05,6.9611246397705e-07,4.1708927168923e-06,0.000577879130410927,0.0173745666461431,1.55369931843247e-05,1.44942729148317e-05,0.000113694768507311,8.12002417991398e-05,8.64464565499823e-05,8.21087081299687e-05,8.33327083642477e-05
2.60099072302289e-05,0.000111948104525084,9.5637590791231e-06,7.97381318182189e-05,1.59849240394805e-05,7.1722427073817e-07,2.53958542078065e-05,0.000557052801324786,0.017236832564192,1.3765652457054e-05,1.3813764813804e-05,0.000121104150698659,8.16384433149908e-05,8.72423153320812e-05,8.26073736205357e-05,8.3539593010884e-05
2.44108446039171e-05,0.00011226313327195,9.55051133444407e-06,8.01499220765556e-05,1.55218830854009e-05,7.35784838154507e-07,4.40884818598398e-05,0.000536658285982695,0.017090824792171,1.17939097601719e-05,1.29370787571876e-05,0.000127765417242465,8.16782189884124e-05,8.75494872777383e-05,8.26676736340737e-05,8.33698601692134e-05
2.28043677306111e-05,0.000112569016797348,9.53693401850586e-06,8.04809824015429e-05,1.50700352111732e-05,7.50639352828375e-07,6.00728897845331e-05,0.000516965329375454,0.0169373841856875,9.67925066298136e-06,1.18916473522239e-05,0.000133774136195863,8.21113569549059e-05,8.81982538740722e-05,8.30822325845748e-05,8.36544195769173e-05
2.11920030837032e-05,0.000112865954112973,9.52313106683533e-06,8.07402503152366e-05,1.46268732386101e-05,7.58530168454286e-07,7.32384040369583e-05,0.000498205628727517,0.0167771411301703,7.47749727906584e-06,1.07056100056395e-05,0.000139361096595958,8.30780205151038e-05,8.93359158028462e-05,8.39964109247138e-05,8.4539458864441e-05
1.95750895966018e-05,0.000113154091918588,9.50935644539186e-06,8.09376735226852e-05,1.41896009598352e-05,7.42225500102722e-07,8.3531941452888e-05,0.000480561345990065,0.0166101510687943,5.24285501798726e-06,9.40232235447855e-06,0.000145639261121766,8.85966636332558e-05,9.51682798114861e-05,8.941927587236e-05,9.02188076717936e-05
1.79547675973613e-05,0.000113433522959228,9.49606757116861e-06,8.1082462456139e-05,1.37559597165327e-05,7.20310364576981e-07,9.09508525845522e-05,0.000464157041122023,0.0164356787463725,3.0218067134381e-06,8.0251378622772e-06,0.000151548689761971,8.61853109143107e-05,9.26318421238248e-05,8.69338701499078e-05,8.76643052671877e-05
1.63319990902355e-05,0.000113704298878692,9.48310039494693e-06,8.11839895287214e-05,1.33237058897451e-05,7.10576670490126e-07,9.55692913010159e-05,0.000449122613936944,0.0162550605870982,8.56913054522349e-07,6.61921744775709e-06,0.000156095895132768,8.41008479042227e-05,9.03814906324518e-05,8.47565557877683e-05,8.54920567481265e-05
1.47075497183291e-05,0.000113966421954825,9.47024794317741e-06,8.12521898334029e-05,1.2890297934387e-05,7.09079450059158e-07,9.75114243197108e-05,0.00043555242197193,0.0160697232238885,1.21176926230992e-06,5.20748831274453e-06,0.000159538259049907,8.2649871885665e-05,8.87494385867216e-05,8.31881167251414e-05,8.40177342481541e-05
1.30819878323418e-05,0.000114219843846852,9.45741993119142e-06,8.12968797226921e-05,1.24532017822254e-05,7.06497501543057e-07,9.69397756320444e-05,0.000423501473560782,0.0158806653968658,3.14894898553745e-06,3.8081177963778e-06,0.00016247967402927,8.32467452650532e-05,8.92177490972035e-05,8.3647414383714e-05,8.47139036994626e-05
1.14556909951435e-05,0.000114464467872555,9.44466053387494e-06,8.13271157860673e-05,1.20102256364607e-05,7.0485065585546e-07,9.40479887427197e-05,0.000412982333638727,0.0156883764846972,4.92401652480024e-06,2.44749197961941e-06,0.000164809858998805,8.21152336085706e-05,8.78429120293456e-05,8.23813626983361e-05,8.3648610106235e-05
9.82886213551915e-06,0.00011470015613968,9.43193624247662e-06,8.13515254741159e-05,1.15593133956371e-05,7.0164033799669e-07,8.90642841439826e-05,0.000403979189509742,0.0154935920617952,6.51281241693632e-06,1.15205527667986e-06,0.000166741911455215,8.26625992194074e-05,8.81933382573807e-05,8.27943722251367e-05,8.43666722090131e-05
8.20153698533055e-06,0.00011492673120217,9.41931066589241e-06,8.13779839524686e-05,1.10986785571976e-05,6.96350765799769e-07,8.22346523971882e-05,0.000396433386426719,0.0152966361809838,7.89729462210243e-06,5.4450060960054e-08,0.000168344846076585,8.23991078285902e-05,8.76745534829082e-05,8.24074640751737e-05,8.4272188618062e-05
6.5736029721819e-06,0.000115143983191568,9.40681171535118e-06,8.14135591654663e-05,1.06267959129047e-05,6.88664081816004e-07,7.38228334679421e-05,0.000390258372476225,0.0150979182501316,9.06500827038345e-06,1.15023495820057e-06,0.000169690946103751,8.27375860678048e-05,8.7768956612555e-05,8.26331291279292e-05,8.48299472924197e-05
4.94481512092193e-06,0.000115351674564335,9.39446619807605e-06,8.14642885857975e-05,1.01424951612916e-05,6.83232255341282e-07,6.41016604921019e-05,0.000385340350359435,0.014897799831336,1.00085739861025e-05,2.11574206133297e-06,0.000170508945355363,8.14305992310471e-05,8.61374796344849e-05,8.12305620402354e-05,8.36966686773577e-05
3.31481760218466e-06,0.000115549547403559,9.38219222113013e-06,8.15353530564389e-05,9.64482647736187e-06,6.81325013726641e-07,5.33527803246888e-05,0.000381553112697243,0.0146970136382408,1.07262130686434e-05,2.93701069728133e-06,0.000170752519311757,8.06765036240886e-05,8.50835465103783e-05,8.03932166393295e-05,8.31532235938681e-05
1.68315898640969e-06,0.000115737326458754,9.36994860789575e-06,8.16310585803892e-05,9.13304726168906e-06,6.80021414400933e-07,4.18524036677501e-05,0.000378750453577248,0.0144961016997026,1.12216615570598e-05,3.60736616003207e-06,0.000170640758377638,8.03858678031233e-05,8.45197807047837e-05,8.00327238572596e-05,8.31014353591675e-05
4.93121274924846e-08,0.00011591472465744,9.35773890331504e-06,8.17546638417488e-05,8.60672257119166e-06,6.78046082336348e-07,2.98659277985966e-05,0.000376770853628878,0.0142954063479309,1.15024451561568e-05,4.12210729505702e-06,0.000170285327261932,8.0191129850915e-05,8.40665148608144e-05,7.9784643839842e-05,8.31550138246095e-05
1.58730484711711e-06,0.00011608144932107,9.34557324305807e-06,8.19083859062708e-05,8.06572532680017e-06,6.76018708428705e-07,1.76455889918565e-05,0.000375443766858949,0.0140952126137532,1.15795395607192e-05,4.47800147657454e-06,0.000169672759887607,7.97654940392079e-05,8.33871323756563e-05,7.93240190917199e-05,8.29698752453645e-05
3.22730821356032e-06,0.000116237208027337,9.3334406832124e-06,8.20934626432068e-05,7.51019971884093e-06,6.75090416082935e-07,5.42791998048515e-06,0.000374595581835599,0.013895855265002,1.14672502101706e-05,4.67484496197851e-06,0.000168751092441854,7.91250586679171e-05,8.25029668490851e-05,7.86663012672939e-05,8.25579260056442e-05
4.8713308786752e-06,0.000116381712907065,9.32135164721792e-06,8.23103850904339e-05,6.94041473403573e-06,6.69832842414841e-07,6.57191025297397e-06,0.00037404964755345,0.0136975559029318,1.11828622804569e-05,4.7177579689979e-06,0.000167916844839966,8.01319259660094e-05,8.33582403789723e-05,7.96696743947667e-05,8.38519634855928e-05
6.52000599266067e-06,0.000116514684250113,9.30939595300551e-06,8.25585352218772e-05,6.35702181628339e-06,6.63738241590828e-07,1.8165814109645e-05,0.000373624775365023,0.0135001986878227,1.07456111306637e-05,4.61278383312447e-06,0.00016695040475817,7.92099787709777e-05,8.22267311046954e-05,7.87632716812148e-05,8.31270070460466e-05
8.1739443569262e-06,0.000116635858681824,9.29752285205865e-06,8.28364533754788e-05,5.76090162118792e-06,6.61999434284355e-07,2.91836938484145e-05,0.000373160606432565,0.0133041906525086,1.01762883954467e-05,4.36738206242154e-06,0.000165522776923777,7.78743541330895e-05,8.06911608438599e-05,7.74572204580437e-05,8.19556859300574e-05
9.83372219964807e-06,0.000116744990824369,9.2856515327977e-06,8.31421433178381e-05,5.15297536107795e-06,6.62857881167378e-07,3.94804459195415e-05,0.00037251037214332,0.0131100363365208,9.49701319175742e-06,3.99493966488432e-06,0.000163762694966929,7.71724086344738e-05,7.98455359463102e-05,7.67936851175932e-05,8.14245913443035e-05
1.14998698461655e-05,0.000116841854811311,9.27375536718955e-06,8.34729883093521e-05,4.53429574293063e-06,6.64126267299614e-07,4.894061450319e-05,0.000371536958346749,0.0129180222599497,8.73022698393343e-06,3.51145894792945e-06,0.000161821894729797,7.66879934239739e-05,7.92557863645849e-05,7.63558048003654e-05,8.10984791649316e-05
1.3172859520294e-05,0.000116926247220817,9.26184025273891e-06,8.38258260116298e-05,3.90603996558436e-06,6.64197922342624e-07,5.74771789462147e-05,0.000370116884324848,0.0127283011090123,7.89806362170005e-06,2.93291803373993e-06,0.000159818322437666,7.65074388144882e-05,7.90104859413887e-05,7.62294778613448e-05,8.10663944872392e-05
1.48530952077675e-05,0.000116997989479062,9.24992333017904e-06,8.41969818887733e-05,3.26953309598421e-06,6.64729104607464e-07,6.50300391023087e-05,0.000368142976544623,0.0125409708659624,7.02252606062902e-06,2.2755387897623e-06,0.000157646235571351,7.56722733690207e-05,7.8110575932766e-05,7.54556115794003e-05,8.03286086140664e-05
1.65409043764164e-05,0.000117056929808124,9.23800512730999e-06,8.45825707510572e-05,2.6260676092571e-06,6.62742067059074e-07,7.15638668494257e-05,0.000365528103795258,0.0123561829610796,6.12408196815773e-06,1.55568662003544e-06,0.000155522147178788,7.59881180342203e-05,7.84346874015407e-05,7.58363228190451e-05,8.07659391601767e-05
1.82365343113222e-05,0.000117102942590597,9.22614573251046e-06,8.49783693074313e-05,1.97704292320688e-06,6.59469220745668e-07,7.70697935485717e-05,0.000362197472599531,0.0121738439989278,5.22269092585703e-06,7.91131566379305e-07,0.000153365693983887,7.53144743974588e-05,7.7752349925686e-05,7.52303207013361e-05,8.01462608044368e-05
1.99401459581861e-05,0.00011713593050322,9.21436591871938e-06,8.53800929515591e-05,1.32379961076401e-06,6.53208503981206e-07,8.15597685405044e-05,0.000358100684803067,0.0119940041810767,4.33616272473575e-06,1.57325161231903e-09,0.000151308206071121,7.56408134071629e-05,7.81320959973852e-05,7.56244676826112e-05,8.05442390300337e-05
2.16518139084521e-05,0.000117155822876636,9.20271656967842e-06,8.57832835988726e-05,6.67754592786896e-07,6.47598658004567e-07,8.50671111824834e-05,0.000353203429388629,0.0118165835428348,3.48168400499753e-06,8.04218265405832e-07,0.000149102488901376,7.43756857420896e-05,7.68746951959054e-05,7.44253434110664e-05,7.92568511204239e-05
2.33715237633048e-05,0.00011716257702088,9.1911691724178e-06,8.61836564433061e-05,1.0171479158938e-08,6.41159204076147e-07,8.76402375647568e-05,0.000347501065003285,0.0116418067943596,2.67333818717989e-06,1.60085400416343e-06,0.000146860928994519,7.43472612280138e-05,7.69210735708237e-05,7.44591164234532e-05,7.92361963959376e-05
2.50991778769638e-05,0.000117156173751742,9.17977825176663e-06,8.65770823722523e-05,6.47784256402328e-07,6.31213821239429e-07,8.93456303187072e-05,0.000340997530264859,0.0114695655560367,1.92271650662223e-06,2.37605615317077e-06,0.000144766920069872,7.43813090284817e-05,7.70461024838243e-05,7.45502707079071e-05,7.9258364531154e-05
2.68345965899197e-05,0.000117136617392322,9.1685975778244e-06,8.69595099577403e-05,1.30493605765558e-06,6.20183112309824e-07,9.02623193464424e-05,0.000333715009771055,0.0112997501111974,1.24042736673924e-06,3.11482018562972e-06,0.000142660803634898,7.37018013267088e-05,7.64389446147318e-05,7.39219570922156e-05,7.85149225842607e-05
2.85775217860884e-05,0.000117103934770713,9.15763234687894e-06,8.73271960158961e-05,1.96024744303358e-06,6.08770172882966e-07,9.0477786468417e-05,0.000325697935749813,0.011132432550294,6.34492763135732e-07,3.80444170432551e-06,0.000140502097433659,7.31907303311852e-05,7.6014916673306e-05,7.34554437582524e-05,7.79291734472887e-05
3.03276238888817e-05,0.000117058172058981,9.14688448361289e-06,8.76767086818164e-05,2.61278966817713e-06,5.98203855270429e-07,9.00866833696697e-05,0.000317005653459385,0.0109676928821388,1.1078523951341e-07,4.43293412105694e-06,0.000138205991087048,7.22172236798935e-05,7.51151551175999e-05,7.25179791685182e-05,7.68444062401175e-05
3.20845094140543e-05,0.000116999391731265,9.13638040667131e-06,8.80051840835838e-05,3.26194351407683e-06,5.80874634781292e-07,8.91889574697056e-05,0.000307706853252059,0.0108055115231661,3.29238130423607e-07,4.99465715475891e-06,0.000136304208911031,7.36614371122934e-05,7.67325901748217e-05,7.39939324401195e-05,7.82725700502196e-05
3.38477303817308e-05,0.000116927668322275,9.12625002547074e-06,8.8309831775879e-05,3.90693177909629e-06,5.63286516666595e-07,8.78897590387701e-05,0.000297866323933354,0.0106454550086568,6.82629467388656e-07,5.47871384523613e-06,0.000134347144243263,7.19268300611864e-05,7.50417421772065e-05,7.22789793916601e-05,7.63672529350279e-05
3.56167856008227e-05,0.000116843092071051,9.11642072565222e-06,8.85883519480268e-05,4.54716766229435e-06,5.49218238429794e-07,8.6288195556206e-05,0.00028758500611538,0.0104878804018774,9.48746662064016e-07,5.87842792787452e-06,0.000132090031499721,7.08640781269532e-05,7.40473263972641e-05,7.12292169419149e-05,7.51563135824584e-05
3.73911347444356e-05,0.000116745761382431,9.10685069333006e-06,8.88390331714728e-05,5.1823308250265e-06,5.36189530900288e-07,8.44819766521456e-05,0.000276965245653452,0.0103330188186226,1.13066721777718e-06,6.19096081342849e-06,0.000129695612019864,7.00843246517202e-05,7.33434451097859e-05,7.04542727779645e-05,7.42363291362791e-05
3.91702074251654e-05,0.000116635780035401,9.09753292743787e-06,8.9060590070078e-05,5.81221199724702e-06,5.22770971234099e-07,8.25651941014144e-05,0.000266109171376149,0.0101809720950626,1.2328120997795e-06,6.4149740048626e-06,0.000127258467592373,6.95539513454468e-05,7.28924068122971e-05,6.99219750934787e-05,7.35746805315962e-05
4.09534125660471e-05,0.000116513254140971,9.08851624470408e-06,8.92522661105621e-05,6.43681651080197e-06,5.03388681821759e-07,8.0627438722446e-05,0.000255112378333847,0.0100316200629717,1.26170471505414e-06,6.55460992942877e-06,0.000125171311927741,7.04969204892159e-05,7.39649299825729e-05,7.08616044720056e-05,7.44535358228049e-05
4.27401473485078e-05,0.000116378289337526,9.07992146115255e-06,8.94135417811581e-05,7.05608564405269e-06,4.81072465779997e-07,7.8753172219125e-05,0.000244058430779281,0.00988454783843104,1.22291478025066e-06,6.6105131588147e-06,0.000123230836621524,6.98260938288842e-05,7.33475814810314e-05,7.01792137522972e-05,7.3646217901624e-05
4.45298015323559e-05,0.000116230992440958,9.07175663189541e-06,8.95442926631684e-05,7.67006033591811e-06,4.59307250663676e-07,7.70154345589032e-05,0.000233043767379514,0.00973977429749848,1.12257394106071e-06,6.58479005899784e-06,0.000121212311016472,6.90751969499859e-05,7.26354037744459e-05,6.94128463234467e-05,7.27587632861626e-05
4.63217676706096e-05,0.00011607146697179,9.06402790357141e-06,8.96449040825864e-05,8.27901566602396e-06,4.35374430632351e-07,7.54782726884855e-05,0.000222159794165609,0.00959731232940997,9.68978693557208e-07,6.48439907028481e-06,0.000119312159234441,6.91416687006452e-05,7.27616503661821e-05,6.94627556082628e-05,7.27315872396384e-05
4.81154491965841e-05,0.000115899810398612,9.05677893703327e-06,8.97160169287536e-05,8.88321952152715e-06,4.11008163836435e-07,7.41970083182454e-05,0.000211486408873598,0.00945702031485399,7.70208975836947e-07,6.31387038563247e-06,0.00011741073741689,6.82921787157342e-05,7.1922486833742e-05,6.85908313163841e-05,7.17532155222189e-05
4.99102653762629e-05,0.000115716114227116,9.0500107912117e-06,8.97586407964113e-05,9.48307758361078e-06,3.8507553930256e-07,7.32154558938284e-05,0.000201102674674987,0.00931892033059493,5.34982064284887e-07,6.08136460105227e-06,0.000115599207466455,6.82928983278819e-05,7.19546793376269e-05,6.85707909680033e-05,7.16723012592624e-05
5.17056585944697e-05,0.000115520461075325,9.04375369237265e-06,8.97739957593791e-05,1.0078986685258e-05,3.59619440282177e-07,7.25680212672675e-05,0.000191074448022995,0.00918290945189862,2.71705756406345e-07,5.79324287892924e-06,0.000113734366169127,6.72578089772058e-05,7.08969509433111e-05,6.75104699706663e-05,7.05178130887552e-05
5.35010976752126e-05,0.000115312925544897,9.03797865192679e-06,8.97635668806185e-05,1.06714258545637e-05,3.35031150877629e-07,7.22770187764598e-05,0.000181467264632177,0.00904911993966338,1.11876582129789e-08,5.45798088151181e-06,0.000111795967497608,6.66824652489906e-05,7.03051796648868e-05,6.69121950301887e-05,6.98548205614324e-05
5.5296083668388e-05,0.000115093571702585,9.03267694174481e-06,8.97290425593278e-05,1.12609195672408e-05,3.11049490081539e-07,7.23554727242451e-05,0.000172333258552568,0.00891759882350451,3.05343336614903e-07,5.084793505198e-06,0.000109800575336494,6.59384090729853e-05,6.95265840743309e-05,6.61457755460892e-05,6.90269569098012e-05
5.70901529985957e-05,0.000114862452804565,9.02785057577127e-06,8.96722956800211e-05,1.18480606985383e-05,2.85135354619048e-07,7.28072800466827e-05,0.00016371229002757,0.00878834862939309,6.02678096435549e-07,4.68525670584835e-06,0.000107934805142706,6.60450159758463e-05,6.96210979655998e-05,6.62362625075685e-05,6.90997908181501e-05
5.88828804118924e-05,0.00011461961036463,9.02354423981677e-06,8.95952296916525e-05,1.24333701389534e-05,2.58167202310533e-07,7.36290089596611e-05,0.000155626346623797,0.00866119225498624,8.96089163995136e-07,4.2681196530843e-06,0.000106137859882782,6.54731067462055e-05,6.89995593342596e-05,6.56485272300111e-05,6.84743443772895e-05
6.06738789157291e-05,0.000114365076000711,9.01976449596553e-06,8.9499805306148e-05,1.30173695329638e-05,2.30625433819687e-07,7.4808192014637e-05,0.000148092382185804,0.00853610270164938,1.17924011951048e-06,3.84247321582459e-06,0.000104385596780554,6.51570381692279e-05,6.86341007216651e-05,6.53217839878817e-05,6.81268821598469e-05
6.24628012395601e-05,0.000114098870650503,9.01652728035884e-06,8.93880045288453e-05,1.36005754602098e-05,2.02339015598074e-07,7.6325829449614e-05,0.000141114860495163,0.00841300545254854,1.44642958098659e-06,3.41737654574112e-06,0.000102694905607492,6.47747827033918e-05,6.81912990865285e-05,6.4932614216584e-05,6.77202824992396e-05
6.42493400356825e-05,0.000113821004454895,9.01388432072991e-06,8.92618706103132e-05,1.418360519298e-05,1.6748023058677e-07,7.81582115167715e-05,0.000134681881301188,0.00829166583613066,1.69238094414509e-06,3.00685746800616e-06,0.000101510697970375,6.62850126612602e-05,6.97055218807918e-05,6.64502673139999e-05,6.92989093827867e-05
6.60332289651455e-05,0.000113531474188022,9.01206217718276e-06,8.91234416545705e-05,1.47671706839658e-05,1.14748594348679e-07,8.02826553399863e-05,0.000128741631981496,0.00817108357461487,1.91238055486249e-06,2.63024809307733e-06,0.000101706662964163,7.08096839939776e-05,7.43387682529129e-05,7.10039328370993e-05,7.40297730112971e-05
6.78142391420389e-05,0.000113230265209818,9.01140403963829e-06,8.89742502904189e-05,1.53514628520313e-05,5.40906605617231e-08,8.2676875074957e-05,0.000123212042018336,0.00804971391737458,2.10417548659527e-06,2.28488797533385e-06,0.000102578022541211,7.00857593378679e-05,7.35122948066769e-05,7.02854017653465e-05,7.32798008088453e-05
6.95921677567046e-05,0.000112917363831344,9.0118662148253e-06,8.88155591700635e-05,1.59364426010056e-05,3.36028994907256e-09,8.53036960890589e-05,0.00011806895098555,0.00792762294264697,2.26697890813953e-06,1.95828857928876e-06,0.000102825014417163,6.68711757535467e-05,7.00951470822275e-05,6.70650227869718e-05,6.99317093716401e-05
7.13668385664556e-05,0.000112592754339058,9.01319646184895e-06,8.86487689319981e-05,1.65223590615216e-05,3.48295816909872e-08,8.8117526021091e-05,0.000113318735719351,0.00780576080572447,2.39917057073126e-06,1.65086587495047e-06,0.000102234755521402,6.4153512593812e-05,6.7194724424513e-05,6.43451567284847e-05,6.71096595361576e-05
7.31381041962909e-05,0.000112256413793976,9.01521694562923e-06,8.84753540388861e-05,1.71096794160108e-05,7.02551248843442e-08,9.10734413767247e-05,0.000108952123582912,0.0076847865947864,2.49873903159469e-06,1.37550506000214e-06,0.000101524267536957,6.42907768864109e-05,6.72562879818761e-05,6.4499066052881e-05,6.72738647106152e-05
7.49058448866746e-05,0.000111908311154485,9.01792236795984e-06,8.82964955613019e-05,1.76985923957262e-05,1.03793814890119e-07,9.41309390933362e-05,0.00010492678854823,0.00756463771183483,2.56495838220936e-06,1.13517329878438e-06,0.000100720898754514,6.2893692763355e-05,6.57286701716275e-05,6.31124847345621e-05,6.58426064454876e-05
7.66699614582755e-05,0.000111548414413964,9.02123603263583e-06,8.81131577080696e-05,1.82891384905848e-05,1.33132005766812e-07,9.72472812969217e-05,0.000101211496886699,0.00744560158456323,2.59844193776683e-06,9.2982637579786e-07,9.96324147962135e-05,6.16361803702503e-05,6.43470126080459e-05,6.1870984697121e-05,6.45611415234226e-05
7.8430373064764e-05,0.000111176690375081,9.02508326561247e-06,8.79261851566282e-05,1.88813606444016e-05,1.59249247455584e-07,0.000100381114306777,9.7771773392702e-05,0.00732797140510236,2.60035949565652e-06,7.62802103551619e-07,9.83177240068689e-05,6.05547174322707e-05,6.31507601023262e-05,6.08108949604613e-05,6.34669401337051e-05
8.01870139313099e-05,0.000110793105814633,9.02940433844535e-06,8.77362359693601e-05,1.94752134184406e-05,1.82420530528415e-07,0.000103493616011656,9.45689047894474e-05,0.00721199623607376,2.5725769521729e-06,6.35229786861979e-07,9.67764416002215e-05,5.94060931143892e-05,6.18888163378406e-05,5.96865609581165e-05,6.23046642284075e-05
8.19398297194907e-05,0.000110397628982128,9.03414994324336e-06,8.75438065458534e-05,2.0070614794615e-05,2.04213530100028e-07,0.000106549047567788,9.15620941779224e-05,0.00709789909456214,2.51741740089082e-06,5.49082212655816e-07,9.51220539353037e-05,5.88134899265347e-05,6.12057681602662e-05,5.9124873345473e-05,6.17216879402749e-05
8.3688774368651e-05,0.000109990230085621,9.03931488771548e-06,8.73492189187308e-05,2.06674382685346e-05,2.26879777701083e-07,0.000109516349388695,8.87022981511267e-05,0.00698570818669332,2.43757222789868e-06,5.06621930639745e-07,9.35333617346767e-05,5.8703196152643e-05,6.10246074997933e-05,5.90511002066529e-05,6.16387579930322e-05
8.54338060692905e-05,0.000109570883016552,9.04491357500703e-06,8.71525633161507e-05,2.12654167817683e-05,2.49033766538953e-07,0.000112368864994329,8.59381092748319e-05,0.00687536740921292,2.33637538179107e-06,5.03773855013712e-07,9.1881396819038e-05,5.78010302618726e-05,6.00291332938374e-05,5.81809476006834e-05,6.07276690535175e-05
8.71748829866514e-05,0.000109139567708971,9.05092367253779e-06,8.69537774357276e-05,2.18642643535494e-05,2.70480593714262e-07,0.000115083058481813,8.32288210119191e-05,0.0067670091107008,2.2173223492761e-06,5.37599071225026e-07,9.01478789665511e-05,5.72911250673602e-05,5.94424086938217e-05,5.77065170821456e-05,6.02200521989671e-05
8.89119608018518e-05,0.000108696269657704,9.0573429005758e-06,8.67526617452929e-05,2.24636840955306e-05,2.92248465663669e-07,0.000117640295420384,8.05326627910763e-05,0.00666066963761986,2.08382027876488e-06,6.06424850040782e-07,8.84162295505808e-05,5.69354259594146e-05,5.90187345499427e-05,5.738719037085e-05,5.98672804313916e-05
9.06449897875028e-05,0.000108240980550733,9.06419266466507e-06,8.6548884874138e-05,2.30633727198171e-05,3.16404433778339e-07,0.00012002691946499,7.78064880138647e-05,0.0065562670319104,1.93922147051325e-06,7.10141369993089e-07,8.68788184656411e-05,5.73463384084816e-05,5.93880903131394e-05,5.78396962788164e-05,6.03040628355256e-05
9.23739120784473e-05,0.000107773698655667,9.07152439677539e-06,8.63419465798598e-05,2.36629357759921e-05,3.42189270766124e-07,0.000122234434376851,7.50043775549085e-05,0.00645355662851299,1.78713206421367e-06,8.43037906254895e-07,8.54660276948804e-05,5.70517781151025e-05,5.90334732588627e-05,5.75793203774211e-05,5.9999366087693e-05
9.4098658451891e-05,0.000107294430640392,9.07935997873643e-06,8.61312393616309e-05,2.42619781232745e-05,3.69433112185069e-07,0.000124257834169636,7.20925902366785e-05,0.00635244421349487,1.6310393075742e-06,1.00033578856462e-06,8.41772893539483e-05,5.71799002946349e-05,5.91159514874429e-05,5.77429215445902e-05,6.01245804180417e-05
9.58191468943825e-05,0.000106803190473292,9.08774614294394e-06,8.59160862426434e-05,2.48601524910075e-05,4.00218956045362e-07,0.000126096810559334,6.90355874722715e-05,0.00625267860481461,1.47385837223061e-06,1.18187997736122e-06,8.32361999910658e-05,5.80630296130868e-05,5.99758886825619e-05,5.86652159744183e-05,6.10234002708099e-05
9.75352806880103e-05,0.000106299999738879,9.09674381599501e-06,8.56956754655691e-05,2.54569947060745e-05,4.31807199538503e-07,0.000127755113050773,6.5799140806334e-05,0.00615391153127659,1.31887968126199e-06,1.37654333502366e-06,8.2371119925706e-05,5.73232803912083e-05,5.9169887803856e-05,5.79465976144888e-05,6.02287097982712e-05
9.9246946167364e-05,0.000105784889673166,9.10634193140858e-06,8.54691661216211e-05,2.60520848624629e-05,4.63016016361006e-07,0.000129238103131218,6.23747843281165e-05,0.00605620383241365,1.1689500131991e-06,1.57666014754393e-06,8.14781614099092e-05,5.71062122280974e-05,5.89019121832735e-05,5.77515558487507e-05,5.99670517835715e-05
0.000100954012992815,0.00010525789910687,9.11653448354421e-06,8.5235711326459e-05,2.66450266617202e-05,4.93190853878556e-07,0.000130554096471806,5.87581676816347e-05,0.00595957989264799,1.02623863309261e-06,1.77562093220049e-06,8.04743863430102e-05,5.6226271424098e-05,5.79564686450373e-05,5.6883568007593e-05,5.90118582100008e-05
0.000102656333839879,0.000104719074983772,9.12728887692005e-06,8.49944771431632e-05,2.72354368383299e-05,5.21595467137259e-07,0.000131712959730032,5.49592022313534e-05,0.00586424679479068,8.92629080113999e-07,1.96674106902814e-06,7.92635257101937e-05,5.53534554045276e-05,5.70208449871545e-05,5.60191026102164e-05,5.80586326598409e-05
0.000104353745312535,0.000104168471039445,9.13858583850846e-06,8.4744694208716e-05,2.7823028682164e-05,5.50629490919663e-07,0.000132726618088949,5.09889175452002e-05,0.00577033883071504,7.69141781331613e-07,2.15277335142289e-06,7.81162600671514e-05,5.56640827089616e-05,5.72981922951632e-05,5.63464376202027e-05,5.83245645765507e-05
0.000106046068899524,0.000103606146688584,9.15044680183108e-06,8.44856016777307e-05,2.8407471096642e-05,5.7992666178952e-07,0.000133609259702827,4.68494567736523e-05,0.00567773057761355,6.56950256909271e-07,2.32892962312437e-06,7.69678233263904e-05,5.50623685019458e-05,5.66435434569135e-05,5.57491569304069e-05,5.76420709574865e-05
0.000107733111203767,0.000103032167919626,9.16287682994898e-06,8.42164973667847e-05,2.89885038768506e-05,6.10851953145031e-07,0.000134375847284429,4.25526734558308e-05,0.00558641403850306,5.56865887268181e-07,2.49669015248144e-06,7.60101073777886e-05,5.58505314048885e-05,5.74083705138229e-05,5.65527630180807e-05,5.83891688900051e-05
0.000109414665294127,0.000102446605538931,9.17591137872265e-06,8.39367044360717e-05,2.95658295175333e-05,6.4200845666107e-07,0.000135042854548333,3.81022917083558e-05,0.00549615132127718,4.6967139058188e-07,2.64848672562254e-06,7.50449423060351e-05,5.49978519277516e-05,5.64981849436874e-05,5.56952725531135e-05,5.7437633956936e-05
0.000111090511184686,0.000101849536403242,9.18954068174216e-06,8.36456249754258e-05,3.0139219221903e-05,6.7342579436469e-07,0.000135626210633354,3.35228657172354e-05,0.00540705009834765,3.95770061307455e-07,2.78224606211144e-06,7.40981397893137e-05,5.52262109274615e-05,5.6689353352013e-05,5.59271529249061e-05,5.759648110093e-05
0.000112760417932845,0.000101241040988076,9.20378024082957e-06,8.3342742683068e-05,3.0708484079392e-05,7.0535469817723e-07,0.000136142388450385,2.88306380912867e-05,0.00531900614110555,3.34907388368772e-07,2.89707235403072e-06,7.31954113608047e-05,5.49617203698949e-05,5.63775811155409e-05,5.56581460852135e-05,5.72443058610705e-05
0.000114424144964598,0.000100621203507623,9.21863808422962e-06,8.30276217902437e-05,3.12734722536789e-05,7.38122668805796e-07,0.000136607241215219,2.40470089929548e-05,0.00523197840344951,2.86725302427491e-07,2.9931399989809e-06,7.24025538720308e-05,5.53025434664178e-05,5.66799155019559e-05,5.59984906572941e-05,5.75118162118304e-05
0.000116081443868349,9.9990110633108e-05,9.23413787390359e-06,8.26999072925938e-05,3.18340705954129e-05,7.72194378176327e-07,0.000137036306296282,1.91866353238004e-05,0.00514576717412729,2.50536910661334e-07,3.07196725006856e-06,7.1810302460007e-05,5.57125207073517e-05,5.70500393747286e-05,5.64064463067782e-05,5.7847077330142e-05
0.000117732059809972,9.93478511943646e-05,9.25030275711336e-06,8.23593130293565e-05,3.23901794090087e-05,8.07179408118808e-07,0.000137444219380511,1.4264329933397e-05,0.00506015505281198,2.25693461053498e-07,3.1316017686453e-06,7.13754852878501e-05,5.59211518896818e-05,5.72127884159723e-05,5.66085453360676e-05,5.79721579058168e-05
0.000119375732996335,9.86945157835928e-05,9.26714380211635e-06,8.20056312474948e-05,3.29417220741035e-05,8.42276973084255e-07,0.000137844298022261,9.30088221802547e-06,0.00497502226556472,2.1139895780107e-07,3.1680835070845e-06,7.09674517029302e-05,5.5687589197162e-05,5.69243760389915e-05,5.63615290405384e-05,5.76414459591001e-05
0.000121012200376885,9.80301963566799e-05,9.28465040783699e-06,8.16387469466662e-05,3.34886347662031e-05,8.75978564546243e-07,0.000138248008495669,4.32988708620143e-06,0.00489048746737978,2.06683031868784e-07,3.17276237668876e-06,7.02590064780573e-05,5.43165448603222e-05,5.54823710771091e-05,5.49628326803608e-05,5.61457552629152e-05
0.000122641197850132,9.7354985560627e-05,9.30279415634061e-06,8.12586780569724e-05,3.40309381971424e-05,9.090716270449e-07,0.000138664694989507,6.03515489926705e-07,0.00480690340680867,2.09949630821225e-07,3.15157473183142e-06,6.94153992466529e-05,5.43122824442355e-05,5.54223238742324e-05,5.49471074184904e-05,5.60533704905275e-05
0.000124262462841251,9.66689750648841e-05,9.32157520017185e-06,8.08655459696439e-05,3.45686769864101e-05,9.4235765418782e-07,0.0001391023275496,5.47485091055063e-06,0.00472427902848714,2.19416810207458e-07,3.11124075486405e-06,6.85862532123216e-05,5.42177853996018e-05,5.52696951386933e-05,5.48407731331135e-05,5.58717529852704e-05
0.000125875735924569,9.597225577751e-05,9.34099622429407e-06,8.04595448954393e-05,3.51018932747832e-05,9.75732975805332e-07,0.000139567057691727,1.02621945518839e-05,0.00464262309843102,2.3381510575966e-07,3.05243663763569e-06,6.77256199184129e-05,5.40266653061838e-05,5.5017928036416e-05,5.46373524180632e-05,5.55937552678687e-05
0.000127480762292506,9.52649175132159e-05,9.36106076609988e-06,8.00409413386216e-05,3.56306571460338e-05,1.00952257504894e-06,0.000140063488943577,1.49463185538543e-05,0.00456193659324871,2.51860751056978e-07,2.98031271640797e-06,6.69409606430804e-05,5.43705556356189e-05,5.53036765572612e-05,5.49763169953588e-05,5.58640932144527e-05
0.000129077293032687,9.45470485128608e-05,9.38177983900168e-06,7.96100533634325e-05,3.61550491370724e-05,1.0438986345479e-06,0.000140594898410738,1.95186174627272e-05,0.00448206950815986,2.72319478846022e-07,2.89924855836898e-06,6.63089582245702e-05,5.47723249068044e-05,5.56453197531059e-05,5.53746616669404e-05,5.61947585445699e-05
0.000130665085945447,9.3818735410478e-05,9.40316302622257e-06,7.91672331118543e-05,3.66751497199447e-05,1.07858039262443e-06,0.000141163146832794,2.39723987010239e-05,0.00440287822656639,2.941567781607e-07,2.80846066569307e-06,6.57386967483631e-05,5.47775947467022e-05,5.55857762327694e-05,5.53723094705028e-05,5.61226943237569e-05
0.000132243906226043,9.30800631460116e-05,9.42521417868214e-06,7.87128690095118e-05,3.71910510892498e-05,1.11342725991892e-06,0.000141768678179598,2.82971305737336e-05,0.00432432751082311,3.16330432850484e-07,2.70897167869988e-06,6.52020492579175e-05,5.49005696530713e-05,5.56424097644115e-05,5.54900330009822e-05,5.61721281330252e-05
0.000133813527182024,9.23311146963091e-05,9.44793690083046e-06,7.82473815117424e-05,3.77028551579485e-05,1.14848774430965e-06,0.000142410658557021,3.24870203558845e-05,0.00424633755608038,3.37738943322082e-07,2.60548220225656e-06,6.47868404584084e-05,5.5352853154278e-05,5.6027378730783e-05,5.59422684835997e-05,5.65579099666147e-05
0.000135373730706538,9.15719709944085e-05,9.47133502360309e-06,7.77712058667168e-05,3.82106621185478e-05,1.18367445364753e-06,0.00014308706071728,3.65427919517423e-05,0.00416875400991774,3.57424120674672e-07,2.49962871624529e-06,6.4478319280914e-05,5.55796238780326e-05,5.61842599176021e-05,5.61672243946099e-05,5.67161290325746e-05
0.000136924307473398,9.08027110051446e-05,9.49540962391637e-06,7.72847852088532e-05,3.87145696794404e-05,1.21885784534759e-06,0.000143794752176199,4.04627842484382e-05,0.00409150657144095,3.74592985123217e-07,2.39034326418586e-06,6.41775513116616e-05,5.5527534149391e-05,5.6060376306899e-05,5.6110984441804e-05,5.6593368208846e-05
0.000138465057122786,9.00234117628962e-05,9.52015979538423e-06,7.67885728312212e-05,3.92146725510505e-05,1.25396160054192e-06,0.000144529652601766,4.42446171830093e-05,0.00401457789018989,3.88498641843532e-07,2.28158754546695e-06,6.39531659832326e-05,5.59443071355137e-05,5.64038566699399e-05,5.65309347360099e-05,5.69472983158459e-05
0.000139995788364796,8.92341484730608e-05,9.54558305332753e-06,7.62830187264196e-05,3.97110576753901e-05,1.28888081624146e-06,0.000145286878079923,4.78955374761973e-05,0.00393781808026064,3.98487818077417e-07,2.17793101347022e-06,6.38919553194173e-05,5.64955690932623e-05,5.68801154645637e-05,5.70883427944979e-05,5.74384140058504e-05
0.000141516318725769,8.84349946790319e-05,9.57167547799287e-06,7.57685533683272e-05,4.02038059026926e-05,1.32364425145526e-06,0.000146060914430539,5.14246570742724e-05,0.00386108056210127,4.04120930357463e-07,2.07707240675037e-06,6.38643782404635e-05,5.6426621938277e-05,5.67366586867735e-05,5.70186862903777e-05,5.73040146719661e-05
0.000143026474185445,8.76260223952041e-05,9.59843456427301e-06,7.52455940181695e-05,4.06929868036476e-05,1.35828510722247e-06,0.000146845845948333,5.48328860871105e-05,0.00378439705332261,4.05070948064406e-07,1.97793465724419e-06,6.37891398320156e-05,5.63745299694274e-05,5.66094714210541e-05,5.69673793282544e-05,5.71884068210071e-05
0.000144526088991064,8.68073024558047e-05,9.62585514430181e-06,7.47145485581191e-05,4.11786455804738e-05,1.39238982413414e-06,0.000147635391296429,5.81259504589092e-05,0.00370774395023959,4.01064190687477e-07,1.88823633677851e-06,6.38726796613476e-05,5.72364273584425e-05,5.73910133543354e-05,5.78430771714933e-05,5.79951061547845e-05
0.000146015005250119,8.59789048841542e-05,9.65392582119584e-06,7.41757901585594e-05,4.16608284628459e-05,1.42616683483643e-06,0.000148422963060251,6.13211819802404e-05,0.00363091991585311,3.91922347957967e-07,1.80617048034168e-06,6.40072695223814e-05,5.71148876272742e-05,5.71948336032246e-05,5.77236296502859e-05,5.78125586294664e-05
0.000147493072173183,8.51408987886382e-05,9.68264520007089e-06,7.36296609520348e-05,4.21395715786074e-05,1.46004620406315e-06,0.000149202168424879,6.44216526760787e-05,0.00355400166758474,3.77708933082147e-07,1.72674958950556e-06,6.40049744457527e-05,5.67673120307477e-05,5.67747048557665e-05,5.73761964811625e-05,5.74041905510025e-05
0.000148960145688576,8.42933528504286e-05,9.71201500332697e-06,7.30764914452786e-05,4.2614880253318e-05,1.49386519333883e-06,0.000149966795644766,6.74277170252625e-05,0.00347713446421656,3.58437287319639e-07,1.6530849843259e-06,6.39296086551444e-05,5.68358484180909e-05,5.67677967490132e-05,5.74516695711624e-05,5.74157987206503e-05
0.000150416088145561,8.34363357601342e-05,9.74203552317476e-06,7.25165902858427e-05,4.30867578568445e-05,1.52803042331728e-06,0.000150710715058918,7.03443014610474e-05,0.00340040940014244,3.34144972797017e-07,1.58387181539363e-06,6.36908255723934e-05,5.63144365479662e-05,5.61779334433687e-05,5.69310547816615e-05,5.68380544068159e-05
0.000151860767874906,8.25699164193061e-05,9.7727108272494e-06,7.19502499560987e-05,4.35551592768563e-05,1.56169700818443e-06,0.000151428169613092,7.31749132616005e-05,0.00332396643238878,3.05235793587802e-07,1.52661009312702e-06,6.35145380691871e-05,5.71251933523254e-05,5.69068150219065e-05,5.77609468087603e-05,5.7596200489507e-05
0.000153294058714892,8.16941649501857e-05,9.80402224670662e-06,7.13777192096199e-05,4.40200313552228e-05,1.5943813422431e-06,0.000152113453457191,7.59428882041171e-05,0.0032476049260194,2.72135854070803e-07,1.48560732574771e-06,6.35203715366739e-05,5.77397313354933e-05,5.74426244397408e-05,5.83925064031598e-05,5.81576732269218e-05
0.000154715838828229,8.08091524089338e-05,9.8359533613479e-06,7.07991836863542e-05,4.44813241009187e-05,1.62640068274156e-06,0.000152761623369552,7.86694951517692e-05,0.0031711624488345,2.35529024764682e-07,1.45776315005341e-06,6.36265467806041e-05,5.81437591355982e-05,5.77716258317595e-05,5.88103246889071e-05,5.85073697332295e-05
0.000156125989561301,7.99149509793651e-05,9.86849514217347e-06,7.02147780512474e-05,4.49389769777847e-05,1.65824623100941e-06,0.000153368749721391,8.13695717876776e-05,0.00309457650919392,1.96000988233157e-07,1.43911184415438e-06,6.37276413918975e-05,5.82181297883455e-05,5.77766999503293e-05,5.88936310117472e-05,5.85269598009086e-05
0.000157524394568592,7.90116341460312e-05,9.90164985092967e-06,6.96246013712765e-05,4.53929192576197e-05,1.69049789396081e-06,0.000153931863787344,8.40499866731388e-05,0.00301791329087835,1.54001850568053e-07,1.42584235690926e-06,6.37172941621023e-05,5.80348734454672e-05,5.7529408309942e-05,5.8715596233716e-05,5.82894700138503e-05
0.000158910939291934,7.80992770975653e-05,9.93542410521187e-06,6.9028736385035e-05,4.58430426116263e-05,1.72265578024522e-06,0.000154448687819735,8.67146105166373e-05,0.00294128276805424,1.09992779796367e-07,1.42016499628597e-06,6.36837256566269e-05,5.83985211328741e-05,5.78213117191639e-05,5.90912626075024e-05,5.85967291780731e-05
0.000160285510578895,7.71779572545928e-05,9.96981572431999e-06,6.8427235087154e-05,4.62892531640641e-05,1.75517071371312e-06,0.000154917303201829,8.93721833555637e-05,0.00286470118684223,6.43484128682804e-08,1.41997215108783e-06,6.35632553062648e-05,5.82160457708314e-05,5.75782629335109e-05,5.89134766511012e-05,5.83606494911626e-05
0.000161647996091502,7.62477540375839e-05,1.00048300430977e-05,6.78201353104813e-05,4.67314145798786e-05,1.78713086169957e-06,0.000155336584526952,9.20272462401581e-05,0.00278825029294276,1.7707383526542e-08,1.42860589219182e-06,6.34953519954573e-05,5.89642891508646e-05,5.82501306900518e-05,5.96777675292426e-05,5.90490954477385e-05
0.000162998283999738,7.53087497534777e-05,1.00404506673257e-05,6.72074385877908e-05,4.71694110256854e-05,1.81872656700166e-06,0.00015570558445417,9.46942029576002e-05,0.00271182012216358,2.94666197519537e-08,1.44483191765951e-06,6.34569630917348e-05,5.91267721259392e-05,5.83492134266228e-05,5.98478982583028e-05,5.91550817776731e-05
0.000164336262119535,7.43610287868846e-05,1.00766769561833e-05,6.65891176893085e-05,4.76031226117751e-05,1.85020858918528e-06,0.000156024398567303,9.73793088206735e-05,0.00263542799687418,7.65762456686058e-08,1.46630212864013e-06,6.34138856873134e-05,5.94952466654863e-05,5.86516113862956e-05,6.02254085818599e-05,5.94643174599563e-05
0.000165661817821516,7.34046790944465e-05,1.01134678225367e-05,6.59651638125203e-05,4.80322708627523e-05,1.87563663812951e-06,0.000156292876652329,0.00010010367363516,0.00255879325770323,1.22624772010932e-07,1.51360343502577e-06,6.41226656178939e-05,6.32049506742449e-05,6.22234075188244e-05,6.39842760754572e-05,6.30798052398962e-05
0.000166974837403022,7.24397936671117e-05,1.01506873215751e-05,6.53354244769533e-05,4.84567806171704e-05,1.89749000871486e-06,0.00015650931835967,0.000102924168647309,0.00248094885903538,1.6728979683525e-07,1.57525019178067e-06,6.52614387666728e-05,6.34017102635331e-05,6.23620552556714e-05,6.41818044357922e-05,6.32132909161864e-05
0.000168275203426382,7.14664672371024e-05,1.0188241591047e-05,6.46997894947487e-05,4.88762197333181e-05,1.90409136630043e-06,0.000156673887674949,0.000105874250914509,0.00240127485310614,2.08509050425733e-07,1.68454947159155e-06,6.81708527607294e-05,7.39367472895047e-05,7.25946323580917e-05,7.4841268205228e-05,7.35562728010342e-05
0.000169562795362621,7.04848046051421e-05,1.0225749191406e-05,6.40578219119892e-05,4.92906677305865e-05,1.90471936034609e-06,0.000156780709417524,0.000109087262720114,0.00231723135937573,2.46930180131915e-07,1.80640718270772e-06,7.17728847411947e-05,6.92948930186565e-05,6.80186531214488e-05,7.01251688193238e-05,6.88988346045916e-05
0.00017083747945934,6.94948988126942e-05,1.0263424119028e-05,6.34088974987845e-05,4.97006178754866e-05,1.92511441159116e-06,0.000156838583525813,0.00011247495265395,0.00223018816055994,2.83851191158782e-07,1.84940998593924e-06,7.31817382250699e-05,6.2639181185431e-05,6.14822241344903e-05,6.3365146919514e-05,6.22553065509068e-05
0.000172099114735647,6.8496841366783e-05,1.03016441634907e-05,6.2752910293562e-05,5.01058315784814e-05,1.9598680934263e-06,0.000156859269665808,0.00011589045322558,0.00214253562074783,3.21277840138398e-07,1.83488360067097e-06,7.29955760877532e-05,5.97297249095297e-05,5.85918750410919e-05,6.04039418720115e-05,5.931573666762e-05
0.000173347561256976,6.74907299913485e-05,1.03406056131128e-05,6.2090007732718e-05,5.05060400510932e-05,2.00101375684436e-06,0.000156847430406831,0.000119255927516566,0.00205554664016069,3.60855633775867e-07,1.7953814365583e-06,7.20553243880873e-05,5.85452674090048e-05,5.73800839567262e-05,5.91964313098048e-05,5.80856087857295e-05
0.000174582683019453,6.64766668527772e-05,1.03803777296019e-05,6.1420433463244e-05,5.09010236560692e-05,2.04215625308757e-06,0.000156803353386916,0.000122542877667807,0.00196973306256275,4.02271680967075e-07,1.75485248418358e-06,7.102412453458e-05,5.94146150851849e-05,5.81682614261281e-05,6.00731692925738e-05,5.88832130720141e-05
0.000175804348850506,6.54547576459663e-05,1.04209378004594e-05,6.07443916724737e-05,5.12907072645064e-05,2.08290799214028e-06,0.000156725524755264,0.000125757031333791,0.00188505729562966,4.44666603718789e-07,1.71772985940039e-06,6.99585758792698e-05,5.95211682088426e-05,5.82192153206762e-05,6.01809515506924e-05,5.89349399419126e-05
0.000177012431255175,6.44251088895986e-05,1.04622852543645e-05,6.00620756546766e-05,5.16750106382136e-05,2.12288023657137e-06,0.000156614176289829,0.000128900093707338,0.0018015877902924,4.86781867231048e-07,1.68579294275439e-06,6.89114228368815e-05,6.03017427518449e-05,5.89280955185512e-05,6.09720214620468e-05,5.96507000801827e-05
0.000178206806694003,6.33878293195833e-05,1.05043877740574e-05,5.93736715809312e-05,5.2053824962206e-05,2.16060906722826e-06,0.000156469867790498,0.000131983888359039,0.00171920604055931,5.27687601020916e-07,1.66291066488328e-06,6.80279298340691e-05,6.13648063092498e-05,5.99137540712169e-05,6.20486975506651e-05,6.06442029392751e-05
0.000179387355120908,6.23430300376038e-05,1.05471766349563e-05,5.86793517788342e-05,5.24269964176927e-05,2.1928495379242e-06,0.000156293028245318,0.000135030057943092,0.00163759455252097,5.66427999444371e-07,1.65592062871187e-06,6.76090359800208e-05,6.35957367930429e-05,6.20341503297928e-05,6.43052422377721e-05,6.27818861766993e-05
0.000180553959090723,6.12908245350985e-05,1.05905474301338e-05,5.79791671889707e-05,5.27945147574538e-05,2.22235493568812e-06,0.000156083766259299,0.000138068743971608,0.00155624237149271,6.0277580638357e-07,1.65658145246175e-06,6.74153177007142e-05,6.41828029621649e-05,6.25645898048033e-05,6.489590283143e-05,6.33076405472943e-05
0.000181706501633128,6.02313262200171e-05,1.06344622454735e-05,5.72731725621001e-05,5.31562891548099e-05,2.2484690278407e-06,0.000155844327440212,0.000141109929011982,0.00147496985944077,6.36270816819696e-07,1.6640145832289e-06,6.75114388766218e-05,6.594863265319e-05,6.42382000691777e-05,6.66762658325659e-05,6.49862815150781e-05
0.000182844866786436,5.91646505909704e-05,1.06788565392701e-05,5.65613579929236e-05,5.35123152766714e-05,2.27388693603559e-06,0.000155576294814928,0.000144168875370467,0.00139345678137739,6.67331928123097e-07,1.67093649749983e-06,6.76685955978695e-05,6.60785889373683e-05,6.43303552323449e-05,6.67994073895173e-05,6.50638803522119e-05
0.000183968938062717,5.80909126914886e-05,1.07237388013992e-05,5.58437408428869e-05,5.38625357073275e-05,2.29873862944707e-06,0.000155282949915967,0.000147240543964823,0.0013117371105119,6.96090047804086e-07,1.67558010611205e-06,6.78803620325352e-05,6.70807880074342e-05,6.5267018548365e-05,6.78028419535126e-05,6.59941701187661e-05
0.000185078599785116,5.70102293401265e-05,1.07690896387069e-05,5.51203419419943e-05,5.42069115438137e-05,2.32348740081267e-06,0.000154966423789709,0.000150326075293953,0.00122970767891221,7.23076336866268e-07,1.67670110963469e-06,6.81072925929893e-05,6.74528413808773e-05,6.55953476070836e-05,6.81676825229349e-05,6.63092931458831e-05
0.000186173736696604,5.59227178565935e-05,1.08149063293705e-05,5.43912176592665e-05,5.45453683365449e-05,2.34670097026823e-06,0.000154628813593128,0.000153422016071355,0.00114734528043713,7.48451183552165e-07,1.6767861406794e-06,6.84673292994376e-05,6.86889273654456e-05,6.67592045445753e-05,6.9405134770828e-05,6.74685683820231e-05
0.000187254234878198,5.48284972150537e-05,1.08611471067999e-05,5.36564107102011e-05,5.48778735272593e-05,2.36837462362638e-06,0.000154270737030693,0.00015653409322526,0.00106444437313983,7.72580868657159e-07,1.67579963014294e-06,6.89600301956861e-05,6.94732435168044e-05,6.74879283594221e-05,7.01847920842047e-05,6.81878024590965e-05
0.000188319981721641,5.37276877290438e-05,1.09077384415901e-05,5.29160719500155e-05,5.52042150030185e-05,2.38069793978557e-06,0.000153891578859088,0.000159674943239111,0.000980656044014183,7.94813062225897e-07,1.68822787274467e-06,7.02056511179272e-05,7.33172157485473e-05,7.11708096804431e-05,7.40558373254485e-05,7.18900558159818e-05
0.000189370867117344,5.26204136294117e-05,1.09544647173276e-05,5.21701701944322e-05,5.55244179405168e-05,2.38597899522575e-06,0.000153486501760968,0.000162889407328375,0.000894986303464931,8.15594915419792e-07,1.70879689364439e-06,7.20245615277171e-05,7.45372385393406e-05,7.23250412595355e-05,7.52718036074462e-05,7.30351083183534e-05
0.000190406778295293,5.15067960169535e-05,1.10012690293093e-05,5.14185761728569e-05,5.58386099346608e-05,2.39093958209757e-06,0.000153054916978291,0.000166184767509262,0.000807140079017384,8.35494749942126e-07,1.72283043543484e-06,7.39121900824591e-05,7.50551545452005e-05,7.28044240566605e-05,7.57752962032843e-05,7.34965098845297e-05
0.000191427600427341,5.03869540903201e-05,1.10481981892008e-05,5.06611751949215e-05,5.61469285733363e-05,2.40234753519364e-06,0.000152598701428534,0.000169543995836954,0.000717267406290532,8.55915994355771e-07,1.71750366521548e-06,7.53521598555462e-05,7.3622678754548e-05,7.1403360529354e-05,7.43063837840285e-05,7.20601695727296e-05
0.000192433217384158,4.92610047925224e-05,1.10954060563717e-05,4.98980251946168e-05,5.64493593200044e-05,2.4197157025424e-06,0.000152121802519778,0.000172926251207894,0.000625991173051855,8.77792377955027e-07,1.69411489955515e-06,7.63722016697277e-05,7.34347112061329e-05,7.1199226727936e-05,7.40952003858153e-05,7.18355703709372e-05
0.000193423516144819,4.81290670403256e-05,1.11429570968102e-05,4.91293292745887e-05,5.67457885811973e-05,2.43761946555621e-06,0.000151624515929905,0.00017631074849786,0.000533565711262347,9.01595994375203e-07,1.66365728912488e-06,7.7359938472632e-05,7.42773786851503e-05,7.1986320725248e-05,7.492638393225e-05,7.26146047995702e-05
0.00019439838759816,4.69912611252843e-05,1.11908429609731e-05,4.83552513067531e-05,5.70362179037054e-05,2.45537069003265e-06,0.000151104308171386,0.000179693512387611,0.000439950585588898,9.27689580058027e-07,1.6287280430495e-06,7.83574336786219e-05,7.47769612656768e-05,7.24437089819618e-05,7.54123266528683e-05,7.30625993747847e-05
0.000195357725422896,4.58477063164375e-05,1.12390844573262e-05,4.75759205109672e-05,5.73207270742615e-05,2.47567710419394e-06,0.000150559321822151,0.000183065896060474,0.000345233431915646,9.56388517396866e-07,1.58616850196372e-06,7.91648333356987e-05,7.46269247137166e-05,7.2276833024576e-05,7.52437413557017e-05,7.28822670905682e-05
0.000196301426709455,4.46985210675876e-05,1.12877221520868e-05,4.67915879861502e-05,5.75992645397982e-05,2.4954839280833e-06,0.000149988298420205,0.000186416577205647,0.000249586703123418,9.87345073274557e-07,1.54213054754868e-06,8.00033170165193e-05,7.57965595530319e-05,7.3380433562531e-05,7.64092487490764e-05,7.39852971463062e-05
0.000197229394229836,4.35438255609322e-05,1.13367057175129e-05,4.60025186190816e-05,5.7871773520457e-05,2.51161281034085e-06,0.000149387260586897,0.000189754030234755,0.000152808448951272,1.0202349379936e-06,1.5026729008015e-06,8.10981685325785e-05,7.72438608253045e-05,7.47525652939895e-05,7.78559472043305e-05,7.53596512375054e-05
0.000198141535543317,4.23837406190453e-05,1.13859461676746e-05,4.52089456025595e-05,5.81382165621425e-05,2.52208779941143e-06,0.000148751185810728,0.00019309533377108,5.45371426694522e-05,1.05458036200209e-06,1.47111254375151e-06,8.25969700178897e-05,7.92217682895613e-05,7.66376802145974e-05,7.98384049213174e-05,7.72506631265824e-05
0.000199037762305454,4.12183874929362e-05,1.14353339817352e-05,4.44110134809605e-05,5.8398627563766e-05,2.52856824602132e-06,0.000148074654470849,0.000196462177873047,4.56821004845839e-05,1.09029980922851e-06,1.44496911540573e-06,8.43894300835424e-05,8.03859157951781e-05,7.77431461432831e-05,8.09990758198209e-05,7.835437451853e-05
0.000199917987641518,4.00478853448405e-05,1.14848597136952e-05,4.36087208772751e-05,5.86531907378895e-05,2.53978190152548e-06,0.000147355566570649,0.000199856958930972,0.000147905593223805,1.12822836001412e-06,1.41141075903073e-06,8.58619327919752e-05,7.92769574560204e-05,7.66648423556893e-05,7.98653409574968e-05,7.72561299077212e-05
0.000200782125556964,3.88723506222766e-05,1.15346452640441e-05,4.28022652920745e-05,5.89018698930743e-05,2.55454854987403e-06,0.000146595959854935,0.00020325666546396,0.00025165932715359,1.16834855786313e-06,1.37220565444088e-06,8.70983660047897e-05,7.97931477543035e-05,7.71480029388982e-05,8.03715833760377e-05,7.77329852897912e-05
0.00020163009562002,3.76919020754762e-05,1.15847164214866e-05,4.199190124754e-05,5.91445934599588e-05,2.5699555239872e-06,0.00014579458461539,0.000206656861607064,0.000356848664233281,1.210745007329e-06,1.33205297676159e-06,8.82882341088909e-05,8.02419119603215e-05,7.75658915953548e-05,8.08102573981451e-05,7.81449776547927e-05
0.000202461821687483,3.65066588164931e-05,1.16350894783235e-05,4.117783369606e-05,5.93813577107749e-05,2.58624387633466e-06,0.000144949828411775,0.000210055192907368,0.00046340482804667,1.25541067408336e-06,1.29113218641855e-06,8.94102881893177e-05,8.06686494649878e-05,7.79635691124936e-05,8.12276502082376e-05,7.85371566492943e-05
0.000203277232378229,3.5316740760849e-05,1.16857541274662e-05,4.03603611037751e-05,5.96120537578182e-05,2.59904895041907e-06,0.000144059425855254,0.000213454932642366,0.000571363810462975,1.30159050770267e-06,1.25589349196653e-06,9.07710483658009e-05,8.24534999058768e-05,7.96677088992226e-05,8.30158533218217e-05,8.02458107246329e-05
0.000204076262691477,3.41222706435884e-05,1.17365867793318e-05,3.953978580995e-05,5.98365451007776e-05,2.60311439909122e-06,0.000143117708065505,0.000216881196387608,0.000681217578051882,1.34830784543024e-06,1.23355968525279e-06,9.27417514405837e-05,8.51620210056137e-05,8.22622911701432e-05,8.5735937553566e-05,8.28504690927323e-05
0.000204858851964529,3.29233725940847e-05,1.17874263856343e-05,3.8716181993137e-05,6.00548874243878e-05,2.60268228037541e-06,0.00014211822319194,0.000220366702656701,0.000793618807350685,1.39554793433286e-06,1.21871669804194e-06,9.50405553705735e-05,8.60209241403398e-05,8.30840786382181e-05,8.6590902031225e-05,8.36680380040811e-05
0.000205624938536597,3.1720167464222e-05,1.18383024234614e-05,3.78894066818125e-05,6.02673259448294e-05,2.61125686022712e-06,0.000141061444504276,0.000223909929618636,0.000908478957009496,1.44454283018042e-06,1.19446773294563e-06,9.67425268816879e-05,8.38317053595272e-05,8.09794486998916e-05,8.4372554382095e-05,8.15382298416933e-05
0.000206374459387204,3.05127726133447e-05,1.18894475025222e-05,3.70595979676258e-05,6.04738388313431e-05,2.62966763681094e-06,0.000139954940168755,0.00022747244813878,0.00102490629598094,1.49553503371036e-06,1.15966490654013e-06,9.77838251736141e-05,8.30282801695947e-05,8.02029533656379e-05,8.35506523180207e-05,8.07464874015285e-05
0.00020710735705054,2.93013081711369e-05,1.1940996125448e-05,3.6227072030659e-05,6.06742745738464e-05,2.6521289489545e-06,0.000138802717660621,0.000231032502897005,0.00114237462495274,1.54834652539803e-06,1.1212204913888e-06,9.85346125459974e-05,8.30849830542046e-05,8.02497493869181e-05,8.35957497856699e-05,8.0784328144734e-05
0.000207823580332667,2.80858969177178e-05,1.1992981945097e-05,3.53921523396084e-05,6.08685018058108e-05,2.67356771624372e-06,0.000137605283084245,0.000234585539705566,0.0012607294690149,1.60234202858282e-06,1.08529330494073e-06,9.93304680009799e-05,8.41537983282681e-05,8.12686732397649e-05,8.46619721431852e-05,8.18010320433604e-05
0.000208523084255785,2.68666640065307e-05,1.20453500578321e-05,3.4555115166035e-05,6.10564314775797e-05,2.69105068857745e-06,0.000136360445818278,0.000238143068548366,0.00138015794488112,1.65670752208744e-06,1.05600575345949e-06,0.000100373051051816,8.55608720026213e-05,8.26146063027666e-05,8.60707908720837e-05,8.31469090867287e-05
0.000209205828402559,2.56437356797035e-05,1.20980233202506e-05,3.37161346071202e-05,6.12380467428508e-05,2.70545419298052e-06,0.000135065902391714,0.000241721729170209,0.0015009404552901,1.71088967774568e-06,1.03322073052858e-06,0.000101610962758736,8.65572150473559e-05,8.35689864278066e-05,8.70672642069303e-05,8.40984778800458e-05
0.000209871775566306,2.4417238558283e-05,1.215094375695e-05,3.28753920745273e-05,6.14132942451384e-05,2.71625180710278e-06,0.000133720717525274,0.000245335982248804,0.00162329447013387,1.76422125032454e-06,1.01783886044537e-06,0.000103093188813019,8.79393316972621e-05,8.489630105879e-05,8.84526412721076e-05,8.54242512215997e-05
0.000210520892319876,2.31873007732197e-05,1.22040245602584e-05,3.20330625539489e-05,6.15820961378799e-05,2.72203355587697e-06,0.000132323401679327,0.00024900572983055,0.00174756388569145,1.81614790668719e-06,1.01102282009866e-06,0.000104926891267343,8.95356045688134e-05,8.64316112370034e-05,9.00530240847131e-05,8.69576684120466e-05
0.000211153148607646,2.19540522253814e-05,1.22571432699115e-05,3.11893283089226e-05,6.17443344264612e-05,2.71972855488134e-06,0.000130871464281567,0.000252756820290897,0.00187424690496417,1.86598563569872e-06,1.01506346351227e-06,0.000107338494201525,9.19756137135463e-05,8.87800056803556e-05,9.25016597025374e-05,8.93066965682587e-05
0.000211768516910626,2.07176246004304e-05,1.23101480140608e-05,3.03441855015185e-05,6.19000146128146e-05,2.71270676868718e-06,0.000129361509959669,0.000256619779130324,0.00200397593702799,1.91401066149995e-06,1.0256248854125e-06,0.000110112078371472,9.29287810650381e-05,8.97036336734436e-05,9.34517727191331e-05,9.02212195015295e-05
0.000212366968264877,1.94781486089202e-05,1.23629994879249e-05,2.94975733009517e-05,6.20491623770647e-05,2.70553766230919e-06,0.000127794398037685,0.000260605708943636,0.00213696086103769,1.96074412274423e-06,1.03720978049046e-06,0.000112952345506068,9.33462539098873e-05,9.01143149173445e-05,9.38606212101956e-05,9.0618401723197e-05
0.000212948473843899,1.82357556883783e-05,1.2415686916567e-05,2.86495880124082e-05,6.21916646723064e-05,2.69570830752075e-06,0.000126171880871636,0.000264720022854503,0.00227331328947613,2.00608663116962e-06,1.0508569646614e-06,0.00011603844429886,9.47888841921207e-05,9.15093041650161e-05,9.52987909124126e-05,9.20032286375605e-05
0.000213513005750343,1.69905787263946e-05,1.24681879081212e-05,2.78000845582715e-05,6.23276076754387e-05,2.69050971013485e-06,0.000124494980641108,0.000268968614426874,0.0024131915593627,2.05146476962048e-06,1.05854227155575e-06,0.000118864723521073,9.33472241253508e-05,9.01339741585794e-05,9.38322116496026e-05,9.06029991176727e-05
0.000214060532166549,1.57427478897354e-05,1.25206717787041e-05,2.69489962592129e-05,6.24570347780851e-05,2.6945476515744e-06,0.000122771697474804,0.000273324188629682,0.00255599669057423,2.09785492016264e-06,1.05525326840952e-06,0.00012111266277065,9.20913044031302e-05,8.89340465376476e-05,9.25509104285904e-05,8.93787268334556e-05
0.000214591023076416,1.44923945568642e-05,1.25732853208937e-05,2.6096523385033e-05,6.25798219238138e-05,2.70297076621073e-06,0.000121008788529925,0.00027776154831877,0.00270120226019274,2.14513414273195e-06,1.04445176743809e-06,0.000123091862179125,9.20004421977039e-05,8.88487965079454e-05,9.24405572875209e-05,8.92741733011793e-05
0.000215104453043291,1.32396526034695e-05,1.2626068721211e-05,2.52428836678975e-05,6.26958726939186e-05,2.71151290440197e-06,0.000119208677965813,0.000282271291074479,0.00284867395334312,2.19303158346835e-06,1.02937706921227e-06,0.000125075082091974,9.24414838492371e-05,8.92721918716033e-05,9.28654630003578e-05,8.96809114637742e-05
0.000215600802544014,1.19846587327554e-05,1.26789235543878e-05,2.43885640429653e-05,6.28049111055518e-05,2.70595523814421e-06,0.000117368428223356,0.000286866204224472,0.0029988104292476,2.23939665131287e-06,1.0220203196e-06,0.000128040158467735,9.68798641259871e-05,9.35349721706835e-05,9.73121379140851e-05,9.39436818201411e-05
0.000216080059679991,1.0727553652834e-05,1.2731545965261e-05,2.35335105004397e-05,6.29070539207022e-05,2.69273620157051e-06,0.000115477407371599,0.000291593662414891,0.00315282541113418,2.28493901404884e-06,1.01841154266299e-06,0.000131555668846761,9.7020617687793e-05,9.36746899560248e-05,9.74391348266268e-05,9.40677099158238e-05
0.000216542207427395,9.46847295557607e-06,1.27839098973404e-05,2.26775997517192e-05,6.30024493933901e-05,2.68016998124232e-06,0.000113536172537769,0.00029645934109619,0.00331087159214067,2.3303812432457e-06,1.01356988837717e-06,0.000135088901622005,9.71711738609882e-05,9.38254269304828e-05,9.75767471754763e-05,9.42031657535924e-05
0.000216987229084475,8.20755133279505e-06,1.28360451245868e-05,2.18208448315993e-05,6.30911468205153e-05,2.67116019553315e-06,0.00011154750825177,0.00030146147199864,0.00347290453884949,2.37631954511778e-06,1.00508208133315e-06,0.000138441266800737,9.62713598532394e-05,9.29654182243445e-05,9.66564592536079e-05,9.33230068624891e-05
0.000217415108670682,6.94492267439006e-06,1.28880251319963e-05,2.09633992370728e-05,6.31731119370427e-05,2.66363543731385e-06,0.000109515737430891,0.000306589955785703,0.00363870230513233,2.42278558267988e-06,9.92852008486339e-07,0.000141746787778063,9.64574522257511e-05,9.31447899371607e-05,9.68251355251137e-05,9.34842303536021e-05
0.000217825833206398,5.68072131745812e-06,1.29398895765132e-05,2.01052612939234e-05,6.32484380925225e-05,2.66191130673943e-06,0.000107443611001481,0.000311837748489288,0.00380816184895615,2.47089779102019e-06,9.725365931329e-07,0.000144696341510875,9.46129259095096e-05,9.13715757870914e-05,9.49513309527195e-05,9.16856364246987e-05
0.000218219389774399,4.41507950010855e-06,1.2991769656967e-05,1.92466335776631e-05,6.33171107450869e-05,2.66360749993921e-06,0.000105337253707796,0.000317182070754424,0.00398081052355996,2.52048947994291e-06,9.45249149175709e-07,0.000147444654995388,9.44390751461688e-05,9.119830423443e-05,9.47560279375148e-05,9.14920046557466e-05
0.000218595772256469,3.14813125268376e-06,1.30436573548831e-05,1.83878775253943e-05,6.33790431066039e-05,2.66146605999718e-06,0.000103197275579626,0.000322620606981953,0.00415670148038895,2.57058060804932e-06,9.15424503231815e-07,0.000150466540809968,9.53271511242582e-05,9.20413719759372e-05,9.56283058646257e-05,9.23181111599503e-05
0.000218954979773534,1.88001081136147e-06,1.30954782193715e-05,1.75290911482717e-05,6.34343405965798e-05,2.65836938673214e-06,0.000101021889650353,0.000328161220306834,0.00433613393742731,2.62155575407888e-06,8.82101940317959e-07,0.000153565116344068,9.46879355944175e-05,9.14176391900723e-05,9.4968195820555e-05,9.16747060842882e-05
0.000219297012766573,6.10849743787334e-07,1.31472421249779e-05,1.66704411009855e-05,6.34830787740737e-05,2.65503638807729e-06,9.88128624231063e-05,0.000333800658802639,0.00451908542606634,2.6732813743511e-06,8.46269430615498e-07,0.000156699070583133,9.45611810319047e-05,9.12837595092864e-05,9.48246156906585e-05,9.15235065485076e-05
0.000219621876788478,6.59220897869517e-07,1.3198912049317e-05,1.58122169734431e-05,6.35252689826227e-05,2.64804401331475e-06,9.65704451169783e-05,0.000339543896217002,0.00470571486854746,2.72503317359686e-06,8.10411285828705e-07,0.00016009380303722,9.49866996299287e-05,9.16772183282566e-05,9.52365363697805e-05,9.19010993377656e-05
0.000219929582135237,1.93007101811915e-06,1.32504206116213e-05,1.49545473936419e-05,6.3561028472825e-05,2.63972021953551e-06,9.42940875673733e-05,0.00034540083669582,0.00489629445984455,2.77705351600571e-06,7.73606830459933e-07,0.000163594315520654,9.4287386752101e-05,9.09898265153419e-05,9.45196643435953e-05,9.11956366372868e-05
0.000220220141313954,3.20157313760117e-06,1.33017594488027e-05,1.40976239856316e-05,6.35904419191147e-05,2.63015275962786e-06,9.19858109040802e-05,0.000351373355337989,0.00509087421664807,2.8291865164945e-06,7.36145732791599e-07,0.000167198087371367,9.40299434180059e-05,9.07232716680362e-05,9.42468749551839e-05,9.0911733543253e-05
0.000220493572552494,4.47360041988532e-06,1.33528559935758e-05,1.32418136846724e-05,6.36134977957115e-05,2.61330988013397e-06,8.96455253285111e-05,0.000357472563708869,0.00528974443367981,2.88028424393815e-06,7.00595557030087e-07,0.000171295563059615,9.51046697329483e-05,9.17302704677159e-05,9.53116043462821e-05,9.19032219213189e-05
0.000220749901144623,5.74602599545671e-06,1.34035245153985e-05,1.23873817991504e-05,6.3630246846802e-05,2.58644712317069e-06,8.72693560585615e-05,0.000363725310245718,0.0054936138747523,2.92975816727949e-06,6.68020917079376e-07,0.000176062745663619,9.60697947586242e-05,9.26296034609031e-05,9.62671519091352e-05,9.27870402239739e-05
0.000220989154512408,7.0187257827925e-06,1.34536287488274e-05,1.15342069593738e-05,6.36409539737648e-05,2.55956498050602e-06,8.48557145312096e-05,0.000370152454829313,0.00570301251803302,2.97924900292734e-06,6.35181101906607e-07,0.000180865087724302,9.39345379791234e-05,9.05570825712187e-05,9.41122079872736e-05,9.06955251553931e-05
0.00022121135716402,8.29158123238916e-06,1.35032452193151e-05,1.06823456064165e-05,6.36457817836389e-05,2.53627260909939e-06,8.24110278441779e-05,0.000376746998323171,0.00591769667995627,3.02929923933215e-06,6.01005092257592e-07,0.000185474583855205,9.23889574232506e-05,8.90436516721715e-05,9.25480359840192e-05,8.91625040948529e-05
0.000221416538442432,9.56447505373603e-06,1.35523965614226e-05,9.83212419997104e-06,6.36447523024719e-05,2.51105804946472e-06,7.99400729407255e-05,0.000383507693917752,0.00613760541590368,3.07895555916907e-06,5.65601736597296e-07,0.000190216002001864,9.1764287121876e-05,8.84039852248053e-05,9.19055332933016e-05,8.85015251257393e-05
0.000221604733534386,1.08372908989018e-05,1.36010190732172e-05,8.98373478913639e-06,6.36379732052994e-05,2.48299734144364e-06,7.74450169384991e-05,0.000390441677153194,0.00636296203862432,3.12812586744283e-06,5.27645082928213e-07,0.000195127651124616,9.05513569686711e-05,8.71951562032569e-05,9.06720294970853e-05,8.72698092593271e-05
0.000221775978652694,1.21099161899396e-05,1.36491247881843e-05,8.13705137081566e-06,6.36257317361277e-05,2.46178859950041e-06,7.49309198523112e-05,0.000397545163399618,0.00659370918516063,3.17865085970559e-06,4.84503316567492e-07,0.000199612747921241,8.66643196778538e-05,8.34253413249941e-05,8.67568245939143e-05,8.3476015900863e-05
0.000221930309356466,1.3382243299831e-05,1.36968607820087e-05,7.29243906139043e-06,6.36080805203609e-05,2.44123131025453e-06,7.24075525970096e-05,0.00040479716704097,0.00682930691538988,3.2292557507512e-06,4.37689681741238e-07,0.000204022530810422,8.58489728294831e-05,8.25788224286805e-05,8.59217864395134e-05,8.26049810416229e-05
0.000222067771190604,1.46541644959752e-05,1.37441651191228e-05,6.45012461092387e-06,6.3585163985691e-05,2.41998684605282e-06,6.98784461707296e-05,0.000412200247306996,0.00706989942634868,3.27957827255874e-06,3.86502835793626e-07,0.000208410394382574,8.30644798598401e-05,7.98456037555129e-05,8.3112364589577e-05,7.98465244703506e-05
0.000222188410597735,1.59255769893729e-05,1.37910706934363e-05,5.61026327894343e-06,6.35571847957261e-05,2.39930190808202e-06,6.73506654588787e-05,0.000419744739782728,0.00731528954339164,3.32970365297572e-06,3.31306907316517e-07,0.000212687389749222,8.09220886648365e-05,7.77154508078137e-05,8.09482700712127e-05,7.76914482827351e-05
0.000222292278683645,1.71963814579179e-05,1.38375862885898e-05,4.77296922146708e-06,6.35243831246801e-05,2.38189305803993e-06,6.48310399536147e-05,0.000427423905049714,0.00756534100936799,3.37993039034847e-06,2.72496951024548e-07,0.000216687433584162,7.72528840777831e-05,7.41237850107046e-05,7.72552397564352e-05,7.40759707097416e-05
0.000222379427086139,1.84664843855264e-05,1.38838325700608e-05,3.93831284206669e-06,6.34870353188877e-05,2.37199203906302e-06,6.23300894874423e-05,0.000435219032533918,0.00781954771467195,3.43078651175192e-06,2.10316160089916e-07,0.000220169370264034,7.31504494766444e-05,7.01117211118207e-05,7.31288942034114e-05,7.00398412900594e-05
0.000222449911506661,1.97357966867928e-05,1.39299314578789e-05,3.10666488884115e-06,6.3445293627451e-05,2.36441443897395e-06,5.9858869007674e-05,0.00044311056163699,0.00807738122286539,3.4808148189166e-06,1.44780287111498e-07,0.000223384974542662,7.02012732730628e-05,6.71824056004411e-05,7.01580890885012e-05,6.70831709974617e-05
0.000222503795373141,2.10042323742776e-05,1.39758927300004e-05,2.27826669529918e-06,6.33993898447871e-05,2.35820779198592e-06,5.74262043833913e-05,0.000451088555646739,0.0083386252923102,3.52939801666758e-06,7.56408116038554e-08,0.000226369451999719,6.64273213827338e-05,6.34622531036078e-05,6.63622924887974e-05,6.33364941378112e-05
0.000222541145982635,2.22717107508652e-05,1.40217380606433e-05,1.45344055624275e-06,6.33495414115171e-05,2.34992476814966e-06,5.50418554746288e-05,0.000459141494497398,0.00860300978613128,3.57544159264678e-06,3.72888128361004e-09,0.000229268465460786,6.35753329767397e-05,6.05997943179393e-05,6.34919831641323e-05,6.04457371706779e-05
0.000222562037482943,2.35381554692937e-05,1.40674062616419e-05,6.32347434414982e-07,6.32960541975813e-05,2.34101556377542e-06,5.2714445389312e-05,0.000467265547298319,0.00887047147678445,3.61880014482247e-06,6.95432563046355e-08,0.000232003967105543,5.94492607752795e-05,5.65258231439714e-05,5.93488334084125e-05,5.63475434136596e-05
0.000222566546014269,2.48034969749789e-05,1.41129006567819e-05,1.84750391873933e-07,6.32392037095975e-05,2.32947651056248e-06,5.04546673077295e-05,0.000475452432326712,0.00914075680327517,3.65862835519742e-06,1.42953962653514e-07,0.000234634126437316,5.60913810728758e-05,5.3156049249603e-05,5.59764762757542e-05,5.29506225565024e-05
0.000222554754615967,2.60676706079765e-05,1.41581286861037e-05,9.97613789022189e-07,6.31792841399026e-05,2.31354488448854e-06,4.82724171047467e-05,0.000483700754424613,0.0094138139515688,3.69405026499926e-06,2.16162741118256e-07,0.000237203854031587,5.21090218308373e-05,4.91845592932583e-05,5.1980699972809e-05,4.89533308586365e-05
0.000222526750050855,2.7330618136201e-05,1.42029897070017e-05,1.80593977106014e-06,6.31165741938888e-05,2.28894412256098e-06,4.61785814604308e-05,0.0004920084833897,0.00968956164907877,3.7237944750189e-06,2.89572470103111e-07,0.000239817226636463,4.87720397831515e-05,4.57850479963495e-05,4.86310146879942e-05,4.55228812085151e-05
0.000222482622205922,2.8592288131013e-05,1.42473795747833e-05,2.61015661945363e-06,6.30516475708665e-05,2.2728854942311e-06,4.41847867977983e-05,0.00050037344140991,0.00996789465140336,3.75128054513066e-06,3.57768558849683e-07,0.000241888250414823,4.16808496266352e-05,3.8912184224138e-05,4.15310270341918e-05,3.8641258964689e-05
0.00022242245027404,2.98526413347044e-05,1.42915938525778e-05,3.41016406463224e-06,6.29848509350883e-05,2.26559278164451e-06,4.23072700079234e-05,0.000508774308663758,0.0102479275801061,3.77617587459044e-06,4.20500643130359e-07,0.000243369803344606,3.63893224532008e-05,3.36629938625377e-05,3.62266372655462e-05,3.33651171602334e-05
0.000222346322415801,3.11116424783764e-05,1.43357126203281e-05,4.20579930598963e-06,6.29164876989052e-05,2.26452504645258e-06,4.05610226830056e-05,0.00051719618785782,0.0105291459054062,3.79692929026671e-06,4.81105975268584e-07,0.000244374065579311,3.01544103650242e-05,2.75516597544323e-05,2.99786022603943e-05,2.72303549173625e-05
0.000222254326747384,3.236926363126e-05,1.43798581855314e-05,4.99680392829216e-06,6.28468277255601e-05,2.26364938751833e-06,3.89615585009097e-05,0.000525620627843877,0.0108109857617763,3.81179927026561e-06,5.43179157869514e-07,0.000245026417028171,2.47523789553838e-05,2.21485685877321e-05,2.45593137454536e-05,2.1789959665508e-05
0.00022214655903352,3.36254814408132e-05,1.44239520336598e-05,5.7829877538329e-06,6.27761802266535e-05,2.25840869597094e-06,3.75241724715955e-05,0.000534031571793486,0.0110931280808562,3.81939883362519e-06,6.08696841108286e-07,0.000245416538098175,1.89198374892507e-05,1.63358759989185e-05,1.87115526080195e-05,1.59431561335133e-05
0.000222023115741043,3.48802801052872e-05,1.44679114515434e-05,6.56429753426169e-06,6.27049268530633e-05,2.24775391249876e-06,3.62643263945031e-05,0.000542412664159314,0.0113752306925175,3.81954143881441e-06,6.76677693623243e-07,0.000245511107722862,1.28384351228972e-05,1.02476378349703e-05,1.26157466551202e-05,9.81978024616748e-06
0.00022188409399293,3.61336517528676e-05,1.4511637619341e-05,7.34085614029212e-06,6.26335248863352e-05,2.23508397372008e-06,3.51977314344985e-05,0.00055074745053752,0.0116569155913476,3.81298351999119e-06,7.43399390035898e-07,0.000245246318362313,6.1977475765973e-06,3.66225353820582e-06,5.96599763602601e-06,3.20901234573956e-06
0.000221729586812769,3.73855982420679e-05,1.45551387944476e-05,8.11282016605075e-06,6.25624413279069e-05,2.2238289442561e-06,3.4339349199102e-05,0.000559021467051549,0.0119377174124272,3.80043586343419e-06,8.05542492716971e-07,0.000244568814855239,7.62483922445156e-07,3.23647667410665e-06,1.00204779052149e-06,3.71408196087053e-06
0.000221559686937489,3.863612969629e-05,1.45983980250897e-05,8.8800065575767e-06,6.24920195664846e-05,2.20645547649445e-06,3.3704996403465e-05,0.000567217246870153,0.01221711222792,3.77977103689776e-06,8.68732064295691e-07,0.000243390784008812,8.27582703188945e-06,1.07835504314924e-05,8.53101864639605e-06,1.1301219948523e-05
0.000221374489107529,3.98852636711577e-05,1.46412865398293e-05,9.64271725728549e-06,6.24227651667697e-05,2.18861280841531e-06,3.33126216106184e-05,0.000575309252707834,0.0124945014842024,3.75213322895458e-06,9.28732240761815e-07,0.000241753710368831,1.56898759010593e-05,1.8098031195013e-05,1.59495664224796e-05,1.86343821205748e-05
0.000221174078708586,4.1133028850282e-05,1.4683874501209e-05,1.04012117204122e-05,6.23551592632832e-05,2.17363094762169e-06,3.3175940318166e-05,0.00058328320398758,0.0127693658929258,3.71847246305703e-06,9.82694859234454e-07,0.000239640876722125,2.36507726334434e-05,2.59999627201246e-05,2.3918828176317e-05,2.65623864346143e-05
0.000220958538541094,4.23794624438423e-05,1.47262111356294e-05,1.11557331493595e-05,6.22896508380433e-05,2.1631601985761e-06,3.33089581479464e-05,0.000591122285839969,0.0130411522499858,3.678787777918e-06,1.02899319142681e-06,0.000237130215315684,3.13517348590198e-05,3.35953733731076e-05,3.16229237212751e-05,3.41758432107486e-05
0.000220727946207422,4.36246104866256e-05,1.47683767026674e-05,1.19063530962249e-05,6.22266105298475e-05,2.15275232737233e-06,3.37244028063348e-05,0.000598812911294306,0.0133093672588319,3.63176986726915e-06,1.0720685259067e-06,0.000234073383752587,4.01835326273581e-05,4.24001034354804e-05,4.04668976869971e-05,4.30143648533221e-05
0.000220482379095444,4.48685258890302e-05,1.48103167521008e-05,1.26532100792054e-05,6.2166416244902e-05,2.13884041444512e-06,3.44391798797269e-05,0.000606324353765506,0.0135732624264526,3.57634058637632e-06,1.11551890720658e-06,0.000230341906613529,4.92881134144252e-05,5.1474210071345e-05,4.95833364388965e-05,5.21212356964229e-05
0.00022022191019011,4.61112696230614e-05,1.48519432638938e-05,1.33964843532786e-05,6.2109461896831e-05,2.11817153747407e-06,3.54709391534249e-05,0.000613618610926414,0.013831958336501,3.51201147160497e-06,1.16316414835137e-06,0.000225684959721195,5.96974537515615e-05,6.18949144526315e-05,6.00113324623619e-05,6.25836583114658e-05
0.000219946607483035,4.73529110187054e-05,1.48931342935921e-05,1.4136667342346e-05,6.20562376054123e-05,2.0955025945707e-06,3.68380449390503e-05,0.000620648232183119,0.0140843889777822,3.44040440379766e-06,1.20896528717045e-06,0.000220319581598072,6.8760338466145e-05,7.08851902431196e-05,6.90806679243261e-05,7.15951818094362e-05
0.000219656527893353,4.85935295063689e-05,1.49338893626894e-05,1.48741356887361e-05,6.20071927229238e-05,2.0714211673295e-06,3.85521340485039e-05,0.000627384804514535,0.0143298019359913,3.36211101217263e-06,1.2524923203687e-06,0.000214155422809226,7.93333285065145e-05,8.1426698541831e-05,7.9667309050957e-05,8.21680062197405e-05
0.000219351721998606,4.98332129800216e-05,1.49741763961764e-05,1.56093570799487e-05,6.19627812645795e-05,2.04812236344332e-06,4.06259506590611e-05,0.000633790016883105,0.0145672440514586,3.27767027101648e-06,1.28999061969372e-06,0.000207360525108613,8.86345861350613e-05,9.06438792360742e-05,8.8972015359623e-05,9.14016090107772e-05
0.000219032229858973,5.10720584633861e-05,1.50140302253021e-05,1.63427412967487e-05,6.1923413416487e-05,2.02518075233249e-06,4.30672619186273e-05,0.000639841126096072,0.0147960418246824,3.18708959826018e-06,1.32162758420887e-06,0.000199840124124995,9.93633167715169e-05,0.000101322741697052,9.97100473321133e-05,0.000102105511251893
0.000218698085775682,5.23101702535334e-05,1.50533991873925e-05,1.70744994370808e-05,6.18894233325729e-05,1.99569699012303e-06,4.58890833372001e-05,0.000645488288907749,0.0150149787328851,3.08846094515962e-06,1.35829655757702e-06,0.00019079769553465,0.000113047857256743,0.000115019612771716,0.000113417560789086,0.000115845824792848
0.000218349317893329,5.35476598256812e-05,1.50921410713156e-05,1.78051931232215e-05,6.18612361011905e-05,1.96190860193846e-06,4.91097212572137e-05,0.000650649034241926,0.01522218311887,2.98266168358769e-06,1.39613887623069e-06,0.000180408446164404,0.000124483662375718,0.000126402437824247,0.000124863338545667,0.000127251934371797
0.000217985940862642,5.47846477013669e-05,1.51302149236088e-05,1.85354177325847e-05,6.18392797927525e-05,1.92633190569669e-06,5.27381126731497e-05,0.000655268414778775,0.0154163188580266,2.8709089603958e-06,1.43219679860258e-06,0.000168803590999467,0.000136932956258939,0.000138807309246647,0.000137326611965305,0.000139683786525846
0.000217607958686417,5.60212624566847e-05,1.51675881141511e-05,1.9265747194408e-05,6.18239559854183e-05,1.89018978159761e-06,5.67814781867944e-05,0.00065928712065952,0.0155959537851558,2.75366824217802e-06,1.46431143906861e-06,0.0001560723993006,0.000148523769420317,0.000150330721316538,0.000148925048980231,0.00015122524532718
0.000217215362558365,5.72576407134595e-05,1.52042822303411e-05,1.99968676911355e-05,6.18156583342411e-05,1.85707551389469e-06,6.1240458556272e-05,0.000662666903156153,0.0157600638484156,2.63205292054665e-06,1.48372614964046e-06,0.000142777204130584,0.000158335845020008,0.00016004472557396,0.000158733525613242,0.000160943100183553
0.000216808130982793,5.84939261729089e-05,1.52403535702561e-05,2.07292728721942e-05,6.18146793937568e-05,1.82440796472894e-06,6.61109749921411e-05,0.000665386479365578,0.0159079351632495,2.50528100579686e-06,1.49443444578089e-06,0.00012842550943204,0.000171450821076613,0.00017310915793689,0.000171856232608181,0.000174027041751068
0.00021638623322362,5.97302676975109e-05,1.52757812834636e-05,2.14635255515738e-05,6.18212744629143e-05,1.79071972065958e-06,7.13952474317186e-05,0.000667387771229122,0.0160380520775949,2.37279721742583e-06,1.49718574964791e-06,0.000112779420855524,0.00018380691410691,0.000185403165652187,0.000184214232360258,0.000186333386317017
0.000215949626127587,6.09668190579837e-05,1.53105400622078e-05,2.22002054204307e-05,6.18356583468316e-05,1.7543220676014e-06,7.70937690486328e-05,0.000668610444858432,0.0161488235298627,2.23421148621421e-06,1.49626188638424e-06,9.53737807899424e-05,0.000198816297582338,0.000200378123716982,0.000199236537219316,0.000201333656164593
0.000215498254990676,6.22037379446883e-05,1.53445638930716e-05,2.29399742683323e-05,6.18580285865478e-05,1.7152296548778e-06,8.32096226813838e-05,0.000668963919104819,0.0162380304774323,2.08958624262773e-06,1.49263798396825e-06,7.61334815367887e-05,0.000212570091085884,0.000214079093866393,0.00021299887443893,0.000215053167039847
0.00021503205012352,6.34411860441497e-05,1.53778303757512e-05,2.36836447530808e-05,6.18885787555534e-05,1.67711803548964e-06,8.97377300456554e-05,0.000668381958996457,0.016303987954237,1.94017514717385e-06,1.47729058337133e-06,5.59643475742666e-05,0.000222983757265038,0.000224405208958389,0.000223408232414068,0.000225381057201712
0.000214550926223245,6.46793282338409e-05,1.54103680711781e-05,2.44318797801568e-05,6.19274152909299e-05,1.63907542839736e-06,9.66643253743818e-05,0.000666831866192954,0.016345730046379,1.78585690771612e-06,1.45355263757134e-06,3.45242683508218e-05,0.00023684812178737,0.000238213399500586,0.000237280287970876,0.000239205223708239
0.000214054785213857,6.59183308329703e-05,1.54421696414442e-05,2.51854228064119e-05,6.19746008481137e-05,1.60194458158347e-06,0.000103978051435563,0.000664254601227159,0.0163617040528121,1.62700468818645e-06,1.41534054306537e-06,1.22026498967642e-05,0.000246740183154515,0.000248018579620979,0.000247161753968661,0.000249004518899087
0.000213543513259973,6.71583608931881e-05,1.54732645019084e-05,2.59449880167517e-05,6.20301203351215e-05,1.56533664434633e-06,0.000111659306572474,0.000660629713712871,0.0163511262495458,1.46365250721847e-06,1.36229735890614e-06,1.11244335869731e-05,0.000259450609376821,0.000260665559125739,0.000259870733713918,0.000261656381087438
0.000213016982478331,6.83995842793439e-05,1.55036633879835e-05,2.67113809152841e-05,6.20938889183686e-05,1.53088327491113e-06,0.00011968855014455,0.000655927219849808,0.0163129725077942,1.2963443617789e-06,1.2848274561425e-06,3.45952365797819e-05,0.000266544197942475,0.000267661617282089,0.000266940507471336,0.000268631201654657
0.000212475048755545,6.9642164155892e-05,1.55334082625469e-05,2.74852748192167e-05,6.21656941946491e-05,1.49619037342896e-06,0.000128038809412094,0.000650159395223974,0.0162470919790904,1.12451837607211e-06,1.19165733216894e-06,5.91530447949795e-05,0.000280725770355872,0.000281793990930312,0.0002811244770351,0.000282772174635681
0.000211917555792196,7.08862583003456e-05,1.55624557409695e-05,2.82673345463058e-05,6.22452384367866e-05,1.45840611402714e-06,0.000136694646671152,0.000643246383354161,0.0161513467898415,9.47501563854497e-07,1.09336898159243e-06,8.59723911186272e-05,0.000295779678906816,0.000296804554533847,0.000296185934372084,0.000297796211770396
0.000211344332596175,7.21320182786311e-05,1.55907437258129e-05,2.90583340960271e-05,6.23321965469437e-05,1.41772579581589e-06,0.000145639751452093,0.000635084456672239,0.0160231123257651,7.65421536666206e-07,9.92533622356379e-07,0.000115046415303355,0.000310055728738101,0.00031103148857492,0.000310473179848669,0.000312039415198084
0.000210755191764056,7.33795889210631e-05,1.56182414976502e-05,2.9859175776456e-05,6.24262223212768e-05,1.37803549098148e-06,0.000154848522725641,0.000625606565850502,0.0158606503717447,5.79453388543271e-07,8.74501225522559e-07,0.000144203065325588,0.000314653985643454,0.000315535946044943,0.000315054341994081,0.000316526935830397
0.000210149928039804,7.46291073775718e-05,1.56449927306568e-05,3.0670640410041e-05,6.25268711554328e-05,1.34014255105674e-06,0.000164279449877553,0.000614856964104088,0.0156647011444795,3.90323157675186e-07,7.36689301505944e-07,0.000172875339134571,0.000321886147541361,0.000322691537449904,0.000322278470323512,0.000323673487699239
0.000209528323000807,7.58807006192297e-05,1.5670994041761e-05,3.14932796807443e-05,6.26335801479083e-05,1.29901860433657e-06,0.00017389849267984,0.000602809423199182,0.0154344468923188,1.97537299522474e-07,6.04509843566206e-07,0.000204324597642636,0.000341641078835497,0.000342421908415491,0.0003420664806566,0.000343437833877469
0.000208890146792484,7.71344841601351e-05,1.56961590001004e-05,3.23278034517066e-05,6.27457933590758e-05,1.25461617547784e-06,0.000183683071239756,0.000589294930956298,0.0151658998504591,1.67071825767843e-09,4.75052716355367e-07,0.000238502743225011,0.000353138264848285,0.000353863473940397,0.000353571632048744,0.000354885283338602
0.000208235153684067,7.83905625840187e-05,1.57204542008405e-05,3.31749963980998e-05,6.28629533246938e-05,1.20978425321994e-06,0.000193595065700602,0.000574244234086588,0.0148572610008397,1.9693230973229e-07,3.36598452424855e-07,0.000273346979277278,0.000359829034845327,0.000360482085551284,0.000360263079565604,0.00036150178111316
0.000207563083283402,7.96490287238993e-05,1.57438838161994e-05,3.40355441749707e-05,6.29844394380852e-05,1.16553856896462e-06,0.000203587279025464,0.000557659632934798,0.01450840862689,3.97889010845786e-07,1.86097524930082e-07,0.000307917776890876,0.000364349758199878,0.000364927617509281,0.000364779975702167,0.000365938189060722
0.00020687366254557,8.09099622652992e-05,1.57664525131107e-05,3.49100110407646e-05,6.31095568651152e-05,1.12052773766635e-06,0.000213611032546247,0.00053954822079562,0.0141193315752951,6.00525434501541e-07,3.26435567379185e-08,0.000343495478434708,0.000375254506121969,0.000375777191619076,0.000375700214513053,0.000376796219186737
0.000206166607362945,8.21734285427478e-05,1.57881423186179e-05,3.57990043136913e-05,6.32375743940816e-05,1.07560522255579e-06,0.000223619416649186,0.000519872864767494,0.0136889509170755,8.03531539337745e-07,1.39732248818566e-07,0.000378678203300731,0.000375243349559962,0.000375689232676724,0.000375665677316173,0.000376674219022655
0.000205441621410563,8.34394775709318e-05,1.58089652797511e-05,3.67030611560099e-05,6.33676719030696e-05,1.03085576842743e-06,0.00023355680186807,0.000498708873746217,0.01321853280988,1.00666334151605e-06,3.3272513423957e-07,0.000413236878721412,0.000379988717826074,0.000380370779063832,0.000380405423325958,0.0003813392323051
0.000204698399054903,8.47081418289264e-05,1.58289083862506e-05,3.76226058031379e-05,6.34989275820619e-05,9.84541924098359e-07,0.000243373584553962,0.000476051914477746,0.0127075958357921,1.2098890315951e-06,5.26348940337387e-07,0.000449587241221017,0.00039205448788715,0.000392386727677607,0.000392493253317694,0.000393366256757677
0.000203936626088197,8.59794350007576e-05,1.58479403662426e-05,3.85581077163855e-05,6.36303938250649e-05,9.37568648787246e-07,0.000253021861725166,0.000451834939100959,0.012154296281256,1.41289829651928e-06,7.34331900805948e-07,0.000485804574572035,0.000390124024740812,0.000390385903044077,0.000390544713829932,0.00039133599904817
0.000203155979102698,8.72533513365317e-05,1.5866057919478e-05,3.95099536038279e-05,6.37610595337068e-05,8.90125621003102e-07,0.000262446483088693,0.000426123574889486,0.0115597530182855,1.61627330420266e-06,9.49591450310691e-07,0.000521833803198479,0.000395547098604676,0.000395748480562785,0.000395983472025851,0.000396703164640799
0.000202356128124359,8.85298642308505e-05,1.58832455339208e-05,4.04784556318344e-05,6.38898649765185e-05,8.41946156002193e-07,0.000271596379169794,0.000398907269514772,0.0109235424379626,1.81935769570628e-06,1.16644024993409e-06,0.000558014192852951,0.000397022781760348,0.000397161367574284,0.000397465964042776,0.000398109560465598
0.000201536737233443,8.98089257272e-05,1.58994910248733e-05,4.14638792055853e-05,6.40157318720913e-05,7.93191595321874e-07,0.000280418586744549,0.000370206352098592,0.010245929616671,2.02160206064719e-06,1.38625986774443e-06,0.000593908686065792,0.000398114911346781,0.000398191180956076,0.000398568577237857,0.000399135348643886
0.000200697465910338,9.10904660572365e-05,1.59147839176033e-05,4.24664243152129e-05,6.41375573389724e-05,7.44028067836688e-07,0.000288859998559209,0.000340065708546437,0.00952773323122107,2.22248636496315e-06,1.61752706864977e-06,0.000628207890577825,0.000392571678838105,0.000392584015564301,0.000393017259309625,0.000393504063745387
0.000199837970317196,9.23743929598601e-05,1.59291167696196e-05,4.34862163899725e-05,6.42541877984848e-05,6.94423030966895e-07,0.000296868098511039,0.000308610453988167,0.00877151478254565,2.42128287224004e-06,1.86558985554482e-06,0.000660092859446793,0.000386420722437664,0.000386372221393039,0.00038685830955032,0.000387265365879075
0.000198957904884667,9.3660590404207e-05,1.59424791217333e-05,4.45233068604375e-05,6.43644026114831e-05,6.44232846874759e-07,0.000304394003786449,0.000275943790810032,0.00797933592389857,2.61673518784545e-06,2.11490350383869e-06,0.000691529358855636,0.000388281299793514,0.000388174239271954,0.000388740609792992,0.000389066984071151
0.00019805692372854,9.49489176863966e-05,1.59548586406988e-05,4.55776742234598e-05,6.44669660892494e-05,5.93395607484393e-07,0.000311390766100505,0.000242072596035217,0.00715114249017915,2.80813199033604e-06,2.36388062451603e-06,0.000722660559970612,0.00038530756636701,0.000385141910719367,0.00038577792197636,0.000386024368617677
0.000197134682027977,9.62392094591355e-05,1.59662459109366e-05,4.66492430550806e-05,6.45606506428087e-05,5.42503649156312e-07,0.000317812298928429,0.000207005304588502,0.00628698269997036,2.99612473957303e-06,2.58998858119162e-06,0.000755318913513103,0.000392908187843988,0.000392675297490208,0.00039343924418489,0.000393598390078687
0.000196190837222776,9.75312764624203e-05,1.59766435485764e-05,4.77378418409467e-05,6.46443111778638e-05,4.91604098012965e-07,0.000323611653623099,0.000170638718656232,0.00538468479761194,3.18152024259043e-06,2.79165870804496e-06,0.000788627361338889,0.000388638916675954,0.000388341377627222,0.000389201794931071,0.000389280457959162
0.000195225051295989,9.88249076464137e-05,1.59860445514415e-05,4.88431985967673e-05,6.47169030799088e-05,4.39931494081169e-07,0.000328744841189035,0.000133021529286527,0.00444555289993504,3.36577679598688e-06,2.98760827527333e-06,0.000819168823267935,0.000375220776626883,0.000374864933471941,0.000375792420147181,0.000375798325097043
0.000194236992073327,0.000100119871505343,1.59944327102757e-05,4.99650199582077e-05,6.47774178813565e-05,3.87815466129648e-07,0.0003331747217203,9.43039478902718e-05,0.00347320988751824,3.54761035624774e-06,3.17242215285701e-06,0.000847308768501365,0.000367887650055354,0.000367468803921578,0.000368489380223158,0.000368410527696983
0.000193226333671692,0.000101415916761272,1.6001803724075e-05,5.11029425281362e-05,6.48248937064611e-05,3.35407960586065e-07,0.000336865025384688,5.45745529816882e-05,0.00246985942670502,3.72408962140622e-06,3.35079794247517e-06,0.000873375757657668,0.00035737105970135,0.000356895235040122,0.000357984817613732,0.000357822350603665
0.000192192758291743,0.000102712773360422,1.60081530959921e-05,5.22565446289328e-05,6.48584080285008e-05,2.83182771523838e-07,0.000339781913321884,1.39405909388468e-05,0.00143791542511888,3.89396106607683e-06,3.52324599383474e-06,0.000897905762344831,0.000350566203989877,0.000350025901089679,0.000351204318633003,0.000350949128135714
0.000191135957203326,0.000104010153125472,1.60134883768759e-05,5.34253155059922e-05,6.48770758432393e-05,2.31188886243294e-07,0.000341893324792474,2.75278938619766e-05,0.000378917932170344,4.05734316298675e-06,3.69109590631946e-06,0.000920786449256528,0.00034002598213001,0.000339425010309813,0.000340677148563118,0.000340335826372384
0.000190055633146669,0.000105307750601136,1.60178037402758e-05,5.46086219824354e-05,6.48800496452773e-05,1.7811022318126e-07,0.000343175084391179,6.97036321648798e-05,0.000704341496700657,4.21560609040329e-06,3.86694913836853e-06,0.000940216470878608,0.000322797002829334,0.000322147717154331,0.0003234401656802,0.000323028759215749
0.000188951502310797,0.00010660524339183,1.60210643385117e-05,5.5805768802597e-05,6.48664739023586e-05,1.22787932474444e-07,0.000343616198508082,0.000112366615291965,0.00180701724745603,4.36919153110929e-06,4.05940449824463e-06,0.000954948842445846,0.000303312649466148,0.000302621904645917,0.000303941003498176,0.000303465178124518
0.000187823294504508,0.000107902291568054,1.60232375578939e-05,5.70161217875315e-05,6.48354495325076e-05,6.7450415128234e-08,0.00034321297977427,0.000155306034283397,0.00292443254104486,4.51609396749475e-06,4.24872124812035e-06,0.000967224673496303,0.000294210662777239,0.000293450829421671,0.000294866332675836,0.000294291924011758
0.00018667075215939,0.000109198537302527,1.60243537690175e-05,5.82390102466523e-05,6.47861065088406e-05,1.50188441683241e-08,0.000341954355028982,0.000198471560255913,0.00405533728757335,4.6545490791074e-06,4.41258723770516e-06,0.000979541698137965,0.000289947461929452,0.000289099107898649,0.000290654105527199,0.000289962013709899
0.000185493632832712,0.000110493606537809,1.60244710476487e-05,5.94735526148471e-05,6.47177040469793e-05,3.57674701384481e-08,0.000339827177953164,0.000241870698014459,0.00519965032961648,4.78694898365441e-06,4.55704504447041e-06,0.000990668498366265,0.00027638029980992,0.000275467360049908,0.000277108429317385,0.000276333795718786
0.000184291713640095,0.000111787111677059,1.60235827690869e-05,6.071871183079e-05,6.46296150727532e-05,8.91740071506941e-08,0.000336836805832172,0.000285374253898548,0.00635419886256309,4.91740008637494e-06,4.70331470049656e-06,0.00099736396643535,0.000253309203853136,0.000252364623789858,0.000254027228109299,0.000253210696511741
0.00018306479163277,0.000113078652881765,1.60216278788372e-05,6.19736088953576e-05,6.45212265800166e-05,1.44351276570864e-07,0.00033300742732704,0.000328753714223356,0.00751351397230596,5.04515574993424e-06,4.84208985169696e-06,0.00100016268189418,0.000237392619016119,0.000236389714571295,0.000238133179494393,0.00023723921592278
0.000181812679704185,0.000114367818262462,1.60186160420572e-05,6.32374979304545e-05,6.43919640344048e-05,1.96190081125369e-07,0.000328355684121614,0.000371904083840554,0.00867470719307446,5.165827820949e-06,4.94704292997375e-06,0.00100210930191291,0.000230665830617705,0.000229562354959967,0.000231467439045341,0.000230444980141242
0.000180535207665811,0.000115654185954717,1.60146113008519e-05,6.45092911928935e-05,6.42414291712745e-05,2.48152184800787e-07,0.000322889941045288,0.000414803785033379,0.00983673234272721,5.28004807446992e-06,5.04196838161004e-06,0.00100133687064996,0.000209501482789198,0.000208366139057281,0.000210294650907383,0.000209223710811446
0.000179232229154946,0.000116937327361427,1.6009559727248e-05,6.57878851615945e-05,6.40693027620376e-05,3.03437153514885e-07,0.000316643923905559,0.00045725643884562,0.0109949073650878,5.39057429708246e-06,5.14182657267506e-06,0.000996216035467845,0.000189404338669208,0.000188231949825313,0.000190196587837699,0.000189073201955714
0.000177903617547326,0.000118216807345944,1.60034128193765e-05,6.70723560652065e-05,6.38752584259383e-05,3.59762469454017e-07,0.000309657784150756,0.000499081542485701,0.0121447932715359,5.49590942389151e-06,5.23335134290301e-06,0.000987925948500834,0.000173338339983897,0.000172107872236427,0.000174148814054198,0.000172946505899718
0.000176549264856884,0.000119492184725983,1.59961682086873e-05,6.83617304821915e-05,6.36590296335671e-05,4.15723893698594e-07,0.000301967950963645,0.000540162854737553,0.0132832779473288,5.59440389362002e-06,5.3116968005678e-06,0.00097718159069049,0.000157980665509316,0.000156689000179178,0.000158810393452113,0.000157525181800344
0.00017516908293902,0.000120763013805258,1.59878448349193e-05,6.96550315235633e-05,6.34204293668006e-05,4.69717972045869e-07,0.000293610687137466,0.000580411992244795,0.014407838566519,5.68588641689433e-06,5.36991973735905e-06,0.00096465431763626,0.000144976584142364,0.000143606089656911,0.000145838170422796,0.000144453547195722
0.000173763003683325,0.000122028846201883,1.59784810445096e-05,7.0951179177825e-05,6.31593875982661e-05,5.22905277966501e-07,0.000284622856121164,0.000619767097518385,0.0155164506351127,5.77179735869823e-06,5.41078554585489e-06,0.000950007243599171,0.00012904574613215,0.000127618264121443,0.000129923774259244,0.000128467847088198
0.000172330980509061,0.000123289233146223,1.59680915488014e-05,7.22491941743675e-05,6.2875919487837e-05,5.74012038553895e-07,0.000275048677456303,0.000658148728916913,0.0166066566056809,5.85285031628935e-06,5.42694827707947e-06,0.000933659118360852,0.000116382118112379,0.000114869584572075,0.000117296315068294,0.000115740358768712
0.000170872986145598,0.000124543727251736,1.59567181208242e-05,7.35480103418451e-05,6.25701706558068e-05,6.24746675101373e-07,0.000264931477046384,0.000695508272079172,0.0176765600739704,5.92978699253711e-06,5.42420498002467e-06,0.000915194386412965,9.99960567097391e-05,9.84345899276429e-05,0.000100921405136511,9.93064129151122e-05
0.000169389015202359,0.0001257918852339,1.59443457099506e-05,7.48466114932345e-05,6.22423812732253e-05,6.76225254098162e-07,0.000254324221002078,0.000731754662489092,0.0187234140384638,6.00313714086001e-06,5.40775049907155e-06,0.000894386562764304,8.46403774176219e-05,8.30234513354844e-05,8.55792658193133e-05,8.38979332569156e-05
0.000167879080594791,0.000127033269075372,1.59309840148669e-05,7.61441703458765e-05,6.18928409755748e-05,7.25230270101629e-07,0.000243278827405905,0.000766819389821631,0.0197449360593328,6.07148130203371e-06,5.36841879060154e-06,0.00087210733040366,7.24201344356468e-05,7.07161036981319e-05,7.33881047700891e-05,7.16050545381819e-05
0.000166343211153608,0.000128267447469577,1.59167142443906e-05,7.7439887524372e-05,6.15219432193448e-05,7.6882816210655e-07,0.000231839534207684,0.000800685114221731,0.0207398882947199,6.13381389899617e-06,5.29980027775233e-06,0.000849050829012876,6.16074715461545e-05,5.97995886728597e-05,6.26082752157586e-05,6.07069376851177e-05
0.000164781453808827,0.000129493998670627,1.59016061573869e-05,7.87326525948095e-05,6.11302669311087e-05,8.13821591644226e-07,0.000220052221986904,0.000833328793149386,0.0217069884259924,6.19302606839357e-06,5.22634391374177e-06,0.000823951174077298,4.4582840001528e-05,4.27598963589348e-05,4.5562466378879e-05,4.36436927271355e-05
0.000163193877635859,0.000130712513199682,1.58855851075668e-05,8.002158200765e-05,6.07184010440465e-05,8.6175982383363e-07,0.00020798000431217,0.000864644965326447,0.0226434413456671,6.25041377858595e-06,5.15459879186532e-06,0.000796624008962188,3.02403451782896e-05,2.8371454406928e-05,3.12134932838326e-05,2.9243448970484e-05
0.000161580565163577,0.000131922592655209,1.58686531281926e-05,8.13061398821091e-05,6.02868832911829e-05,9.05481196231128e-07,0.000195679634939195,0.000894575103519857,0.0235473639960144,6.30325518087861e-06,5.06548303207469e-06,0.000768369994894713,2.01680675729898e-05,1.81893982700299e-05,2.11634099839264e-05,1.90711942250621e-05
0.000159941610173187,0.000133123850154626,1.58509291889875e-05,8.25856253492685e-05,5.98363600615714e-05,9.43584732376879e-07,0.00018319604688509,0.000923121774967701,0.0244180654051427,6.35103229704527e-06,4.958902645796e-06,0.00073949020940145,9.31626431410759e-06,7.2470063304797e-06,1.03173559466985e-05,8.1264220452848e-06
0.000158277122313422,0.000134315913026206,1.58324954371292e-05,8.3859219759258e-05,5.93675868122423e-05,9.79294584951829e-07,0.000170577218023277,0.000950270494154025,0.0252546338066476,6.39598070719682e-06,4.84717594088392e-06,0.000709615577456413,2.48835397809177e-06,4.6221504959032e-06,1.49991754605505e-06,3.75687974696337e-06
0.000156587227477356,0.000135498424157776,1.5813360784378e-05,8.51261096434519e-05,5.88813572214297e-05,1.01687059965438e-06,0.000157877889948647,0.000975978535614553,0.0260557256950471,6.44050201850867e-06,4.74307858140677e-06,0.00067835497371338,1.52648913299691e-05,1.74276691755626e-05,1.43084259868198e-05,1.65903623681185e-05
0.000154872066408185,0.000136671041953196,1.57934790576686e-05,8.63856975479305e-05,5.83784059063897e-05,1.05547836097564e-06,0.000145157237709187,0.00100018709661673,0.026819777836163,6.48465864301513e-06,4.6459604776377e-06,0.000645924781441432,2.63095638889377e-05,2.85298249675936e-05,2.53743644067495e-05,2.77124530219108e-05
0.000153131790748828,0.000137833439062873,1.57728416576575e-05,8.76373855737134e-05,5.78594490697193e-05,1.09511839339882e-06,0.000132470593405546,0.00102285739099863,0.0275456284648682,6.52817177932914e-06,4.55698849251285e-06,0.000612506107200428,3.72092547519243e-05,3.94696203163125e-05,3.63045862947775e-05,3.86800405159926e-05
0.000151366564210331,0.000138985302294392,1.57514290695104e-05,8.88806487637228e-05,5.73251640649253e-05,1.13453029730592e-06,0.000119872196749436,0.00104395363958963,0.0282322492441214,6.57077740833482e-06,4.47490404565688e-06,0.000578354523765312,4.67378950373964e-05,4.90621808412195e-05,4.58560779030837e-05,4.8293982916503e-05
0.000149576559999476,0.000140126331538148,1.57292674085596e-05,9.01150096284664e-05,5.6776196927899e-05,1.1719061265153e-06,0.000107411938143035,0.00106345958088841,0.0288789901461003,6.61231046415158e-06,4.39639227701148e-06,0.0005437476687572,5.54602477872423e-05,5.78558703703269e-05,5.46003295601727e-05,5.71072350924462e-05
0.00014776196157773,0.000141256239686471,1.57063902510579e-05,9.13399071703069e-05,5.62132054783837e-05,1.20868331618396e-06,9.51374706925342e-05,0.00108136743089947,0.0294854012886223,6.6537261697362e-06,4.32505760144565e-06,0.000508749127440367,6.39789947727287e-05,6.64251572009e-05,6.3150430052672e-05,6.57019038623474e-05
0.000145922962555334,0.000142374752329311,1.56828238870865e-05,9.2554987372595e-05,5.56367736673224e-05,1.24134019931221e-06,8.30952371957242e-05,0.00109767284615408,0.0300511479287395,6.6946643384089e-06,4.25445796290065e-06,0.000473629224948757,7.10576363586179e-05,7.36068548398139e-05,7.02429265394544e-05,7.28945525029223e-05
0.000144059763244275,0.000143481606551366,1.56586654775914e-05,9.37597733846607e-05,5.50475145199569e-05,1.27089115789514e-06,7.1326708393027e-05,0.00111239128375737,0.0305762106108206,6.73573684939582e-06,4.18672837973304e-06,0.000438469280378162,7.82070519649292e-05,8.08161554823883e-05,7.74230587745617e-05,8.01268813772626e-05
0.000142172575742228,0.000144576552282616,1.56339171775155e-05,9.49536399600936e-05,5.44460729229312e-05,1.30361351370623e-06,5.98744654073929e-05,0.00112552559386651,0.0310605117353365,6.7789639305863e-06,4.13453272831397e-06,0.000403201600050695,8.52290601817129e-05,8.78484776805077e-05,8.44926375693777e-05,8.71943308917711e-05
0.000140261622908477,0.000145659351381611,1.56084986040472e-05,9.6136214018272e-05,5.38329682782113e-05,1.33919275066563e-06,4.87811930315549e-05,0.00113707106315898,0.0315039937840167,6.82428809862594e-06,4.09664659282646e-06,0.000367972609474521,9.13053575233302e-05,9.39637029617746e-05,9.06044361512759e-05,9.33357141593705e-05
0.000138327133214933,0.000146729774940457,1.55823838554614e-05,9.730722849699e-05,5.32086306618273e-05,1.37476378388179e-06,3.80846562502349e-05,0.00114703916549414,0.0319068351980903,6.87051887899451e-06,4.06603531455905e-06,0.000332982466234366,9.66201840852943e-05,9.93328732955545e-05,9.59469873259566e-05,9.87258657733081e-05
0.000136369341164233,0.000147787602479743,1.55555780485539e-05,9.84663362622595e-05,5.25734795550625e-05,1.41044967481851e-06,2.78178967857011e-05,0.00115545348880556,0.0322694091073068,6.91723587878676e-06,4.04170843822105e-06,0.000298374019020886,0.000101321854668934,0.000104077964525495,0.000100677933444371,0.0001034935816282
0.000134388487240678,0.000148832621338468,1.55281041487321e-05,9.96133719735615e-05,5.19278515052068e-05,1.44186598421969e-06,1.80099866765282e-05,0.00116234503212205,0.0325922295544405,6.96310561563747e-06,4.01669512618656e-06,0.000264252157389344,0.000105478394616609,0.000108332193643812,0.000104847776131733,0.000107759253702655
0.000132384814697017,0.00014986462532024,1.55000794208604e-05,0.00010074810659183,5.12720982587256e-05,1.4674208665133e-06,8.68530323676143e-06,0.00116775695521075,0.0328759144343478,7.00753160196974e-06,3.98872527915088e-06,0.00023069402388487,0.000109186523765681,0.000112125011601516,0.000108573908241261,0.000111567642133159
0.000130358573226186,0.000150883415941772,1.54715880569256e-05,0.000101870151924588,5.06066294293506e-05,1.49121813906861e-06,1.34583923375986e-07,0.00117173173028685,0.0331211761968752,7.05139113993933e-06,3.96526775489278e-06,0.000197803937436847,0.000112306444188026,0.00011528661195781,0.000111724482295461,0.000114754575518017
0.000128310019862354,0.000151888802640776,1.54426365375215e-05,0.000102979223854716,4.99318021078277e-05,1.51505014493736e-06,8.43054111369973e-06,0.00117430806735966,0.0333288508266483,7.09497360452141e-06,3.94961657719517e-06,0.000165671217960295,0.000114972423966075,0.000117993970441765,0.000114420073383359,0.000117487033809871
0.000126239415703777,0.000152880601110905,1.54132382703676e-05,0.000104075183770591,4.92478897401449e-05,1.53688830463461e-06,1.61865777894204e-05,0.00117552749895268,0.0334998434525342,7.13743106311782e-06,3.93821781672493e-06,0.000134322965335332,0.000117365129647107,0.000120448596394596,0.000116834915094621,0.000119962251209582
0.000124147024814114,0.00015385863231604,1.5383436630545e-05,0.000105157816562451,4.85551680863283e-05,1.55746817885605e-06,2.33901352854754e-05,0.0011754361867435,0.0336351014269167,7.1783734412045e-06,3.9308842359996e-06,0.000103845714110706,0.000119154743315919,0.000122277230732104,0.000118649919180647,0.000121814808152321
0.00012203311618797,0.000154822722756076,1.53532366375941e-05,0.000106226891882832,4.78538972555342e-05,1.57846151101204e-06,3.0032288029948e-05,0.00117408228602019,0.033735700250036,7.21763415522131e-06,3.92920263793568e-06,7.43450203238849e-05,0.000120449825066093,0.000123601572517784,0.000119970465426666,0.000123164074373183
0.000119897961118998,0.000155772703024581,1.53226752743763e-05,0.000107282495878269,4.71441951321871e-05,1.59241715465275e-06,3.61070102934248e-05,0.00117151584313387,0.0338027096290442,7.25306923770883e-06,3.92434947398337e-06,4.56083677454755e-05,0.000122530636403106,0.000125802729270319,0.000122055981105706,0.000125377168190499
0.000117741830888862,0.000156708406679473,1.52918816400671e-05,0.000108324237759028,4.64263602754089e-05,1.60681975197585e-06,4.16104764359553e-05,0.0011677888660389,0.0338370734478416,7.28575978763176e-06,3.92383606019099e-06,1.79611866520935e-05,0.000122429475942432,0.000125677049937489,0.000121988965810504,0.000125284679829418
0.000115565006728824,0.000157629673984472,1.52607662939896e-05,0.00010935187735911,4.57006178267161e-05,1.62495147755515e-06,4.65446009117236e-05,0.00116295510927644,0.0338402365265709,7.31602815956329e-06,3.93245401947295e-06,8.45053146880659e-06,0.000122563548367149,0.00012582710309772,0.00012214698259827,0.000125461511447877
0.000113367769391415,0.000158536347250604,1.52293350934585e-05,0.000110365593689099,4.49669905414618e-05,1.63728189969681e-06,5.09124845078948e-05,0.00115706763248584,0.0338134578071442,7.34152558799495e-06,3.93864186292413e-06,3.39933112881718e-05,0.000123759232671494,0.000127125850751475,0.000123346808504232,0.00012677439375397
0.000111150395391002,0.000159428268877382,1.51978024076627e-05,0.000111365604421321,4.42254826389932e-05,1.63340342006213e-06,5.47159188504019e-05,0.00115017584079446,0.0337574976801882,7.35954047543307e-06,3.93213361101451e-06,5.91436545428481e-05,0.00012621007278879,0.000129761086975599,0.000125788944484118,0.000129417679191279
0.000108913158932245,0.000160305282546402,1.51665197432038e-05,0.000112351788586429,4.34762782765552e-05,1.61420767411102e-06,5.79555742904425e-05,0.00114232094040198,0.0336727202379955,7.36977652819717e-06,3.91749089996736e-06,8.39091038000728e-05,0.00012761375984216,0.00013128469688195,0.000127202006732996,0.000130964261823907
0.000106656341364531,0.00016116723801074,1.51356661941549e-05,0.000113323548547539,4.27197970433446e-05,1.596094809167e-06,6.06368811142588e-05,0.00113354230560617,0.0335599005231179,7.37544325538411e-06,3.91490289080622e-06,0.000107530289636948,0.000125749425229804,0.000129360204974449,0.000125382444741029,0.000129086851625382
0.000104380234599022,0.000162013992585863,1.51051379007061e-05,0.000114280798015731,4.19562024620568e-05,1.57915884256565e-06,6.27727001841356e-05,0.00112388416418038,0.0334205728131498,7.37686287307582e-06,3.92723032841338e-06,0.000130049647851904,0.000125968157409173,0.000129638706397484,0.000125624957237336,0.000129398292670668
0.000102085127881235,0.000162845404315659,1.50749754650459e-05,0.000115223453334867,4.11855977927589e-05,1.56253326449862e-06,6.43731004575437e-05,0.001113383799991,0.033255827200309,7.37400204303406e-06,3.9485969619002e-06,0.000151486932284506,0.000124434063001222,0.000128083677371493,0.000124119289676927,0.000127876631775603
9.97713172061765e-05,0.000163661335154441,1.50450831808424e-05,0.00011615111392882,4.04081885631569e-05,1.55479258422131e-06,6.54536950571609e-05,0.00110209201779848,0.0330672014401389,7.36819288752949e-06,3.98093985543718e-06,0.000171353452869005,0.000121520666159891,0.000125090633547487,0.000121235495579519,0.000124916040727285
9.74391041725919e-05,0.000164461649659109,1.50152751130506e-05,0.000117063721632837,3.96239817423982e-05,1.55313094564458e-06,6.60348660285594e-05,0.00109006985835435,0.0328565430009293,7.35854102903102e-06,4.01785164997823e-06,0.000189787637488892,0.000119889953672736,0.000123454354286068,0.000119616576761961,0.000123300177453878
9.50887902613218e-05,0.000165246211650927,1.49854655953074e-05,0.000117961125112753,3.8833005683192e-05,1.55747981871179e-06,6.61363077607155e-05,0.00107737764164834,0.0326254072399731,7.34454115267265e-06,4.05363885454084e-06,0.000206747216039749,0.000116899758585309,0.000120404613663694,0.000116637868371683,0.000120269336109646
9.2720681063696e-05,0.000166014886015642,1.49555345243524e-05,0.000118843309232453,3.80352242648763e-05,1.56353378741314e-06,6.57812569476131e-05,0.00106408299696799,0.0323755008935978,7.32483542783396e-06,4.08334850803861e-06,0.000222478224170652,0.000115782988288515,0.000119322854649218,0.00011551787156161,0.000119198729659376
9.0335080435322e-05,0.000166767536113666,1.49255095416301e-05,0.000119710230504999,3.72306375636677e-05,1.56837240414265e-06,6.49900413538878e-05,0.00105024373418988,0.0321080336521388,7.29844196838289e-06,4.10389621495651e-06,0.000237143617722313,0.000113899817441809,0.000117444686999812,0.000113634048139355,0.00011733398355307
8.79322963847073e-05,0.000167504027302257,1.48953630685345e-05,0.000120561586141543,3.64194127369655e-05,1.5782373556511e-06,6.37865342555794e-05,0.00103592147186537,0.031824414820088,7.26614196022351e-06,4.1196729045484e-06,0.000250360097621471,0.000110517177752678,0.000114003728916456,0.000110258684261177,0.000113911658521149
8.55126418599639e-05,0.000168224228011993,1.48649737956585e-05,0.000121397312815408,3.5601621364012e-05,1.59198459165344e-06,6.2199115578312e-05,0.00102118283437324,0.0315263805042869,7.22773522491624e-06,4.13132366224728e-06,0.000262209584439899,0.000108283816283028,0.000111767867631674,0.000108026706429953,0.000111691541641701
8.3076427327633e-05,0.000168928006339719,1.48343647552451e-05,0.000122217709558448,3.47771639965244e-05,1.596683387034e-06,6.02516838111775e-05,0.00100608006036679,0.0312151312641821,7.18111340090973e-06,4.13287749242465e-06,0.000273533054660158,0.000109183589872996,0.000112803701250663,0.000108915144352295,0.000112737701882359
8.06239605590786e-05,0.000169615230500852,1.48037028806502e-05,0.000123022308174736,3.39463904433512e-05,1.60564380971562e-06,5.79632313911559e-05,0.000990651149120036,0.030891321338243,7.12859025925353e-06,4.1300334337642e-06,0.000283475547430467,0.000103534540967232,0.000107007700084205,0.00010328256740022,0.000106964976882562
7.81555644575604e-05,0.000170285779182877,1.47726888144462e-05,0.000123810644542199,3.31096801541308e-05,1.63262648655849e-06,5.53706856418731e-05,0.000974973911272739,0.0305573177645742,7.07280635676171e-06,4.13069632847554e-06,0.000291170218825409,9.81965594182288e-05,0.000101540583726911,9.79589318955698e-05,0.000101518798271472
7.56715623566606e-05,0.000170939533813308,1.47410467981057e-05,0.000124582997536815,3.22669995155289e-05,1.66616257661623e-06,5.25102894834701e-05,0.000959122582701681,0.0302153887194631,7.01247455817146e-06,4.12753246658432e-06,0.000297359544524978,9.57158012686588e-05,9.90591176498468e-05,9.54761772685719e-05,9.90476307908272e-05
7.31722717497441e-05,0.000171576375038396,1.47087393713718e-05,0.000125339501890309,3.14184059130862e-05,1.69983456126122e-06,4.94095148440985e-05,0.000943152679762311,0.0298669187320509,6.94675495391234e-06,4.11383052010758e-06,0.000302455345891683,9.32909229924839e-05,9.66382484394179e-05,9.30457274044283e-05,9.66338313346249e-05
7.06580088931652e-05,0.000172196185855178,1.46758004884173e-05,0.00012608029493677,3.05639955246462e-05,1.72787774314898e-06,4.60933746422365e-05,0.000927113896487871,0.0295130096860166,6.87471748076905e-06,4.0885012969373e-06,0.000306876494584885,9.25918773775347e-05,9.60132858882634e-05,9.23396336403037e-05,9.60178010395163e-05
6.81290862387662e-05,0.000172798851067912,1.46424070783802e-05,0.000126805537318586,2.97039001680433e-05,1.74458515915521e-06,4.25808380868758e-05,0.000911036341005585,0.029154163194934,6.79570054800477e-06,4.05395221058855e-06,0.00031105932111386,9.26997019122799e-05,9.62241397104435e-05,9.24459288147439e-05,9.62434551388114e-05
6.55858149807287e-05,0.000173384259737563,1.46087745278578e-05,0.000127515144300427,2.88384420285004e-05,1.75353360037933e-06,3.88881804418865e-05,0.000894937914088262,0.0287906626092797,6.71088496988585e-06,4.01667718762447e-06,0.000314828378601362,9.13933249316878e-05,9.49562599922293e-05,9.11507013223734e-05,9.4997782346673e-05
6.30285099847416e-05,0.000173952308845093,1.45749732238798e-05,0.000128208886812198,2.79680548930794e-05,1.76370762426659e-06,3.50357143412104e-05,0.000878842584221449,0.0284232754120633,6.62270183546549e-06,3.98360840142553e-06,0.000317640623031024,8.83981589558935e-05,9.19258107859866e-05,8.81767135907374e-05,9.19930399252422e-05
6.04574870526342e-05,0.000174502901728935,1.45410266449986e-05,0.000128887137806566,2.70927858055936e-05,1.76215788233458e-06,3.10435950902668e-05,0.00086277209530599,0.0280528775975583,6.53022626082125e-06,3.95521693469236e-06,0.000320446146563902,9.06466612846657e-05,9.43517736538002e-05,9.04381539315047e-05,9.44441120499517e-05
5.78730544893435e-05,0.000175035942453272,1.45072250623546e-05,0.0001295497184437,2.62130140306072e-05,1.75520494850867e-06,2.69191907274421e-05,0.000846716045028489,0.0276792385873565,6.43543688047338e-06,3.93144445128349e-06,0.000322850223419158,8.75331675862512e-05,9.11904333431579e-05,8.73495320234952e-05,9.13065356406007e-05
5.52755295490925e-05,0.000175551345959923,1.44735421663267e-05,0.000130196471078592,2.53290890547819e-05,1.7479815220961e-06,2.26807594071831e-05,0.000830696281281703,0.0273033051837333,6.33998589854816e-06,3.91497957843642e-06,0.000324579687382809,8.65765684829878e-05,9.02695903226558e-05,8.6416415349011e-05,9.04099163853145e-05
5.26652274837058e-05,0.00017604903057189,1.44400420385438e-05,0.000130827448957649,2.44411949588685e-05,1.73735587361001e-06,1.83410411529606e-05,0.000814721006907583,0.0269255971311542,6.24424547608243e-06,3.90473004679634e-06,0.000325890268074613,8.52346268934712e-05,8.89448548581084e-05,8.50977818734888e-05,8.91064108228257e-05
5.00424652778442e-05,0.00017652891985831,1.44067541334447e-05,0.000131442479320287,2.35496394481172e-05,1.72803746696648e-06,1.39126613187138e-05,0.000798802095195553,0.0265467246400521,6.14959459436967e-06,3.89957912054484e-06,0.000326500464998492,8.27948312710491e-05,8.64737308732266e-05,8.26816464456481e-05,8.66531746515076e-05
4.74075616376801e-05,0.000176990942104882,1.43736822908469e-05,0.000132041734563049,2.26544667770168e-05,1.71139407320609e-06,9.40795552694586e-06,0.000782953634682125,0.0261673470395141,6.05518248900883e-06,3.89879785870489e-06,0.000327054590131715,8.40085358841947e-05,8.78017041979762e-05,8.39147162041698e-05,8.80006566847946e-05
4.47608310307768e-05,0.000177435025689898,1.43410368793617e-05,0.000132625138146714,2.17558717332533e-05,1.68781091031134e-06,4.82977401742196e-06,0.000767164824394434,0.0257872570936554,5.96139406493662e-06,3.9013216158075e-06,0.000327562455749497,8.27000232227482e-05,8.64992716198554e-05,8.26283930628335e-05,8.67146693729337e-05
4.2102594101312e-05,0.000177861106013144,1.43088455826224e-05,0.000133192359684231,2.0854215804611e-05,1.66726401611139e-06,1.87109060477288e-07,0.000751444725329235,0.0254069157631667,5.87007682503434e-06,3.90785737698629e-06,0.000327393197111392,8.00954286714894e-05,8.38425195295311e-05,8.0048324966886e-05,8.4073132535667e-05
3.94331768818201e-05,0.000178269124710417,1.42769821813715e-05,0.000133743154859034,1.99497854783681e-05,1.6565352314174e-06,4.50609328032157e-06,0.000735818097899876,0.0250273369383484,5.78262714673351e-06,3.91761938509441e-06,0.000326112148578195,7.62335672372938e-05,7.98755218222036e-05,7.62094491074672e-05,8.0116743384373e-05
3.67529080697038e-05,0.000178659027306849,1.42452711886509e-05,0.000134277629340707,1.90425867409583e-05,1.64872854083176e-06,9.23465450310609e-06,0.000720316046504066,0.0246497031813893,5.69819568618421e-06,3.92896687818889e-06,0.000324212392126766,7.53294539821425e-05,7.8986700447814e-05,7.53230870181865e-05,7.92389823696116e-05
3.40621136577512e-05,0.000179030758843735,1.42136976737373e-05,0.000134795681459021,1.81327687686639e-05,1.64524381562892e-06,1.39899897956184e-05,0.000704953025730742,0.0242745512790322,5.61682962457435e-06,3.93799878438406e-06,0.000321598141232504,7.21491530691898e-05,7.57268967872538e-05,7.21567837826953e-05,7.59829717930094e-05
3.13611231415045e-05,0.000179384268450988,1.41821564056954e-05,0.00013529734626283,1.72203757162204e-05,1.64247643243132e-06,1.87600033945013e-05,0.000689756671292211,0.0239027601192955,5.53775609472536e-06,3.94437881202567e-06,0.000318547003699321,7.1583696126587e-05,7.51859283092404e-05,7.1604559588434e-05,7.54505142246398e-05
2.86502631445806e-05,0.00017971950452067,1.41506956135018e-05,0.000135782651920713,1.63054635479165e-05,1.63763444881171e-06,2.3538751499442e-05,0.000674735016249732,0.0235345735521006,5.46030983711638e-06,3.94830153962328e-06,0.000315268333427599,7.03352173244687e-05,7.39306957106001e-05,7.03693116892445e-05,7.42030402562932e-05
2.59298616509529e-05,0.000180036418146234,1.41193371399062e-05,0.0001362515488329,1.53881563687008e-05,1.6315194946992e-06,2.83195113016407e-05,0.000659898007324903,0.0231703120625541,5.38446364840929e-06,3.95075457851682e-06,0.000311740168215668,6.94052493377395e-05,7.30027072870509e-05,6.9454347738529e-05,7.32852727108879e-05
2.32002449174207e-05,0.000180334960690587,1.40881967374273e-05,0.000136704353681294,1.44682734886104e-05,1.60982337167603e-06,3.30996976279639e-05,0.00064524050861458,0.0228098828046162,5.30814907759177e-06,3.95726484921435e-06,0.000308992475559766,7.30185825769114e-05,7.67987276155679e-05,7.3088367028018e-05,7.71050401953133e-05
2.04617342701718e-05,0.000180615080896174,1.40576227749545e-05,0.000137140856431683,1.354605624454e-05,1.57974327119614e-06,3.78863626579008e-05,0.000630724305324194,0.0224522251726099,5.23237473374397e-06,3.96737107434889e-06,0.000306564357712202,7.14232557786909e-05,7.51656289711411e-05,7.15125026513608e-05,7.54845791323122e-05
1.77146604809497e-05,0.000180876736630142,1.40276020845764e-05,0.000137560701825801,1.26218594203031e-05,1.55442110107151e-06,4.26738435227749e-05,0.00061635395366641,0.0220976515845338,5.15922505517833e-06,3.97996671377965e-06,0.000303611096618639,6.93668546617454e-05,7.30469560910052e-05,6.94771085582024e-05,7.33785717437208e-05
1.49593574018114e-05,0.000181119889337666,1.39980287239272e-05,0.000137963829525467,1.16957747156032e-05,1.5344764821984e-06,4.74539786276566e-05,0.000602142840016922,0.021746791381679,5.08890457970069e-06,3.99466461574807e-06,0.000300109537664184,6.73719911639115e-05,7.09911711495037e-05,6.75005297982034e-05,7.13330327321016e-05
1.21961596943887e-05,0.000181344501793301,1.39688026852269e-05,0.000138350215081018,1.07678474718376e-05,1.51887891761127e-06,5.22191011600086e-05,0.000588105090982389,0.0214002416766995,5.02107890943546e-06,4.00893303174887e-06,0.000296131452471815,6.56594508177122e-05,6.92283442644825e-05,6.58016903771763e-05,6.95773977272829e-05
9.42540228765498e-06,0.000181550537418085,1.39398531049384e-05,0.00013871985552516,9.83809959742565e-06,1.50582050008341e-06,5.6962443612112e-05,0.000574254335696429,0.0210584836197347,4.95505263168714e-06,4.02045660384542e-06,0.000291803480248487,6.43490728998719e-05,6.78823953930152e-05,6.45015560211126e-05,6.8237294124085e-05
6.64741986566852e-06,0.000181737959849104,1.39111549692927e-05,0.00013907278484504,8.90652576396311e-06,1.4922440800258e-06,6.16785828396602e-05,0.000560600474263846,0.020721811331383,4.88990084552491e-06,4.02884904464676e-06,0.000287345141750661,6.3768116799312e-05,6.7293116678746e-05,6.39301408854598e-05,6.7655670538791e-05
3.86254618245374e-06,0.000181906732487636,1.38827515985263e-05,0.000139409053100281,7.97311553779601e-06,1.47473484073124e-06,6.63643268316138e-05,0.000547144694775076,0.0203902348100867,4.82474282205652e-06,4.03545860339083e-06,0.000283008031563114,6.38649927379165e-05,6.74058607619266e-05,6.40378466070235e-05,6.77793130008375e-05
1.07111375668989e-06,0.00018205681835648,1.38547641157505e-05,0.000139728751391899,7.03782212813087e-06,1.44801991074084e-06,7.10192683982549e-05,0.000533876302128379,0.020063431963567,4.758630912147e-06,4.04388338427417e-06,0.000279184107856434,6.53130836980598e-05,6.89202695617341e-05,6.5501232143661e-05,6.93115336950489e-05
1.72654610408607e-06,0.000182188180081866,1.38273943945944e-05,0.000140031838572918,6.10072089568536e-06,1.41254453303596e-06,7.56461686790911e-05,0.000520770964946759,0.0197407254161167,4.691528874241e-06,4.05547361720382e-06,0.000275874578525126,6.59403279507087e-05,6.95746404306696e-05,6.61438497699951e-05,6.99821803674672e-05
4.53009885692524e-06,0.000182300784135725,1.38007259955497e-05,0.000140318026477626,5.16213223222817e-06,1.38016040744648e-06,8.0244161661363e-05,0.000507818312660048,0.0194218690457278,4.62503038263413e-06,4.06523029500283e-06,0.000272288238482743,6.35257445712467e-05,6.7058727697078e-05,6.37377674255202e-05,6.74704803486081e-05
7.33920505135988e-06,0.000182394602632585,1.37746429016428e-05,0.00014058727759958,4.22213156159312e-06,1.35111563592805e-06,8.48059597136907e-05,0.000495034308723755,0.0191073799947142,4.55920543045564e-06,4.07359129588405e-06,0.000268430542204601,6.28976791502422e-05,6.64005380823784e-05,6.31220379507802e-05,6.6823607154376e-05
1.01535269710906e-05,0.000182469606701541,1.37491409888391e-05,0.000140839665403902,3.28068362309697e-06,1.32047007828096e-06,8.93282425127123e-05,0.000482418999566822,0.0187973208233143,4.49315606223916e-06,4.08215139916651e-06,0.000264639580694281,6.26795549690806e-05,6.61678811187949e-05,6.29146793091895e-05,6.6602178839914e-05
1.29727267520474e-05,0.000182525768478103,1.37242363316137e-05,0.000141075095659415,2.33793472353971e-06,1.29156088639337e-06,9.38081486123757e-05,0.000469971561229784,0.0184916775832945,4.42699304968737e-06,4.08702725960067e-06,0.000260682100339915,6.12494625820137e-05,6.46719947973162e-05,6.14891543846419e-05,6.5110214496511e-05
1.57964649780684e-05,0.000182563062821939,1.36998904680663e-05,0.000141293603339698,1.39390723563615e-06,1.26172784825629e-06,9.82408362016114e-05,0.000457700379819943,0.0181906479869921,4.36014023411188e-06,4.08946076841527e-06,0.000256757083284098,6.13756129950183e-05,6.47929960120308e-05,6.16242694283509e-05,6.52426116454219e-05
1.86244038181682e-05,0.000182581464230558,1.36761586486678e-05,0.000141495212769849,4.4865050785603e-07,1.22920132639148e-06,0.000102624504529276,0.000445599917937332,0.0178940438428696,4.29211964718814e-06,4.09049146844406e-06,0.000252990913130802,6.11522814818466e-05,6.45482339957093e-05,6.14081873774319e-05,6.50073951288244e-05
2.1456205389514e-05,0.000182580948869582,1.36531036152299e-05,0.000141679964372754,4.97798239684766e-07,1.19136159876243e-06,0.000106957578457668,0.000433663219658866,0.0176016370080601,4.2225413915542e-06,4.09245524942217e-06,0.000249586423374248,6.20500695774906e-05,6.54661107108989e-05,6.23179802017315e-05,6.5941208958531e-05
2.42915317564263e-05,0.000182561494736944,1.36307948219727e-05,0.000141847691669139,1.4451489300793e-06,1.1566255529033e-06,0.0001112389064123,0.000421881513307148,0.0173131563492846,4.15239932377581e-06,4.08908335408284e-06,0.000245949954152835,5.97155866595145e-05,6.30206364966579e-05,5.99826419874772e-05,6.34938737000823e-05
2.71300417798992e-05,0.000182523085725639,1.36091335134481e-05,0.00014199844706686,2.39334592910811e-06,1.12245320132986e-06,0.000115462120892284,0.000410271533288336,0.0170290055025445,4.0814852588358e-06,4.08309489932646e-06,0.000242281066536509,6.00632770451082e-05,6.33623956495244e-05,6.03410330231036e-05,6.38494337128481e-05
2.99713970275395e-05,0.000182465705097279,1.35881537963733e-05,0.000142132252975991,3.34227416498578e-06,1.08857364597426e-06,0.000119625211516517,0.000398828544550058,0.0167490412065986,4.00960052247956e-06,4.07442618701598e-06,0.000238582799467812,5.89154701610139e-05,6.21492662654655e-05,5.91964078033858e-05,6.26406168706684e-05
3.28152587473207e-05,0.000182389339466127,1.35678513537574e-05,0.000142249203865519,4.29189876771652e-06,1.05086478467686e-06,0.0001237249034384,0.000387554555257567,0.0164732840592281,3.93630870231126e-06,4.06660683265753e-06,0.000235165581178254,5.99753052005214e-05,6.32279784267276e-05,6.02696152736115e-05,6.37368773448443e-05
3.56612903784637e-05,0.000182293975845127,1.35483205245812e-05,0.000142349275513154,5.24202632340431e-06,1.01191762787167e-06,0.000127761194297364,0.00037643525676098,0.0162013368283893,3.86190154431705e-06,4.05720765557852e-06,0.000231837794235801,5.89599080874637e-05,6.21488361454148e-05,5.92575376114901e-05,6.26619164634246e-05
3.8509154095423e-05,0.000182179606186827,1.35295593222118e-05,0.000142432510641388,6.19254329450869e-06,9.70538705763468e-07,0.000131731338624894,0.000365472008355521,0.0159331965005446,3.78646575067743e-06,4.04791802917706e-06,0.000228707820700558,5.96046787805227e-05,6.27914625104253e-05,5.99147828355129e-05,6.33197290457188e-05
4.13585137999384e-05,0.000182046223658583,1.35116385420186e-05,0.000142498923720091,7.14329052375895e-06,9.27289768234973e-07,0.000135635181941647,0.000354652844657415,0.0156685397033564,3.71015107494335e-06,4.03861907231212e-06,0.000225733987744337,5.91120852396765e-05,6.22515414748781e-05,5.94289701855155e-05,6.27872203344815e-05
4.42090329296763e-05,0.000181893825643487,1.3494574373718e-05,0.000142548532290454,8.09411109045644e-06,8.82469164742439e-07,0.000139471193080095,0.00034397478627481,0.0154072689607113,3.63322510064004e-06,4.02926447053142e-06,0.000222907412415485,5.92531171550448e-05,6.23671703517958e-05,5.95805425471774e-05,6.29143534677246e-05
4.70603755701182e-05,0.000181722412337937,1.34783929133242e-05,0.000142581325589419,9.04479863322871e-06,8.38340866560205e-07,0.000143238476005031,0.000333432700250547,0.0151492357395863,3.55606973750512e-06,4.01745748795923e-06,0.000220056376214528,5.82923086731579e-05,6.13384929349925e-05,5.86239491371376e-05,6.18889899806074e-05
4.99122056765167e-05,0.000181531988063255,1.34630765942223e-05,0.000142597369134245,9.99524474745717e-06,7.92793543341608e-07,0.00014693506885511,0.000323029171717209,0.0148944780403327,3.47859914922211e-06,4.00574874499099e-06,0.000217350042509834,5.86916254150527e-05,6.17190314650129e-05,5.90355738009363e-05,6.22824741732808e-05
5.27641889968011e-05,0.000181322558672314,1.34486785687837e-05,0.000142596707573328,1.09453063142639e-05,7.4512496321677e-07,0.00015056127753946,0.000312753641293684,0.0146427206760669,3.4007807561634e-06,3.99499034308554e-06,0.000214839167530956,5.85408922035846e-05,6.15278968953969e-05,5.88936253578254e-05,6.20996208302582e-05
5.56159916231813e-05,0.000181094133644866,1.34352333440724e-05,0.000142579375108087,1.18948300780741e-05,6.95050561341781e-07,0.000154117067050909,0.000302599017273443,0.0143937669490742,3.32278546135772e-06,3.98558503160104e-06,0.000212558014823838,5.88855284707757e-05,6.18478234784003e-05,5.92502946704654e-05,6.24311300646552e-05
5.84672804898601e-05,0.000180846725241657,1.34227933403785e-05,0.000142545393258531,1.28436479578664e-05,6.42923803029216e-07,0.000157603241521343,0.000292554315428957,0.0141473272913768,3.24481522238787e-06,3.97733542648396e-06,0.000210486681979483,5.88532308088974e-05,6.17752719379583e-05,5.92277516272555e-05,6.23668129886568e-05
6.13177226090889e-05,0.000180580349596227,1.34113818064385e-05,0.000142494761811496,1.37915600738336e-05,5.90479795101184e-07,0.000161020072989768,0.00028261383413833,0.0139032350457769,3.16726518143551e-06,3.9680749634452e-06,0.000208495100432637,5.84826919910464e-05,6.13508074938096e-05,5.88647853364543e-05,6.1947496293846e-05
6.41669848338022e-05,0.000180295027222055,1.34009712124961e-05,0.00014242745294446,1.47383025415893e-05,5.42131197350804e-07,0.000164366653328706,0.00027278198191503,0.0136615552690194,3.09074027410758e-06,3.95150639534783e-06,0.000206217657009622,5.67360143063356e-05,5.95024352776363e-05,5.71159879756422e-05,6.00928345121376e-05
6.70147343835303e-05,0.000179990782732231,1.33914961011339e-05,0.000142343598631411,1.56838468824971e-05,4.92326370268859e-07,0.000167641101838602,0.000263070947551255,0.0134225345222831,3.01462743076492e-06,3.93611897349724e-06,0.000204117969200723,5.78028641621264e-05,6.05628244755296e-05,5.82010382046416e-05,6.11708728762705e-05
6.98606418292336e-05,0.000179667640104464,1.33830518369571e-05,0.000142243308952072,1.66281366394405e-05,4.36814583559819e-07,0.000170845914542438,0.000253458650301717,0.0131856547293415,2.93832378821415e-06,3.92863971037521e-06,0.000202546757934907,5.88081457314482e-05,6.15574225727444e-05,5.92237112210237e-05,6.21817853304618e-05
7.27043785781478e-05,0.000179325626343485,1.33757366613807e-05,0.000142126585226943,1.75709728289786e-05,3.77571382229047e-07,0.000173983795099743,0.00024392230257505,0.0129503740976151,2.86234483032357e-06,3.92572450387194e-06,0.000201359022241721,5.92547070181748e-05,6.19711072302742e-05,5.96831049864965e-05,6.26055156116578e-05
7.55456153946343e-05,0.000178964773397183,1.33695671991063e-05,0.000141993346789548,1.85120194567123e-05,3.22437798766506e-07,0.000177055731131586,0.000234456958085575,0.0127165305723977,2.78785086786458e-06,3.91419491363801e-06,0.000199879485760057,5.69778175866231e-05,5.9572326129298e-05,5.73978909194084e-05,6.01920735230355e-05
7.838402229704e-05,0.000178585118690511,1.33644545050604e-05,0.000141843698895472,1.94512526778268e-05,2.66341014146243e-07,0.00018006019016363,0.000225081055374288,0.012484478715208,2.7143549357932e-06,3.90383726473625e-06,0.000198584951996539,5.85853493417776e-05,6.11788541298175e-05,5.90287797964661e-05,6.18203613481638e-05
8.12192721647009e-05,0.000178186698838623,1.33604630421225e-05,0.000141677672250706,2.03884935966736e-05,2.10780536108457e-07,0.000182999584018838,0.000215776063126593,0.0122537855907746,2.64167661878644e-06,3.89197985243422e-06,0.000197303996117282,5.68798998491493e-05,5.93704483644597e-05,5.73188291961291e-05,6.00024817359879e-05
8.40510369922165e-05,0.000177769557092033,1.33574995679897e-05,0.000141495257707014,2.13234599288348e-05,1.61616845933965e-07,0.000185871950937046,0.000206563279952558,0.0120248728717448,2.57059259478729e-06,3.86652464514498e-06,0.000195486481140095,5.48937149227324e-05,5.72734548055509e-05,5.53253043854562e-05,5.78933429328243e-05
8.68789900542732e-05,0.000177333740367547,1.33554363703769e-05,0.000141296569419747,2.22560161863006e-05,1.1853180433008e-07,0.000188674301596412,0.000197473728548299,0.011798371154024,2.50071999996047e-06,3.82814592925912e-06,0.00019312184427317,5.30314341958826e-05,5.53070756245111e-05,5.34573577303243e-05,5.59179337951132e-05
8.97028077851414e-05,0.000176879297468346,1.33541872828769e-05,0.000141081817614408,2.31861378076348e-05,7.65380211986688e-08,0.000191404164245363,0.00018852854398041,0.011574730006421,2.43115768520282e-06,3.78757134539276e-06,0.000190662500984207,5.30928518740481e-05,5.53210985128061e-05,5.35305945836839e-05,5.5943121096913e-05
9.25221709825452e-05,0.000176406277719643,1.33537647806214e-05,0.000140851188887181,2.41137218024989e-05,3.38578406977597e-08,0.000194061210582871,0.000179723131299057,0.0113538799220608,2.36156358328623e-06,3.74863617025323e-06,0.000188252046247617,5.2734693035017e-05,5.4904593984495e-05,5.3180670600117e-05,5.55335189421635e-05
9.5336763871412e-05,0.000175914732995608,1.33541960725125e-05,0.00014060487203027,2.50386976795303e-05,1.25070411804984e-08,0.000196645553700714,0.000171049064822289,0.0111356782906727,2.29189925329966e-06,3.71859889175541e-06,0.000186218781234315,5.41268915498216e-05,5.62832768841171e-05,5.45976949942739e-05,5.69363674600698e-05
9.81462741503902e-05,0.000175404716672656,1.33555626145032e-05,0.00014034298109189,2.59608842585884e-05,6.08444349903259e-08,0.000199159131215862,0.00016248126224758,0.0109196404276814,2.2226702980047e-06,3.69375252077739e-06,0.000184381345092688,5.36804548869618e-05,5.57739072232222e-05,5.41592781824196e-05,5.64313538439221e-05
0.000100950391172305,0.00017487628665469,1.33578725551864e-05,0.000140065612294737,2.68801103070621e-05,1.09614745197328e-07,0.000201602605242871,0.000154016013274812,0.0107057207832694,2.15454660846816e-06,3.67064743888104e-06,0.000182599014268037,5.37431076884642e-05,5.57844691291276e-05,5.42353768011594e-05,5.64513541480016e-05
0.000103748806439208,0.000174329503552006,1.33611302324255e-05,0.000139772859950926,2.77962114234587e-05,1.57345752177518e-07,0.00020397699246155,0.000145649808150514,0.0104938833040936,2.08778160173802e-06,3.64583851676301e-06,0.000180693882565641,5.27175253590695e-05,5.46804149926805e-05,5.321310357842e-05,5.53455385059465e-05
0.000106541213396483,0.000173764431110057,1.33653145806267e-05,0.000139464849629345,2.87091065098721e-05,2.05713756612491e-07,0.000206282788632312,0.000137387079588251,0.0102842641319397,2.02223351603707e-06,3.62455847290749e-06,0.00017887762164559,5.32830254522665e-05,5.52032768061927e-05,5.37977256072075e-05,5.58839564067659e-05
0.000109327308184304,0.000173181133908518,1.33704672362622e-05,0.00013914169822471,2.96187344230453e-05,2.56922151886663e-07,0.000208522046701625,0.000129209788650774,0.0100765538527794,1.95753010616572e-06,3.61385814665743e-06,0.000177430250354604,5.41875095948496e-05,5.60706040029224e-05,5.47240025182694e-05,5.67695575330873e-05
0.000112106788679511,0.000172579678367146,1.33766455701068e-05,0.00013880346536399,3.052498431938e-05,3.10820109178378e-07,0.000210697297998018,0.000121093582868444,0.00987030742660843,1.89385121035802e-06,3.61309703705501e-06,0.000176365413689095,5.50040028877152e-05,5.6844795823574e-05,5.55598878577701e-05,5.75588462585763e-05
0.000114879353445119,0.000171960133495741,1.33838853968449e-05,0.000138450159057224,3.14276943120112e-05,3.64867449448303e-07,0.000212810877850128,0.000113021840455708,0.00966520600857028,1.83165972732755e-06,3.61319323249898e-06,0.000175362409644497,5.44055894973194e-05,5.61733149962995e-05,5.49647951408883e-05,5.68850009303734e-05
0.000117644700979358,0.000171322572026233,1.33921497804668e-05,0.000138081777748766,3.23266657644011e-05,4.14826448191796e-07,0.000214863521771958,0.000105008054543779,0.00946150325843486,1.77140543397814e-06,3.59784932246407e-06,0.000173794287840534,5.19248766923663e-05,5.35845592353201e-05,5.24671125885501e-05,5.42731514890926e-05
0.000120402530503411,0.000170667069652519,1.34013566439606e-05,0.000137698415872523,3.32218591012068e-05,4.62751737123623e-07,0.000216854600142096,9.70860616553375e-05,0.00925985689139963,1.71241929569562e-06,3.57547917353984e-06,0.000171955519249312,5.18157890762039e-05,5.34114021458754e-05,5.23674541711427e-05,5.41067325262601e-05
0.000123152543704513,0.000169993702179627,1.3411491633919e-05,0.000137300193060907,3.41132150943751e-05,5.09858526787088e-07,0.000218784392608826,8.92598402384932e-05,0.00906037704442455,1.65388463095945e-06,3.55078140040418e-06,0.000169962352210729,5.09101114867239e-05,5.24299937701977e-05,5.14623367735556e-05,5.31237309560062e-05
0.000125894444545527,0.000169302547343486,1.34225344636807e-05,0.000136887231639404,3.50006496558364e-05,5.56334500537159e-07,0.000220652493519432,8.15390318235022e-05,0.00886329687995308,1.59567993149532e-06,3.52342191442534e-06,0.00016781348692102,5.05190135869915e-05,5.19722582105198e-05,5.10770034080066e-05,5.2670262969956e-05
0.000128627939645243,0.000168593684156892,1.34344847186885e-05,0.000136459668884203,3.58841063619886e-05,6.03462555842649e-07,0.000222458858913281,7.39244882427949e-05,0.00866867990607979,1.53755862280847e-06,3.49936906589646e-06,0.000165722690658121,5.07813477655938e-05,5.2177772285944e-05,5.13524055660852e-05,5.28877390337801e-05
0.000131352738249241,0.000167867192911841,1.34473613278008e-05,0.000136017625526841,3.67635058506482e-05,6.51578840119016e-07,0.000224203899119895,6.64068610356925e-05,0.00847639905257158,1.47956027035099e-06,3.48015147274075e-06,0.000163744949554678,5.096407924432e-05,5.23022614925539e-05,5.15469212495345e-05,5.3022371980127e-05
0.000134068551810362,0.000167123155534799,1.34611874571533e-05,0.000135561203678414,3.7638778165032e-05,7.01329015043162e-07,0.000225888348420217,5.89738510160517e-05,0.00828626596056823,1.42182972427016e-06,3.47004411360013e-06,0.000162054340841045,5.19639806476624e-05,5.3252463951825e-05,5.25674179420177e-05,5.39912939883092e-05
0.000136775093504904,0.000166361655460689,1.34759938885676e-05,0.000135090467693888,3.85098199140593e-05,7.51930843451154e-07,0.000227513420408956,5.16070396527888e-05,0.00809796644368275,1.36463631028163e-06,3.46380505791485e-06,0.000160474874379368,5.17840515122936e-05,5.30084653005414e-05,5.23933636973339e-05,5.37501053506917e-05
0.000139472077552188,0.000165582778331008,1.34917892196107e-05,0.000134605467315252,3.93765403026367e-05,8.03001019997196e-07,0.000229080073639892,4.43039473273048e-05,0.00791147055330337,1.30821867816607e-06,3.4590079651918e-06,0.000158949386144802,5.20275646539448e-05,5.31909804011299e-05,5.26470918813526e-05,5.39399262653451e-05
0.000142159219166479,0.000164786611331791,1.35085841654892e-05,0.000134106248773525,4.02388605104526e-05,8.54537535746602e-07,0.000230589409941651,3.7059122344162e-05,0.00772668548338892,1.25245170874574e-06,3.45593668701905e-06,0.000157484399458618,5.20820389156018e-05,5.31819693698754e-05,5.27088949884291e-05,5.39355270244846e-05
0.000144836234408502,0.000163973243222149,1.35263887215409e-05,0.000133592851583653,4.10967101401385e-05,9.06789429280797e-07,0.00023204243143525,2.9866616675842e-05,0.00754350607106164,1.19722002609247e-06,3.45778129810098e-06,0.000156207665057362,5.2806729906707e-05,5.38469233307692e-05,5.34478736657906e-05,5.46124951680271e-05
0.000147502839983438,0.000163142764195934,1.35452160276994e-05,0.000133065297837187,4.19500040897032e-05,9.59353807214458e-07,0.000233440144954497,2.27161651432367e-05,0.00736173688482369,1.14246130609582e-06,3.4594335676548e-06,0.000154956348143553,5.2507814370939e-05,5.34809211308884e-05,5.31493839770469e-05,5.4244441640261e-05
0.000150158752973598,0.000162295266177281,1.35650695827216e-05,0.000132523608898483,4.27986690751149e-05,1.01225268683836e-06,0.000234783269187466,1.56090783603154e-05,0.00718138030006597,1.08812891532458e-06,3.46247073388511e-06,0.000153816132003159,5.31377013994749e-05,5.40473910597417e-05,5.3790082174987e-05,5.48199288814555e-05
0.000152803690898359,0.000161430842430144,1.35859580179254e-05,0.000131967802285415,4.36426333286465e-05,1.06554060658182e-06,0.000236072538015145,8.53545140183232e-06,0.00700222398061705,1.03398076498568e-06,3.46883801049039e-06,0.000152855636728733,5.3578194585957e-05,5.44225004777132e-05,5.42378503824992e-05,5.52007154442924e-05
0.000155437371485226,0.000160549587719938,1.36078882646551e-05,0.000131397881419915,4.4481823866304e-05,1.11921321006847e-06,0.000237308549931057,1.48250733039523e-06,0.00682399183875859,9.79977723681619e-07,3.48414419231585e-06,0.000152302139820426,5.51401772723725e-05,5.59198423049079e-05,5.58192965127713e-05,5.67160954619839e-05
0.000158059512260708,0.000159651598286459,1.36308664997475e-05,0.000130813819098741,4.53161609484361e-05,1.17298786733722e-06,0.000238491927893748,5.57270519230364e-06,0.00664620022194173,9.26109042936034e-07,3.50309060598297e-06,0.000152009247675056,5.54436230836286e-05,5.61546570814198e-05,5.61241621578334e-05,5.69504631756645e-05
0.000160669829992723,0.000158736972011075,1.36548913283185e-05,0.000130215575077086,4.61455653873598e-05,1.2265967095082e-06,0.000239623114386162,1.26292324395211e-05,0.0064687711195568,8.72470064560536e-07,3.5132960514786e-06,0.00015160882202464,5.48884987409126e-05,5.55296775103242e-05,5.55581768310054e-05,5.63131339332834e-05
0.000163268040900557,0.000157805808305822,1.36799580048308e-05,0.00012960313862953,4.69699606534049e-05,1.27987719007738e-06,0.000240702308178454,1.96748313729474e-05,0.00629181615808112,8.18729816436448e-07,3.51977666407724e-06,0.000151268765671397,5.55302364613208e-05,5.60993903672147e-05,5.62041027469817e-05,5.6886846950488e-05
0.000165853861220875,0.000156858208091637,1.37060596923089e-05,0.000128976516941881,4.77892747745567e-05,1.33288068275561e-06,0.000241729214710312,2.67115312521552e-05,0.00611520032546202,7.64406614403365e-07,3.52239410853286e-06,0.000150957726026857,5.53912863021644e-05,5.58895771012313e-05,5.60586334646951e-05,5.6671065517433e-05
0.000168427007453738,0.000155894273691337,1.37331928051765e-05,0.00012833573327653,4.8603437590675e-05,1.38581266490023e-06,0.000242703189919013,3.37290904617023e-05,0.00593901290338073,7.09304450153348e-07,3.51517671254992e-06,0.000150487738373561,5.49216002226904e-05,5.53503561779856e-05,5.55775625565857e-05,5.61217426618965e-05
0.00017098719691426,0.000154914108879578,1.37613569313189e-05,0.00012768084776793,4.9412372704772e-05,1.43873495146718e-06,0.000243623345288581,4.07113458184909e-05,0.00576345131604167,6.53107663443338e-07,3.49894655274005e-06,0.000149867535813752,5.46880899875424e-05,5.50467752831185e-05,5.53361012984865e-05,5.58124005245464e-05
0.000173534148494178,0.000153917819078808,1.37905494468349e-05,0.000127011955539658,5.02159897951167e-05,1.49129559837147e-06,0.000244488398035712,4.76497741699716e-05,0.00558859279046762,5.95568389275218e-07,3.48085348069946e-06,0.000149304512368109,5.52336691178601e-05,5.55180355137352e-05,5.58841019565604e-05,5.62886631342296e-05
0.000176067583135917,0.000152905511582202,1.38207598414652e-05,0.000126329161695193,5.1014196340661e-05,1.54323389767175e-06,0.000245296720298451,5.45495764390398e-05,0.00541428231436206,5.3664043641808e-07,3.46463486189386e-06,0.000148909862976609,5.58723874877209e-05,5.60817900605581e-05,5.65259788576356e-05,5.68578807640385e-05
0.000178587223835874,0.000151877295557989,1.38519733836606e-05,0.000125632565827316,5.18068936697161e-05,1.59424012290132e-06,0.00024604667140496,6.14197030939509e-05,0.00524029537109781,4.76525181338427e-07,3.45199617576147e-06,0.000148757296581703,5.68094175636968e-05,5.6941035901148e-05,5.74692009586153e-05,5.77249927664614e-05
0.000181092795459692,0.000150833281991614,1.38841770376263e-05,0.000124922254685411,5.25940128478786e-05,1.64534240228165e-06,0.000246736842312663,6.8265712599456e-05,0.00506645869525137,4.15309059659344e-07,3.4328874733737e-06,0.000148524101897085,5.62249809586968e-05,5.62934429420014e-05,5.68707049799499e-05,5.70648744511182e-05
0.000183584024764039,0.000149773583435486,1.39173719775343e-05,0.000124198340095472,5.33754321629804e-05,1.69558700577332e-06,0.000247366278982776,7.50775218818386e-05,0.00489287328607455,3.53200401549902e-07,3.41388649199859e-06,0.000148435009048542,5.74319379186283e-05,5.74181275683205e-05,5.80874165626577e-05,5.82006404498125e-05
0.000186060640883057,0.000148698315040607,1.39515346955221e-05,0.000123460935396058,5.41510563832961e-05,1.74516039930239e-06,0.000247933495890717,8.18660726713369e-05,0.00471927684184875,2.90024694791222e-07,3.39484311352029e-06,0.00014844596157243,5.74886235592542e-05,5.74060071991678e-05,5.81387430489411e-05,5.81845384226565e-05
0.000188522375177413,0.000147607593922072,1.39866442450121e-05,0.000122710159597528,5.49207304919169e-05,1.79200342996511e-06,0.000248437124631859,8.86380940163157e-05,0.0045454842686422,2.2620772189949e-07,3.3869848005269e-06,0.000148961525370417,6.00387251563639e-05,5.98543142817931e-05,6.07149487157344e-05,6.06591167462422e-05
0.000190968961114896,0.000146501540195798,1.40226437126412e-05,0.000121946083204039,5.56843937591298e-05,1.83792159882956e-06,0.000248875229697541,9.54231245739181e-05,0.00437089104773923,1.61644810297668e-07,3.37875843210364e-06,0.000149602195407939,5.94231486139574e-05,5.91809316227154e-05,6.00826269950838e-05,5.99693182440353e-05
0.000193400133249561,0.000145380274285012,1.40595489930284e-05,0.000121168772375002,5.64420019765199e-05,1.88541531107034e-06,0.000249247656067527,0.000102201880037849,0.00419574598909814,9.64620522876111e-08,3.35385776948152e-06,0.000149877716946412,5.85358470093222e-05,5.82407829569087e-05,5.9175219442098e-05,5.90099042854231e-05
0.000195815628192791,0.000144243918438591,1.40973874289685e-05,0.000120378366979979,5.71934299103405e-05,1.93364262079943e-06,0.000249554433414604,0.000108948765826832,0.00402041759178433,3.03153233873415e-08,3.31904667423902e-06,0.000149946256920941,5.84645588134203e-05,5.8103966952272e-05,5.90966283741112e-05,5.88675777393188e-05
0.000198215185863382,0.000143092597578498,1.41361620094038e-05,0.000119575049445708,5.7938548697456e-05,1.98155642226749e-06,0.000249794610897636,0.00011565483709397,0.00384502253106218,3.70577802117677e-08,3.28191802542385e-06,0.00014999060370996,5.87774404638974e-05,5.83454899864e-05,5.94082814522334e-05,5.91098927661404e-05
0.000200598549939729,0.000141926438965934,1.41758646456935e-05,0.000118759009802072,5.8677255191375e-05,2.02918839721511e-06,0.000249966830893678,0.000122318961501217,0.00366956487397056,1.05639297806601e-07,3.24324702843243e-06,0.000150014450584657,5.89433693236607e-05,5.84440002575626e-05,5.95712753099775e-05,5.92071990552778e-05
0.000202965468022648,0.00014074557217636,1.42164787304555e-05,0.00011793045532027,5.94093951702401e-05,2.07462186818663e-06,0.000250069703925137,0.000128944434817927,0.00349397440648255,1.75034013654454e-07,3.2112166966948e-06,0.000150294522572314,6.04228191218859e-05,5.9831523954057e-05,6.10647042457169e-05,6.06091129364827e-05
0.000205315691672314,0.000139550129715449,1.42579566460022e-05,0.000117089556554761,6.01348834138454e-05,2.11881460197849e-06,0.000250101428529618,0.000135548868585171,0.00331792456359412,2.45073921145289e-07,3.18202247422822e-06,0.000150697817115797,6.06086111385462e-05,5.99526946318818e-05,6.12473868472074e-05,6.07271479619031e-05
0.000207648975571129,0.000138340245365742,1.4300287846325e-05,0.000116236475002807,6.08536217878847e-05,2.16227230526167e-06,0.000250061447442931,0.000142132959502061,0.00314138553388991,3.15366257698848e-07,3.15270758563177e-06,0.00015115144617861,6.12266242576709e-05,6.04979593227251e-05,6.18678211207202e-05,6.12739529133322e-05
0.000209965077859975,0.00013711605564859,1.4343440551734e-05,0.000115371389707741,6.15654478239441e-05,2.20289779928606e-06,0.000249949028717466,0.000148705622252133,0.00296417635398631,3.85611416661204e-07,3.13119273792975e-06,0.000151911960382278,6.27528750370976e-05,6.1931615356503e-05,6.34080819648108e-05,6.27197911915456e-05
0.000212263759860998,0.000135877699667941,1.43873679443463e-05,0.000114494420783484,6.2270320551075e-05,2.24348092307813e-06,0.000249763257910158,0.000155281785260404,0.0027860125734944,4.55907797287229e-07,3.10759100992375e-06,0.000152639415984035,6.22579067669493e-05,6.13919330894053e-05,6.29008471307868e-05,6.2166609835157e-05
0.000214544785189341,0.000134625317138037,1.44320866581893e-05,0.000113605714938014,6.29681242949459e-05,2.28371409163874e-06,0.00024950492789234,0.000161851573590519,0.00260705140148163,5.26007903839667e-07,3.08211107657302e-06,0.000153364934682099,6.30801825867167e-05,6.21386352431808e-05,6.37276647079688e-05,6.29159818911207e-05
0.000216807920976891,0.00013335905145262,1.44775506540906e-05,0.000112705457369411,6.36586510247422e-05,2.31943323694694e-06,0.000249173378212489,0.000168427712492471,0.00242704334485746,5.95713740009648e-07,3.06882218630011e-06,0.000154546820699597,6.52528571434274e-05,6.42020891440387e-05,6.59214166788269e-05,6.4997671294198e-05
0.000219052937348141,0.000132079049011358,1.45236774893309e-05,0.000111793731847221,6.43418808897039e-05,2.35411666459073e-06,0.000248767079363327,0.000175035453695892,0.00224551376451055,6.6522490352479e-07,3.05624788800654e-06,0.000155804463941367,6.48665077446209e-05,6.37737535787997e-05,6.5522490288461e-05,6.45549353626151e-05
0.000221279605708169,0.000130785456017302,1.4570477905762e-05,0.000110870640344429,6.50177205658714e-05,2.38819583370242e-06,0.000248286972397435,0.000181666993808518,0.00206256734984857,7.34295819982145e-07,3.04136235530772e-06,0.000157088832862584,6.58496104125605e-05,6.46794171920151e-05,6.65093911285108e-05,6.54617874914498e-05
0.000223487699957003,0.000129478421406426,1.46179341424801e-05,0.00010993628292244,6.5686112028146e-05,2.42332380519239e-06,0.000247733282879751,0.000188323739409088,0.00187813632930704,8.03409210294916e-07,3.02058594190552e-06,0.000158231911114581,6.51986462650855e-05,6.39963110909969e-05,6.58424453652273e-05,6.47619320007786e-05
0.000225676995944613,0.000128158094681252,1.46660833026946e-05,0.000108990800953057,6.63469487306445e-05,2.45894803962976e-06,0.000247107345374994,0.00019499046564894,0.00169247445130423,8.72621886249581e-07,2.9955273311115e-06,0.000159286259677871,6.58226322566291e-05,6.45530006545547e-05,6.64663457764503e-05,6.53174800617773e-05
0.000227847272893766,0.000126824628222111,1.47149188505225e-05,0.000108034350672415,6.70001380373153e-05,2.49487956481553e-06,0.000246409210965457,0.000201666110345808,0.00150558895498614,9.42258249383677e-07,2.96798608077908e-06,0.000160269976180571,6.57655809711555e-05,6.44490714822865e-05,6.64012632851652e-05,6.52054911546296e-05
0.000229998312942459,0.000125478175495353,1.47644604864272e-05,0.000107067090183377,6.76456122491453e-05,2.53182510387417e-06,0.00024563941640612,0.000208342681531446,0.00131763139281646,1.01241994691326e-06,2.9363687899242e-06,0.000161118418845863,6.58703815016315e-05,6.45035290551821e-05,6.65001293839174e-05,6.52540486161257e-05
0.000232129901840072,0.00012411889195918,1.48147146086242e-05,0.000106089220882732,6.82832422371771e-05,2.56785099532475e-06,0.000244798145453927,0.000215016533247564,0.00112868020205718,1.08298933473275e-06,2.90613573914605e-06,0.000162010278610791,6.67136403250668e-05,6.52752002638923e-05,6.73465787505156e-05,6.60283817687235e-05
0.000234241829217885,0.000122746935273921,1.48656641680844e-05,0.000105100904497668,6.89129858153226e-05,2.60456551483268e-06,0.000243884999880771,0.000221691379491176,0.000938688756998014,1.15411247910035e-06,2.87401219365921e-06,0.0001628035367221,6.64974737456525e-05,6.50218417345139e-05,6.71211836937857e-05,6.57659479206263e-05
0.000236333887933982,0.000121362463859409,1.49173272985248e-05,0.000104102344710366,6.9534724159187e-05,2.64036579399052e-06,0.000242900616521959,0.000228361688365717,0.000747788473680172,1.22546144111708e-06,2.84372661522175e-06,0.000163642178594159,6.75989196199378e-05,6.6045979551177e-05,6.82290459695922e-05,6.67953045170311e-05
0.000238405875489567,0.000119965639665875,1.49696420761458e-05,0.00010309377279305,7.01482731702008e-05,2.67094478546837e-06,0.000241843686176105,0.00023504344022056,0.000555709096962818,1.29658834680265e-06,2.82545471568668e-06,0.000164896047123442,6.96583607038281e-05,6.79986640546026e-05,7.03054483661703e-05,6.87623258748271e-05
0.000240457592958709,0.000118556626954036,1.50225191106745e-05,0.000102075276348312,7.07536544596876e-05,2.70072723772274e-06,0.000240712368189621,0.00024175967303022,0.000362043542003605,1.36767131509076e-06,2.80882430469739e-06,0.000166194790139795,6.94022752130152e-05,6.7714157439891e-05,7.00384450430525e-05,6.8465626397396e-05
0.00024248884269723,0.000117135589053019,1.50759789399046e-05,0.000101046980447661,7.13507935825308e-05,2.73015279243782e-06,0.000239508033002096,0.000248504760246815,0.000166908666757975,1.43844193477308e-06,2.7918315394157e-06,0.000167509106303421,7.04742566649541e-05,6.87151679109599e-05,7.11141888857236e-05,6.94678716687269e-05
0.000244499430245293,0.000115702691967035,1.51299999964216e-05,0.000100009006567592,7.1939628262907e-05,2.76003460314422e-06,0.000238230956080774,0.000255283677293584,2.97840226955314e-05,1.5092268518914e-06,2.77363332296457e-06,0.000168771418633862,7.03818976935944e-05,6.85920443187493e-05,7.10124956393443e-05,6.93345199702655e-05
0.000246489162782249,0.00011425810145449,1.51846381566401e-05,9.89614311683873e-05,7.25201899753614e-05,2.79496858607287e-06,0.00023688336150127,0.000262083221347723,0.000227761267245789,1.58060512303963e-06,2.74506635062829e-06,0.000169612661651219,6.93692373655574e-05,6.75812127270969e-05,6.99804268273763e-05,6.83050354778336e-05
0.000248457850038464,0.000112801983842448,1.52399877924037e-05,9.79044677241747e-05,7.30923362272096e-05,2.8319118715453e-06,0.000235468359877672,0.000268881545822643,0.000426572529159728,1.65255635693742e-06,2.71294830143931e-06,0.000170272865613108,6.99872847645944e-05,6.814445342751e-05,7.05977509818378e-05,6.88675787350324e-05
0.000250405307072321,0.000111334509636407,1.52960241042166e-05,9.683839774699e-05,7.36558441586654e-05,2.86426182879995e-06,0.000233985528739483,0.000275685356666078,0.000626301065181134,1.72469328825902e-06,2.6907732958853e-06,0.000171263076961081,7.20260256236172e-05,7.00792376605586e-05,7.2650727576451e-05,7.08151000397006e-05
0.000252331353543411,0.000109855852489349,1.53526477153498e-05,9.57633536395885e-05,7.42106870507409e-05,2.89397626826449e-06,0.000232432383429039,0.000282518419535329,0.000827361276344119,1.7970540452944e-06,2.67427322156455e-06,0.000172434041761149,7.25576214684054e-05,7.05633706173936e-05,7.31789359144086e-05,7.12950544072832e-05
0.000254235810489889,0.000108366185052278,1.54098663145419e-05,9.4679390382213e-05,7.47569214286925e-05,2.92676602119124e-06,0.000230809785602136,0.000289379768044052,0.00102970351383388,1.86984816174648e-06,2.65212878173757e-06,0.000173359931634254,7.20889088364762e-05,7.00857111614051e-05,7.26959554411266e-05,7.08030729571485e-05
0.000256118501023805,0.00010686568019258,1.54677431749572e-05,9.35866929021589e-05,7.5294426678002e-05,2.96061834041683e-06,0.000229120376937642,0.000296256230292886,0.0012330439365031,1.94286314996019e-06,2.62843123801162e-06,0.000174196124537174,7.28875106085214e-05,7.08298440306177e-05,7.3494218200687e-05,7.15458282630754e-05
0.000257979252937579,0.000105354514442046,1.55262459438088e-05,9.24855083537235e-05,7.58230047434028e-05,2.99007011608787e-06,0.000227363971502119,0.000303156084154259,0.00143750929978627,2.01570540021427e-06,2.61328552211143e-06,0.000175347045677954,7.48103434773384e-05,7.26578792137333e-05,7.54277986223517e-05,7.3382286987389e-05
0.000259817897973025,0.000103832867145437,1.55852841157156e-05,9.13759409590931e-05,7.63426292600122e-05,3.01726258859769e-06,0.000225538704566771,0.000310100005350262,0.00164347333860334,2.08851866293696e-06,2.60247391390897e-06,0.000176655356134259,7.53777259825394e-05,7.31832046892977e-05,7.59906713571068e-05,7.3901815157762e-05
0.000261634268877819,0.000102300916983045,1.56448635304507e-05,9.02580392957431e-05,7.68533247368919e-05,3.04669639515642e-06,0.000223645744024321,0.000317087681119758,0.00185090838935482,2.16156380112714e-06,2.5876828246979e-06,0.000177799012947788,7.53107325642821e-05,7.30999004771027e-05,7.59121645763638e-05,7.38064285970008e-05
0.00026342819999059,0.000100758842900506,1.57050461484509e-05,8.91319170400751e-05,7.73550419961855e-05,3.07951915397287e-06,0.000221687988712416,0.000324107065246467,0.00205955736938334,2.23508955891162e-06,2.56737634515836e-06,0.000178694622670561,7.52375851714726e-05,7.30109941146084e-05,7.58276620267395e-05,7.37062866098537e-05
0.000265199529253191,9.92068263073742e-05,1.57658496497959e-05,8.79978564175543e-05,7.78475341691176e-05,3.10799708094778e-06,0.000219666848226053,0.0003311554005626,0.00226934373551084,2.3084628729685e-06,2.55397532930926e-06,0.000179899446130949,7.76613154095385e-05,7.53248217413294e-05,7.82638038702155e-05,7.60299414314103e-05
0.000266948100429709,9.76450539039719e-05,1.58271221937234e-05,8.68560659033069e-05,7.8330629400547e-05,3.12783744375877e-06,0.000217578441280683,0.000338263997574656,0.00248088989847248,2.38129753476067e-06,2.55359944564826e-06,0.000181720844923072,8.00828562282918e-05,7.76390786614289e-05,8.06957529970731e-05,7.83514220032977e-05
0.000268673758738402,9.60737129364064e-05,1.58887582222267e-05,8.57064596637702e-05,7.88044738200822e-05,3.14923876500173e-06,0.000215420465325275,0.000345454062064536,0.00269463528268527,2.45441692781458e-06,2.54945924656538e-06,0.000183440895008047,7.92645282252646e-05,7.68413089436981e-05,7.98555704625281e-05,7.75320924459866e-05
0.000270376347438872,9.44929875255074e-05,1.59508655750429e-05,8.4549067012718e-05,7.92690718598166e-05,3.17605377199437e-06,0.000213197467967602,0.000352704031344196,0.00291016115138298,2.52812870281674e-06,2.53544108527043e-06,0.000184797093693012,7.91278604288514e-05,7.66993498011459e-05,7.97036870956447e-05,7.73751850331461e-05
0.000272055713240515,9.2903064756511e-05,1.60134887114971e-05,8.33841639807931e-05,7.97241730819687e-05,3.20031877033833e-06,0.00021091176919052,0.000360005078780725,0.00312730668645911,2.6020056652221e-06,2.52383712266019e-06,0.000186344167640351,8.10405969920991e-05,7.85265831756421e-05,8.16196832352789e-05,7.92042834528717e-05
0.000273711707847513,9.13041359515976e-05,1.60765460404111e-05,8.22118797506599e-05,8.016970887742e-05,3.22216612139159e-06,0.000208561362851612,0.00036737268333842,0.00334640980276525,2.67638203632449e-06,2.51415255285437e-06,0.000188063153912621,8.17489087672207e-05,7.91973855127637e-05,8.23187903056244e-05,7.98662372960557e-05
0.000275344185766024,8.96963941600104e-05,1.6139943557647e-05,8.10325428614034e-05,8.0605365918418e-05,3.23079635339285e-06,0.000206143760223691,0.00037482357780255,0.00356785925578523,2.74980834327002e-06,2.51971934190839e-06,0.000190728395012996,8.68123684716338e-05,8.40566859476866e-05,8.74097174328181e-05,8.47469252450717e-05
0.000276953006689284,8.80800376230617e-05,1.62034246400378e-05,7.98459890263281e-05,8.1031337828108e-05,3.2389257418608e-06,0.00020365120725558,0.000382404797333313,0.00379271389929561,2.82378931368718e-06,2.52291611148661e-06,0.000193454020227413,8.50222070183371e-05,8.23344202980358e-05,8.55855094227254e-05,8.299331308248e-05
0.000278538023817165,8.6455257320095e-05,1.62671432546446e-05,7.86521483266966e-05,8.14477060147034e-05,3.25418952146217e-06,0.000201089645850392,0.000390085989510747,0.00402040405361339,2.89885477190793e-06,2.51253100141957e-06,0.000195732403186433,8.50376714727208e-05,8.23477060915012e-05,8.55825939870547e-05,8.29893092731959e-05
0.000280099094502106,8.4822248159977e-05,1.63311454408621e-05,7.74513439971702e-05,8.18541788084604e-05,3.26647432039029e-06,0.000198461111502693,0.000397857228028439,0.0042507972979474,2.9745013013268e-06,2.50276225614854e-06,0.000198252499940488,8.70532097987375e-05,8.42803369991429e-05,8.75961536904724e-05,8.4919738480016e-05
0.00028163608218823,8.31812102187746e-05,1.6395302629757e-05,7.62438281018962e-05,8.22505576267285e-05,3.26976762841935e-06,0.000195761281433149,0.000405740428457473,0.00448443909986819,3.05041065461307e-06,2.50038538472316e-06,0.000201422666239626,8.9845396961441e-05,8.69603036044442e-05,9.03904778017939e-05,8.76007574607263e-05
0.000283148853470583,8.15323457786787e-05,1.64594505316362e-05,7.50296224523161e-05,8.26368602459548e-05,3.26840095273007e-06,0.000192984459236321,0.000413762849584307,0.00472201918927331,3.12710034930169e-06,2.49865080512515e-06,0.00020495360222228,9.07839837402946e-05,8.78632034873039e-05,9.13142300232872e-05,8.84901649864656e-05
0.000284637273989197,7.98758554708678e-05,1.6523573695304e-05,7.38086835957441e-05,8.30131635179976e-05,3.26957683677298e-06,0.000190130050904065,0.000421924342948801,0.00496365465077725,3.20537114194941e-06,2.4883000053974e-06,0.000208363632036246,9.05837696875134e-05,8.76740745078264e-05,9.10896992623034e-05,8.82800943661222e-05
0.000286101210421719,7.82119400337677e-05,1.65877203088804e-05,7.25812188646646e-05,8.33793251965864e-05,3.26980964333867e-06,0.000187199498391734,0.000430213633881084,0.00520922116000885,3.28502306899834e-06,2.47369855519569e-06,0.000211895889218328,9.21756630275494e-05,8.92055266333847e-05,9.26710669593156e-05,8.98026582759615e-05
0.000287540533955299,7.65408030992676e-05,1.66518629431955e-05,7.13473035113266e-05,8.37353613709624e-05,3.27278828483879e-06,0.000184191300387072,0.000438633062176981,0.00545888627754516,3.36701706978045e-06,2.45080679171436e-06,0.000215281033412618,9.13459684139806e-05,8.84103588598695e-05,9.18114482312271e-05,8.89838237020379e-05
0.000288955116691803,7.48626470689073e-05,1.67160875743644e-05,7.01071598805392e-05,8.40811829784793e-05,3.27679562467376e-06,0.000181107751532463,0.000447164409724532,0.00571235881704044,3.45131115743976e-06,2.42104531379336e-06,0.000218636619974233,9.25639656195187e-05,8.95810050408619e-05,9.30144909269126e-05,9.01433083608794e-05
0.000290344836572642,7.31776770726e-05,1.6780396581817e-05,6.88609395328443e-05,8.44168038924842e-05,3.28468182975161e-06,0.000177947986804101,0.000455803819189262,0.00596966876456066,3.53867857999878e-06,2.38166616050792e-06,0.000221748574793346,9.14882910197923e-05,8.85475290466342e-05,9.19068861334749e-05,8.90858580531173e-05
0.000291709574536281,7.14860975135068e-05,1.68448665081034e-05,6.76090381320771e-05,8.47420552257394e-05,3.28999660677287e-06,0.000174713766087574,0.000464534234920043,0.00623054027024208,3.62824609892388e-06,2.33941088196785e-06,0.000225060509986941,9.38789629268966e-05,9.08425381149769e-05,9.42910232731853e-05,9.13767753991657e-05
0.000293049219859953,6.97881162936564e-05,1.69094365283229e-05,6.63515459023989e-05,8.50570676474982e-05,3.30067043906312e-06,0.000171401962298294,0.000473362552791185,0.0064952305436589,3.72123641245024e-06,2.28685235936429e-06,0.000228007309081568,9.15205988607504e-05,8.85763220175306e-05,9.18933529741039e-05,8.90810505174144e-05
0.000294363663227992,6.80839379928466e-05,1.69742351203706e-05,6.50889842698232e-05,8.53616283872927e-05,3.30733517529824e-06,0.000168016667330581,0.000482263460792599,0.0067632426544388,3.815976573519e-06,2.23361357097607e-06,0.000231244711228318,9.50215566430934e-05,9.1936992944075e-05,9.53968412004125e-05,9.24439719515169e-05
0.000295652809004787,6.63737740554948e-05,1.70390720166669e-05,6.38217041543099e-05,8.56556894592297e-05,3.30856871733065e-06,0.000164550445100468,0.000491266718933536,0.00703533271294554,3.91233080501687e-06,2.18224146842153e-06,0.000234850566001976,9.52084967854594e-05,9.21155548091468e-05,9.55647729399267e-05,9.26077219218779e-05
0.000296916562818383,6.46578319984936e-05,1.71039721588162e-05,6.25497448498713e-05,8.59394650776224e-05,3.31608576324693e-06,0.000161004461835257,0.000500366426070488,0.00731140394400927,4.01131197703702e-06,2.1217530563368e-06,0.000238032540850142,9.38344472469765e-05,9.07966536107807e-05,9.41631036873725e-05,9.12668408185047e-05
0.000298154835230213,6.29363182910181e-05,1.71690291292936e-05,6.1273662230521e-05,8.62127674802204e-05,3.32097557982636e-06,0.000157382928985327,0.000509546308625079,0.00759109971971778,4.11136123463629e-06,2.06155238862554e-06,0.000241405980895337,9.61013032766411e-05,9.2973059172996e-05,9.64272983944303e-05,9.34395823941614e-05
0.000299367550075091,6.12094447246525e-05,1.72340750863587e-05,5.99940169442315e-05,8.64754195201711e-05,3.31453013933947e-06,0.000153680508113487,0.000518834343282073,0.00787508455157955,4.21114878947461e-06,2.00989276274988e-06,0.000245556984914241,9.89041684223979e-05,9.56648913381652e-05,9.92310399346996e-05,9.61292793572044e-05
0.000300554637884587,5.94774231891249e-05,1.72989451956429e-05,5.87108575952344e-05,8.67276317675358e-05,3.30806140748374e-06,0.000149892569069215,0.000528258293413885,0.00816401104259746,4.31178347645148e-06,1.95672981832123e-06,0.000249720008038357,9.76646153694194e-05,9.4477697906048e-05,9.79683691593181e-05,9.49213989371867e-05
0.000301716029812438,5.77404611561416e-05,1.73637112099723e-05,5.74245030898757e-05,8.69694014474787e-05,3.30177723294189e-06,0.000146024138594546,0.000537808107260703,0.0084576218803,4.41273687039334e-06,1.90245666814234e-06,0.000253902564751052,9.89306515644106e-05,9.56969353834713e-05,9.92276624107724e-05,9.61312629415012e-05
0.000302851665921366,5.59987680143204e-05,1.74283490901317e-05,5.6135207346264e-05,8.72007852439904e-05,3.29859943398736e-06,0.000142076913031959,0.000547490369327787,0.00875604113013574,4.51443399512903e-06,1.84535467679867e-06,0.000257889352146379,9.74646429499071e-05,9.42906410764666e-05,9.77391395572402e-05,9.47043429834205e-05
0.000303961489939941,5.42525507964964e-05,1.74929519605183e-05,5.48433728695397e-05,8.74217439476577e-05,3.29590874056929e-06,0.000138057518623843,0.00055729232716693,0.00905891959356109,4.61631043193885e-06,1.78702510854334e-06,0.000261857346821215,9.84969224784304e-05,9.5281530266389e-05,9.87628232785864e-05,9.56838085868217e-05
0.000305045455226693,5.25020183552716e-05,1.75575011596152e-05,5.3549272785669e-05,8.76323474348628e-05,3.29635253232263e-06,0.00013396854282518,0.000567218364597476,0.00936633586111535,4.71881589140099e-06,1.72510835581494e-06,0.000265606223050552,9.69437724350763e-05,9.37875394414478e-05,9.71863493633984e-05,9.41679659975936e-05
0.000306103519077894,5.07473768530664e-05,1.76220935006466e-05,5.22532993874059e-05,8.78325985846362e-05,3.29837314529124e-06,0.000129817487566764,0.000577253495251189,0.00967790166869766,4.82147974503902e-06,1.66036344370624e-06,0.00026923994364958,9.73924542141402e-05,9.42137306760849e-05,9.76228903331045e-05,9.45792644688748e-05
0.000307135648538903,4.8988833555641e-05,1.76867257302149e-05,5.09558101243757e-05,8.80225445042959e-05,3.30211609102238e-06,0.000125608334897688,0.000587398105461497,0.0099936105456858,4.92422237836823e-06,1.5928355248454e-06,0.000272732028236689,9.64145888050494e-05,9.326789861408e-05,9.66259174811634e-05,9.36134447713233e-05
0.000308141816547369,4.72265937132565e-05,1.77514483865604e-05,4.96572062168577e-05,8.82022208364974e-05,3.30638683763984e-06,0.000121347716968223,0.000597643786743112,0.010313232410347,5.02651990110953e-06,1.52345448833913e-06,0.000276159710852486,9.65654794418125e-05,9.3403959612548e-05,9.67645208688195e-05,9.37332149776315e-05
0.000309122005971885,4.54608630019449e-05,1.78162187625119e-05,4.83580015152585e-05,8.83716031397364e-05,3.30596444814146e-06,0.000117039156150242,0.000607996682666888,0.0106368939903304,5.12724970007996e-06,1.45606296190343e-06,0.000279870424950757,9.75322482512642e-05,9.43217261819562e-05,9.77241610730095e-05,9.46370861905077e-05
0.000310076208366761,4.36918464425951e-05,1.78809468074359e-05,4.70584865850388e-05,8.8530821785282e-05,3.30363031476877e-06,0.000112684991618667,0.000618470585684446,0.0109649012315876,5.22643101116557e-06,1.38931574652362e-06,0.000283675062441702,9.70439884737662e-05,9.38423558652923e-05,9.72232269730311e-05,9.41396745612888e-05
0.000311004419663918,4.19197454776254e-05,1.79456471165462e-05,4.57588966153999e-05,8.86800464995896e-05,3.30383933780376e-06,0.000108292351004688,0.000629064199516296,0.0112971580358724,5.32429953347971e-06,1.32126145527614e-06,0.000287278352846365,9.59548348563599e-05,9.278485730424e-05,9.61201578154602e-05,9.30629037129149e-05
0.000311906642551207,4.01447593865178e-05,1.80103470319715e-05,4.44597219606546e-05,8.88192934128118e-05,3.30164255125942e-06,0.000103869427190949,0.000639774972608565,0.0116335194646465,5.41973621076069e-06,1.25517034315487e-06,0.000291009255458885,9.65431225138369e-05,9.33340721759324e-05,9.67026325963127e-05,9.35967078119493e-05
0.00031278288915737,3.83670868266961e-05,1.80749849627571e-05,4.31612370096479e-05,8.89487207668682e-05,3.2995013548448e-06,9.94215201432459e-05,0.000650613339872051,0.0119741737462911,5.51293824982332e-06,1.18937443347594e-06,0.000294692605114055,9.52475931312868e-05,9.20734260381195e-05,9.53929603223491e-05,9.23152437390939e-05
0.000313633176229233,3.6586922682158e-05,1.81395759939473e-05,4.18638491429535e-05,8.906841162587e-05,3.29478549900009e-06,9.49574482859757e-05,0.000661577768993433,0.0123190094395642,5.60318522525865e-06,1.12491604307638e-06,0.000298504653174381,9.56838324397413e-05,9.24711321698135e-05,9.58225913304522e-05,9.26953049833479e-05
0.000314457532736956,3.48044625628763e-05,1.82039349339025e-05,4.05683620031128e-05,8.91782192263268e-05,3.27051034079706e-06,9.04788052533558e-05,0.000672695319488376,0.0126686726951667,5.68746174462603e-06,1.06973411564612e-06,0.00030356266921916,0.000100336194973849,9.69092617826295e-05,0.000100485682261287,9.71232966801017e-05
0.000315256000472441,3.30199031477463e-05,1.8267640006453e-05,3.92748363454154e-05,8.92784267996216e-05,3.23445842025094e-06,8.59788813967276e-05,0.000684027040965649,0.0130247038139,5.76687292748073e-06,1.02011222672532e-06,0.000309361304058786,9.95431756987131e-05,9.61275415761742e-05,9.96830792010517e-05,9.63216721662219e-05
0.000316028614345987,3.12334309048312e-05,1.83306922687532e-05,3.79828889882639e-05,8.93695562158014e-05,3.20842231828211e-06,8.14675693446042e-05,0.000695576059473477,0.0133870795840252,5.84477830801538e-06,9.67979211972947e-07,0.0003145108625488,9.55384794494307e-05,9.22670872903764e-05,9.56585311737701e-05,9.24375753091899e-05
0.000316775407075864,2.94452250487742e-05,1.83933332706943e-05,3.66928084249429e-05,8.94517459395505e-05,3.1905710886071e-06,7.6963853964643e-05,0.000707313545428758,0.0137548975814191,5.92085271709517e-06,9.14225559870557e-07,0.000319121150010981,9.37061507259029e-05,9.04795859955065e-05,9.38120380159502e-05,9.06274588811096e-05
0.000317496420650043,2.76554638483084e-05,1.84556474913666e-05,3.54049930930689e-05,8.95250897176569e-05,3.17528282353652e-06,7.24811015647288e-05,0.000719228919990553,0.0141278026365431,5.99444635599111e-06,8.57791928200041e-07,0.000323512103299617,9.18536763263589e-05,8.86637531035683e-05,9.19401783333607e-05,8.87843284175238e-05
0.000318191702250337,2.58643219418486e-05,1.85177014420113e-05,3.41195989888021e-05,8.95898373627357e-05,3.16519673336513e-06,6.80321703609252e-05,0.000731308492437183,0.0145054670527261,6.06638030585533e-06,7.9434805314374e-07,0.000327493535116852,8.90178226421456e-05,8.58997858984578e-05,8.90780176040495e-05,8.59889244582135e-05
0.00031886130484593,2.40719700759229e-05,1.85795282967582e-05,3.28372836538859e-05,8.96460052763337e-05,3.14652887689615e-06,6.36287336880387e-05,0.000743538842199507,0.0148876561842159,6.13437127933509e-06,7.26509739845324e-07,0.000331900731538992,9.04664288629009e-05,8.72254154432595e-05,9.05132258757213e-05,8.72854517567356e-05
0.000319505295107492,2.22785785971569e-05,1.86408696785101e-05,3.15583083291271e-05,8.96938549634907e-05,3.1188985828573e-06,5.92726608184863e-05,0.000755942150492608,0.0152751447459418,6.19849623151619e-06,6.53973848815589e-07,0.000336737082359151,8.90244773412707e-05,8.57820079446237e-05,8.90499004941869e-05,8.58117878346221e-05
0.00032012373853485,2.04843090029216e-05,1.87016710251342e-05,3.02825843319643e-05,8.97338552804383e-05,3.0933971549435e-06,5.49731192510886e-05,0.000768515486535935,0.0156679845793165,6.2607679159132e-06,5.75624110783074e-07,0.00034133461554009,8.60514821077185e-05,8.28711499699653e-05,8.60541807851112e-05,8.28726365521559e-05
0.000320716702320034,1.86893149586309e-05,1.87619850946508e-05,2.90104367777766e-05,8.97662883211359e-05,3.06752345893835e-06,5.07430721554429e-05,0.000781244631451556,0.0160658529805803,6.3205623077515e-06,4.93602000545615e-07,0.000345824980739096,8.43432421852031e-05,8.11577602741753e-05,8.43280231400678e-05,8.1131377301924e-05
0.00032128426073541,1.68937445537143e-05,1.88217954393277e-05,2.77420056070676e-05,8.97915501762991e-05,3.04475274466587e-06,4.65937970389707e-05,0.000794123383704897,0.0164686363779779,6.37842057322348e-06,4.07087984139951e-07,0.00034998594182245,8.05095488938257e-05,7.74094691889937e-05,8.04703542005569e-05,7.73542385690273e-05
0.00032182648885537,1.50977367553429e-05,1.88812193491206e-05,2.64774606586471e-05,8.98100443166849e-05,3.02755800123122e-06,4.25410724680578e-05,0.000807128530503446,0.0168757576230695,6.43473576129699e-06,3.14950182146029e-07,0.000353657824603948,7.69942819184299e-05,7.39545074149861e-05,7.69309138815011e-05,7.38684879387774e-05
0.000322343469352671,1.33014242079676e-05,1.89402895418578e-05,2.52173894630947e-05,8.98220046332554e-05,3.00515627127407e-06,3.85985855443161e-05,0.000820243549689794,0.017286877819459,6.4872816588416e-06,2.17094581353439e-07,0.000357395602144872,7.56184562710205e-05,7.25200726042763e-05,7.55345293170784e-05,7.23993174419624e-05
0.000322835294844337,1.15049336868456e-05,1.89988817558273e-05,2.39618858451918e-05,8.98279298128801e-05,2.9825799571781e-06,3.47761992576633e-05,0.000833465939560192,0.0177021120552885,6.53699910010936e-06,1.12487714046261e-07,0.000360913146380315,7.12744970012835e-05,6.82586212477077e-05,7.11645033046882e-05,6.8106138609636e-05
0.000323302057283925,9.70838049163536e-06,1.90570534084333e-05,2.27112122007656e-05,8.98282732565425e-05,2.95954068303683e-06,3.10889416283843e-05,0.000846773990809782,0.0181210025006528,6.58374051142478e-06,1.95516095327641e-09,0.000364195742823203,6.84201026337483e-05,6.53948805696691e-05,6.82884485906365e-05,6.52087087719133e-05
0.000323743857973735,7.91187241411251e-06,1.91147264534397e-05,2.14657609073354e-05,8.98234606752091e-05,2.93163827744247e-06,2.75490674652624e-05,0.000860158319717388,0.0185434480645983,6.62631117342343e-06,1.1394707423798e-07,0.000367426863748022,6.51734096913659e-05,6.21449770351612e-05,6.50207467294273e-05,6.19253232368999e-05
0.000324160802349871,6.11550678297768e-06,1.91718498969706e-05,2.02255575315613e-05,8.98141073862879e-05,2.90575608490051e-06,2.41701681594649e-05,0.0008736065074238,0.0189692380750197,6.66588525377523e-06,2.34038324695846e-07,0.000370259568520326,6.02114899695971e-05,5.7265224352343e-05,6.00374266300774e-05,5.70164051384436e-05
0.000324552996734173,4.31936857447912e-06,1.92284956348487e-05,1.89908656899607e-05,8.98007464391615e-05,2.88107060376908e-06,2.09689582486241e-05,0.000887095578233338,0.0193978044968608,6.70196163542257e-06,3.57604686125265e-07,0.00037269475074253,5.59741198347119e-05,5.30488168731802e-05,5.57803460840001e-05,5.27673477442869e-05
0.000324920553659069,2.52353233165525e-06,1.92846864150997e-05,1.77617739681724e-05,8.9784001614468e-05,2.86178167480111e-06,1.79617878992692e-05,0.000900605444084369,0.0198286747018332,6.73492313026717e-06,4.83947035894924e-07,0.000374546218337102,5.00731129990939e-05,4.72622009932699e-05,4.98591246007596e-05,4.69524326265347e-05
0.000325263587152902,7.28059823429383e-07,1.93405336810226e-05,1.65386821943669e-05,8.97643866993314e-05,2.84216125383263e-06,1.51670542550923e-05,0.000914108341519695,0.0202611381309176,6.76310827527889e-06,6.14312396295807e-07,0.000375995103833016,4.56772969382735e-05,4.2854932740588e-05,4.5443341679885e-05,4.25073153081934e-05
0.000325582220162657,1.0669972743127e-06,1.93960018295414e-05,1.53216601767037e-05,8.97425691683829e-05,2.82611612398287e-06,1.26015605784791e-05,0.000927583930288817,0.0206947799363772,6.78679695256813e-06,7.47807510373399e-07,0.000376903686786001,3.94048463053798e-05,3.66965750974169e-05,3.91524800880116e-05,3.63199245826396e-05
0.00032587657453198,2.86160184254092e-06,1.94512046083339e-05,1.41109437675202e-05,8.9719170048852e-05,2.81200600672771e-06,1.02841920664547e-05,0.00094100342042562,0.0211288693470475,6.80526588842136e-06,8.84087735681174e-07,0.000377291623895104,3.39601114567323e-05,3.12739351615576e-05,3.36897233483846e-05,3.08608609482786e-05
0.000326146780318171,4.65572798014069e-06,1.95061112806538e-05,1.29068498827545e-05,8.96947973816342e-05,2.79516163644022e-06,8.23299941085347e-06,0.00095434351191267,0.0215629053353912,6.81683417716536e-06,1.02404569591631e-06,0.000377275469688354,2.82155382452798e-05,2.55511973419331e-05,2.79287552830132e-05,2.51018471434383e-05
0.000326392972317402,6.44936281568587e-06,1.95606398052384e-05,1.17096676802708e-05,8.96700958603058e-05,2.77112430895066e-06,6.46641365849038e-06,0.000967581466747576,0.021996422665645,6.82012538146944e-06,1.16833277780115e-06,0.000376907721935882,2.2546572166271e-05,1.98507064425035e-05,2.22440391450807e-05,1.93610249619169e-05
0.000326615289030219,8.24250736669585e-06,1.96146730266911e-05,1.05192540788557e-05,8.96458902520658e-05,2.74748338936759e-06,5.00325137161084e-06,0.000980695057119827,0.0224289564500238,6.8164898630105e-06,1.3115557577683e-06,0.000376010485366285,1.5606420216141e-05,1.30052839742989e-05,1.52959181505263e-05,1.24910457320881e-05
0.00032681386491018,1.00351796343823e-05,1.96682700359663e-05,9.33568674954532e-06,8.96229271066251e-05,2.72413944589489e-06,3.86274266925114e-06,0.000993660297735341,0.0228597996973271,6.80553430216645e-06,1.45198152950825e-06,0.00037452091896506,8.71590759887741e-06,6.13890914868964e-06,8.39635023741625e-06,5.59217536932888e-06
0.000326988838330822,1.18274116198691e-05,1.97214049650896e-05,8.15900466727415e-06,8.96019591032915e-05,2.70085248756102e-06,3.06502233589164e-06,0.00100645229724469,0.0232882712056152,6.78637979837228e-06,1.58903476273758e-06,0.000372426045856744,1.34322472089554e-06,1.16889298684697e-06,1.01818817399568e-06,1.74341375069886e-06
0.000327140346165544,1.36192511066002e-05,1.97741009664298e-05,6.98916579644493e-06,8.9583758695333e-05,2.6783973696709e-06,2.63031624829149e-06,0.00101904589191296,0.023713632954705,6.7586830457813e-06,1.72161981874808e-06,0.000369685777474205,6.33114799308832e-06,8.79035654566263e-06,6.6612195340765e-06,9.39456849491371e-06
0.000327268525591062,1.54107608085208e-05,1.98263485380323e-05,5.82621056299804e-06,8.95690585122622e-05,2.6536773141822e-06,2.5795432322486e-06,0.00103141338726759,0.0241351116668709,6.72117128017067e-06,1.85144514605606e-06,0.000366260850273914,1.4385874514744e-05,1.68188298449445e-05,1.47219113235675e-05,1.74568818681609e-05
0.000327373513677287,1.72020183211163e-05,1.9878088386216e-05,4.6700412996703e-06,8.95586298104156e-05,2.62616189064535e-06,2.93456797474186e-06,0.00104352308583026,0.0245518805885253,6.67333384395473e-06,1.97825430497608e-06,0.000362104085348092,2.2828542740605e-05,2.52249554721917e-05,2.31684578642088e-05,2.58946804774229e-05
0.000327455444128821,1.89931170381241e-05,1.99292764733183e-05,3.52045008789048e-06,8.95532695910917e-05,2.59698146545806e-06,3.71696814353219e-06,0.00105534239108023,0.024963061663683,6.61523165582955e-06,2.10016937232139e-06,0.000357172833182262,3.16474508512687e-05,3.39977675611891e-05,3.19890283954072e-05,3.46967938233966e-05
0.000327514446166077,2.07841662254182e-05,1.99798844433552e-05,2.37720383633455e-06,8.95537646151134e-05,2.56635084361356e-06,4.94789247280048e-06,0.00106683791120947,0.0253677239635299,6.54666513095543e-06,2.21615402934416e-06,0.000351412248169924,4.08916636441825e-05,4.319602869296e-05,4.12337705339993e-05,4.39239080280984e-05
0.000327550644778629,2.25752905411714e-05,2.00298591439552e-05,1.24014327607114e-06,8.95608587657137e-05,2.53069937568295e-06,6.64923806255839e-06,0.00107797076026238,0.0257648189413224,6.46651896031947e-06,2.3292293245894e-06,0.000344632675130074,5.10743083029785e-05,5.33715502266663e-05,5.14208402179195e-05,5.41355797507581e-05
0.000327564160622407,2.4366629713779e-05,2.00790926681016e-05,1.08886921812434e-07,8.95753478343808e-05,2.49119894776828e-06,8.84453606134942e-06,0.00108869189725251,0.0261531054746004,6.37495787343655e-06,2.43759469531132e-06,0.000336793800074009,6.13145327175157e-05,6.35677840261639e-05,6.16602148476586e-05,6.43595970234445e-05
0.000327555105173349,2.61583396571341e-05,2.01275282443181e-05,1.01699064714023e-06,8.95980195780854e-05,2.44860256358448e-06,1.15550905837874e-05,0.00109895476080105,0.026531333307878,6.27227010499554e-06,2.54002056652471e-06,0.000327800878118234,7.23019069455155e-05,7.4520676733747e-05,7.26479188810636e-05,7.53420870954757e-05
0.000327523580949451,2.79505918642786e-05,2.01751196151623e-05,2.13805519455601e-06,8.96296698000287e-05,2.4059066665999e-06,1.48012687622213e-05,0.0011087099842736,0.0268981661415378,6.15911049350811e-06,2.63247770854354e-06,0.000317738825530989,8.28984498832952e-05,8.50399683057779e-05,8.32377809846241e-05,8.58805948623642e-05
0.000327469678852665,2.9743573414398e-05,2.02218710572133e-05,3.25477319557121e-06,8.9671023686011e-05,2.36150660679058e-06,1.86004898959019e-05,0.00111791313457552,0.0272523228534467,6.0350248995181e-06,2.7169331332684e-06,0.000306390583210803,9.49549072071232e-05,9.70590595738008e-05,9.52939319270873e-05,9.79286936696466e-05
0.000327393480545668,3.15374854247263e-05,2.0267734681001e-05,4.36774363316017e-06,8.97227994659522e-05,2.31579425349904e-06,2.29721129238839e-05,0.00112650477908926,0.0275922271521551,5.89995516983943e-06,2.79231569717299e-06,0.000293727794902221,0.00010667340737669,0.000108711710041232,0.000107006302110246,0.000109601863880648
0.000327295054608934,3.33325432477216e-05,2.03126845259582e-05,5.47754780494403e-06,8.97856676895237e-05,2.2669806169634e-06,2.79330835842829e-05,0.00113442636352135,0.0279162898657306,5.7536192480268e-06,2.8610001471599e-06,0.000279462280448062,0.000120120770319421,0.000122129108176883,0.000120454555850857,0.000123049123415875
0.000327174457313228,3.51289753820483e-05,2.03566615895046e-05,6.58498622022052e-06,8.98603109781848e-05,2.21778294638708e-06,3.35009412335425e-05,0.00114160600575794,0.0282226416287058,5.59683718509932e-06,2.91798930188505e-06,0.000263798356280875,0.000132028011651464,0.000133952465800946,0.000132350856581809,0.000134885064981383
0.000327031727691995,3.69270237484676e-05,2.03996790952843e-05,7.69081338053423e-06,8.9947343047736e-05,2.16798017284303e-06,3.96864241311456e-05,0.0011479892592321,0.0285097236352524,5.42985906242073e-06,2.96348574436306e-06,0.000246580062416624,0.000145717043693261,0.000147589453775132,0.00014603612589259,0.000148543860872485
0.000326866890419497,3.87269417142511e-05,2.04417091655973e-05,8.79583697635522e-06,9.00473270565305e-05,2.11722758128308e-06,4.65016153080926e-05,0.00115350371121515,0.028775603775956,5.25263601907171e-06,2.99750411557505e-06,0.000227710886183341,0.000159057246795991,0.000160862113538718,0.000159367982969782,0.00016183150901905
0.000326679952289854,4.05289936903919e-05,2.04827497534144e-05,9.90098782385762e-06,9.01607897255685e-05,2.06707143018958e-06,5.39539992158424e-05,0.00115808428867508,0.0290184742069459,5.06591129513111e-06,3.01603906181433e-06,0.000207342357763873,0.000172168758443059,0.000173896155443831,0.000172467596551096,0.000174874995355068
0.000326470901224729,4.23334538869891e-05,2.0522821395863e-05,1.10072223289681e-05,9.02881818931056e-05,2.01822207460123e-06,6.20464312514295e-05,0.00116167388216769,0.0292366634813956,4.87013302491435e-06,3.01653568024127e-06,0.000185558836035438,0.000185218696787448,0.000186864995656566,0.000185503214110816,0.000187849520999483
0.000326239705901843,4.41406046443049e-05,2.05619468731655e-05,1.21154994431605e-05,9.0429862717567e-05,1.96995946975809e-06,7.07787263606411e-05,0.00116421665314743,0.0294285053429405,4.66536571481809e-06,2.99918825131563e-06,0.000162230906697536,0.000198997393789369,0.000200572506174668,0.000199268858426582,0.000201563616049949
0.000325986315494298,4.59507346107779e-05,2.06001293938662e-05,1.3226829122609e-05,9.05861079041337e-05,1.92157777784141e-06,8.01494510169907e-05,0.00116564840874019,0.029592139024094,4.45177473775094e-06,2.96396291326988e-06,0.000137235438287142,0.000213025146025281,0.000214531771040583,0.000213282826845074,0.000215527308004448
0.000325710658297895,4.77641371366966e-05,2.06373639526358e-05,1.43422823935813e-05,9.07571097595317e-05,1.87278891580767e-06,9.01544101761974e-05,0.0011659019476994,0.029725617787842,4.22978354860809e-06,2.91022938767559e-06,0.000110511417598325,0.000227263109262466,0.000228703332969871,0.000227506924915022,0.000229701473698163
0.000325412640941547,4.95811084798015e-05,2.06736350802927e-05,1.54629434375997e-05,9.09429646780979e-05,1.82256056487085e-06,0.000100786850024221,0.00116490376559082,0.0298268481117726,3.99965367193568e-06,2.84020951107911e-06,8.17893500384415e-05,0.000242569587240782,0.000243954481725983,0.000242803955053716,0.000244958542913842
0.00032509214751375,5.14019460279846e-05,2.07089206705202e-05,1.65900275927167e-05,9.11436973838886e-05,1.77251959099234e-06,0.000112036604310027,0.0011625761844093,0.0298936453793347,3.7624692067619e-06,2.74867414425117e-06,5.15149139834747e-05,0.000255403109867935,0.000256707980185622,0.000255618146724257,0.000257703508415585
0.000324749037406979,5.32269466519408e-05,2.07432335015412e-05,1.77247133470726e-05,9.13592140408537e-05,1.7224813837341e-06,0.000123884860822764,0.00115886716821131,0.0299243622184143,3.51885011506617e-06,2.63627636777793e-06,1.96248256454368e-05,0.000269768674947657,0.000271009479321127,0.000269971496427157,0.000272002895485901
0.0003243831470785,5.50564040751045e-05,2.0776558825375e-05,1.88681614571029e-05,9.15893046161131e-05,1.67117156671392e-06,0.000136312488366997,0.00115370397678334,0.0299169171785604,3.26903725969248e-06,2.50653109292072e-06,1.42308979517169e-05,0.000284688079418505,0.000285871228608903,0.0002848811673275,0.000286863040649399
0.00032399428943819,5.68906068612318e-05,2.08088618089963e-05,2.00215492874856e-05,9.18336620017168e-05,1.61745361981769e-06,0.000149298524299221,0.00114699759655886,0.0298688754832834,3.0134827493383e-06,2.36301740475994e-06,5.04617085876902e-05,0.000300941607760286,0.000302077773252196,0.000301131219258788,0.000303072507699786
0.000323582253667354,5.87298365581079e-05,2.08400891101856e-05,2.1186088810049e-05,9.20918964504858e-05,1.561105763076e-06,0.000162819821234235,0.00113863937132932,0.0297773829278495,2.75287181849838e-06,2.20741528120065e-06,8.92137928202308e-05,0.00031690068795398,0.000317987148704346,0.000317088076413063,0.000318983188439148
0.000323146804699581,6.05743661099001e-05,2.08701853676718e-05,2.23629629049482e-05,9.23635341759099e-05,1.5013900226124e-06,0.000176848648717271,0.00112851156933367,0.0296394102292361,2.48766960839301e-06,2.0454503701587e-06,0.000130956082285971,0.000334900411681494,0.00033594843525464,0.000335096879068075,0.000336955790155358
0.000322687682738021,6.24244584455091e-05,2.08991142371939e-05,2.35535677871324e-05,9.26480610229929e-05,1.44380796884835e-06,0.000191348622816507,0.00111651414363524,0.0294523406626668,2.22023123650594e-06,1.8546619059024e-06,0.00017314418000336,0.000340218698608674,0.000341156014146748,0.000340380163034504,0.000342121223979475
0.000322204600052611,6.42803649868462e-05,2.09269538931078e-05,2.47591115963008e-05,9.2944798317951e-05,1.38920794880149e-06,0.000206259841641338,0.00110269063978045,0.0292166429923359,1.9515367402721e-06,1.63200681794866e-06,0.000215308599669228,0.000350169142655399,0.000351027439123963,0.000350313736649066,0.000351969315230183
0.000321697247289032,6.61423215786439e-05,2.09537357049872e-05,2.59806679390601e-05,9.32528897191753e-05,1.33531732531e-06,0.000221527713902333,0.00108703710024674,0.0289317373245526,1.68176189872181e-06,1.38269804918559e-06,0.000258240999846282,0.000360593613147553,0.000361383246094138,0.000360718892730705,0.000362296560898367
0.000321165293238446,6.80105455971025e-05,2.0979463371873e-05,2.7219324304828e-05,9.35713412683614e-05,1.281030370337e-06,0.000237097559752286,0.00106953456175488,0.0285966019425108,1.41175181285376e-06,1.10523483214803e-06,0.000302260879923466,0.0003718020201533,0.000372532492486588,0.000371908625269257,0.000373415618232342
0.000320608385341981,6.98852330709709e-05,2.10041176931242e-05,2.84761253909194e-05,9.38990127515305e-05,1.22512910660788e-06,0.000252914282046471,0.00105014549425965,0.0282097226584247,1.14182531413003e-06,8.0404823101822e-07,0.000347949140138692,0.000384583819106776,0.00038526507942771,0.000384680619841649,0.000386125874348164
0.000320026150306463,7.17665559096803e-05,2.1027663565043e-05,2.97521157297531e-05,9.42346373936087e-05,1.16771337553556e-06,0.000268921472794031,0.00102881347471428,0.0277691865720051,8.72421436328336e-07,4.80283421063279e-07,0.000395072873842439,0.000395048492843664,0.000395674527702394,0.000395134922788198,0.000396510333497968
0.000319418194345555,7.36546594660159e-05,2.10500728166085e-05,3.10482730494915e-05,9.45768246509715e-05,1.10869922391454e-06,0.000285057462503941,0.00100549692411877,0.0272734867375637,6.03840138220957e-07,1.40005403652388e-07,0.000443651996281935,0.000406202853747595,0.00040677804407796,0.000406291275955484,0.000407600091860916
0.000318784105083125,7.554966019159e-05,2.10713083625969e-05,3.23654866389855e-05,9.49240823014397e-05,1.04755245829147e-06,0.000301259039855633,0.000980131129841204,0.0267207414205832,3.36371130256445e-07,2.06653952717489e-07,0.000494138937376709,0.000418237238928754,0.000418765746098559,0.000418340146044471,0.000419584902011327
0.000318123453003416,7.74516440342488e-05,2.10913272367108e-05,3.37045869647917e-05,9.52748584643337e-05,9.84416638871721e-07,0.000317460253644481,0.000952631647358774,0.0261087541812968,7.06511936187863e-08,5.55156394054998e-07,0.000546435218253039,0.000428674379423954,0.000429152830714541,0.000428795127892401,0.000429970156071713
0.000317435792551279,7.93606654989204e-05,2.11100986609036e-05,3.5066347244192e-05,9.56275612475355e-05,9.20397145692808e-07,0.000333588529379396,0.000922941531698655,0.0254360150136606,1.92415600563843e-07,9.10584084946875e-07,0.000599324568312132,0.00043398074557166,0.000434398644451939,0.000434109980974484,0.000435201871814561
0.000316720664176984,8.12767467194275e-05,2.11276010833039e-05,3.64513500113461e-05,9.59805433707328e-05,8.54174953643372e-07,0.000349566919594047,0.000891020219572955,0.0247014471286231,4.52767559070466e-07,1.25188182763768e-06,0.000654779176194054,0.000450027490542459,0.000450407253444807,0.000450208692377774,0.000451240054812896
0.00031597759816715,8.31998768906356e-05,2.11437758250721e-05,3.78600819009589e-05,9.63321807989637e-05,7.84827802205457e-07,0.000365323798199393,0.000856678652937347,0.02390081781114,7.10150464492385e-07,1.56203911979257e-06,0.000714545854168525,0.000467325937144492,0.000467666534371469,0.000467569136614721,0.000468538020728992
0.000315206115484745,8.51300136581329e-05,2.115856687257e-05,3.92929761027644e-05,9.66809467974894e-05,7.13225714751853e-07,0.000380781496000812,0.00081969819967892,0.0230292961547704,9.64644414937578e-07,1.8399176712567e-06,0.000778236232703455,0.000481566973477898,0.000481857176423128,0.000481871490318753,0.000482767784445115
0.000314405729239464,8.70670851970262e-05,2.117194641027e-05,4.07503945131504e-05,9.70254190864051e-05,6.41557675012949e-07,0.00039585201948942,0.000779931976095043,0.0220837197973004,1.2167028371913e-06,2.10479056234406e-06,0.000842476704692396,0.00047977083056272,0.000479985764392676,0.000480093133178761,0.000480892350297468
0.000313575946237155,8.90109917854459e-05,2.11839359389732e-05,4.22325809126961e-05,9.73642095581373e-05,5.71853335643024e-07,0.000410435219926736,0.000737472241579465,0.0210662277325905,1.46608447175406e-06,2.38931050883066e-06,0.000902525072572602,0.000465105164768498,0.000465234890783206,0.000465404445792239,0.000466093942047774
0.000312716270180147,9.09616052595166e-05,2.11945779389211e-05,4.37395925608243e-05,9.76958454433352e-05,5.03919043756684e-07,0.00042442969782354,0.000692586064953031,0.0199826926890641,1.71100055581687e-06,2.70328547371905e-06,0.000957756093016515,0.000454653264807869,0.000454710783476919,0.000454932161629173,0.000455518071965422
0.000311826205174448,9.29187667371816e-05,2.12038974394257e-05,4.52713513204375e-05,9.80187276081734e-05,4.36761316169321e-07,0.000437741981660878,0.000645506042536472,0.0188379013464551,1.94845549912737e-06,3.05360185013856e-06,0.00100933855131535,0.000446086344227936,0.000446082157911087,0.000446331267268785,0.000446817332279248
0.000310905257913996,9.4882283949509e-05,2.12119028124569e-05,4.68276742237265e-05,9.83311105959839e-05,3.69684610826426e-07,0.000450284917928269,0.000596436961403239,0.0176355598633573,2.17694713609407e-06,3.4475912177815e-06,0.00105824970109314,0.000440122369375073,0.000440061846677331,0.00044033043431202,0.000440721451883563
0.000309952939884894,9.68519280426213e-05,2.12185911951934e-05,4.84082647264168e-05,9.8631080693079e-05,3.02285098757737e-07,0.00046197846132218,0.00054554902518006,0.0163783368041281,2.39736577611077e-06,3.88379621847623e-06,0.00110510333739511,0.000434604967493257,0.000434488238991837,0.000434780478377528,0.000435081264942627
0.000308968769626494,9.88274302829552e-05,2.12239556420801e-05,5.001271703718e-05,9.89165711611228e-05,2.34627417883271e-07,0.000472750124497926,0.000492957036372405,0.015067731849662,2.61196161932878e-06,4.33431776858569e-06,0.00115221867680604,0.000438481720585138,0.000438303533646711,0.000438673588395777,0.000438885300942715
0.000307952274996248,0.000100808479854064,2.12279917084501e-05,5.16404971230826e-05,9.91854612841792e-05,1.66672844373328e-07,0.000482532782157072,0.00043866184887709,0.013703066844227,2.82346199457652e-06,4.78925277570125e-06,0.00119890109710907,0.000432507405684679,0.000432265588205305,0.0004327025683315,0.000432831600914008
0.000306902995711011,0.000102794723528237,2.12306942664053e-05,5.32909669303562e-05,9.94356319464762e-05,9.86939049235636e-08,0.000491264730680047,0.00038273915514118,0.0122856757428882,3.03471886117978e-06,5.23202355348813e-06,0.00124474711495914,0.000429925479130677,0.000429612636498322,0.000430161447374622,0.000430205857627541
0.000305820485277053,0.000104785766149113,2.12320642238861e-05,5.49633705446556e-05,9.96650256271936e-05,3.05747086398744e-08,0.000498889525332239,0.000325230872518745,0.0108166131550864,3.24709338854557e-06,5.6529830134034e-06,0.00128874741654783,0.000419245774277655,0.000418865515126376,0.00041951377058902,0.000419480026926822
0.000304704313353277,0.000106781172477054,2.12320976769043e-05,5.66568706297371e-05,9.98716919944909e-05,3.75135475877419e-08,0.000505356956262122,0.000266244404222654,0.00929867506868259,3.46061420773387e-06,6.04315269436655e-06,0.00133057194844222,0.000411228751296733,0.000410776810622626,0.000411551772905527,0.000411433844721421
0.000303554067039968,0.000108780469579101,2.12307982732085e-05,5.83705433849502e-05,0.000100053821501855,1.05464075209061e-07,0.000510620524400737,0.000205857267292961,0.00773419878130497,3.67414587742065e-06,6.39818256263809e-06,0.00137008096494362,0.000399744264059088,0.000399224297705558,0.000400116288182373,0.000399915740406653
0.000302369352338738,0.000110783149970567,2.12281814728765e-05,6.01034784673063e-05,0.000100209769888671,1.70761152634702e-07,0.000514635920299792,0.000144119988793438,0.00612500711525221,3.88599129817084e-06,6.68593648724299e-06,0.00141074539706754,0.00040809170944478,0.000407467507963721,0.000408591813755299,0.000408267382760452
0.000301149794675215,0.000112788675794784,2.12242993453682e-05,6.18544745092028e-05,0.000100338172339343,2.36754937030237e-07,0.000517353605698979,8.09440510646952e-05,0.00446996730198005,4.09731330301491e-06,6.94993990676789e-06,0.00144737620776092,0.000374231853814688,0.000373575386940939,0.000374704237449341,0.000374340991772359
0.000299895046283583,0.00011479648393431,2.12190812405311e-05,6.36222571320233e-05,0.00010043780348129,3.06960894980168e-07,0.0005187563695725,1.67338546062129e-05,0.0027785381659761,4.31063965125664e-06,7.22921761783964e-06,0.00147490122453076,0.000344904084610409,0.000344209363722592,0.000345373010967487,0.000344961481295147
0.000298604782602352,0.000116805986417362,2.12124635943223e-05,6.54057172709277e-05,0.000100507412818696,3.78831676625668e-07,0.000518839976280272,4.81409721128288e-05,0.00105952270389708,4.52144645562858e-06,7.49526574476099e-06,0.00149670335161534,0.000326780960814066,0.00032602923871361,0.000327284230168701,0.000326790744337835
0.00029727870196905,0.000118816570859839,2.12044315350823e-05,6.72036318754704e-05,0.000100545825774179,4.5113708711797e-07,0.000517596909564491,0.000113468248572483,0.00068182097426072,4.72490604304262e-06,7.74734930685146e-06,0.0015143651096583,0.000308853276617227,0.000308047269267808,0.000309379016705913,0.000308800649608143
0.00029591652858274,0.000120827602395623,2.11949765676067e-05,6.9014661730149e-05,0.000100551962605444,5.23814466704686e-07,0.000515023992185014,0.000179049245910997,0.00244079319947778,4.9206424517528e-06,7.99174599379511e-06,0.00152803266103074,0.000291073594786195,0.000290210632369226,0.000291620121689928,0.000290958252269435
0.000294518014125611,0.000122838425309163,2.11840919390749e-05,7.08373969886267e-05,0.000100524818483994,5.96816813663859e-07,0.000511127086873391,0.000244692128484245,0.00421285912101194,5.11071082942716e-06,8.22351605947805e-06,0.00153778934073334,0.000272996090475042,0.000272073141140083,0.000273570529268796,0.00027282907652515
0.00029308293851571,0.000124848364626701,2.11717858031868e-05,7.2670459802221e-05,0.000100463477423984,6.67856902600295e-07,0.000505919712304961,0.000310244687538777,0.00599411416831182,5.29650723108843e-06,8.4173006901448e-06,0.00154524946101586,0.000261641481401398,0.000260629033059456,0.000262285010566354,0.000261437165202216
0.000291611109433321,0.00012685672868884,2.11581143916284e-05,7.45123953423132e-05,0.000100367209543595,7.36049346708456e-07,0.00049941461554892,0.000375656310340914,0.00778252364019482,5.47940321916217e-06,8.55858402597047e-06,0.00155086497487777,0.000247886112603957,0.000246787189422615,0.000248599770033331,0.00024765521640957
0.000290102364212119,0.000128862813666475,2.11431369927517e-05,7.63617530177285e-05,0.000100235526953762,8.00491823493843e-07,0.000491630992179105,0.000440880185883007,0.00957587568550349,5.66109358412517e-06,8.63536035522645e-06,0.00155488767138257,0.000236399532489551,0.000235196807300664,0.00023720418962192,0.000236149518611728
0.000288556569680187,0.000130865908786554,2.11269113112866e-05,7.82169307327607e-05,0.000100068239113793,8.65094957294699e-07,0.00048259485916104,0.000505867341845589,0.011371681042353,5.84424450208767e-06,8.66394470199101e-06,0.00155497124169501,0.000211937767540249,0.000210689454525625,0.000212780617814712,0.000211684331206219
0.000286973625103881,0.000132865302001683,2.11093954205488e-05,8.00764408132593e-05,9.98653753007672e-05,9.31835934150915e-07,0.000472357144688439,0.000570418718064356,0.0131641488031834,6.02966127105085e-06,8.65301585473328e-06,0.00154998316261334,0.000189786403655412,0.000188481938527607,0.000190679918791403,0.000189527285232138
0.000285353457098569,0.000134860283454441,2.10905594741906e-05,8.19389572477569e-05,9.96271359535172e-05,9.99655725156257e-07,0.000460973514193226,0.000634355549922406,0.0149478661855377,6.21447700978831e-06,8.60030165147734e-06,0.0015405211227173,0.000168476882058455,0.000167115508755922,0.000169417905700242,0.000168201280560831
0.000283696018105406,0.000136850149169476,2.10703998428929e-05,8.38032600798122e-05,9.93539035302193e-05,1.06601240552895e-06,0.000448499348446489,0.000697529733293762,0.0167181797673916,6.39546866054181e-06,8.5031298020493e-06,0.00152773411278917,0.000151599267179781,0.000150155108227024,0.000152598411981564,0.000151285634524934
0.000282001284939382,0.000138834204818528,2.10489508019052e-05,8.56680463127701e-05,9.90462717608831e-05,1.1319469020582e-06,0.000434987508501203,0.000759832993677494,0.0184714508400982,6.57217902609787e-06,8.37533206624747e-06,0.00151131093985335,0.000130603492427106,0.000129105375750727,0.000131626989399836,0.000130251523865255
0.000280269260721555,0.000140811769670707,2.10262063704558e-05,8.75320886383202e-05,9.87049813072072e-05,1.19773826541547e-06,0.000420502137320047,0.000821109942879857,0.0202032278111856,6.74555254299282e-06,8.22398585192258e-06,0.0014912125724108,0.000111653042223048,0.000110086352655525,0.000112704364490956,0.000111253319174387
0.000278499971132495,0.000142782178773365,2.10021952464778e-05,8.93943365644634e-05,9.8330873729624e-05,1.26027905562875e-06,0.000405108392212974,0.000881241115371233,0.0219098432232529,6.91532168397708e-06,8.039190878769e-06,0.00146854008630193,9.62642192291474e-05,9.45993899116315e-05,9.73573285911744e-05,9.58009252909342e-05
0.00027669346212833,0.000144744785390893,2.09770108507978e-05,9.12537910933708e-05,9.79249384427949e-05,1.31687102154776e-06,0.000388866937604199,0.00094016668207758,0.0235888641998993,7.08150916507888e-06,7.81437151785476e-06,0.00144411435928415,8.2546366623526e-05,8.07654846368688e-05,8.36839207019047e-05,8.20068765100546e-05
0.000274849800036003,0.000146698964419351,2.09507684065802e-05,9.31093732685906e-05,9.74883560074247e-05,1.36918972497291e-06,0.000371839455553506,0.000997842520239774,0.0252382194345569,7.24629462841598e-06,7.56010693681725e-06,0.00141745931302084,6.55243053540033e-05,6.36571470545855e-05,6.6677530979331e-05,6.49187057590872e-05
0.000272969073095375,0.000148644115948227,2.09235172050626e-05,9.49600226384795e-05,9.70224457312874e-05,1.42073958780964e-06,0.00035410072509621,0.00105417094034191,0.0268548223569679,7.41255977889541e-06,7.2924838290904e-06,0.00138770579533343,4.64661368922981e-05,4.45359831359182e-05,4.76137319626035e-05,4.58028370822205e-05
0.000271051389755028,0.000150579667151263,2.08952412490415e-05,9.68047652921689e-05,9.65285888783196e-05,1.47488461259282e-06,0.000335737946556977,0.00110901022531344,0.0284347677653556,7.58185749490485e-06,7.02622797580169e-06,0.00135421323046725,2.568875498421e-05,2.37236684235143e-05,2.6808815783097e-05,2.49766892680414e-05
0.000269096876071684,0.00015250507275355,2.08658881302171e-05,9.86428870694001e-05,9.60081379711153e-05,1.52987585133602e-06,0.000316845618730988,0.00116219934276493,0.0299738586212373,7.75290176604707e-06,6.76087474521005e-06,0.00131751497354482,8.44509959085915e-06,6.40923401573623e-06,9.55133906566097e-06,7.65606972552568e-06
0.000267105669254475,0.000154419814011264,2.08355072273125e-05,0.000100473981983845,9.54623994011139e-05,1.57744129920812e-06,0.000297508666728744,0.00121364154436614,0.0314692454847063,7.92215717534992e-06,6.47775786685387e-06,0.00127929350493716,2.78976071121928e-06,4.97851951863915e-06,1.66398596324058e-06,3.7130952820208e-06
0.000265077915153622,0.000156323399021108,2.08042774683115e-05,0.000102297380324468,9.48928009699701e-05,1.61872064384505e-06,0.000277798850863067,0.00126331120487175,0.0329195737940621,8.09026708875309e-06,6.18891636752078e-06,0.00123947401684388,1.81651934737515e-05,2.0436784270661e-05,1.70712049815114e-05,1.9193008219176e-05
0.000263013776411247,0.00015821536565086,2.07722411018629e-05,0.000104112227894054,9.43008429333259e-05,1.66188788473798e-06,0.000257802593193194,0.00131110928834939,0.0343223142927334,8.26170847785489e-06,5.92525563095254e-06,0.00119690612755474,3.60400682574147e-05,3.83391621971985e-05,3.50146124297179e-05,3.71430046043342e-05
0.000260913431763932,0.000160095280940575,2.07392908206927e-05,0.000105917750663626,9.36879285945436e-05,1.71410712651587e-06,0.00023762237870065,0.00135687313673594,0.0356739032693491,8.43971363672248e-06,5.70775053893025e-06,0.00115087859406893,5.53807574609211e-05,5.76541894200533e-05,5.44492951783937e-05,5.65256576459117e-05
0.000258777071691085,0.000161962737628696,2.07052729965795e-05,0.000107713735906068,9.30551768238974e-05,1.76762139848796e-06,0.000217365558718591,0.00140043417187473,0.0369707310263989,8.62123073781237e-06,5.51575706682177e-06,0.00110260393716055,6.80796233196723e-05,7.04514004936652e-05,6.71826343499049e-05,6.93463317190668e-05
0.00025660488941992,0.000163817349221662,2.06702236098533e-05,0.000109499759937542,9.24036427957242e-05,1.82130193961128e-06,0.000197122190501349,0.00144171513959366,0.0382108372019829,8.80437256268123e-06,5.34692258214939e-06,0.0010525603240269,8.22075524218313e-05,8.46132484045858e-05,8.13768346794586e-05,8.35594425250274e-05
0.000254397089318736,0.000165658750115483,2.06341185737813e-05,0.000111275434871494,9.17342842225444e-05,1.87384163265192e-06,0.000176983692257834,0.00148062762227131,0.0393922165279242,8.98873652236223e-06,5.20207243551001e-06,0.00100109790913427,9.34364324668424e-05,9.59321903928334e-05,9.26510393318702e-05,9.49127410104778e-05
0.000252153882188466,0.00016748659255611,2.05969903119829e-05,0.000113040265687148,9.10479883518001e-05,1.92756289454921e-06,0.000157035535590198,0.00151711358343494,0.0405134778442611,9.1753563466472e-06,5.08626195790465e-06,0.000948331405650871,0.000105500989989737,0.000108024222343017,0.00010478710115347,0.000107058269532945
0.000249875489409801,0.000169300545647733,2.05588005486312e-05,0.00011479392705771,9.03454898810718e-05,1.98054144895377e-06,0.000137365060568732,0.00155110716648643,0.0415732049803714,9.36406488462689e-06,4.99467303645591e-06,0.000894625192475074,0.000115049784260912,0.00011766018698689,0.00011438109171702,0.000116726560650871
0.000247562137310808,0.000171100291712689,2.05195881566311e-05,0.00011653603620132,8.96274361507077e-05,2.03300391234118e-06,0.000118052079912944,0.0015825780950483,0.042570581788825,9.55462647961179e-06,4.92474658785047e-06,0.000840244969011916,0.000124463318990742,0.000127121514582051,0.000123851479801762,0.000126229476803408
0.000245214060221599,0.000172885525227928,2.04793714098095e-05,0.000118266377565901,8.88943420987443e-05,2.0811030266854e-06,9.91733286070408e-05,0.00161150413179252,0.0435049838609895,9.74554588510359e-06,4.86766352517272e-06,0.000785575069429001,0.000131813534405167,0.00013458678790812,0.000131231130834242,0.000133716303070575
0.000242831495247842,0.000174655949868374,2.04382811657133e-05,0.000119984711480003,8.81466679653609e-05,2.12249971552614e-06,8.07961447651441e-05,0.00163789780489309,0.0443763157819548,9.93547417278958e-06,4.81739921522409e-06,0.000730902627268826,0.000138649401653423,0.000141523393454857,0.000138100169591038,0.000140678839657182
0.000240414687682211,0.000176411279082633,2.03963888523173e-05,0.000121690442637323,8.73849338010046e-05,2.16590619182833e-06,6.29849446549985e-05,0.00166176990296253,0.0451845733817846,1.01260204888552e-05,4.79056984334543e-06,0.000676143544150354,0.000145752858656256,0.000148628227121805,0.000145268271332877,0.000147835016986231
0.000237963892647963,0.000178151235341317,2.03536460503528e-05,0.000123383468980609,8.66094316740451e-05,2.20636161171739e-06,4.58032962709344e-05,0.00168311880651478,0.0459297391971473,1.03150432579261e-05,4.77770886925591e-06,0.000621559092519264,0.000151117820716862,0.000154107091270728,0.000150655951971945,0.00015333597815137
0.00023547936495949,0.000179875545478658,2.03101675475548e-05,0.000125063566166317,8.58204203060264e-05,2.24277811133877e-06,2.93043502605981e-05,0.0017019774630283,0.0466122036098334,1.05006829284027e-05,4.77360334271218e-06,0.000567368407638713,0.00015608104129361,0.000159125523498949,0.000155655653139686,0.000158390134236797
0.000232961367610196,0.000181583942186259,2.02659785581982e-05,0.000126730325168856,8.50181693659025e-05,2.27986395431867e-06,1.35368224870823e-05,0.00171837648520285,0.0472324816652298,1.06826274784552e-05,4.7862179178397e-06,0.000513680587160503,0.00016036242045292,0.000163436443571197,0.000159977676274292,0.000162743077507965
0.000230410168206241,0.000183276161805079,2.02211118240925e-05,0.000128383808613186,8.42027372617293e-05,2.30880636932496e-06,1.45657015355406e-06,0.00173235301445263,0.0477912427397197,1.08574031765611e-05,4.80105591966692e-06,0.000460629121065148,0.00016397969643045,0.000167202241075581,0.00016359790893139,0.000166526201517581
0.0002278260336539,0.000184951941683331,2.01757574269656e-05,0.000130023647614941,8.33742946794724e-05,2.33363564060285e-06,1.56415512751476e-05,0.00174396533930517,0.048289313359926,1.10244368861923e-05,4.8228639558303e-06,0.00040837743953559,0.000166834553921302,0.000170075304950057,0.000166489465189823,0.000169444872985869
0.000225209242566526,0.00018661102377926,2.01298963931063e-05,0.000131649375253118,8.25330155596049e-05,2.36138981418721e-06,2.89878063435103e-05,0.00175326010107137,0.0487277206363666,1.11841366072275e-05,4.86340304478756e-06,0.000357087478781271,0.000169014685179381,0.000172263401006734,0.000168705593006635,0.000171680743185187
0.000222560079759182,0.000188253151827245,2.00834652333004e-05,0.00013326072912595,8.16789363071724e-05,2.3925860927615e-06,4.14706876036226e-05,0.00176028675665644,0.0491076665753604,1.13353655497156e-05,4.9206640004712e-06,0.000306917077998348,0.000170464140400672,0.000173714159850902,0.000170184959716546,0.000173176931828278
0.00021987883400576,0.000189878069143556,2.0036435283366e-05,0.000134857663201982,8.08119520571138e-05,2.42066428765564e-06,5.30719579370278e-05,0.0017651052506539,0.0494304785778925,1.14752403934431e-05,4.98239447107446e-06,0.000257862596946934,0.000171907644706426,0.000175238657792121,0.000171632079072115,0.000174730319008165
0.000217165796399854,0.000191485517109957,1.99888718181995e-05,0.000136439734107041,7.99320715722529e-05,2.45045791635867e-06,6.37798507548571e-05,0.00176778771328682,0.0496975283939915,1.16033293291587e-05,5.05131799506155e-06,0.000210188177491188,0.000171801305712482,0.000175102993002496,0.000171549623788736,0.000174640557180417
0.000214421267605625,0.000193075237339801,1.994072629663e-05,0.000138006812356983,7.90391691591341e-05,2.47707464584579e-06,7.35891563021813e-05,0.00176840885973341,0.0499104734517185,1.17174893889122e-05,5.12128481614665e-06,0.000163824013051816,0.000172470145027415,0.000175863035868029,0.000172211896600771,0.00017542690595862
0.000211645549386574,0.000194646968286249,1.98920961402838e-05,0.00013955850008035,7.81332131197798e-05,2.50330028267465e-06,8.24990865289911e-05,0.00176704982924164,0.0500708339883254,1.18173341271783e-05,5.19274582850247e-06,0.000118977899029371,0.000171389409357348,0.000174763602570627,0.000171144094420428,0.000174369200580671
0.000208838954480761,0.000196200448939088,1.98429355680041e-05,0.000141094442778877,7.72141573336937e-05,2.53029504165836e-06,9.05157070397117e-05,0.00176379533040626,0.0501805020726384,1.19023180077472e-05,5.26697046190558e-06,7.57499220969127e-05,0.000170503975244207,0.000173907154029651,0.000170258753381392,0.000173546774629552
0.000206001799943456,0.00019773541627166,1.97932638381637e-05,0.00014261437751395,7.62819187413166e-05,2.55598149194458e-06,9.76489799856069e-05,0.00175873246034788,0.0502413129778355,1.19714615754535e-05,5.33951741491477e-06,3.41380210432396e-05,0.000169133234006691,0.00017255882415379,0.000168885395791518,0.000172231274408463
0.000203134408937489,0.000199251606037065,1.97431197777043e-05,0.00014411804194403,7.5336427687589e-05,2.57793238195303e-06,0.00010391301616588,0.00175195127614573,0.0502551285362017,1.20237901311021e-05,5.40674148126474e-06,5.91328940924285e-06,0.000167926413997321,0.00017140537948912,0.000167667945714878,0.00017110601927206
0.000200237109877266,0.000200748752876345,1.96925920927793e-05,0.000145605095151324,7.43776761368276e-05,2.59598614056611e-06,0.00010932490632928,0.00174354192875884,0.0502237336989422,1.20589516745134e-05,5.46788693338643e-06,4.43761925835728e-05,0.000166158322517984,0.0001696715525773,0.000165891815147812,0.000169402827753684
0.000197310237990189,0.00020222659162783,1.96417736268995e-05,0.000147075310625966,7.34056453753351e-05,2.6063994400527e-06,0.000113904879304914,0.00173359358545315,0.0501489211429056,1.20761385471052e-05,5.52047409229858e-06,8.14301045283239e-05,0.000165189516210251,0.000168793357762653,0.000164906328087744,0.000168550179995841
0.000194354133384644,0.000203684857344677,1.95908210109952e-05,0.000148528236267653,7.24204571594944e-05,2.61244053403886e-06,0.00011767425112732,0.00172219072466785,0.0500323071815041,1.20760867478215e-05,5.56796212076993e-06,0.000116907864255333,0.000162649112075197,0.000166264232609459,0.000162363523414366,0.000166056094475953
0.000191369148566434,0.000205123289367393,1.95397213453852e-05,0.000149963189889524,7.14223701187011e-05,2.62448603276233e-06,0.000120660876832003,0.00170942333948102,0.0498760016894753,1.20610745261562e-05,5.61981563918998e-06,0.000150268171890233,0.000158376305833485,0.000161921467888071,0.00015810054463461,0.000161755014691845
0.000188355647977145,0.000206541631566748,1.94883119619682e-05,0.000151379754456782,7.04115323517107e-05,2.64410984150698e-06,0.00012289875840476,0.00169538849167015,0.0496825794939705,1.2032050383179e-05,5.67539254796127e-06,0.000181405782319843,0.000154340123471819,0.000157842333225577,0.000154065449100571,0.000157708896024733
0.000185314000510362,0.000207939629006448,1.94365274372998e-05,0.000152777908473067,6.9387913934793e-05,2.65982990436953e-06,0.000124421096202793,0.00168018061350076,0.0494543370821831,1.19876119265785e-05,5.72212750412325e-06,0.000210941349219507,0.000152560024560655,0.000156142396706582,0.000152264532015112,0.000156025694693418
0.000182244577310087,0.000209317027314859,1.93844744007521e-05,0.000154157169771407,6.83517365788755e-05,2.67489935769361e-06,0.000125257717906823,0.00166388716044092,0.0491930387208226,1.19288617833274e-05,5.75874686045003e-06,0.000238665872429378,0.000148358016294203,0.0001519096681456,0.000148055278092585,0.000151816128809323
0.000179147760957621,0.000210673577955789,1.93321319894579e-05,0.000155517238997482,6.73031925363943e-05,2.68728680102859e-06,0.000125443847030451,0.00164660376060646,0.0489008634295798,1.1856053965207e-05,5.78520345552967e-06,0.000264734291392288,0.000145966845355061,0.000149577113113253,0.000145647794699055,0.000149500652505408
0.000176023937629166,0.000212009035654326,1.92795907381083e-05,0.000156857769219476,6.62425519948329e-05,2.69707959552057e-06,0.000125011695678076,0.00162841441278802,0.048579580188288,1.1770154328272e-05,5.80196137303472e-06,0.000289157450245714,0.000142329391121576,0.000145943662022252,0.000142003069423136,0.000145887963429847
0.000172873502132687,0.000213323161896595,1.92268786274319e-05,0.000158178436442225,6.51701266972671e-05,2.70424752769893e-06,0.000123995809329473,0.00160940423873053,0.0482311423165395,1.16722058406847e-05,5.81082663445552e-06,0.000311979538100915,0.000139390812018081,0.000143042289523887,0.000139056690193762,0.000143005768270976
0.000169696854997348,0.000214615724506539,1.9174042581227e-05,0.000159478842484073,6.40863117242763e-05,2.71179161501212e-06,0.000122429838914726,0.00158965253103957,0.0478573924241611,1.15639762182076e-05,5.81418405494645e-06,0.000333044151803796,0.000135146314438339,0.000138778387026806,0.00013481294864115,0.00013876338735086
0.000166494402060069,0.000215886498210582,1.91211520021994e-05,0.000160759201952188,6.29912235162178e-05,2.70303055724397e-06,0.00012034596790847,0.00156923214533594,0.0474600365366643,1.1443816551275e-05,5.80581595236232e-06,0.000353482387845605,0.000136666913487571,0.0001405307656136,0.000136312588194465,0.000140525744164899
0.000163266546033602,0.000217135261155965,1.90685638514765e-05,0.000162018856456392,6.18854838685956e-05,2.69098316130201e-06,0.00011776466184544,0.00154818615237499,0.0470396614931556,1.13152687684921e-05,5.79223990000016e-06,0.000372492928722101,0.000130563389538985,0.000134324051596968,0.000130225925311089,0.000134345737145658
0.000160013708499829,0.000218361807349909,1.90161770348141e-05,0.000163257482831469,6.07695739101022e-05,2.67825778862973e-06,0.000114722147780177,0.00152659224863155,0.0465984726770199,1.11801125421898e-05,5.77975073456048e-06,0.000390009654299694,0.000128860989700774,0.000132704533053252,0.000128528505581538,0.00013274698537058
0.000156736311337058,0.000219565937253696,1.89640402172842e-05,0.000164474611228593,5.9644064461295e-05,2.67278632658241e-06,0.000111247334045919,0.00150450800847246,0.0461380371826621,1.10414184381055e-05,5.77019331268747e-06,0.000405532384450735,0.000121879425044047,0.000125582824093806,0.000121570792694259,0.000125649045809584
0.000153434790866713,0.000220747465464743,1.89118706610536e-05,0.000165669828375847,5.85094904932415e-05,2.68087815999407e-06,0.000107380703758043,0.00148202238197901,0.0456611445100186,1.09017530510309e-05,5.76418637084422e-06,0.000418681140857635,0.000116331562657779,0.000119958375482399,0.000116038232731874,0.000120039665231109
0.000150109584152514,0.000221906212960477,1.88595121790591e-05,0.000166843307995046,5.73660450323699e-05,2.68913582407437e-06,0.00010315692481508,0.00145921317720427,0.0451700718264233,1.07601287152169e-05,5.75278712134503e-06,0.000430366235721347,0.0001137097552667,0.000117385359322486,0.000113417421352069,0.000117471338576425
0.000146761124640848,0.000223042004538154,1.8807075140348e-05,0.000167995150998301,5.62139723404576e-05,2.68740755678121e-06,9.85994927529025e-05,0.00143613432809751,0.0446660491779652,1.06156755921702e-05,5.72981993919933e-06,0.000441301812523665,0.000112503815021703,0.000116284336867056,0.000112208459285945,0.000116372107715423
0.000143389846892994,0.000224154672086474,1.87547506445007e-05,0.000169125069642395,5.50537856059408e-05,2.68049870805198e-06,9.37277511138971e-05,0.00141283003208909,0.0441499384801033,1.04698675699349e-05,5.69784030724288e-06,0.000451225445631309,0.000109171809785424,0.000112962697180086,0.000108884988599622,0.000113057053732879
0.000139996192371816,0.000225244058861818,1.87025776750005e-05,0.000170232852063079,5.38859922781243e-05,2.67211793811284e-06,8.85657073732352e-05,0.00138935335708553,0.0436231064309244,1.03241672686703e-05,5.66231575707676e-06,0.000459969295490581,0.000106247003315518,0.000110059135672969,0.000105974715685409,0.000110164170418425
0.000136580605885728,0.000226310017948927,1.86505397739012e-05,0.000171318197610626,5.27111716244755e-05,2.67030266289103e-06,8.31379114824885e-05,0.00136575544698326,0.043087052569343,1.01809740956117e-05,5.62751287224925e-06,0.000467040700844412,0.000100784241990448,0.000104510291264015,0.000100535731517803,0.000104627085664277
0.000133143536738878,0.000227352413034065,1.85985059775184e-05,0.000172381246835052,5.15296218683292e-05,2.66809208308849e-06,7.74719782683534e-05,0.00134209490103994,0.0425436626436852,1.00401195931512e-05,5.5933485655045e-06,0.000472974854542896,9.89987136795767e-05,0.000102786979601976,9.87667903752376e-05,0.000102913740431254
0.00012968542856151,0.000228371111828274,1.85465816633368e-05,0.000173422116794386,5.03416414301405e-05,2.65988771305792e-06,7.15846155040186e-05,0.00131840215820612,0.0419938378842213,9.90141209373957e-06,5.55768168670687e-06,0.0004781945262467,9.68429897777456e-05,0.000100674433905823,9.66284282321039e-05,0.000100809512762146
0.000126206725004963,0.000229365989429575,1.84948928061424e-05,0.000174440865002623,4.91475593117907e-05,2.64288335864726e-06,6.54904411233608e-05,0.00129470351916978,0.041438339180289,9.76485937077496e-06,5.52106138126951e-06,0.000482961971589313,9.60836366681317e-05,0.000100007930733392,9.58872623579854e-05,0.00010015359081661
0.000122707869640637,0.000230336928208508,1.84435740941957e-05,0.000175437219018471,4.79479202112887e-05,2.62719269447653e-06,5.92022768133755e-05,0.00127101968742064,0.0408778108424476,9.63252410627311e-06,5.48610718002426e-06,0.000486645802426744,9.1493837000467e-05,9.53477691774118e-05,9.1325018834798e-05,9.55041907094722e-05
0.000119189311565737,0.000231283821353845,1.83925486729741e-05,0.00017641128178425,4.67430020917314e-05,2.60964166209909e-06,5.27400536972899e-05,0.00124738992722511,0.0403136529366187,9.5043460741886e-06,5.45531146007444e-06,0.000489543191435626,9.04926684651697e-05,9.44166237368815e-05,9.03489695835979e-05,9.45873809364839e-05
0.000115651495651736,0.000232206565902171,1.83418800472346e-05,0.000177362928658109,4.55332128010966e-05,2.59589377506197e-06,4.61167446684519e-05,0.00122383336744577,0.0397466402109112,9.38155392297591e-06,5.42818425035979e-06,0.000491299764454722,8.56133458150277e-05,8.94452338792151e-05,8.54982513984748e-05,8.96254170927868e-05
0.000112094872757984,0.000233105069186501,1.82913838395748e-05,0.000178292036485561,4.43189332540728e-05,2.59194845851629e-06,3.93544058303556e-05,0.00120039703022174,0.0391784826206793,9.26524636801097e-06,5.40403665652209e-06,0.000491549877665365,8.14530887865983e-05,8.52183018117403e-05,8.13638181339504e-05,8.54065539765969e-05
0.00010851989228855,0.000233979243159044,1.82408992457361e-05,0.000179198745130948,4.31003330311208e-05,2.59427308314797e-06,3.24735650560114e-05,0.00117712469505529,0.0386107514389152,9.15477622695546e-06,5.38072101169754e-06,0.000490564711714769,7.79928306892108e-05,8.17175400152914e-05,7.7924778143057e-05,8.19113820058615e-05
0.000104926999653143,0.000234829002036419,1.81903788010196e-05,0.00018008337736064,4.18774239135389e-05,2.59261177652792e-06,2.5490058369917e-05,0.00115404777079657,0.0380445382230289,9.04821291461029e-06,5.35679465866329e-06,0.000489086249019999,7.72699477483707e-05,8.10611074533174e-05,7.72190841986653e-05,8.12629278014176e-05
0.000101316634429027,0.000235654260572482,1.81399520342573e-05,0.000180946033248919,4.06503676447234e-05,2.58576706312075e-06,1.84125250841285e-05,0.00113117633240168,0.0374801899354052,8.94485955437712e-06,5.33162433762752e-06,0.000487237678636343,7.55698617748157e-05,7.93806129218977e-05,7.55367490906655e-05,7.95902379562285e-05
9.7689235658005e-05,0.000236454937770247,1.80897105837019e-05,0.000181786824768548,3.94193093766759e-05,2.57251303989459e-06,1.12507586099546e-05,0.00110852227820074,0.0369181427861162,8.8440940004588e-06,5.30743268540787e-06,0.000485170369160848,7.50409377830996e-05,7.89105408661728e-05,7.5028412486744e-05,7.91337561658612e-05
9.4045239791174e-05,0.000237230955174139,1.80397813234201e-05,0.000182605770796429,3.81844543478338e-05,2.55557686842933e-06,4.01250358731029e-06,0.00108608792887077,0.0363586184418086,8.74597338016115e-06,5.2864249601263e-06,0.000482755100321308,7.32470326456625e-05,7.71160772862212e-05,7.32579718801807e-05,7.73539763864184e-05
9.03850833303688e-05,0.000237982238551315,1.79902203134574e-05,0.000183402979980429,3.6945914257791e-05,2.53392591909041e-06,3.29243036975648e-06,0.00106387926904901,0.0358020503029797,8.65008868063925e-06,5.27125266178499e-06,0.000480125871198667,7.26976123283096e-05,7.6609578592568e-05,7.27342227320182e-05,7.68671860461589e-05
8.67092001836101e-05,0.000238708715262215,1.79411255096795e-05,0.000184178468042195,3.57038426848644e-05,2.50983151260653e-06,1.06565792136416e-05,0.00104189296584036,0.0352486413878443,8.55645701660458e-06,5.26248760849765e-06,0.000477173047836621,7.09252389733406e-05,7.4823548518177e-05,7.09872130533196e-05,7.50990899319737e-05
8.30180244733025e-05,0.000239410315784339,1.78925348088832e-05,0.000184932334649113,3.44582863171516e-05,2.481379791891e-06,1.80707048296565e-05,0.0010201307102057,0.0346987768625921,8.46445688329518e-06,5.26109845312359e-06,0.000474081295981088,7.06153837913837e-05,7.4553175243075e-05,7.07029655462321e-05,7.48504632760438e-05
7.93119885466043e-05,0.000240086971339815,1.78445228273816e-05,0.000185664486490267,3.3209415556068e-05,2.45394927149423e-06,2.55274325515363e-05,0.00099858787083371,0.0341526431998364,8.37436973661706e-06,5.26507578634677e-06,0.000470515800304161,6.80056721211741e-05,7.18828809265215e-05,6.81151576346073e-05,7.21953997403491e-05
7.5591527312624e-05,0.00024073861681162,1.77970342631895e-05,0.000186374961783087,3.19572575753768e-05,2.4267184197263e-06,3.30146675148279e-05,0.000977275852469196,0.0336108964648555,8.28559118847971e-06,5.27410922217253e-06,0.000466576947759367,6.70841881712514e-05,7.09645203801346e-05,6.72150054985554e-05,7.12961177123939e-05
7.18570730543489e-05,0.000241365185736031,1.77501159264182e-05,0.000187063849058755,3.07017656425712e-05,2.396001566915e-06,4.05242980114031e-05,0.000956192382826492,0.033073747179836,8.19699224119929e-06,5.28813496114902e-06,0.000462546792464269,6.64011312682122e-05,7.02893454175291e-05,6.65507132767695e-05,7.06394947719291e-05
6.81090567975495e-05,0.000241966610827093,1.77038759381354e-05,0.000187731264829627,2.94428344778663e-05,2.35589066568953e-06,4.8050477894911e-05,0.000935327336147399,0.0325411271946002,8.10716927045361e-06,5.30837584229032e-06,0.000458872774470875,6.75675330318315e-05,7.15326857455567e-05,6.77368009930346e-05,7.19068446409787e-05
6.4347908474427e-05,0.000242542823515657,1.76584965565496e-05,0.000188377043787602,2.81805851598538e-05,2.31185510640719e-06,5.55902370101271e-05,0.000914660126126053,0.0320126277084346,8.01625415019318e-06,5.33233713605891e-06,0.000455215384402852,6.61075072130313e-05,7.00348419786501e-05,6.62913146248778e-05,7.04246996133806e-05
6.05740621160145e-05,0.000243093758159563,1.76140240291112e-05,0.00018900118858467,2.69149635145904e-05,2.26107390968733e-06,6.31357853055743e-05,0.000894186815306624,0.0314883263304358,7.92345703902324e-06,5.36198381259276e-06,0.00045182499055757,6.73739111560767e-05,7.13681039925529e-05,6.75771284376347e-05,7.17840119596191e-05
5.67879507812341e-05,0.0002436193469878,1.75706104950102e-05,0.00018960351260211,2.56460730603814e-05,2.20838387038347e-06,7.06835134718972e-05,0.000873887073107501,0.03096782969357,7.82891226073538e-06,5.39511776636789e-06,0.000448395098400778,6.54669871249514e-05,6.93927031912844e-05,6.56818545635707e-05,6.98228100636245e-05
5.2990014712484e-05,0.000244119527459286,1.75281608396638e-05,0.000190183668265731,2.43741657826591e-05,2.16556088174225e-06,7.82209340648029e-05,0.000853774148614441,0.0304516925307452,7.73374543396388e-06,5.42544331991537e-06,0.000444139620541351,6.20682757466184e-05,6.58606219935409e-05,6.22890078906257e-05,6.62980805216096e-05
4.91806979909803e-05,0.000244594239205531,1.74864844928457e-05,0.000190741673564587,2.30991517441992e-05,2.12779152639064e-06,8.57320998276463e-05,0.000833874825041566,0.0299408254073885,7.63683831071544e-06,5.4540242241316e-06,0.000439402621310481,6.0972427306627e-05,6.47244961623494e-05,6.12006802932497e-05,6.5176392969768e-05
4.53604426366994e-05,0.000245043418456548,1.74455665669093e-05,0.000191277598869388,2.18208946495824e-05,2.0876904081174e-06,9.32069073068594e-05,0.000814193281867025,0.0294354409934006,7.53662402300496e-06,5.48222812866983e-06,0.000434689519634268,6.07751361938469e-05,6.45219453510038e-05,6.10087468295717e-05,6.49891807736891e-05
4.15296920396324e-05,0.000245467001626087,1.74054097090703e-05,0.000191791174861788,2.05396194923879e-05,2.05407168554772e-06,0.000100635386355661,0.00079473444315789,0.0289356863187508,7.43362429790473e-06,5.50227379288865e-06,0.000429385403865168,5.74842365618222e-05,6.10970893230034e-05,5.77108505398494e-05,6.15639453254158e-05
3.76888947638543e-05,0.000245864929830031,1.73658415358879e-05,0.000192282362134755,1.92553589203892e-05,2.02567939963649e-06,0.000108001182618534,0.000775530234530592,0.0284423988288811,7.32731829632132e-06,5.51405450838205e-06,0.000423593445918302,5.63448830085411e-05,5.99094885067597e-05,5.65697429806278e-05,6.03856468672781e-05
3.38384971856343e-05,0.000246237142196071,1.73268490617495e-05,0.000192751288699555,1.79680124248738e-05,1.99395036228067e-06,0.000115293321964866,0.000756589362617106,0.0279557709888749,7.21630176429026e-06,5.52277083222183e-06,0.000417910134332289,5.65577626246982e-05,6.01274993998757e-05,5.67842250758233e-05,6.06190132255158e-05
2.99789447788523e-05,0.000246583577908188,1.7288506145352e-05,0.000193197876349638,1.66777313732602e-05,1.96081213275912e-06,0.000122503731265068,0.000737908129103235,0.0274756464626125,7.10067898138073e-06,5.52663046663252e-06,0.000412204430134788,5.55366381529421e-05,5.90587175310908e-05,5.57600602212327e-05,5.95590691033765e-05
2.61106849995807e-05,0.000246904179978635,1.72508230709134e-05,0.000193622103813684,1.5384639405952e-05,1.92575212765167e-06,0.000129622501523889,0.000719491927477,0.0270021087203675,6.98051864024058e-06,5.52658690122776e-06,0.000406535831248167,5.54422103518082e-05,5.89506280540553e-05,5.56671879968773e-05,5.94652767823556e-05
2.22341648876689e-05,0.000247198893300493,1.72138587837267e-05,0.000194023967499568,1.40888732539091e-05,1.88773965463518e-06,0.000136641941168571,0.000701337026843496,0.0265350215535879,6.85590333766269e-06,5.5245089620598e-06,0.000400992116665388,5.52123738037924e-05,5.86990234353602e-05,5.54397497237735e-05,5.92277630936389e-05
1.83498314479946e-05,0.000247467665573042,1.71776989836836e-05,0.000194403530818232,1.27905081437618e-05,1.84206366722617e-06,0.000143555922085461,0.00068343378879843,0.0260741191919695,6.72666934145293e-06,5.52511721025467e-06,0.000395932731873272,5.66065023644979e-05,6.01325669719044e-05,5.68443570078125e-05,6.06845095177944e-05
1.44581313846759e-05,0.000247710447214056,1.71424769233042e-05,0.000194760633441149,1.14898926694418e-05,1.79550512222071e-06,0.000150360750416317,0.000665763597388175,0.0256189174064942,6.59406490772391e-06,5.52351695082276e-06,0.000390887538204598,5.50908317364929e-05,5.85376852237918e-05,5.53277889067116e-05,5.90957243660206e-05
1.0559515359887e-05,0.000247927196705633,1.71081491688874e-05,0.000195095207155993,1.0187286679092e-05,1.75008736848226e-06,0.000157047960691843,0.000648334652250471,0.0251696334092001,6.45893364157755e-06,5.51870313601419e-06,0.000385737772840622,5.46736472549769e-05,5.80825140441554e-05,5.49159307213776e-05,5.86531304530569e-05
6.65443370206908e-06,0.000248117875956022,1.70747182770548e-05,0.000195407253352764,8.88289281206212e-06,1.70457035020277e-06,0.000163611454707722,0.00063114646549857,0.0247262785167553,6.32153138051129e-06,5.51227263065682e-06,0.000380573544702778,5.40297055251493e-05,5.73911395381765e-05,5.42765765114694e-05,5.79721065281369e-05
2.74333716532293e-06,0.000248282451670967,1.70421841971802e-05,0.000195696761517872,7.57694623840233e-06,1.65859960420123e-06,0.000170045719881257,0.000614198993432741,0.0242888748806798,6.18229882171169e-06,5.50414339286001e-06,0.000375422901686795,5.36525698401347e-05,5.69760179018886e-05,5.39050893031412e-05,5.75674871008403e-05
1.17332417659544e-06,0.00024842089423216,1.70106039036888e-05,0.000195963832281931,6.26954514335032e-06,1.6053787838255e-06,0.00017634777348648,0.00059748286860949,0.0238571982223028,6.04093311457851e-06,5.50071015758061e-06,0.000370797888064212,5.53126705444829e-05,5.8674474026299e-05,5.55813347542511e-05,5.92882486823987e-05
5.09510151436299e-06,0.000248533176862575,1.69801342582154e-05,0.000196208388668961,4.96101160626927e-06,1.54767959684166e-06,0.000182518547558502,0.000580971721540253,0.023430588274248,5.8983044457903e-06,5.4989054220772e-06,0.000366504305855608,5.50199198610102e-05,5.83422306925652e-05,5.5294560789787e-05,5.89634595185018e-05
9.02154333104477e-06,0.000248619280746043,1.69508125078544e-05,0.000196430344779119,3.65167846982928e-06,1.48852392706234e-06,0.000188556328814016,0.000564659538036262,0.0230088694183975,5.75550440193169e-06,5.49571108038327e-06,0.00036234663646334,5.50032551549506e-05,5.82935166558718e-05,5.52865526519675e-05,5.89234469564603e-05
1.29521983723846e-05,0.00024867919102356,1.69227341824119e-05,0.00019662983045321,2.34157271555846e-06,1.41759857394397e-06,0.000194462210689755,0.000548528291511502,0.0225915819363598,5.61188066148864e-06,5.50371381604145e-06,0.00035913436211632,5.85154567138702e-05,6.19022699439586e-05,5.88289164740186e-05,6.25654279031718e-05
1.68866167726822e-05,0.000248712894653669,1.68961435682569e-05,0.000196806658046889,1.0311310121025e-06,1.34251846176103e-06,0.00020024262436787,0.000532531803145972,0.0221775934611039,5.46889562818322e-06,5.5142795202974e-06,0.000356300395320752,5.71625013877641e-05,6.04612029546647e-05,5.74773322001843e-05,6.11199592013278e-05
2.08243422394894e-05,0.000248720391056612,1.68709704762016e-05,0.000196960580607586,2.79122994356618e-07,1.27473625995134e-06,0.000205895797673508,0.000516681373968291,0.0217671205814827,5.32870121255815e-06,5.51349371277071e-06,0.00035299829965818,5.51129471062506e-05,5.82958209283113e-05,5.54256176343859e-05,5.89445038839953e-05
2.47649168926278e-05,0.000248701685723329,1.68471052330865e-05,0.000197091679438266,1.5891022173975e-06,1.20696602710912e-06,0.00021141961947712,0.000500994463604159,0.0213605320785878,5.19060363093576e-06,5.51152369501762e-06,0.000349799938516582,5.59805293147697e-05,5.91536919183344e-05,5.631024688868e-05,5.98153005396673e-05
2.87078858172141e-05,0.000248656783906287,1.68246657721305e-05,0.000197200115360507,2.89885460511008e-06,1.12653108608196e-06,0.000216818629091595,0.000485444163036692,0.0209571789725006,5.05312590912534e-06,5.52506960090071e-06,0.000347707002491815,6.00136179078614e-05,6.32872462837941e-05,6.03801040420793e-05,6.39847441208374e-05
3.26527948462108e-05,0.000248585693026881,1.68038841881213e-05,0.000197285641044709,4.20784994750734e-06,1.045900022284e-06,0.000222100897496268,0.000469982192069511,0.0205558849211795,4.91809562767274e-06,5.53523252929886e-06,0.000345726190848883,5.68322260060539e-05,5.99481469016894e-05,5.71841803913564e-05,6.06192614458489e-05
3.65991826146717e-05,0.000248488434793748,1.67845842020675e-05,0.000197348063962433,5.51561802952794e-06,9.75219010795891e-07,0.000227263767278267,0.000454643782564331,0.0201573290788979,4.78728591963465e-06,5.52687067617227e-06,0.000343075089047407,5.50048016677573e-05,5.80086262410573e-05,5.53523037881698e-05,5.86651500964486e-05
4.05465880476963e-05,0.000248365034626441,1.67666275019407e-05,0.000197387488540368,6.82207175720095e-06,9.0845294276054e-07,0.000232305910731142,0.00043945521019483,0.0197620023863057,4.65958234763601e-06,5.51055304960288e-06,0.000340225616482337,5.43937312565967e-05,5.73293625321103e-05,5.47467495154441e-05,5.7983998825395e-05
4.44945517902307e-05,0.00024821552102039,1.67499388599168e-05,0.000197403941007201,8.12692043619667e-06,8.48265888558908e-07,0.000237227124122872,0.000424429769954595,0.0193701425284426,4.53495645719353e-06,5.4817260285514e-06,0.000336902515106596,5.17748106919624e-05,5.45778879140757e-05,5.21174207185338e-05,5.52130461166644e-05
4.84426148233408e-05,0.000248039929467869,1.67343396433317e-05,0.000197397497501584,9.42986692162306e-06,7.97610690037032e-07,0.000242023910379714,0.000409605785847707,0.0189825411606353,4.4135801143284e-06,5.43437754274567e-06,0.000332812150846351,4.9197398394929e-05,5.18728718692518e-05,4.95293944843267e-05,5.24894688216371e-05
5.23903215045585e-05,0.000247838299302083,1.67196809113257e-05,0.000197368417434007,1.07308277377538e-05,7.5044687619652e-07,0.000246693130874847,0.000395016907066626,0.0185998936318293,4.29439437384934e-06,5.37857881948225e-06,0.000328435803100935,4.87268493769566e-05,5.1346092911464e-05,4.90652133732228e-05,5.19645794238022e-05
5.63372217973757e-05,0.000247610671527454,1.67059341578124e-05,0.000197316944421599,1.20296208956927e-05,7.04877698418094e-07,0.000251234372845428,0.000380670616681157,0.0182223457635866,4.17695222125626e-06,5.31745184392113e-06,0.000323889840643243,4.76140054733731e-05,5.01591593036199e-05,4.79537574463729e-05,5.07738868866792e-05
6.02828703047398e-05,0.000247357091595624,1.66930740035376e-05,0.000197243346132692,1.33260773982902e-05,6.58607806861e-07,0.000255647185768866,0.000366574976326864,0.0178500661235753,4.06118444819259e-06,5.2550579409151e-06,0.000319369191023211,4.77793992408326e-05,5.02901992148752e-05,4.81319899352517e-05,5.09134897385133e-05
6.42268274986257e-05,0.000247077607427482,1.66811564583647e-05,0.000197147914808182,1.46200776612593e-05,6.07560566287524e-07,0.000259933554940436,0.000352717840992083,0.0174828029601546,3.94683910755605e-06,5.2002606337892e-06,0.000315253644728009,4.8911284278863e-05,5.14153661702599e-05,4.92863625828344e-05,5.20568512807351e-05
6.8168659087986e-05,0.000246772270046436,1.6670285410747e-05,0.000197030867075232,1.59114056611509e-05,5.52086339131175e-07,0.000264097196218474,0.000339073611307339,0.0171200372741774,3.83439720142725e-06,5.15340886798193e-06,0.000311525269695467,4.94316764185765e-05,5.19083146404142e-05,4.982529932962e-05,5.25618217056545e-05
7.21079348086073e-05,0.000246441134627573,1.66605589702051e-05,0.000196892427010265,1.71999496724751e-05,4.88853097460606e-07,0.000268142438625344,0.000325615827057058,0.0167612434062625,3.72401261415373e-06,5.12308995070238e-06,0.000308565588812593,5.21933698101051e-05,5.47014138685409e-05,5.26265738857168e-05,5.53887889032101e-05
7.60442288102459e-05,0.000246084257297219,1.66521865754277e-05,0.000196732776415187,1.84856705811587e-05,4.12408381875173e-07,0.000272077287020625,0.000312284017685845,0.0164051922753774,3.61542270132432e-06,5.12359494126563e-06,0.000306999045432965,5.68415926999188e-05,5.94248161407407e-05,5.73317347332125e-05,6.01634343198043e-05
7.99771167297458e-05,0.000245701697410006,1.6645376324842e-05,0.000196551802710054,1.97680830278657e-05,3.36522153254748e-07,0.00027591057597977,0.000299014866761367,0.0160505835600341,3.5108576070662e-06,5.12307757482774e-06,0.0003054412787733,5.28690711892876e-05,5.52901502021141e-05,5.3336004694704e-05,5.59893048676097e-05
8.39061704235311e-05,0.000245293527199597,1.66399248118232e-05,0.000196349411040964,2.1046721689344e-05,2.74735201491461e-07,0.000279641665294692,0.000285863857765606,0.0156985430545583,3.41225965269383e-06,5.08908053997378e-06,0.00030248047124265,4.84725058136348e-05,5.07218580722002e-05,4.89146645705762e-05,5.13817346637913e-05
8.7830963171609e-05,0.000244859822888022,1.66355723156819e-05,0.000196125795528745,2.23215462904075e-05,2.23464213508495e-07,0.000283267946638615,0.000272902185636878,0.0153505807522715,3.31781811537652e-06,5.0334608547864e-06,0.00029841586252527,4.56195824415362e-05,4.77434832882873e-05,4.60552846538453e-05,4.83884853643701e-05
9.17510734788074e-05,0.000244400660313948,1.66321774632827e-05,0.000195881265465214,2.35926186911012e-05,1.75156463111392e-07,0.000286787831507755,0.000260165101864548,0.0150075794859959,3.22530295031242e-06,4.97660478085069e-06,0.000293994764630101,4.51811264265967e-05,4.72438764150818e-05,4.56330752299783e-05,4.79018630502592e-05
9.56660860578773e-05,0.000243916114408993,1.66297341128718e-05,0.000195616106398289,2.48599260690707e-05,1.25536691084061e-07,0.000290201685949367,0.000247647947428098,0.0146696370611977,3.13353467963514e-06,4.92795450438704e-06,0.000289645429514207,4.53528222591482e-05,4.73707740806795e-05,4.58235941610541e-05,4.80457126024181e-05
9.9575590755796e-05,0.000243406261072998,1.66282900710968e-05,0.000195330554759843,2.61234171731323e-05,7.21620456028971e-08,0.000293510759099267,0.000235332083199284,0.0143365271273162,3.04222192418899e-06,4.89216517046698e-06,0.000285663834006633,4.65332326923251e-05,4.85274428956295e-05,4.70301212813773e-05,4.92269906672282e-05
0.000103479181562116,0.000242871177545956,1.66279264837144e-05,0.000195024777096875,2.73829797047126e-05,1.53286312948309e-08,0.000296717346447657,0.000223188810031938,0.0140077732029611,2.95160825751655e-06,4.86720559374557e-06,0.000282029338757095,4.70967294837754e-05,4.90514681125154e-05,4.76121027667142e-05,4.9766526550199e-05
0.000107376455164176,0.000242310943860069,1.66286939227156e-05,0.000194698888142275,2.86384702404413e-05,4.31556077956641e-08,0.000299823455117958,0.000211200945879341,0.0136830996407047,2.86223800596394e-06,4.84707464824125e-06,0.000278528203541739,4.71156399665107e-05,4.90175582344987e-05,4.76440831003178e-05,4.9741606034992e-05
0.000111267010476285,0.000241725642304624,1.66306289326457e-05,0.000194353003192593,2.98898305003958e-05,1.04651768792485e-07,0.000302831186679765,0.000199354770400699,0.0133622982661694,2.77408628163566e-06,4.83839182674126e-06,0.000275401333618197,4.84817861624576e-05,5.03540043987893e-05,4.90384461059312e-05,5.11029490403159e-05
0.000115150448369433,0.000241115356237942,1.66337962208551e-05,0.000193987182648958,3.11369564892777e-05,1.6839354412268e-07,0.000305743524996095,0.000187621884087563,0.0130448883568861,2.68721115130595e-06,4.83933905681341e-06,0.00027255160569345,4.86772437779948e-05,5.04959992723153e-05,4.9249050880773e-05,5.12556897696026e-05
0.000119026370349357,0.000240480171629809,1.66382210062821e-05,0.000193601446146441,3.23797329799813e-05,2.32883862805178e-07,0.000308562642030767,0.000175990502120624,0.0127307072840203,2.60186071504476e-06,4.84381648128279e-06,0.000269774663708311,4.86837002899865e-05,5.04436118157203e-05,4.92676411240067e-05,5.12111696581163e-05
0.000122894378284721,0.000239820176174632,1.66439194440038e-05,0.00019319580993693,3.3618099162136e-05,2.98581326524383e-07,0.000311290514031371,0.000164451978494594,0.0124196422584875,2.51772499499192e-06,4.85450738436921e-06,0.000267175959530463,4.92504964447749e-05,5.09585263392953e-05,4.98519540689246e-05,5.17404892711459e-05
0.000126754074218471,0.000239135458426021,1.66509291061878e-05,0.000192770270867726,3.48520293051297e-05,3.67143463506081e-07,0.000313929410064656,0.000152984598949836,0.01211132561753,2.43429391442474e-06,4.88036384268045e-06,0.000265108029100014,5.10904108159682e-05,5.27620783908889e-05,5.17216515893981e-05,5.35719195915441e-05
0.00013060505958315,0.000238426107542544,1.66593150554561e-05,0.000192324761567275,3.60814677648896e-05,4.38827035778577e-07,0.000316482120640564,0.000141548745762928,0.0118050241018227,2.35135268988853e-06,4.92312899227215e-06,0.000263696427377502,5.27968144132807e-05,5.44254788663601e-05,5.34527236404347e-05,5.52579211954285e-05
0.000134446933658078,0.000237692214590024,1.66691140544017e-05,0.000191859137623762,3.7306264950368e-05,5.09995333936031e-07,0.00031895076129073,0.000130120993966105,0.0115002593354842,2.26928305601495e-06,4.96011106936034e-06,0.00026220716869757,5.12722641121677e-05,5.28144642399919e-05,5.191202143906e-05,5.36274411028215e-05
0.000138279292866195,0.000236933873530298,1.66802936822918e-05,0.000191373284680663,3.85263462480551e-05,5.79987410778693e-07,0.000321335674864039,0.000118723630333212,0.0111973673409106,2.18785383833715e-06,4.98755836112613e-06,0.000260551723313074,5.12753086753248e-05,5.27471285528547e-05,5.19165380872266e-05,5.35609631200362e-05
0.00014210173192411,0.000236151178961252,1.66928431872826e-05,0.000190867130953842,3.97416716154189e-05,6.49617418080339e-07,0.000323637046413511,0.000107361430531931,0.0108963676998356,2.10602128180543e-06,5.01217651998134e-06,0.000258904424465967,5.11520900137175e-05,5.25517395636443e-05,5.1792972619813e-05,5.33665984939757e-05
0.000145913844181944,0.000235344226708567,1.67067528038523e-05,0.000190340613597573,4.09521683245526e-05,7.18586536094246e-07,0.000325854169702346,9.60397347957445e-05,0.010597308586925,2.02326063669776e-06,5.03018859485463e-06,0.000257140480179052,5.06176348132881e-05,5.19413618376152e-05,5.12512623452865e-05,5.27515844733761e-05
0.000149715221963068,0.000234513114035995,1.67220101254806e-05,0.000189793695526519,4.2157772252166e-05,7.8721549266747e-07,0.000327985673033843,8.47688817302335e-05,0.0103003177279625,1.93907327425933e-06,5.0433033188628e-06,0.000255345703105925,5.07163370816466e-05,5.19690237664738e-05,5.13487550248826e-05,5.27821443008225e-05
0.000153505457085548,0.000233657939252452,1.67386217961862e-05,0.000189226357355743,4.33584489704132e-05,8.57324986849872e-07,0.000330030225391389,7.35368420050562e-05,0.0100050971139308,1.85289420588662e-06,5.07456103937889e-06,0.000254349269636911,5.43008777805776e-05,5.55024202683052e-05,5.49722944949149e-05,5.63598394015541e-05
0.00015728414048409,0.00023277880175665,1.67566179891665e-05,0.000188638514307171,4.45540775127727e-05,9.27615432647078e-07,0.000331986941564198,6.229847492619e-05,0.00971071284644659,1.76478359914364e-06,5.10426055080893e-06,0.00025352672660689,5.28245665449845e-05,5.39453740691087e-05,5.34682184114565e-05,5.47783736943863e-05
0.000161050861109006,0.000231875803930137,1.67759839397874e-05,0.000188030082220569,4.57445398950179e-05,9.97245596004448e-07,0.00033385392001233,5.10755309514025e-05,0.00941739337147064,1.67523224424913e-06,5.1226647629736e-06,0.000252668139573087,5.3575365093872e-05,5.46232582272488e-05,5.42180273872539e-05,5.54595824512338e-05
0.000164805206786793,0.000230949049984774,1.67967124218293e-05,0.000187401021182532,4.69297395227167e-05,1.06656321066656e-06,0.000335629448751339,3.98653813294079e-05,0.00912491118092415,1.58359537213665e-06,5.14087460095486e-06,0.000252079317714704,5.43261140181217e-05,5.5299507268014e-05,5.49685674716693e-05,5.61408534308638e-05
0.000168546764597727,0.00022999864637363,1.68187945370768e-05,0.000186751297539978,4.81095535468847e-05,1.13523938435889e-06,0.000337311280747969,2.86685436978597e-05,0.00883312284237585,1.48976654758297e-06,5.14566230084765e-06,0.000251307206381168,5.3065438162081e-05,5.39608104545009e-05,5.36813640815703e-05,5.47809474361616e-05
0.000172275121342349,0.000229024702073088,1.68422159902981e-05,0.000186080927611076,4.92838575417592e-05,1.20327168168233e-06,0.000338896748517522,1.75168797868722e-05,0.00854245029991424,1.39359907974663e-06,5.13071118225447e-06,0.00025013807347446,5.20894942270811e-05,5.29083784451823e-05,5.26834798434406e-05,5.37130920924556e-05
0.000175989864918701,0.000228027328553981,1.68669662174992e-05,0.000185390002364727,5.04525225158573e-05,1.27088599745362e-06,0.00034038285214035,6.43698834235676e-06,0.00825324693647154,1.29458481410945e-06,5.10454823423809e-06,0.00024878345109336,5.18908633562187e-05,5.26343581264133e-05,5.24745652390468e-05,5.34364297423151e-05
0.000179690585554962,0.000227006640052263,1.6893036263621e-05,0.000184678656519166,5.16153975876855e-05,1.33789109660332e-06,0.000341766261782435,4.56721998722046e-06,0.00796549569053464,1.19255407345668e-06,5.08306767140268e-06,0.000247736764078965,5.34927033273291e-05,5.41576282980794e-05,5.40890104909764e-05,5.49797680950981e-05
0.000183376876149825,0.000225962753958919,1.69204125390898e-05,0.000183947013788099,5.27723250684092e-05,1.40428406776583e-06,0.000343043652883521,1.5517380518778e-05,0.00767872408617652,1.08772029967842e-06,5.06593141198428e-06,0.000247005997442151,5.41101453584991e-05,5.4699291177629e-05,5.47043430181304e-05,5.55254869067934e-05
0.000187048331871373,0.000224895790774449,1.69490874082356e-05,0.00018319518452603,5.39231517855329e-05,1.47064898127491e-06,0.000344212205211779,2.64143109281738e-05,0.00739280336670677,9.80610935760315e-07,5.03767263502694e-06,0.000246140607334633,5.33455171146668e-05,5.38656592539155e-05,5.39189172764631e-05,5.46761936420781e-05
0.000190704550414686,0.000223805874159488,1.69790642066125e-05,0.000182423319308733,5.50677077839207e-05,1.53721066643853e-06,0.000345269723596672,3.72352601758063e-05,0.00710801202556443,8.71470959657263e-07,4.99582122385697e-06,0.000245040129690011,5.29416884376133e-05,5.33922220649075e-05,5.35014516391819e-05,5.41941295818527e-05
0.000194345133051013,0.000222693131373131,1.70103453811521e-05,0.000181631622130474,5.62058070672986e-05,1.60379850067116e-06,0.000346214106277971,4.79645300717083e-05,0.00682454063507221,7.60310869199791e-07,4.94731168934615e-06,0.000243845407884802,5.2967265329551e-05,5.33467838848001e-05,5.35217777740682e-05,5.41481880292904e-05
0.00019796968546601,0.000221557693491636,1.7042928366795e-05,0.000180820326123876,5.73372524964866e-05,1.67003572337787e-06,0.000347043266066759,5.85987242210609e-05,0.00654240569533716,6.47374660045762e-07,4.89896819915597e-06,0.000242729301052624,5.35453375059003e-05,5.3850698786384e-05,5.41030012966015e-05,5.46590177109563e-05
0.000201577818087356,0.000220399695745943,1.70767970515406e-05,0.000179989667959846,5.84618203614551e-05,1.73472257597451e-06,0.000347755243372211,6.91506229895838e-05,0.00626135131948869,5.33200843306945e-07,4.86175345039072e-06,0.000242051132414489,5.5440960965325e-05,5.56602581202048e-05,5.60186046939526e-05,5.64905136380967e-05
0.000205169145762074,0.000219219277768357,1.71119162413191e-05,0.000179139845128184,5.95793158931629e-05,1.79800030479516e-06,0.000348348325598417,7.96494901417377e-05,0.00598081782262241,4.18393259204025e-07,4.83269841381959e-06,0.000241741017109498,5.62932700026719e-05,5.64371705017441e-05,5.68758912669054e-05,5.72724642325939e-05
0.0002087432868772,0.000218016582665737,1.71482713784421e-05,0.000178271022299614,6.06895761683657e-05,1.86135841351298e-06,0.00034882201123015,9.01030714116231e-05,0.00570060230438208,3.03589212736452e-07,4.79807268138205e-06,0.000241395696650659,5.59882701021142e-05,5.60707673129546e-05,5.65606826322673e-05,5.68947092334238e-05
0.000212299863245918,0.000216791756909918,1.7185872784875e-05,0.000177383385775887,6.17924168223247e-05,1.92534493434482e-06,0.000349176935621173,0.000100498357348696,0.00542086452672644,1.89081595712181e-07,4.75476747511042e-06,0.0002408866942058,5.57784305722508e-05,5.57993015893876e-05,5.63443281991205e-05,5.66152681702459e-05
0.000215838500845084,0.00021554495125542,1.7224716453601e-05,0.000176477164552935,6.28875800585682e-05,1.98743036461391e-06,0.00034941365194469,0.000110833633477787,0.00514159588098811,7.51336570592689e-08,4.72016718688212e-06,0.000240724382788771,5.77883261986267e-05,5.77169962527879e-05,5.83783432233087e-05,5.85545845352975e-05
0.000219358830042427,0.000214276321200746,1.72647629890221e-05,0.000175552547949098,6.39749180374738e-05,2.04934208587748e-06,0.000349532127764608,0.000121132006181693,0.00486237561051959,3.82123147049611e-08,4.68549693441456e-06,0.000240583931381988,5.71099660321428e-05,5.69870999165278e-05,5.76884758967111e-05,5.7810305894801e-05
0.000222860484769827,0.000212986024733186,1.73060247465884e-05,0.000174609729852282,6.50542410784577e-05,2.11098800595444e-06,0.000349533896371277,0.000131383993860471,0.0045833559400266,1.50418526767107e-07,4.64912368721912e-06,0.000240461915923862,5.79822820481191e-05,5.77840764374171e-05,5.85696637674937e-05,5.86123010459794e-05
0.000226343103085419,0.000211674224144809,1.73484893850606e-05,0.00017364891050986,6.61253800359474e-05,2.17283148318259e-06,0.00034942022623888,0.000141594321767878,0.00430443718217255,2.61585861851936e-07,4.61068785973309e-06,0.000240292719316526,5.77006348292386e-05,5.74474854702078e-05,5.8282868463988e-05,5.82668730376712e-05
0.000229806327030513,0.000210341084728727,1.73921663937371e-05,0.000172670302340916,6.71881503365862e-05,2.23445870600747e-06,0.000349192976322515,0.00015175723979769,0.0040257256868691,3.71468316600038e-07,4.57211442638286e-06,0.000240136926407397,5.83631615761471e-05,5.80389757812716e-05,5.89530544502503e-05,5.88617071777264e-05
0.000233249803020863,0.000208986775659836,1.74370466123897e-05,0.00017167411729313,6.82423913312413e-05,2.29613386482086e-06,0.000348853749792495,0.000161877140393948,0.00374715749260182,4.80078764757168e-07,4.53346275753122e-06,0.000239962567546381,5.83934963289678e-05,5.80112921119147e-05,5.89832523237854e-05,5.88295250661952e-05
0.000236673181698122,0.000207611469262847,1.74831260535413e-05,0.00017066057778603,6.92879036912064e-05,2.35631587985896e-06,0.000348404418543207,0.000171956264978666,0.00346871527516925,5.87094993994669e-07,4.50078777307003e-06,0.000239980409401597,5.97137961041438e-05,5.92484223129741e-05,6.03198786598425e-05,6.00776392328806e-05
0.000240076118022681,0.000206215341804761,1.75303693059625e-05,0.000169629873891464,7.03245496729982e-05,2.41569268441544e-06,0.000347846333351455,0.00018201076047002,0.00319013209209275,6.92490143786847e-07,4.4716470285304e-06,0.000240099149897532,5.9953646317723e-05,5.94287045780906e-05,6.05614925032194e-05,6.0254250445313e-05
0.000243458270533403,0.000204798572125853,1.75787595981802e-05,0.000168582195243072,7.13521413858026e-05,2.47270369502228e-06,0.000347181518045329,0.000192047828349297,0.00291129223469124,7.9584904501242e-07,4.4504773368606e-06,0.000240507178928706,6.16447241960083e-05,6.10288542258752e-05,6.22721193085374e-05,6.18673502736922e-05
0.00024681930137832,0.000203361342892228,1.76282437904796e-05,0.000167517686129326,7.23705628334209e-05,2.5284286335886e-06,0.000346411347268516,0.000202088449598184,0.00263182150770399,8.9724643006823e-07,4.4334179367285e-06,0.000241068838967351,6.19344420439427e-05,6.12603704485126e-05,6.25625857127998e-05,6.20933662273115e-05
0.000250158875273687,0.000201903838748296,1.76788014365492e-05,0.000166436489836386,7.33796460046232e-05,2.58158935773078e-06,0.000345538106783091,0.000212139656487886,0.00235158560205726,9.96377520140681e-07,4.42320127825441e-06,0.00024192182324867,6.36613184954449e-05,6.28951443086834e-05,6.43074431668778e-05,6.37389991418047e-05
0.000253476659739127,0.000200426248044172,1.77303698349895e-05,0.000165338712479923,7.43792721256131e-05,2.63261627869715e-06,0.000344563126093909,0.000222222969879022,0.00207017654214983,1.093438271701e-06,4.41835073800023e-06,0.00024301026489143,6.43072676274059e-05,6.34758836478566e-05,6.49565197478053e-05,6.43164714669853e-05
0.000256772323785792,0.000198928760318018,1.7782940141764e-05,0.000164224414356595,7.53694050076581e-05,2.68499283860579e-06,0.000343488938555912,0.000232340023443974,0.00178753916973374,1.18876236023008e-06,4.40683383793813e-06,0.000243949150494416,6.39004618464556e-05,6.30315742931042e-05,6.45387787894247e-05,6.38561092098922e-05
0.000260045538299836,0.000197411567258388,1.78365114300583e-05,0.000163093756641142,7.63497790159939e-05,2.73251695177834e-06,0.000342318090832075,0.000242488574145652,0.00150367858947204,1.28208972335668e-06,4.40692506061338e-06,0.000245383232897523,6.70508698273897e-05,6.60500003885067e-05,6.77219871934032e-05,6.69008075658839e-05
0.000263295977313893,0.000195874866149137,1.78909451555853e-05,0.000161946813120428,7.73202787689442e-05,2.77492144425129e-06,0.00034104940836721,0.000252711232026399,0.00121778427013282,1.3738759922641e-06,4.41946314573907e-06,0.000247327802972375,6.81095492012229e-05,6.70333399420686e-05,6.87846003124548e-05,6.78831830115412e-05
0.00026652331495236,0.000194318854375597,1.79461870164488e-05,0.000160783574510326,7.82808846414296e-05,2.8158079563162e-06,0.0003396835999362,0.000263021203830145,0.000929552169822743,1.4643102554053e-06,4.43068597478363e-06,0.000249415013387211,6.88288606117693e-05,6.76878634751077e-05,6.95002920524379e-05,6.85297408142826e-05
0.000269727225113647,0.000192743729733436,1.80022517350942e-05,0.00015960400176851,7.92316582943486e-05,2.86181169599498e-06,0.000338222889006778,0.00027340847007404,0.000639065150387926,1.55447659876014e-06,4.42252176267519e-06,0.000251006170804091,6.67866580654763e-05,6.56607057065717e-05,6.7420740575419e-05,6.64648994908035e-05
0.000272907381767773,0.000191149689445558,1.80592544274383e-05,0.00015840821804658,8.01724342240351e-05,2.90973431585351e-06,0.000336671306599237,0.000283833716170942,0.000346961530934723,1.64476633856405e-06,4.40444625449468e-06,0.000252399790768409,6.77492034909521e-05,6.65490929847579e-05,6.83841978154076e-05,6.73540332493117e-05
0.000276063462565368,0.000189536935490731,1.81171826554305e-05,0.000157196379087288,8.11030823152092e-05,2.95745513455292e-06,0.000335028782762047,0.000294297090640281,5.31985386513324e-05,1.73606581642298e-06,4.38481017936074e-06,0.000253783154248066,6.78016500850198e-05,6.65539809444615e-05,6.84265829101749e-05,6.73512985376323e-05
0.000279195147608546,0.00018790567070337,1.81760526873909e-05,0.000155968615728752,8.20235542278724e-05,3.00618288369414e-06,0.000333295270834284,0.000304791432961396,0.000242105402350791,1.82884338596707e-06,4.35981202928301e-06,0.000255043625297435,6.79651728259234e-05,6.66674380958021e-05,6.85796640411684e-05,6.74575895340812e-05
0.000282302120365285,0.000186256100085491,1.82358555855799e-05,0.000154725142013201,8.29336637690747e-05,3.05146147151769e-06,0.000331469769622857,0.000315315545315875,0.000538959344897159,1.92296278438102e-06,4.33953419269606e-06,0.000256574358591499,6.98869329697205e-05,6.84846365823777e-05,7.05105063799616e-05,6.92861601809813e-05
0.000285384068338224,0.000184588431961563,1.82965116359846e-05,0.000153466088522847,8.38333742227415e-05,3.09522321061129e-06,0.000329549211719131,0.00032588686792938,0.000837729236586757,2.01883061834371e-06,4.31930634600675e-06,0.000258207968793001,6.99908692973761e-05,6.85436312922727e-05,7.06005901579543e-05,6.93353603191671e-05
0.000288440680975333,0.000182902874243274,1.83580295276542e-05,0.000152191582760253,8.47226485131691e-05,3.13958111887447e-06,0.000327532762677946,0.000336498929546361,0.00113834645835178,2.11655643385741e-06,4.29327794744527e-06,0.000259769642720842,7.04296592906051e-05,6.89282685919501e-05,7.10290237775357e-05,6.97136456243586e-05
0.000291471650662456,0.000181199635962082,1.84204449555914e-05,0.000150901745995302,8.56015035015367e-05,3.18891290766732e-06,0.000325420209848015,0.000347138948717168,0.00144061981773765,2.2168677740687e-06,4.25344356095453e-06,0.000260897081603761,6.90682531653275e-05,6.75731995535278e-05,6.9638077908496e-05,6.83357178276056e-05
0.000294476673297739,0.000179478927007426,1.84838301842127e-05,0.000149596905117733,8.6469660783739e-05,3.23516252224987e-06,0.000323212075536448,0.000357786354487731,0.00174418078372077,2.31909288027923e-06,4.21772764966702e-06,0.000262250296893307,7.17130692222678e-05,7.00897379318777e-05,7.23000062828882e-05,7.08726046764196e-05
0.000297455451776285,0.000177740963490214,1.85480706393903e-05,0.000148277275025421,8.73270391809899e-05,3.27877806255428e-06,0.00032090372652468,0.000368467733334984,0.0020495329712325,2.42361383016398e-06,4.18676519261738e-06,0.000263785318343701,7.18394438464776e-05,7.01750116482991e-05,7.24142230446034e-05,7.09513247412197e-05
0.000300407691300908,0.000175985960090164,1.86131934216682e-05,0.000146942974550868,8.81736923387666e-05,3.32627831675647e-06,0.000318494458151876,0.000379175460422011,0.00235652396951741,2.53074511133666e-06,4.14593536918889e-06,0.000264989304008922,7.12331759180618e-05,6.95555121817959e-05,7.17871609418053e-05,7.03171544668146e-05
0.000303333100705627,0.000174214132148354,1.86792836109895e-05,0.00014559424875682,8.9009509864485e-05,3.37728884711175e-06,0.000315985335184254,0.000389888359376404,0.00266474684436422,2.64051074587914e-06,4.09721010282207e-06,0.000265895868214572,7.11735701097727e-05,6.94641236627103e-05,7.17147787731021e-05,7.02190431670635e-05
0.000306231394835321,0.000172425698448331,1.87463662171261e-05,0.000144231451181809,8.98342560962107e-05,3.42612554689314e-06,0.000313375721614048,0.000400600834668987,0.00297406170775181,2.75243075040805e-06,4.05296363055821e-06,0.00026694158851237,7.27367931634415e-05,7.09385062641621e-05,7.32837436860923e-05,7.17033653891974e-05
0.000309102295392716,0.000170620882183781,1.88143682335884e-05,0.00014285486456822,9.06477938543149e-05,3.47162754500696e-06,0.000310662378538504,0.00041133036989278,0.00328475780522602,2.86624934991791e-06,4.01554583208397e-06,0.000268212170028259,7.38412712601999e-05,7.19726415604471e-05,7.43881088600684e-05,7.2741156333378e-05
0.000311945528848612,0.000168799908338291,1.888323892274e-05,0.000141464715495587,9.14500310741639e-05,3.51502884338162e-06,0.000307843101834421,0.000422088910245719,0.00359702867257234,2.98163051747291e-06,3.98163387408182e-06,0.000269621014219401,7.48484075165923e-05,7.29158518230077e-05,7.53932909901556e-05,7.36851890190682e-05
0.000314760826543692,0.000166963004539,1.89529213705519e-05,0.000140061276517889,9.22407786637935e-05,3.55373967705908e-06,0.000304915963722482,0.000432889221160131,0.00391110368508417,3.09790852125268e-06,3.95542953072689e-06,0.000271370942209359,7.67948238067362e-05,7.47664436679951e-05,7.73473402072566e-05,7.55441398673229e-05
0.000317547925391626,0.000165110402758573,1.90232860974859e-05,0.000138644812756383,9.30198155090212e-05,3.58415850801319e-06,0.000301877309701428,0.000443759676407663,0.00422753117649526,3.21434009205824e-06,3.94277221363662e-06,0.00027373612058984,7.94678345956701e-05,7.73196396645082e-05,8.00343867447539e-05,7.81100322940764e-05
0.000320306566949258,0.000163242339149328,1.90941470701311e-05,0.00013721551691448,9.37869497616428e-05,3.60445987340752e-06,0.00029872223207321,0.000454740057189765,0.00454710887398949,3.33025558054171e-06,3.94539956196163e-06,0.000276861763956027,8.24299540379547e-05,8.01549150183378e-05,8.30113340838379e-05,8.09570564764828e-05
0.000323036495280205,0.000161359052680887,1.91653314560725e-05,0.000135773413131868,9.45421400027346e-05,3.6198835066531e-06,0.000295446629546557,0.000465866325498717,0.00487059472237278,3.44578282929965e-06,3.95321684238184e-06,0.000280379207994452,8.34646105735137e-05,8.11390363910647e-05,8.40396094813345e-05,8.19331111749921e-05
0.000325737453135133,0.000159460781178455,1.92368598028736e-05,0.000134318363214647,9.52855315536905e-05,3.64397696904495e-06,0.000292052477679277,0.000477134027391996,0.0051979559912439,3.56224926852486e-06,3.94409127168691e-06,0.000283316239570508,8.12376323897634e-05,7.89866711885523e-05,8.17744479217897e-05,7.97455150667314e-05
0.000328409182145606,0.000157547761157506,1.93089484268327e-05,0.000132850523223871,9.60169530325183e-05,3.67576892074117e-06,0.000288547552706519,0.000488499567586634,0.00552835223271738,3.67996479560013e-06,3.92085960513461e-06,0.000285739662679529,8.11314157129761e-05,7.88719806497085e-05,8.16527584253102e-05,7.96177942742338e-05
0.000331051429623863,0.000155620234949305,1.93816815099446e-05,0.000131370183939938,9.67361462407001e-05,3.70977422382845e-06,0.00028493503187141,0.000499947523474684,0.00586146888932456,3.79923513025025e-06,3.8939322158163e-06,0.00028801505589382,8.14842030079088e-05,7.91958648151958e-05,8.19943253919098e-05,7.99339732655557e-05
0.000333663948083207,0.000153678448834849,1.94550846339681e-05,0.00012987759632066,9.74429398330756e-05,3.74415519238669e-06,0.000281215904590641,0.000511473775585222,0.00619720319485012,3.92022366572355e-06,3.86512241026121e-06,0.000290255959857877,8.21488226182554e-05,7.9819274379167e-05,8.26485275098321e-05,8.05505337013734e-05
0.000336246495668879,0.000151722653109143,1.95291203364256e-05,0.000128373102611601,9.81370642287871e-05,3.77270442177002e-06,0.000277389158755057,0.000523084646094143,0.00653569771345934,4.04222547381229e-06,3.84191376715665e-06,0.000292900707735799,8.45947838582495e-05,8.21566969425591e-05,8.50985609740507e-05,8.28928523693984e-05
0.000338798836996057,0.000149753103126593,1.96036440169856e-05,0.000126856925069752,9.88183779960794e-05,3.7952017739179e-06,0.000273450557107263,0.000534805824816904,0.00687753143047664,4.16501560695754e-06,3.82345067871312e-06,0.000295968035469496,8.6141553867547e-05,8.36328445016354e-05,8.66394637093482e-05,8.43640743405372e-05
0.000341320739495443,0.000147770055387242,1.96785852728532e-05,0.000125329167518395,9.94868577998131e-05,3.8169971651042e-06,0.000269398626180955,0.000546647827976577,0.00722299360539142,4.28874391565171e-06,3.80124159059247e-06,0.000299094853769111,8.65831803095185e-05,8.40501200484178e-05,8.70650875350876e-05,8.47668208531216e-05
0.000343811973881003,0.000145773768172153,1.97539204345176e-05,0.000123790126828283,0.000100142270129722,3.83378920412736e-06,0.000265233751193784,0.000558612382557302,0.00757219977691593,4.41260438707293e-06,3.78137642747037e-06,0.000302594516604471,8.90256327158445e-05,8.63918840351419e-05,8.95098739711608e-05,8.71091850885852e-05
0.000346272316381069,0.000143764503911847,1.9829562500906e-05,0.000122239881432229,0.000100784629299355,3.85249239723273e-06,0.000260954444144514,0.000570714205432956,0.00792552527533635,4.53741350663455e-06,3.75554306198886e-06,0.000305979535463519,8.81283477992545e-05,8.55260618093379e-05,8.85861275333744e-05,8.62195374462527e-05
0.000348701544084395,0.000141742523787181,1.99056044145607e-05,0.000120678658487861,0.000101413809694029,3.87329967840855e-06,0.00025656539891085,0.000582934727304969,0.00828262498797686,4.66301734827359e-06,3.72321207228049e-06,0.000309242012511479,8.90578828320887e-05,8.64155053080795e-05,8.95053399824208e-05,8.70990439459929e-05
0.000351099441216141,0.000139708093908841,1.99820267905437e-05,0.000119106811814151,0.000102029586390329,3.89135254465212e-06,0.000252067547484172,0.000595276542354502,0.00864359884847622,4.78912113390207e-06,3.69144148151465e-06,0.000312708203842049,9.03934541472973e-05,8.76944834107274e-05,9.08336865602655e-05,8.8370927134318e-05
0.000353465797692021,0.000137661483273988,2.00587854712886e-05,0.000117524551323966,0.000102631897650196,3.90916768168437e-06,0.000247461017469525,0.000607746602318926,0.00900863392240479,4.91607055465901e-06,3.65646514817811e-06,0.000316197119579753,9.07265837779558e-05,8.80113923278358e-05,9.11502110269025e-05,8.86726883545519e-05
0.000355800407485618,0.000135602961827352,2.01358977767185e-05,0.000115932131397045,0.000103220652639735,3.92764891775366e-06,0.000242748204211419,0.000620339875197657,0.00937767089053488,5.04391075612992e-06,3.61659316832144e-06,0.000319647646006949,9.13284924265456e-05,8.85870920604992e-05,9.17374273879945e-05,8.92347595726761e-05
0.000358103070521532,0.000133532801937286,2.02133667062121e-05,0.0001143298631473,0.000103795730756751,3.94589703274495e-06,0.000237931118395697,0.000633053743223832,0.00975070595899909,5.17257622168606e-06,3.57309904640973e-06,0.000323117815703822,9.20158486912293e-05,8.9244935957411e-05,9.24108532248669e-05,8.98796125655688e-05
0.000360373593260466,0.000131451278441719,2.02911705406983e-05,0.000112718106168863,0.000104356987700061,3.96150129432227e-06,0.000233011038179145,0.000645890011402488,0.010127828081449,5.30173171253253e-06,3.52875109835282e-06,0.000326771023385408,9.33576445553141e-05,9.0531818662698e-05,9.37436345591625e-05,9.11571950512613e-05
0.000362611789407108,0.000129358668965462,2.03692411009371e-05,0.000111097193326914,0.000104904318333987,3.97363260269679e-06,0.000227987802183799,0.000658858617561,0.010509307585084,5.43117803460837e-06,3.48434195317909e-06,0.000330663732960701,9.45727249891393e-05,9.16981849824472e-05,9.49484318485405e-05,9.23127042607996e-05
0.000364817478266888,0.000127255252160396,2.04475428855488e-05,0.000109467338666125,0.000105437737884295,3.98699707436501e-06,0.000222862696673879,0.000671963734949694,0.0108952871813418,5.56135424099474e-06,3.43459500670024e-06,0.000334473662237378,9.44372832154539e-05,9.15686413496264e-05,9.47928762501382e-05,9.21641394995287e-05
0.000366990484619634,0.000125141307266929,2.05260869226009e-05,0.000107828992813475,0.000105957065819229,3.99636181555585e-06,0.000217638926883382,0.000685201617603302,0.0112857297427172,5.69142006520297e-06,3.3853088945851e-06,0.000338566919262817,9.65720464695119e-05,9.3619686964419e-05,9.69245944190122e-05,9.42094847835584e-05
0.000369130643168014,0.000123017117814483,2.06047425064249e-05,0.000106182544569289,0.000106462189577716,3.99942586638835e-06,0.000212314720415013,0.00069859355866939,0.0116811577168926,5.82108004620434e-06,3.33921931323922e-06,0.000343097772331935,9.81144141410928e-05,9.51028791086328e-05,9.84592459356559e-05,9.56827387645909e-05
0.000371237793895585,0.000120882967391323,2.06834384899324e-05,0.000104528167703788,0.000106953183968805,4.00290437259365e-06,0.000206890796587991,0.000712150617985968,0.0120818604177069,5.95100232410311e-06,3.28896007726828e-06,0.000347611078768018,9.7957111132696e-05,9.49554631992644e-05,9.82822045038079e-05,9.55155882157444e-05
0.000373311781522889,0.000118739139065904,2.07621855659035e-05,0.000102866286437409,0.000107429921840485,4.00305264232348e-06,0.000201371142621598,0.000725870003188434,0.0124878145120001,6.08054207228329e-06,3.23835692119662e-06,0.000352374070070716,9.98400698404289e-05,9.67676042138432e-05,0.000100159818224643,9.73190574938831e-05
0.000375352460594058,0.000116585919436973,2.08408652930814e-05,0.000101197310401813,0.000107892302288193,3.99693007215041e-06,0.000195755037792206,0.000739771340241895,0.0128995078965552,6.20939867195249e-06,3.19056595252803e-06,0.000357584786715381,0.000101414521179288,9.82837906133849e-05,0.000101726307614847,9.88242981998511e-05
0.00037735969075503,0.000114423594530066,2.09194272744462e-05,9.95213197152456e-05,0.000108340499474613,3.99511615152559e-06,0.000190044548949877,0.000753862749715803,0.0133171592957258,6.33897662359492e-06,3.13513240362065e-06,0.000362517406731155,9.99095429193853e-05,9.68432295279653e-05,0.000100192860539194,9.73573121729743e-05
0.000379333334211029,0.000112252447454164,2.09979978667008e-05,9.78386947585452e-05,0.000108774468521811,3.9964121414382e-06,0.000184248589971033,0.000768122596784946,0.0137402948143959,6.46911543127581e-06,3.07318919721272e-06,0.000367257290958989,0.000100382955383949,9.73005531668125e-05,0.000100650944109271,9.77985816933424e-05
0.000381273264044135,0.000110072764472835,2.10765555004322e-05,9.61500005799421e-05,0.00010919405316423,3.99303161924269e-06,0.000178370426632126,0.00078255381147579,0.0141690126262634,6.59903959260798e-06,3.01196909938822e-06,0.00037232136746812,0.000101995170056046,9.88491590144802e-05,0.000102254112711586,9.93358043556158e-05
0.00038317936197374,0.000107884832699967,2.11550337194666e-05,9.44554461034253e-05,0.000109599391671489,3.99179540928885e-06,0.000172411779600118,0.000797165851341218,0.0146035694721142,6.72983346274926e-06,2.94469538041423e-06,0.00037722890756231,0.000100838205703169,9.77377499313814e-05,0.00010107012524696,9.81997008745461e-05
0.0003850515141679,0.000105688936473891,2.12334964695415e-05,9.27555099415889e-05,0.000109990438920626,3.98931183827334e-06,0.000166379626737061,0.000811945754166794,0.0150437048637056,6.8608938519757e-06,2.87366751183446e-06,0.000382217058338574,0.000102146636862588,9.89926748937719e-05,0.000102366511046448,9.94405345984273e-05
0.000386889618162245,0.000103485362126343,2.13118750473917e-05,9.10506137693501e-05,0.000110367219582463,3.98504160084578e-06,0.000160275998652984,0.000826902092935199,0.0154896750190931,6.99224436665772e-06,2.79972776378451e-06,0.000387309577338346,0.000102127161332066,9.89708782624943e-05,0.000102327318289186,9.93990470892214e-05
0.000388693578061705,0.000101274393890183,2.13901670957917e-05,8.93411291320589e-05,0.000110729816313604,3.98079066404877e-06,0.000154105863853569,0.000842032507088942,0.0159414659923839,7.12398819419714e-06,2.72121841098094e-06,0.000392381181564483,0.000102228947488348,9.90645320474437e-05,0.000102410498421412,9.94734323560564e-05
0.000390463307062827,9.90563153216995e-05,2.1468346682596e-05,8.76275790768766e-05,0.000111078226255723,3.97299390714201e-06,0.000147873626364226,0.000857338404197506,0.0163991535212872,7.25547053104962e-06,2.64112274524914e-06,0.000397672067263932,0.000103214842319788,0.000100005662155178,0.000103383219660191,0.00010039859949762
0.000392198727706683,9.68314090407096e-05,2.15463621935363e-05,8.59102664882982e-05,0.000111412621806417,3.96675356179044e-06,0.000141583118393148,0.000872825440085532,0.0168629073790282,7.38734019960531e-06,2.55590479217652e-06,0.000402825783494265,0.000102073649148382,9.89030014979519e-05,0.000102217930989301,9.92723567004861e-05
0.000393899768046158,9.45999536133835e-05,2.16242884838458e-05,8.41895970319362e-05,0.000111733127279579,3.96370242070065e-06,0.000135243596233086,0.0008884793194728,0.0173323965867054,7.51963159760661e-06,2.46460924902339e-06,0.000407728081602277,0.000101482161135258,9.83255781511483e-05,0.000101606148649402,9.86736567227808e-05
0.000395566366303779,9.23622262293256e-05,2.17021621806701e-05,8.24661038831831e-05,0.000112039810891251,3.96133955192501e-06,0.000128863224038323,0.000904291682887263,0.0178074283676936,7.65188241000562e-06,2.3692794837854e-06,0.00041253334327207,0.000101153328004866,9.7996748289475e-05,0.000101258669077953,9.83242026066922e-05
0.000397198471918436,9.0118502791503e-05,2.17799546060604e-05,8.07404164008263e-05,0.000112332704697016,3.95408394672503e-06,0.000122448105684301,0.00092026358474651,0.0182880457033472,7.78305069677668e-06,2.27318645077204e-06,0.000417607233395345,0.000102165260141063,9.89522739843762e-05,0.000102258520080389,9.92622735356274e-05
0.000398796047063499,8.78690584578123e-05,2.18575216281991e-05,7.90131170760322e-05,0.000112611890308478,3.93815950879006e-06,0.000116000423481581,0.000936413019745031,0.0187747283447685,7.91227755730053e-06,2.17829559695168e-06,0.000423199109788386,0.000103451660973919,0.000100170006677058,0.00010353446115785,0.000100462458862971
0.000400359063336131,8.56141652160192e-05,2.1934721920136e-05,7.72845236802766e-05,0.000112877628931196,3.91911284336466e-06,0.000109523177026391,0.000952757559123536,0.0192679449851111,8.04006188140809e-06,2.08144568080576e-06,0.000428939674564144,0.000102820118187297,9.95466832308667e-05,0.000102884942099979,9.98165679061414e-05
0.000401887497989417,8.33540892705154e-05,2.20115480167316e-05,7.5554998944849e-05,0.000113130165791342,3.90067501336577e-06,0.000103025258733364,0.000969295599480523,0.019767655571777,8.16658357086608e-06,1.98137756244471e-06,0.00043458479379932,0.000102001813576891,9.87420293520058e-05,0.000102049734485576,9.89896998384587e-05
0.000403381337539699,8.10890929823227e-05,2.20879952785857e-05,7.3825086553847e-05,0.000113369653759909,3.88013341399984e-06,9.65162892745058e-05,0.000986025992558226,0.0202738071814558,8.29111711473307e-06,1.88021073498426e-06,0.000440306480695041,0.000101861852110474,9.85840393633586e-05,0.000101896547788694,9.88108616579719e-05
0.000404840580704446,7.88194362670858e-05,2.2163957143384e-05,7.20954822234221e-05,0.000113596172792774,3.84930499107428e-06,9.00026677318208e-05,0.00100296208041022,0.0207867196894019,8.41207748063113e-06,1.78163610247209e-06,0.000446632531310998,0.000103607423285301,0.00010023033258777,0.000103636416776465,0.000100438916361689
0.000406265238964698,7.6545376645476e-05,2.22391990951643e-05,7.03666144024617e-05,0.000113809971681977,3.80884538529747e-06,8.34867107754201e-05,0.00102013460213358,0.0213071834609092,8.52936831922689e-06,1.68450087446523e-06,0.000453509789594297,0.000103839905136627,0.00010042307570135,0.000103856816448977,0.000100609241031613
0.000407655329540457,7.42671649401894e-05,2.23135913892669e-05,6.8638743350169e-05,0.000114011403424763,3.76457272689701e-06,7.69754959421623e-05,0.00103755878809311,0.0218355903268798,8.64369945189632e-06,1.58596912274572e-06,0.000460559699884566,0.000103036715566995,9.96202783773992e-05,0.000103038395006139,9.97821957546829e-05
0.000409010874391269,7.19850445544123e-05,2.23871313780322e-05,6.69120143754753e-05,0.000114200897204542,3.72577636555127e-06,7.04814748179717e-05,0.00105523235550483,0.0223718576692252,8.75648526192834e-06,1.48261315513487e-06,0.000467175153136601,9.97657753419867e-05,9.64480798766321e-05,9.97436277981878e-05,9.65819881522112e-05
0.00041033189896611,6.96992504358729e-05,2.2459980971945e-05,6.51867889639446e-05,0.000114378782395619,3.69429482868777e-06,6.40236898940067e-05,0.00107312976721144,0.0229152787973966,8.86793821060951e-06,1.37338456170089e-06,0.000473216962408873,9.71202351014444e-05,9.38666882962513e-05,9.70755881926078e-05,9.39720210849648e-05
0.000411618439549288,6.74100126321076e-05,2.25322185309906e-05,6.34637360770185e-05,0.00011454525204091,3.66180134347971e-06,5.76186667638678e-05,0.00109123406000355,0.0234654157949161,8.9765979247436e-06,1.25952216398911e-06,0.000479172832854258,9.61598880953041e-05,9.28884813645725e-05,9.60959436256958e-05,9.29640106251961e-05
0.000412870547387367,6.51175578018082e-05,2.26037052502015e-05,6.17437168209389e-05,0.000114700435424053,3.61375928645269e-06,5.12759344065535e-05,0.00110955262815575,0.0240225645521953,9.07987058875286e-06,1.14319384076494e-06,0.000485907081654746,9.83754688483884e-05,9.49387567683591e-05,9.8300554016717e-05,9.49844029073388e-05
0.000414088290605408,6.28221094662873e-05,2.26740221540567e-05,6.0027402399021e-05,0.000114844599379715,3.5418297263945e-06,4.49962822140683e-05,0.00112812542145936,0.0245879723892464,9.17621711953151e-06,1.02517693398134e-06,0.000493895398287036,0.000100990253695921,9.73615525217131e-05,0.000100905534179407,9.7376418404016e-05
0.000415271743370305,6.05238817050768e-05,2.27428222809856e-05,5.83143894484772e-05,0.000114978588965475,3.47254083331305e-06,3.87840506380993e-05,0.00114698251877631,0.025162608623517,9.27043603873558e-06,8.99744370135361e-07,0.000501527902815213,9.39973014223439e-05,9.06025452761527e-05,9.38776044016043e-05,9.05851037651395e-05
0.000416420965213771,5.82230681641649e-05,2.28105008144297e-05,5.660434635546e-05,0.000115103229130331,3.4296748659679e-06,3.26685959769105e-05,0.00116606515721598,0.025744885586637,9.36662438920891e-06,7.64376603625341e-07,0.000507385787164472,8.66961061827265e-05,8.35417868771948e-05,8.65441412833956e-05,8.34942403721284e-05
0.000417536020999476,5.59198517614545e-05,2.28775394854885e-05,5.48978949950762e-05,0.000115218896972191,3.4062452095307e-06,2.66822844478812e-05,0.0011853045611397,0.0263328983282793,9.46302393138826e-06,6.20348726892636e-07,0.000511833913873327,8.09786594910822e-05,7.79765606075955e-05,8.07956257825593e-05,7.78940923961136e-05
0.000418616992048371,5.36144093592483e-05,2.29441574868261e-05,5.31961453066332e-05,0.000115325783596854,3.38024531736092e-06,2.08501636538359e-05,0.0012046559406414,0.0269255372064507,9.55512416395783e-06,4.66583492488015e-07,0.000516048489418774,7.99204003671949e-05,7.68310687848661e-05,7.97120981820276e-05,7.67048168507367e-05
0.000419663978341589,5.13069117152876e-05,2.30102535061505e-05,5.14992317483531e-05,0.000115424605463266,3.36156783077579e-06,1.51885421672025e-05,0.00122410232643027,0.0275226621924732,9.6448140170836e-06,2.97567897881296e-07,0.000519448949359957,7.25642635949209e-05,6.9685219105442e-05,7.2312494747262e-05,6.95147584992561e-05
0.000420677078028175,4.89975124459141e-05,2.30760759052373e-05,4.98078067103225e-05,0.000115515904070773,3.3442953080165e-06,9.723948621659e-06,0.00124358411815057,0.0281229913772681,9.73077825098449e-06,1.13155433453804e-07,0.000522308981516062,7.05287960497403e-05,6.75788020505497e-05,7.02473675991966e-05,6.73596736676663e-05
0.000421656409510307,4.66863570005582e-05,2.31415323854733e-05,4.81223028144795e-05,0.000115600391178139,3.33017492096244e-06,4.47409281043029e-06,0.00126307620344627,0.0287262501403449,9.81275176481251e-06,8.48378685792267e-08,0.00052452775867351,6.41035984327853e-05,6.13009141582355e-05,6.37879189877566e-05,6.10400465741456e-05
0.000422602092195579,4.43735724315886e-05,2.3206812820753e-05,4.64430856144116e-05,0.000115678873365943,3.32352649427825e-06,5.35486302151606e-07,0.00128252712692296,0.0293313105181888,9.89089846522582e-06,2.93919993317807e-07,0.00052586141940969,5.91341629337938e-05,5.63889341170798e-05,5.87918341528049e-05,5.60858191603897e-05
0.000423514258622859,4.20592717501611e-05,2.32720121378094e-05,4.477072880954e-05,0.00011575211564685,3.32228133588519e-06,5.28085492204275e-06,0.00130189598148828,0.0299372945389846,9.96370003079863e-06,5.11452589772865e-07,0.000526402633899581,5.33730379594921e-05,5.07191474212743e-05,5.30074643622092e-05,5.0376172943678e-05
0.000424393051019045,3.97435513931343e-05,2.33372392570708e-05,4.31058060405554e-05,0.000115820930756183,3.3242621824553e-06,9.73688353520834e-06,0.00132114203869824,0.030543271155551,1.00296151877916e-05,7.35594033638223e-07,0.000526233997390824,4.81799300166008e-05,4.557118685522e-05,4.7795764721914e-05,4.51869512489989e-05
0.000425238624301771,3.74264916522815e-05,2.34025176832908e-05,4.14489124642148e-05,0.000115886163116807,3.32617579786032e-06,1.3879246384792e-05,0.00134023224529272,0.0311485112931548,1.00868375641812e-05,9.64779909632535e-07,0.000525485920108704,4.29407021010908e-05,4.03663739486637e-05,4.2542102852261e-05,3.99412619398465e-05
0.000426051145695938,3.51081556980715e-05,2.34677859709542e-05,3.98007946925683e-05,0.000115948634691609,3.31936440853275e-06,1.76840409312656e-05,0.00135914017679753,0.0317524601604678,1.01325680334735e-05,1.19844735203822e-06,0.000524466178937644,3.88098951175087e-05,3.61736863879747e-05,3.84014108922859e-05,3.57032670050828e-05
0.000426830796605104,3.27885895740065e-05,2.35328226083631e-05,3.81619187426185e-05,0.000116009318920807,3.30269625456459e-06,2.11285727194979e-05,0.00137785011789975,0.0323548753573924,1.01656335285381e-05,1.43416401700985e-06,0.000523177988194568,3.3710585507607e-05,3.10585118180606e-05,3.3297645940622e-05,3.05487629860268e-05
0.000427577764328335,3.04678182034834e-05,2.35974736382261e-05,3.65325461511024e-05,0.000116069295109822,3.27976721285761e-06,2.41879970481623e-05,0.00139634386629569,0.0329553204507598,1.01860184969375e-05,1.66751379644496e-06,0.000521443986199466,2.79940662160083e-05,2.53464998685171e-05,2.75825225032333e-05,2.4802141931235e-05
0.000428292242076633,2.81458451080741e-05,2.36616180804283e-05,3.49130132870634e-05,0.000116129619476713,3.25001987050433e-06,2.68357665532944e-05,0.00141460250501567,0.0335532275537021,1.01926815062225e-05,1.89579681234356e-06,0.000519212626183374,2.2010752574575e-05,1.93539085969752e-05,2.16045376144613e-05,1.87752314181333e-05
0.000428974428194229,2.5822652130969e-05,2.37251500396773e-05,3.33033677906713e-05,0.000116191450081238,3.21935915591209e-06,2.90438408815881e-05,0.00143260643574851,0.034147937114544,1.0185888514407e-05,2.11475023952079e-06,0.000516282023356185,1.48283108986069e-05,1.22492960854537e-05,1.4433059920993e-05,1.16450771858734e-05
0.000429624519798333,2.34981973684101e-05,2.37881222417968e-05,3.17035889074724e-05,0.000116255943383992,3.19319186595224e-06,3.07824053150722e-05,0.00145033142690046,0.0347385138042123,1.01658767724175e-05,2.32096381788151e-06,0.000512491752709954,7.20552062694058e-06,4.72175825683152e-06,6.82343325730805e-06,4.09257156153142e-06
0.000430242715204754,2.11724167728522e-05,2.3850620349819e-05,3.01137960060927e-05,0.000116324165610859,3.17005166347584e-06,3.20208301758886e-05,0.00146775106032265,0.0353239480643731,1.01312862488522e-05,2.51548754176545e-06,0.000507844787710487,5.50765417939303e-07,2.96267308785847e-06,9.20756396460831e-07,3.6221292349925e-06
0.000430829215349648,1.88452254018534e-05,2.3912667183712e-05,2.85341109247939e-05,0.000116397149530323,3.14575298659969e-06,3.27278404079013e-05,0.00148483622922052,0.0359032592857446,1.00803881731079e-05,2.70154194636184e-06,0.000502367693784644,8.48377760065411e-06,1.08578603621456e-05,8.84391772337789e-06,1.15537878855321e-05
0.000431384222531861,1.65165175108895e-05,2.39742078105287e-05,2.69645211003477e-05,0.00011647595365577,3.11751500199631e-06,3.28715806381238e-05,0.00150155376609018,0.0364754756321855,1.00121735125985e-05,2.88122613036935e-06,0.000496039134024739,1.67871074363557e-05,1.91359397609947e-05,1.71380242789398e-05,1.98703569893599e-05
0.000431907937606946,1.41861659255227e-05,2.40351415872198e-05,2.54049236826925e-05,0.000116561653245029,3.08270469842609e-06,3.24198552851402e-05,0.00151786591413904,0.0370395701524602,9.92601371769326e-06,3.05601770567675e-06,0.000488785645540446,2.5588619046002e-05,2.79348251027711e-05,2.59313687974716e-05,2.87102043711185e-05
0.000432400558954438,1.18540219302687e-05,2.40953028662894e-05,2.38551798347753e-05,0.000116655326529658,3.03729565000188e-06,3.13396243473623e-05,0.00153372769793112,0.0375943977955875,9.82114030780328e-06,3.22842186659643e-06,0.000480462388990688,3.51292995833807e-05,3.75077579294336e-05,3.546637730234e-05,3.83283622136243e-05
0.000432862279302615,9.51991438546962e-06,2.41545046426594e-05,2.23147171458105e-05,0.000116758182615917,2.9874003561331e-06,2.95976922499478e-05,0.00154908799025488,0.0381386681955717,9.69924034180143e-06,3.39243957457949e-06,0.000471024249674823,4.48941006369052e-05,4.72070891953669e-05,4.52155419836675e-05,4.80548702909145e-05
0.000433293277363411,7.18364743634847e-06,2.42127303855533e-05,2.07829099463375e-05,0.000116871413014863,2.93799970577102e-06,2.71649440915769e-05,0.00156390341777718,0.0386710786378247,9.56178478170213e-06,3.54294723090356e-06,0.000460427908473227,5.51637578876107e-05,5.74057565021491e-05,5.54689213196902e-05,5.8279554490559e-05
0.000433693720942818,4.84500245356845e-06,2.42699886898734e-05,1.92592199519392e-05,0.000116996126025393,2.88876087456424e-06,2.40133025068288e-05,0.00157812790463467,0.0391902367269046,9.40851891901264e-06,3.68054985046273e-06,0.00044858309662521,6.59361973395223e-05,6.81107721572927e-05,6.6225996136815e-05,6.90120241059189e-05
0.000434063766446391,2.50373900911871e-06,2.43262725452276e-05,1.77430492664388e-05,0.000117133392516677,2.83836077218103e-06,2.01149182710725e-05,0.00159170892578993,0.0396946357695317,9.23910618351187e-06,3.80694770321481e-06,0.000435368630128607,7.73376984851692e-05,7.94570805208172e-05,7.7614189557984e-05,8.03882102703435e-05
0.00043440355741664,1.59595514970245e-07,2.43815483318421e-05,1.6233693199752e-05,0.000117284262891093,2.78594286630407e-06,1.54422357045978e-05,0.00160458585359968,0.0401826228912835,9.05362218757667e-06,3.92305357386526e-06,0.00042066509486105,8.92838960742104e-05,9.13504855155622e-05,8.95477611939643e-05,9.23109590140747e-05
0.000434713221598271,2.18771059140588e-06,2.4435788660071e-05,1.47302555389972e-05,0.000117449788642754,2.73359327210287e-06,9.96977643939828e-06,0.00161669500423438,0.0406524709948883,8.85310260137423e-06,4.02582423503391e-06,0.000404505103821728,0.000101167854291262,0.00010315484125023,0.000101415029421292,0.000104136703780178
0.000434992868142192,4.53848245762778e-06,2.4489002016459e-05,1.32318478112681e-05,0.000117630953959835,2.68069491900225e-06,3.67577104292705e-06,0.00162797519068341,0.0411024689318515,8.63798854376907e-06,4.11561311787143e-06,0.000386759033388584,0.000113996485634815,0.000115925708812914,0.000114230763506473,0.000116932748394194
0.00043524258847194,6.89304221418441e-06,2.45411593287059e-05,1.17375259112706e-05,0.000117828690264554,2.62583818289031e-06,3.46122109213874e-06,0.0016383535054695,0.0415306736637622,8.40845731121238e-06,4.19387243870591e-06,0.00036725034652485,0.00012739523198968,0.000129270632810985,0.000127617264818025,0.000130301657565668
0.000435462453428404,9.25173041010918e-06,2.45922289465739e-05,1.0246170288053e-05,0.000118043907831655,2.5703301200497e-06,1.14600043926381e-05,0.00164775301339123,0.0419350435324198,8.16561894912374e-06,4.25765484225737e-06,0.000346010143341235,0.000140675851239558,0.000142479836977683,0.000140881881837029,0.000143527065109672
0.000435652510418549,1.16149052876158e-05,2.46422127418988e-05,8.7565904318132e-06,0.000118277454287663,2.5152881958368e-06,2.03341890062648e-05,0.00165610260486653,0.0423136168093544,7.91057954862555e-06,4.30416628710052e-06,0.000323071368757089,0.000154186379250021,0.000155915663246242,0.000154375337777735,0.000156975349263289
0.000435812783932565,1.39829409220305e-05,2.46910890533414e-05,7.26774334611213e-06,0.000118530052400867,2.45566379766804e-06,3.00960902204466e-05,0.00166331992745756,0.0426641865151024,7.64274210597922e-06,4.34156691476312e-06,0.000297763151543173,0.000170759936067522,0.000172477080063294,0.000170946306124131,0.000173566346853837
0.000435943276542394,1.63562253733263e-05,2.4738747061992e-05,5.77830648329503e-06,0.000118802422803765,2.39247565550493e-06,4.07611100083901e-05,0.00166928857482439,0.0429838528095172,7.36325194967137e-06,4.36683268287275e-06,0.000270121988354743,0.000185657727402977,0.000187314088672341,0.000185829306918683,0.000188412929855941
0.00043604396121899,1.87351611017905e-05,2.478516766935e-05,4.28676473335221e-06,0.000119095248450607,2.3304486709147e-06,5.23329665510299e-05,0.00167392139668201,0.043270250412603,7.07462968783819e-06,4.36971028643617e-06,0.00024066230838482,0.000199522495645144,0.000201090676660298,0.000199672298671238,0.000202186691173223
0.000436114781413366,2.11201628788071e-05,2.48303874186284e-05,2.79169916128641e-06,0.000119409069520182,2.26993247846863e-06,6.48067798537437e-05,0.00167714984184916,0.0435213567103028,6.77766572010816e-06,4.34913402357767e-06,0.000209374845314469,0.000214165587261617,0.000215656435135658,0.00021429628671632,0.000216751228952816
0.000436155653243508,2.35116547707692e-05,2.48744052169236e-05,1.29180038518917e-06,0.000119744277208178,2.20674380077557e-06,7.81774923435898e-05,0.0016788861456717,0.0437347460815445,6.47176413014871e-06,4.31340550556721e-06,0.000175491271297679,0.000231907164851664,0.000233365162282562,0.000232031038115976,0.000234472352494519
0.000436166465851651,2.59100677825752e-05,2.49171461526032e-05,2.14415287025371e-07,0.000120101197917832,2.14035896711762e-06,9.24426989141407e-05,0.00167900484893905,0.0439071891471299,6.15766844861009e-06,4.26150783470677e-06,0.000138858574850964,0.000248658382780875,0.000250064581338472,0.000248767568380326,0.000251170876831019
0.000436147076636306,2.83158388568738e-05,2.49585720268897e-05,1.72858028169021e-06,0.000120480081716612,2.07337950142161e-06,0.000107590587050511,0.00167739840141789,0.0440357655497394,5.83729946186721e-06,4.18522308290488e-06,9.99053909197523e-05,0.00026417234718823,0.000265507390616926,0.000264259781976528,0.000266600627917613
0.000436097309855832,3.07294086828724e-05,2.49987005727093e-05,3.25238866191735e-06,0.000120881049612498,2.00913515620293e-06,0.00012359784507873,0.00167399102505188,0.0441181736985344,5.51242666564931e-06,4.07473561428971e-06,5.93876697085882e-05,0.000277071672302509,0.000278306749264767,0.000277125610197659,0.000279370097299281
0.000436016956724794,3.31512185131055e-05,2.50375839758732e-05,4.78736217432441e-06,0.000121304017082935,1.94535144870667e-06,0.000140432462132468,0.0016687304109477,0.0441525818608795,5.18297435807504e-06,3.9356636792106e-06,1.67389492132797e-05,0.000293949440484886,0.000295128937211064,0.000293986029725635,0.000296180544958724
0.000435905778236823,3.55817061963026e-05,2.50752164117074e-05,6.33514972625537e-06,0.00012174875933485,1.8825999302946e-06,0.000158064468597562,0.00166152967395849,0.0441364120200105,4.84975856169051e-06,3.76261660850127e-06,2.76986587393058e-05,0.000306991524419487,0.000308083506881163,0.000306991882178531,0.000309098130110153
0.000435763501600128,3.80213035404142e-05,2.51116210359115e-05,7.89732651307329e-06,0.000122214864448966,1.81903645947445e-06,0.00017645401868971,0.00165233308080449,0.0440676734913824,4.51325735180163e-06,3.55850536101938e-06,7.4462813385856e-05,0.000324540626974956,0.000325587421795226,0.000324522087214674,0.000326583455895091
0.000435589823224447,4.04704322242433e-05,2.51467629595048e-05,9.47553542057777e-06,0.000122701759372013,1.75450675726774e-06,0.000195563625380416,0.00164104270091997,0.0439434394926497,4.17418854643052e-06,3.32111037576466e-06,0.000123454342860763,0.000338902596666135,0.000339882333310615,0.000338851657939454,0.000340840661185671
0.000435384406177075,4.29295008513575e-05,2.5180618559606e-05,1.10713318657585e-05,0.000123208685171017,1.68666760057279e-06,0.000215347994744698,0.0016275748446892,0.043761044663317,3.83282731280799e-06,3.05886625826153e-06,0.00017560413703599,0.000359189247554403,0.000360145291197655,0.000359131292667181,0.000361092517611961
0.000435146882900028,4.53989011891531e-05,2.52131094016228e-05,1.26863737516525e-05,0.000123734747599913,1.6165281721825e-06,0.000235764142919084,0.00161178965830405,0.0435166338632327,3.49025102447114e-06,2.76821816483537e-06,0.000230456084974962,0.000373526349615738,0.000374420314223634,0.000373441047317846,0.000375328855281465
0.000434876851696409,4.78790057778233e-05,2.52442124035746e-05,1.43222774945106e-05,0.000124278890601404,1.54487964006134e-06,0.00025675362073967,0.00159360575105802,0.0432076059507098,3.14762857166979e-06,2.44858969982581e-06,0.000287796593151479,0.000390280648314367,0.000391127826120385,0.000390182663890126,0.00039201134522926
0.000434573879425804,5.03701642294574e-05,2.52739074362296e-05,1.59806880881685e-05,0.000124839895628226,1.47442268128017e-06,0.000278251891639,0.00157294436160107,0.0428314636612827,2.80642489939618e-06,2.08936575082919e-06,0.000346157431951877,0.00039846103777319,0.000399218896248721,0.000398322679142304,0.000400042490484975
0.000434237500068768,5.28726999129148e-05,2.53022407732395e-05,1.7663122885897e-05,0.000125416330438999,1.40574416272743e-06,0.00030017744835886,0.00154982242305075,0.0423877806071444,2.46769052643229e-06,1.6880017217457e-06,0.00040506088925607,0.00040917544068475,0.000409863647310771,0.00040900968623736,0.000410639506410071
0.000433885133010348,5.53839576815651e-05,2.48600208987426e-05,1.5119419934928e-05,0.000125146072429472,0.000109104759862991,8.61963180962721e-06,0.00223826400783074,0.041983458500444,0.00136586121660648,0.00290977327676016,8.807828313806e-05,0.00330476128630319,0.0054101905344025,0.00970070597982575,0.0122964919349442
0.000433764486329258,5.77674868905698e-05,1.79930545791684e-05,6.55680875313869e-06,0.000106446271073535,0.000634696668012288,0.00495826647243301,0.0133893011981814,0.0430646871769055,0.00853264628810615,0.0195834555595748,0.00309918580146495,0.00700405317079422,0.013660960050744,0.0289772566093462,0.0372535665070246
0.000434320634944863,5.90631794614438e-05,2.2504872219109e-06,5.46097457854861e-05,1.77682739432861e-06,0.0014208393740235,0.0214006493499433,0.0552560184440251,0.0483692394487315,0.0217222422389939,0.0563935578021162,0.00953582521344443,0.00850647851296082,0.0207787407952286,0.0520845955955878,0.0655230945361077
0.000436240315579761,5.6114853262762e-05,3.98576100817394e-05,0.000146859496325535,0.000349872642610327,0.00236940310015879,0.0543507346149244,0.151734999238107,0.0611035170156071,0.0384882436071002,0.113196457858821,0.0195515116750642,0.00969834715348861,0.0243021771985258,0.0749599016420265,0.089991293727293
0.000440661418982913,4.19647456629257e-05,9.83003281369577e-05,0.000309373489117373,0.00116546932813544,0.00351838005329717,0.105368290714899,0.323906914849941,0.0846203993927279,0.0560638655822042,0.185739584775213,0.0330160856344501,0.0125842434544295,0.0235980620169336,0.0956784670035861,0.108388331857102
0.000449259566450255,4.47901531649975e-06,0.000182438675991659,0.00056872157821318,0.00273475172948068,0.00495193294162537,0.17304770676588,0.58689284090391,0.122370271138928,0.0724897059714722,0.26817314731182,0.0496724521911185,0.0179657336337232,0.0191126210671505,0.112655538083262,0.120394212443214
0.000464210137827603,7.45857190736221e-05,0.000298714792830612,0.000948127249942254,0.00537840512641435,0.00674053537779536,0.254183249629459,0.948823845476546,0.177814360487983,0.0866462324829851,0.354430887857421,0.0692430793023959,0.0260964963076238,0.0111823319544141,0.125556262030383,0.126855792816052
0.000488112068794067,0.00022003408538443,0.00045457833853968,0.00146669197432925,0.00942823450165742,0.00890936135741942,0.344725709342816,1.41105806430616,0.254378686444098,0.0980416090543507,0.438982511452565,0.0914357082831213,0.036441007270434,0.00049302383132932,0.134086827278652,0.128739378675242
0.000523912385629322,0.000463248245836406,0.000657458203173977,0.00214044293930207,0.015207167367184,0.0114335217136413,0.440514038701388,1.96894018675479,0.355330913603885,0.106589276047145,0.517001136766557,0.115943605387852,0.0485023353441003,0.0125592042939593,0.138300986490094,0.12693287718684
0.000574862195894088,0.000841840601165295,0.000913870609838163,0.0029840151142785,0.0230128787752112,0.0142482847369731,0.537727159471249,2.61271091893088,0.483679247332541,0.112461920541119,0.584655983801958,0.142433963137704,0.0613622823764473,0.0271394265316623,0.138498886563629,0.122399022557187
0.000644504408195079,0.00139901566170759,0.00122877111510444,0.00401220703675113,0.033105025184121,0.0172660975289957,0.633177559863512,3.32865344387053,0.642066395616767,0.115954713745022,0.638846019319631,0.170580619825591,0.0747544805495262,0.0430951713164902,0.134973403532747,0.115674058774513
0.000736689461865447,0.0021827013140434,0.00160529745268123,0.00524112055664918,0.0456945868374947,0.0203960582607457,0.724420576001824,4.09982192357748,0.832749216720608,0.117428611895635,0.677259634939571,0.200064643187189,0.088047072362594,0.0596866522874984,0.128315719639706,0.107449269140713
0.000855605752394073,0.00324448721348198,0.00204480954763886,0.00668838128901525,0.0609356692952767,0.0235500254762675,0.809818159859904,4.90694179916305,1.05757742785941,0.117272231617456,0.697974499356788,0.230587218520677,0.101342002615951,0.0769970303116657,0.118681755212585,0.0978470671633993
0.00100581235291752,0.00463840409734,0.00254709097133698,0.00837360714104938,0.0789164620651598,0.0266663144632908,0.888524451493249,5.72886230053835,1.3180251034856,0.115903436763687,0.700028821480859,0.261853930564049,0.11380418666482,0.09372794100542,0.107207776868332,0.0876983748686344
0.00119227911249453,0.00641953033517734,0.00311105738020379,0.0103180509836897,0.0996531136114577,0.0297170915777562,0.96047087668335,6.5440053575694,1.61517834122224,0.113746314954842,0.683429111838938,0.293579772245009,0.125310558562643,0.109470341606144,0.0944951843069558,0.077243102163024
0.00142040896452045,0.00864253150008975,0.00373533185148167,0.0125435813586267,0.12308814000014,0.0326987520771369,1.02626092303335,7.3309784147886,1.94977559427232,0.111172825035112,0.648387352538387,0.325501594703394,0.135973858198202,0.124111844633265,0.080834794686889,0.0664224440108855
0.00169604263049261,0.0113601719195395,0.0044187221810037,0.0150720516826009,0.149088444725255,0.0356357228530486,1.08703304300945,8.06882511048062,2.32224752450768,0.108499669285076,0.59558865836507,0.357368606979809,0.146068814428517,0.137583528160719,0.0675914057141374,0.0561363298382034
0.0019824224442897,0.00462403164289968,0.00366173582867324,0.0120230854662755,0.322418419047848,0.0363773341016132,1.04470286179689,8.71970706333671,1.87403538799972,0.105983787024373,0.539085714670835,0.36043232253793,0.153743484715251,0.149077623980085,0.0536903507885892,0.0463160141804876
0.00217925784207029,0.00152234791498399,0.00296401558275816,0.00771925584340414,0.291891036324894,0.0333795979960256,0.988746700551305,9.28359786377325,1.46383697834851,0.103810174549068,0.455167380850992,0.329180380253383,0.160676540171122,0.157627805039842,0.0413759696605017,0.0361819815952099
0.00229359812012775,0.00703965680414211,0.00232733203734448,0.00377615621148855,0.259572614290779,0.0302638363939696,0.93243090079073,9.74497754203079,1.09130230388372,0.102096181746625,0.358862792826855,0.29858933095513,0.165657785861623,0.163217015741397,0.0303521711615474,0.0265818761127198
0.002332800448692,0.0118959012960941,0.00175455893270504,0.000207444810379956,0.225853333111248,0.0269810322237936,0.874012681974347,10.0910408508328,0.755728134107205,0.10090020180374,0.252726422383666,0.268891820931631,0.168729102743962,0.165917170445049,0.0207634842056422,0.0175680736325577
0.00230445930770973,0.0160673040849002,0.00124942614445667,0.00297681267031945,0.191162763129522,0.0234944881001279,0.811942159701925,10.3119218165606,0.456064040459791,0.100226543640277,0.139337652981525,0.240293117018104,0.169911434844288,0.165817766655881,0.0127859760497376,0.00925050177055653
0.00221633353133299,0.0195389636428006,0.000816203150015404,0.00577028826064323,0.155956192179042,0.0197909649132383,0.744958164093467,10.4007531581714,0.190940930257478,0.100017164834227,0.0213561077790159,0.212924308201578,0.169305519672499,0.163304191650726,0.00673411118285594,0.00205745640597244
0.00207627262767618,0.0223052435058262,0.000459203679222142,0.00817011623708446,0.120703953719926,0.0158730155839909,0.672165573691843,10.3537527877901,0.0412666466750249,0.100161359933792,0.0985021366535261,0.186913159018518,0.166669169002924,0.158219370247732,0.00246465865711021,0.00417788897936799
0.00189215031716716,0.0243699592492541,0.000182507903268903,0.0101767948233189,0.0858776279514224,0.0117686705850086,0.593094012650632,10.1702431803556,0.242468249899157,0.100500693255426,0.217546589510978,0.162363625421258,0.162080648228153,0.151077991732113,4.23717110062949e-05,0.0090920353572792
0.00167179781944005,0.0257462543491378,1.07331002796585e-05,0.011793994184038,0.0519369944457284,0.00754086809656174,0.507724120748706,9.85257401495566,0.414774599836961,0.100834788575955,0.333188057702059,0.13932436569949,0.155528924387762,0.14225128046636,0.000657670649160225,0.0125182197786833
0.00142294437427304,0.0264562747891595,0.000118923872108212,0.0130281934607148,0.0193210583302139,0.00328192193263163,0.416484097560068,9.40594671486168,0.560426654404337,0.100946080620965,0.44307517413248,0.117806953624554,0.147151336856635,0.132239471774417,0.000121188326640209,0.0143608399889633
0.00115316402355226,0.0265306795421534,0.000142547088638256,0.013888383505672,0.0115586848203465,0.000895251183294369,0.320218185844672,8.8381690865649,0.681729388437785,0.100601324425557,0.544915226864321,0.0978264105491483,0.136662221997977,0.121054393043499,0.00222976920120233,0.0145289460995072
0.000869827296670733,0.0260080309381795,8.44927254011196e-05,0.0143859164017957,0.0403245465186396,0.00486280970998694,0.220154378672367,8.15959535621888,0.781020129113335,0.0995795764966925,0.636694339844505,0.0793777973929765,0.124436234417908,0.109305272469525,0.00531834743099036,0.0130631068067768
0.000580054642443706,0.0249340655972076,4.97024240568855e-05,0.0145344389672325,0.0666372651301316,0.00848615349108366,0.117823669070496,7.38264796671884,0.860582807950208,0.0976846200838317,0.716752750585768,0.0624359280033648,0.110551537771618,0.0972171979799583,0.0091513335458927,0.0100035843945908
0.000290670533314996,0.023360896176083,0.000251838727233444,0.0143499177235588,0.0901989698747205,0.0116354837901387,0.0149894049193959,6.52152083828516,0.922597892340093,0.0947507543035589,0.783686646043913,0.0469699368859337,0.095215752972668,0.0850278595738766,0.013501885563169,0.00546104591911667
8.15577824453406e-06,0.0213461559712557,0.000511265306456288,0.0138507858137492,0.110755871923766,0.014197708053483,0.0864305907015213,5.59183388647395,0.969096859401324,0.0906552696723594,0.83644125018195,0.0329375358319302,0.0787645787078214,0.0729703838988839,0.018153948924524,0.000362028392982272
0.000261403857686249,0.0189520884191497,0.000815298251074736,0.0130581527949474,0.128101336117011,0.0160829521257123,0.184441122492288,4.61025381905804,1.00192699101959,0.085315480242658,0.874220367121095,0.0202948457701448,0.0613928870829766,0.0610984897837603,0.0229868080736477,0.00729554977974034
0.0005123738239039,0.0162445755595344,0.00114978296106027,0.0119960871157607,0.142078464744864,0.0172377110248203,0.277036559242349,3.59417682056468,1.02273494730883,0.0787044188216437,0.896639980725887,0.00898497557221318,0.0436949455969091,0.0496494001868947,0.0278103638316888,0.0149585812977684
0.00073963217722306,0.013292110943132,0.00149984807825421,0.0106917882108347,0.152583842935191,0.0176396155896271,0.362273282850198,2.56127786173315,1.03295374512624,0.0708322649766187,0.903486427689097,0.00104236476823045,0.0256856493045527,0.0384534445468256,0.0326386817668023,0.0232397612823616
0.000938633448438919,0.0101646960217399,0.00185048346409733,0.00917573860281695,0.159570436037832,0.0172999799339046,0.438307337892463,1.52943317139638,1.03382741539772,0.0617495055267466,0.894717619427236,0.00983266462512104,0.00780061373890051,0.0275698937937783,0.0373816607723318,0.0318049515952592
0.00110547593652188,0.00693268709862353,0.00218733095497381,0.00748184564016169,0.163050221630384,0.0162740494873242,0.503453136240744,0.516323016586151,1.02642455123246,0.0515656605577817,0.870775945219165,0.01744589139625,0.00931056126222352,0.0171702983300807,0.0418938624165289,0.0401958374828882
0.00123696946246987,0.00366559294832411,0.00249753929508545,0.0056473015757451,0.163096180416739,0.0146548340618522,0.556248749014232,0.461126883684983,1.01165321301115,0.0404434083300978,0.832503951459368,0.023951376073488,0.0252420597634707,0.0072778152425228,0.0461166799238876,0.048095881794101
0.0013306973499454,0.000430852363770969,0.00277040670861561,0.00371217993821018,0.15984212812279,0.0125627428953002,0.595505203978156,1.38709691401383,0.990292406415882,0.0285867331702146,0.780991285656136,0.0294214447363828,0.0396700558828725,0.00210941554162181,0.0500175828286474,0.0552474935163078
0.00138506845971631,0.00270736375498948,0.00299785325865498,0.00171884902368746,0.153480514451655,0.0101386045304665,0.620344642628211,2.24716724818446,0.963025602443231,0.0162315945870054,0.71763439248826,0.0339395092792048,0.0521770222845719,0.0108574722683086,0.0535136483402542,0.0613633981569934
0.00139935516518963,0.00568928314035197,0.00317470551421151,0.000288879431357786,0.144257752028919,0.00752813582838978,0.630228556996467,3.0285783061338,0.930473634820705,0.00363617304447435,0.643820927833737,0.0375755531893691,0.0629101581723653,0.0192282054930477,0.0566714626558031,0.0664512629024971
0.0013737128960376,0.00846055390541025,0.00329868959590307,0.00226665566842763,0.132468513453866,0.00487656218196085,0.624979488830612,3.72015105247641,0.893246104345354,0.00892223073687313,0.561038477098099,0.040396738338548,0.0715586640845961,0.0270496663376516,0.0593674980303138,0.0702927752173367
0.00130918093350574,0.0109731433929385,0.00337037538652973,0.00417063892277722,0.118448606490706,0.00232002240453989,0.604791551896715,4.31258877005389,0.851959981872785,0.0211688116602028,0.471083633449702,0.0424850250641221,0.0779115072698706,0.0340827218924018,0.0614619648141214,0.0727542244829059
0.00120766177592047,0.0131860758822425,0.00339293046300382,0.00595849458202865,0.102566553059151,1.57744503616181e-05,0.570229036068944,4.79872188872313,0.807253174571541,0.0328051479361336,0.375798236424042,0.0439097502374516,0.0820625829078692,0.0405041654962328,0.0629114084009373,0.0738203681708135
0.00107187984709634,0.0150659898323604,0.00337183254426776,0.00759059961544545,0.0852132485644155,0.00203134335988907,0.522245803928761,5.17349271695921,0.759809839497064,0.0435500389408654,0.27708611098617,0.0447435714342478,0.0839925956711542,0.0459932065851536,0.0635891318024276,0.0735217361575153
0.000905316088054109,0.0165874812067076,0.00331423349918891,0.0090310461656125,0.0667921268797373,0.00365593202846411,0.462132447127182,5.43408423871899,0.710346860630923,0.0531503715710282,0.176915429768338,0.0450611893060576,0.083815666533973,0.0505054546162642,0.0634024189365734,0.071907963327151
0.000712125375059491,0.0177332579237202,0.00322840256081491,0.0102484975627234,0.0477091471364498,0.0048511386273434,0.391483890691957,5.57990681444037,0.659606948719849,0.0613857422653343,0.0771870722322296,0.0449339353171343,0.0817636620901633,0.0539287169341104,0.0622995824715125,0.0691438749978268
0.000497037768911079,0.0184940963183049,0.00312304725530455,0.0112168541299639,0.0283639407689807,0.00560974571829366,0.312139175386307,5.61249812664312,0.608339447103635,0.0680732516617419,0.0202923317290633,0.0444284266127336,0.0780554248072844,0.0562080850477586,0.060219310099848,0.0653634606742057
0.000265248848387634,0.0188686387597331,0.00300674946054258,0.0119157356875455,0.0091422832991982,0.00595107740169119,0.226132091454844,5.53541579334204,0.557279986936112,0.0730619137970386,0.113812233132544,0.0436043082211828,0.0729207084086626,0.0572877550214569,0.0571098160158922,0.0607074468665887
2.23013808033912e-05,0.0188630471249967,0.00288745298210102,0.0123308525325152,0.00959069439421074,0.00591939379679643,0.135635880112204,5.35411046746988,0.507126394618497,0.0762456852114749,0.201798255812311,0.0425154302339478,0.0666359750556578,0.057131002478928,0.0529668198659365,0.0553505720670049
0.00022603881137373,0.0184905333168529,0.00277200300353186,0.0124542074462798,0.0274958791267422,0.00557909058264439,0.0428958847768155,5.0757490405172,0.45851282088202,0.0775677891565438,0.282838091282436,0.041209879629307,0.0594629115155445,0.0557297206300672,0.0478081304176193,0.0494522430296243
0.000473909461211397,0.0177707963691041,0.00266581538030275,0.012284154156577,0.0442642581852939,0.00500725247925675,0.0498305507033837,4.70904389516429,0.411986799337909,0.0770093605807203,0.355638644359922,0.0397293084492745,0.0515897874370591,0.0530765421356696,0.0416306879816767,0.0431132723705461
0.000715478713605444,0.01672938397322,0.00257267611791212,0.0118253666854883,0.0596205618618221,0.0042895606649274,0.140327198425992,4.26408035307313,0.367990811818078,0.074608399962823,0.419149705432962,0.0381103093133201,0.0433525771075041,0.0492822739073188,0.0346089826931077,0.0365509164478665
0.000945070187565733,0.0153969900068497,0.00249462720265781,0.0110886824306014,0.0733257286787591,0.00351288659009329,0.226486248837583,3.75202324793554,0.326848996793251,0.0704435954585107,0.472489343072887,0.0363841509173332,0.0348689502376397,0.0443814588913618,0.0267765391911543,0.0298111102359562
0.00115728394022541,0.0138087108327289,0.00243202181373725,0.010090862934086,0.0851789038365014,0.00275842286840735,0.306347982928738,3.1849274360718,0.288762182764313,0.0646438715699938,0.515057816601793,0.034577632989666,0.0264494669722545,0.0386023045415733,0.0184213426201247,0.0230972968309185
0.00134711174873448,0.0120032651190727,0.00238369455749288,0.00885425196783453,0.0950188669529076,0.002095637586297,0.378157306711654,2.57535132715291,0.253810345129761,0.0573804012899916,0.546541183478327,0.0327135322911551,0.0182347116162083,0.0321096119485623,0.00972443398873979,0.0164827493144796
0.00151004421788214,0.0100221911622698,0.00234722643156626,0.00740630101546361,0.102725090369589,0.00158098633010099,0.440386455640789,1.93617668442502,0.22196220326417,0.0488331913418057,0.566612948982574,0.0308108820930768,0.0101350735738557,0.0248798869113346,0.000641463210832027,0.00985570469634944
0.00164216806139938,0.0079090210308895,0.00231923213972296,0.0057790943681909,0.10821891052515,0.00125295653261883,0.49173799114282,1.28059653971651,0.193088724693949,0.039209470468748,0.575175797637209,0.0288861216368029,0.00240594114684856,0.0172633531720263,0.00843184543265452,0.00340007079296789
0.00174025326019844,0.00570843290777054,0.0022957505019412,0.00400875527274387,0.111464496015738,0.00113170998749351,0.531176961865114,0.621729577186929,0.166982952353096,0.0287429339338458,0.572376682425034,0.0269539988208675,0.004927058187566,0.00939431415750047,0.0173462716899365,0.00289136140383572
0.0018018268913822,0.00346539090274641,0.00227261583565319,0.00213475468766785,0.112469050019044,0.00121602271222289,0.557947911223731,0.0276177966868225,0.143382584371892,0.0176895685181337,0.558689387069602,0.0250277313044148,0.0116526760675514,0.00165855663162096,0.0256935546076956,0.00884838349110395
0.00182523192608275,0.00122428995696912,0.0022458873460236,0.000199046250584025,0.111282069064927,0.00148634260324493,0.571591757487028,0.65535820553118,0.121996337769154,0.00631523277390243,0.534817885550188,0.0231195577716183,0.0177769523251546,0.00580683808499016,0.0333344529768829,0.0144870719437141
0.00180966707331254,0.000971873403526858,0.00221215318291801,0.00175491735436711,0.107993546364943,0.00190986167439715,0.571948134245823,1.25025209531958,0.102527254630156,0.00511156149481311,0.501533350798069,0.0212414201532406,0.0233109925723731,0.0128786137758922,0.0401445451871943,0.019821533340044
0.00175520661674877,0.00308228838274569,0.00216877258863057,0.00368320455697182,0.102731619096945,0.00244253135537785,0.559154023493436,1.80201692943395,0.0846937073499691,0.0163272648327381,0.459755759044446,0.0194048782645801,0.0281950945975753,0.0193565213053881,0.0459370808886481,0.0247848509095991
0.00166279939706815,0.00506906272823505,0.00211406831919181,0.00554247048979757,0.0956593788718836,0.00303292987979552,0.533631466824919,2.30154106021401,0.0682488539237067,0.0270877779565381,0.410610121081512,0.0176204283251862,0.0323546635404556,0.0250429887672335,0.0505522414379078,0.0292803929777747
0.00153424650569467,0.00689788028703792,0.00204741893861682,0.00729100868199284,0.0869705442106289,0.00362797103905107,0.496070462023028,2.74105225283154,0.0529952515465659,0.0371525189777675,0.355254032079264,0.015899058114736,0.0358405268561894,0.0299529519784402,0.0539888002763967,0.0333602381184536
0.00137215818764935,0.00853856545212835,0.00196924459491843,0.00888977895417601,0.0768846237664733,0.00417711591691184,0.447426840060362,3.114119846697,0.0387914979660888,0.0463009302637058,0.294912811818399,0.0142510211842536,0.0385819241970926,0.033951844298503,0.0561727609371412,0.0369158196936646
0.001179890809063,0.00996554702244218,0.00188092029474829,0.0103033554711047,0.0656416019661799,0.00463614132919466,0.388886457729704,3.4157801739145,0.0255567615996281,0.0543472365783568,0.230899122422584,0.0126851466499098,0.0405502323391969,0.0369972618119522,0.0571084578974717,0.0398870270947059
0.000961466416819823,0.0111582109986625,0.00178462671348445,0.0115007154026741,0.0534962726667753,0.00496852263095701,0.321837875338694,3.64258728407548,0.0132682401420006,0.0611162645513356,0.164540016373961,0.0112102540936319,0.0417292741893095,0.0391024326605063,0.056811377595036,0.0422511114480828
0.000721477381875335,0.0121011375885358,0.00168316267494228,0.0124559647349049,0.0407122105709253,0.00515056097169437,0.247852561720165,3.79261397387274,0.00195287133588898,0.0664785759119928,0.0971571234920438,0.00983268511021993,0.0421013787678095,0.0402664164617015,0.0553979947510262,0.0439228007150403
0.000464978258502224,0.0127842184802587,0.00157966541356025,0.013148835029121,0.0275561223116821,0.00517105461251905,0.168621285565639,3.86543723237493,0.0083224870986218,0.0703420467823305,0.0300477870208345,0.00855698851744076,0.0416561551629414,0.0405381115135448,0.0529429315962978,0.0448745247522269
0.000197369986777662,0.0132026663160899,0.00147738870069203,0.0135650042620117,0.0142925222330192,0.00502942391430322,0.0859300658229351,3.8621033322268,0.017466451077872,0.0726285938829765,0.0355177875103166,0.0073870086181787,0.0403727938466837,0.0399632027449007,0.0495218750542414,0.045067560861927
7.57216791298365e-05,0.0133569178405904,0.0013794779438534,0.013696343626719,0.00117842352635017,0.00473788308937528,0.0016297371189503,3.78507508687726,0.0253795876460215,0.0733066763203781,0.0983635027885438,0.00632385981116776,0.0383068649946223,0.0386417228228622,0.0453442289558241,0.044495410406269
0.000348570976044238,0.0132524367202013,0.00128872056424933,0.0135409714952743,0.011541120323417,0.00431855612011349,0.0824250711511987,3.63810594838806,0.0319693546658129,0.0723792065655367,0.157386942693405,0.00536685700785396,0.0354445630502952,0.0366219359842243,0.0404815748208077,0.0431286696366494
0.000615476364284051,0.0128994346114545,0.00120738792015462,0.0131031732799436,0.0236370484573211,0.00380117048254072,0.164403805230319,3.42617466698024,0.0371656921211238,0.0698796028504465,0.211576391524159,0.00451359744478147,0.031852674486432,0.0340054611478119,0.0351105838893429,0.0409907051595734
0.000870882279416785,0.0123125138045921,0.00113709456378031,0.0123932214832559,0.0348998844019196,0.00322084152202545,0.242541377025915,3.1553624902871,0.0409332560083904,0.0658671597123383,0.259985592952614,0.00376043972119231,0.02751943340862,0.0308238348128811,0.0292844858648273,0.0380530753263496
0.00110949628638246,0.0115102433251878,0.00107872047400903,0.0114271023256659,0.0451429528630633,0.00261596875749481,0.315170861150718,2.83273611086192,0.043280800877755,0.0604589809990238,0.301948326480541,0.00310051130537141,0.0227615745821609,0.0273366103224861,0.0234105977107049,0.0345474686931655
0.00132639927544154,0.0105146783026505,0.00103236937351348,0.0102260724460393,0.0542045513556465,0.00202469990140683,0.380794874488568,2.46597344449029,0.0442623628272002,0.0537983167060792,0.336922811050699,0.00252598406612,0.0174780825695686,0.0234776915512648,0.017387082485211,0.0303844810265796
0.00151714551094373,0.00935084396226973,0.000997409333991506,0.00881612638165391,0.0619497421006228,0.00148265738510711,0.438078616749777,2.06343305181465,0.0439809132535399,0.0460250776878033,0.364290330795015,0.00202998060301509,0.0116863659311895,0.0192548826185414,0.0112394218848583,0.0255632230415724
0.0016778522769556,0.00804617855713474,0.000972530831974794,0.00722748309939333,0.0682725023856631,0.00102155917561342,0.485861367074932,1.63412998287082,0.0425871545250588,0.0373055751046662,0.383569521429938,0.00160498563975048,0.00558289781726251,0.0147947237701551,0.00515123785902816,0.0202369621445946
0.00180527888561444,0.0066299373019359,0.000955872866800878,0.00549402663106781,0.0730973156030551,0.000663270855735664,0.523196429753245,1.18740087472499,0.0402703251726809,0.0278512470790938,0.394758711727456,0.00124147499511546,0.0003889005270028,0.0103921849806997,0.000509388688139545,0.0148021764987514
0.00189689283431993,0.00513257712013563,0.000945242696153592,0.00365254466538447,0.0763794825115457,0.000420227394953535,0.549390977177975,0.732386770408249,0.0372427231595454,0.0178897952627841,0.398070213736765,0.00093012727133815,0.00621749410911521,0.00600608996573349,0.0057949583786534,0.00926058783264916
0.00195091933823743,0.00358514496569028,0.000938282577674254,0.00174188473760822,0.0781045995009895,0.000295992263452808,0.56400715208325,0.277983752315593,0.033728555075829,0.00764743779230497,0.393754474649555,0.000662897420358314,0.0117834864621904,0.00167697286459301,0.0106730756481695,0.00372703449847656
0.00196637409364575,0.00201867841448796,0.00093265416248256,0.000197898424655451,0.0782878723695198,0.000285455685116467,0.566858194989163,0.167255301932451,0.0299514790766037,0.00265415757939285,0.382146763022153,0.000432960379943723,0.0170008485532661,0.00257610133692709,0.015139144555098,0.00171563220310456
0.0019430787919783,0.000463622843832089,0.000926200799090893,0.00212640100251155,0.0769731172391463,0.000375496963609485,0.558001491192319,0.595220882870023,0.0261224456520269,0.0128017260413909,0.363705419874958,0.000234706301426308,0.021726069180498,0.00667601440576771,0.0191361908129642,0.00691820076782024
0.00188165951287433,0.00105072675417981,0.000917091202315756,0.00400373595326479,0.0742312610488245,0.000547569325939356,0.537731080265618,0.998381527468933,0.022428146818609,0.0225831571347109,0.338940930022043,6.40434597212591e-05,0.0259284107547455,0.0106477528934619,0.0226941270191978,0.0118667452559936
0.00178352775884116,0.00249675001440262,0.000903908526267649,0.005791385834538,0.0701585183305858,0.000778398879759279,0.506577144390236,1.36983139025741,0.0190223370889753,0.0317980359258514,0.308483922950482,8.19407652542248e-05,0.029450251204004,0.0143679695279662,0.0257254277144071,0.016378645184099
0.00165084473645383,0.00384898480446122,0.000885738171537476,0.00745303455047757,0.0648740358894563,0.00104173803792327,0.465286984981394,1.70347619251476,0.0160177143776189,0.0402606194450939,0.273088840455727,0.000205071308091586,0.032232264595641,0.0178026585098903,0.0282138439485069,0.0203920708158323
0.00148646937674646,0.00508455684654805,0.000862197906355888,0.00895535083864185,0.0585169271743606,0.0013108481467562,0.414812895373413,1.99412551718142,0.013481969174193,0.0478023071151268,0.233588608439365,0.000306237669702416,0.0342149736791341,0.0208814808754575,0.0301260086837322,0.023819784185302
0.00129389141522918,0.00618354598071637,0.000833428401012082,0.0102686947749597,0.0512428898212687,0.00156059488087721,0.356286439634341,2.23758700735868,0.0114368436849555,0.0542818563429266,0.190885050063139,0.000385725073487101,0.0353800566853169,0.02354963473267,0.0314467056532167,0.0266101753796028
0.0010771514563348,0.00712928100101867,0.000800040926161039,0.011367707557554,0.0432204839512063,0.00176930575617159,0.290989498394268,2.43071966140965,0.00986077061034004,0.0595810096761789,0.145904181710478,0.000443368543933333,0.035739942719308,0.0257758307627486,0.0321744387167938,0.0287503677724663
0.000840750398217294,0.00790855841879776,0.00076303361193597,0.012231789299078,0.034627273231319,0.00192020041844923,0.220329072580323,2.57144563947102,0.00869471229079392,0.0636065609423977,0.0995742739569795,0.000478840781308677,0.0353282539616816,0.0275240528796094,0.0323109411717073,0.0302361287309793
0.000589550441331133,0.00851178379092242,0.000723681876203752,0.0128454580383612,0.0256459565204526,0.00200250973013225,0.145804181832852,2.65874485689602,0.00785024592287646,0.066297558457147,0.0528087648316031,0.000491989756121452,0.0342043898205906,0.0287635008537913,0.0318686461609229,0.031079643961184
0.000328670326748881,0.00893303669159368,0.000683415768124362,0.0131985662522586,0.0164606317992783,0.0020113683106434,0.0689702991770569,2.69262976652624,0.00721929044323625,0.0676170433011357,0.00649559024630584,0.000482920917850126,0.0324208727796096,0.0294767014299702,0.0308537742755128,0.031306129166261
6.33774168672385e-05,0.00917006276337125,0.000643708328712744,0.0132864115114079,0.00725322833595931,0.00194717688983423,0.00858269645967593,2.67411826389734,0.00668484319412084,0.0675428048968202,0.0384943375914615,0.000452042490649987,0.0300199359559739,0.0296408997531226,0.0292615909137005,0.0309350656354996
0.000201021746109253,0.00922419552457527,0.000605971680942563,0.0131097786908226,0.00179996753261148,0.00181575864377479,0.0852523001901891,2.6052107235969,0.00613183358261347,0.0660798651333883,0.0813242411651416,0.000400356900848115,0.0270890663103539,0.0292406489087282,0.027120480148925,0.0300005984956958
0.000459290749112995,0.00910021030124585,0.00057144743511417,0.0126748720460303,0.0105315772384814,0.00162826131030145,0.159465303460854,2.48882598675483,0.00545710579031226,0.0632744179563549,0.121236877300214,0.000329694467656031,0.0237483491915443,0.0282862748791246,0.0244918539229104,0.0285609667919956
0.000706369754048808,0.0088061167631658,0.000541111539924977,0.011993096429508,0.018785981163419,0.00139977856657797,0.229724341080997,2.32869609896584,0.0045777576863478,0.0592072833980107,0.157569076914478,0.000242635687211406,0.0200995971377991,0.0267998399430981,0.0214324540818565,0.0266748586841858
0.000937476254367464,0.00835289874175084,0.000515612368464868,0.0110807148863927,0.0264217559189365,0.00114771827099859,0.29464247422029,2.12925517307739,0.00343733208464298,0.0539866647299474,0.189764137221597,0.000142368263655487,0.0162519598814694,0.0248253432805788,0.0180182239456227,0.0244126061923048
0.00114819803788846,0.00775420936231913,0.000495240421165111,0.00995841593945253,0.0333137004868797,0.000890153223610077,0.352969905890883,1.8955242750184,0.00200947090262607,0.0477369824841465,0.217341389190059,3.24869554880198e-05,0.012260838892074,0.0223865030319927,0.0142869518967289,0.0218117715966063
0.00133457688906891,0.00702602889399964,0.00047992973762323,0.00865082598925391,0.0393545690102607,0.000644464320245998,0.403609546180802,1.6330266208639,0.000299179378181505,0.0405995327355639,0.239919856589518,8.31649028826411e-05,0.00822767526439871,0.0195518384087753,0.0103338004457465,0.0189449073063209
0.00149318204718596,0.00618629104804626,0.000469283748964155,0.00718596907753706,0.0444564576128774,0.000426117648743814,0.445637396975323,1.34765213302073,0.00165874026915696,0.0327321045301623,0.257235893024897,0.000200680471186179,0.00423090660817194,0.0163875349046372,0.00624466700557558,0.0158714165177873
0.00162117227342118,0.00525448569692605,0.000462623999718748,0.00559467006669661,0.0485517898743282,0.000247713571527236,0.478317300825556,1.04553625398331,0.00380351765924248,0.0243036668144521,0.26911996439559,0.000316287745828759,0.000328499803688209,0.0129543775697206,0.0020953929837102,0.0126371696668062
0.00171634558560929,0.0042512453482859,0.000459059387035055,0.00390992258357644,0.0515939460529916,0.000117566443087496,0.501111390807071,0.732927695450369,0.00605420636300772,0.0154924989347,0.275571552181101,0.000426689228566402,0.0033555785364463,0.00939788101190986,0.00195215187314091,0.00935777422640161
0.00177717590769055,0.0031979239835253,0.000457571841982585,0.00216620402998168,0.0535573848159943,4.05745411103285e-05,0.513687687003478,0.416023191895057,0.00831710442171798,0.00648040263761164,0.276619141834973,0.000528956426512913,0.00687366665662448,0.0056820583277496,0.00592978848075121,0.00598041058650256
0.00180283574912887,0.00211617621056029,0.000457079800588289,0.000398781733883922,0.0544375751857641,1.77890406671062e-05,0.515921876095227,0.100981018488566,0.0104927070037809,0.00254874571153729,0.272349094110347,0.000620738484204416,0.0101455382495319,0.00192388146043787,0.00971368386553428,0.00258831654714275
0.00179320502865199,0.0010275389304087,0.000456526214662745,0.00135698900924065,0.0542507287477166,4.57352322753431e-05,0.50789680068051,0.206233458628732,0.0124839589748135,0.0114156403703541,0.263013536682457,0.000700540276970754,0.0130925450672545,0.0017489045403809,0.0131790409556856,0.00072555426965959
0.00174886572134425,4.69759534336668e-05,0.000454959293315405,0.00306637747041806,0.0530329507984019,0.000117767406063435,0.489897590334239,0.499999641551096,0.0142041399133451,0.0199410978799178,0.248929782805658,0.000767529865106768,0.0157179891231231,0.00531713356464569,0.0162985343028972,0.00396561394269335
0.00167108228336765,0.00108726797502542,0.000451587230570816,0.00469598163397633,0.0508390687037758,0.000224360655949862,0.46241093789925,0.775093715407928,0.0155831465161587,0.0279550234870973,0.230502536211396,0.000821667394326378,0.0179616829721191,0.00866219160835313,0.018971383684222,0.00704222203047722
0.0015617682302862,0.00207450816801916,0.000445833335638746,0.00621440668500914,0.0477411081213999,0.000353815436396205,0.426107305662572,1.02682209914211,0.0165727906196174,0.0353052764716317,0.208239101403178,0.000863698677678154,0.0197989256384726,0.0117150264458066,0.021145254949965,0.00990540100233683
0.00142343970312497,0.0029914639879388,0.000437365430786318,0.00759288083829191,0.0438263307903606,0.000493578209009561,0.38181935647175,1.25111229361877,0.0171499757892887,0.0418647224053254,0.182718556078666,0.00089502020846671,0.0212102037326526,0.0144029161572782,0.0227824215539901,0.0124930157977681
0.00125915762875684,0.00382278173788921,0.000426102055651523,0.00880577801511977,0.0391949639497897,0.000631315605201541,0.330518796769613,1.44457008851558,0.0173176583297829,0.0475097876614739,0.154521844463801,0.00091735708227842,0.0222132204605381,0.0167523049753757,0.0238942016074695,0.0148359464123442
0.0010724599046541,0.00455522239059383,0.000412198199783553,0.00983110759283822,0.0339578579241251,0.000755886658979622,0.273314832814068,1.6044665041731,0.0171036949572731,0.0521390783788861,0.124251331640254,0.000932700517446239,0.0227949327458239,0.018693702043497,0.0244690531025676,0.0168594151668879
0.000867284398005985,0.00517785018658579,0.00039601746938267,0.0106509196750933,0.0282340755405122,0.000857424197813582,0.211420807575775,1.72878624439959,0.0165581960448887,0.0556602002798749,0.0925358140793549,0.000943166715772522,0.0229440420585553,0.0202366161709489,0.0244973955159334,0.0185715301385325
0.000647884599379367,0.00568217151308756,0.000378099596125558,0.011251659576449,0.0221483309351003,0.000928688446955211,0.146148386765254,1.81623893404345,0.0157492299629163,0.0580163429919884,0.060018948525622,0.000950827717876507,0.0226761997468994,0.0213283553199949,0.0240194150383488,0.019896215565926
0.000418739133790869,0.00606222204948553,0.000359101023286179,0.0116243872166791,0.0158284151723107,0.000964800267324166,0.0788527217810276,1.86628418588781,0.0147573014128774,0.0591715348534613,0.027363553015961,0.000957599475618251,0.0219703854033003,0.0219740278856529,0.0230262075094763,0.0208294787769168
0.000184458270872101,0.00631460190060449,0.000339746435714439,0.0117648945216529,0.00940252404838064,0.000964497225313192,0.0109185166082018,1.87912729142777,0.0136689843722079,0.0591329061996767,0.00480991282405828,0.00096500133158837,0.0209030705765123,0.0221865838825712,0.0216364250147019,0.0213485091957698
5.03107484677301e-05,0.00643845842597423,0.000320753366696902,0.0116736691439205,0.00299681644874942,0.000928955058436311,0.0562986487312037,1.85566566649836,0.0125703871012735,0.0579205114992872,0.0358903968002517,0.000974152812068773,0.0194306856580002,0.0219691063843831,0.0198195445831075,0.0214478794860825
0.000280976473265415,0.00643542192013296,0.000302794152170716,0.0113557860642781,0.00326698565484899,0.000862123753310025,0.121469197420765,1.79748000941431,0.0115409081041685,0.0555799852780647,0.0653315177197504,0.000985655819404975,0.0176551189199365,0.0213775010866804,0.0177168502375722,0.0211519451344648
0.000503093369651486,0.00630949458328754,0.000286436858248695,0.0108207179921592,0.00927372477535528,0.00076982048760985,0.18333458382127,1.70674390859618,0.0106479128632511,0.0521697836140786,0.0926041703535805,0.000999632118843824,0.0155256727367958,0.0203955889582493,0.015291643063267,0.0204355279429419
0.00071244723691688,0.00606689938262548,0.000272120890267402,0.0100820839247975,0.0149168308385347,0.000659415775459066,0.240707143869425,1.58622758418955,0.00994227597644887,0.0477680197517475,0.117236862322301,0.00101572931203955,0.0131456489860611,0.0190901876167643,0.0126745163466376,0.0193447029481452
0.00090513518274582,0.00571588937015739,0.000260123360293907,0.00915733003819957,0.0201001139404243,0.000539506902400503,0.292513419142707,1.43916131001272,0.00945574158582097,0.0424906878939229,0.138898961779007,0.001033165923844,0.0106119673249808,0.0175323299772773,0.00997768067047577,0.0179396648096873
0.00107763784554216,0.00526652679013508,0.00025054756755738,0.00806728281323423,0.0247390250916149,0.000418666201657189,0.337822020021642,1.2691151741635,0.00920003131919312,0.0364604431737081,0.157295627080431,0.00105086905539219,0.00790787821867633,0.0157153418363353,0.00718961851264077,0.016211482128084
0.00122688219363831,0.00473043916380273,0.000243329703386141,0.0068356700884173,0.0287617845962725,0.000305071918572238,0.375840650294456,1.08001464653687,0.00916682302837866,0.0297970993228522,0.172094146475312,0.0010675143733421,0.00501260712769824,0.0136195816133516,0.00429458885494727,0.0141383906348825
0.0013502948718056,0.00412055166388932,0.00023825069109451,0.0054886518099172,0.0321105980472318,0.000205873021890844,0.405921885378949,0.87612335770619,0.00932906764283354,0.0226391693637347,0.183096601933596,0.00108172214340745,0.00210421121382209,0.0113788742255089,0.00146407003596682,0.0118598842061884
0.00144584570707784,0.00345079848593563,0.000234964578865515,0.00405429065606155,0.0347424218394322,0.000126548490354325,0.427588627941715,0.661822020171468,0.00964479999923612,0.0151406035860485,0.190266179720222,0.00109221131724577,0.000745119978522668,0.00904587075586472,0.00124112938578358,0.00943826346069043
0.00151207988655,0.00273582537946938,0.000233032203126982,0.00256195859494131,0.0366291577411235,7.10465643573264e-05,0.440542272907056,0.441512097620772,0.0100614310968204,0.00745871463105977,0.193577071011761,0.00109778109738103,0.00354505697556884,0.00659927843234243,0.00384017220082111,0.00686062420902811
0.00154813809199261,0.00199068981622597,0.000231954028691028,0.00104173307154558,0.0377577412692814,4.12333308291231e-05,0.444664029319012,0.219603580273882,0.0105200774911051,0.000249620570907583,0.193076679358616,0.00109751414112769,0.00619358682442672,0.004123854834443,0.00625329436384126,0.00422875855429972
0.00155376455194078,0.00123056114430541,0.000231215806435259,0.000476210089041259,0.0381299872476067,3.68324207132217e-05,0.440012205733448,0.000387766503912531,0.0109607894582291,0.00783115256044022,0.188907002818671,0.00109085679892934,0.00864322170888254,0.00165480199660095,0.00845189488918685,0.00159237589674033
0.00152930299413723,0.000470427695896593,0.000230327767097638,0.00196219475817767,0.0377620753695859,5.5672555333572e-05,0.426816748811219,0.212042524145136,0.0113273749287014,0.0151394988137286,0.181276626434526,0.00107764322333683,0.010840558012247,0.00076080044165816,0.0104030600800628,0.000986241089798279
0.00147568085804983,0.000275183151008795,0.000228860136068487,0.00338761924698128,0.0366837697309174,9.40222621279598e-05,0.405469377695344,0.413868412225867,0.0115716726073968,0.0220377351364863,0.170449447332958,0.00105809241644079,0.0127521878880469,0.00309222268955467,0.0120906153920329,0.00346378013572968
0.00139438231906786,0.000992466915989043,0.000226468729575213,0.00472550098137013,0.034937417918026,0.000147183254205521,0.376516353956935,0.601586000265758,0.0116568507350541,0.0283889665592616,0.156699126009135,0.00103271471160249,0.0143712255964774,0.00534819437260003,0.0135198266385478,0.00584001854203275
0.0012874105511067,0.00166858299730196,0.000222911667624004,0.00595100839630202,0.032576870483668,0.000209546916762514,0.340652718304823,0.772032617874919,0.0115597112640654,0.0340801893270736,0.140377835138399,0.00100239670839639,0.0156318156302787,0.00742324530197302,0.0146408281011484,0.00799887864849913
0.00115723996426853,0.00229187181758377,0.00021806486646847,0.00704191780502228,0.0296661226508836,0.000275139262455661,0.2986921451103,0.922487896761751,0.0112722281946624,0.0390049840686598,0.121871115948636,0.000968274199459802,0.0165379501246511,0.0093449739231789,0.0154633738639012,0.00996384451011767
0.0010067598897463,0.00285204240238363,0.000211921792927505,0.00797902830621177,0.026277782497697,0.000338233567195146,0.251563971405179,1.05068103104451,0.0108014426384934,0.0430841494075574,0.101603824323545,0.000931648119520506,0.0170685717532754,0.0110237899150752,0.0159692855328811,0.0116445485985912
0.000839210665982693,0.00334032832029877,0.000204585719132844,0.00874648093479392,0.0224913989987487,0.000393605359383659,0.200271538961336,1.15485372996347,0.0101684741344993,0.046254465445825,0.0800238648251705,0.000893905099614729,0.0172280952087696,0.0124747321660647,0.0161623799515423,0.0130567966259347
0.000658114334305848,0.00374960867124315,0.000196255674528523,0.00933200458071684,0.0183916808725032,0.000437024353161049,0.145887958858074,1.23375654884472,0.00940623271430763,0.0484681052762002,0.0575786784051551,0.000856387314047446,0.0170328513738518,0.0136630055390725,0.0160515821697614,0.0141719756543106
0.000467200854320948,0.00407449350821863,0.000187202805173925,0.00972709911465729,0.0140667161509616,0.000465507813855032,0.0895252526631541,1.28665653224237,0.00855648390754236,0.0497023393593771,0.0347179090754242,0.000820310628084543,0.0165025434888679,0.0145760330596676,0.0156473976967914,0.0149846394093236
0.000270331709225413,0.00431137357945241,0.00017774579708707,0.00992712154964706,0.00960619227924664,0.000477235376353184,0.0323147915932419,1.31333322109483,0.00766633381609055,0.0499436672852263,0.0118876341533831,0.000786732273006981,0.0156463427331547,0.0152073113101978,0.0149498728492594,0.0154951803585229
7.14222809754528e-05,0.00445843466881049,0.000168228513220292,0.00993133040472121,0.00509963148366884,0.000471505497301626,0.0246001497327564,1.31407837892235,0.00678442211869374,0.0491859253871566,0.0104616052767832,0.000756520300786033,0.0144740679635221,0.015541023485046,0.0139578186086536,0.0156959886580978
0.000125636352940717,0.00451563652827196,0.000158993786675943,0.00974289058247403,0.000634614999493431,0.000449320940649818,0.0800871650148443,1.28968589242839,0.00595713237999618,0.0474651521206542,0.0319206814730281,0.000730163582884415,0.0130798071154098,0.0155760130750082,0.012744415713526,0.0156008978398919
0.000317054425814645,0.00448465754438292,0.000150349172240549,0.00936872968700397,0.00370481919545212,0.000412963325346359,0.133077350660307,1.24138962427052,0.00522527995829951,0.0448440089498302,0.0521188706027668,0.000707815514267743,0.0114822543436708,0.0153156344842992,0.0113177286558854,0.0152206722316537
0.000499216287932036,0.00436880936860775,0.000142548750503124,0.00881928837805946,0.0078396178780066,0.000365491782907314,0.18257651744451,1.17083770131972,0.00462126642028479,0.041390984160743,0.0707065942641878,0.000689364768377601,0.00971245217126548,0.0147684103943335,0.00969788629480406,0.0145712526854543
0.00066874795678773,0.00417292347964718,0.000135778544029463,0.00810824281010549,0.0116970641827394,0.000310630132600444,0.227677153357317,1.08005373265544,0.00416700702898874,0.0371902267351368,0.0873864132529645,0.000674416372187857,0.00783186730853724,0.0139613609134043,0.00793627011419462,0.0136862271601288
0.000822578612279301,0.0039032125302973,0.000130146186154256,0.00725217313718382,0.0152119319925144,0.000252399671241903,0.267576356194987,0.971375562224266,0.00387282267865315,0.0323357014423655,0.101894612748582,0.000662362037879437,0.00585510886429619,0.0128988856889306,0.00604201653911007,0.0125734049370912
0.000957995010112844,0.00356711026540196,0.000125678544665941,0.00627019337439152,0.0183275021170265,0.000194838624686208,0.301582793224633,0.847431210109149,0.00373705540606967,0.0269290955941591,0.113993600614849,0.000652436163036127,0.00381912711439969,0.0115994974296854,0.00404804439708428,0.0112535265525556
0.0010726882333203,0.00317309204514628,0.00012232375031429,0.00518355195686516,0.0209964643536097,0.00014171649585508,0.32912951528327,0.711082499790546,0.00374668795133441,0.0210865569838502,0.123527169106582,0.000643762659119589,0.00180318049521611,0.0101214862285285,0.0020334581552538,0.00978412164865794
0.00116479196819808,0.00273047999109235,0.000119960120844809,0.00401518169579196,0.0231815228946621,9.61839859719186e-05,0.349789332625253,0.565317240776264,0.00387909341476847,0.0149334126050459,0.130425046658175,0.000635450088711772,0.000145597841193945,0.00850886999784961,4.92132327745143e-05,0.00820583813793163
0.00123291135956349,0.00224923940112761,0.000118409976558986,0.00278921304728481,0.0248556903179947,6.07349785360036e-05,0.363280103737284,0.413185270961712,0.00410425531685796,0.00859669593460227,0.134627891282911,0.000626646242873816,0.00204185507401433,0.00674937773427398,0.00191585174275022,0.00650364230450118
0.0012761420231997,0.00173977040305327,0.000117453903965004,0.00153048080695265,0.0260025045122067,3.69367740200854e-05,0.36946499561256,0.257791258168662,0.0043870917133229,0.00220321774026507,0.136128137984238,0.00061662271198746,0.00382068575723704,0.00491683081851013,0.00378730128808247,0.00474406745534395
0.00129407919986479,0.00121269652254808,0.000116851406000595,0.000264030062908229,0.0266160675198513,2.5406929397434e-05,0.368351690188853,0.102203287818042,0.00469048648234725,0.00412083833848979,0.134977687637222,0.000604811502866969,0.0054697803834185,0.00302983994946815,0.00554527960876494,0.00294020531119676
0.00128681702125188,0.000678655083120371,0.000116357893251262,0.000985377365719381,0.0267008574078194,2.59320794794772e-05,0.360092195005039,0.0505839167663644,0.00497807385460607,0.0102490805644411,0.131255628803799,0.000590822670782305,0.00696873173672541,0.00111717456849925,0.00716046717520102,0.00111444152603557
0.00125493791573472,0.000148092518503382,0.000115741935994507,0.00219375483012134,0.0262714192474457,3.73836094680942e-05,0.344980842154157,0.197695320031938,0.00521691219027206,0.0160606287555776,0.125100078420213,0.00057449646721399,0.00827998497202465,0.000762496056973982,0.00858451184108144,0.000682172271726955
0.00119949233666494,0.000368932096455638,0.000114804156492898,0.00333836004640499,0.0253518272835309,5.76736840226744e-05,0.323440117957984,0.336464934323972,0.00538001545739496,0.021456920100999,0.116746612649211,0.000555949374316026,0.0093595541838829,0.00251858848075004,0.00976199486096718,0.0023669388862797
0.00112196977038148,0.000862929301742565,0.000113392470485696,0.00439809432003451,0.0239748018960628,8.43569393943844e-05,0.29600130380626,0.464513825776635,0.00544821397648794,0.0263337517513841,0.106419290981049,0.000535463678886042,0.0102429171497941,0.00421811275847239,0.0107254830161391,0.0040085342297852
0.00102426192657479,0.00132514292420014,0.000111405577235324,0.00535390227504567,0.0221808125807427,0.000114686905908846,0.263313890389815,0.579713830506317,0.00541085018106218,0.0306061877903147,0.0943750343975282,0.000513495875160086,0.0108941553916637,0.00575339791369178,0.0114312334237616,0.0055044243144543
0.000908618258869121,0.00174769559161163,0.000108799602403398,0.00618911040453786,0.0200170778450738,0.000145782515164942,0.226107965829183,0.68026769630216,0.00526636588694768,0.0342052639114249,0.0809051444145497,0.000490643924574603,0.0113209345903681,0.00714153768496995,0.0118847157224534,0.00687281973731479
0.000777595603869141,0.00212371223348864,0.00010558685497708,0.00688969995137975,0.0175364214716317,0.000174915133367655,0.18519381561744,0.764707282685717,0.00502181838112715,0.0370658040171837,0.0663025087954209,0.000467581147274717,0.0115199026326651,0.0083572200818145,0.0120814835722899,0.00808876597543484
0.00063400247903167,0.00244742070656094,0.000101831405248998,0.00744455764195467,0.0147961121868511,0.000199676458486058,0.141445108571802,0.831912599935138,0.00469192294551914,0.0391441806400038,0.0508814720310397,0.000445005968902584,0.0114928106169242,0.00937253190262666,0.0120247921720786,0.00912294734739894
0.000480839125421628,0.00271422841253729,9.76399711158926e-05,0.00784564328335494,0.0118566238623275,0.000218276477200688,0.0957689218008177,0.8811307497089,0.00429758022219745,0.0404292232421731,0.0349650185656986,0.000423546488488896,0.0112584010381496,0.0101647389233747,0.0117386984870416,0.0099487235986373
0.000321235361468775,0.00292077369877008,9.31494616329687e-05,0.00808804100406816,0.00878036674348629,0.000229390634689168,0.049078551869385,0.911978066100279,0.00386396649854215,0.0409091753673982,0.0188736224487931,0.000403788225107576,0.0108053787576911,0.0107498251527747,0.0112137793814749,0.010580474238423
0.000158387805583082,0.00306495193421265,8.85174668669997e-05,0.00816999398865771,0.00563042366170401,0.000232406558352849,0.00229925011264023,0.924431688750288,0.00341834450834877,0.0405887793088638,0.00291280140111449,0.00038617549043951,0.0101694183842019,0.0111171125066797,0.0104945124755149,0.0110014592779876
4.50330806089916e-06,0.00314591676622472,8.39066817865941e-05,0.00809288488097854,0.00246934510664981,0.000227302576850042,0.0436627141263966,0.91881301457758,0.00298792872067371,0.0394855802049293,0.0126156340615175,0.000371024277543914,0.00934065220567415,0.0112671535869978,0.00957493156446299,0.0112093961531061
0.000164296167891154,0.00316405768393895,7.9474986165895e-05,0.00786115969158037,0.000642032266460612,0.000214660404971158,0.0879247245694708,0.895785123229001,0.00259776613421433,0.0376310180913379,0.0274252885621622,0.000358487011235713,0.0083538139235626,0.0112041336906193,0.00849798333774143,0.0112029868903012
0.000317967530312435,0.00312095432204916,7.53625034413119e-05,0.00748220059303156,0.00364570842450927,0.000195610389451963,0.129652630637664,0.856325650691399,0.00226893028436846,0.0350737206326299,0.0412485232233248,0.000348541610290533,0.00721983322292497,0.0109308451759522,0.00728024254484017,0.0109812580252936
0.000462669565221674,0.00301930922340634,7.16820617117087e-05,0.00696612895456977,0.00648755636659396,0.000171781922720054,0.16807823611229,0.801697302142322,0.00201709068571642,0.031884914534546,0.0538703985342196,0.000340970534636179,0.00600385124719161,0.0104790177981254,0.00599406102227862,0.0105714373355045
0.000595782030940128,0.00286286147833501,6.85108229516729e-05,0.00632553066856974,0.00911817462184098,0.000145005118410214,0.20252237092487,0.733391612690651,0.00185167514037876,0.0281389747603751,0.0650806179121758,0.000335443779830553,0.00467318145164586,0.00983313991213164,0.00460877432286511,0.00995664090882253
