step,r_n,r_e,r_d,v_n,v_e,v_d,phi,theta,psi,p,q,r,T1,T2,T3,T4,ref_rn,ref_re,ref_rd,ref_vn,ref_ve,ref_vd,ref_phi,ref_theta,ref_psi,ref_p,ref_q,ref_r,ref_T1,ref_T2,ref_T3,ref_T4
1,1.7,-0.2,-0.5,0,0,0,0,0,0,0,0,0,0.714213645042355,0.71417275446633,0.71417275446633,0.714213645042355,1.5,0,-0.5,-0,0.498665500569808,-0.075,0.0380042127733782,2.32484681781793e-18,1.5707963267949,-7.72880601436868e-19,0.0126312187577933,0.747458141379647,0.714213645042355,0.71417275446633,0.71417275446633,0.714213645042355
2,1.7,-0.199999871063875,-0.500010811157263,-5.84339330426601e-18,4.41343455292059e-06,-0.000132270555459109,1.0530807678638e-05,1.42753504252348e-17,7.7185508793872e-23,0.000128840591728805,1.64035811760787e-16,0,0.713680088655966,0.713679891225,0.713679891225,0.713680088655966,1.49813538206105,0.0498458838485785,-0.507499996544087,-0.03728463400883,0.498045555135715,-0.0750000542653017,0.0379454834158074,-0.00157160484816278,1.64543340917414,-1.35452794581025e-07,0.0126496102976421,0.745048991134329,0.715015122341456,0.713372126140969,0.714972946407988,0.713411636075328
3,1.69976016372611,-0.199541667813985,-0.500375089647919,-0.0109243021061813,0.0204307924028586,-0.00798753524063692,0.0719489549932879,0.0350190040849032,0.0554011303790388,1.64926353379917,0.887372804090531,1.26633293646775,0.391224409499198,1.11229009148644,0.208914626219324,1.17220024485904,1.49254616354422,0.0995678340817767,-0.514999994478859,-0.074476580320156,0.496187380756175,-0.0750001176058689,0.0377714495296634,-0.00311385449601857,1.71962320313028,-3.54806443287959e-07,0.0127074589458918,0.738291975537659,0.716281400178317,0.71210505855448,0.716236813118472,0.712141855983383
4,1.6949901088897,-0.19116710424535,-0.502225767502862,-0.0995166027206284,0.173330511829691,-0.0276485619619337,0.245505592001978,0.0689507923396422,0.242271893280724,1.24794436667335,0.129542419426749,2.25265446588285,0.443578511930523,0.96162938953643,0.57763050410956,0.995095422536104,1.48324623891504,0.14904223980777,-0.522499994060197,-0.111483378548877,0.493095687226416,-0.0750001755937402,0.0374884469668543,-0.00459784235154382,1.7929237968048,-5.23665518752769e-07,0.0128041072116727,0.727293782380165,0.717406531883618,0.710975987858652,0.717359965167299,0.711010285634492
5,1.67828579735866,-0.161219072231113,-0.504797680575993,-0.238196648392185,0.433132187006316,-0.0204282127292062,0.306347355569867,0.00432256133045286,0.487378712854603,-0.318567448565771,0.196180404281251,2.75817140214321,0.581347184585434,0.914103189151492,0.66550398671367,0.796082677273621,1.47025872847977,0.198146106256008,-0.529999994760711,-0.148213013564023,0.488778123337747,-0.0750002271406992,0.0371064509199513,-0.00599784593990066,1.86493708805032,-5.88146064917913e-07,0.0129366501864308,0.712560331300952,0.718393113590688,0.709982583961219,0.718344814485254,0.710014412551822
6,1.64716100132263,-0.105501801364182,-0.50678408169263,-0.382422201168638,0.666277157301026,-0.0240032819007155,0.220700442304221,-0.029213469174371,0.775107768684908,-1.16676386507717,0.726529282116437,2.93889358404135,0.718012761488311,0.81848800891951,0.70318812552256,0.739553083852671,1.45361592159127,0.246757355833802,-0.537499996178799,-0.184574159132925,0.483245386265144,-0.0750002730970828,0.0366381995532008,-0.00729201133208076,1.93531946135612,-5.63391849374875e-07,0.0131025654125287,0.694693820093648,0.719208622427836,0.709157443861984,0.71915884324053,0.709186855297771
7,1.60283737859983,-0.0320842927565415,-0.510186717070401,-0.495576810858432,0.782447042747371,-0.0463179070640171,0.104632164414703,-0.0152316503126961,1.07440548368039,-0.866826785150626,0.382765424348581,2.89648913721281,0.770554617466491,0.688635659273795,0.75049873107703,0.74543660960534,1.43335919602514,0.294755132822728,-0.544999998014112,-0.220476411110794,0.476511211728466,-0.0750003139003072,0.0360981946727175,-0.00846290641710104,2.00379111350899,-4.86856630026615e-07,0.0132990280096388,0.674364040937981,0.719837913151441,0.708515808896967,0.719786910505449,0.708542888503478
8,1.54994737913242,0.0482849989054201,-0.515564599537473,-0.553921683795673,0.815831628054496,-0.0592638293281955,0.036879196619887,-6.56876804254922e-05,1.35607876091548,-0.458511947497888,0.379518029490979,2.68598672221906,0.806757858040021,0.650421472571794,0.767138487953402,0.66292244460492,1.40953891446393,0.342020105525086,-0.552500000035904,-0.255830512382364,0.468592337009225,-0.0750003497402812,0.0355017059633649,-0.00949769873282309,2.07014005008938,-3.91133313465116e-07,0.0135228790951627,0.652254531577222,0.720279880014216,0.708058905070078,0.720227913229975,0.708083775158012
9,1.49335870549145,0.129559076316989,-0.522204989155342,-0.571669944173908,0.803667163870529,-0.0741793860146704,-0.000396942338939581,0.0278241856715882,1.60875545597738,-0.39842498217142,0.226470978324509,2.34020423739352,0.822981318066574,0.619247844690251,0.828754993318633,0.630786770295538,1.3822142987943,0.388434764058056,-0.560000002060771,-0.290548572137744,0.459508452501067,-0.0750003806688954,0.0348638880053412,-0.0103879932286205,2.13422121805495,-2.96214939023986e-07,0.0137706827371557,0.629018490675434,0.720544956575291,0.70777644726267,0.720492282969698,0.707799263203948
10,1.43680647788597,0.208445387978004,-0.5300494696574,-0.556110568542267,0.775852673883358,-0.0815011103793268,-0.0151647929307083,0.0216788695042292,1.82630532598878,0.0443989945123008,-0.458778625287646,2.01120240947985,0.797692021178215,0.59321910444295,0.812320790703181,0.668953770208117,1.35145328266778,0.4338837129915,-0.56750000394096,-0.324544281539045,0.449282147440526,-0.0750004066973078,0.0341990796708286,-0.0111294148142106,2.19595181640942,-2.10989460057552e-07,0.0140388196350337,0.605246637473938,0.720651702103942,0.707650052666696,0.720598572153431,0.707670996189044
11,1.38196116705543,0.285697293856168,-0.538339240271989,-0.540543787345499,0.770485704786391,-0.0837797097770184,-0.0175588696110051,0.0198205008483,2.01284089205616,-0.283850355374842,0.635674159455101,1.72360202508114,0.820362511978549,0.699146543831425,0.761771551510586,0.578179537860732,1.3173323426454,0.478253958319338,-0.57500000556007,-0.357733126383202,0.437938850841468,-0.0750004278521904,0.0335203136128125,-0.0117210352407483,2.25530403150297,-1.37429545040361e-07,0.0143235838714036,0.581447788868027,0.720623334058683,0.707656706374404,0.720569987334468,0.707675978259304
12,1.32996735975862,0.361516253164802,-0.546774693378993,-0.493428059375109,0.740756799351476,-0.0846517048914219,-0.0245979057525751,0.0660058763226197,2.17002563357791,0.153349402437479,-0.109354571526415,1.43676858390914,0.778811618786308,0.579820422554322,0.809258939054902,0.694846171867087,1.27993630823796,0.521435188269575,-0.58250000683214,-0.390032596421212,0.425506767224473,-0.0750004441952611,0.0328390288046953,-0.0121647363701405,2.31229640768027,-7.43594283991013e-08,0.0146212684650048,0.558040794848462,0.720484724143442,0.707771762499732,0.720431386313792,0.707789575761302
13,1.28296053669609,0.433657076612162,-0.555496592121782,-0.452012622063681,0.702624490154567,-0.0907606966360456,0.00512052507307651,0.0457923460736228,2.29995546637307,0.1921429816443,-0.151767030300335,1.1545928452553,0.798217357334188,0.653692339574477,0.794693181899775,0.633930345854973,1.23935815121346,0.563320047400157,-0.590000007701159,-0.421362390550951,0.412016806505214,-0.0750004558197828,0.0321649563236005,-0.012464581879898,2.36698486706994,-1.98570376642115e-08,0.0149282344235433,0.535355335729984,0.720260120786877,0.707971218456317,0.720207001692012,0.707987792468003
14,1.23867286914742,0.501968006810043,-0.564710750411322,-0.438188192245479,0.661616852552093,-0.0926206786547908,0.0375554909564998,0.0331394674380852,2.40517525038985,0.425368478867752,-0.0801780217587531,0.965833715461034,0.770051774135678,0.660515751536547,0.750913442674592,0.677601521394401,1.19569875462878,0.603804403371694,-0.597500008139441,-0.451644616991099,0.397502507588245,-0.0750004628375731,0.0315061379603834,-0.0126262454995107,2.41945412350234,2.76108260058015e-08,0.0152409626639796,0.513638767613769,0.719971644833658,0.708233215863051,0.719918937499106,0.708248771564445
15,1.19428333956062,0.565285482423623,-0.574021288771964,-0.454301413567665,0.602190728624052,-0.0935727423936272,0.0691391559147717,0.0159734634952674,2.49207638973055,0.0637900353405409,-0.191205976756798,0.787532515780669,0.744874515208365,0.677530152622402,0.785348672346234,0.656394284567684,1.14906666213002,0.642787605755969,-0.605000008144442,-0.48080398760726,0.381999955475632,-0.0750004653660126,0.0308690361485209,-0.0126565218153512,2.4698099645337,6.88898487732725e-08,0.0155560905124279,0.493066447308953,0.719638466662372,0.708538860005304,0.719586347055704,0.708553616144796
16,1.14714651150981,0.622532779441341,-0.58349172888614,-0.490920134334267,0.545522119133338,-0.0961447342553618,0.0645855038212043,-0.0107113638789934,2.56156961280859,-0.110822011653383,-0.228917969449814,0.640296156691466,0.75201333043527,0.68261680240493,0.759004944144207,0.67642788324263,1.09957780814233,0.6801727362317,-0.612500007734378,-0.508768005689148,0.36554769192205,-0.0750004635199439,0.0302586985756334,-0.0125629284607029,2.51817264453936,1.04258419648704e-07,0.0158704354849786,0.473753498021111,0.71927650900515,0.70887251364926,0.719225136329004,0.708886683935844
17,1.09570243835756,0.675061215191479,-0.593559538174766,-0.538675318651503,0.508529273360051,-0.10628928323952,0.0473884400031638,-0.0282477291443631,2.61821005292723,-0.210059166252519,-0.0253540738386285,0.512780329061953,0.761993922034376,0.700334637956881,0.752837652817533,0.678848576895875,1.04735522963366,0.715866849530353,-0.62000000694324,-0.535467146607463,0.348186619818238,-0.0750004574097316,0.0296789484684729,-0.0123533968374717,2.56467145825364,1.33679926351163e-07,0.0161810092387383,0.455766578895071,0.718898510169558,0.709221730539605,0.718848027501984,0.709235521550103
18,1.03968911371936,0.724805522709279,-0.60433983689043,-0.578446876462348,0.487146058258494,-0.107876176870487,0.0336523827969898,-0.0156621777686231,2.66496428946669,0.00406748460882378,0.329124931736116,0.416643157972479,0.758125245891947,0.692115842302861,0.718318496132607,0.686768235545528,0.992528760188723,0.749781204517655,-0.627500005815847,-0.560835030882566,0.32995990156945,-0.0750004471445396,0.0291325796276236,-0.0120360417744928,2.60944044823852,1.57034920279442e-07,0.0164850243327896,0.439134765251962,0.718514303786673,0.709576972465466,0.718464838913524,0.709590582156485
19,0.980790275521739,0.772171905646717,-0.615325958107021,-0.597360530055475,0.459040931607467,-0.112604385826912,0.0332080264840194,-0.00313569622023561,2.7043846620954,-0.0570080245501538,-0.182224923798457,0.368843239371147,0.703789821085343,0.690878924449095,0.753858555708748,0.724991785539444,0.935234707172163,0.78183148482538,-0.635000004403401,-0.584808589267218,0.310912851773599,-0.0750004328389157,0.0286215424961001,-0.0116189975307727,2.65261513254949,1.74276999067621e-07,0.0167798959945972,0.423859074239663,0.718131204948557,0.70993122003126,0.718082871271052,0.709944836722451
20,0.920070341512705,0.816890769568293,-0.626358396064822,-0.616355003247242,0.436946980929192,-0.106297885826256,0.0226208792779959,-0.00280227704990356,2.7395358016897,-0.144689140880169,0.396941188584236,0.335638309414805,0.739617715281914,0.726757281489189,0.692613211358632,0.670643524564816,0.875615512797637,0.811938008479103,-0.642500002759833,-0.607328219486876,0.291092824514568,-0.0750004146206827,0.0281471132997892,-0.011110307062024,2.69433010808235,1.85509791441896e-07,0.0170632406012401,0.409920472884093,0.717754426828517,0.710279553038099,0.717707324265166,0.710293354755273
21,0.8585860095553,0.859573498922514,-0.636752096671312,-0.607566928502199,0.416463819398181,-0.102235683529524,0.0112986583652354,0.0285040132275437,2.7725299042271,-0.0669907348027133,0.0655675681324428,0.314810864897365,0.702651546572284,0.685493694396659,0.730779777974233,0.72801829449914,0.813819399953975,0.840025925999176,-0.650000000939022,-0.628337934302423,0.270549095584793,-0.0750003926385209,0.0277100425131758,-0.0105178524468324,2.73471737888943,1.91004320277694e-07,0.0173328721406975,0.397286398048894,0.717387480725931,0.710618747536267,0.717341696557923,0.71063290162455
22,0.798871540301837,0.900149787765939,-0.646536825368851,-0.588886929822293,0.392497293471788,-0.0924677069967213,0.0322646141910912,0.0215285294555999,2.80274906935262,0.541581366800643,-0.136022443479954,0.291386142764166,0.730211537212196,0.674476109943147,0.69485837577541,0.723887800617194,0.750000003672399,0.866025406483379,-0.657499998992845,-0.647785500570904,0.249332739947483,-0.075000367068188,0.0273106817593278,-0.00984931605590195,2.77390526743433,1.91179621487109e-07,0.017586797552466,0.38591592593396,0.71703253409953,0.710946914991895,0.716988143731352,0.710961577928109
23,0.739960293701704,0.936860407551301,-0.655444842439018,-0.593421739875884,0.336663003007359,-0.086311741803658,0.0683079072533405,0.006164773432691,2.83176899158687,-0.0142686979847279,-0.122479347161692,0.311573121710099,0.679249419457448,0.745619641256011,0.727214819297442,0.693663158645932,0.684315989150947,0.889871811210667,-0.664999996969934,-0.665622568987258,0.227496504747696,-0.0750003381168497,0.0269490900286866,-0.00911216394845655,2.81201778316859,1.86565076211632e-07,0.0178232115655646,0.375763777922565,0.716690715925628,0.711263194242857,0.716647783548521,0.711278511592084
24,0.67968434152881,0.967409061579213,-0.664524397479223,-0.614713225163889,0.276278577888052,-0.0977656613561409,0.061509922582534,-0.0145719847120991,2.86144964763529,0.00562636487123729,-0.280644649369248,0.30135645082378,0.731707398731339,0.708946942780184,0.731203287708127,0.733040766934768,0.616930657283477,0.911505854336456,-0.672499994914994,-0.681804794199089,0.205094678184483,-0.0750003060254152,0.0266251210838542,-0.00831364480560454,2.84917434216595,1.77756717561959e-07,0.0180404914465895,0.366783361070465,0.716362367954824,0.71156749768558,0.716320947110831,0.71158360415944
25,0.616236971379946,0.99235042717123,-0.674991942171495,-0.657756481117209,0.222552091720292,-0.111234451558773,0.0661873526237202,-0.0364860214836917,2.89103161622165,0.0840133337253527,-0.057762151455133,0.322228298033361,0.727538121896967,0.74115028570285,0.706237998673236,0.725063042054458,0.548011538670834,0.930873750281419,-0.679999992868513,-0.696291944999455,0.182182954563111,-0.0750002710690256,0.0263384943555126,-0.00746079931799131,2.88548975089456,1.65374648364903e-07,0.0182371919258883,0.358929031176443,0.716047245640253,0.711860307937207,0.71600737969061,0.7118773275213
26,0.547863557538304,1.01187291277631,-0.685851191264252,-0.710048056424808,0.16895659125854,-0.102924600170861,0.0598374275650717,-0.0432163939895658,2.92275879640846,-0.239475204339823,-0.0860248139874248,0.313643210155375,0.695862741747932,0.710627678684592,0.726101682868897,0.692669159102446,0.477729977120403,0.947927347448137,-0.687499990866747,-0.709048004320372,0.158818295855545,-0.0750002335559821,0.0260888517220476,-0.00656047628315995,2.92107438493173,1.50025345943392e-07,0.0184120404708856,0.352157745059104,0.715744674994583,0.712142518734722,0.715706397499295,0.712160564860389
27,0.474115050239634,1.02681145531739,-0.695271045005586,-0.766106212883008,0.133199383027209,-0.0846840191249793,0.0401977453366522,-0.0563435074746443,2.95332635459048,-0.0341784187585472,-0.137818776321548,0.310779244431378,0.710049198825968,0.690162548344425,0.692062921764504,0.712311741301216,0.406260703666964,0.962624247933242,-0.694999988941855,-0.720041258771584,0.135058790107653,-0.075000193825443,0.0258758024437378,-0.00561935273837648,2.95603450879654,1.32270800875965e-07,0.0185639330089199,0.346430243298736,0.715453672425335,0.712415313040485,0.715417007442039,0.712434488782037
28,0.394444744513566,1.03870631694591,-0.703092172544357,-0.824384504807496,0.103421045240281,-0.0729982258653405,0.0426726757082271,-0.0371647077120752,2.98642664417265,0.0843166670006978,0.671050518665704,0.337621350850821,0.730884030304339,0.744232786221586,0.667424972669662,0.68969801014741,0.333781402172046,0.97492791293708,-0.702499987122128,-0.729244377494347,0.110963507041562,-0.0750001522441941,0.0256989582884277,-0.00464395628531738,2.99047269590077,1.12605537466097e-07,0.0186919301577791,0.341711879320883,0.715173034426178,0.712680071495001,0.715137996736552,0.712700469778148
29,0.310930048616489,1.04692216588339,-0.71028134709321,-0.837735651888765,0.0572158777959087,-0.0718967269660919,0.0575972099326646,0.0118400622317477,3.02396227105761,0.235029565122507,0.119233522032609,0.365355923598563,0.686587933126265,0.690191324300025,0.729176563933984,0.754502779430707,0.260472267580675,0.984807753608194,-0.709999985432244,-0.736634480127307,0.0865923512107005,-0.0750001092027567,0.0255579606020553,-0.00364068839208871,3.02448831800929,9.14420866305859e-08,0.0187952539932398,0.337973187394186,0.714901403348449,0.712938305009975,0.714867998620028,0.712960008820735
30,0.227356559350806,1.04949082052018,-0.717245719094056,-0.835263854105773,-0.00684056751276968,-0.0665726359614678,0.0644635633848873,0.00152571706298354,3.06086016664532,-0.192319499943135,-0.193686859422429,0.383589159204232,0.68384774790015,0.726290703810608,0.728251389532126,0.703595760771562,0.186515557933266,0.992239207096092,-0.717499983893531,-0.742193193710277,0.0620059130726278,-0.0750000651110402,0.0254525007821063,-0.00261584792445907,3.05817808181093,6.9105095225582e-08,0.0188732853646122,0.335190261753499,0.714637314643601,0.713191606126676,0.714605539534179,0.713214688712641
31,0.143372053364615,1.04608539399038,-0.723360694461597,-0.846792376122021,-0.0572460038812384,-0.0550770374487958,0.0412187316126556,-0.0162539061543837,3.09833897204127,-0.18366992022603,-0.0772670047077967,0.381445957993272,0.716683645204299,0.705468496845613,0.697554266682729,0.701943912278006,0.112095141246366,0.997203797622604,-0.724999982524201,-0.745906698380876,0.037265318350894,-0.0750000203936951,0.0253823353256922,-0.001575654496952,3.09163659653285,4.58338820374863e-08,0.0189255617584186,0.333345001772545,0.714379230129769,0.713441614600163,0.714349072340771,0.713466139657961
32,0.0578298125210067,1.03873432409269,-0.728635005597907,-0.862339340524963,-0.0853294318213979,-0.051820199119069,0.0124696463418383,-0.00707192564779137,3.13499501850727,-0.437701323334239,0.311069858126449,0.343201248842126,0.728557002638278,0.723843065665957,0.722370094257332,0.677739941883798,0.0373960383890042,0.999689182419473,-0.732499981339569,-0.747765761748412,0.0124320760617326,-0.0749999754852849,0.0253472963558824,-0.000526271474744425,3.12495696127984,2.17927464629457e-08,0.0189517757047349,0.33242526362558,0.714125561089535,0.713689993413867,0.714096999373993,0.713716015257937
33,-0.0282366816198276,1.03022975579481,-0.73395642645944,-0.854537874493488,-0.0802077319192418,-0.0551748865490806,-0.0138005465452933,0.0196738414919214,3.16752806802197,0.0256654854100057,0.133697688878274,0.311143874662174,0.734919397176763,0.680617776798798,0.714652488488687,0.737341177131753,-0.0373960369085036,0.999689182417592,-0.739999980352235,-0.747765761858619,-0.0124320744152959,-0.0749999308253609,0.025347298282258,0.000526171377905742,3.15823136420107,-2.91214478666105e-09,0.0189517737190331,0.332424946719649,0.713874684397366,0.713938412035191,0.713847688527386,0.713965975743858
34,-0.112564071064222,1.02279958158075,-0.739929407272213,-0.830483996207182,-0.0694629662314746,-0.0651179792033842,-0.0069762998925293,0.0291495709337162,3.19850613183684,-0.00286926684330466,0.08733500055806,0.314874446299223,0.714169005433998,0.730701004945153,0.724073044051707,0.719567436310473,-0.11209513976927,0.997203797611348,-0.747499979572237,-0.745906698691866,-0.0372653168414589,-0.0749998868535042,0.0253823410221059,0.00157555550073867,3.19155168788467,-2.82109784299387e-08,0.018925555773429,0.333344032785892,0.713624954422611,0.714188534172826,0.713599485120656,0.714217675708062
35,-0.194157276111105,1.01618344976704,-0.746826399626448,-0.802611285353032,-0.065833343961813,-0.0722711359900632,0.0121079756580185,0.0199319269830833,3.23038526632186,0.461395351034897,-0.334232815700575,0.323173104401512,0.7188604970491,0.687205884546776,0.714021491374913,0.754026695318664,-0.186515556459733,0.992239207059687,-0.754999979007174,-0.742193194166307,-0.0620059118153713,-0.0749998440043841,0.0254525099923214,0.00261575123082179,3.22501011670185,-5.4045760465843e-08,0.0188732752941368,0.335188586301275,0.713374713162275,0.714442007585476,0.713350722000066,0.714472753882841
36,-0.273819569256964,1.00821894287528,-0.754363812644652,-0.793426071148562,-0.10183539269856,-0.0782207678265602,0.0603876774240813,-0.00230149527766832,3.26165977321747,0.401606323250409,0.0418183537383196,0.312198596346777,0.733064401392357,0.737529904491713,0.712403839260401,0.691475070096303,-0.260472266104983,0.984807753523817,-0.7624999786623,-0.736634480646075,-0.0865923502791169,-0.0749998027028737,0.0255579728726343,0.00364059540582396,3.25869974225508,-8.03455396917357e-08,0.018795239685851,0.3379707162803,0.713122300926491,0.7147004536202,0.71309973019508,0.714732822645245
37,-0.352627612824882,0.994550767338157,-0.762272257411719,-0.778810815730592,-0.175390265067788,-0.0791737714426913,0.0873270882164364,0.0153695629089898,3.29519143954446,0.124531857583099,0.31797584875387,0.333782927869169,0.705517382260551,0.738604141627809,0.710307164953294,0.709608704177205,-0.333781400681227,0.974927912779706,-0.769999978540586,-0.729244377983211,-0.110963506451636,-0.074999763359262,0.0256989729313086,0.00464386871594219,3.29271516265752,-1.07004114591054e-07,0.0186919113878063,0.34170849084237,0.712866069927794,0.71496545412756,0.712844852482261,0.71499945489459
38,-0.428653336400687,0.972944127909138,-0.770306661285398,-0.739005935740292,-0.253880315293545,-0.08218185288484,0.0731764264998139,0.0307905300599972,3.33104677106912,-0.468963341915094,-0.0324412567908077,0.351464686594973,0.681929985831731,0.728964135934691,0.748638042269927,0.717884805894664,-0.406260702141361,0.962624247681728,-0.777499978642745,-0.720041259150603,-0.135058789808218,-0.0749997263646057,0.0258758184880846,0.00561927270247202,3.32715307005513,-1.33862941280963e-07,0.0185639094695719,0.346425786736948,0.712604403313179,0.715238533210051,0.712584462395591,0.715274165758562
39,-0.50059059929747,0.945137190809892,-0.77802728128731,-0.700106147859822,-0.294326245080675,-0.0699007745339748,0.0277513951578442,0.0383625307561079,3.36790098037002,-0.35114116717162,0.345349184303481,0.382719322978558,0.719477537371581,0.721028683741679,0.667573660058107,0.703956152964723,-0.477729975536803,0.947927347091826,-0.784999978967234,-0.709048004551829,-0.158818295726897,-0.0749996920862726,0.0260888678595316,0.00656040640728721,3.36211281850885,-1.60701590915892e-07,0.0184120117761037,0.352152045604289,0.712335742526695,0.715521130908598,0.712316991571545,0.715558386232025
40,-0.568112880917943,0.915439547389627,-0.784615102231503,-0.648617916137632,-0.293806679429455,-0.0631240079421906,-0.00293862050712126,0.0551620559093106,3.4073073311212,-0.341115822934532,-0.156185158246367,0.393788800038687,0.686641100668946,0.692574948285199,0.732820445708136,0.733133322100542,-0.548011537008774,0.930873749826347,-0.792499979510211,-0.696291945122463,-0.18218295442538,-0.0749996608637486,0.0263385088842888,0.00746074284233724,3.3976969609365,-1.8723725531729e-07,0.0182371576300715,0.358921896574532,0.712058626399266,0.715814565420121,0.712040968826531,0.715853425340822
41,-0.63091710029227,0.887207465308315,-0.791048738852473,-0.613056012802774,-0.270148382069437,-0.0669061622490771,-0.0142356233579722,0.0243641255065749,3.44528569303643,0.163364157430663,-0.394482704286827,0.34924688763378,0.748234700519401,0.681352284330073,0.718979414500332,0.725220649463432,-0.616930655535064,0.911505853810177,-0.79999998026548,-0.681804794366133,-0.205094677816034,-0.074999633004801,0.0266251318575982,0.00831360568862516,3.43401173906674,-2.13133343784832e-07,0.0180404510933317,0.366774590299459,0.711771746022721,0.716119979775996,0.711755075025204,0.716160416759716
42,-0.691737993780796,0.86074057705205,-0.797752880846503,-0.606726276970245,-0.263100313620397,-0.0661870199107582,0.00133441835417819,-0.0019037257558659,3.48076611510545,0.0305160672024778,-0.0704299939586654,0.367606481986645,0.705827514331885,0.74309950147466,0.699285943103428,0.699985201785134,-0.68431598733413,0.889871810664775,-0.807499981224403,-0.66562256949715,-0.227496503911609,-0.0749996087821202,0.0269490944182348,0.00911214697282616,3.4711675040246,-2.38015160018929e-07,0.0178231647766367,0.375753172192838,0.711474020249947,0.71643826812345,0.711458218583744,0.716480245026004
43,-0.752465273270473,0.834399960425679,-0.804467165812281,-0.606759995872232,-0.261731304479137,-0.0688008716756379,-0.00754360952214578,0.00836023498344078,3.51910955409062,-0.197938274041017,0.261220169432317,0.399576741787906,0.71107256258714,0.740345565478131,0.704661054453749,0.709426533744214,-0.750000001846932,0.866025405993143,-0.814999982375833,-0.647785501889655,-0.249332738421037,-0.0749995884305752,0.0273106766357947,0.00984932693576093,3.50927903695512,-2.61488166719497e-07,0.0175867441644942,0.385903302253592,0.711164697510945,0.716769975901149,0.711149637300963,0.716813445639808
44,-0.812622687407824,0.809096648823365,-0.811418642545505,-0.594082795642569,-0.242508169470665,-0.0698164622650789,-0.0109017769060234,0.0254354741754771,3.55963385844325,0.206141590007626,-0.0138411826342628,0.412233561721685,0.71610426565622,0.688347559153801,0.707746189425977,0.744731374514248,-0.813819398238298,0.840025925660414,-0.82249998370608,-0.628337937060585,-0.270549093183006,-0.0749995721452367,0.0277100242629835,0.0105178979351182,3.54846572869667,-2.83151828928224e-07,0.0173328123868635,0.397271605493303,0.710843490424489,0.717115167407436,0.710829033001117,0.717160072549824
45,-0.871064532218277,0.78545585177624,-0.818543554955554,-0.575218224041394,-0.233922243070062,-0.0731296826877884,0.00780789141403465,0.0137713485324983,3.60013075686401,0.048758807493234,-0.187399532001271,0.394250936884464,0.709970500688852,0.715865716342362,0.736450386250263,0.704574221909427,-0.875615511383654,0.811938008403504,-0.829999985198959,-0.607328224439683,-0.291092821095194,-0.0749995600802911,0.0281470778837805,0.0111103950537502,3.58885156468438,-3.02600371270873e-07,0.0170631753164003,0.409903411551923,0.710510750199782,0.717473253741903,0.710496745988482,0.717519526006246
46,-0.928050721363961,0.761791098457565,-0.826093014691082,-0.566470008630845,-0.242371145097809,-0.0779591166317114,0.019295087492076,-0.0055666165658899,3.63966232745021,0.253240585987506,-0.167910322443521,0.405930754901342,0.722800101630158,0.714832304000036,0.701292945170823,0.730601893213056,-0.935234706333486,0.781831485136868,-0.837499986835982,-0.58480859720381,-0.310912847208824,-0.0749995523489116,0.0286214855665431,0.0116191371524185,3.63056484588961,-3.19401952439506e-07,0.0167798267932995,0.423839716662161,0.710167687700704,0.71784277421966,0.710153976193657,0.717890333882501
47,-0.984446861745877,0.736149680633366,-0.834068489798508,-0.560322067522842,-0.273458677163136,-0.0812689264831528,0.0376003837082223,-0.00959984827420406,3.682053930864,0.0434202585117613,0.150568368692693,0.445837276028025,0.705484237894345,0.74906219102509,0.702889934002022,0.707622723910005,-0.992528760276755,0.749781205353832,-0.844999988596724,-0.560835042474376,-0.329959895671164,-0.0749995490240355,0.0291324967177345,0.0120362434400311,3.67373755887868,-3.33051149924161e-07,0.0164849536724424,0.439113179758265,0.709816646720715,0.718221125678814,0.709803056569156,0.718269880890268
48,-1.03968995247638,0.707201617239395,-0.842063841458172,-0.542435485138328,-0.302008499431327,-0.077757640425892,0.0266220303729903,0.0108782954098695,3.72843623142822,-0.258613212627444,0.249938105999933,0.463312064152651,0.700171193912355,0.723403768484512,0.714632631056759,0.703847584928409,-1.04735523105528,0.715866851054026,-0.852499990459428,-0.535467162195642,-0.348186612211788,-0.074999550139832,0.0296788352678125,0.0123536722371384,3.71850428874118,-3.42897160453085e-07,0.0161809402419844,0.455742954145899,0.709461431657414,0.718604237457186,0.709447780934989,0.71865408347022
49,-1.09271597326155,0.676645582077299,-0.849950542296718,-0.518109037755367,-0.307385396403588,-0.0811675518351508,0.019395548880525,0.0150938594094891,3.77500075114424,0.211486856146085,-0.219549565458029,0.463893989580026,0.720008808812265,0.681018499852485,0.716410143810631,0.753392897838276,-1.09957781131384,0.680172738657248,-0.859999992401829,-0.508768025028292,-0.36554768188051,-0.0749995556934434,0.0302585512994795,0.0125632904295084,3.76500054931798,-3.48062037096024e-07,0.0158703713716734,0.473728167661019,0.709107685245467,0.718986196340913,0.709093781946808,0.719037014670882
50,-1.14343460793441,0.644992666850885,-0.858281103927603,-0.496710094585814,-0.331131190984665,-0.0851859204792392,0.0433798688016827,-0.00798544782087254,3.82128593950742,0.163792435304824,-0.113604650128949,0.477914494708322,0.713225089370939,0.735253913038851,0.710938334053717,0.708006821155923,-1.14906666740478,0.642787609392794,-0.867499994402158,-0.480804009608284,-0.381999941754563,-0.074999565646394,0.0308688519978318,0.0126569840065421,3.81336038880402,-3.47377997646798e-07,0.0155560335086648,0.493039913548545,0.708763300897968,0.71935883689257,0.708748943752026,0.719410494437424
51,-1.19200240669857,0.609806822570369,-0.866698891498172,-0.473418663345589,-0.372689302495854,-0.0822388916597784,0.0485924126618931,-0.00489089792842291,3.8702847091582,-0.0531185112414964,0.235157197898697,0.498006454566701,0.710285801880488,0.734297756227156,0.701244748060573,0.699689577105777,-1.19569876220196,0.603804408681195,-0.874999996440223,-0.451644639537622,-0.39750248833852,-0.0749995799249479,0.0315059156493745,0.0126268217687342,3.8637131202182,-3.393866182245e-07,0.0152409123497964,0.513611722692738,0.708438837036772,0.719711329732835,0.708423816729774,0.719763677904134
52,-1.23771926745022,0.570941303414015,-0.874959440291335,-0.439176917702083,-0.401721922272243,-0.0838461470876746,0.0432807978721286,0.0119525339823151,3.92218998384958,-0.020070930773473,0.0716270038407088,0.524344118467948,0.70364294722012,0.712881778568985,0.714449942112313,0.735224593034597,-1.23935816101639,0.563320055052823,-0.882499998498354,-0.421362410494237,-0.412016779382554,-0.074999598418759,0.0321646966241396,0.0124652852777011,3.9161790325668,-3.22449018657237e-07,0.0149281856940739,0.53532868085586,0.708147876491061,0.720029824648864,0.708131977406709,0.720082698590002
53,-1.27960611567089,0.529783260758693,-0.883479997024207,-0.39637495531507,-0.4196317347569,-0.0864672405026285,0.0462930596957934,0.0274093713223678,3.9771571555286,0.0574297351060333,0.37028551120793,0.561328901463475,0.720795631423276,0.737193815346257,0.690668619278367,0.716757016021816,-1.27993631984581,0.521435199175282,-0.890000000562013,-0.390032609875366,-0.425506729844306,-0.0749996209774526,0.0328387350243612,0.0121655776569756,3.97086396948367,-2.95006956488978e-07,0.0146212096458197,0.558015657646225,0.707907242886685,0.720297236559383,0.707890245477425,0.720350454560387
54,-1.31634789680248,0.487616792452331,-0.89178071044455,-0.338070316301976,-0.422052595787246,-0.0780188080456006,0.0435730583576248,0.0328020482744522,4.03653678068775,-0.198605272780343,-0.379635932471729,0.621755667785908,0.649794209073735,0.704634147434453,0.72901723435897,0.745056804399646,-1.31733235523394,0.478253973588943,-0.897500002619783,-0.357733129424286,-0.437938801720528,-0.0749996474053753,0.0335199918962482,0.0117220208961186,4.02785272951966,-2.56002980328363e-07,0.0143234960488174,0.581425542920862,0.707736951046743,0.720493297272082,0.707718634944334,0.720546660528868
55,-1.34819757509482,0.445038280777624,-0.89972946462174,-0.305575961413591,-0.431262270687523,-0.0833498324871961,0.0182880559726511,-0.000563653472134021,4.09839772646384,-0.293898919864643,-0.0521878706714295,0.629323325666779,0.739084309077074,0.739813774480357,0.704737780639282,0.698235047908546,-1.35145329506188,0.433883733777072,-0.905000004662589,-0.324544271332685,-0.449282087482381,-0.074999677455548,0.0341987390089413,0.0111305446248908,4.08720135826655,-2.05411861905864e-07,0.0140386788648735,0.605228931379762,0.7076597376384,0.720595026763285,0.70763988558841,0.720648319669478
56,-1.37827953938416,0.401574185471349,-0.907808358198258,-0.296053965616892,-0.437101753720759,-0.0757834386484382,0.0163632470681373,0.00266118264394434,4.16040529973822,0.358496217886441,0.0592332856699511,0.607746841333076,0.736271852074614,0.674362340967466,0.688406104514791,0.722906819649707,-1.38221430964577,0.388434791222702,-0.912500006682106,-0.290548548354857,-0.459508386868979,-0.0749997108247071,0.0348635398762766,0.0103892577143609,4.14892857604969,-1.44764670578403e-07,0.0137704672763407,0.629007299016384,0.707700005955796,0.720577790070707,0.707678408612952,0.720630781264872
57,-1.40662141971325,0.357324046864084,-0.915131496216192,-0.267505811334599,-0.449620895529995,-0.0716879993117241,0.0374740092214035,0.00157823855343082,4.22098888600541,-0.128754742181974,-0.0653611361187249,0.608250234697273,0.682791873536795,0.732237613672898,0.738462717914628,0.695811421893837,-1.40953892257022,0.342020139127171,-0.920000008668542,-0.255830478505418,-0.46859227683139,-0.0749997471518683,0.0355013636319314,0.00949907687797529,4.21300681563948,-7.74841735650095e-08,0.013522583723506,0.652252245387352,0.707882045648427,0.720417078994658,0.707858507193535,0.720469523403386
58,-1.4319146116744,0.311512585952664,-0.922290074256886,-0.238263570069377,-0.468281249949797,-0.0718281177243639,0.0438967179153377,-0.00946723508782043,4.28214335579647,0.460421563619593,-0.0873798354375913,0.623057662719156,0.736623408002818,0.693023605543988,0.68360175893356,0.745378629338909,-1.43335920074534,0.294755171483489,-0.927500010608249,-0.220476374927245,-0.476511174472616,-0.074999786022749,0.0360978723359573,0.0084643643396224,4.27935361479375,-8.830371453422e-09,0.0132986860155933,0.674373618604149,0.708227477759114,0.720091068280246,0.708201822193279,0.720142710382958
59,-1.45336741631911,0.263026976067924,-0.929283594619928,-0.186504730860874,-0.502746304037462,-0.0672016752584915,0.0689548124097231,-0.0101814287981907,4.34505734893136,-0.166937559396626,0.183021854557056,0.631081653787625,0.69025108215249,0.750677011567387,0.728710872146663,0.674895744286801,-1.45361592323316,0.246757396210104,-0.935000012481775,-0.184574131501366,-0.483245392888561,-0.0749998269813692,0.0366379116721103,0.00729350243070909,4.34782437627088,5.4688258113322e-08,0.0131022741660823,0.694719017959819,0.708752043289806,0.719583828136014,0.708724121133996,0.719634406614791
60,-1.46937668016051,0.211493979946912,-0.935831626586274,-0.138024025028067,-0.524390563249486,-0.0643654112375153,0.0371919087682097,-0.00268150970457397,4.41113983839134,-0.345285516920888,-0.0393937675838055,0.686308089874667,0.685566685608211,0.721337349521381,0.704536870524114,0.740745694080863,-1.47025872844443,0.198146143057531,-0.942500014263058,-0.14821300472483,-0.488778189864146,-0.0749998695482304,0.0371062120337683,0.00599931224852392,4.41820770372262,1.06436373952905e-07,0.0129365846818848,0.712606019873375,0.709462091087765,0.718888837405461,0.709431786080273,0.718938091221609
61,-1.48195040054297,0.158381409142504,-0.942273689884096,-0.11673968155843,-0.538860321178061,-0.0647739218865506,0.0192192312421986,-0.0154301301644561,4.48157331672116,0.055563847111993,-0.14392828429713,0.723702728556016,0.719055712066261,0.707302469069264,0.693116919546508,0.738524000497694,-1.4832462393564,0.149042267003537,-0.950000015920252,-0.111483392319712,-0.493095809399152,-0.0749999132421462,0.0374882716727892,0.00459921422764657,4.49022455692594,1.41099329636412e-07,0.0128044774948644,0.727366389987886,0.710351378199993,0.718012184375585,0.710318613464862,0.718059860135193
62,-1.49275636910254,0.103412906336753,-0.948616468536206,-0.0977972105754518,-0.55979597201294,-0.0614806678942222,0.0262452313028613,-0.0103306193045259,4.55492450167809,0.0324272154691062,0.358394043777127,0.737110444550234,0.722786807599487,0.73573993902236,0.693919290915991,0.691279360183621,-1.49254616644519,0.0995678478557688,-0.957500017418304,-0.0744766089830061,-0.496187516019446,-0.0749999576008993,0.0377713505053289,0.00311503911107797,4.56353226003626,1.56061419652136e-07,0.0127083231690331,0.738398743291708,0.711398977105902,0.716974660942271,0.711363720192605,0.717020521195731
63,-1.50108365981123,0.0474138550633793,-0.954723960974157,-0.0642290918716503,-0.552920599374342,-0.0610442001933169,0.0499770822613251,0.0337531909953086,4.63228614779272,0.517007180720854,0.509760072802991,0.784750135845919,0.719557354260201,0.711359088541152,0.678985027487232,0.748244287184886,-1.49813538806679,0.0498458867875675,-0.965000018722876,-0.0372846596740887,-0.498045621777083,-0.0750000021954106,0.0379454622543301,0.00157243379204589,4.63773389974594,1.52247639298063e-07,0.0126498998761368,0.745223229729617,0.712569071441024,0.715811968611657,0.712531337641062,0.715855800517244
64,-1.50413659326965,-0.00589903464128135,-0.960697288726852,0.00835333297758812,-0.511771425076243,-0.0578829979988165,0.0830747652818387,0.0379036779764463,4.71221344251624,-0.100786916649129,-0.467471732236119,0.802353256238363,0.648711616124293,0.706600355688247,0.774173312842638,0.726053574123688,-1.50000000806163,5.45475024279398e-10,-0.972500019804732,-1.08830249030805e-08,-0.498665505783156,-0.075000046633571,0.038004227305529,-1.33826149264376e-07,4.71239290446365,1.34075846232114e-07,0.0126303102843472,0.747529818177174,0.713813132077216,0.714572544488294,0.713772985529128,0.71461416811094
65,-1.4995392494546,-0.0560630788973072,-0.967069038577247,0.0786796178896604,-0.498954372938573,-0.0724824281412409,0.052231298878257,-0.00947078942554121,4.78802354068106,-0.461899617954072,-0.145845861885824,0.773662256047784,0.751472210714505,0.747380747833094,0.726737547350509,0.690484048473768,-1.49813539040699,-0.049845885915435,-0.980000020643489,0.0372846395773524,-0.498045626085392,-0.0750000905530506,0.0379454512736905,-0.00157269452957942,4.78705173656479,1.08452746641414e-07,0.0126499274876219,0.745211583107661,0.715074419587652,0.713313061136217,0.715031971890279,0.713352336600112
66,-1.48973908598821,-0.106431569497642,-0.974917608831554,0.111745741778418,-0.510118087179758,-0.0832578012716395,0.0174827836348974,-0.0192667865175246,4.86430544931165,-0.122391724332834,-0.0869299817425409,0.761060004865852,0.73457268474727,0.702806206387344,0.710165896701968,0.73418574976026,-1.49254617080174,-0.099567847594096,-0.987500021229744,0.0744765935948042,-0.496187523725812,-0.0750001336061295,0.0377713299924074,-0.00311527957450033,4.86125286681865,8.30954381350421e-08,0.012708376335753,0.738376536315236,0.716294114059276,0.712092299161753,0.716249520398087,0.71212913195745
67,-1.47766600379192,-0.158376450387064,-0.98342880958718,0.128944529572228,-0.529347072409436,-0.0860765832912737,0.0101561757406753,-0.0226470151832786,4.93969690207665,-0.0501537843889343,0.0722731210542744,0.746240261548324,0.725196762981981,0.717301333342049,0.713752246199635,0.703667005543683,-1.48324624513887,-0.149042267616699,-0.995000021565057,0.11148338384848,-0.493095818894168,-0.0750001754423331,0.0374882443566026,-0.00459942245712913,4.93455974932954,6.4710859902868e-08,0.0128045524241901,0.727335617167815,0.717417874544039,0.710964589965804,0.717371327643946,0.710998933921284
68,-1.46410088433514,-0.212096258738707,-0.992018335803332,0.14244720652555,-0.542248927594704,-0.0854185672689242,0.0143650022102,-0.00713397893271283,5.01315414337651,0.196791466354486,0.249474109509371,0.717669845043069,0.735764024518343,0.700007019263955,0.707168693529851,0.708942178768967,-1.47025873489744,-0.19814614463055,-1.0025000216599,0.148213004200347,-0.488778199203625,-0.0750002156952295,0.037106181593446,-0.00599947855873127,5.00657551466025,5.75988599234899e-08,0.0129366764104744,0.712569274774296,0.718401492888433,0.709974163648072,0.718353215371957,0.710006021364831
69,-1.44887768891055,-0.265953179901535,-1.00035417023197,0.163936737047802,-0.530345762671793,-0.0807088425510201,0.0346104400233066,0.013269994545108,5.08363079939913,0.152564518334383,0.153146591373458,0.68081719265753,0.712062067608342,0.697925003917588,0.728553922754976,0.701267313499613,-1.45361592956052,-0.246757398636348,-1.01000002153024,0.184574138676457,-0.483245400214417,-0.0750002539779706,0.0366378822681528,-0.00729362014307603,5.07695754868556,6.30516814744806e-08,0.0131023772463457,0.694679128292014,0.719214592532363,0.709151451239233,0.71916482842509,0.709180872103797
70,-1.43103085361588,-0.31749712282562,-1.00819566431313,0.193844233622291,-0.498160888324839,-0.0762613871153326,0.0462961983759397,0.0219896670971854,5.15073686089368,0.060959651772406,0.0899353342664305,0.654620038950307,0.714088085510212,0.706055930458805,0.721584744187481,0.704028727171976,-1.43335920623129,-0.294755174492469,-1.01750002119379,0.220476388430362,-0.476511178384883,-0.0750002898888986,0.0360978480617482,-0.00846443025551648,5.14542688780401,7.96072177441089e-08,0.0132987951838487,0.67433330290756,0.71984190467007,0.708511808728217,0.719790910824862,0.708538884872148
71,-1.41016440315302,-0.365284377687282,-1.01566997095445,0.220418856842375,-0.457755470170901,-0.0735375837062201,0.0300015963164071,0.0269586839363047,5.21468604862641,-0.485333876137716,0.0641154878689638,0.616338887868313,0.704669887503765,0.720326306969341,0.74359329093312,0.68273709210704,-1.40953892667523,-0.342020142343161,-1.02500002066684,0.255830496186114,-0.468592276628241,-0.0750003230252505,0.0355013479743619,-0.0094990913954807,5.21177222123267,1.03925693161778e-07,0.0135226944331425,0.652213848081348,0.720282289788705,0.708056494840264,0.720230327903043,0.708081355593597
72,-1.38819008947044,-0.409497179589513,-1.02248566054291,0.213289398111335,-0.428607628893588,-0.0612648482439306,-0.00416404407701107,0.0335629365783701,5.27560723353934,-0.0811532639991496,0.0902563849664712,0.604933060266482,0.725311909759357,0.684712927246161,0.684043133044454,0.719571732084605,-1.38221431206237,-0.388434794238681,-1.03250001996225,0.29054856772677,-0.459508382614447,-0.0750003530008829,0.0348635352817106,-0.0103892245565118,5.27584903814494,1.31911557119794e-07,0.0137705760262236,0.628972629968726,0.720546137064809,0.707775270156353,0.720493466780644,0.707798075605092
73,-1.36788697703366,-0.451079910493873,-1.02867033939934,0.195276850308859,-0.40466240464196,-0.0652050388103821,0.00418400399490949,0.0155700772086565,5.33683112093659,0.155943603795371,-0.552409694237821,0.622680682592506,0.694009604373466,0.698299331147337,0.733421876948318,0.753871336992983,-1.35145329572599,-0.433883736226896,-1.040000019089,0.324544290010628,-0.449282079909524,-0.0750003794635514,0.0341987466280742,-0.0111304702297876,5.3375749550328,1.59720262010001e-07,0.0140387833074744,0.60519920794925,0.720651958746178,0.707649800584465,0.720598832102396,0.707670734813624
74,-1.34779782352719,-0.491396631160032,-1.0355017325312,0.215213432114869,-0.406703734183561,-0.0708729797093005,0.0266904387841926,-0.0407834211318055,5.3991182446721,0.309108074710265,-0.420955754130834,0.636986082858193,0.727673409058388,0.726982405352156,0.700877809112312,0.7150681285142,-1.31733235429668,-0.478253975203447,-1.04750001805282,0.357733145470773,-0.437938792016076,-0.0750004021083423,0.0335200115378169,-0.0117219135851308,5.39692246852663,1.84422459170004e-07,0.014323594908709,0.581401413998743,0.720622925202928,0.707657119665153,0.720569582506246,0.707676384172597
75,-1.32324292153923,-0.532759958391387,-1.04281398805916,0.282032027039164,-0.41751978468523,-0.0751680599533842,0.0638690782136149,-0.0539008066894522,5.46247681953263,0.505844564460171,0.265164007194141,0.631746232603297,0.749374962049664,0.732140763416515,0.693111906822856,0.700359961562615,-1.27993631761773,-0.521435199813752,-1.05500001685774,0.390032622007323,-0.425506719380413,-0.0750004206856323,0.0328387653007639,-0.0121654467252291,5.45391034331429,2.04263784714297e-07,0.0146213025079778,0.557997281852389,0.720483863055533,0.707772627465594,0.720430530078635,0.70779043510159
76,-1.29078416962926,-0.573581451614759,-1.05043318795497,0.367034786652128,-0.39550419938945,-0.0769837670899651,0.0738506638828281,-0.0447057508427393,5.52357045416442,-0.409650494646843,-0.167457690320352,0.563191748101965,0.684792965014963,0.708924523817339,0.79502162571996,0.681937190198497,-1.23935815789864,-0.563320054707906,-1.06250001550782,0.421362418140082,-0.412016769460586,-0.0750004350036921,0.0321647352372261,-0.0124651401399884,5.50859464823182,2.18589137651158e-07,0.0149282727306421,0.535315832095947,0.720258979076566,0.70797236350229,0.720205865394324,0.70798893315432
77,-1.25029649843725,-0.612754983331887,-1.05809743311203,0.439443376163396,-0.393782512808281,-0.0760228003590113,0.0331536407266287,-0.0551933637521903,5.57772812660237,-0.14184467182364,0.168744408281557,0.538857582273599,0.752126467445508,0.711374451150357,0.682860991341312,0.711123865736332,-1.19569875861855,-0.603804407461091,-1.07000001400868,0.45164464276748,-0.397502479993613,-0.0750004449272268,0.0315059597490739,-0.0126266712566379,5.56106018505528,2.27565357127686e-07,0.0152409940468926,0.513603901903599,0.719970356765688,0.708234506896481,0.719917654997158,0.708250059018997
78,-1.20351777651573,-0.652420743086088,-1.06547394915596,0.494831744491365,-0.395477921703691,-0.0709373158731915,0.0452089738791338,-0.0362539787848496,5.63188093493943,0.432269704754149,0.163613839333347,0.529986285940146,0.725637270404884,0.686658769369004,0.699710616034907,0.72968026668594,-1.14906666374643,-0.64278760748825,-1.07750001236869,0.480804008979672,-0.381999935645843,-0.075000450373612,0.0308688985486395,-0.0126568358659598,5.61141278371613,2.31839416185897e-07,0.0155561104375862,0.493036452414361,0.719637133915032,0.708540195516317,0.719585019637263,0.708554948511742
79,-1.15108865241583,-0.690685152976488,-1.07232643591285,0.554714721116242,-0.366444525168489,-0.0662679551260366,0.0620501263533908,-0.0319964315347594,5.68446986035075,-0.242688104286588,-0.0285809512016642,0.51368879642779,0.682734618600573,0.72930333487414,0.751669713407421,0.685436836339669,-1.0995778078995,-0.680172736302143,-1.08500001059949,0.508768021395056,-0.365547678268342,-0.0750004513084478,0.0302585974040609,-0.012563151025674,5.65977270679819,2.32233655089257e-07,0.0158704440280945,0.473728316387938,0.719275205536469,0.70887381977925,0.719223837660393,0.708887987172472
80,-1.09286314497825,-0.726193113384607,-1.07924565692741,0.606423110604091,-0.349112910469428,-0.0740237512407746,0.0222623461909218,-0.0339152432535778,5.73438376703339,-0.404603674043181,0.0817867758365515,0.484018709017721,0.737393486689631,0.718981732216879,0.724712355802036,0.708054115918955,-1.04735522811269,-0.715866848487532,-1.092500008716,0.535467156521997,-0.348186611005702,-0.075000447741576,0.0296788784161363,-0.012353546444105,5.70626923270045,2.29531118867366e-07,0.0161810089577466,0.455745950192713,0.718897286938597,0.709222956353229,0.718846808373999,0.709236744664632
81,-1.03067955248791,-0.761407021621983,-1.08640318339746,0.633265459832379,-0.35714083632745,-0.0664636388776525,-0.00111582569299822,-0.0197699583190895,5.77975815834807,0.0227687256423849,0.199358781664313,0.416531551253611,0.744662153568996,0.672585794422642,0.707124557301677,0.697273030824636,-0.992528757940035,-0.749781202789938,-1.10000000673612,0.560835035683255,-0.32995989652262,-0.0750004397241239,0.029132534948765,-0.0120361346750649,5.75103637103192,2.24361503105025e-07,0.0164850185905427,0.439118297626835,0.718513193154023,0.709578085571393,0.718463731629933,0.709591692777677
82,-0.966704337318591,-0.797408095120341,-1.09320599649906,0.645589269518358,-0.360995812831559,-0.0720978996106415,0.00602160155430813,-0.0112894717274011,5.81952891020624,0.0613243784282776,-0.0854898404617098,0.385228242800821,0.713348157682865,0.705658381181158,0.739557946075222,0.72391908101218,-0.93523470465342,-0.781831482744349,-1.10750000468008,0.584808590074191,-0.310912849621452,-0.0750004273466487,0.0286215175444375,-0.0116190475107907,5.79420959664281,2.17170558140876e-07,0.0167798878888292,0.423846300707316,0.718130224644951,0.709932202642037,0.718081893588167,0.709945817113427
83,-0.901207885033761,-0.833353446942595,-1.10034967656234,0.66888585770207,-0.354441887023202,-0.0688148083372821,0.0375348578580437,-0.0278898011989861,5.85678570890881,0.682836069166269,-0.193882182321375,0.365835532041381,0.735704725166638,0.67981253437586,0.693622749142903,0.728933778969076,-0.875615510345539,-0.811938006296858,-1.11500000256976,0.607328217554671,-0.291092824529467,-0.0750004107381251,0.0281471029006026,-0.0111103255024087,5.83592345794237,2.08243777389606e-07,0.0170632324439971,0.409910894637687,0.717753583433044,0.71028039851626,0.717706482837912,0.710294198327497
84,-0.831731056273663,-0.866847322914806,-1.10684602951806,0.723727260135799,-0.308914238958163,-0.060697426112305,0.0789673927640536,-0.0309976114931363,5.8923188834494,-0.0517098219888724,0.245214967229214,0.34316657543811,0.700348707035052,0.751002957106583,0.731988176940014,0.655781063426129,-0.813819397782652,-0.840025923900339,-1.122500000428,0.628337930798893,-0.270549097139706,-0.0750003900653791,0.0277100421853444,-0.0105178485310613,5.87630990897297,1.97755134297529e-07,0.0173328653372147,0.397279516538476,0.717386772635859,0.710619457440252,0.717340989882376,0.710633609966372
85,-0.757043388236233,-0.894777194866461,-1.113011197075,0.763654529051796,-0.25041955780297,-0.0646446478288271,0.0605107994030807,0.000732827974888554,5.92851799101328,-0.165574690623563,0.380517717208856,0.337440673578538,0.725638089207359,0.718146730952222,0.716079790294092,0.721665263765783,-0.750000001889259,-0.866025404593983,-1.12999999827802,0.647785496448235,-0.249332742495995,-0.0750003655325555,0.0273106878144093,-0.00984929704377108,5.91549722339275,1.85818321653622e-07,0.0175867927168241,0.385911265540546,0.717031954003397,0.710947496610022,0.716987564598507,0.710962158333071
86,-0.680269121838384,-0.917003694481732,-1.11985492517624,0.767161291769588,-0.193848043269389,-0.0722424340831598,0.053242427367167,0.0256583971363829,5.96328642419164,0.0230369131312411,0.109840607060527,0.32777334557339,0.719790884564935,0.700895467891818,0.727259529050945,0.733722315242561,-0.684315987781334,-0.889871809605968,-1.13749999614291,0.665622564931574,-0.227496507821122,-0.0750003373802966,0.0269490995782239,-0.0091121354656794,5.95360936492705,1.72526908656759e-07,0.0178232087392596,0.37576090094628,0.716690252811474,0.711263658585506,0.716647321041084,0.71127897505299
87,-0.604060703257915,-0.933494962435592,-1.12765094270612,0.75538618454766,-0.137967745097054,-0.0844345719521205,0.0387455284004124,0.0300540719242164,5.99598428881494,-0.427823552281551,0.0501492063246843,0.321374550133705,0.708449684021748,0.740979479147034,0.743404904268964,0.705142307557972,-0.616930656297336,-0.91150585304894,-1.14499999404528,0.681804790636842,-0.205094681397271,-0.0750003058844156,0.0266251319844975,-0.00831361111998101,5.99076570818803,1.57978015019105e-07,0.0180404903290836,0.366781876599381,0.71636200869795,0.711567857893772,0.716320588185767,0.711583963782651
88,-0.529624935244091,-0.945737141652855,-1.13622233052029,0.732179692993966,-0.113370702517884,-0.0851694785950518,0.000808621222094647,0.0256671675747641,6.02733638713976,-0.23344461590119,-0.155314718001499,0.303668816686984,0.721856145980962,0.688789922729961,0.714262244535291,0.725059120639489,-0.548011538006847,-0.930873749309434,-1.15249999200698,0.696291942137956,-0.182182957618735,-0.0750002713539704,0.0263385051170052,-0.00746076358787735,6.02708102309072,1.4228007590697e-07,0.0182371920670305,0.358928599223322,0.716046976221416,0.711860578058966,0.716007110396279,0.711877597309899
89,-0.457389785187996,-0.956996282990818,-1.14489759095115,0.715279596087916,-0.112906636853665,-0.0892371858099141,-0.0010798201618086,0.00802204712432771,6.05781387954383,0.193054283005803,-0.164196537576631,0.308094981726821,0.72914561385347,0.708862950982898,0.700833203298698,0.731979512620791,-0.477729976705187,-0.947927346764915,-1.15999999004888,0.709048002203284,-0.158818298547956,-0.0750002341287285,0.026088861397581,-0.00656044077336846,6.06266565379888,1.25548678415248e-07,0.0184120414062656,0.352158077163001,0.71574448140163,0.712142712817898,0.715706203878257,0.712160758813233
90,-0.386017909924065,-0.967958012550325,-1.1538287514796,0.713098081085624,-0.103631816810073,-0.0884531502889309,0.0157603923781091,0.00595912671681284,6.08932234317719,0.0566878976754107,0.169525881621602,0.32195766935276,0.71196380570972,0.73562344714244,0.704296582623364,0.696648088220206,-0.406260703428575,-0.962624247495756,-1.16749998819078,0.720041257335488,-0.135058792316314,-0.0750001945760793,0.0258758105168055,-0.00561931900385026,6.09762583848647,1.07895706098293e-07,0.0185639343391213,0.34643110059926,0.71545354129014,0.712415444491099,0.715416876170047,0.71243462025696
91,-0.31508919986787,-0.977417859886704,-1.16270493913118,0.704091892202762,-0.0851195651555918,-0.0895523382252599,0.0175051108012301,0.0133729091982701,6.121123849229,0.00250345192753935,-0.108524327184042,0.307199019675784,0.708162663603113,0.696850284119009,0.733834728720633,0.721938691224207,-0.333781402048143,-0.974927912694091,-1.17499998645122,0.729244376617876,-0.110963508720496,-0.0750001530874801,0.0256989645656665,-0.00464392532534211,6.13206412900681,8.94168087560681e-08,0.0186919315826337,0.34171306893311,0.715172953445592,0.712680152652826,0.715137915545598,0.712700551070853
92,-0.244912856661529,-0.984956557913098,-1.17164338682737,0.702834145655283,-0.0646565428365885,-0.0888214867226712,0.0270218459447738,-0.00657659669304523,6.15158128963647,0.216952166347309,-0.233115546050012,0.314231808566533,0.71514892053887,0.707132770507213,0.703372466626882,0.725929185648409,-0.26047226752233,-0.984807753506971,-1.18249998484744,0.736634479668914,-0.0865923523733425,-0.0750001100745347,0.0255579651178526,-0.00364066077860146,6.16607987993523,7.01811289373934e-08,0.0187952553153279,0.337974557747287,0.714901361533441,0.712938346897193,0.714867956549227,0.712960050915328
93,-0.173836317010445,-0.98996220608365,-1.18031161749137,0.719773572687817,-0.0356648608299854,-0.0840830669998929,0.0251633004610419,-0.0136795009247625,6.18366842856278,-0.370234909313023,0.177209650844507,0.332422081713756,0.697159086548937,0.753692389690297,0.712676152433944,0.677088464276406,-0.186515557905595,-0.992239207087515,-1.18999998339526,0.742193193533907,-0.0620059137748175,-0.0750000659647969,0.0254525037179428,-0.00261582390796259,6.19976978464508,5.02258696691924e-08,0.0188732864752072,0.33519169740927,0.714637302435601,0.713191618330399,0.714605527047404,0.713214701164931
94,-0.10136847906219,-0.992948281601933,-1.18830772398248,0.728511474616298,-0.0283483639208008,-0.0753353575700894,-0.000628512690751723,-0.0108004680083359,6.21874110201902,0.0345259977398291,-0.248160257735879,0.368918398022759,0.69704684064717,0.679308793476187,0.694558116978887,0.756159376705626,-0.112095141227157,-0.997203797664555,-1.19749998210897,0.745906698370891,-0.0372653186741753,-0.0750000211973828,0.0253823369451647,-0.00157563409317373,6.23322844239531,2.95569660537141e-08,0.0189255626160535,0.333346418112562,0.714379239417804,0.713441605254966,0.714349081344694,0.71346613057797
95,-0.0276061236839827,-0.995659568395549,-1.19550001708221,0.749035979414116,-0.0229535543684017,-0.0689355602960405,0.0167065270211972,-0.0230887184443842,6.25690011771806,0.260895870971125,0.158173840726833,0.391647361293712,0.726983067361774,0.729900431776602,0.68230493977261,0.699817552805378,-0.0373960383662897,-0.999689182478647,-1.20499998100129,0.747765761816051,-0.0124320760986396,-0.0749999762184587,0.0253472969549562,-0.000526254534750234,6.26654894514444,8.15598678371284e-09,0.0189517763131468,0.332426601687869,0.714125585156401,0.713689969255804,0.714097023164896,0.713715991363401
96,0.0480679553842484,-0.996816450036779,-1.2023290591494,0.759950290487921,0.00183583197187616,-0.0684155924705676,0.0277787874762442,0.00302344575052051,6.29663310352188,-0.100709017612129,0.312267092521708,0.385501097676077,0.705295311746705,0.726194937599911,0.729993273995038,0.696353128903548,0.0373960369391987,-0.999689182469989,-1.21249998008323,0.747765761942524,0.0124320745729599,-0.0749999314766577,0.025347298153402,0.000526185111803002,6.29982347621713,-1.40074601047855e-08,0.0189517741082102,0.332426168376678,0.713874717818038,0.713938378503873,0.713847721690082,0.713965942461515
97,0.123497551177065,-0.995436448088653,-1.20905162763446,0.746289227650352,0.025265513361727,-0.0654929062289973,0.0266221627575013,0.0160436248616363,6.334484880337,0.177893529394176,-0.0979188881411414,0.363215520798072,0.716096288665624,0.676137520892502,0.719793095994337,0.73295683290808,0.112095139807536,-0.997203797641747,-1.21999997936406,0.745906698754978,0.0372653171109595,-0.0749998874184697,0.0253823404304446,0.00157556635122007,6.33314391523902,-3.69592086788817e-08,0.0189255559852506,0.333345116383935,0.713624992933482,0.714188495542799,0.713599523398168,0.714217637304136
98,0.197432201667337,-0.991241422951274,-1.21594076327633,0.73334270254416,0.0630583304548502,-0.0739784401278324,0.0525561815254574,0.00784189060324957,6.36924964958618,0.282331038357428,0.0572566006794905,0.33677380836723,0.739330504600715,0.723237269323906,0.720297325672001,0.707208125809564,0.186515556502467,-0.992239207060466,-1.2274999788512,0.742193194190964,0.0620059121281108,-0.0749998444836369,0.0254525091617024,0.00261575955211235,6.36660244507081,-6.07017892262796e-08,0.0188732753726609,0.335189522824992,0.713374753515702,0.71444196711231,0.713350762148633,0.714472713608233
99,0.270133063023751,-0.982083719040751,-1.22341145311723,0.722638086615128,0.121033412845109,-0.0738705031649518,0.0569193414961461,-0.0074856735985553,6.40148591314042,-0.282422518464077,-0.443312433545933,0.328127384795497,0.673562835916541,0.712560217763404,0.755311315139767,0.711334536972666,0.260472266148064,-0.984807753493403,-1.23499997855014,0.736634480628641,0.0865923505828751,-0.0749998031005875,0.0255579719794816,0.00364060155888338,6.40029215690017,-8.5195682193215e-08,0.0187952396715383,0.337971506063727,0.713122340741573,0.714700413690305,0.713099769835394,0.71473278288451
100,0.343138773063359,-0.967741931211663,-1.2309401060929,0.741978091859902,0.1579360755635,-0.0777115065866637,0.00524263057032771,-0.0274606782974474,6.4335646138745,-0.69770612053149,0.268868914756217,0.335526478328372,0.735539717640347,0.762162663858749,0.695194486650061,0.679525801558651,0.333781400720658,-0.97492791272092,-1.2424999784644,0.729244377929081,0.110963506710603,-0.0749997636819385,0.0256989721042537,0.00464387305078283,6.43430764921934,-1.10343028633843e-07,0.0186919113146983,0.341709140816366,0.71286610754528,0.714965416403794,0.712844889954841,0.714999417310811
101,0.418240463290153,-0.952516359762004,-1.23910846961409,0.755880123823094,0.139961268541573,-0.0859884841890273,-0.0288905147683467,0.00340395304781423,6.46792782060094,0.207855966915645,0.174733746373912,0.366236721504467,0.736247507933293,0.684554878575765,0.685305352716426,0.775397838388346,0.40626070217396,-0.96262424760021,-1.24999997859542,0.720041259070033,0.135058790001484,-0.0749997266201065,0.0258758178115793,0.00561927554624121,6.46874561509744,-1.35976238683849e-07,0.0185639093644476,0.346426308181603,0.71260443765992,0.71523849876771,0.712584496625699,0.715274131428705
102,0.493628058236556,-0.939468228765257,-1.24781807800347,0.749412322731964,0.126321836706308,-0.0871090033131489,0.00481664646883474,0.0122746358994682,6.50499423952052,0.299513931823654,0.0187781633861758,0.37404656253303,0.704608550645964,0.71454735412054,0.721143455946014,0.713011547107177,0.477729975560519,-0.94792734699466,-1.25749997894248,0.709048004456759,0.158818295846015,-0.0749996922830769,0.0260888673799206,0.00656040805690717,6.50370540986127,-1.61853631355633e-07,0.0184120116588212,0.352152452360963,0.712335772993022,0.71552110035839,0.712317021946987,0.715558355769398
103,0.567806375950952,-0.92637163042383,-1.25630533877726,0.73279777996586,0.138009259148625,-0.0819361198197086,0.0215428840033093,0.0166136692637152,6.54341193537316,0.00330892121743593,0.109771036405436,0.395365530142588,0.696663630829018,0.729980533378674,0.70806155436939,0.702697265971954,0.54801153702274,-0.930873749720958,-1.26499997950258,0.696291945024322,0.182182954471516,-0.0749996610104031,0.0263385086171094,0.00746074356065378,6.53928958787913,-1.87663433512813e-07,0.0182371575144953,0.358922203664521,0.712058652731113,0.715814539016339,0.712040995090151,0.715853399002831
104,0.63976766418926,-0.911811328343501,-1.26423135030963,0.702502449408694,0.153298107285059,-0.076640530414613,0.0305758749055784,0.0387615071252751,6.58417811616718,0.237863008640636,0.372063131069539,0.406429014043004,0.727794417315513,0.710219336885067,0.688926998424654,0.714971231422571,0.61693065553947,-0.911505853703513,-1.27249998027037,0.681804794274503,0.205094677797102,-0.0749996331095291,0.026625131795167,0.00831360570317443,6.57560439239455,-2.13036104677743e-07,0.0180404509884665,0.366774812893245,0.711771768229107,0.716119957509271,0.711755097182676,0.716160394540306
105,0.70720196210621,-0.895409989134559,-1.27171914582445,0.643319420949407,0.176558687999063,-0.0733760364408291,0.04781461605927,0.0489767603699897,6.62514133065744,-0.021153737650422,-0.271669441872401,0.403036185696016,0.677864623185356,0.698045077942689,0.752027667589456,0.725441855943981,0.684315987330005,-0.889871810562766,-1.279999981238,0.665622569419103,0.227496503839658,-0.0749996088525595,0.0269490945368475,0.00911214647648043,6.61276017602385,-2.3756294565806e-07,0.0178231646877359,0.375753324874309,0.711474038525525,0.716438249798384,0.71145823682637,0.716480226733049
106,0.768992629873951,-0.876229079088062,-1.27911244429718,0.596963520039137,0.208347670016125,-0.0752405759895278,0.0472313202976176,0.0199206793727389,6.66435358817354,0.049524589752099,-0.125451961713092,0.408796211366429,0.730469904453362,0.725253076357818,0.698725572339025,0.713035185870499,0.750000001835875,-0.866025405900399,-1.28749998239507,0.647785501829604,0.24933273831004,-0.074999588473619,0.0273106769021001,0.00984932608865527,6.65087172131868,-2.60816535127461e-07,0.0175867440940339,0.385903398526423,0.711164712172765,0.716769961199698,0.71114965194261,0.71681343095834
107,0.826956419085507,-0.853582402212678,-1.28653106288521,0.561641507661689,0.242923410095896,-0.0722733805031179,0.0399519844723015,0.026008966705853,6.7051416443196,-0.285474194199339,0.290134212071602,0.39791350098398,0.715109483234828,0.733140652095375,0.71602423837322,0.681486050038233,0.813819398222225,-0.840025925580128,-1.29499998372852,0.628337937020468,0.270549093047133,-0.0749995721669538,0.027710024639288,0.0105178968673858,6.69005842039993,-2.82366064160162e-07,0.0173328123353417,0.397271657481135,0.710843501861684,0.717115155939337,0.710829044428029,0.717160061092351
108,0.881121143938207,-0.828529138587261,-1.29334011119463,0.524330956369945,0.256170641356649,-0.0632959515869974,0.0239630116615834,0.0134299325225495,6.74355276634199,0.063550312899922,-0.727416218915416,0.372341935775411,0.69045948766971,0.644357198921543,0.738559422295573,0.75433765957495,0.875615511364567,-0.811938008337496,-1.30249998522273,0.60732822441935,0.29109282094756,-0.0749995600859044,0.0281470783321932,0.0111103938687039,6.73044425983903,-3.01779001361981e-07,0.0170631752829689,0.409903429849278,0.710510758834702,0.717473245083626,0.710496754620475,0.717519517351651
109,0.933510317442412,-0.801480907078376,-1.29946273722547,0.532963036072418,0.290146420114832,-0.0598796914962032,0.0243836714769346,-0.0522102189451224,6.77993379420382,-0.149299511354522,-0.312060800314141,0.397203976680486,0.714957419466079,0.758513826881944,0.690857390569663,0.687146354885791,0.935234706313287,-0.781831485085733,-1.30999998685971,0.584808597201505,0.310912847060683,-0.0749995523428198,0.0286214860519832,0.0116191359299081,6.77215754158834,-3.18600705425793e-07,0.0167798267762443,0.423839710298758,0.71016769395991,0.71784276794348,0.71015398245515,0.717890327605088
110,0.988813984931398,-0.770349739543119,-1.30573953277007,0.573576762020004,0.329237468473904,-0.0672341145191992,0.00416101483104629,-0.0450687412901937,6.81988270655769,-0.157637443778565,0.462408645786245,0.395568930421157,0.749955234418274,0.739577123286075,0.699288796595537,0.69858812324405,0.99252876025711,-0.749781205317153,-1.31749998861942,0.560835042487238,0.329959895531472,-0.0749995490098636,0.0291324972099017,0.0120362422397823,6.81533025304061,-3.32306986377142e-07,0.0164849536695439,0.43911315624518,0.709816651014278,0.718221121373554,0.709803060868463,0.718269876580518
111,1.04737822068825,-0.736678631047594,-1.31277794696109,0.591821175347112,0.339865695313155,-0.0729359121965704,0.000148994595636375,-0.00216815087597116,6.85948217472579,0.126948017105855,0.253742508594203,0.398341285641519,0.71323072803707,0.695874992156718,0.718086913764312,0.741605873146684,1.04735523103754,-0.715866851030612,-1.32499999048043,0.535467162220171,0.348186612087071,-0.0749995501205001,0.0296788357422679,0.01235367110194,6.86009697996487,-3.42232126242204e-07,0.0161809402507789,0.455742919577492,0.709461434365028,0.718604234742139,0.709447783650412,0.718654080748733
112,1.10620712639299,-0.702608310994819,-1.32026756343843,0.580390930758793,0.341793707308911,-0.076656017053173,0.0163714550976702,0.019107754782131,6.90282442677916,0.142636306537707,0.238479974007034,0.475281104856523,0.691672929870634,0.745087964442814,0.690423364167497,0.73796883733058,1.09957781129898,-0.680172738645374,-1.33249999242074,0.508768025060755,0.365547681774947,-0.0749995556712463,0.0302585517380042,0.0125632893881611,6.90659323674641,-3.47486766007839e-07,0.0158703713896418,0.47372812685166,0.709107686708012,0.718986194874287,0.709093783418163,0.719037013196865
113,1.16252066800074,-0.66825095941592,-1.32816121050367,0.540477000462957,0.347785691617688,-0.0812521032482545,0.0498914084763976,0.034641013161282,6.95248851223713,0.570862918942934,0.0670774323928181,0.499132062482647,0.724642899802204,0.697100588564855,0.706713786068377,0.743419249875377,1.1490666673934,-0.642787609390424,-1.33999999441878,0.480804009645037,0.381999941670222,-0.0749995656230837,0.0308688523882377,0.0126569830765211,6.95495307200432,-3.46894764014553e-07,0.0155560335333639,0.493039870187713,0.708763301413321,0.719358836375698,0.708748944276411,0.719410493912936
114,1.21312045612479,-0.632035874495597,-1.3361459445344,0.466937663698225,0.379788048250439,-0.0770106345285549,0.0841124226408384,0.0405399012518987,7.00321873397918,-0.100707150950497,0.168104398056976,0.501995485438358,0.688503354206599,0.744965382377101,0.734451239819488,0.679750219780498,1.19569876219434,-0.603804408686179,-1.34749999645452,0.451644639575357,0.397502488275686,-0.0749995799018169,0.0315059159849275,0.0126268209585419,7.0053057990772,-3.38991903630679e-07,0.0152409123789451,0.513611679506035,0.7084388368588,0.719711329911171,0.708423816560515,0.719763678075134
115,1.25567755147526,-0.592649565632109,-1.34395428984552,0.386899007227912,0.404383855084214,-0.080909193012011,0.0594179211662846,0.0383167615834014,7.05487727439245,-0.331678132784415,-0.216444697783738,0.533242671441626,0.693663049732637,0.718525236954941,0.727218326210649,0.743524545038756,1.23935816101247,-0.563320055063058,-1.35499999851039,0.421362410530152,0.4120167793401,-0.0749995983967175,0.0321646969027411,0.0124652845889091,7.0577717072026,-3.22135587656112e-07,0.0149281857256103,0.535328639762866,0.708147875830929,0.720029825310682,0.708131976754621,0.720082699245086
116,1.29165920922965,-0.551487395798955,-1.35188422084748,0.339156288796188,0.418915709793351,-0.0760826207138312,0.0335196849563609,0.00889889466365002,7.10941622650321,-0.180560322368237,-0.253051161340865,0.584640600647607,0.702102421344651,0.720576255011821,0.686304301568794,0.726995271348636,1.2799363198453,-0.52143519918883,-1.36250000057192,0.390032609907266,0.425506729820067,-0.0749996209571017,0.0328387352476074,0.0121655770859669,7.11245664017252,-2.94765477557363e-07,0.0146212096779317,0.558015619908913,0.707907241915717,0.720297237532896,0.707890244513631,0.720350455527953
117,1.32449874204904,-0.508591964071105,-1.35978520933679,0.321383458416491,0.442373871092983,-0.0840969720074343,0.0291162783470601,-0.0235067206450179,7.16810629758574,0.114527405195459,-0.389823807386224,0.601847326422327,0.723413667427639,0.710318752122841,0.716317879660721,0.739078281345997,1.31733235523635,-0.478253973604121,-1.37000000262776,0.357733129450624,0.437938801711659,-0.0749996473870709,0.0335199920684646,0.0117220204355515,7.16944539663706,-2.55823235033209e-07,0.0143234960799617,0.581425509278567,0.707736949900275,0.720493298421591,0.707718633804083,0.720546661673293
118,1.35647463671624,-0.462162779462358,-1.36824843612705,0.320019693487268,0.486101029893596,-0.0835093122386052,0.0168995346336862,-0.0306413724654701,7.2286203686906,-0.450291127907089,0.422228419338996,0.613407813338869,0.717051310536787,0.768759158830199,0.700564709761599,0.662073593621561,1.35145329506661,-0.433883733792501,-1.37750000466884,0.324544271352559,0.449282087485683,-0.0749996774394584,0.0341987391362629,0.0111305442649099,7.22879402224101,-2.05283605413157e-07,0.0140386788937813,0.605228902168479,0.707659736420141,0.7205950279848,0.707639884375405,0.720648320886774
119,1.38872705860781,-0.412853444198884,-1.37669694485148,0.322979022503218,0.492283244166047,-0.0862627592065879,0.00212441016524974,0.0141419435057806,7.29143848999681,0.402436760745734,0.316375485020441,0.644102921377091,0.733316423078847,0.678903295661222,0.680934349043462,0.773221620623349,1.38221430965214,-0.388434791237329,-1.38500000668686,0.290548548367973,0.459508386881173,-0.0749997108108609,0.0348635399658266,0.0103892574435858,7.2905212373277,-1.44678204765599e-07,0.0137704673020236,0.629007274271542,0.70770000474236,0.720577791287406,0.707678407403851,0.72063078247817
120,1.41963872862555,-0.364118785562325,-1.38518118320502,0.286207553325649,0.482848019570885,-0.0820127114659535,0.0517414952338816,0.0386792491501923,7.35618260001513,0.372363315912132,0.247237744575782,0.62955301785979,0.707153842857276,0.710922270545459,0.726779543413668,0.695194759061693,1.40953892257757,-0.342020139140265,-1.39250000867203,0.255830478512011,0.468592276849349,-0.0749997471401945,0.0355013636911278,0.00949907668429502,7.35459947465982,-7.74306928604347e-08,0.0135225837452549,0.652252224930207,0.70788204449377,0.720417080152437,0.707858506042373,0.720469524558502
121,1.44458606224223,-0.316310600648895,-1.39317323500571,0.209358774883033,0.474015554430598,-0.0782028473651536,0.0745671343978944,0.0393393140260006,7.42062241462738,0.0255629039526433,-0.2155120478261,0.665133804540553,0.673065342520631,0.720854514896369,0.727852477760604,0.733605316942278,1.43335920075306,-0.294755171494617,-1.40000001061067,0.220476374927987,0.476511174493542,-0.0749997860131101,0.036097872371963,0.00846436421082391,7.42094627196976,-8.80214199023128e-09,0.0132986860329788,0.674373602112656,0.708227476698709,0.720091069343534,0.708201821135624,0.720142711444226
122,1.46157014202496,-0.26884897824496,-1.40105425975442,0.132349598761657,0.476195057936778,-0.0802884504434235,0.0674015352238976,0.0251398888281039,7.48872910127791,-0.191855021351347,0.169136235413041,0.714024925417628,0.717106284139206,0.755021986543526,0.692737003571237,0.707886739529769,1.45361592324069,-0.246757396219092,-1.40750001248332,0.184574131497254,0.483245392910112,-0.0749998269735867,0.0366379116914315,0.00729350235496461,7.489417031979,5.46978401568266e-08,0.0131022741789452,0.694719005025287,0.708752042344438,0.719583829083969,0.708724120190732,0.719634407561268
123,1.47150817081426,-0.221576657118662,-1.40903984834001,0.0693532701037824,0.466601979716041,-0.0787675224196397,0.0477163877990644,0.0294860224751359,7.56154766459627,-0.217765719032843,-0.128181580076582,0.728028076739287,0.697638756198352,0.700030697123329,0.725339114433636,0.729714569239931,1.47025872845137,-0.19814614306441,-1.41500001426391,0.148213004717062,0.488778189884506,-0.0749998695421041,0.0371062120419926,0.00599931221475845,7.55980035829603,1.06432803987786e-07,0.0129365846903245,0.71260601004449,0.709462090266885,0.718888838228608,0.70943178526095,0.71893809204372
124,1.47613507514474,-0.175463273584339,-1.41673621527297,0.0255420032593195,0.457180897424858,-0.074982088553194,0.0379621668479188,0.0145743786224137,7.63345525287167,0.0232581820341168,-0.0219917098484744,0.718724989727235,0.730476003581656,0.706751460474445,0.699156142169688,0.708994366085177,1.48324623936242,-0.149042267008494,-1.42250001592057,0.111483392309563,0.493095809417064,-0.0749999132374687,0.0374882716744513,0.00459921422580268,7.63181721065203,1.41087061827824e-07,0.0128044774992133,0.72736638280378,0.710351377504603,0.71801218507292,0.710318612770574,0.71805986083184
125,1.47661724988814,-0.129986658430153,-1.42331433251786,-0.0180818480001015,0.453138106009398,-0.0540451484172494,0.053758956376287,0.00880134244280969,7.70630287484135,0.269733391324466,-0.0712471025819457,0.748129414035865,0.689212803330076,0.69631223700607,0.682602795445051,0.71771732246876,1.49254616645013,-0.0995678478590896,-1.43000001741822,0.0744766089717128,0.496187516034181,-0.0749999575974654,0.0377713505038845,0.00311503913229119,7.70512491315693,1.56043962924234e-07,0.0127083231698197,0.738398738305786,0.711398976530989,0.716974661518821,0.71136371961842,0.717020521771859
126,1.47183527293416,-0.0844664687696697,-1.42836758199664,-0.0789950638345908,0.460498627569523,-0.0500606624495492,0.0625751655715221,-0.0146914093472555,7.781129030643,-0.193253898018299,-0.32882309463111,0.773226537971747,0.682323783759254,0.731733620670854,0.737121136881933,0.711659719862853,1.4981353880706,-0.049845886789586,-1.4375000187225,0.0372846596627486,0.498045621788387,-0.0750000021930243,0.037945462252216,0.00157243382874129,7.77932655245986,1.52227663563665e-07,0.012649899874034,0.745223226525755,0.712569070977543,0.715811969076491,0.712531337178012,0.715855800981849
127,1.46132066649891,-0.0370596686268558,-1.43391431093469,-0.127176713494072,0.489410314903317,-0.0626988534672868,0.0363972483242553,-0.0287081222450019,7.85821491988289,-0.204811244688394,0.254720338842966,0.780650218902456,0.751915720687245,0.747067642423786,0.697654212002991,0.707024928901781,1.50000000806434,-5.46530667381817e-10,-1.44500001980416,1.08725210802784e-08,0.498665505791158,-0.0750000466320489,0.0380042273042852,-1.337802304247e-07,7.85398555692986,1.34055294807889e-07,0.01263031028011,0.747529816379779,0.713813131713689,0.714572544852921,0.7137729851658,0.714614168475472
128,1.44715672466306,0.0127680911467587,-1.44058790030219,-0.151991772939216,0.501815226259858,-0.0695579592509025,0.0117926518060884,0.00172718094861165,7.93717233013128,-0.293473047514828,0.281870002105848,0.782326187178937,0.710017460569008,0.717298199623328,0.724283547599416,0.718221369387454,1.49813539040871,0.0498458859150305,-1.4525000206428,-0.0372846395863949,0.498045626090496,-0.0750000905522249,0.0379454512741206,-0.00157269447941416,7.92864438890708,1.08432949037873e-07,0.0126499274820227,0.745211582386942,0.715074419311401,0.713313061413347,0.71503197161405,0.713352336877234
129,1.4319031168478,0.0625197750600606,-1.44810116721558,-0.148206570553464,0.491789746858476,-0.0817047819093466,-0.0154860378091132,0.0137272533576154,8.01344168597486,-0.239483484344125,-0.0757242548361726,0.734819667996252,0.731003237311293,0.693384396623265,0.748191021469894,0.722349066763396,1.49254617080265,0.0995678475940802,-1.460000021229,-0.0744765936020293,0.496187523728585,-0.0750001336058491,0.0377713299947549,-0.00311527952386931,8.00284551913019,8.30772217977211e-08,0.0127083763295169,0.738376536388836,0.716294113857352,0.712092299364365,0.716249520196059,0.712129132160106
130,1.41819190613998,0.111496769049375,-1.45640536336013,-0.124978520223829,0.492742626026623,-0.0824929382266353,-0.0275474837862103,-0.0133236775170868,8.08503871721057,0.017034272995115,-0.500604969088032,0.684183570514605,0.72122770089735,0.678442560323472,0.730185813370545,0.719801010956468,1.48324624513915,0.14904226761687,-1.46750002156431,-0.11148338385378,0.493095818895235,-0.0750001754424639,0.0374882443607227,-0.00459942240874164,8.07615240167765,6.46946584586164e-08,0.0128045524179421,0.727335617799807,0.717417874403893,0.710964590106475,0.71737132750361,0.710998934062025
131,1.40659086349473,0.162364146373519,-1.46436429844639,-0.109506772729101,0.52850015439703,-0.0760208705746498,-0.0214186272042165,-0.0375582195156334,8.15214233657087,0.113866319486917,0.137206194087411,0.645334703216929,0.745881747240545,0.723513904548475,0.691863439646991,0.674439916284143,1.47025873489729,0.198146144630767,-1.47500002165917,-0.148213004203822,0.488778199203585,-0.0750002156956554,0.0371061815989598,-0.00599947851437641,8.14816816709086,5.758481608043e-08,0.0129366764047019,0.712569275772352,0.71840149279837,0.709974163738521,0.718353215281655,0.710006021455363
132,1.39600229709804,0.216797199195399,-1.47222240239002,-0.103597128758301,0.553581014604107,-0.0833920459263529,-0.00173352221355803,-0.00188959107724406,8.21744930743946,0.334408174591885,0.482346146629534,0.679407604973509,0.722804766000065,0.733268035979498,0.693413512637954,0.737162597879372,1.4536159295601,0.246757398636529,-1.48250002152957,-0.184574138678352,0.483245400213782,-0.0750002539785926,0.0366378822745738,-0.00729362010378693,8.21855020122739,6.30397393101955e-08,0.0131023772413798,0.694679129503415,0.719214592481828,0.709151451290039,0.719164828374293,0.709180872154686
133,1.38542254681813,0.271420594231295,-1.48097086867119,-0.110999962695209,0.532275913819731,-0.0909791978128689,0.0312416889266096,0.0261368456544731,8.28706646510894,0.255838998817676,-0.00579111810747955,0.703091999929117,0.690235908499907,0.708277809115229,0.73796701337358,0.739313250243857,1.43335920623075,0.294755174492573,-1.49000002119319,-0.220476388431008,0.476511178384046,-0.075000289889635,0.0360978480685775,-0.00846443022173464,8.2870195404723,7.95972017295079e-08,0.0132987951798684,0.674333304214566,0.719841904649794,0.708511808748668,0.719790910804322,0.70853888489268
134,1.37311110980031,0.322819221642195,-1.49029375449623,-0.138018441700362,0.496634362925034,-0.0951371420515276,0.045052865712888,0.0113302804251507,8.3556870786191,-0.0275634302065424,-0.164011302370678,0.673350383344178,0.716974051957056,0.714134621168852,0.739203866221707,0.698151377888947,1.40953892667467,0.342020142343183,-1.49750002066631,-0.255830496185869,0.468592276627465,-0.0750003230260359,0.0355013479811516,-0.00949909136720991,8.35336487403243,1.03917370660451e-07,0.0135226944301904,0.65221384939633,0.720282289790753,0.708056494838313,0.720230327904839,0.708081355591724
135,1.35746835339315,0.371201695932188,-1.49956515070599,-0.178332019498605,0.473346275080782,-0.0887417705924804,0.0575129828345973,-0.0152802514553812,8.42015284775534,0.383752762969207,-0.318345722156584,0.641336696392159,0.727596664289201,0.677955141107278,0.705254137500291,0.722122473487237,1.38221431206187,0.388434794238635,-1.50500001996181,-0.290548567725972,0.459508382613878,-0.075000353001667,0.0348635352881011,-0.0103892245334541,8.41744169107373,1.31904685357871e-07,0.0137705760242363,0.628972631229348,0.720546137082549,0.707775270138647,0.720493466798155,0.707798075587462
136,1.33611074566508,0.417679621373213,-1.50809614184609,-0.254525910375209,0.455647138948858,-0.0820070180618818,0.0855495892545174,-0.0358659400667669,8.48084343790937,0.0820441128163298,0.0776269913001788,0.594864790066533,0.725517741898085,0.728099366919048,0.725200838324987,0.668130490701369,1.35145329572558,0.433883736226806,-1.51250001908863,-0.324544290009563,0.449282079909214,-0.0750003794642976,0.0341987466338081,-0.0111304702114568,8.47916760808299,1.59714616106345e-07,0.0140387833063165,0.605199209113912,0.720651958774205,0.707649800556422,0.720598832130221,0.707670734785656
137,1.30635997348161,0.462077198479013,-1.51651036347724,-0.337601801228159,0.432278285245787,-0.0883920691646859,0.0689933460468669,-0.0298833969122346,8.53916558591663,-0.366024927304548,0.0566355261472955,0.559416911477128,0.715257555939614,0.7232434877547,0.748546088473896,0.705587150477448,1.31733235429638,0.478253975203338,-1.52000001805252,-0.357733145469662,0.437938792016009,-0.0750004021090261,0.0335200115427385,-0.011721913570942,8.53851512168729,1.84417847687963e-07,0.0143235949082079,0.581401415042404,0.720622925236951,0.707657119631079,0.720569582540095,0.707676384138597
138,1.26956956483177,0.504570350231187,-1.52531128997631,-0.393343615715575,0.419062902249622,-0.0859154768001337,0.0406883620363763,-0.0200825197885443,8.59448966097943,-0.0644060221450905,0.247576636559379,0.537557224449879,0.738332409796216,0.699791111596549,0.694058739834761,0.711339644891652,1.27993631761753,0.521435199813646,-1.52750001685751,-0.390032622006314,0.425506719380535,-0.0750004206862391,0.0328387653048072,-0.0121654467145654,8.59550299657266,2.04260053389629e-07,0.0146213025079502,0.557997282762865,0.720483863092242,0.707772627428808,0.720430530115198,0.707790435064878
139,1.22844211442293,0.545660028798718,-1.5338252091197,-0.425682361999792,0.402198884679702,-0.0849986105488992,0.0257884406594021,-0.00523321339213268,8.64974969281269,-0.326056627063469,0.0129902003137872,0.56201259652769,0.682316387451115,0.725667050878154,0.727261940747666,0.721190336666275,1.23935815789854,0.563320054707818,-1.53500001550764,-0.421362418139259,0.412016769460826,-0.0750004350042152,0.0321647352403977,-0.0124651401322476,8.65018730157441,2.18586164483632e-07,0.0149282727309185,0.535315832870704,0.720258979113498,0.707972363465265,0.720205865431136,0.707988933117367
140,1.18518420285899,0.585440727744471,-1.54206281362909,-0.43590137073255,0.39390180323796,-0.0788277735176781,0.00982603246706653,0.00889666942006133,8.70532044605736,0.134778844330201,0.394340568553745,0.538190467264585,0.754176015045476,0.69482492993751,0.682208799321955,0.70154350664249,1.19569875861852,0.603804407461031,-1.54250001400855,-0.451644642766873,0.397502479993905,-0.0750004449276658,0.0315059597514343,-0.0126266712512621,8.70265283846872,2.27563046680695e-07,0.0152409940473304,0.513603902547043,0.719970356801092,0.708234506860977,0.719917655032465,0.708250058983563
141,1.14171946662526,0.623700014902235,-1.54912103812584,-0.43558942840959,0.369279816730478,-0.0608083938713248,0.028099926655808,0.00339829241588192,8.75741053313941,0.122576717162994,-0.729310307623794,0.510683917452156,0.656592579985479,0.652556235663713,0.755565370475897,0.731957433283055,1.14906666374645,0.642787607488219,-1.55000001236861,-0.480804008979274,0.38199993564613,-0.0750004503739707,0.0308688985502846,-0.0126568358624522,8.75300543718771,2.3183768852824e-07,0.0155561104380764,0.493036452935608,0.719637133947739,0.708540195483511,0.719585019669891,0.708554948479002
142,1.09653943676393,0.660058115684699,-1.55457331984296,-0.472792610918181,0.362400367023789,-0.0494880742979555,0.021933935706342,-0.034997100904199,8.8053291787621,-0.262387994554119,0.365658286597559,0.467688581077322,0.756670154390241,0.757857001991043,0.683977955103974,0.631780449788814,1.09957780789955,0.680172736302139,-1.55750001059943,-0.508768021394839,0.365547678268587,-0.0750004513087331,0.0302585974051053,-0.0125631510236055,8.8013653603163,2.32232440716625e-07,0.0158704440285616,0.473728316799021,0.719275205565773,0.708873819749851,0.719223837689635,0.708887987143133
143,1.04811927836946,0.696403605516647,-1.55953634089504,-0.487948488861463,0.365187141775403,-0.0514366205900794,-0.00802151362786419,-0.00119483137470152,8.85095670992724,-0.251965140798843,0.0240736505301666,0.440898372148983,0.703669711835547,0.684009006401191,0.742380975162771,0.737807031192345,1.04735522811275,0.71586684848755,-1.56500000871597,-0.53546715652192,0.348186611005883,-0.0750004477417962,0.0296788784167005,-0.0123535464431149,8.84786188625474,2.29530351726466e-07,0.0161810089581464,0.455745950507177,0.718897286964155,0.709222956327584,0.718846808399508,0.70923674463904
144,0.999448580290231,0.733580091827667,-1.56474801528331,-0.488794587094733,0.380154744902312,-0.05223955227997,-0.00668333632879913,-0.0235040288560981,8.89465075885843,0.357777423228887,-0.430372729758357,0.428716382030424,0.726150555402119,0.678787768740482,0.706808020160259,0.743383096124551,0.992528757940102,0.749781202789971,-1.57250000673611,-0.560835035683276,0.329959896522732,-0.0750004397242884,0.0291325349489654,-0.0120361346748568,8.89262902461343,2.24361118341934e-07,0.0164850185908548,0.43911829785868,0.718513193175761,0.709578085549577,0.718463731651635,0.709591692755906
145,0.948956583786885,0.772146298844563,-1.56965315981269,-0.525949500994038,0.386615434369571,-0.0447151968047492,0.0301946786072108,-0.0355158197251934,8.93728829612141,0.293410861703602,0.370901865181548,0.421362619638901,0.733487865456308,0.744105709036262,0.685545206134447,0.667556777634776,0.935234704653482,0.78183148274439,-1.58000000468008,-0.584808590074271,0.310912849621501,-0.0750004273467665,0.0286215175443791,-0.0116190475111265,8.93580225024398,2.17170490068839e-07,0.0167798878890514,0.423846300870228,0.718130224662993,0.709932202623928,0.718081893606183,0.709945817095354
146,0.894583268928116,0.809657698891578,-1.57447369977525,-0.556771432382581,0.358471225866486,-0.0544681813544813,0.0437371476721088,0.00139124287190097,8.97999934153182,-0.0165103804201593,0.223571397379934,0.401470415896382,0.709096484039485,0.715104688859719,0.752407921571547,0.721588127893606,0.875615510345592,0.811938006296901,-1.58750000256977,-0.607328217554778,0.291092824529464,-0.0750004107382051,0.0281471029003757,-0.011110325503101,8.97751611155694,2.0824396261704e-07,0.0170632324441385,0.409910894744502,0.717753583447646,0.710280398501603,0.717706482852495,0.710294198312868
147,0.838187075510327,0.84346008990167,-1.58067206387888,-0.571943346108484,0.317405877484854,-0.0696543033124658,0.0472240240616706,-0.00447912620758629,9.02020433603028,0.156829254937883,-0.323179199949242,0.412142618655329,0.711918277286158,0.705205222101952,0.729459163310886,0.75591182855111,0.813819397782693,0.84002592390038,-1.59500000042802,-0.628337930799005,0.270549097139665,-0.0750003900654291,0.0277100421850223,-0.010517848531966,9.01790256259593,1.97755510690485e-07,0.0173328653372901,0.397279516600846,0.717386772647358,0.710619457428709,0.717340989893863,0.71063360995485
148,0.779354397760171,0.873142428233031,-1.58808221011927,-0.607384759450375,0.276989267752228,-0.0774459031951645,0.0479443761278584,-0.0220177006113689,9.06098201849693,-0.228042628420102,0.167763887840101,0.41836895405991,0.723906415625127,0.757771687751011,0.712671400749677,0.682676693789831,0.750000001889289,0.866025404594018,-1.60249999827804,-0.647785496448338,0.249332742495933,-0.0750003655325828,0.0273106878140483,-0.00984929704478034,9.05708987702018,1.85818831758301e-07,0.0175867927168504,0.385911265568754,0.717031954012172,0.710947496601212,0.716987564607276,0.710962158324275
149,0.71723863923,0.899223021519477,-1.59588767932936,-0.630647617471748,0.245325501644808,-0.0778518907844448,0.0359617368349331,-0.00142199627572544,9.10217958488716,0.129815868591973,0.172757841588304,0.383464314809517,0.737595080063534,0.680410835966054,0.713087486296159,0.7229800863439,0.684315987781355,0.889871809605996,-1.60999999614293,-0.665622564931661,0.227496507821051,-0.0750003373803073,0.0269490995778646,-0.00911213546671486,9.09520201855598,1.72527500518726e-07,0.0178232087392521,0.375760900949169,0.71669025281792,0.711263658579035,0.716647321047527,0.711278975046527
150,0.653614830206029,0.921867511669901,-1.60371434939011,-0.64256190578871,0.206981021512234,-0.0789638586301203,0.0394721293042661,-0.00652516694588337,9.14055566340797,-0.185960545862581,-0.290535481091521,0.396104232876361,0.677557753688283,0.721697498447885,0.739625369706271,0.722865979656031,0.616930656297349,0.911505853048961,-1.61749999404531,-0.681804790636908,0.205094681397201,-0.0750003058844148,0.026625131984167,-0.0083136111209881,9.13235836181632,1.57978645107992e-07,0.0180404903290557,0.366781876584368,0.716362008702451,0.711567857889252,0.71632058819027,0.711583963778134
151,0.588170944277019,0.941215030486433,-1.61184050791303,-0.668271950181733,0.182998045056805,-0.0840752364579569,0.0249144692039352,-0.0228244665182364,9.17954627229708,0.00985307401784804,0.128842815230377,0.389650888615251,0.751294228363238,0.72326976683937,0.692879267872166,0.706201602447116,0.548011538006854,0.930873749309448,-1.624999992007,-0.696291942138002,0.182182957618673,-0.0750002713539623,0.0263385051167192,-0.00746076358882022,9.16867367671688,1.42280708702818e-07,0.0182371920669934,0.358928599196474,0.716046976224337,0.711860578056034,0.716007110399204,0.711877597306966
152,0.520176441506119,0.958454547474519,-1.62042682337385,-0.690182066361276,0.160191210521212,-0.0872345639860408,0.0315320942840831,-0.0142664232804512,9.21882507820446,0.0992006966167212,-0.055686504974821,0.39363272785777,0.703794377820124,0.706032624706994,0.723695992300163,0.73003939210196,0.477729976705191,0.947927346764923,-1.63249999004891,-0.709048002203314,0.158818298547906,-0.0750002341287166,0.0260888613973465,-0.00656044077422567,9.20425830742198,1.25549286228036e-07,0.0184120414062265,0.352158077129147,0.7157444814033,0.712142712816221,0.715706203879932,0.712160758811552
153,0.449904640766324,0.972953526542717,-1.6293237153493,-0.71888075788255,0.128222150791928,-0.0907527096769118,0.0441097381097403,-0.0355151889286216,9.25703230074559,0.176138953274328,-0.326200564528288,0.383522970235608,0.71587931398486,0.703489217271746,0.726142598521768,0.723168002845163,0.406260703428576,0.962624247495761,-1.6399999881908,-0.720041257335505,0.135058792316276,-0.0750001945760663,0.0258758105166232,-0.0056193190046112,9.239218492106,1.0789627030047e-07,0.0185639343390854,0.34643110056212,0.715453541290854,0.712415444490382,0.715416876170768,0.712434620256238
154,0.375363457807074,0.983811717881988,-1.63815584897784,-0.777383486895724,0.0888435374331888,-0.0842972940118409,0.0477074060990038,-0.0702612816157561,9.29245872040392,-0.12343644512416,-0.293625331093682,0.354831787568042,0.70923838869012,0.715279179425385,0.727049592795472,0.686280073828008,0.333781402048144,0.974927912694092,-1.64749998645124,-0.729244376617884,0.110963508720471,-0.075000153087468,0.0256989645655326,-0.00464392532600412,9.27365678262258,8.94173172913636e-08,0.018691931582603,0.341713068895438,0.715172953445605,0.712680152652813,0.715137915545619,0.712700551070834
155,0.293865389731768,0.991051418204593,-1.64586608725071,-0.848224142279768,0.0564358784122467,-0.0693505434512263,0.0404268047074093,-0.0440887553581412,9.32755476233664,0.113284134986269,1.02550673521307,0.325126462099712,0.770722094443575,0.731986427067296,0.653444252902169,0.66042944458462,0.26047226752233,0.984807753506971,-1.65499998484747,-0.736634479668916,0.0865923523733285,-0.0750001100745248,0.025557965117761,-0.00364066077916736,9.3076725335473,7.01815758231429e-08,0.0187952553153041,0.33797455771101,0.714901361532971,0.712938346897666,0.714867956548765,0.712960050915794
156,0.208518944811108,0.994633864799329,-1.65255278093336,-0.8413630672372,0.0136365451771046,-0.065817858527251,0.0407507847650908,0.059067736926363,9.36405502238549,-0.21271720989784,0.801047327030034,0.317451189356832,0.682553753159453,0.707951813740429,0.746870870919037,0.718359007851683,0.186515557905595,0.992239207087513,-1.66249998339528,-0.742193193533906,0.0620059137748119,-0.0750000659647901,0.0254525037178862,-0.00261582390843871,9.34136243825366,5.02262528839374e-08,0.0188732864751903,0.335191697375623,0.71463730243483,0.713191618331174,0.71460552704664,0.7132147011657
157,0.128012045296758,0.994199130836067,-1.65885214600281,-0.765639124263963,-0.018287108424846,-0.0596301578794688,0.018152810771813,0.0755345879816296,9.39669823366659,-0.219234513580328,-0.557887754831441,0.318652623365983,0.668743357644663,0.664046787227114,0.752587043943548,0.759577466331236,0.112095141227157,0.997203797664553,-1.66999998210899,-0.745906698370887,0.0372653186741754,-0.0750000211973793,0.0253823369451356,-0.00157563409356841,9.37482109600067,2.95572878735009e-08,0.018925562616043,0.333346418082204,0.714379239416881,0.713441605255893,0.714349081343778,0.713466130578891
158,0.0541892107065688,0.991624782595137,-1.66494084623891,-0.717823640944888,-0.0324583776132518,-0.0638077871484184,0.0160435587251091,0.034483327720341,9.42836518076831,0.186781498317564,0.0574667636746722,0.325922927344211,0.762902591401077,0.740060055917698,0.670793891437024,0.702794075537424,0.03739603836629,0.999689182478645,-1.67749998100131,-0.747765761816046,0.0124320760986428,-0.0749999762184584,0.0253472969549475,-0.000526254535072504,9.40814159874694,8.15625055374724e-09,0.0189517763131413,0.332426601660994,0.714125585155448,0.713689969256761,0.714097023163949,0.713715991364353
159,-0.0157795024266093,0.987293062515978,-1.67156645434458,-0.682462921198497,-0.0562136180368748,-0.0683985749387993,0.0285759582739971,0.0260050287256041,9.46145067321632,-0.0607726248224582,-0.444223788633523,0.341704492324391,0.675032909123575,0.708708754522146,0.75023961699431,0.735508449360071,-0.0373960369391979,0.999689182469987,-1.68499998008325,-0.74776576194252,-0.0124320745729558,-0.0749999314766599,0.0253472981534073,0.000526185111544297,9.44141612981712,-1.40072492081468e-08,0.0189517741082084,0.332426168353104,0.713874717817152,0.713938378504762,0.713847721689201,0.713965942462399
160,-0.0834837162187668,0.980356074026234,-1.67859940785528,-0.678592110276544,-0.0831838044574506,-0.0721493346797524,0.0312965439816062,-0.0162074255895106,9.49370870128049,0.209573806295367,-0.223277457057893,0.32053866380314,0.750502311025039,0.71004725692999,0.698877772870231,0.706946673422847,-0.112095139807535,0.997203797641746,-1.69249997936408,-0.745906698754974,-0.0372653171109561,-0.0749998874184733,0.0253823404304587,0.00157556635101717,9.47473656883679,-3.69590457713199e-08,0.0189255559852522,0.333345116363178,0.713624992932741,0.714188495543541,0.713599523397432,0.714217637304874
161,-0.15219475866106,0.970118318822132,-1.68580046848755,-0.695666993425634,-0.12358301511594,-0.0712146719399886,0.0421931595447345,-0.0188468126986335,9.5256012087556,-0.082064039226471,0.186440115633807,0.322601882165901,0.708979950057398,0.740545144618821,0.712178267377272,0.690594502800284,-0.186515556502466,0.992239207060465,-1.69999997885122,-0.74219319419096,-0.0620059121281094,-0.0749998444836396,0.0254525091617205,0.0026157595519591,9.50819509866662,-6.07016696833224e-08,0.0188732753726644,0.335189522806336,0.713374753515166,0.714441967112845,0.713350762148101,0.714472713608763
162,-0.222186256735318,0.955849693896162,-1.69316181414654,-0.701982348289907,-0.158995609003167,-0.077222152896496,0.0267094545513793,-0.0054363361353127,9.55906107424224,-0.166212329799066,0.024078621507414,0.337017555931113,0.707210122389957,0.715587456914796,0.723838452198071,0.732404936021507,-0.260472266148062,0.984807753493401,-1.70749997855016,-0.736634480628637,-0.0865923505828761,-0.0749998031005883,0.0255579719794996,0.00364060155877583,9.54188481049418,-8.51956037494099e-08,0.0187952396715428,0.337971506046274,0.713122340741288,0.714700413690586,0.713099769835113,0.714732782884788
163,-0.292569186221201,0.938844822697875,-1.70092709412471,-0.707511967972979,-0.179359297203033,-0.0768752357115872,0.0144588065874738,-0.015597618720476,9.59237151040089,-0.0567721761478219,-0.205569626185776,0.329147693517225,0.713309706844966,0.698442137041742,0.718258356845315,0.71887187737661,-0.333781400720656,0.974927912720918,-1.71499997846442,-0.729244377929077,-0.110963506710606,-0.0749997636819343,0.0256989721042674,0.00464387305071949,9.57590030281161,-1.10342988796374e-07,0.0186919113147024,0.341709140799082,0.712866107545281,0.714965416403785,0.712844889954846,0.714999417310798
164,-0.364163713820154,0.920105376938461,-1.70875902523062,-0.723947663771909,-0.194942071882942,-0.0806580062026055,0.0113263013361683,-0.0117555268627501,9.62361734861397,-0.00816686726836542,0.411563347355526,0.291383086258292,0.754087663046994,0.72871478168304,0.70464577167895,0.682973160656352,-0.406260702173957,0.962624247600208,-1.72249997859544,-0.720041259070028,-0.135058790001489,-0.0749997266200937,0.0258758178115846,0.00561927554622347,9.61033826868794,-1.35976238254693e-07,0.0185639093644497,0.346426308163356,0.71260443766023,0.715238498767386,0.712584496626013,0.715274131428378
165,-0.436439401510249,0.900104900557887,-1.71681479554652,-0.718591221163005,-0.203776215167977,-0.0795199733026609,0.0074018618230698,0.00558653468266517,9.65331197128172,-0.0847600048179125,-0.27612869661772,0.307053851314291,0.670968849019957,0.692341643206983,0.737060530630991,0.747044419158549,-0.477729975560516,0.947927346994658,-1.72999997894249,-0.709048004456753,-0.15881829584602,-0.0749996922830517,0.0260888673799123,0.00656040805693948,9.64529806344985,-1.61853671586151e-07,0.0184120116588188,0.352152452340563,0.712335772993654,0.715521100357738,0.712317021947624,0.715558355768742
166,-0.508519931589617,0.879564922439187,-1.7250880320757,-0.728189616991559,-0.203936223372774,-0.0874251814752449,-0.0189831354826282,-0.0185952083271426,9.68461166978633,-0.483079205512567,-0.0245785457155058,0.316581070145481,0.721881225696888,0.752702431357964,0.717713024683926,0.692556896277088,-0.548011537022736,0.930873749720955,-1.73749997950259,-0.696291945024316,-0.182182954471519,-0.0749996610103607,0.0263385086170816,0.0074607435607439,9.68088224146551,-1.87663518315259e-07,0.0182371575144872,0.358922203640761,0.712058652732071,0.715814539015354,0.712040995091113,0.715853399001843
167,-0.582429178571674,0.860490487049113,-1.73393100969052,-0.74626154953904,-0.173703650662577,-0.0880672918713476,-0.0341972976998349,0.0108038851022985,9.71735163347657,0.376986192048152,0.606623614383527,0.366364615166859,0.750878202648817,0.714263343408867,0.642995633041585,0.744561717725667,-0.616930655539466,0.911505853703511,-1.74499998027038,-0.681804794274498,-0.205094677797102,-0.0749996331094642,0.0266251317951124,0.00831360570333362,9.71719704597834,-2.13036238351595e-07,0.0180404509884514,0.366774812864947,0.71177176823038,0.716119957507965,0.711755097183953,0.716160394538994
168,-0.655882232211587,0.844554757433501,-1.74284504235775,-0.713003559423109,-0.146919432906052,-0.0905791707387704,-0.00535696610777175,0.0634400926110766,9.75316297996921,-0.0586671009609742,0.289896562238079,0.357196932578434,0.68459436838361,0.717229431192743,0.762736381486395,0.703393108334615,-0.684315987329999,0.889871810562764,-1.752499981238,-0.665622569419102,-0.227496503839652,-0.0749996088524665,0.0269490945367571,0.00911214647672357,9.75435282960454,-2.37563134090331e-07,0.0178231646877131,0.375753324840378,0.711474038527085,0.716438249796781,0.711458236827935,0.71648022673144
169,-0.724130971900723,0.831293762455762,-1.75176197656503,-0.651805443371991,-0.118612405258684,-0.0868954688464948,0.000588930194358103,0.0642142555446554,9.78988957779809,0.294255097709416,-0.281043700042404,0.383534483445557,0.70227848525983,0.686927678865319,0.700681953593046,0.757032699257282,-0.75000000183587,0.866025405900398,-1.75999998239506,-0.64778550182961,-0.249332738310026,-0.0749995884734915,0.0273106769019637,0.00984932608900082,9.79246437489565,-2.60816783343092e-07,0.0175867440940029,0.385903398485924,0.711164712174565,0.716769961197845,0.711149651944417,0.716813430956481
170,-0.786740355366528,0.819764743329782,-1.76041581071285,-0.605423788399885,-0.120322362586373,-0.0869805576943638,0.0371431227320673,0.0159208347089236,9.8263766242299,0.32007826491746,-0.640670387680803,0.356566285213618,0.71346508008368,0.698029753030879,0.739642304299383,0.710045180001789,-0.813819398222222,0.840025925580129,-1.76749998372849,-0.628337937020485,-0.27054909304711,-0.0749995721667853,0.0277100246390945,0.0105178968678556,9.83165107397249,-2.82366377163124e-07,0.0173328123353039,0.397271657433379,0.710843501863654,0.717115155937305,0.710829044430006,0.717160061090312
171,-0.846542374844338,0.805677119278266,-1.76842129482876,-0.595675272663947,-0.165648793275461,-0.0704382485950318,0.0483046948363482,-0.0239155057491287,9.86185026053097,-0.143990618798394,0.0184964834194626,0.400532842096352,0.692029551636457,0.759078288379174,0.672997137297675,0.674491515259429,-0.875615511364565,0.811938008337499,-1.77499998522269,-0.607328224419382,-0.291092820947529,-0.0749995600856884,0.0281470783319311,0.0111103938693228,9.87203691340644,-3.01779382713973e-07,0.0170631752829273,0.409903429793933,0.710510758836738,0.717473245081519,0.710496754622518,0.717519517349535
172,-0.906080522592392,0.786762173768106,-1.77554722465967,-0.592878795506922,-0.210506343095354,-0.0759344981959987,0.0418621652253931,-0.00833764798315561,9.90524083641714,0.154017136753977,0.235502327734132,0.451816110306456,0.726196162801122,0.723330055238761,0.692616382014184,0.748377519742837,-0.93523470631329,0.78183148508574,-1.78249998685964,-0.584808597201555,-0.310912847060644,-0.0749995523425501,0.0286214860516417,0.0116191359307032,9.91375019514984,-3.18601156991452e-07,0.0167798267762047,0.423839710235987,0.710167693961871,0.717842767941439,0.710153982457119,0.717890327603038
173,-0.964324613586722,0.76361574955113,-1.78332197963068,-0.568149343970199,-0.252862719857693,-0.0781596539426729,0.0552037332462959,0.00842083158962792,9.95160287712769,0.0221184652118107,0.116005884778015,0.450586313398907,0.705340930373537,0.71426064515639,0.730920619110921,0.708545013349417,-0.992528760257119,0.749781205317164,-1.78999998861932,-0.560835042487309,-0.329959895531431,-0.0749995490095347,0.029132497209472,0.0120362422407814,9.95692290659551,-3.32307507839529e-07,0.0164849536695139,0.439113156175807,0.709816651015978,0.718221121371768,0.70980306087017,0.718269876578721
174,-1.01930690300347,0.736263961237963,-1.79096583259611,-0.530701053451178,-0.293849388979969,-0.0741239260141592,0.0570997760072237,0.0111091728124721,9.99817408829482,0.0490610291141201,-0.00314102655324308,0.482872556576668,0.699322555436956,0.716721350530279,0.700194132388323,0.72874622429888,-1.04735523103756,0.715866851030627,-1.7974999904803,-0.535467162220263,-0.348186612087032,-0.0749995501201082,0.0296788357417446,0.01235367110317,10.0016896335126,-3.42232715620603e-07,0.016180940250771,0.455742919503193,0.709461434366226,0.71860423474085,0.709447783651616,0.718654080747433
175,-1.0703322092652,0.704814555563559,-1.79874478799857,-0.488995409637037,-0.333624761163622,-0.0835931681142667,0.0518017852643575,0.0177541044963851,10.0494904398399,-0.221988313418034,0.244485242725039,0.535982688122802,0.708516206950165,0.759323859782836,0.70958795682616,0.719153797868345,-1.099577811299,0.680172738645392,-1.80499999242056,-0.508768025060863,-0.365547681774919,-0.0749995556707898,0.0302585517373877,0.012563289389645,10.0481858902866,-3.47487419469916e-07,0.0158703713896709,0.473728126775189,0.709107686708406,0.718986194873803,0.709093783418562,0.719037013196368
176,-1.11699858527323,0.670371851069177,-1.80718557987666,-0.445218900119381,-0.352181476136243,-0.0833636256108909,0.0361047417245901,0.0216408290504243,10.1043902209554,-0.0368204550940072,-0.236288719642569,0.549996745829528,0.700632335423966,0.685005965567036,0.721142587568636,0.741917772271665,-1.14906666739344,0.642787609390444,-1.81249999441856,-0.480804009645152,-0.381999941670214,-0.0749995656225644,0.0308688523875355,0.0126569830782741,10.0965457255369,-3.46895476505316e-07,0.0155560335334482,0.493039870113148,0.708763301412541,0.719358836376392,0.708748944275635,0.719410493913617
177,-1.15994187861062,0.634211258800354,-1.81531638747303,-0.416841090369824,-0.372616516870049,-0.0790866867386937,0.0308244092574748,-0.000417421295659572,10.1591440603793,-0.140773022065085,-0.0440657406470403,0.560744848935134,0.712773668254066,0.731536603919582,0.702216513488857,0.696599070675509,-1.19569876219439,0.603804408686199,-1.81999999645424,-0.45164463957546,-0.397502488275706,-0.0749995799012408,0.0315059159841566,0.0126268209605659,10.1468984526027,-3.38992669731184e-07,0.0152409123791042,0.513611679439052,0.708438836856403,0.719711329913495,0.708423816558119,0.719763678077445
178,-1.20078379652988,0.595914964855796,-1.82291132111783,-0.400898771310828,-0.393540230667567,-0.0724933909393234,0.0285235916825825,-0.00756084330080706,10.2143634605567,0.174359506379973,-0.135976804476413,0.5426448882613,0.722384831591779,0.683487048742694,0.708669822412339,0.720555276240675,-1.23935816101253,0.563320055063074,-1.82749999851005,-0.421362410530218,-0.412016779340153,-0.0749995983960968,0.0321646969019291,0.0124652845911856,10.1993643607221,-3.22136401329742e-07,0.0149281857258613,0.535328639711018,0.708147875826394,0.720029825315165,0.708131976750084,0.720082699249556
179,-1.24010171658909,0.554914269732558,-1.83015371428518,-0.385532599716703,-0.430203204319322,-0.0734611739984069,0.0419586784689222,-0.0260867511540951,10.2671312400618,0.0270673591498489,-0.174364278646421,0.526897540896604,0.711400122450127,0.720760247654202,0.72879296333885,0.704523552007898,-1.27993631984536,0.521435199188839,-1.83500000057152,-0.39003260990726,-0.425506729820154,-0.0749996209564561,0.0328387352467931,0.0121655770884483,10.254049293688,-2.94766332560951e-07,0.0146212096782869,0.558015619881914,0.70790724190845,0.720297237540145,0.70789024450636,0.72035045553519
180,-1.27808730445133,0.509483650665156,-1.83724237744848,-0.374342174872602,-0.477471715493786,-0.0670627480306569,0.0365546462096997,-0.0240039897801954,10.3199076412515,-0.081675116527053,0.333149584301968,0.528385161057297,0.723635182575835,0.730294035408331,0.690631039144843,0.689282561130344,-1.3173323552364,0.47825397360412,-1.84250000262729,-0.357733129450505,-0.437938801711769,-0.0749996473864299,0.0335199920676974,0.0117220204381494,10.3110380501516,-2.55824122221819e-07,0.0143234960804223,0.581425509288548,0.707736949889614,0.720493298432282,0.707718633793415,0.720546661683974
181,-1.31466169669152,0.460185648446824,-1.84401951791236,-0.356362807052893,-0.50499496488217,-0.0701462339511707,0.0265291687642614,-0.00703025309134123,10.3749602113073,-0.0940506292441111,-0.114989757085263,0.565096763861152,0.686215530838692,0.70950889373003,0.726154853553225,0.750504969791395,-1.35145329506664,0.433883733792489,-1.85000000466831,-0.324544271352284,-0.449282087485793,-0.074999677438863,0.0341987391356002,0.0111305442674828,10.3703866757591,-2.05284510661093e-07,0.014038678894335,0.605228902230206,0.707659736405369,0.720595027999667,0.707639884360621,0.720648320901636
182,-1.34964251147674,0.408454147670747,-1.85071184396751,-0.343969446347712,-0.532486766439403,-0.0615631025662947,0.0325129957647407,-0.0250735739851883,10.4337460274892,0.285946316200081,-0.112464480694823,0.621198745348959,0.707433983475348,0.712523532494205,0.67153864143742,0.730423816868223,-1.38221430965214,0.388434791237307,-1.85750000668628,-0.290548548367499,-0.459508386881246,-0.0749997108103662,0.0348635399653288,0.010389257445924,10.4321138908553,-1.44679104086264e-07,0.0137704673026382,0.629007274402549,0.707700004722728,0.720577791307215,0.707678407384204,0.720630782497982
183,-1.38302195030808,0.353046813628573,-1.85666124719038,-0.320958876251216,-0.576397817958121,-0.0587499612470589,0.0458916788656386,-0.0228670736523278,10.4965346228586,-0.110936539489053,0.234395753057165,0.62173773997939,0.711537856324488,0.739352741597203,0.723522046812446,0.682128029695759,-1.40953892257751,0.34202013914024,-1.8650000086714,-0.255830478511308,-0.468592276849333,-0.0749997471398721,0.0355013636908501,0.00949907668610579,10.4961921282049,-7.74315443828435e-08,0.0135225837458762,0.652252225150806,0.707882044468535,0.720417080177954,0.70785850601712,0.720469524584033
184,-1.41368705128279,0.293863534762402,-1.86267144299199,-0.292318345714302,-0.601766639456561,-0.0621073809463293,0.0309561266216729,0.00436295247239702,10.5616286039336,-0.0849556777031506,0.31655221315642,0.667194521493592,0.707394396305192,0.728519930823042,0.695390197922024,0.737761242746391,-1.43335920075291,0.294755171494601,-1.87250001061002,-0.220476374927044,-0.476511174493373,-0.0749997860130503,0.0360978723719445,0.00846436421171691,10.5625389255423,-8.80287767184882e-09,0.0132986860335276,0.67437360244578,0.708227476667184,0.720091069375473,0.708201821104075,0.720142711476194
185,-1.44129006982149,0.233702073725756,-1.86918884335683,-0.257586259577364,-0.597759520741993,-0.0684513939441984,0.0354557122297959,0.0277819386003852,10.6299289979063,0.1644675338381,0.171157823859184,0.676386678558419,0.722413150243971,0.70482100602315,0.716764552557493,0.7323939975884,-1.45361592324045,0.246757396219103,-1.88000001248269,-0.18457413149609,-0.483245392909723,-0.0749998269739002,0.0366379116916801,0.00729350235443963,10.6310096855916,5.46973270030525e-08,0.0131022741793229,0.694719005496095,0.708752042306056,0.719583829122925,0.70872412015232,0.719634407600273
186,-1.46466333851459,0.174690283444711,-1.8765152249211,-0.209244127412871,-0.581844653066222,-0.0786238571385566,0.0389799264573827,0.0297058382219677,10.7000279054947,-0.233683775763213,-0.0903900665066554,0.730501477634184,0.680117255925139,0.748714506686724,0.729045178974883,0.732864694645427,-1.47025872845099,0.198146143064474,-1.88750001426333,-0.148213004715731,-0.488778189883836,-0.0749998695429242,0.0371062120424681,0.00599931221219805,10.7013930119637,1.06432666313622e-07,0.0129365846904169,0.712606010679659,0.709462090221286,0.718888838274969,0.709431785215311,0.718938092090156
187,-1.48375005565186,0.117416322079909,-1.88453010927877,-0.175870601782485,-0.561125391645995,-0.0802919253395432,0.0185712639072896,0.0383715803333621,10.7752756738343,-0.127780664123438,0.423394479908833,0.765944225901077,0.734715741476321,0.734850235808618,0.677551813011749,0.708377228202077,-1.48324623936191,0.149042267008641,-1.8950000159201,-0.111483392308165,-0.493095809416072,-0.0749999132389511,0.0374882716750464,0.00459921422047182,10.7734098643926,1.41087511646505e-07,0.0128044774988999,0.727366383630421,0.710351377451745,0.718012185126758,0.710318612717662,0.718059860885784
188,-1.49999437531573,0.0636839382575579,-1.89264712244269,-0.147904881921806,-0.507148783087028,-0.0821947469682061,0.0227559214157757,0.0750492475522119,10.8540832801255,0.122711998465227,0.206952871939029,0.793818323796114,0.70515763286346,0.703944424372627,0.713876371789459,0.745246532884261,-1.49254616644948,0.0995678478593517,-1.90250001741794,-0.0744766089703882,-0.496187516032868,-0.0749999575997878,0.0377713505044062,0.00311503912334674,10.8467175669908,1.56045277408163e-07,0.0127083231689881,0.738398739349874,0.711398976471279,0.716974661579758,0.71136371955864,0.717020521832937
189,-1.51293563927274,0.0165450742867124,-1.90056678901784,-0.109200383446858,-0.436842557012381,-0.074965750209029,0.0396777353622827,0.066589883406294,10.9338116563535,0.0494820388482511,-0.345898584598199,0.799177095276364,0.687275097470403,0.696666493577768,0.731400126838457,0.722397446580566,-1.49813538806983,0.0498458867899934,-1.9100000187225,-0.037284659661673,-0.498045621786809,-0.0750000021963838,0.0379454622523712,0.00157243381525363,10.9209192064099,1.52230189940374e-07,0.0126498998725927,0.745223227809983,0.712569070912002,0.715811969143534,0.712531337112378,0.715855801049073
190,-1.5217365476659,-0.0246609115046475,-1.90768774985558,-0.0675403461886251,-0.393655561460722,-0.0678611815323636,0.0395947046050628,0.0247185374945799,11.0118964769759,-0.128982104806382,-0.341079290699623,0.793251359887488,0.709895582574328,0.71841627339033,0.714093993757098,0.697604609604097,-1.50000000806348,5.47104094253293e-10,-1.91750001980456,-1.08718930980938e-08,-0.498665505789441,-0.0750000466366575,0.038004227303673,-1.33799242139624e-07,10.995578211021,1.34059448945788e-07,0.0126303102780029,0.747529817920735,0.713813131644135,0.714572544924271,0.713772985096122,0.714614168547048
191,-1.52681984916529,-0.0633290112642778,-1.91426689183723,-0.0368671614958676,-0.385089259981956,-0.064130292182148,0.0215861583766239,-0.00991894724917485,11.088659993016,-0.229120339877921,-0.319246803626719,0.759192541395533,0.719920508587772,0.703948543838259,0.725219342253602,0.697670339223515,-1.49813539040782,-0.0498458859142866,-1.92500002064373,0.0372846395863728,-0.498045626088845,-0.0750000905583016,0.0379454512722355,-0.0015726945049318,11.0702370431653,1.08439208046223e-07,0.0126499274792418,0.745211584191516,0.715074419240661,0.713313061486185,0.715031971543152,0.713352336950345
192,-1.52962448188739,-0.102631087956437,-1.92086978460343,-0.0198328448060583,-0.402666059274959,-0.0690755488052975,0.0157817813481897,-0.0202540368699427,11.1633532734253,0.215753414529018,0.216098200793175,0.740998553937789,0.758424944203924,0.718031708016436,0.686415741330639,0.712334498649805,-1.4925461708018,-0.0995678475931861,-1.93250002123063,0.0744765936011735,-0.496187523727286,-0.0750001336136092,0.0377713299910046,-0.00311527955681083,11.1444381735816,8.308611282791e-08,0.0127083763261084,0.738376538449761,0.716294113789502,0.712092299434608,0.716249520128011,0.712129132230671
193,-1.53024881586385,-0.143388574036666,-1.92769967004597,0.0130206124027387,-0.411079246051288,-0.0659524690464172,0.0501469018035372,-0.0229297971622816,11.2348856910343,0.452831995519289,-0.413597973714593,0.689104636915937,0.703832956053916,0.661170214461778,0.749715224227116,0.726588315839195,-1.48324624513844,-0.149042267615878,-1.9400000215668,0.11148338385195,-0.493095818894644,-0.0750001754521045,0.0374882443544639,-0.00459942244988167,11.2177450563467,6.47067352942049e-08,0.0128045524140112,0.727335620090265,0.717417874344509,0.710964590168521,0.717371327443986,0.710998934124441
194,-1.52544719619093,-0.185477525266391,-1.93449470318941,0.0896126759821902,-0.433626378611202,-0.0713258370081766,0.079989141195793,-0.0531395174830303,11.3005006926898,0.121164739353369,0.107349058813994,0.661991717655414,0.738430173189414,0.754885130754926,0.716554364840971,0.678738093478235,-1.47025873489681,-0.198146144629769,-1.94750002166273,0.148213004200944,-0.488778199204111,-0.0750002157073353,0.0371061815895531,-0.00599947856425332,11.289760821998,5.7600629908963e-08,0.0129366764004092,0.712569278239612,0.718401492754792,0.709974163784974,0.718353215237793,0.71000602150223
195,-1.51191957134875,-0.22994218501017,-1.94184422405271,0.180512631791184,-0.455146146540816,-0.075230098573967,0.0756315260479003,-0.056065822223838,11.3663246806123,-0.103487384013967,-0.232855668908789,0.654682201637146,0.697582636532762,0.705239739531485,0.743281670645392,0.730675654797285,-1.45361592955996,-0.246757398635657,-1.9550000215344,0.184574138674437,-0.483245400215858,-0.0750002539924079,0.0366378822614581,-0.00729362016259723,11.3601428563862,6.30597958884548e-08,0.0131023772369354,0.694679132061507,0.719214592463412,0.709151451311449,0.719164828355554,0.709180872176547
196,-1.48942810621201,-0.27700537698508,-1.9492522688523,0.268843580080447,-0.486981269574175,-0.0720280524898348,0.0676365680947875,-0.0632781279758423,11.4315405083467,0.0739433023750819,0.354928668755083,0.65541133694059,0.745929903876966,0.731939473966696,0.680236743181919,0.696302901011666,-1.43335920623104,-0.294755174492004,-1.96250002119951,0.220476388426164,-0.47651117838809,-0.0750002899055888,0.0360978480513633,-0.00846443028921561,11.4286121958858,7.96219048534388e-08,0.0132987951755214,0.674333306736065,0.719841904668149,0.70851180873329,0.719790910822324,0.708538884877775
197,-1.45851805895942,-0.326504219542619,-1.95632673909424,0.344576526535362,-0.498285972424172,-0.0700595194656184,0.0505087988284234,-0.0294320128120105,11.4978638732171,-0.468170513111228,0.263789237216771,0.617445891672652,0.698006335117678,0.713871422311414,0.756810068019635,0.689983235802944,-1.40953892667549,-0.342020142343132,-1.97000002067433,0.255830496180307,-0.468592276633841,-0.0750003230440011,0.0355013479597294,-0.00949909144251065,11.4949575296883,1.03946946394472e-07,0.013522694426218,0.652213851703412,0.720282289859919,0.708056494771911,0.720230327973642,0.708081355525796
198,-1.42200111957271,-0.376495386940985,-1.96353854629249,0.379444091505516,-0.502573051389665,-0.0750340134766575,0.0140294292641459,-0.0169606087843726,11.5599330700298,-0.0728721792186133,0.0362131369931156,0.622272872504612,0.72749708347309,0.698057644868549,0.700595676097616,0.747843605617907,-1.38221431206327,-0.38843479423935,-1.97750001997171,0.290548567720006,-0.459508382622851,-0.0750003530213427,0.0348635352627595,-0.0103892246149957,11.5590343469392,1.31939079886915e-07,0.0137705760209292,0.628972633084396,0.720546137219105,0.707775270004387,0.720493466934364,0.707798075453645
199,-1.38307705942594,-0.426973511666637,-1.97125378802157,0.398398414055245,-0.504280017803145,-0.0789123729999508,0.0188736002213359,-0.00146640775267726,11.6220671999436,0.116655522283761,0.369852441927189,0.611151101578943,0.737044172664498,0.721957932538953,0.704796843054843,0.701110442290349,-1.35145329572758,-0.433883736228553,-1.98500001910056,0.324544290003594,-0.449282079920898,-0.0750003794851589,0.0341987466053552,-0.0111304702967824,11.6207602640979,1.59753369463842e-07,0.014038783303969,0.60519921021009,0.720651958997243,0.70764980033488,0.72059883235297,0.707670734564481
200,-1.34266553285871,-0.476280966034095,-1.97946193842894,0.407690196108301,-0.475939888007989,-0.0856490700454418,0.0313511028912388,0.0327682127660053,11.6825672502667,0.0995840609840185,0.263226857811413,0.579195590042856,0.721435637832247,0.703660398735891,0.736835304063052,0.716301480218017,-1.31733235429896,-0.478253975206387,-1.99250001806657,0.357733145464161,-0.437938792030331,-0.075000402130267,0.0335200115126162,-0.011721913656557,11.680107777757,1.84459930795715e-07,0.0143235949071037,0.581401414994794,0.720622925567889,0.707657119300418,0.720569582870858,0.707676383808169
201,-1.30178794377232,-0.521352401849635,-1.98798445607476,0.41032683749618,-0.424015896788257,-0.0834220489791883,0.0417732738986867,0.0356303253460712,11.7396679872267,0.0676120568182298,-0.197364966317776,0.562656564554705,0.698802282060872,0.693938727558122,0.731145207024267,0.72257087674582,-1.27993631762062,-0.521435199818248,-2.00000001687365,0.3900326220018,-0.425506719397188,-0.0750004207067097,0.0328387652751886,-0.0121654467957722,11.7370956525599,2.04303674435445e-07,0.0146213025083515,0.557997281100975,0.720483863554404,0.707772626965197,0.720430530577374,0.707790434601284
202,-1.26005256056587,-0.561314351178804,-1.99614913849318,0.428686098651909,-0.377669322662385,-0.0800121293348841,0.0514073640780968,0.00446257676286384,11.7924961709394,0.112665279844024,-0.319527228399909,0.516611924798179,0.72711531423138,0.69513802269963,0.726540422228298,0.700276554699821,-1.239358157902,-0.563320054714179,-2.00750001552572,0.421362418136261,-0.412016769479246,-0.0750004350223549,0.0321647352142522,-0.0124651402029771,11.7917799572903,2.18628540108977e-07,0.0149282727330494,0.535315829033391,0.720258979731399,0.707972362843585,0.720205866049332,0.707988932495384
203,-1.21513479768169,-0.5973281988342,-2.00422301347731,0.47297387512816,-0.344359790497607,-0.0822141210832063,0.0563573453998475,-0.0198857406920698,11.8413518674765,-0.0354730399141856,-0.0723902228199735,0.489495850956441,0.72628467491968,0.726706862538418,0.719963128138908,0.696488614585356,-1.19569875862219,-0.603804407469288,-2.01500001402824,0.451644642765893,-0.397502480013243,-0.0750004449414347,0.0315059597325462,-0.0126266713039103,11.8442454936637,2.27600147562365e-07,0.0152409940513621,0.513603895881188,0.719970357599343,0.708234506055908,0.719917655831413,0.708250058177745
204,-1.16544025567115,-0.630473272389833,-2.01247679343148,0.516648144931237,-0.320237264795968,-0.0825897867845383,0.0306252233673853,-0.00876958281339208,11.8914910560568,-0.501579502216728,0.358031510698622,0.509310103797969,0.704980750981865,0.751476137452656,0.707961983515754,0.692972928994443,-1.1490666637501,-0.64278760749841,-2.02250001238934,0.480804008980739,-0.381999935665261,-0.0750004503807824,0.0308688985432092,-0.0126568358877303,11.8945980915426,2.31863967059398e-07,0.0155561104441089,0.493036442700176,0.719637134949507,0.708540194471084,0.7195850206729,0.708554947465226
205,-1.11338340782106,-0.661957924978352,-2.02057855232831,0.518341878530576,-0.314014055597457,-0.0788329634311483,-0.0134989674071444,0.0026640491097008,11.9438491106874,-0.269173323341827,-0.280077689657822,0.530026971709881,0.691561452409888,0.677792838644384,0.718754512618169,0.753038131111654,-1.09957780790291,-0.680172736314176,-2.03000001062036,0.508768021399055,-0.365547678286127,-0.0750004513053946,0.0302585974150453,-0.0125631510104176,11.9429580134337,2.32240558409516e-07,0.015870444036599,0.473728302176475,0.719275206790682,0.708873818509552,0.719223838916496,0.708887985900706
206,-1.061714921455,-0.694362382072419,-2.02793990749354,0.519385224026252,-0.338133236837168,-0.0673490698924998,-0.0200178627033518,-0.0317884700898938,11.9968297542919,0.154786756144672,-0.304775273975458,0.509557956800828,0.729576084324235,0.689306389942583,0.695392035942001,0.703851498059905,-1.04735522811555,-0.715866848501196,-2.03750000873589,0.535467156529019,-0.348186611020245,-0.0750004477244603,0.0296788784492884,-0.0123535463784801,11.9894545376528,2.29510927566735e-07,0.0161810089680698,0.455745930624555,0.718897288425557,0.709222954845105,0.71884680986376,0.709236743153453
207,-1.00842214095971,-0.729793904643199,-2.03461624635729,0.552268303770189,-0.369458446974173,-0.0681219335218824,0.00132541247934222,-0.0579306388753596,12.0461197743428,0.271692785529752,-0.244206182337802,0.467932432735232,0.731413549143333,0.704951312012504,0.727495508191443,0.705700017152932,-0.992528757942051,-0.749781202804823,-2.04500000675339,0.560835035693171,-0.32995989653221,-0.0750004396884264,0.029132535009939,-0.0120361345438989,12.0342216737216,2.24302534619694e-07,0.0164850186023864,0.43911827182097,0.718513194877276,0.709578083820308,0.7184637333571,0.709591691022329
208,-0.950222790422872,-0.767827250585324,-2.04165608822294,0.614679739144519,-0.387314304559286,-0.0728158568728141,0.0278444659977946,-0.062507858911888,12.0916971548238,0.314791413905466,0.229297197316355,0.443675956456643,0.742203249184531,0.728961927520065,0.706457276542296,0.698218889573926,-0.935234704654315,-0.781831482759875,-2.05250000469263,0.584808590086613,-0.310912849624406,-0.075000427287173,0.0286215176391462,-0.0116190472971595,12.0773948964033,2.17058793784363e-07,0.0167798879017168,0.423846267808983,0.718130226594243,0.709932200657264,0.718081895542696,0.709945815122957
209,-0.885640271375431,-0.806148992381712,-2.04922409090656,0.673024984349147,-0.374306290742258,-0.0788018812527076,0.0410332236472008,-0.030270352512148,12.1365895666558,-0.0695908687720449,0.38712046103759,0.428490079183841,0.711349398649724,0.731276933569618,0.735326814608631,0.700000464138149,-0.875615510345094,-0.811938006312285,-2.06000000257491,0.607328217568938,-0.291092824524297,-0.0750004106490445,0.0281471030334682,-0.0111103251878456,12.119108754026,2.08062910628514e-07,0.0170632324572198,0.409910853884875,0.717753585579134,0.710280396326135,0.717706484990763,0.710294196130023
210,-0.816772788177498,-0.842240111947951,-2.05685897292709,0.69869422827616,-0.345763274454947,-0.0719507040300742,0.0379206604578918,0.00386649723210596,12.1776292283509,0.115131981484065,0.306424778762106,0.357768321815086,0.736513118104722,0.670889155876449,0.722802487515393,0.697800417610857,-0.813819397780725,-0.840025923914795,-2.06750000042248,0.628337930814074,-0.270549097125337,-0.0750003899403403,0.0277100423594583,-0.0105178480959394,12.1594952005642,1.97486829356796e-07,0.0173328653497797,0.397279467350323,0.717386774924456,0.710619455098321,0.717340992179436,0.71063360761525
211,-0.746706111785199,-0.874739992663191,-2.06412474267522,0.699809617801717,-0.303152347844389,-0.0752835402029485,0.0369610880555899,0.0206254059384996,12.2127810791506,-0.245000531808314,0.0316974226459042,0.340549531128358,0.695281659905184,0.724254605159713,0.743985520840867,0.712361494609252,-0.750000001885816,-0.866025404606522,-2.07499999825791,0.647785496463171,-0.249332742472027,-0.0750003653648566,0.0273106880306304,-0.00984929646790894,12.1986825096322,1.85442749103682e-07,0.0175867927274012,0.385911207630867,0.717031956348241,0.710947494202071,0.71698756695364,0.710962155913951
212,-0.677253356619623,-0.903384201558193,-2.07207644699908,0.686701432368975,-0.273080247929493,-0.0841320119341271,0.0142231084167081,0.0281823650993078,12.2466857429325,-0.135136849735931,0.208372786052878,0.333665003118495,0.739126793265856,0.719964613439537,0.706912488268449,0.717509968497312,-0.684315987776464,-0.889871809615649,-2.0824999961036,0.66562256494497,-0.227496507788116,-0.0750003371631567,0.0269490998344678,-0.00911213472923009,12.2367946449475,1.72023635947734e-07,0.0178232087461383,0.375760834465182,0.716690255086642,0.711263656237391,0.716647323328407,0.711278972691682
213,-0.610029228400767,-0.929668131985315,-2.0807294599529,0.655429808747393,-0.253648905625033,-0.0881166041552433,0.00479672053523706,0.0390844043474811,12.2801663257035,-0.108693499830984,-0.066245052539749,0.334180049320393,0.703190095971553,0.705700851554429,0.727984211517343,0.728072421882092,-0.616930656291258,-0.911505853054938,-2.0899999939815,0.68180479064742,-0.205094681357045,-0.0750003056113577,0.0266251322750902,-0.0083136102046702,12.2739509811668,1.57327334414382e-07,0.0180404903301543,0.366781802305372,0.716362010729557,0.711567855779885,0.716320590231313,0.711583961653635
214,-0.546094204647382,-0.954388847757443,-2.08945390210848,0.625755951097992,-0.240559287434857,-0.0856511333549533,0.0116985626118233,0.0250475681830706,12.3140044437312,0.284694426421372,-0.166294348954972,0.344810171821797,0.72122850307428,0.699484105817375,0.694790104803608,0.730092868217903,-0.548011537999896,-0.930873749311181,-2.09749999191284,0.696291942144687,-0.182182957574642,-0.0750002710193375,0.0263385054322014,-0.00746076247866466,12.3102662883201,1.41464844582027e-07,0.0182371920598057,0.358928518687392,0.716046977778996,0.711860576411068,0.716007111969318,0.711877595645197
215,-0.484090809755115,-0.977097488870058,-2.09813723594252,0.620210813030273,-0.208235522849494,-0.0888859951729184,0.0518335701014667,-0.0036702551025691,12.3472952987281,0.465454174254493,-0.420258864358007,0.337062267784819,0.714756172232679,0.701867162659783,0.727189120002407,0.726742824127702,-0.477729976697779,-0.947927346762264,-2.10499998991802,0.709048002205687,-0.158818298505085,-0.0750002337283559,0.0260888617233762,-0.00656043946061169,12.3458509107794,1.24556745866226e-07,0.0184120413879705,0.352157993004684,0.71574448218959,0.712142711933884,0.715706204682704,0.712160757911236
216,-0.420608596336759,-0.994972899271658,-2.10671420091571,0.654764520915864,-0.145423603453781,-0.0806244407758251,0.0810453973852143,-0.0326141142659997,12.379620005285,0.0552391537393555,-0.00892358052538725,0.34971365098274,0.703820132289836,0.7453143179564,0.701977971305356,0.680291370032588,-0.40626070342113,-0.96262424748916,-2.11249998801651,0.720041257333997,-0.135058792281571,-0.0750001941081436,0.0258758108351965,-0.00561931748605498,12.3808110870445,1.06722975267504e-07,0.0185639343068931,0.346431016752681,0.715453540939904,0.712415444743134,0.715416875836535,0.712434620490621
217,-0.352874923195992,-1.00596737301217,-2.11470333873372,0.699566964367077,-0.076415389053408,-0.0810445206521521,0.0671831391110914,-0.0356549344385819,12.4151591482432,-0.279474914044016,-0.0925372262111286,0.362063475506013,0.700181329519335,0.723379890174646,0.730667654687049,0.719469331260042,-0.333781402040975,-0.974927912684779,-2.11999998622684,0.729244376614257,-0.11096350870248,-0.0750001525535442,0.025698964855537,-0.00464392361257835,12.4152493694405,8.80709492433556e-08,0.018691931533877,0.34171299093825,0.715172951509186,0.712680154494057,0.715137913624997,0.712700552894452
218,-0.280712312718473,-1.01103099585261,-2.12270759355056,0.741621698445431,-0.0276165651050692,-0.0782140419081734,0.0485972318508079,-0.0267196003658934,12.4522442759974,0.0178278593098659,0.421410520869442,0.369434979154086,0.743290315105268,0.721253648108108,0.677151581314735,0.706311474844796,-0.260472267515492,-0.984807753497102,-2.12749998456664,0.736634479666663,-0.0865923523819475,-0.0750001094808019,0.0255579653566772,-0.00364065889666283,12.4492651131903,6.86859143132846e-08,0.0187952552482755,0.337974493058119,0.714901357479552,0.712938350866013,0.71486795250863,0.712960054868797
219,-0.205662486269277,-1.01156568418959,-2.13038756557423,0.753840380161085,0.014724102945136,-0.0756699901345929,0.030368217310081,0.00290983396323984,12.4902345346017,-0.512929245458523,0.0483927448630552,0.359535874259716,0.676757798167022,0.712945700139763,0.756066870357431,0.705120369546385,-0.186515557898692,-0.992239207080272,-2.13499998305262,0.742193193538565,-0.0620059138204728,-0.0750000653235826,0.0254525038845002,-0.00261582190333016,12.482955012522,4.86260319904833e-08,0.0188732863897373,0.335191655705875,0.71463729564937,0.713191625050987,0.71460552026986,0.713214707874436
220,-0.130356726002985,-1.00940296493613,-2.13781008053085,0.751980622547206,0.0224430442899731,-0.0725966098998954,-0.0054047249079608,0.00292382197230807,12.5238308977164,-0.0263840826398964,0.0492989961065719,0.306900659946053,0.754763478064199,0.676415579221995,0.701066424932513,0.712702163736146,-0.112095141219131,-0.997203797664143,-2.14249998170072,0.745906698390141,-0.0372653187666556,-0.0750000205287999,0.0253823370234341,-0.00157563203882473,12.5164136677865,2.79233784529963e-08,0.0189255625147831,0.333346411598752,0.714379229205924,0.713441615432527,0.71434907113425,0.713466140751184
221,-0.0553973184206098,-1.00736781179697,-2.1447202917906,0.746541250086739,0.0185381357921929,-0.064989572874236,-0.00466500117828634,0.00699249780897438,12.55388639033,-0.0802150527833473,0.000683635871157707,0.302897723727255,0.695393509860858,0.714076751846612,0.714761654168067,0.705661868606272,-0.0373960383552165,-0.99968918249015,-2.14999998052611,0.747765761859456,-0.0124320762454023,-0.0749999755522987,0.0253472969393204,-0.000526252536820622,12.5497341722999,6.59086790204442e-09,0.0189517762027759,0.33242664534913,0.714125570759375,0.713689983664611,0.714097008758836,0.713716005777555
222,0.0189465792351103,-1.0058893128555,-2.15120961699775,0.741059653142975,0.00969662731181167,-0.0662182236611417,-0.0122600504301128,0.00282810997857004,12.5850929298847,-0.0341198968330563,-0.0886638434028019,0.321801409511319,0.711083043788109,0.716214336187235,0.70983520828712,0.727706178380438,0.0373960369562614,-0.99968918249903,-2.15749997954337,0.747765762020694,0.0124320743688996,-0.0749999308544323,0.0253472980552013,0.000526186906537747,12.5830087110322,-1.53657589980992e-08,0.0189517740010182,0.332426280165369,0.713874698431774,0.713938397965915,0.713847702280535,0.713965961942033
223,0.0929675030434185,-1.00547399572659,-2.15768093875196,0.73806139490335,0.00034420916030718,-0.0621221245107893,-0.000966056675041841,0.0113258417779209,12.6178621278244,0.28742195223188,0.326444827156852,0.332819876529101,0.733660627298977,0.716400511837056,0.680617903270262,0.70739351977827,0.112095139834581,-0.99720379769393,-2.1649999787666,0.745906698877973,0.0372653168535228,-0.0749998868955519,0.0253823402857969,0.00157556774713928,12.6163291655553,-3.79324188816457e-08,0.0189255559005175,0.333345317289707,0.713624967742696,0.71418852089451,0.713599498165599,0.714217662691313
224,0.165615154371,-1.0051087090022,-2.16382726154936,0.709198999365912,0.00987867513051088,-0.0614235645494795,0.0193323385780607,0.0436442353819016,12.6515523100406,0.00579062971174469,0.236439041737158,0.332053104466042,0.695975567840156,0.719150321981452,0.734519141581913,0.708198130636809,0.186515556544364,-0.992239207140541,-2.17249997820954,0.742193194365748,0.0620059118308125,-0.0749998441314127,0.0254525090403294,0.00261576029598881,12.649787720976,-6.10696712701152e-08,0.0188732753376383,0.335189836778357,0.713374721741869,0.714441999156604,0.713350730309951,0.714472745709178
225,0.234087504278832,-1.00338709486446,-2.17001886726746,0.659721785159859,0.0249758077518878,-0.0625874699539998,0.0244576178052626,0.0455400826346031,12.6852389380525,0.147537743912302,-0.216162611086375,0.342230260353858,0.705227894842348,0.69650367118331,0.719156780971915,0.74212072984034,0.260472266210078,-0.984807753604187,-2.17999997788572,0.73663448085548,0.0865923502712931,-0.0749998030084951,0.0255579719940545,0.00364060133083492,12.6834774710074,-8.4696556092057e-08,0.018795239721423,0.337971959609932,0.713122301708351,0.714700453130894,0.713099730709649,0.714732822407348
226,0.298210267827702,-0.999608115948431,-2.17601655683832,0.629534464073165,0.0546932047714835,-0.0562501558680353,0.0445181543088064,-0.000134805411800827,12.7173497676816,0.206078385970894,-0.668020462543186,0.328180861075973,0.700686340720443,0.689843715781397,0.727206589738476,0.716180021876316,0.333781400807558,-0.97492791286199,-2.18749997780857,0.729244378196952,0.110963506424149,-0.0749997639592298,0.025698972419489,0.00464387145533701,12.7174930168987,-1.08677790443093e-07,0.0186919114909052,0.341709762485507,0.712866060764435,0.714965463758723,0.712844843049542,0.714999464778043
227,0.361790344243224,-0.991400029989776,-2.18180481377182,0.649430697504071,0.11604227698367,-0.0610383399520957,0.0753000823380822,-0.0514252248732699,12.7480633204771,0.462085754537383,-0.18521054181463,0.346804369314245,0.742704037300588,0.739835157782585,0.68468412591447,0.717211138887901,0.40626070228863,-0.962624247766484,-2.19499997799151,0.720041259351377,0.13505878979381,-0.0749997273971234,0.0258758186519972,0.00561927210409428,12.7519310546261,-1.32816729774177e-07,0.0185639097103953,0.346427127469849,0.712604382940703,0.715238554259053,0.712584441746703,0.715274187066702
228,0.428634158350526,-0.975067142738146,-2.18808727243943,0.688567739767572,0.213469973298646,-0.0640583739723385,0.0877661664693114,-0.0653992038290204,12.7819903649976,-0.332811461349385,-0.128153513090421,0.348868573458112,0.687217656189018,0.74702701875072,0.754112204516356,0.690420917059711,0.477729975702042,-0.947927347175042,-2.20249997844793,0.709048004702288,0.158818295783268,-0.0749996937117824,0.0260888690348368,0.00656040219820971,12.7868909424479,-1.56855994081407e-07,0.0184120122125188,0.352153498227593,0.712335710577681,0.715521163775361,0.71231695933464,0.715558419371261
229,0.499810478159025,-0.94949802697611,-2.1943453549999,0.732329828828354,0.290250136376285,-0.0607091000703589,0.0455311440705155,-0.0401970346111372,12.8186497906891,-0.316272517868245,0.83379633816646,0.357445887249377,0.753479590211001,0.744101701483052,0.666371034095848,0.688025091051716,0.548011537184008,-0.930873749897293,-2.20999997919109,0.696291945159083,0.182182954627659,-0.0749996632638561,0.0263385114411098,0.00746073462101124,12.822475237509,-1.8048664842316e-07,0.018237158297555,0.358923502441261,0.712058583458633,0.715814609549634,0.712040925583714,0.715853469762454
230,0.573280869980357,-0.918651943565108,-2.20001325066309,0.729544798232136,0.31905652264347,-0.0518139098015867,0.012210356003363,0.0134202240847845,12.8573859323093,-0.388105646421725,-0.0419365152230734,0.381546507970791,0.65592441363566,0.67819515414183,0.742339411084367,0.749381659668382,0.61693065570454,-0.911505853850187,-2.21749998023392,0.681804794196889,0.205094678245638,-0.0749996363799328,0.0266251362020598,0.00831359292405018,12.858790185432,-2.03365146915308e-07,0.0180404519918314,0.366776385497436,0.711771693728342,0.716120033555439,0.711755022414122,0.71616047085641
231,0.645859975549613,-0.88673681889409,-2.20497661440143,0.726209237849089,0.318115680294624,-0.0484280691738521,-0.001210391475876,-0.00754000853560233,12.8963558311424,0.224405253490775,-0.203342811679383,0.395627107302993,0.735184947152082,0.695627006310037,0.68334722898003,0.735083397181076,0.684315987471582,-0.889871810647329,-2.22499998158858,0.665622569004977,0.227496504641494,-0.0749996133474498,0.026949100984984,0.00911212901237676,12.8959461404956,-2.25134947933352e-07,0.0178231658555182,0.375755183217468,0.711473961437478,0.716438328734416,0.711458159443159,0.716480305983401
232,0.718895521242488,-0.854433200112273,-2.21059284554542,0.733336685750746,0.330268854451364,-0.0668523745121047,0.0124197981402548,-0.00538296453727682,12.9376791472382,-0.105698691414927,0.311080812250449,0.432846304643111,0.719553622296164,0.776998660977705,0.718018764421599,0.707357639141857,0.750000001913573,-0.866025405885577,-2.2324999832659,0.647785500943875,0.249332739497896,-0.074999594409693,0.0273106858690835,0.00984930302436322,12.9340578857942,-2.45447013309676e-07,0.0175867453083161,0.38590554101676,0.711164636399763,0.71677003913008,0.711149575857033,0.716813509246377
233,0.791685697425706,-0.821100426511275,-2.21780301703926,0.71513856469986,0.334000202986913,-0.0750933665918256,0.0182653869489985,0.0403499331410139,12.9817471438435,0.361572071599273,0.565030273301814,0.431958922022422,0.746834287930009,0.698485601391472,0.693974003108362,0.730687859174187,0.813819398182434,-0.84002592542752,-2.23999998527457,0.62833793553815,0.270549094607862,-0.0749995797609592,0.0277100365845594,0.0105178672497528,12.9732448123722,-2.63970846890896e-07,0.0173328134064587,0.397274063535075,0.710843432838527,0.717115227420477,0.710828975087999,0.717160132971119
234,0.860062077566383,-0.787466994502189,-2.22556686469927,0.645884078216625,0.340398035501424,-0.0800620069094572,0.0455807336405576,0.0692392016025555,13.0245790241316,-0.0224679361706794,-0.0801154626936339,0.402512947581179,0.685508651446601,0.703871337307894,0.771760578085683,0.716831724378359,0.875615511142954,-0.811938008013036,-2.24749998762008,0.607328222257097,0.291092822804977,-0.0749995695419222,0.0281470936468915,0.0111103567587367,13.0136309035053,-2.80386370744423e-07,0.0170631759512407,0.409906053355819,0.710510703813361,0.71747330283408,0.710496699293201,0.717519575533495
235,0.920940739931296,-0.752946666017457,-2.23353721816117,0.575914789492653,0.349349628940558,-0.0786524870484052,0.033258601114179,0.0477163846449747,13.0646693325406,-0.208703056770895,-0.215295760140383,0.422401482238403,0.702686526532106,0.72573447074732,0.706811575068315,0.718388622998659,0.935234705840945,-0.78183148456669,-2.25499999030345,0.58480859435849,0.310912849062772,-0.07499956383517,0.0286215049968901,0.0116190904824957,13.0553444549241,-2.94348022669749e-07,0.016779826731759,0.423842472024836,0.710167662294923,0.717842802552797,0.710153950510784,0.717890362669912
236,0.97611741484537,-0.717853019604395,-2.2419131390543,0.531584108370327,0.350684109410098,-0.0910578171170984,0.0131356873182393,0.0310891969315648,13.106122206416,-0.213451761403852,-0.0812665616277036,0.407187666146985,0.737891652852806,0.723315508019135,0.727470089997298,0.714072875892646,0.992528759471086,-0.749781204599988,-2.26249999331962,0.560835039091062,0.329959897446943,-0.0749995626607573,0.029132519844215,0.0120361878196664,13.0985174440642,-3.05417654307491e-07,0.0164849525955624,0.439115935233652,0.709816654430518,0.718221121027965,0.709803064045583,0.718269876700849
237,1.02790289273492,-0.683207965082691,-2.25162779625724,0.507135124886472,0.34111838364782,-0.102633585854212,-0.000897990172443159,0.0187415513180451,13.1480127478026,-0.0691674369979548,-0.202055435216853,0.439697069572426,0.708964309426979,0.723660154738649,0.709529588395321,0.744325587546225,1.04735522989588,-0.715866850138486,-2.26999999665553,0.535467158569271,0.348186613616546,-0.0749995659714584,0.0296788618482927,0.0123536074454192,13.1432844420982,-3.12973241704302e-07,0.0161809378927821,0.455745543675758,0.709461487182963,0.718604184991777,0.709447836278978,0.718654031456268
238,1.07805767020147,-0.649456487560843,-2.26172534595187,0.495426162627753,0.336567450094481,-0.0969111880742618,0.0155091744146096,0.0128226730212236,13.1940728188055,0.431546788093671,0.168839922999812,0.479866268537737,0.727676128692474,0.714961781049652,0.664927441963819,0.720011253456094,1.0995778097993,-0.680172737633619,-2.2775000002877,0.508768021650228,0.365547682581207,-0.0749995736472483,0.0302585807493804,0.0125632168198997,13.1897809431973,-3.16116329631071e-07,0.0158703676454239,0.473730362622192,0.709107805993909,0.718986078474227,0.709093902568342,0.719036897222674
239,1.12605497256923,-0.61515673699364,-2.27129478575088,0.460753802480908,0.353006426768354,-0.0955730732139402,0.0462758268236992,0.0150701024638759,13.2423741966541,0.0272013022373138,-0.222541608190841,0.480647275928124,0.680646962968546,0.713202941409962,0.75298746672346,0.712002256450202,1.14906666559256,-0.642787608347945,-2.28500000417933,0.48080400715912,0.381999941429213,-0.0749995854884468,0.0308688833316093,0.0126569027891674,13.238140969128,-3.13620468384134e-07,0.0155560285501034,0.493041412595662,0.708763507013167,0.719358633241713,0.708749149793417,0.719410291141994
240,1.17042922698562,-0.578443580711805,-2.28123755188091,0.428956537508179,0.379822058736517,-0.104634647124604,0.0314592799519896,0.00972487986975643,13.2912074108211,-0.290171087716294,0.321713813986975,0.506050636120879,0.729845987085607,0.762539014454491,0.6969226512377,0.699902300667438,1.19569876022487,-0.603804407730821,-2.29250000827645,0.451644638828841,0.397502486745114,-0.0749996012070331,0.031505947446482,0.0126267353590807,13.2884937987227,-3.03980456916618e-07,0.0152409066323342,0.513612141957078,0.708439151265236,0.719711017240766,0.708424130936396,0.719763365665249
241,1.2118628917109,-0.540424312189113,-2.29167853517248,0.399688975803351,0.37251030260504,-0.102113946428836,-0.00264435211339979,0.0419038462035109,13.3447498578176,-0.397468788297622,0.20423585057016,0.556061375236386,0.68451196585971,0.717318592413239,0.706232837551357,0.731974008663969,1.23935815909008,-0.563320054329623,-2.30000001250313,0.421362412345274,0.412016776435617,-0.0749996204159868,0.0321647270312295,0.0124651977094129,13.3409596781169,-2.8562887487821e-07,0.0149281800471985,0.535327545279064,0.708148323822581,0.720029377930189,0.708132424777816,0.720082251970335
242,1.2507062372046,-0.505132476591778,-2.30149948186614,0.379185095369694,0.332427893196822,-0.0940230304192529,-0.0121046832431139,0.0377578723887142,13.4022324905977,0.266156167328647,-0.329875745657666,0.587009465761245,0.708432412175098,0.673757526619011,0.693995583841206,0.756751243616281,1.27993631826065,-0.521435198809805,-2.30750001675541,0.390032614924424,0.42550672568128,-0.0749996426172147,0.032838761804003,0.01216549504768,13.3956443986278,-2.57369899215798e-07,0.0146212051947522,0.558012394483015,0.707907849898564,0.720296628541968,0.707890852626344,0.720349846417211
243,1.28780236549535,-0.472883718340341,-2.3105363143273,0.362060696361059,0.319421856968305,-0.0868976658433067,0.0187298861469869,0.00889938373175883,13.4614713983579,0.190860971562712,-0.131487201860322,0.596445875801477,0.709193447572676,0.729570398998552,0.70532672374997,0.691226112386691,1.31733235432532,-0.478253973685297,-2.31500002089384,0.357733137892022,0.437938796733841,-0.0749996671896916,0.0335200125296838,0.011721951944616,13.4526326965622,-2.19027975007656e-07,0.0143234940409378,0.581419478737226,0.70773774487177,0.720492500216402,0.707719429086384,0.720545863024931
244,1.32289674775171,-0.440485631353503,-2.3189953887953,0.338342985737092,0.329631897641093,-0.0826378330277598,0.0306190561245712,0.00733045864334589,13.5222546665632,0.0611302485688033,0.113580753469893,0.622026188851075,0.706685583425737,0.728541126941016,0.699559783977468,0.710326116173028,1.35145329515634,-0.433883734388222,-2.32250002473475,0.324544282786199,0.449282082291714,-0.0749996933807071,0.0341987508579919,0.0111305011066716,13.5119805452889,-1.72212765800899e-07,0.0140386803847607,0.605219294199135,0.707660744469664,0.720594013749695,0.70764089306421,0.720647305750681
245,1.35514336104264,-0.407074236587405,-2.32693367219629,0.305421644663738,0.337457339148268,-0.0756463039243247,0.0336132336034276,0.0147434566121028,13.5860559010486,-0.0120944791376017,0.0326591106401985,0.647812297416721,0.695507053143341,0.712759176212308,0.708023851295045,0.717780053505432,1.38221431098671,-0.388434792332314,-2.33000002804076,0.290548561548969,0.459508382216421,-0.0749997203042122,0.0348635404109533,0.0103892549317669,13.5737065834906,-1.20966794725892e-07,0.013770472895584,0.628993227619478,0.707701248997069,0.720576537050296,0.70767965284549,0.720629526705202
246,1.38387097030156,-0.373070380609956,-2.33417684666093,0.267953503453671,0.343542809686752,-0.0693955995194814,0.0439434626703655,0.0109810149327846,13.6520078283249,0.248503813500442,-0.0483611301346553,0.673175231666955,0.710716461417104,0.704895817816487,0.695289973087244,0.728810503752356,1.40953892523549,-0.342020140645751,-2.33750003051134,0.255830491395116,0.468592273403938,-0.0749997469505826,0.0355013507412712,0.00949913401264608,13.6377831542651,-7.19138418612509e-08,0.0135225931863512,0.652232808140197,0.70788354241805,0.720415567500423,0.707860005971107,0.72046800952417
247,1.40822569246339,-0.33788263111407,-2.34132985546017,0.217690738346815,0.3635031941515,-0.0753662203937477,0.0594922395774734,-0.00690289453790769,13.7176927004613,-0.0311974806070539,-0.261662596952977,0.651812686048737,0.709710497681663,0.717571002812793,0.749922059414597,0.707457272727382,1.43335920457798,-0.294755173264399,-2.34500003177479,0.220476384926265,0.476511172692226,-0.0749997722109588,0.0360978447673833,0.0084645046485749,13.7041277001417,-3.34168741847992e-08,0.0132986981164791,0.674347844557908,0.708229236658524,0.720089288891363,0.708203584169148,0.720140927556218
248,1.42781429017723,-0.299638241072985,-2.34876671183056,0.178538406424529,0.405592788865875,-0.0715632013964299,0.0432468553072383,-0.0445070612177503,13.7799217201631,-0.231845469648026,-0.407992425803394,0.631862104760695,0.706466431719818,0.707141408146067,0.723284107593036,0.703805645632019,1.45361592781043,-0.246757398084955,-2.35250003138307,0.184574135974847,0.483245392751157,-0.0749997949160679,0.0366378696953439,0.00729375322341511,13.7725955269443,-1.32669469572314e-08,0.0131022870305312,0.694685943283581,0.708754059365389,0.719581784769428,0.708726141450197,0.719632358645597
249,1.44499142845204,-0.255952426960768,-2.35541219939097,0.169438557819022,0.469722300866117,-0.0607320058866536,0.0173415269721563,-0.0638183037087234,13.8414845615856,-0.187812456368776,0.160038056795912,0.610281133782884,0.737029228465728,0.719916429752919,0.688772449509103,0.681382269555045,1.47025873310057,-0.198146144880921,-2.36000002881057,0.148213001514628,0.48877819092928,-0.074999813883918,0.0371061584970005,0.00599970458189403,13.8429751452557,-1.46850891650381e-08,0.0129365967568186,0.712564753542432,0.709464340726885,0.718886552698588,0.70943404084192,0.718935800883998
250,1.46215318382657,-0.206267060299353,-2.36111724622895,0.174124881359758,0.517709894725199,-0.0542991117974456,0.00249907593125252,-0.0278562546654032,13.9007405565163,-0.0416339105175685,0.516418370818908,0.564726130936746,0.737958054291486,0.699762922631188,0.710821741620936,0.693899631438543,1.48324624323978,-0.149042268688893,-2.36750002345744,0.111483379792733,0.49309581097167,-0.0749998279663,0.0374882136820363,0.00459978230176829,13.9149874327908,-3.11460061174436e-08,0.0128044900670787,0.727316189711923,0.710353817131091,0.718009701828553,0.710321057425676,0.718057371476159
251,1.47949940861345,-0.154076398476067,-2.36618856686206,0.168521929934457,0.515811329417305,-0.0465898932494383,0.0156352962535933,0.0393402175190847,13.9549089972678,0.331927150697084,0.841928297373988,0.509645836561836,0.745995304127567,0.688919252443919,0.699855400325278,0.695985792203999,1.49254616852142,-0.0995678493896823,-2.37500001465441,0.074476584730848,0.496187517345483,-0.0749998360331917,0.0377713019569527,0.00311581887451701,13.9882896631091,-4.23743553943381e-08,0.0127083426202417,0.7383393916837,0.71140144109935,0.716972144149111,0.71136618737432,0.717017999004145
252,1.49461706041862,-0.105304457073769,-2.37035350472663,0.130257928066232,0.452256001562831,-0.0362373677183892,0.0324486580876755,0.0848740436194748,14.0053664500235,-0.200724928807677,-0.090856877216626,0.47647823202968,0.658244535762961,0.686296610351294,0.773848517297367,0.715299325587979,1.49813538687697,-0.0498458882615285,-2.38250000170552,0.0372846166904782,0.49804562089922,-0.0749998379016176,0.0379454467576169,0.00157347301960323,14.0624846809618,-1.50636886464925e-08,0.0126500130527542,0.745149245550902,0.712573351876316,0.715807632753968,0.712535611798824,0.715851456380513
253,1.50600562938399,-0.0638254932879335,-2.37367190130119,0.102630453270128,0.377310124804527,-0.0310553280356478,0.00541536108739243,0.0822087097455871,14.048638438451,-0.322566822034531,0.28949716753348,0.37936262197224,0.766369580807897,0.704405486451856,0.72117399632105,0.660779483494932,1.50000000098858,-2.3194402362022e-09,-2.38999998310437,-6.7487758139441e-08,0.498665504613699,-0.0749998135887561,0.0380042783133269,1.00718689485877e-06,14.1371403322414,1.81787307348675e-08,0.0126295676193556,0.747553186677984,0.713779714157478,0.714605793429247,0.71373962995676,0.71464748086717
254,1.51607354791385,-0.0307068937772419,-2.37686619923032,0.102254326978846,0.279239826165854,-0.0334269941075949,-0.0149320745179763,0.114666471633881,14.0818967738689,-0.120355536172587,0.24139439682828,0.289859712400472,0.744261014883231,0.683359970565479,0.742197063094959,0.711392902583695,1.50000000098858,-2.3194402362022e-09,-2.38999998310437,0,0,0,0,0,14.1371403322414,0,0,0,0.7136775,0.7136775,0.7136775,0.7136775
255,1.52675981580768,-0.00868722082738859,-2.37992002762209,0.110270312169964,0.160509497988466,-0.0262561735956127,-0.00458714618397226,0.119952139467489,14.1078114023439,0.288932062836952,-0.169377657907659,0.230362348159557,0.726638978591598,0.67094655664349,0.72721749368791,0.7242651980706,1.50000000098858,-2.3194402362022e-09,-2.38999998310437,0,0,0,0,0,14.1371403322414,0,0,0,0.7136775,0.7136775,0.7136775,0.7136775
256,1.53736229611163,0.00200386726450119,-2.38201448716035,0.0976416287068108,0.0602966207475201,-0.0158312467006826,0.022940479460631,0.0773304373220788,14.1275634291225,0.133028455875765,-0.68971194141013,0.173919343603466,0.700170222941378,0.686815465493647,0.749756528052444,0.701141346778751,1.50000000098858,-2.3194402362022e-09,-2.38999998310437,0,0,0,0,0,14.1371403322414,0,0,0,0.7136775,0.7136775,0.7136775,0.7136775
257,1.54575558355819,0.00534422043490025,-2.38318057152562,0.0673412222123499,0.0152600502378977,-0.00772046158535938,0.0420843523727198,0.0242970555081547,14.1410377165177,0.302983945101591,-0.214560829325678,0.127755152540968,0.749376975749271,0.709774866717077,0.692127954930716,0.684175057461123,1.50000000098858,-2.3194402362022e-09,-2.38999998310437,0,0,0,0,0,14.1371403322414,0,0,0,0.7136775,0.7136775,0.7136775,0.7136775
258,1.55000974806225,0.0058803500577746,-2.38356123980145,0.0147991122366661,-0.00329929839271927,0.000191838937425135,0.0595610084252937,0.0153995244277166,14.1502551030574,-0.0472021972642881,-0.0289842333918037,0.0622405878170327,0.715839669538598,0.706538519134165,0.740706914355366,0.673493879065965,1.50000000098858,-2.3194402362022e-09,-2.38999998310437,0,0,0,0,0,14.1371403322414,0,0,0,0.7136775,0.7136775,0.7136775,0.7136775
259,1.54885371171704,0.00482474166225687,-2.3833799869583,-0.0333890025133775,-0.0168008451190368,0.00242998173883243,0.0315149194334808,0.00923592990219727,14.1520421153461,-0.510605231165153,-0.114229940808889,-0.0231002488666004,0.720878751491469,0.699779508492974,0.755063325640468,0.679748764236357,1.50000000098858,-2.3194402362022e-09,-2.38999998310437,0,0,0,0,0,14.1371403322414,0,0,0,0.7136775,0.7136775,0.7136775,0.7136775
260,1.54477435494514,0.00279674816646674,-2.38290898957381,-0.041702650888034,-0.0238094577652635,0.00771487514857787,-0.00735322645481528,0.0106880099736025,14.1491645941358,-0.146605800359733,0.20651856636564,-0.0188878940743671,0.730853544347414,0.711997073283649,0.673661661388514,0.719666008435186,1.50000000098858,-2.3194402362022e-09,-2.38999998310437,0,0,0,0,0,14.1371403322414,0,0,0,0.7136775,0.7136775,0.7136775,0.7136775
261,1.54109858862428,-0.00040166286893534,-2.38209110329155,-0.0311685450867721,-0.0417617159044726,0.00771656571296483,-0.0116478291408676,0.0194840106724008,14.1473336582607,0.00338943611323245,-0.141858278622888,-0.019884043347038,0.703178187458088,0.695869321584679,0.73034346616281,0.730260778801295,1.50000000098858,-2.3194402362022e-09,-2.38999998310437,0,0,0,0,0,14.1371403322414,0,0,0,0.7136775,0.7136775,0.7136775,0.7136775
262,1.53857426991269,-0.00516149749082105,-2.38147061939858,-0.0188263454708504,-0.0487539302228327,0.0044163984549329,-0.0150999506942477,-0.00870625269655381,14.1461274047625,-0.0954029174646639,-0.380703118073492,-0.00877134417521317,0.703165664411771,0.719325156772078,0.721538369938208,0.721811641257227,1.50000000098858,-2.3194402362022e-09,-2.38999998310437,0,0,0,0,0,14.1371403322414,0,0,0,0.7136775,0.7136775,0.7136775,0.7136775
263,1.53751358847962,-0.00901248115133074,-2.38100073850021,-0.00277180236745206,-0.0231969776837899,0.00578671357141465,-0.01249085088031,-0.0394079761090982,14.14467254107,0.210759827269725,-0.177655033318689,-0.0368989786785567,0.743075413672658,0.698546593449572,0.702039378918386,0.705483459689674,1.50000000098858,-2.3194402362022e-09,-2.38999998310437,0,0,0,0,0,14.1371403322414,0,0,0,0.7136775,0.7136775,0.7136775,0.7136775
264,1.53744288437159,-0.00928413779801622,-2.38093744476786,-0.00250197273199071,0.0163171493238611,-0.00680991278857285,0.0105423014136444,-0.0299050564237793,14.1400145634618,0.18360625213086,0.411686689905769,-0.0557190364934924,0.745683477167425,0.745113864494483,0.71409226563123,0.698810252919776,1.50000000098858,-2.3194402362022e-09,-2.38999998310437,0,0,0,0,0,14.1371403322414,0,0,0,0.7136775,0.7136775,0.7136775,0.7136775
265,1.53636481751642,-0.00684333106524331,-2.38195179272119,-0.0223492430094653,0.0272669585938369,-0.0117967885861812,0.031049939017191,0.000573051772692301,14.1355231845421,0.253207388176702,0.0473025610667794,-0.0405404584722961,0.695507294983619,0.700770629397932,0.723955458549747,0.742423441065773,1.50000000098858,-2.3194402362022e-09,-2.38999998310437,0,0,0,0,0,14.1371403322414,0,0,0,0.7136775,0.7136775,0.7136775,0.7136775
266,1.53233664819002,-0.00413078748614313,-2.38276666624982,-0.0588251207171402,0.0272231162324023,-0.00288234951128515,0.0343714163919935,-4.1058469857441e-05,14.1312893454416,-0.280730022629251,0.0197123367242149,-0.0477896043511589,0.692486565418149,0.725173525764558,0.72680763342608,0.679175477908267,1.50000000098858,-2.3194402362022e-09,-2.38999998310437,0,0,0,0,0,14.1371403322414,0,0,0,0.7136775,0.7136775,0.7136775,0.7136775
267,1.52516110171225,-0.00149650101046087,-2.38306249399277,-0.0831436618350273,0.0237113585226803,-0.00497442206105078,0.0260673310860531,0.0107521899156723,14.1273976954036,0.297911678040616,0.206604789983755,-0.0305349889238522,0.742531430586448,0.704799303170076,0.679441893726075,0.7434641239482,1.50000000098858,-2.3194402362022e-09,-2.38999998310437,0,0,0,0,0,14.1371403322414,0,0,0,0.7136775,0.7136775,0.7136775,0.7136775
268,1.51517309464848,7.91172012510776e-05,-2.3831599198874,-0.117582372432218,0.00603155023268685,0.00523960078518454,0.0303136698327522,0.0214521513110643,14.1250584999491,-0.445581775561082,-0.0634230968687342,-0.0264538440836589,0.660758542294534,0.725788912728373,0.748298725577664,0.682821799725317,1.50000000098858,-2.3194402362022e-09,-2.38999998310437,0,0,0,0,0,14.1371403322414,0,0,0,0.7136775,0.7136775,0.7136775,0.7136775
269,1.50275976550911,-0.000126275887825672,-2.38276493463706,-0.122757890627198,-0.00665042729114742,-8.96524127770481e-05,-0.0163262155107822,-0.000574446527768457,14.1215968854057,-0.305649153892186,-0.366879157241194,-0.0456478977947992,0.730872784005557,0.693393979685307,0.723198932689591,0.73524748705002,1.50000000098858,-2.3194402362022e-09,-2.38999998310437,0,0,0,0,0,14.1371403322414,0,0,0,0.7136775,0.7136775,0.7136775,0.7136775
270,1.49173601390876,-0.00033827049348928,-2.38267534002799,-0.0932439471902727,0.00393282326386866,0.00393979371402964,-0.0444334022855175,-0.00937980481285522,14.1178348368883,-0.319874557673815,0.337376600901701,-0.0248678115029907,0.724803631307008,0.748003315872763,0.676554033053744,0.686676717797811,1.50000000098858,-2.3194402362022e-09,-2.38999998310437,0,0,0,0,0,14.1371403322414,0,0,0,0.7136775,0.7136775,0.7136775,0.7136775
271,1.48497005509821,-3.69614201923639e-05,-2.38197561466542,-0.0403107230710789,-0.000373789201357801,0.0098670066113868,-0.054728729481514,0.00352954558505639,14.1156363890642,0.206520299091992,-0.305697007680241,-0.0082594279427469,0.697456591004086,0.665194194329452,0.716720602342189,0.763627483649142,1.50000000098858,-2.3194402362022e-09,-2.38999998310437,0,0,0,0,0,14.1371403322414,0,0,0,0.7136775,0.7136775,0.7136775,0.7136775
272,1.48322323513121,6.19325107703405e-05,-2.38100872535675,0.00166158513532463,0.00192407213297722,0.00837230289514719,-0.0327752330109099,0.00908605356983348,14.1154725371047,0.123107054347464,0.709455093766923,0.00543738858357796,0.748665020252437,0.77102066181098,0.676843218051305,0.669433216815123,1.50000000098858,-2.3194402362022e-09,-2.38999998310437,0,0,0,0,0,14.1371403322414,0,0,0,0.7136775,0.7136775,0.7136775,0.7136775
273,1.48480529913218,-0.00138990652639836,-2.38003643425334,0.0284315704402194,-0.0398744978469373,0.0123234820880401,-0.0244054548575351,0.0615295192355274,14.115269459353,0.0735455301292738,0.0265250772116985,0.0216250927485592,0.671675111923221,0.68100486744195,0.740771006085573,0.749632726736472,1.50000000098858,-2.3194402362022e-09,-2.38999998310437,0,0,0,0,0,14.1371403322414,0,0,0,0.7136775,0.7136775,0.7136775,0.7136775
274,1.48865626357368,-0.00823287792168798,-2.37877788911039,0.0472594421857877,-0.0940325253526233,0.0117477816257529,-0.0155430064562529,0.0445175725029209,14.1196971082916,0.104131286672502,-0.237539679423683,0.0639052948605005,0.702532614714266,0.726391101901,0.704068870308895,0.732382201607467,1.50000000098858,-2.3194402362022e-09,-2.38999998310437,0,0,0,0,0,14.1371403322414,0,0,0,0.7136775,0.7136775,0.7136775,0.7136775
275,1.49389162903402,-0.0194360619200336,-2.37782489508703,0.0545397034352127,-0.12588550046431,0.00690212745719369,0.00291555680562323,0.0195799861507562,14.1271530473137,0.280284454334833,-0.255691971107623,0.0760438885693842,0.722601808824595,0.712676319194221,0.710977808773665,0.725390335571207,1.50000000098858,-2.3194402362022e-09,-2.38999998310437,0,0,0,0,0,14.1371403322414,0,0,0,0.7136775,0.7136775,0.7136775,0.7136775
276,1.49863311975877,-0.0325012853601655,-2.3772799268581,0.0335698365776234,-0.129662563373317,0.00458901025592394,0.0443263508352706,-0.0155840695060639,14.1318851247993,0.557277947352232,-0.477023395929783,0.0275136431421036,0.73210211445822,0.682073712658768,0.730880071007705,0.715355631271469,1.50000000098858,-2.3194402362022e-09,-2.38999998310437,0,0,0,0,0,14.1371403322414,0,0,0,0.7136775,0.7136775,0.7136775,0.7136775
277,1.49906018142895,-0.0439681525635636,-2.37678108383513,-0.0297930463194636,-0.0938954834692706,0.00596670494666823,0.0725302665737278,-0.0500504958194812,14.1309218286066,-0.137789986460209,-0.121300689965853,0.000947235252626506,0.707332245717097,0.751229750665556,0.732243427885005,0.667658606537657,1.50000000098858,-2.3194402362022e-09,-2.38999998310437,0,0,0,0,0,14.1371403322414,0,0,0,0.7136775,0.7136775,0.7136775,0.7136775
278,1.49303085992479,-0.0506869459258163,-2.37595626966171,-0.0838644349720745,-0.037378923453791,0.0107577000840087,0.030912887224461,-0.0702821877622976,14.1293613127643,-0.635566359552742,-0.396523726709384,-0.0108682036081061,0.689618101624292,0.708008998222788,0.740065066670139,0.710581308439722,1.50000000098858,-2.3194402362022e-09,-2.38999998310437,0,0,0,0,0,14.1371403322414,0,0,0,0.7136775,0.7136775,0.7136775,0.7136775
279,1.48415738599826,-0.0504160192212206,-2.37517095137698,-0.0848968170773203,0.0454107693961632,0.00318614995722233,-0.020686202107853,-0.0842758245709165,14.1276314519448,-0.289968653169624,0.280190934470242,-0.0158657023869492,0.767671923862989,0.735190091645399,0.682356666422425,0.71067017367168,1.50000000098858,-2.3194402362022e-09,-2.38999998310437,0,0,0,0,0,14.1371403322414,0,0,0,0.7136775,0.7136775,0.7136775,0.7136775
280,1.47705919553282,-0.0423657168220015,-2.37500097359348,-0.0548337359910331,0.108461222353167,0.00123055824450606,-0.0351994311796574,-0.0424826864322379,14.1261974850562,-0.0410045599694586,0.444965545550687,0.0180226436346755,0.709349548552505,0.721109139814202,0.698444461064654,0.732691279269077,1.50000000098858,-2.3194402362022e-09,-2.38999998310437,0,0,0,0,0,14.1371403322414,0,0,0,0.7136775,0.7136775,0.7136775,0.7136775
281,1.473397323502,-0.0299711101821452,-2.37481323329573,-0.0171132145543635,0.137427044168533,0.00293283290212851,-0.0437562174372555,-0.0313107874570223,14.1270292123064,-0.17691034774376,-0.335004142176712,-0.00330245582654134,0.688090994202713,0.681111099039102,0.756866306895483,0.725200878563423,1.50000000098858,-2.3194402362022e-09,-2.38999998310437,0,0,0,0,0,14.1371403322414,0,0,0,0.7136775,0.7136775,0.7136775,0.7136775
282,1.47404527539421,-0.0141530539471069,-2.37450279998477,0.0301145990467178,0.18289622920411,0.00296329661466003,-0.0428758777447185,-0.0536602674355543,14.1284541641219,0.294943975925569,0.0874542759988916,0.0186894548648071,0.746423641093331,0.728419455694607,0.666262686647484,0.722154184320895,1.50000000098858,-2.3194402362022e-09,-2.38999998310437,0,0,0,0,0,14.1371403322414,0,0,0,0.7136775,0.7136775,0.7136775,0.7136775
283,1.478617297636,0.00636505748352025,-2.37430207831329,0.0555641156601712,0.22124928580188,0.000577132285795159,-0.00886977510618647,-0.0155594076074228,14.1305110075852,0.295837537117818,0.648836081014816,0.0361447671603105,0.724111897162705,0.739617312217215,0.701275778838066,0.700521249095768,1.50000000098858,-2.3194402362022e-09,-2.38999998310437,0,0,0,0,0,14.1371403322414,0,0,0,0.7136775,0.7136775,0.7136775,0.7136775
