step,position_error_m,attitude_error_deg,velocity_error_ms,rate_error_rads,thrust_error_N,yaw_error_raw_rad,yaw_error_corrected_rad,fullstate_error,cumulative_mse_pos,cumulative_rmse_pos,cumulative_mse_full,cumulative_rmse_full,cumulative_mse_input,cumulative_rmse_input,in_track,solve_time_s
1,1.01138518873869,90.0118385420014,0.5,0.5024279411079,1.62085408059092,-1.5707963267949,-1.5707963267949,2.57304334402673,1.0229,1.01138518873869,6.62055205024028,2.57304334402673,2.62753382044508,1.62096693996055,0,0.0211711
2,1.01286493748668,90.5859835692224,0.518094608470408,0.502651061252106,0.915589105236746,-1.58081804979624,-1.58081804979624,2.21018432427093,1.02439769079495,1.01212533354074,5.7527333987466,2.39848564697532,2.64465361638688,1.6262391018503,0,0.010023
3,1.01623462999952,91.1495944515102,0.532630705363904,0.520036973673053,0.531077037810105,-1.59066769915957,-1.59066769915957,2.09755734308248,1.02717606826672,1.01349695029966,5.30173786833747,2.30255029659234,2.56972706052151,1.60303682444338,0,0.0115643
4,1.01984319838959,91.6602403957841,0.523335739207488,0.741006070272625,0.86799214184811,-1.5996323855369,-1.5996323855369,2.27502404670846,1.03040208852542,1.01508723197832,5.27023700452854,2.29569967646653,2.64760261147329,1.62714554096224,0,0.0093457
5,1.02244901534957,92.1108467618619,0.500921743745727,1.06165309889559,1.11757728778385,-1.60748884918297,-1.60748884918297,2.50138149430798,1.03340206861819,1.01656385368465,5.46757147963611,2.33828387490401,2.75271311532237,1.65913022856025,0,0.0081645
6,1.02303402620934,92.5374589683423,0.489683947796748,1.29781432647032,1.35347316340474,-1.6146546675688,-1.6146546675688,2.72233260533762,1.03560149364551,1.01764507253045,5.79149203537748,2.40655189750345,2.7946135702896,1.67170977453911,0,0.0089417
7,1.02084804970476,92.9790568832241,0.516526344801909,1.43561892327363,1.51682670968472,-1.6216337785932,-1.6216337785932,2.88169130029143,1.03653424320844,1.01810325763571,6.15044242320574,2.48000855305092,2.78293408864535,1.66821284272881,0,0.0084274
8,1.01543884266537,93.458473806525,0.589889148331105,1.51192533854137,1.58357045482095,-1.62872886437278,-1.62872886437278,2.97209951937695,1.03585696820658,1.01777058721825,6.48580906444011,2.54672516468505,2.73402630957741,1.65348913198044,0,0.0091688
9,1.00660457565866,93.979522604629,0.697892228161329,1.51881338349294,1.57645410957902,-1.63598809444154,-1.63598809444154,2.99712110788123,1.03334539082107,1.01653597615681,6.76324527231423,2.60062401594583,2.66565216893359,1.63268250708262,0,0.0086337
10,0.994329280810488,94.5232059184725,0.823116888564241,1.42774429535082,1.52153178461747,-1.64318512892086,-1.64318512892086,2.95658092730788,1.02887992360667,1.01433718437543,6.96105782305488,2.63838166743458,2.59106711384272,1.60967919594021,0,0.0088235
11,0.978745626723095,95.0460766373772,0.952270626285844,1.23962276149489,1.45794939891271,-1.64981276197188,-1.64981276197188,2.8773048222654,1.02243111253603,1.01115335757541,7.0808601155255,2.66098855982612,2.51863688306365,1.58702138708451,0,0.0099377
12,0.9600580846151,95.4950900289195,1.0787444427084,0.991212016922054,1.39225244894647,-1.65524852536749,-1.65524852536749,2.79001265251086,1.01403781364426,1.0069944456869,7.1394693226626,2.67197854083123,2.457614866785,1.56767817704559,0,0.0084167
13,0.938532463883912,95.8145001688237,1.19588821243677,0.69168882830083,1.3369915147565,-1.65881073225994,-1.65881073225994,2.71541652913211,1.00379207303809,1.00189424244183,7.15747067681808,2.67534496407811,2.39962687546885,1.54907290837741,0,0.0088913
14,0.914499592127194,95.9480534004118,1.30128149075601,0.376213499358529,1.30510349027712,-1.65977107014561,-1.65977107014561,2.67932669252061,0.991829032392567,0.995906136336436,7.15899359456346,2.67562956975802,2.35975648664744,1.53614989068367,0,0.0082784
15,0.888262121465913,95.8575009606496,1.39596841564523,0.213178705454172,1.29279464758842,-1.65757731594713,-1.65757731594713,2.69323720178722,0.978307736661804,0.989094402300308,7.16529579659861,2.67680701519527,2.32682270716525,1.52539264032748,0,0.0087883
16,0.860121916074699,95.5195228402441,1.47835799216325,0.420756036017365,1.30215129759831,-1.65180830778626,-1.65180830778626,2.75269117820514,0.963401610027442,0.981530238977609,7.19104660447172,2.68161268725961,2.31516233889415,1.52156575240578,0,0.0085268
17,0.830359325974038,94.9228977659357,1.55019964130999,0.706033694136428,1.33559380121893,-1.64216651107359,-1.64216651107359,2.8494949503073,0.947289551215949,0.973288010414158,7.24566865549261,2.69177797291913,2.29890996408305,1.51621567202132,0,0.0080444
18,0.799245606701035,94.0629964605658,1.61070136607408,0.987147457979119,1.36679698819512,-1.62842365670236,-1.62842365670236,2.96157980770182,0.93015088391678,0.964443302593149,7.33040678337564,2.70747239752793,2.28511059861191,1.51165822810975,0,0.0079608
19,0.767010967035206,92.9441934192888,1.66313697451742,1.23944816036603,1.38216164550077,-1.61047094418769,-1.61047094418769,3.07122256640306,0.912159038634438,0.95507017471725,7.44103842911289,2.7278266860475,2.27562034766621,1.50851594213194,0,0.0081692
20,0.7338608445284,91.5763036643198,1.7062806519286,1.46684102207415,1.39642358978743,-1.58829856219965,-1.58829856219965,3.17901798384945,0.893478673659313,0.945240008494834,7.57429427473915,2.75214357814761,2.2679999651276,1.50598803618342,0,0.0081742
21,0.700028739896917,89.9658633714975,1.73885932914207,1.67886768597,1.40951286290662,-1.561894249882,-1.561894249882,3.28398004349302,0.87426731951752,0.935022630484161,7.72716240099255,2.77977740133856,2.25640201823323,1.50213249023953,0,0.0077341
22,0.665761364934515,88.1167716953949,1.76102643439994,1.88569742246946,1.41032843886291,-1.53125687270794,-1.53125687270794,3.38445789848779,0.8546750865867,0.924486390698479,7.8965893494309,2.81008707150346,2.24116120144586,1.49705083462315,0,0.0076035
23,0.631279307077015,86.0329104184869,1.77498196397442,2.09756949889392,1.39691226115155,-1.49643496909974,-1.49643496909974,3.48638943401614,0.834841976889175,0.913696873634345,8.0817337814391,2.84283903544311,2.2227741683675,1.49089710187105,0,0.0087296
24,0.596761037878304,83.7196772506182,1.78212006099134,2.32233695083999,1.37125517089195,-1.45752589315753,-1.45752589315753,3.59732178652399,0.814895383532526,0.902715560701446,8.28419170870414,2.87822718156579,2.19584655959422,1.48183891148607,0,0.0079734
25,0.562390618998703,81.1845573804243,1.78153906125691,2.56704530677696,1.32631930489452,-1.41465631374855,-1.41465631374855,3.72111837345956,0.794950896524735,0.891600188719549,8.50669291832791,2.9166235475851,2.15680897981736,1.46860783731307,0,0.0072981
26,0.52833617238919,78.440156164718,1.77536393341404,2.82343197671957,1.24397750014815,-1.3679696435846,-1.3679696435846,3.85026909626263,0.77511198169897,0.880404442116787,8.74968827199357,2.95798719943031,2.11220073990297,1.45334123312558,0,0.0077104
27,0.494742973480665,75.5059845772256,1.76381500355604,3.07592766507535,1.14611876982053,-1.31760649750771,-1.31760649750771,3.98339101067359,0.75546970866599,0.869177604788567,9.01330737095363,3.00221707592133,2.0611074582143,1.43565575895279,0,0.0075673
28,0.461745508473703,72.4046092394587,1.74747054606419,3.31851861385458,1.03297138659839,-1.26364775338255,-1.26364775338255,4.1162352483685,0.736103251734906,0.85796459818276,9.29652470127354,3.04902028548082,2.00474046735618,1.41588857872227,0,0.0081472
29,0.429480596345839,69.1623780845471,1.72552422389195,3.54236769005244,0.901150070293227,-1.2061235773937,-1.2061235773937,4.24021759094855,0.717080849352239,0.846806264355808,9.59593575359478,3.09773074259123,1.94591335384784,1.39495998288404,0,0.0077048
30,0.39810854014535,65.8132981095287,1.6967591101999,3.7348672685185,0.752907099070963,-1.14507557391103,-1.14507557391103,4.34430678133256,0.69846116803172,0.835739892569285,9.90517127548603,3.14724820684452,1.88763503924998,1.3739123113394,0,0.0075978
31,0.367814042420557,62.402484807742,1.66035658549461,3.88442313658869,0.606448505205049,-1.08063674229024,-1.08063674229024,4.41981850801136,0.680294264863011,0.824799530105959,10.2158043196239,3.19621718905707,1.83223066652374,1.35359915282322,0,0.0083582
32,0.338794224401523,58.9880412908926,1.61611336941027,3.98434130079965,0.485172572457178,-1.01310072139108,-1.01310072139108,4.46059585743507,0.662621991788787,0.814015965315661,10.5183390409909,3.24319889013777,1.7813012320407,1.33465397464687,0,0.0077593
33,0.311245880797852,55.6420938427642,1.5642164599249,4.03071233910594,0.410059089435468,-0.942987529965678,-0.942987529965678,4.46111488978039,0.645478113198631,0.803416525345745,10.8026786476221,3.28674286302139,1.73580237149752,1.31749852808173,0,0.008031
34,0.285356742690801,52.4494798218708,1.50510259945179,4.02252119583348,0.404507539774441,-0.87110704341384,-0.87110704341384,4.4191687100218,0.628888417828056,0.793024853222178,11.0593366899754,3.3255581020297,1.69626475393063,1.30240729187556,0,0.007571
35,0.261296467827839,49.5000345622117,1.43933969080909,3.96128408430522,0.460084623623464,-0.798551696702779,-0.798551696702779,4.33472189675785,0.612870915721521,0.782860725622074,11.2802074680399,3.35860201096228,1.66283071790301,1.28950793634743,0,0.007653
36,0.239208967498598,46.8747502842431,1.3675418578718,3.85063568078488,0.548660171703346,-0.726636880728469,-0.726636880728469,4.21012268790941,0.597436193899582,0.772939967849756,11.4592331785735,3.38514891527293,1.63413596848801,1.27833327754855,0,0.0087292
37,0.219202986770525,44.6278762496331,1.29045023847437,3.69791966829844,0.639459290148012,-0.65676336881386,-0.65676336881386,4.05012596072365,0.582587917021462,0.763274470306365,11.5928625601722,3.40482929971125,1.60728609148284,1.26778787321966,0,0.0075042
38,0.201332803881389,42.7726414865475,1.20937947704839,3.51555060772158,0.707301022283557,-0.59021271448391,-0.59021271448391,3.86261590779555,0.56832336388718,0.753872246396682,11.6804135888823,3.41766200623794,1.58436777862119,1.25871671897262,0,0.0076811
39,0.185569540039503,41.2778441910939,1.1260289533861,3.31817884836212,0.764945431176482,-0.527920947645576,-0.527920947645576,3.66290256566989,0.554633945689828,0.744737501197454,11.7249377329005,3.424169641373,1.56433162695447,1.25073243619667,0,0.0073684
40,0.171807647175206,40.0741400415835,1.04130158243983,3.11315387538061,0.818294758698848,-0.470431323638297,-0.470431323638297,3.45895309465851,0.541506043738279,0.735870942311408,11.7309232023542,3.42504353291373,1.54674841822668,1.24368340755462,0,0.0088525
41,0.159873473849532,39.0677664904387,0.956382254136095,2.91118623007111,0.863144565671546,-0.417917093200286,-0.417917093200286,3.2596295783464,0.528921982370046,0.727270226511471,11.7039539776146,3.42110420443671,1.53185124772672,1.23767978400179,0,0.0073991
42,0.149529904493078,38.1596812634588,0.872500763539441,2.72346017896251,0.905553914512859,-0.370208352004552,-0.370208352004552,3.07643496653466,0.516860963559753,0.71893043026412,11.650632504417,3.41330228728969,1.5194158057096,1.23264585575485,0,0.007808
43,0.140495491141468,37.2581146171587,0.790958159292941,2.55961680397869,0.945669046874085,-0.326860567489152,-0.326860567489152,2.91790023885562,0.505299987268388,0.710844559146645,11.5776908602193,3.40260060251262,1.50944732318921,1.22859567115842,0,0.0084456
44,0.132462114539204,36.2840406904173,0.713442808222905,2.42845577235287,0.984433638534319,-0.28724696860932,-0.28724696860932,2.79179016781216,0.494214674189293,0.703004035684926,11.4916999847846,3.38994100019227,1.50184567627011,1.22549813393171,0,0.0081708
45,0.125115136623259,35.1715037585358,0.641936003674269,2.33778943358638,1.02329903797234,-0.250637033835537,-0.250637033835537,2.70498767067662,0.483579988038692,0.695399157346838,11.3989279473118,3.3762298421926,1.49641047183386,1.22327857491001,0,0.0073836
46,0.118155127918824,33.8662629212797,0.57877591116262,2.2939039328121,1.06194676979464,-0.216263222677737,-0.216263222677737,2.6623375710459,0.473370871652058,0.688019528539748,11.3052130211138,3.36232256351377,1.49278411041235,1.22179544540498,0,0.0070236
47,0.111314255215921,32.3251523371925,0.526761053593822,2.30021404800093,1.09825824119394,-0.183392232275014,-0.183392232275014,2.66558124195061,0.463562786370403,0.680854453147222,11.2158536665675,3.34900786301967,1.4905150427369,1.22086651307049,0,0.007574
48,0.104366602440483,30.5167018483176,0.488989671529717,2.35596489003059,1.12977106303242,-0.151401835443659,-0.151401835443659,2.71304944524247,0.454132153064873,0.67389328017489,11.1355366587709,3.33699515414256,1.48921803113547,1.22033521260983,0,0.0077456
49,0.0971359516634169,28.4226188129133,0.468054089082643,2.45573353510039,1.15576825193498,-0.119847752470864,-0.119847752470864,2.80018235294673,0.445056708984071,0.667125707032843,11.0683016496073,3.32690571696995,1.48842032049962,1.22000832804519,0,0.0077704
50,0.0895045141999278,26.0397631637665,0.464893681037323,2.5903868322855,1.1751921007301,-0.0885176994125412,-0.0885176994125412,2.91922409509077,0.436315795965632,0.660542047083781,11.0173730029624,3.31924283579288,1.48754420688471,1.21964921468622,0,0.007579
51,0.0814237583755813,23.3827291297838,0.47810489967057,2.74844324954984,1.18618050967899,-0.0574769281781653,-0.0574769281781653,3.05985764556543,0.427890580915875,0.654133458031215,10.9849289992008,3.31435197273929,1.48440178863083,1.21836028687364,0,0.0071605
52,0.0729322320335553,20.4874395383743,0.504371877926295,2.91631102100953,1.17570525706789,-0.0270835020846212,-0.0270835020846212,3.20542065439819,0.419764206484212,0.64789212565381,10.9712711640555,3.31229092382531,1.47789182077047,1.21568574095877,0,0.0075929
53,0.0641869248375208,17.4182700442087,0.539426305296172,3.07746088321966,1.13673740366031,0.00208554380954551,0.00208554380954551,3.3392301297594,0.411921862235832,0.641811391481822,10.9746520451015,3.3128012383935,1.4679795161753,1.21160204530007,0,0.0077058
54,0.0555315353431752,14.2794803667528,0.578232658406903,3.21472494954469,1.07159595001743,0.0293324814564659,0.0293324814564659,3.44707466066207,0.404350786109568,0.635885827888599,10.9914607797511,3.31533720453155,1.45536689986233,1.20638588348104,0,0.0082712
55,0.0476190770845305,11.2427767323714,0.615564384424716,3.31336711302401,0.990787669861096,0.0539174394499424,0.0539174394499424,3.51848725603518,0.397040182298529,0.630111245970526,11.0167024486807,3.31914182412875,1.44879258960919,1.20365800359121,1,0.0084461
56,0.0415608311697172,8.61735171255848,0.64665236290342,3.37900851728311,0.961483237893642,0.0751448410241276,0.0751448410241276,3.57556368517522,0.389981023734046,0.624484606482855,11.0482730418604,3.32389425852574,1.43742712298133,1.19892748862528,1,0.0083157
57,0.0388368991324183,6.95044788401129,0.667276233565334,3.46272402080346,0.92399272056181,0.09244139627602,0.09244139627602,3.6476981437502,0.3831657128744,0.619003806833529,11.0878770542474,3.32984640099921,1.42573977929735,1.19404345787637,1,0.0078502
58,0.0404429501002633,7.00980052216986,0.673812301480688,3.49336804236576,0.849688902918614,0.105260055491525,0.105260055491525,3.66008445798317,0.376587608035407,0.613667343139105,11.1276760402012,3.33581714729708,1.41693130490048,1.19034923652703,1,0.0082648
59,0.0458843079279457,8.75004887651413,0.663983810830662,3.40380215572338,0.814201367518124,0.113300971606142,0.113300971606142,3.56582324080836,0.370240451453689,0.608473870806043,11.1545814528197,3.33984751939661,1.40980565354106,1.18735237126182,1,0.0089033
60,0.0536656306399116,11.28009234691,0.637303882141253,3.17819595169735,0.831789605648148,0.116802424501405,0.116802424501405,3.35270030889818,0.364117777261327,0.603421724220571,11.1560150846274,3.34006213783927,1.40226408507766,1.18417232068549,0,0.0081222
61,0.0623751900158825,13.9419966199658,0.595260171094321,2.83795673171789,0.861304734065655,0.116570115202949,0.116570115202949,3.03533868015732,0.358212414754248,0.598508491797943,11.1241669832935,3.33529113921012,1.39475120431685,1.18099585279409,0,0.0082811
62,0.0710381424422827,16.4038988171345,0.540689938546656,2.42071189453154,0.885623292184237,0.113775764188465,0.113775764188465,2.650195385252,0.352516188995013,0.593730737788615,11.0580277671116,3.32536129873305,1.38748725468896,1.17791648884332,0,0.0085253
63,0.0790304328278979,18.4918260745789,0.476739485286963,1.95795301861603,0.905249660725521,0.109658182106314,0.109658182106314,2.23399787885479,0.347019833761965,0.589083893653497,10.9617217156134,3.31084909284815,1.37881466580199,1.17422939232587,0,0.0081755
64,0.0859521074197052,20.1031089745266,0.406953469163394,1.47942266133843,0.904729328025246,0.105301204696076,0.105301204696076,1.81750708849748,0.341713082683963,0.584562300087821,10.8420593765685,3.29272825732226,1.36748379543068,1.1693946277586,0,0.0095569
65,0.0915577771035213,21.1806089754444,0.335646552051028,1.03608808887223,0.870412201060533,0.101497314355626,0.101497314355626,1.44526616220631,0.336584924897258,0.580159396112188,10.7073937596923,3.27221542073445,1.3537784921704,1.16351987184164,0,0.0082361
66,0.0957216607782587,21.70987821452,0.267966320339301,0.728857144578232,0.798052609838055,0.0986663315539689,0.0986663315539689,1.18011067738834,0.331623981131272,0.575868024056964,10.5662614483468,3.25057863285089,1.33839604992235,1.1568906819239,0,0.0087708
67,0.0984119084786945,21.7153937851979,0.210097279083969,0.699438900116033,0.709565659756813,0.0968497802202104,0.0968497802202104,1.09094860183018,0.326818920274543,0.571680785294156,10.4263197678018,3.2289812275394,1.32188828065102,1.14973400430318,0,0.0076865
68,0.0996590889215759,21.2454644382429,0.170484648995317,0.902935404702056,0.611952983954128,0.0957796374405451,0.0957796374405451,1.16887588759406,0.32215881753528,0.567590360678615,10.2930837541665,3.2082836149827,1.30474893805535,1.14225607376602,0,0.00894
69,0.0995360599272517,20.3622417827468,0.158060745542731,1.16899951230253,0.51954252790468,0.0949989739716512,0.0949989739716512,1.34077428018351,0.317633435067027,0.563589775516756,10.16996189788,3.1890377699049,1.28730949068529,1.13459662025113,0,0.0084092
70,0.0981408972410201,19.1312863503682,0.172666007147004,1.41928163010882,0.430784515090631,0.0939968707334442,0.0939968707334442,1.53325557845265,0.313233409361945,0.559672591219139,10.0582606231797,3.17147609531898,1.26985220373517,1.12687719106173,0,0.0080116
71,0.0955893083210571,17.6202947657411,0.203189759501804,1.62751058675423,0.349666593532533,0.0923178463103667,0.0923178463103667,1.70764658509266,0.30895036579157,0.555833037693487,9.95766620397406,3.15557700016559,1.25257958917921,1.11918702153805,0,0.0083225
72,0.0920080635950676,15.8970699467401,0.239060449721583,1.78641094134787,0.280289084622208,0.0896378725529163,0.0896378725529163,1.8472745746871,0.304776964652333,0.552066087214504,9.86676005328393,3.14113992895635,1.23563288933615,1.11159025244744,0,0.008599
73,0.0875308678799351,14.0285608077762,0.274366271113449,1.89556189843185,0.224239101383569,0.0857965569528605,0.0857965569528605,1.94584826105249,0.300706891887668,0.54836747887495,9.78346642865047,3.12785332594904,1.21911441763933,1.10413514464459,0,0.0089736
74,0.0822966259613905,12.083290855412,0.306143087220695,1.9568730361284,0.184490530162833,0.0807923201239285,0.0807923201239285,2.00208918525799,0.296734808681681,0.544733704374607,9.70542446482718,3.11535302410934,1.2030929081988,1.0968559195258,0,0.0081638
75,0.0764484693537596,10.136118103885,0.332859720603247,1.97271896811099,0.164059634019091,0.0747557668744037,0.0747557668744037,2.01654960702933,0.292856269478813,0.541161962335503,9.63023843619762,3.10326254709421,1.1876000504423,1.08977064120956,0,0.0086788
76,0.0701329015849231,8.27705898132607,0.353700306852047,1.94695779462139,0.164877831634593,0.067913532932288,0.067913532932288,1.992164936454,0.289067616247311,0.537650087182464,9.55574478748498,3.09123677311929,1.1726430578467,1.08288644734649,0,0.0074436
77,0.0634993716798146,6.62566312317803,0.368271121659753,1.88409182364554,0.180198329507817,0.0605477681233433,0.0605477681233433,1.93269287593683,0.285365857207784,0.534196459374062,9.48015461820202,3.07898597239449,1.15819843021115,1.07619627866442,0,0.0074653
78,0.0566996646887051,5.3552276002095,0.376467687524325,1.78918050331597,0.201985224470656,0.0529605425691937,0.0529605425691937,1.84272722760914,0.281748536627887,0.530799902626109,9.40214806714009,3.06629223446496,1.14423069137031,1.06968719323469,0,0.0083969
79,0.0498885571873364,4.68218134585962,0.378413086383956,1.66837755257348,0.223855702389081,0.0454421622163519,0.0454421622163519,1.72799260386945,0.27821360411536,0.527459575811607,9.32093047691082,3.05301989461432,1.13069751618451,1.0633426146753,1,0.0082706
80,0.0432256803681583,4.71272092693205,0.374420515076846,1.52724061320996,0.242966246556202,0.0382482319499773,0.0382482319499773,1.59383849319935,0.274759289806959,0.524174865676483,9.23617286022948,3.03910724724046,1.11754634850022,1.05714064745436,1,0.0077002
81,0.0368797597375603,5.27505643998077,0.36495540650295,1.37073102696858,0.25781253280931,0.0315857307896295,0.0315857307896295,1.44512967143308,0.271383991373272,0.520945286352868,9.14792874797056,3.02455430567391,1.10472317144149,1.05105811991606,1,0.0074922
82,0.03103719206074,6.07903278170445,0.35060120275953,1.20401792934405,0.267458395096264,0.0256041261359194,0.0256041261359194,1.28698667627488,0.268086178152757,0.51777039134423,9.05656784500639,3.00941320609291,1.0921805302929,1.04507441375861,1,0.0074713
83,0.0259150059765195,6.91645827378947,0.332026639623818,1.03252537948238,0.27163832284598,0.0203918090327635,0.0203918090327635,1.12489173635459,0.264864315615191,0.514649701850871,8.96269812902461,2.9937765663163,1.07987973105573,1.0391726185075,1,0.0075784
84,0.0217704419649168,7.67535271909084,0.309953666749556,0.861826326110178,0.270583197707025,0.015978495842834,0.015978495842834,0.964598589953517,0.261716811288145,0.511582653427718,8.86707613272361,2.97776361263342,1.06779132841165,1.03333989007085,1,0.0077431
85,0.0188755031358777,8.30048039198246,0.285129158705542,0.697976178995255,0.264785433240554,0.012342430218713,0.012342430218713,0.812357382656852,0.258641981562621,0.508568561319534,8.77052140783459,2.96150661114146,1.05589491741425,1.0275674758449,1,0.0080026
86,0.0174005732947145,8.7666678431747,0.258302866575711,0.548506619814486,0.254893718069181,0.00942086275611631,0.00942086275611631,0.675473670229379,0.255638037357835,0.505606603356636,8.67384400401295,2.9451390466348,1.04417816380822,1.02185036272843,1,0.0072903
87,0.0172405583271972,9.06541501174724,0.230212069063678,0.424564636882776,0.241178837677359,0.00712229495326788,0.00712229495326788,0.562806528626729,0.252703085627876,0.502695818192151,8.5777854659055,2.92878566404329,1.03263726695096,1.01618761405115,1,0.0072897
88,0.0180040932634474,9.19834668363251,0.201576186367598,0.34322296833543,0.2249085889533,0.00533908230488711,0.00533908230488711,0.484888170749837,0.249835143147721,0.499835115960975,8.48298240990808,2.91255599257904,1.02127170776643,1.01057988688002,1,0.0070791
89,0.0192229087813076,9.17326358306044,0.173105043326674,0.321595247102273,0.206690604190063,0.0039600310895076,0.0039600310895076,0.449569310192667,0.247032158620466,0.497023297864865,8.38993892850088,2.89653912946138,1.01008439793372,1.00502955077635,1,0.0072388
90,0.0205294122308041,9.00201310935317,0.145525807499253,0.35465696420618,0.187369156649749,0.00288047459080865,0.00288047459080865,0.455162642231145,0.244292039710978,0.494259081566518,8.29901930741624,2.88080185146709,0.999079508318873,0.999539648197545,1,0.0073792
91,0.0216905340092882,8.69905389283979,0.1196414894758,0.416345253591952,0.167440677200355,0.00200962131182347,0.00200962131182347,0.489096916697722,0.241612681903886,0.491541129412266,8.21045003803719,2.86538828748168,0.988262189195629,0.994113770750425,1,0.0070839
92,0.0225753325728904,8.28067270777119,0.0964429176242124,0.484798299902363,0.147220836583624,0.0012747341413295,0.0012747341413295,0.536098614822178,0.238991996727113,0.488868077017832,8.12432994767607,2.85032102537172,0.977638034668165,0.988755801332243,1,0.0070961
93,0.0231188372989913,7.76448328063663,0.0772972168314994,0.548614503442147,0.127528177407715,0.000622640063646429,0.000622640063646429,0.584906130319688,0.236427937414327,0.486238560188646,8.04065021900521,2.83560403071466,0.967211506597223,0.98346911827328,1,0.0071161
94,0.0232971931239505,7.1687522198925,0.064073752405353,0.602595648358741,0.108918116849971,1.90862906102041e-05,1.90862906102041e-05,0.628718914086301,0.233918520624893,0.483651238626443,7.95931657277036,2.82122607615384,0.956985975845603,0.97825660020549,1,0.0070906
95,0.0231125549767484,6.51201659218803,0.058508292771439,0.644443449359367,0.0919686308479523,-0.000553712305605636,-0.000553712305605636,0.66380773948343,0.2314618434625,0.481104815463844,7.88017261637276,2.80716451537361,0.946963522994566,0.973120507950874,1,0.0070199
96,0.0225839850949917,5.81288280532839,0.0603426674439122,0.673300958498534,0.0774308235444842,-0.00110053767712115,-0.00110053767712115,0.68831234900811,0.229056095472086,0.47859805209809,7.8030226296376,2.79338909384955,0.937144736976158,0.968062362131778,1,0.0073493
97,0.0217417812885472,5.08991404058253,0.0668996503506997,0.68921890952328,0.0663175281602928,-0.00161703685479431,-0.00161703685479431,0.701612984537494,0.226699565673957,0.476129778184433,7.72765395077609,2.7798658152465,0.927528731467253,0.963082930731956,1,0.0069919
98,0.020623769609066,4.36172542968918,0.0752476735274764,0.692618226392778,0.0593554033396929,-0.00209351924521384,-0.00209351924521384,0.703651805290041,0.224390645002518,0.473698896982585,7.65385264375887,2.76655971266822,0.918113006799399,0.958182136547848,1,0.0070037
99,0.0192727509698063,3.64775057459124,0.0834863727066233,0.684265381034223,0.0570604506680181,-0.00251823379767169,-0.00251823379767169,0.69488825369483,0.222127824739158,0.471304386505322,7.58141847245952,2.7534375737357,0.908893698386759,0.953359165470579,1,0.008251
100,0.0177347210328004,2.96947641135614,0.0906042384103761,0.665425774253156,0.0586296580904191,-0.00288019055195576,-0.00288019055195576,0.67634207224028,0.219909691695068,0.468945297124374,7.51017867372174,2.74047052049858,0.899866209746707,0.948612781774896,1,0.0081195
101,0.0160576500281015,2.35361667048118,0.0961082970195031,0.637293337561307,0.062673993947641,-0.00317119868085358,-0.00317119868085358,0.649039992740783,0.217734920966645,0.466620746395449,7.43999128994407,2.72763474276599,0.89102449775182,0.94394093975832,1,0.0071026
102,0.0142907236517996,1.83927185887757,0.0997893334251483,0.600893582634321,0.0679398355123425,-0.00338674716513898,-0.00338674716513898,0.613906793744757,0.215602267082487,0.464329911897228,7.37074511603684,2.7149116221411,0.882361429482773,0.939340954862915,1,0.0070534
103,0.0124842481216855,1.48578691043087,0.101599165621301,0.557576055540844,0.0731530630962502,-0.00352650529337328,-0.00352650529337328,0.572182783143474,0.213510554357911,0.462072022911917,7.3023630579911,2.70228848533814,0.873869908173276,0.934810092036493,1,0.0072371
104,0.0106905201606863,1.35545384990047,0.10158946707075,0.508929087774068,0.0775677356474795,-0.00359450399082428,-0.00359450399082428,0.525375995794482,0.211458667173905,0.459846351702289,7.23480206644269,2.68975873759018,0.865542917508042,0.930345590363088,1,0.00677
105,0.00896623221631151,1.44171381275847,0.0998776652068404,0.45648353408228,0.080863331318016,-0.00359853023657353,-0.00359853023657353,0.474979152877887,0.209445540756251,0.457652205016266,7.16804781053056,2.67732101372446,0.857373535868528,0.925944672142201,1,0.0068689
106,0.00737754593228568,1.65444849333509,0.0966248042643354,0.401743290161154,0.08285685954992,-0.00354910402877184,-0.00354910402877184,0.42247782201296,0.207470152901795,0.455488916332544,7.10210856241322,2.66497815420938,0.849355277118366,0.921604729327257,1,0.0067667
107,0.00600886754480276,1.90562353987039,0.0920210675910061,0.346219464060694,0.0835019360894056,-0.00345849585630509,-0.00345849585630509,0.36939228744088,0.205531516954014,0.453355839219055,7.0370089558675,2.65273612631703,0.841482165142412,0.917323369996869,1,0.0066971
108,0.00497125089764353,2.14515521677224,0.0862754609362314,0.291453875359932,0.0828294842769176,-0.00333957664060947,-0.00333957664060947,0.317294829193599,0.203628676179768,0.451252342021366,6.97278365080051,2.64060289532533,0.833748822388785,0.91309847354422,1,0.0067628
109,0.00438475601717756,2.34895072600903,0.0796081618509422,0.239132110809322,0.0809299207319163,-0.00320480266309309,-0.00320480266309309,0.267901571098459,0.201760699573397,0.449177803963416,6.90947161044268,2.62858737926718,0.826150486251494,0.908928207424268,1,0.0071722
110,0.00429388399924575,2.50615279311362,0.0722451431473858,0.191311676399866,0.0779482355856998,-0.0030654036702602,-0.0030654036702602,0.223219902229565,0.199926679008546,0.447131612624903,6.84711120602731,2.61669853174326,0.818682962478892,0.904811009260438,1,0.0070396
111,0.00459025051072331,2.61265302752589,0.0644149582814746,0.150897966138646,0.0739424334344883,-0.00293075649632835,-0.00293075649632835,0.185707678767977,0.198125727579638,0.445113162667246,6.78573621626087,2.60494457066957,0.811342697234068,0.90074563403553,1,0.0069264
112,0.00508705472643901,2.66813208100125,0.0563481395116924,0.122154688157374,0.0690850036369988,-0.00280784590846128,-0.00280784590846128,0.158316285459765,0.1963569789238,0.443121855615135,6.7253730718857,2.59333242602751,0.804126620419336,0.896731074748353,1,0.0072329
113,0.0056324073982637,2.6745526506546,0.0482805884688598,0.109755377417285,0.0636164781582615,-0.00270116316213098,-0.00270116316213098,0.143649007793422,0.194619587287422,0.441157100461301,6.66603910697911,2.5818673682006,0.797031992281634,0.892766482503479,1,0.0072185
114,0.00613512187171698,2.63531639811762,0.0404637923061659,0.114085174386889,0.057634138648616,-0.00261286186342602,-0.00261286186342602,0.141871823842574,0.192912728098238,0.439218314848365,6.60774163774596,2.57055278836011,0.790056422025172,0.888851181033795,1,0.0073387
115,0.00654682966764687,2.55482578707002,0.0331871976748931,0.129117037113949,0.0513376689336763,-0.00254291245352256,-0.00254291245352256,0.14979751518269,0.191235598818937,0.437304926588916,6.55047813911821,2.55939018891575,0.78319771377121,0.884984583917262,1,0.0073983
116,0.00684416120301069,2.43815358661091,0.0268201114975241,0.148019783307379,0.0448940992809248,-0.0024894948821621,-0.0024894948821621,0.162795343540372,0.189587419885521,0.435416375307039,6.49423696829718,2.54837928266127,0.776453800862492,0.881166159621721,1,0.007197
117,0.00701818918262404,2.29082436714628,0.0218656832138287,0.166551945536572,0.0384557566698732,-0.00244942496318545,-0.00244942496318545,0.17704336586552,0.187967435570084,0.4335521140187,6.43899856987923,2.537518191044,0.769822679187475,0.87739539501155,1,0.0069851
118,0.00706871784762546,2.11866127056166,0.0189246462385472,0.18256984888947,0.0322575512115371,-0.00241859850619264,-0.00241859850619264,0.190125622536977,0.186374914648066,0.431711610508759,6.38473712227301,2.52680373639763,0.763302324277713,0.873671748586226,1,0.0069457
119,0.00700111659518253,1.92762888664422,0.0183217768004632,0.195098282570805,0.0265761751649557,-0.00239251731496237,-0.00239251731496237,0.200714272578133,0.184809150790801,0.429894348405281,6.33142240880194,2.51623178757481,0.756890657783788,0.869994630893655,1,0.0071565
120,0.00682444513014698,1.72371437150744,0.0196278383761713,0.203776845983299,0.0217145204388751,-0.0023667863520398,-0.0023667863520398,0.208166820254828,0.183269462642973,0.428099827894117,6.27902166727072,2.50579761099549,0.750585543560519,0.866363401558791,1,0.0075965
121,0.006550255214423,1.51289918676949,0.0219464204092319,0.208567031483534,0.0180263561022158,-0.00233749113490545,-0.00233749113490544,0.212242632802218,0.181755193578513,0.426327566055156,6.22750121493938,2.49549618611998,0.744384788937791,0.862777369277725,1,0.0072983
122,0.00619176984515758,1.3012742924194,0.0245285112427136,0.20955186531393,0.0158514828841,-0.00230140099014875,-0.00230140099014875,0.212882720821101,0.180265711155852,0.42457709683384,6.17682759065975,2.48532243193107,0.738286123130344,0.859235778544134,1,0.0072704
123,0.00576329171340093,1.09535446287557,0.0269303776165174,0.206934643445397,0.0154425427809964,-0.00225600264077874,-0.00225600264077874,0.210200761087781,0.178800406313376,0.422847970686128,6.12696870260529,2.47527144018697,0.732287214485428,0.855737818777123,1,0.0069792
124,0.00527977092821734,0.902555352237641,0.0289210987794322,0.201030727443253,0.0164500357876922,-0.00219965873406247,-0.00219965873406247,0.204441693930615,0.177358692359083,0.421139753952394,6.07789473247313,2.46533866486394,0.726385687149124,0.852282633372947,1,0.0070471
125,0.00475651031170312,0.732158610629743,0.0303904233047652,0.192237818153858,0.0182041410693473,-0.00213162565947123,-0.00213162565947123,0.195949645995089,0.175940003815333,0.419452028026249,6.02957874472347,2.45552005585853,0.720579160574026,0.848869342463271,1,0.0073213
126,0.00420902350159608,0.596619681837903,0.0312960628196597,0.181005472921578,0.0201415803881644,-0.00205205151231214,-0.00205205151231214,0.185133071119776,0.174543795180917,0.417784388388217,5.98199696305124,2.44581212750514,0.714865268695019,0.84549705422019,1,0.007035
127,0.00365310252423015,0.511196696758842,0.0316360800630929,0.167776492254692,0.0219478886325454,-0.00196184033317826,-0.00196184033317826,0.172407804756695,0.173169539668926,0.416136443572208,5.93512867555588,2.4362119521002,0.709241664089315,0.842164867522574,1,0.0071194
128,0.00310521982934346,0.485957120617895,0.0314339998158795,0.153003465818779,0.0234396649116408,-0.00186243428078692,-0.00186243428078692,0.158206048869534,0.171816727971436,0.414507814125905,5.88895602304294,2.42671712876531,0.703706056343624,0.838871895073154,1,0.0070494
129,0.00258351299365741,0.512864645748435,0.0307301995762995,0.137152457428297,0.0245293200279873,-0.00175569233340278,-0.00175569233340278,0.14298121341315,0.170484867092117,0.412898131616162,5.84346367889058,2.41732572875287,0.698256223008392,0.835617270649902,1,0.0069459
130,0.00210976817554854,0.569699017952421,0.0295764450107991,0.120691542527977,0.0251813322612881,-0.00164370994647944,-0.00164370994647944,0.127195247004612,0.169173479276961,0.411307037718735,5.79863840929035,2.40803621428133,0.692890023550009,0.832400158307295,1,0.0068503
131,0.00171264158176707,0.636049660810507,0.0280321450566135,0.104098404921624,0.0253926838453101,-0.00152866100627413,-0.00152866100627413,0.111324913512579,0.167882101062184,0.409734183419182,5.75446859881003,2.39884734795902,0.687605407801806,0.829219758448751,1,0.0069932
132,0.00142967963349548,0.699261906004971,0.0261616422836934,0.0878751885960685,0.0251871470229804,-0.00141267110442556,-0.00141267110442556,0.0958742123181637,0.166610282447954,0.408179228339652,5.71094377506592,2.38975809969669,0.682400417764545,0.826075309983627,1,0.0070334
133,0.00129658202305534,0.752593374796064,0.0240322287694057,0.0725847840011533,0.0245926804119774,-0.00129771954938063,-0.00129771954938063,0.0813948049385121,0.165357586197405,0.406641840195282,5.66805416107498,2.38076755712837,0.677273189030036,0.822966092272358,1,0.006861
134,0.00131440108908927,0.792745000996991,0.0217127743021512,0.058923156864191,0.0236421545075183,-0.00118553721843551,-0.00118553721843551,0.068523698720955,0.164123587253023,0.405121694374694,5.6257902904497,2.37187484713037,0.672221949487094,0.819891425426009,1,0.0068955
135,0.00143624102957677,0.818364938848694,0.0192730004159048,0.0478229789371685,0.0223942061129189,-0.00107754408516536,-0.00107754408516536,0.0580177373819139,0.162907872256988,0.403618473631954,5.58414270354156,2.3630790726384,0.667245008790287,0.816850664926146,1,0.0073738
136,0.00160339220892529,0.829241266760473,0.0167836386689596,0.0404760695314621,0.0209169988043492,-0.000974852062395115,-0.000974852062395115,0.050690846198444,0.161710039158529,0.40213186787238,5.54310172455881,2.35437926523294,0.662340748707264,0.813843196633887,1,0.0069794
137,0.00177435276929977,0.825871828128761,0.0143179851188532,0.0378226024777438,0.0192096615855045,-0.000878270212458787,-0.000878270212458787,0.0470689073812829,0.160529696889691,0.400661574011898,5.50265729943095,2.34577434964042,0.657507630183074,0.810868441970135,1,0.0068416
138,0.00192578525329385,0.809248738770495,0.0119557640633749,0.0394599143090541,0.0173552248222268,-0.00078826888166228,-0.00078826888166228,0.0469513209353911,0.159366465090845,0.399207295888796,5.46279894527955,2.33726313137386,0.652744169815131,0.807925844254985,1,0.0069471
139,0.00204577074660022,0.780685279909217,0.0097911011311782,0.0437117401692179,0.0154277095688295,-0.000705046641048757,-0.000705046641048757,0.0493400072852415,0.15821997386845,0.397768744207548,5.42351574737336,2.32884429436005,0.648048932291203,0.805014864639904,1,0.0070821
140,0.00212886301874416,0.741697257001519,0.00794617066447064,0.0489045825153213,0.0134766599535492,-0.000628594240499769,-0.000628594240499769,0.0529955356408033,0.157089863569802,0.396345636496483,5.38479641008353,2.32051641021638,0.643420526727973,0.802134980366754,1,0.0070343
141,0.0021733651637954,0.69393491948086,0.00658306989211329,0.0539609519134651,0.0115445299858314,-0.000558734043043074,-0.000558734043043074,0.0569193115699713,0.155975784562329,0.394937697064143,5.34662934198386,2.31227795517404,0.638857601201317,0.799285681844306,1,0.0072946
142,0.00217987774899931,0.63913710233916,0.00587038006651832,0.0583024205725633,0.009711022642808,-0.00049515810829881,-0.00049515810829881,0.0604741639362802,0.154877397008137,0.393544656942686,5.30900277707203,2.30412733525559,0.63435883494384,0.796466468185472,1,0.0073831
143,0.00215048682202792,0.57908591255785,0.00584806197594864,0.0616416513648021,0.00803633301922985,-0.000437483600549182,-0.000437483600549182,0.0632870508863524,0.153794370627615,0.392166253810313,5.27190489227299,2.29606291121846,0.62992293619794,0.793676846202495,1,0.007264
144,0.0020882737914813,0.515595612998016,0.00633453455289696,0.0638466244880049,0.00660979163921578,-0.000385278244968035,-0.000385278244968035,0.0651578633765804,0.152726384448864,0.390802231888284,5.2353239245986,2.28808302397413,0.625548638278886,0.790916328241417,1,0.0070078
145,0.00199699413509484,0.450518055676464,0.00706330078655866,0.0648814383063559,0.00555845824953583,-0.000338084675567618,-0.000338084675567618,0.066001536615112,0.15167312654222,0.389452341811191,5.19924828513816,2.28018601985412,0.621234697314392,0.788184431027657,1,0.0072113
146,0.00188085135332595,0.38576670718507,0.00783354241099389,0.0647854888859078,0.00501005203411671,-0.000295453375893651,-0.000295453375893651,0.0658216842045505,0.150634293741259,0.388116340471847,5.16366667013113,2.27237027575418,0.616979892915409,0.785480676347553,1,0.007281
147,0.00174433169787951,0.323389510921999,0.00852943300805985,0.0636392945855287,0.00496617443692581,-0.00025697816075354,-0.00025697816075354,0.0646705013933599,0.149609591353176,0.386793990844191,5.12856813682242,2.26463421700336,0.612783028109656,0.782804591267614,1,0.0069937
148,0.00159208511667329,0.265765321136157,0.00909097989126214,0.0615382606054578,0.00529756893132537,-0.000222293112793537,-0.000222293112793537,0.0626236209511459,0.148598732862513,0.385485061789056,5.09394214750538,2.25697632852128,0.608642929000462,0.780155708176555,1,0.0068983
149,0.00142884853202111,0.21593940163448,0.00949004167444477,0.0585976229872582,0.00581840580299888,-0.000191066730661937,-0.000191066730661937,0.0597816194326173,0.147601439632617,0.384189327848416,5.059778601831,2.24939516355642,0.604558446856971,0.777533566386025,1,0.0069669
150,0.00125941801254928,0.177958558465896,0.00971681630021678,0.0549505080633685,0.0063766018013164,-0.000163012105700577,-0.000163012105700577,0.0562660558816019,0.146617440609292,0.382906569033872,5.02606785027909,2.24188934835756,0.600528459291582,0.774937713168989,1,0.0069781
151,0.00108869118606484,0.156309741777893,0.00977262565348827,0.0507356247607148,0.00688310859642307,-0.000137885621493083,-0.000137885621493083,0.0522074027440573,0.145646472030743,0.381636570614955,4.99280068314413,2.23445758141526,0.59655187066041,0.772367704309553,1,0.00706
152,0.000921824761655648,0.152832973962359,0.00966591458168399,0.0460932232470554,0.00729061255670686,-0.000115475731851333,-0.000115475731851333,0.0477402676473226,0.144688277147389,0.380379122912114,4.95996830452578,2.22709862927662,0.592627612887463,0.769823104932207,1,0.0072544
153,0.000764591657511504,0.163667790743159,0.00940986941259609,0.0411648672291683,0.00757640510328926,-9.55946585112777e-05,-9.55946585112777e-05,0.0430027706347368,0.143742605954271,0.379134021098439,4.92756229755687,2.21981132026055,0.588754645948532,0.767303490118827,1,0.0071937
154,0.000624060568888643,0.181927104406782,0.00902088071953946,0.0360926139008868,0.00773186139028048,-7.80694940436533e-05,-7.80694940436533e-05,0.0381353676476457,0.14280921493802,0.37790106501308,4.89557458332771,2.21259453658543,0.584931958016768,0.764808445309522,1,0.0076419
155,0.00050956559266271,0.202002327503111,0.0085174797150987,0.0310225989842968,0.00775848185500375,-6.27325430895276e-05,-6.27325430895276e-05,0.0332841208665494,0.141887866839434,0.376680058988306,4.86399737848496,2.2054472060072,0.581158565388379,0.76233756655984,1,0.0072692
156,0.000432753514816109,0.22054529851951,0.00791956839947038,0.0261120432844089,0.00765683538721317,-4.94192490996248e-05,-4.94192490996248e-05,0.0286040107823421,0.140978330431973,0.3754708116911,4.83282315291411,2.19836829328348,0.577433512564515,0.759890460898487,1,0.007122
157,0.000402728985499777,0.235792655453366,0.00724785430194121,0.0215410542830095,0.00743878075029223,-3.79586767862428e-05,-3.79586767862428e-05,0.0242689561852543,0.140080380315786,0.374273135979309,4.80204459131743,2.19135679233607,0.573755871187152,0.757466745928263,1,0.0073019
158,0.000416149662345773,0.246895713986186,0.00652347165874936,0.0175356725040886,0.0071205898277376,-2.81768081724643e-05,-2.81768081724643e-05,0.0204817037158034,0.139193796726323,0.3730868487716,4.77165455909508,2.18441171922673,0.570124738873074,0.755066049344741,1,0.0070143
159,0.000457033423156482,0.253528867315966,0.00576781945177542,0.0143975292868096,0.00671023486742253,-1.98984008061842e-05,-1.98984008061842e-05,0.0174749129226806,0.138318365356217,0.371911770929904,4.74164607364531,2.17753210622606,0.56653923885641,0.752688008976103,1,0.0068044
160,0.000508507692953869,0.255685125232287,0.00500268440814653,0.0124771559689607,0.00622600124284737,-1.29481789539199e-05,-1.29481789539199e-05,0.0154803834632761,0.137453877188866,0.370747727152664,4.71201228344923,2.17071699754925,0.562998518260871,0.750332271904169,1,0.006784
161,0.00055932700463018,0.25355901458407,0.0042508312697305,0.0119701443043037,0.00568795855849936,-7.1534554568764e-06,-7.1534554568764e-06,0.0146152029246853,0.136600128342021,0.369594545876993,4.68274645314307,2.16396544638381,0.559501746752938,0.747998493817292,1,0.0068569
162,0.000603267216478078,0.247475750775907,0.00353741589434312,0.0126511770166421,0.005112759281452,-2.34571174750897e-06,-2.34571174750897e-06,0.0147555377565878,0.135756919919732,0.368452059187803,4.65384195482672,2.15727651329789,0.556048115537981,0.745686338575397,1,0.006768
163,0.000637177794753668,0.237848585921439,0.00289275451307891,0.0140010883753569,0.00451308707237965,1.63664595698165e-06,1.63664595698165e-06,0.0155693691657833,0.134924057871118,0.367320102732096,4.62529226433855,2.1506492657657,0.552636836419813,0.743395477804252,1,0.0067942
164,0.000659665570824358,0.225151785512057,0.00235658568008801,0.0155565205350348,0.00390802034240936,4.94362095260215e-06,4.94362095260215e-06,0.0166945703512033,0.134101352854578,0.366198515636776,4.5970909621699,2.14408277875876,0.549267140518108,0.741125590246422,1,0.0068493
165,0.0006703725551133,0.209898185597036,0.00197992439000811,0.0170300928905398,0.00331548522372872,7.71260601872825e-06,7.71260601872825e-06,0.0178551564369282,0.133288620106365,0.365087140428645,4.5692317369847,2.13757613595041,0.545938277372016,0.738876361356903,1,0.0068416
166,0.000669584791651203,0.19262380552406,0.00180858090419654,0.0182666754195285,0.00275419195364135,1.00660880093528e-05,1.00660880093528e-05,0.0188753494388624,0.132485679312614,0.36398582295553,4.54170839085115,2.13112843133659,0.542649514110165,0.736647482932077,1,0.007137
167,0.00065800899587464,0.173877500660102,0.00183944835167804,0.0191910755132512,0.00225223645686685,1.21106657560155e-05,1.21106657560155e-05,0.0196569608610294,0.131692354484251,0.362894412307837,4.51451484597247,2.12473877123106,0.539400134686373,0.73443865277256,1,0.0074086
168,0.000636634891110397,0.154213737680232,0.00200734021528571,0.0197727858262641,0.00183928636105738,1.39425414746874e-05,1.39425414746874e-05,0.0201500651698566,0.130908473834368,0.361812760740093,4.48764515061029,2.11840627609774,0.536189439320657,0.732249574476256,1,0.0072053
169,0.000606643595146251,0.134197663735426,0.00223397169938115,0.0200037943941619,0.00155282350731173,1.56406489915106e-05,1.56406489915106e-05,0.0203324262219807,0.130133869657931,0.360740723592348,4.46109348349162,2.11213008204789,0.533016743831278,0.730079957149406,1,0.0070155
170,0.00056934260919407,0.114422217265071,0.00246433911176738,0.0198930898934583,0.00143402513117709,1.7252671809409e-05,1.7252671809409e-05,0.0202033848228638,0.129368378213772,0.359678159211499,4.4348541581579,2.10590934234071,0.529881379209455,0.727929515275658,1,0.0077025
171,0.000526117982835689,0.0955358839884199,0.00266737593973989,0.0194676016853956,0.001479310166928,1.88105838017094e-05,1.88105838017094e-05,0.0197825135840119,0.128611839609014,0.358624928872791,4.40892162710343,2.09974322885048,0.526782691567004,0.725797968836373,1,0.0072414
172,0.000478400012876797,0.0783034603195284,0.00282713929382452,0.0187582539403716,0.00162602170890128,2.03522473261053e-05,2.03522473261053e-05,0.0190946422226933,0.127864097686093,0.357580896701841,4.38329048162819,2.09363093252564,0.523720041260418,0.723685042860786,1,0.0070058
173,0.000427642203737301,0.0637210279986584,0.00293634316468374,0.0177990348029883,0.00181526775188109,2.18764349493306e-05,2.18764349493306e-05,0.0181698289815018,0.127124999912635,0.356545929597626,4.35795545076724,2.08757166362433,0.520692802976633,0.72159046763149,1,0.0069334
174,0.000375316012479166,0.0530884677184772,0.0029927662808432,0.0166307910756162,0.00200453389439383,2.33633603308192e-05,2.33633603308192e-05,0.0170457446110601,0.126394397274414,0.355519897156845,4.33291139965599,2.08156465180786,0.517700365530779,0.719513978690323,1,0.0069493
175,0.000322928978011044,0.0476912470908382,0.00299731025999373,0.0152972221150366,0.00217035609899633,2.47937031474521e-05,2.47937031474521e-05,0.015763769872121,0.125672144171606,0.354502671600097,4.30815332592333,2.07560914575055,0.514742131569522,0.717455316775562,1,0.007126
176,0.000272082132123973,0.0477228034910394,0.0029528982388062,0.0138425916801805,0.00230206603451286,2.61563284462696e-05,2.61563284462696e-05,0.0143667757327518,0.124958098318521,0.353494127700195,4.28367635477743,2.06970441241677,0.511817517315556,0.715414227783845,1,0.0071233
177,0.000224595899364413,0.0516750352285869,0.00286380417777378,0.0123107442767872,0.00239394333189136,2.74504460606728e-05,2.74504460606728e-05,0.0128976986214598,0.12425212064691,0.352494142712911,4.25947573328507,2.0638497361206,0.508925952172949,0.713390462631054,1,0.0072974
178,0.000182742713830363,0.0574610596538216,0.00273521260072081,0.010745697320437,0.00244629478126804,2.86755746703449e-05,2.86755746703449e-05,0.0114006547889403,0.12355407521291,0.35150259631034,4.23554682453026,2.05804441753094,0.506066878578592,0.711383777281006,1,0.0068258
179,0.000149546467497555,0.0635280006065042,0.00257291128783709,0.0091930565895912,0.00245471093918639,2.98298819476628e-05,2.98298819476628e-05,0.00992015670078762,0.12286382910761,0.350519370516965,4.21188510154132,2.0522877725946,0.503239751397327,0.709393932450318,1,0.0071826
180,0.000128632485853515,0.0689792141331734,0.0023830652359587,0.00770199086040628,0.00243150343865218,3.08911145681101e-05,3.08911145681101e-05,0.00850751598932987,0.122181252371158,0.34954434964845,4.18848614196514,2.04657913161576,0.50044403820945,0.707420693936395,1,0.0074038
181,0.000122293059098299,0.0733476412430916,0.00217205649238191,0.00633030322182027,0.00237780898738398,3.18767167626355e-05,3.18767167626355e-05,0.00721791545738391,0.121506217910299,0.348577420253089,4.1653456223869,2.04091783822546,0.497679218573982,0.705463832222448,1,0.0073521
182,0.000128546122102705,0.076413687720047,0.00194638271412212,0.00515247943935719,0.00229374036376892,3.28197951340314e-05,3.28197951340314e-05,0.00611497308732725,0.120838601419166,0.347618471055791,4.14245931343365,2.03530324851941,0.494944783597135,0.703523122290331,1,0.007401
183,0.000142089552765272,0.0781022291060965,0.00171262054938547,0.00426640850308172,0.00218723256160423,3.37428245491544e-05,3.37428245491544e-05,0.00527234671715976,0.120178281303156,0.346667392904433,4.11982307564242,2.02973473036316,0.492240235805497,0.701598343645064,1,0.0074694
184,0.000158007420059283,0.0784261183185161,0.00147748782916533,0.00377641129336463,0.00206514607991723,3.46706604767988e-05,3.46706604767988e-05,0.00475474964529183,0.119525138605674,0.345724078718381,4.09743285570765,2.02421166277335,0.489565088769472,0.699689280159037,1,0.0099921
185,0.000173205899470574,0.0774529152499744,0.00124807034008162,0.00372020817806798,0.00198746229067467,3.56844180871008e-05,3.56844180871008e-05,0.00460489098849347,0.118879056937536,0.344788423438978,4.07528468462286,2.01873343575195,0.486918868661669,0.697795721297909,1,0.0080912
186,0.000186016956469662,0.0752828237315484,0.00103234882583565,0.00399862716097735,0.00183413040108866,3.70217440539555e-05,3.70217440539555e-05,0.00470954564843881,0.118239922408852,0.343860323981776,4.05337467115618,2.01329944895343,0.484301108226122,0.695917457911585,1,0.007296
187,0.00019561726901375,0.0720533951087789,0.000840157970720411,0.00443885290223561,0.00166540774104552,3.86325524006637e-05,3.86325524006637e-05,0.00498022181308519,0.117607623563169,0.342939679190334,4.03169900340994,2.00790911233799,0.481711351223515,0.694054285501873,1,0.0071285
188,0.000201665416387318,0.0679225792163509,0.000684556337018143,0.00490992707846865,0.00152267911476939,4.03774640926891e-05,4.03774640926891e-05,0.00532358594466969,0.116982051313732,0.34202638979139,4.01025394669269,2.00256184590956,0.47914915202588,0.692206004037729,1,0.0073253
189,0.000204105625683879,0.0630548018373757,0.000581836212375104,0.00533921857074687,0.00142162628372358,4.21910472665488e-05,4.21910472665488e-05,0.00566741559867491,0.116363098881697,0.341120358351267,3.98903584178744,1.9972570795437,0.476614074864015,0.690372417513921,1,0.0070828
190,0.00020306100781467,0.0576165632539183,0.000544282386693022,0.00568856893349542,0.00134244975844992,4.40851594767366e-05,4.40851594767366e-05,0.00595908497717431,0.115750661736181,0.340221489233384,3.96804110320273,1.99199425280364,0.47410569247709,0.688553333066575,1,0.0071711
191,0.000198771957875562,0.0517768866566321,0.000566111487758601,0.00593946366258249,0.00130303511792638,4.60742699894823e-05,4.60742699894823e-05,0.00617671061442748,0.115144637536046,0.339329688556787,3.94726621864017,1.98677281505465,0.471623586950357,0.686748561666027,1,0.0093321
192,0.000191557661290736,0.0457052965020603,0.000624397275172721,0.00608922026931425,0.00139960954534402,4.82663948289108e-05,4.82663948289108e-05,0.00633248881337065,0.114544926073329,0.338444864155638,3.92670774927441,1.98159222578068,0.469167352417277,0.684957920179975,1,0.0099961
193,0.000181790259456075,0.0395718043460602,0.000695968897768917,0.00613887769310416,0.00150844145457249,5.10265916280339e-05,5.10265916280339e-05,0.00639965969510591,0.113951429218273,0.337566925539623,3.90636232547322,1.97645195374773,0.466736588851235,0.683181226945849,1,0.007713
194,0.000169876680394369,0.0335617829138962,0.000765750061162647,0.00608447535036043,0.00145238978377667,5.45936904972066e-05,5.45936904972066e-05,0.00633155799374578,0.113364050865901,0.33669578385525,3.88622664383999,1.9713514764851,0.464330898216942,0.681418299003587,1,0.0074551
195,0.000156245133609678,0.0278924186191573,0.000825519252394004,0.00592922480097524,0.00144045541632824,5.8739398375085e-05,5.8739398375085e-05,0.00617847080776064,0.112782696884089,0.335831351848051,3.86629747219723,1.96629028177358,0.461949895484818,0.679668960218736,1,0.0071769
196,0.000141335041967837,0.0228264244340132,0.000871188326326208,0.00568637787469185,0.00146776630110285,6.32500209909459e-05,6.32500209909459e-05,0.00595204969104686,0.112207275063128,0.334973543825669,3.84657164543549,1.96126786682378,0.459593203813012,0.677933037853306,1,0.0087606
197,0.000125591138714009,0.0187038236678446,0.000901015508265574,0.00537243927512265,0.00162297864464231,6.8074277850716e-05,6.8074277850716e-05,0.00569485124985288,0.111637695066732,0.334122275621862,3.82704606566846,1.95628373853806,0.457260458399208,0.676210365492284,1,0.0073421
198,0.000109463185591562,0.0159453069753037,0.000914623940891814,0.00499999507808333,0.00165468719747553,7.34045219052959e-05,7.34045219052959e-05,0.0053538686462162,0.111073868384487,0.333277464561417,3.8077176949525,1.95133741186718,0.454951293365317,0.67450077343567,1,0.0074117
199,9.34141656705044e-05,0.0148768637378625,0.000912484614956681,0.00458066240675073,0.00171094129027558,7.91560585220452e-05,7.91560585220452e-05,0.0049818230415162,0.110515708285701,0.332439029426,3.78858355989526,1.94642841119196,0.452665354465918,0.67280409813401,1,0.007143
200,7.79429904782057e-05,0.0153804136281879,0.000895625260744141,0.00412815856257358,0.00176444444948478,8.52639236144093e-05,8.52639236144093e-05,0.00458641869774984,0.109963129774648,0.331606890420944,3.76964074727197,1.94155626940657,0.450402293738464,0.671120178312695,1,0.0071062
201,6.36338396315507e-05,0.0168891339042716,0.00086544445906889,0.00365628638122528,0.00182956186664323,9.16792654925835e-05,9.16792654925835e-05,0.00418994749869862,0.109416049547159,0.330780969142964,3.75088640303509,1.9367205278602,0.448161770760833,0.669448855970964,1,0.0075089
202,5.12480527182902e-05,0.0188020518399401,0.000823588833151572,0.00317945502196192,0.0019299333509159,9.84209759544719e-05,9.84209759544719e-05,0.00382389714659956,0.108874385948541,0.329961188548806,3.73231773085269,1.93192073617234,0.445943453258773,0.667789976907989,1,0.007068
203,4.18350605975523e-05,0.0207171715762306,0.000771863737494717,0.00271186721043835,0.00198384888518404,0.000105580835939367,0.000105580835939367,0.00346671979389617,0.108338058932785,0.329147472924805,3.71393198842556,1.92715645146562,0.443747011965144,0.666143386940938,1,0.00693
204,3.66086894710819e-05,0.0224102077980277,0.000712170511611065,0.00226888257789448,0.00203458799616755,0.000113142653201059,0.000113142653201059,0.00315418573848515,0.107806990023018,0.328339747857334,3.69572648823175,1.92242723873538,0.441572125214501,0.664508935391016,1,0.0070222
205,3.60744277962313e-05,0.0237683538577824,0.000646461685224061,0.00186957667588461,0.00210463968391193,0.000121091487768066,0.000121091487768066,0.00291824059235241,0.107281102273156,0.327537940204118,3.6776985956849,1.91773267054741,0.439418478548077,0.662886474856802,1,0.0073491
206,3.91543364366837e-05,0.0247446466800041,0.000576712922398083,0.00153925702711434,0.00220353683264526,0.000129492394790098,0.000129492394790098,0.00278307997043506,0.106760320230728,0.326741978066377,3.65984572748028,1.91307232677708,0.437285764294584,0.661275860964684,1,0.0071993
207,4.40108826165129e-05,0.0253320549654499,0.00050491673232354,0.00130848293440215,0.00227339481160702,0.000138474011445844,0.000138474011445844,0.00270791550540415,0.106244569900807,0.325951790761773,3.64216534876205,1.90844579403295,0.435173677843955,0.659676949607878,1,0.0070778
208,4.92268553611643e-05,0.025547623747999,0.000433108808359042,0.00120226326402195,0.00232867251216861,0.00014808978819314,0.00014808978819314,0.00269387772075748,0.105733778711011,0.325167308798119,3.62465497332078,1.90385266586487,0.433081920235008,0.658089598941518,1,0.0071396
209,5.39944674209295e-05,0.0254253653912335,0.000363448937778421,0.00121797648625852,0.00239506970668578,0.000158360153958981,0.000158360153958981,0.00274804582254041,0.105227875477539,0.324388463847806,3.60731216269128,1.89929254268301,0.431010198907567,0.656513670008148,1,0.0069697
210,5.79020168511425e-05,0.0250125908190677,0.000298401409102183,0.00131787369859515,0.00244511873107971,0.000169323518632414,0.000169323518632414,0.00282813904252133,0.104726790372183,0.323615188722938,3.59013452381356,1.89476503129374,0.428958224993508,0.654949024729031,1,0.0069692
211,6.07577033808194e-05,0.0243663551395205,0.000241081708445093,0.00145634751101974,0.00250182331048457,0.000180992896377852,0.000180992896377852,0.00293644973876816,0.104230454890284,0.322847417351113,3.57311970911652,1.89026974506723,0.426925715508193,0.653395527615695,1,0.0066315
212,6.24932294494199e-05,0.0235520121436662,0.000195737962910362,0.00159923065500114,0.00252800365950222,0.000193380621464012,0.000193380621464012,0.00302647160852136,0.1037388018196,0.32208508475184,3.5562654140713,1.88580630343397,0.424912390137156,0.651853043359588,1,0.0066538
213,6.31139163888405e-05,0.0226404911260049,0.000167615615327438,0.00172775531806031,0.00257316554391352,0.000206454974788883,0.000206454974788883,0.00312962331912936,0.10325176521004,0.321328127013557,3.53956937829886,1.88137433231637,0.422917975413653,0.650321440069181,1,0.0069279
214,6.2671782012199e-05,0.021710098471455,0.000160054001107899,0.00183426503648352,0.00264971109671578,0.000220272048993664,0.000220272048993664,0.00324940255882765,0.102769280344235,0.320576481271218,3.52302938381437,1.87697346380133,0.420942203508061,0.648800588399904,1,0.0067134
215,6.12497784765565e-05,0.020845334011957,0.000169981206535183,0.00191370067054317,0.00268311577220293,0.000234968181596518,0.000234968181596518,0.00332059790284756,0.102291283708921,0.319830085684447,3.50664325191928,1.87260333544488,0.418984807321423,0.64729035781589,1,0.0066852
216,5.89516997234756e-05,0.0201284791776182,0.000189626254835186,0.00196414833021493,0.00270528817548349,0.00025060844864111,0.00025060844864111,0.00336738974146846,0.101817712967098,0.319088879416219,3.49040884491648,1.86826359085555,0.417045525243524,0.645790620281468,1,0.0072637
217,5.58952578183542e-05,0.0196367017378732,0.000212121010908979,0.00198976550448275,0.0027734295031795,0.000267301750068949,0.000267301750068949,0.0034375366280112,0.101348506930956,0.318352802612065,3.47432406598441,1.86395387979006,0.415124103212447,0.644301251909731,1,0.0067494
218,5.22070251897446e-05,0.0194363834811573,0.000233316927626104,0.00199123470440668,0.00274000023016744,0.000285250058058573,0.000285250058058573,0.00341245593509035,0.100883605535519,0.31762179637978,3.45838685304345,1.85967385663278,0.413220284432793,0.642822125033662,1,0.0066402
219,4.80185854176981e-05,0.0195613939481793,0.00025104383545634,0.00196991966788938,0.00268354908484175,0.000304462566778518,0.000304462566778518,0.00335617479693458,0.100422949813008,0.31689580276963,3.44259518368667,1.85542318183391,0.411333819604523,0.641353116157178,1,0.006644
220,4.34638689045515e-05,0.0200150387772815,0.000264259443552356,0.0019313122652704,0.00261666475350327,0.00032493479959772,0.00032493479959772,0.00328186744695252,0.0999664818678998,0.316174764755032,3.42694707271834,1.85120152136885,0.409464464979682,0.639894104504552,1,0.00702
221,3.86775983409724e-05,0.0207772544737882,0.00027255258720056,0.00188384569518513,0.00255596371253926,0.00034672846375372,0.00034672846375372,0.00320766388160408,0.0995141448526422,0.315458626213712,3.41144057143504,1.84700854665999,0.407611983020568,0.63844497258618,1,0.0067267
222,3.37951929386377e-05,0.0218135030118194,0.000275883449809199,0.00183234604234393,0.00241732352221454,0.000369962642756239,0.000369962642756239,0.0030697140907297,0.0990658829440362,0.314747331909321,3.39607376446076,1.84284393383182,0.405776138604822,0.637005603275844,1,0.0066076
223,2.8954821083088e-05,0.0230758644387311,0.000274444100466596,0.0017805675959099,0.00223112492903293,0.000394642838107639,0.000394642838107639,0.00289598079581484,0.098621641320244,0.314040827473505,3.38084477173539,1.83870736435557,0.403956703994941,0.635575883742406,1,0.0069221
224,2.43032259547897e-05,0.0245163840829529,0.000268578473204538,0.00173574185927275,0.00202309518038758,0.000420749260876097,0.000420749260876097,0.00271321399726861,0.0981813661384154,0.313339059388413,3.36575174758269,1.83459852490475,0.402153459490228,0.634155706029859,1,0.0069654
225,2.00078530904832e-05,0.0260955659851482,0.000258732405372176,0.00170280105500028,0.00175275429151488,0.000448291048947169,0.000448291048947169,0.00249929184855042,0.0977450045129128,0.312641974969633,3.35079287868881,1.83051710690963,0.400366192223279,0.632744966177748,1,0.0066208
226,1.62778616637331e-05,0.0277791173504806,0.000245419395207707,0.00168172584971571,0.0014030815790383,0.000477208456709732,0.000477208456709732,0.00225663518875871,0.0973125044941165,0.311949522349557,3.33596638405922,1.82646280664546,0.398594697909714,0.63134356566747,1,0.0067014
227,1.33866665518017e-05,0.029536505939369,0.000229195590616445,0.00167197503986397,0.000997076792532081,0.000507346176398027,0.000507346176398027,0.00202685034021261,0.0968838150477953,0.311261650461144,3.32127051500223,1.82243532532769,0.396838782524072,0.629951412828063,1,0.0067232
228,1.1641011479425e-05,0.0313427652403838,0.000210641499780063,0.0016714714528746,0.000530980887228356,0.000538504288784658,0.000538504288784658,0.00184919159758453,0.0964588860350222,0.310578309022092,3.30670355405709,1.81843436891659,0.395098262479016,0.628568423068655,1,0.0068314
229,1.11886553383768e-05,0.0331756545693941,0.000190348212465275,0.00167499101566885,0.000187321890550939,0.000570415356269116,0.000570415356269116,0.00179229218638443,0.0960376681926211,0.309899448519389,3.29226381457348,1.81445964809733,0.393372965376383,0.627194519568198,1,0.0066266
230,1.17945046600476e-05,0.0350130583310368,0.000168908713955836,0.00167645909595001,0.000714531714269052,0.000602727796281233,0.000602727796281233,0.00192955299795568,0.0956201131141276,0.309225020194239,3.27794964026306,1.81051087825041,0.391662730179884,0.625829633510498,1,0.006892
231,1.29796992722478e-05,0.036830993254714,0.000146915273665731,0.00166626680298261,0.0014368641202229,0.000634998282455168,0.000634998282455168,0.00229695371742531,0.095206173231246,0.308554976027362,3.26375940491991,1.80658777946711,0.389967407856568,0.624473704695857,1,0.0075882
232,1.43285255308201e-05,0.0385963063700186,0.000124966529935269,0.00162786481050227,0.00231049973247663,0.000666585496479577,0.000666585496479577,0.00290825647237583,0.0947958017957894,0.307889268724633,3.24969151290713,1.80269007677613,0.388286863106494,0.623126683032026,1,0.007461
233,1.55846613894767e-05,0.040262843215219,0.000103692838265116,0.00155364964800309,0.00322364242266811,0.000696602581219175,0.000696602581219175,0.00364835675760103,0.0943889528620859,0.307227851703074,3.23574439615863,1.79881749940305,0.386620967758639,0.621788523341046,1,0.0072094
234,1.66111146911611e-05,0.0417847165098963,8.38173723232886e-05,0.00144490404954989,0.00415709298493843,0.000724168497058475,0.000724168497058475,0.00446187423410372,0.0939855812698374,0.30657067907717,3.22191651373198,1.79496978072946,0.384969598595506,0.620459183666021,1,0.0074573
235,1.73414716339505e-05,0.0431148251014763,6.62866579449111e-05,0.00129325424555072,0.00520641728679293,0.000748390043834757,0.000748390043834757,0.00541758542761124,0.0935856426274156,0.305917705645514,3.20820635558943,1.79114665943061,0.38333264301257,0.619138629882331,1,0.006881
236,1.77498585061996e-05,0.0441980126940084,5.24926684747232e-05,0.00110741062454002,0.0061692341676615,0.000768245585386129,0.000768245585386129,0.00631537317243951,0.0931890932955836,0.305268886877755,3.19461242986209,1.7873478760057,0.381709973982178,0.617826815525337,1,0.0070414
237,1.78345224604043e-05,0.0449876022376172,4.43282445451292e-05,0.0008904264025192,0.00724415934050576,0.00078287860796733,0.00078287860796733,0.00734094661624713,0.0927958903716278,0.304624178901853,3.18113327990275,1.78357317761362,0.380101475811887,0.616523702554806,1,0.0068732
238,1.76087826449065e-05,0.0454238602936588,4.30387497316417e-05,0.000665259267206084,0.00829400570573216,0.000791217760611751,0.000791217760611751,0.00835845609637469,0.0924059916738902,0.303983538491627,3.16776746723,1.77982231338693,0.378507015807151,0.615229238420242,1,0.0070605
239,1.70956835511648e-05,0.0454436978354636,4.73124477584539e-05,0.000525838862940507,0.00940355230657649,0.00079214721927956,0.00079214721927956,0.00945171453731596,0.0920193557266867,0.303346923054589,3.15451358383116,1.77609503795015,0.3769264616634,0.613943370078544,1,0.0066587
240,1.63245906962981e-05,0.0449788001238716,5.4307813345527e-05,0.000655095400876195,0.0103210141548484,0.000784471907865125,0.000784471907865125,0.0103716907110179,0.0916359417456026,0.302714290620054,3.1413702254484,1.77239110397463,0.375359637038391,0.61266600773863,1,0.0066025
241,1.5328858295773e-05,0.043980382857856,6.18613112802768e-05,0.00100979986949144,0.0111973400054873,0.000767348089481867,0.000767348089481867,0.0112691345873999,0.0912557096231519,0.302085599827519,3.12833602116601,1.76871027055479,0.373806363370636,0.611397058686608,1,0.0066721
242,1.41441533065067e-05,0.0423977622150093,6.88214650030203e-05,0.0014799172085715,0.0120391559506333,0.000739904606829711,0.000739904606829711,0.0121525280747532,0.090878619914792,0.301460809915306,3.1154096230783,1.76505230038044,0.372266450034352,0.610136419200126,1,0.0069156
243,1.2807220803015e-05,0.0401717573608154,7.46439151079414e-05,0.00203324801314087,0.0128436948089293,0.000701125672734726,0.000701125672734726,0.0130227459488237,0.0905046338252826,0.300839880709461,3.10258970525457,1.76141695951145,0.370739696482123,0.608883976207391,1,0.0071656
244,1.13550098786025e-05,0.0372358404011575,7.90972650804761e-05,0.00265821943316792,0.013525616099577,0.00064986916342491,0.00064986916342491,0.0137998971435773,0.0901337131953796,0.300222772612904,3.08987495415583,1.75780401471718,0.369225880957392,0.607639597917542,1,0.0069679
245,9.8242148693288e-06,0.0335364267855332,8.21165150447777e-05,0.0033197012721993,0.01383838755744,0.000585218085458639,0.000585218085458639,0.0142432730478282,0.0897658204888536,0.299609446594819,3.07726404769326,1.75421322754483,0.367724727256132,0.606403106238855,1,0.006806
246,8.25148627369929e-06,0.0290639541313629,8.37312049248724e-05,0.00398057949421474,0.0138676241723727,0.000507018098401257,0.000507018098401257,0.0144367727253383,0.0894009187798261,0.29899986418028,3.06475569148478,1.75064436465114,0.366235954662575,0.605174317583434,1,0.0069322
247,6.67498953391446e-06,0.0238361448297129,8.40274567251409e-05,0.00463057683983001,0.013774507397234,0.000415577534267353,0.000415577534267353,0.0145382073536126,0.089038971740412,0.298393987440116,3.05234862941185,1.74709720090551,0.364759305784807,0.603953065879135,1,0.0068961
248,5.13951998578166e-06,0.0178793135171902,8.31263367409056e-05,0.00525595843836608,0.0134372481420991,0.000311319884568562,0.000311319884568562,0.0144322226336124,0.0886799436286621,0.297791778980989,3.0400416119104,1.74357151040914,0.36329450879756,0.602739171447783,1,0.0071581
249,3.71317169972426e-06,0.011243944535477,8.11707799663652e-05,0.00584960197168623,0.0129806398318446,0.000194950313248121,0.000194950313248121,0.0142393808785443,0.0883237992767951,0.297193201935702,3.02783342374998,1.74006707449741,0.361841321917541,0.601532477857631,1,0.0068099
250,2.54620223681565e-06,0.00407688443398403,7.83157995978684e-05,0.00637762690687492,0.0121134353395319,6.74120590926641e-05,6.74120590926641e-05,0.013690165944137,0.0879705040797139,0.296598219953718,3.01572283973756,1.73658366908639,0.360399467312481,0.600332797132125,1,0.0068851
251,2.0157489049662e-06,0.00419398110343213,7.47214590720211e-05,0.00681979398570255,0.0111269417484099,-6.96149331811391e-05,-6.96149331811391e-05,0.0130510293885529,0.0876200239837949,0.29600679719188,3.00370868630979,1.73312108241455,0.358968725150892,0.599139987941793,1,0.0069637
252,2.43167997956142e-06,0.0123478307237166,7.05472364294402e-05,0.00717214588561186,0.0100183998341754,-0.000214322820056179,-0.000214322820056179,0.01232312620067,0.0872723254759462,0.295418898305349,2.99178981001269,1.72967910608086,0.357548897218644,0.597953925665385,1,0.0067605
253,3.36286066489614e-06,0.0209400566429866,6.59476796534369e-05,0.0074167275353758,0.00869803569297038,-0.000364729320485147,-0.000364729320485147,0.0114368528503666,0.0869273755729239,0.294834488438724,2.97996507084901,1.72625753317662,0.356139792363696,0.596774490376135,1,0.0069082
254,4.41352161877092e-06,0.0297453568346169,6.10701753683357e-05,0.0075491224669229,0.00735307506137832,-0.000518540473569917,-0.000518540473569917,0.0105513142892189,0.0865851418109025,0.294253533217364,2.96823336320879,1.72285616439934,0.354741265138954,0.595601599342173,1,0.0069176
255,5.44575162826968e-06,0.0386233914491043,5.60528598415254e-05,0.00756837063954451,0.00593908579021211,-0.000673500611145794,-0.000673500611145794,0.00964419845098469,0.0862455922352897,0.293675998738899,2.95659359711999,1.71947480269994,0.353353184554696,0.594435181121286,1,0.0068708
256,6.41220837144448e-06,0.0474376815379077,5.10234755026306e-05,0.00746979433069207,0.00447762082742725,-0.00082728492827,-0.00082728492827,0.00874843134238672,0.0859086953907812,0.293101851564915,2.94504470234628,1.71611325452206,0.351975438606041,0.593275179496026,1,0.0068503
257,7.29451643378143e-06,0.056050843255274,4.60992921513498e-05,0.00725365439872389,0.00302438338612842,-0.000977521709400797,-0.000977521709400797,0.00791969639569848,0.0855744203116467,0.292531058712826,2.9335856284912,1.71277132988943,0.350607935096665,0.592121554325347,1,0.0071212
258,8.08573459957757e-06,0.0643320127964401,4.13883886320282e-05,0.00693050806612615,0.00166184915079936,-0.00112194270923149,-0.00112194270923149,0.00721499515477818,0.0852427365122426,0.291963587647916,2.92221534332711,1.70944884197425,0.349250600695466,0.590974280908624,1,0.0071705
259,8.78447804380076e-06,0.0721641644398106,3.69893000505834e-05,0.00650834462835475,0.000347184441501221,-0.00125851659237464,-0.00125851659237464,0.00663828879945373,0.0849136139777442,0.291399406275552,2.91093282874623,1.70614560596282,0.347903365531736,0.589833337080684,1,0.0069334
260,9.39253947257404e-06,0.0794363356298673,3.29895465647192e-05,0.00599048938650813,0.000921483646105037,-0.0013853154821053,-0.0013853154821053,0.00621759179112329,0.0845870231550922,0.290838482933556,2.89973708193739,1.70286143944168,0.346566164196119,0.588698704089043,1,0.0076697
261,9.91367086556019e-06,0.0860465732710497,2.94706507526288e-05,0.00539358525851942,0.00200859164911258,-0.00150056718510161,-0.00150056718510161,0.00594824011120169,0.0842629349441466,0.290280786384746,2.88862711373671,1.69959616195634,0.345238941147824,0.587570371230395,1,0.0078326
262,1.0352844948943e-05,0.0919151695989908,2.64998191348538e-05,0.00473184085960597,0.00299892510957991,-0.00160288608844317,-0.00160288608844317,0.00582736719951565,0.0839413206890437,0.28972628580963,2.87760194902095,1.69634959516632,0.343921635445578,0.586448322911386,1,0.0075012
263,1.07158212900095e-05,0.0969738875247841,2.41150681628856e-05,0.00401381973724615,0.00388534988885198,-0.00169108563341425,-0.00169108563341425,0.00583712184048366,0.0836221521697501,0.289174950799252,2.8666606262946,1.69312156276347,0.342614184247348,0.585332541592681,1,0.0070437
264,1.10087650578304e-05,0.101166416774129,2.23168074591246e-05,0.00325305063923678,0.00462262656900139,-0.00176418649434806,-0.00176418649434806,0.00592193253108557,0.0833054015938086,0.288626751348188,2.85580219615442,1.68991189005652,0.341316522872602,0.584223007825438,1,0.0068862
265,1.12378924158883e-05,0.104454944137573,2.10679569846731e-05,0.00246725814230277,0.00519724729525398,-0.00182153110038996,-0.00182153110038996,0.00603514232237429,0.0829910415882708,0.288081657847685,2.84502572153852,1.68672040407962,0.340028582365393,0.58311969814558,1,0.0072444
266,1.14091910372296e-05,0.106821298515135,2.03004292589276e-05,0.00167153196333605,0.00563896114445929,-0.00186280349171586,-0.00186280349171586,0.00616995701134638,0.0826790451918117,0.287539641078951,2.83433027923338,1.68354693407501,0.338750288207527,0.582022583932554,1,0.0080459
267,1.15282435201092e-05,0.108261345620998,1.99240309788676e-05,0.000875067186517577,0.00598876187711577,-0.00188793160105449,-0.00188793160105449,0.00634049016338337,0.0823693858470218,0.287000672206568,2.82371496059136,1.68039131174598,0.337481561006308,0.580931631955351,1,0.0074572
268,1.1600117889513e-05,0.108782646061908,1.98204645693825e-05,0.00010573691435776,0.00615105149634102,-0.0018970466002588,-0.0018970466002588,0.00643831363318133,0.0820620373928708,0.286464722772056,2.81317886540961,1.67725336947332,0.336222316683882,0.579846804495707,1,0.0071641
269,1.16292246329863e-05,0.108415928635643,1.98762711109228e-05,0.000657508820249807,0.0061790688239748,-0.00189068323704955,-0.00189068323704955,0.00649570758074958,0.0817569740573406,0.285931764687557,2.80272110826763,1.67413294223238,0.334972466032181,0.578768058925319,1,0.006965
270,1.16192349105598e-05,0.10720841460427,2.0011638246896e-05,0.00135864969236436,0.00610687417399175,-0.00186966350747397,-0.00186966350747397,0.00653004907059492,0.0814541704502208,0.285401770229655,2.79234081765013,1.67102986737225,0.33373191589869,0.577695348690545,1,0.0070012
271,1.15730594750723e-05,0.105217079463793,2.0179746256954e-05,0.0020097751008023,0.00597319226511677,-0.00183497921546749,-0.00183497921546749,0.0065643789391379,0.0811536015560648,0.284874712033316,2.78203713600223,1.66794398467162,0.332500570610109,0.576628624515042,1,0.0068433
272,1.14928792715619e-05,0.102504177404072,2.03559173242247e-05,0.00260443683317385,0.00576073061108431,-0.00178771403437628,-0.00178771403437628,0.00657041113459657,0.0808552427273002,0.284350563085956,2.77180921701069,1.66487513556143,0.33127833168037,0.575567834125891,1,0.0068837
273,1.13801934104829e-05,0.0991383100188721,2.05359752567226e-05,0.00313918856633273,0.00550735922852909,-0.00172906226926051,-0.00172906226926051,0.0065711463981281,0.0805590696774914,0.283829296721624,2.761656227864,1.66182316383663,0.330065099743976,0.574512923913794,1,0.0069369
274,1.12359289633605e-05,0.0951898271657322,2.07312050373006e-05,0.00361304756008157,0.00521927479111197,-0.00166024877563231,-0.00166024877563231,0.00656168179062722,0.0802650584747496,0.283310886615304,2.7515773476735,1.65878791521807,0.328860774670953,0.573463839026449,1,0.0069211
275,1.10605588097743e-05,0.0907303113495695,2.09601472953092e-05,0.00402430139057068,0.00489350920904017,-0.00158252005499193,-0.00158252005499193,0.00653066635917432,0.0799731855352863,0.282795306777334,2.74157176695325,1.6557692372288,0.327665255665665,0.572420523449033,1,0.0070125
276,1.08542273485972e-05,0.0858326366642312,2.12462085307475e-05,0.00437322569074626,0.00455440941890216,-0.00149714535037582,-0.00149714535037582,0.00648941502869012,0.0796834276171071,0.282282531547928,2.73163868849511,1.65276697949079,0.326478442709423,0.571382921261585,1,0.0070314
277,1.061690031343e-05,0.0805684716318552,2.16115322446156e-05,0.00466044174220048,0.00419720248219614,-0.00140537314754186,-0.00140537314754186,0.00642760937134253,0.0793957618138421,0.281772535591818,2.7217773261329,1.64978099338455,0.325300235987415,0.570350976143124,1,0.0068522
278,1.03484829045308e-05,0.0750099031085066,2.20706808465718e-05,0.00488404416219246,0.003808475165715,-0.00130845951524927,-0.00130845951524927,0.00633031517282072,0.0791101655487099,0.28126529389299,2.71198690435864,1.64681113196342,0.324130535518862,0.569324631048809,1,0.006865
279,1.00489289339458e-05,0.0692300985543109,2.26327926508251e-05,0.00504606154218327,0.00343360631304124,-0.00120767966810931,-0.00120767966810931,0.00622197516776337,0.0788266165686105,0.280760781749536,2.70226665994508,1.64385725047678,0.322969243962535,0.568303830677337,1,0.0068768
280,9.71840278118114e-06,0.0632974962361716,2.32983492260606e-05,0.00515112007183738,0.00307436871381704,-0.00110422665221166,-0.00110422665221166,0.00609974509155319,0.0785450929383457,0.280258974768598,2.69261584046989,1.64091920595436,0.321816265466461,0.567288520478302,1,0.0070047
281,9.35739798409363e-06,0.0572747742836533,2.40573720866296e-05,0.00520502291001354,0.00274405629606229,-0.000999193342450022,-0.000999193342450022,0.00596842036734591,0.0782655730349621,0.279759848861416,2.68303370446124,1.63799685728064,0.320671506381995,0.566278647294771,1,0.0069032
282,8.9668312382e-06,0.0512187867058681,2.48878521968926e-05,0.00521032249421887,0.00241090303857217,-0.000893571291235018,-0.000893571291235018,0.00581031291508919,0.0779880355422155,0.279263380238469,2.67351952026009,1.63509006487719,0.319534873226721,0.565274157579064,1,0.0069092
283,8.54806451702742e-06,0.0451842153911182,2.57610079561366e-05,0.00517016802778462,0.00210001647511023,-0.000788314374561949,-0.000788314374561949,0.00563589871378956,0.0777124594451513,0.278769545404715,2.66407256705548,1.63219869104698,0.31840627507289,0.56427499951078,1,0.0069096
284,8.10298809754497e-06,0.0392207201365176,2.66445447120708e-05,0.00508927969185385,0.00181321434312254,-0.00068428903191875,-0.00068428903191875,0.0054459041404839,0.077438824024801,0.27827832115492,2.65469213427666,1.62932259981769,0.317285622806324,0.563281122359274,1,0.0072319
285,7.63409521022488e-06,0.0333711157453569,2.75059639380273e-05,0.0049761029404097,0.00158390347066171,-0.000582242378197595,-0.000582242378197595,0.00525455964365445,0.0771671088529887,0.277789684569079,2.64537752191217,1.62646165706793,0.316172830765948,0.562292477956044,1,0.0071583
286,7.14457149139535e-06,0.0276694340130892,2.83101625608599e-05,0.00483396823850071,0.00135113256741565,-0.000482768236216291,-0.000482768236216291,0.00504250681851402,0.0768972937872476,0.277303613007922,2.63612803906239,1.62361573011054,0.31506781247609,0.56130901692035,1,0.0069461
287,6.63817781549493e-06,0.0221494179408647,2.9022538275832e-05,0.00466204966383049,0.00111474897508961,-0.000386455013565268,-0.000386455013565268,0.00480912705427226,0.0766293589658428,0.27682008410851,2.62694300452804,1.62078468789906,0.313970482692123,0.56033069047851,1,0.0076975
288,6.1193435549248e-06,0.0168410355853746,2.96176345037796e-05,0.00447215385285284,0.000985294219118154,-0.000293824213112526,-0.000293824213112526,0.00458892963240275,0.0763632848028969,0.276339075779914,2.61782174777022,1.61796840135097,0.312880762811085,0.559357455310184,1,0.0075306
289,5.59353478663214e-06,0.0117604448976598,3.0070323694942e-05,0.00426781675504024,0.000827488349395489,-0.000205152992761137,-0.000205152992761137,0.00435224808353516,0.076099051983618,0.275860566198973,2.608763606574,1.61516674265353,0.311798570576263,0.558389264381276,1,0.0073231
290,5.06699579045216e-06,0.00692767855647953,3.03577713005981e-05,0.00404550601669975,0.000659843567564638,-0.000120771600092828,-0.000120771600092828,0.00410086322073433,0.0758366414596251,0.27538453380614,2.59976792798953,1.61237958557826,0.310723825394387,0.557426071685194,1,0.0070026
291,4.54690426682199e-06,0.00237342077037478,3.046383802207e-05,0.00380455423155546,0.00049591842662799,-4.10491853832795e-05,-4.10491853832795e-05,0.00383708647997869,0.075576034444371,0.274910957301398,2.59083406817937,1.60960680545883,0.309656448359299,0.556467832277212,1,0.006874
292,4.04178004142134e-06,0.00195653017158603,3.03791159044469e-05,0.00354878342421817,0.000368261693907695,3.36684715780411e-05,3.36684715780411e-05,0.00356813477499081,0.0753172124086585,0.274439815640257,2.58196139236912,1.60684827920035,0.308596363242825,0.555514503179553,1,0.0071395
293,3.56230563858204e-06,0.00592098595711336,3.0100052491e-05,0.00328721692651044,0.000303712027983463,0.000103164134554135,0.000103164134554135,0.00330297352719017,0.0750601570762491,0.27397108802983,2.57314927468061,1.60410388525201,0.307543496579553,0.55456604347864,1,0.0072961
294,3.12244124852365e-06,0.0095982856341313,2.96260240627045e-05,0.00302637853748257,0.000266865976260554,0.000167398062744351,0.000167398062744351,0.00304288275619206,0.0748048504195603,0.273504753924973,2.56439709775698,1.60137350351409,0.306497775249339,0.553622412163144,1,0.0071813
295,2.7401965499863e-06,0.0129778165829158,2.89590656694673e-05,0.00276691259103708,0.000226038328178771,0.000226402979791152,0.000226402979791152,0.00278550705409576,0.0745512746554517,0.273040793024507,2.55570425254103,1.59865701529159,0.305459126195678,0.552683567871959,1,0.0069389
296,2.43735456708182e-06,0.0160592220178292,2.81051935193728e-05,0.00250750784624847,0.000181717359996759,0.000280194944314083,0.000280194944314083,0.00252981680171123,0.0742994122410952,0.272579185267502,2.54707013817424,1.5959543032851,0.304427477356939,0.551749469738702,1,0.0069737
297,2.236328605355e-06,0.0188431175107281,2.70748991610216e-05,0.00225072170816859,0.000166309177975099,0.000328790423336889,0.000328790423336889,0.00228085584817781,0.0740492458699299,0.272119910829638,2.53849416195919,1.593265251601,0.303402758898074,0.550820078517544,1,0.0069645
298,2.15211062821459e-06,0.0213345744078658,2.58817052904888e-05,0.00199990260520619,0.000168863245963508,0.000372279890744842,0.000372279890744842,0.00204143347271148,0.0738007584676974,0.271662950119624,2.52997573915882,1.59058974571032,0.302384901845618,0.549895355359198,1,0.0070312
299,2.1822236543677e-06,0.0235419283797531,2.45415194253593e-05,0.00175768975323572,0.000189512652182021,0.000410809589356464,0.000410809589356465,0.00181516422321294,0.0735539331885571,0.271208283775694,2.52151429285669,1.58792767242614,0.301373838348493,0.548975262055125,1,0.0074655
300,2.30542637355687e-06,0.0254773708634178,2.30723691174176e-05,0.00152886504530246,0.000246637202173079,0.000444592579216474,0.000444592579216474,0.00161137269555059,0.0733087534112796,0.270755892662154,2.51310925386891,1.58527891989672,0.300369502286522,0.548059761601344,1,0.0071572
301,2.49157123682029e-06,0.0271567312732284,2.14942282613501e-05,0.00131163381663444,0.000271936991575424,0.000473905207494463,0.000473905207494463,0.00142107456316207,0.0730652027355153,0.270305757866005,2.50476006039909,1.58264337751721,0.299371826432879,0.547148815618639,1,0.0070118
302,2.71194039471122e-06,0.028591189878213,1.98292565673456e-05,0.00110317754583228,0.000295724854821553,0.000498942712356065,0.000498942712356065,0.0012465415441009,0.0728232649781373,0.26985786069362,2.49646615805958,1.5800209359561,0.298380745136606,0.546242386799675,1,0.0073158
303,2.94444125087653e-06,0.0297920739673096,1.81002568614732e-05,0.000906876913178967,0.00035334770842971,0.000519902876514378,0.000519902876514378,0.00110362366849019,0.0725829241696572,0.269412182667483,2.48822699984151,1.57741148716545,0.297396194725451,0.545340439290405,1,0.0071826
304,3.17380830693847e-06,0.0307746031042182,1.63307341574875e-05,0.000723287356376611,0.000401026233322047,0.00053705134503379,0.00053705134503379,0.000986275475148111,0.0723441645507112,0.268968705522987,2.48004204580499,1.57481492430221,0.296418111285042,0.544442936665581,1,0.0072135
305,3.3897678881227e-06,0.0315528016158035,1.45450721999436e-05,0.000551896013457372,0.000454406743125377,0.000550632926642258,0.000550632926642258,0.000902534510128812,0.0721069705686154,0.268527411205291,2.47191076307962,1.57223114174717,0.295446432100004,0.543549843252671,1,0.0072059
306,3.5856116097072e-06,0.0321409249901567,1.27681257740542e-05,0.000392934168724064,0.000510231666335626,0.000560896466567984,0.000560896466567984,0.00085416110230346,0.0718713268739887,0.268088281866233,2.46383262571528,1.56966003507616,0.294481095206945,0.542661123729114,1,0.0074616
307,3.7571127857827e-06,0.0325539066140108,1.10251091397077e-05,0.000248129950027544,0.000583595126413835,0.000568102632424683,0.000568102632424683,0.000851532621533478,0.0716372183174419,0.267651299861297,2.45580711463838,1.56710150106443,0.293522039879369,0.541776743575588,1,0.0071039
308,3.901797852369e-06,0.0328075572448479,9.34449439145854e-06,0.000115092541113835,0.000628471964448409,0.000572527389417266,0.000572527389417266,0.00085801893027426,0.0714046299463308,0.267216447746636,2.44783371730578,1.56455543759426,0.292569205017345,0.54089666759682,1,0.0070368
309,4.01835441782819e-06,0.032913581358274,7.75935309812421e-06,1.33858731963639e-05,0.000677903098497125,0.000574375104398506,0.000574375104398506,0.000888707695032556,0.0711735470015729,0.266783708276148,2.43991192789638,1.56202174373354,0.29162253095574,0.540020861593087,1,0.0073489
310,4.10643119413452e-06,0.0328845299159102,6.30915171544288e-06,0.000119876307994548,0.000753980258589187,0.000573864897766674,0.000573864897766674,0.000955156616639096,0.0709439549145254,0.266353064398601,2.43204124720099,1.55950031971814,0.290681959408854,0.53914929231972,1,0.0070419
311,4.16643237463072e-06,0.0327353665163518,5.05226378646674e-06,0.000219000672773929,0.00080577981543569,0.000571257941729852,0.000571257941729852,0.00101178782508412,0.0707158393039236,0.265924499254814,2.4242211821737,1.55699106682527,0.289747431702196,0.538281925855027,1,0.0084703
312,4.19929308130564e-06,0.0324809297590201,4.07477891239518e-06,0.00029939952123471,0.000944956126189013,0.000566813218657813,0.000566813218657813,0.00114192427890834,0.0704891859728778,0.265497996174882,2.4164512466667,1.55449388762603,0.288818892561431,0.537418731122605,1,0.0074369
313,4.20642287360117e-06,0.0321437523086029,3.49701144558908e-06,0.000366799704054928,0.000977996405527064,0.00056092383507278,0.00056092383507278,0.00118565845552912,0.0702639809059283,0.265073538675456,2.40873095963514,1.55200868542516,0.287896283253707,0.536559673525422,1,0.0074129
314,4.18949309351577e-06,0.0317324330644789,3.39838083299616e-06,0.000428468636952227,0.00101548747134956,0.000553739984443302,0.000553739984443302,0.00123351650538077,0.0700402102661564,0.264651110457063,2.40105984677503,1.54953536480296,0.286979547675004,0.535704720601755,1,0.0078446
315,4.1504315244241e-06,0.0312552869885394,3.69763191627841e-06,0.000480323188836051,0.00108868322913089,0.000545406922550784,0.000545406922550784,0.00130902675756219,0.0698178603923503,0.264230695401481,2.39343744000289,1.54707383146471,0.286068631240503,0.534853841007525,1,0.0075822
316,4.0913588119008e-06,0.030724460066063,4.21155622772571e-06,0.000523131091503571,0.00113693971804733,0.000536136668617404,0.000536136668617404,0.00136157595495061,0.069596917796225,0.263812277569155,2.3858632767557,1.54462399203033,0.285163478856455,0.534007002628669,1,0.0072154
317,4.0145499493839e-06,0.0301478357152861,4.78905524632696e-06,0.000561276317715022,0.00116522791559202,0.000526066923540736,0.000526066923540736,0.00139631321241184,0.0693773691596947,0.263395841196657,2.37833690032962,1.54218575415857,0.284264036030306,0.533164173618507,1,0.0072518
318,3.92237810022251e-06,0.0295302297145385,5.34605274517781e-06,0.000594494638653507,0.0012106068225335,0.000515281915275168,0.000515281915275167,0.00144383988336067,0.0691592013321968,0.262981370694194,2.37085786002882,1.5397590266106,0.283370249683651,0.532325323165873,1,0.0073376
319,3.817219191025e-06,0.0288786489206585,5.84211877922148e-06,0.000620634164682719,0.00126859734149,0.00050390404648315,0.00050390404648315,0.00149953939952516,0.0689424013280663,0.262568850643153,2.36342571077675,1.5373437191392,0.282482067433136,0.53149042082914,1,0.0074382
320,3.70140313755502e-06,0.0282019480110182,6.25867440375149e-06,0.000638713479316657,0.00133196785683829,0.000492087899080396,0.000492087899080396,0.00155705606110412,0.0687269563239589,0.262158265793697,2.3560400130069,1.53493974246773,0.281599437484304,0.5306594364414,1,0.0071572
321,3.57720623728374e-06,0.0275085726627509,6.58448609778173e-06,0.000651298173048427,0.00137326222759803,0.00047998090618151,0.00047998090618151,0.00159392759558205,0.0685128536563229,0.261749601062395,2.34870033240751,1.53254700822112,0.280722308073546,0.529832339588238,1,0.0078152
322,3.44683797621318e-06,0.0268053470880823,6.8248934918052e-06,0.000654968789060066,0.00146144381742931,0.000467702232058054,0.000467702232058054,0.00166845327619697,0.0683000808189178,0.261342841529891,2.34140624064145,1.53016542917472,0.279850629582789,0.529009101606758,1,0.0073978
323,3.31232398994364e-06,0.0261032290755343,6.97935411661345e-06,0.000651993414777315,0.00150431760953993,0.000455443058132277,0.000455443058132277,0.00170167163327502,0.0680886254603793,0.260937972438622,2.33415731387689,1.5277949187888,0.278984351187584,0.528189692428378,1,0.0071035
324,3.17570905190012e-06,0.0254063046890734,7.04382956363427e-06,0.000647762384655301,0.00153063096525975,0.000443274801995575,0.000443274801995575,0.00172020682141057,0.067878475381829,0.260534979190567,2.32695313376959,1.52543539154223,0.278123422994051,0.527374082596075,1,0.0070214
325,3.03896954046667e-06,0.0247154357008483,7.02506419123558e-06,0.000642550918706891,0.00156692222035435,0.000431212689232963,0.000431212689232963,0.0017476418130808,0.0676696185345287,0.260133847345033,2.31979328737107,1.52308676291637,0.277267796233189,0.526562243455785,1,0.0073838
326,2.90387872479635e-06,0.024033709540212,6.9418437381454e-06,0.000632016817918466,0.00163900939001848,0.000419310697041153,0.000419310697041153,0.00180604721117207,0.0674620430175775,0.259734562616486,2.31267736704725,1.52074894938226,0.276417423488305,0.525754147380983,1,0.0080567
327,2.77191667997208e-06,0.0233704809871167,6.81996873728915e-06,0.000610243480508011,0.00174849934397938,0.000407731966675762,0.000407731966675762,0.00189633251589715,0.0672557370756512,0.259337110872415,2.30560497019413,1.51842186832057,0.275572258337039,0.524949767441647,1,0.0077375
328,2.64437373884192e-06,0.0227384290846865,6.66131673322142e-06,0.000581203551696277,0.00180228228495939,0.000396697530511414,0.000396697530511414,0.00193483037736918,0.0670506890967834,0.258941478131224,2.29857569816174,1.51610543767963,0.274732252919509,0.524149075091723,1,0.007924
329,2.52262630448739e-06,0.022142680623634,6.46747512011065e-06,0.000548444847806202,0.00186209010487877,0.000386296824604448,0.000386296824604448,0.00197928595869985,0.0668468876101863,0.258547650560175,2.29158915779521,1.51379957649459,0.273897361056039,0.52335204313735,1,0.0072725
330,2.4080164380405e-06,0.0215856825983504,6.22987623362573e-06,0.000517787839024709,0.0018675450393774,0.000376572595126357,0.000376572595126357,0.001974286525966,0.0666443212841124,0.258155614473349,2.28464496003767,1.5115042044393,0.27306753555675,0.522558643174859,1,0.0074781
331,2.3018955874648e-06,0.0210633723622404,5.95832177353747e-06,0.000488870414017092,0.00191249043803255,0.000367454140469903,0.000367454140469903,0.00200793502005052,0.0664429789237535,0.257765356329654,2.27774272158379,1.50921924238455,0.272242731793146,0.521768849006095,1,0.0073594
332,2.20536550281056e-06,0.0205759163876228,5.67015407435974e-06,0.000459497612973488,0.00195694127288201,0.000358944404269534,0.000358944404269534,0.00204199891919823,0.0662428494691785,0.257376862730857,2.27088206329516,1.50694461188697,0.27142290495263,0.520982634022124,1,0.007431
333,2.11935442469062e-06,0.0201241359098859,5.3789373042719e-06,0.000428710589266238,0.00201465490935124,0.000351057680743061,0.000351057680743061,0.00208950348603675,0.0660439219933086,0.256990120419655,2.2640626107508,1.50468023538252,0.270608011127061,0.520199972248231,1,0.0070305
334,2.04461558580327e-06,0.0197089832597837,5.08078374709309e-06,0.000399486858527705,0.00204217383742742,0.00034381050799337,0.00034381050799337,0.00210912791045856,0.065846185699928,0.25660511627777,2.25728399349832,1.5024260359493,0.269798005764648,0.519420836860294,1,0.0075593
335,1.98171850019003e-06,0.0193294643514096,4.80480280978887e-06,0.000367089453916587,0.00213181458023103,0.000337185483202829,0.000337185483202829,0.00218934436323789,0.0656496299217309,0.256221837324087,2.25054584663184,1.50018193784349,0.268992847240472,0.518645203622353,1,0.0075536
336,1.93097859571786e-06,0.0189921132392442,4.57146096623994e-06,0.000329206534642028,0.00220859216031359,0.000331296363185185,0.000331296363185185,0.00225746683576411,0.0654542441184035,0.255840270712809,2.243847808684,1.49794786580975,0.268192492842083,0.517873047031879,1,0.007594
337,1.89257791029532e-06,0.0187020139168694,4.37791948633424e-06,0.000287822078417576,0.00227868985875507,0.000326231629194096,0.000326231629194096,0.00231987852697987,0.0652600178747394,0.255460403731653,2.23718952255092,1.49572374539917,0.267396900362121,0.517104341851933,1,0.0074451
338,1.86652699874868e-06,0.0184620001173476,4.21300849623681e-06,0.000245706594810913,0.00232945672494321,0.000322040565523762,0.000322040565523762,0.00236444265282488,0.0650669408987889,0.25508222380007,2.23057063517825,1.49350950287511,0.266606027535469,0.516339062569809,1,0.0072649
339,1.85259296294117e-06,0.0182713426415031,4.06233173570499e-06,0.000205543217953777,0.00236939514662228,0.00031871038051845,0.00031871038051845,0.00239958233594545,0.0648750030200416,0.254705718467493,2.22399079778243,1.49130506529765,0.265819832515039,0.51557718385809,1,0.0075479
340,1.85027617287421e-06,0.0181289126201328,3.94574890967604e-06,0.000163613941212043,0.00244982280309128,0.000316221319894172,0.000316221319894172,0.00247558782355136,0.0646841941876398,0.254330875411618,2.21744966640229,1.48911036071954,0.265038275410007,0.514818682071666,1,0.0073004
341,1.85892910975246e-06,0.0180378565646021,3.8567982788764e-06,0.000120842214705912,0.00249963659528707,0.000314628127197292,0.000314628127197292,0.00252228386667975,0.0644945044686245,0.253957682436709,2.21094690011348,1.48692531759785,0.264261314740503,0.514063531813435,1,0.0070152
342,1.87765639389578e-06,0.0179966632536854,3.76599571722109e-06,8.18422638080791e-05,0.00252917215190508,0.000313904373747453,0.000313904373747453,0.00254991903681651,0.064305924046212,0.253586127471934,2.20448216210755,1.48474986516502,0.26348890924938,0.513311707687814,1,0.0069789
343,1.90532308318833e-06,0.0180012128057584,3.67494078878009e-06,4.64957141545446e-05,0.00257709534601979,0.000313978174466989,0.000313978174466989,0.00259659560843036,0.0641184432180995,0.253216198569719,2.19805512006732,1.48258393356576,0.262721019030494,0.512563185403024,1,0.007076
344,1.94076911363811e-06,0.0180509391609436,3.6036677704742e-06,2.03000335524704e-05,0.00264889357823614,0.000314839575134673,0.000314839575134673,0.00266764343157561,0.063932052394802,0.252847883904141,2.19166544563783,1.48042745368958,0.261957604844103,0.511817941111977,1,0.0070057
345,1.9829323091162e-06,0.0181489940830464,3.55204731192539e-06,4.41726669481069e-05,0.00271243908724785,0.000316543411899017,0.000316543411899017,0.00273123237474114,0.0637467420980169,0.252481171769336,2.18531281379433,1.47828035696695,0.261198626773449,0.51107595010277,1,0.0070314
346,2.03078703943129e-06,0.0182983819960108,3.51543556803686e-06,8.68240060323657e-05,0.00277873557217221,0.000319141962292768,0.000319141962292768,0.0027983783803927,0.0635625029590172,0.252116050577938,2.1789969034392,1.47614257557975,0.260444045359805,0.510337187906001,1,0.0069935
347,2.08339211201702e-06,0.0185028093789116,3.4879835167833e-06,0.000134360243475935,0.00283718324710204,0.000322699755560096,0.000322699755560096,0.00285866488725318,0.0633793257170729,0.25175250885954,2.17271739700844,1.4740140423376,0.259693820910207,0.509601629618869,1,0.0069424
348,2.13985901424139e-06,0.0187655462622632,3.46158569017347e-06,0.000185110397820389,0.00288680981196854,0.000327273727578348,0.000327273727578348,0.00291122363174541,0.0631972012178991,0.251390535259184,2.16647398056653,1.47189469071891,0.258947913689369,0.508869250092171,1,0.0071114
349,2.19939546063447e-06,0.0190904794951134,3.44388510991438e-06,0.000241427056954505,0.002952041911296,0.000332931574797968,0.000332931574797968,0.00298058247525906,0.063016120412131,0.251030118535866,2.16026634418632,1.46978445500907,0.25820628487864,0.508140024873696,1,0.0070884
350,2.26141371448505e-06,0.019484387331292,3.43151618077765e-06,0.000303568674036047,0.00299720888607529,0.000339791393090705,0.000339791393090705,0.00303167895798724,0.0628360743538252,0.250671247561074,2.15409418089172,1.4676832699502,0.257468894594248,0.507413928261974,1,0.0069699
351,2.32532074542024e-06,0.0199521748116677,3.40854219429392e-06,0.000368891986001708,0.00301390795700287,0.00034793863077387,0.00034793863077387,0.00305630568254054,0.0626570541989864,0.250313911317343,2.14795718704589,1.46559107088092,0.256735702483334,0.506690933887053,1,0.007247
352,2.39053652663076e-06,0.0204977107025842,3.38672576873194e-06,0.000440544566515094,0.00305269779229657,0.000357440675927023,0.000357440675927023,0.00310500360567612,0.0624790512041192,0.249958098896833,2.14185506333566,1.46350779408094,0.256006669921691,0.50597101687912,1,0.0070127
353,2.45669786478536e-06,0.0211280873048779,3.35495021707715e-06,0.000516385092781948,0.00303604262403154,0.000368421097216354,0.000368421097216354,0.00310164564224361,0.0623020567248045,0.249603799499936,2.13578751250527,1.46143337600633,0.255281755913249,0.505254149822887,1,0.0073296
354,2.52333197593345e-06,0.0218469341018173,3.32041883645735e-06,0.000598218293224556,0.00303791373844493,0.00038094309872605,0.00038094309872605,0.00311964626221659,0.0621260622143004,0.249251002433893,2.12975424193941,1.45936775417967,0.254560921904887,0.504540307512578,1,0.0079088
355,2.59036161549792e-06,0.0226642346129506,3.3140320058641e-06,0.000693082705649552,0.00305906395389698,0.000395180636075354,0.000395180636075354,0.00316144360719602,0.0619510592221664,0.24889969711144,2.1237549623698,1.4573108667576,0.253844130066595,0.503829465262399,1,0.0070795
356,2.65786205016964e-06,0.023591181016299,3.28474254900887e-06,0.000789133847871861,0.00292370030649369,0.000411328722667248,0.000411328722667248,0.0030561915039458,0.0617770393929105,0.248549873049476,2.11778938477973,1.45526265147558,0.253131337641135,0.503121593296426,1,0.006978
357,2.72497641604343e-06,0.0246212464728222,3.20380198213189e-06,0.000879018021462265,0.00277210870789199,0.000429273502783545,0.000429273502783545,0.00293971731637344,0.0616039944646598,0.248201519867747,2.1118572258362,1.45322304751755,0.252422506245079,0.502416665970666,1,0.0069308
358,2.79089643649884e-06,0.0257481540601487,3.09238885639326e-06,0.000965940659514222,0.00260752871774544,0.000448905483295459,0.000448905483295459,0.002816774068639,0.0614319162678529,0.247854627287555,2.10595820546854,1.45119199469558,0.251717599071193,0.501714659015653,1,0.0070573
359,2.85510096481522e-06,0.0269692833007177,2.97380113904163e-06,0.00105322625910594,0.00242604367503504,0.000470178913259511,0.000470178913259511,0.0026863640070042,0.061260796723954,0.24750918513048,2.10009204672504,1.44916943340834,0.251016581106905,0.501015549765579,1,0.0069658
360,2.9173070511657e-06,0.0282842092513892,2.85314691339761e-06,0.00114030298600387,0.00219060533875707,0.000493086326310288,0.000493086326310288,0.00251848211602483,0.0610906278441889,0.247165183317127,2.09425847532512,1.447155304494,0.250319418853241,0.500319316889965,1,0.0068687
361,2.97715831653579e-06,0.029689952101065,2.72823062072715e-06,0.00122462217553729,0.00189875953948621,0.000517575734408138,0.000517575734408138,0.00231808579855268,0.0609214017283016,0.246822611865894,2.08845722019547,1.4451495494223,0.249626081675797,0.499625941756228,1,0.0070094
362,3.03427680268201e-06,0.0311810897428892,2.61049775613693e-06,0.0013049886533281,0.00155760040935009,0.000543552607227937,0.000543552607227937,0.00210363919994279,0.0607531105633317,0.246481460891751,2.08268801357973,1.44315211034032,0.248936542592212,0.498935409238723,1,0.0070293
363,3.08842949392357e-06,0.0327505742070658,2.50830059897152e-06,0.00137897671738283,0.00114831237132537,0.000570894130599964,0.000570894130599964,0.00188333390492352,0.0605857466224121,0.246141720605045,2.07695059080663,1.44116293000016,0.248250778544318,0.498247708017125,1,0.0067971
364,3.13930103741592e-06,0.0343873902671525,2.41884898871256e-06,0.00144258964406983,0.000664079807979893,0.000599408379263422,0.000599408379263422,0.00169773096401445,0.0604193022635864,0.24580338131032,2.07124469050851,1.43918195184227,0.247568771217737,0.497562831427084,1,0.0069441
365,3.18640352584841e-06,0.0360757057307911,2.35521276354502e-06,0.00149170709662753,0.000106656674421789,0.000628819502797584,0.000628819502797584,0.00162266069864045,0.0602537699286455,0.245466433405151,2.06557005473459,1.43720912004294,0.246890507588096,0.496880778042476,1,0.0074575
366,3.22951022479812e-06,0.0377939685097025,2.34132571179494e-06,0.00151952607769223,0.000555349193841808,0.000658752082115743,0.000658752082115743,0.00174714017896259,0.0600891421419837,0.245130867379006,2.05992642904542,1.43524437955542,0.24621598046279,0.496201552257538,1,0.0075226
367,3.2687012169169e-06,0.0395120503544851,2.38077980809872e-06,0.00151916937043558,0.00129953597558823,0.000688681381785461,0.000688681381785461,0.00211477068330758,0.0599254115094734,0.244796673812112,2.05431356267815,1.43328767617605,0.245545188579457,0.495525164426043,1,0.0074437
368,3.30382616073301e-06,0.0411932252635407,2.46713876343625e-06,0.00148594392450483,0.00211492484734241,0.000717967707932976,0.000717967707932976,0.00268288151371583,0.0597625707173577,0.244463843374348,2.04873120842591,1.43133895651097,0.244878135990035,0.494851630279253,1,0.0073056
369,3.33445290669825e-06,0.0427963721045634,2.5963142100976e-06,0.00141654922732642,0.0029914701991233,0.000745894763894639,0.000745894763894639,0.00339314593041506,0.059600612531162,0.244132366824151,2.04317912253163,1.42939816794749,0.244214831026204,0.494180969915075,1,0.006956
370,3.35996848800592e-06,0.0442783019031039,2.76368733232517e-06,0.00131137316121959,0.00389464252015947,0.000771710219026223,0.000771710219026223,0.00418152867101851,0.0594395297946218,0.243802235007437,2.03765706405231,1.4274652584397,0.243555283632204,0.493513205124447,1,0.0068583
371,3.3796476181791e-06,0.045595863495807,2.9670393670438e-06,0.00116681034072379,0.0048668104269483,0.000794662411519487,0.000794662411519487,0.00506760344689288,0.0592793154286293,0.24347343885654,2.0321647961724,1.42554017697587,0.242899506168438,0.49284836021685,1,0.0068399
372,3.39293180336936e-06,0.0466987686933657,3.20085022322272e-06,0.000974903401027388,0.00590644414036115,0.000813875419758858,0.000813875419758858,0.00604159273990198,0.0591199624301962,0.243145969389164,2.02670208570108,1.42362287341173,0.242247511073409,0.492186459660777,1,0.0068246
373,3.39944199573625e-06,0.0475282015030389,3.45393022949907e-06,0.000728948723904073,0.00698652959299642,0.00082832483115991,0.00082832483115991,0.00707326621094973,0.0589614638714331,0.242819817707355,2.02126870217667,1.42171329816411,0.241599307542878,0.491527524705258,1,0.0070868
374,3.3989388452695e-06,0.0480161914696404,3.71229736063562e-06,0.0004163428700927,0.00815153033656342,0.000836826797038115,0.000836826797038115,0.00820506707187282,0.0588038128985457,0.242494974996485,2.0158644204145,1.41981140311469,0.240954904433844,0.490871576314868,1,0.0069082
375,3.3913221496097e-06,0.0480848680638776,3.96187840049423e-06,4.74016402942486e-05,0.00921655193505782,0.000838025015651667,0.000838025015651667,0.00925480557514803,0.0586470027308469,0.242171432524249,2.01048901036386,1.41791713804575,0.240314291819675,0.490218616353638,1,0.0071355
376,3.37640269554481e-06,0.0476633585772486,4.18932249739495e-06,0.000405831715843223,0.0103136068165052,0.000830684999032272,0.000830684999032272,0.0103550587858049,0.0584910266597846,0.241849181639683,2.00514225030237,1.41603045528773,0.239677459470331,0.489568646330962,1,0.007656
377,3.35416090708313e-06,0.0466668311004061,4.37957474365876e-06,0.000935489974018202,0.0114844972104662,0.000813329042520183,0.000813329042520183,0.0115512874530209,0.0583358780479847,0.24152821377219,1.99982392452502,1.41415130892172,0.239044395409387,0.488921665923476,1,0.0069877
378,3.32466746778835e-06,0.0450077277505634,4.52343863639245e-06,0.0015150599559943,0.0121802099103941,0.000784431834861099,0.000784431834861099,0.0122991875260262,0.0581815503283103,0.241208520430582,1.99453378522737,1.41227964129891,0.238415024940202,0.488277610525204,1,0.0070718
379,3.28762973989113e-06,0.0426525382511393,4.61367324117692e-06,0.00212334623481894,0.0128330295480298,0.000743409202909884,0.000743409202909884,0.0130287931368965,0.0580280370029343,0.240890093202137,1.9892716109905,1.41041540369867,0.23778929111027,0.487636433329453,1,0.0068002
380,3.24282554849809e-06,0.0395740235148697,4.64716190748282e-06,0.00274856007711093,0.0132514628740931,0.000689785960490574,0.000689785960490574,0.0135511233951533,0.057875331642428,0.240572923751672,1.98403716894301,1.40855854295908,0.237167107336356,0.48699805680963,1,0.0069053
381,3.19006095514313e-06,0.0357614589293495,4.62900626426789e-06,0.00338759987718363,0.0136003320216122,0.000623374229294482,0.000623374229294482,0.0140297706805349,0.057723427884863,0.240257003820623,1.97883023893126,1.40670901004126,0.236548393679564,0.486362409813468,1,0.0080079
382,3.12937765745918e-06,0.0311842809510041,4.57175943839559e-06,0.00408721915051062,0.0142181020260624,0.000543640070792606,0.000543640070792606,0.0148039198987469,0.0575723194349282,0.239942325226143,1.97365062876663,1.40486676548583,0.235933110899393,0.485729462663522,1,0.0077858
383,3.06117864522428e-06,0.0257739134265415,4.51053200182388e-06,0.00482166681507228,0.0142435241773534,0.00044938623601809,0.00044938623601809,0.0150442293685393,0.05742200006306,0.239628879860212,1.96849808490259,1.403031747646,0.235321130767168,0.485099093760407,1,0.0080015
384,2.98583927276031e-06,0.0195281258905975,4.50639342620134e-06,0.00554374695405639,0.0140028717846551,0.000340567396653391,0.000340567396653391,0.0150641874285863,0.0572724636045856,0.23931665968876,1.96337237876936,1.40120390335217,0.234712347619698,0.484471204118158,1,0.0070449
385,2.90396382759839e-06,0.0124967084337944,4.64661153854466e-06,0.00618045768219065,0.0130493629436041,0.000218030023496241,0.000218030023496241,0.0144406208948124,0.0571237039588813,0.2390056567508,1.95827325189341,1.39938316836148,0.234106601088122,0.483845637665694,1,0.0081055
386,2.81658325275106e-06,0.00480261432987312,5.02080225326535e-06,0.00675023339716261,0.0124932570345945,8.3762771664192e-05,8.3762771664192e-05,0.0142004993370938,0.0569757150885421,0.23869586315758,1.95320052754701,1.39756950723283,0.233503852391008,0.483222363297693,1,0.0068391
387,2.72580284409668e-06,0.0035514227168731,5.69426416412006e-06,0.00721183776937526,0.0111463054268147,-6.08805624685016e-05,-6.08805624685016e-05,0.013276091689686,0.056828491018565,0.238387271091736,1.94815395319834,1.39576285707793,0.23290395278195,0.482601235785767,1,0.0069778
388,2.63495506897037e-06,0.0122688960230806,6.68293399558869e-06,0.00753919306668662,0.00988481264999492,-0.00021312176899238,-0.00021312176899238,0.0124336180418497,0.0566820258355454,0.238079872806471,1.9431333362954,1.39396317609017,0.23230684492101,0.481982203946381,1,0.0070662
389,2.5493171000872e-06,0.0212972941073309,7.95862695430018e-06,0.00775405864283095,0.00862677862119532,-0.000370486603175318,-0.000370486603175318,0.011605385449014,0.0565363136868846,0.237773660624731,1.93813848115061,1.39217042101555,0.231712481912955,0.48136522715393,1,0.0068746
390,2.4766306670752e-06,0.0304908611279697,9.47343892295898e-06,0.00785232886473567,0.00723384569531258,-0.000530702882567416,-0.000530702882567416,0.0106897562454931,0.0563913487800109,0.237468626938404,1.93316918830378,1.39038454691635,0.231120818138983,0.480750265875104,1,0.0068793
391,2.42738759258255e-06,0.0397093351331172,1.11741925463428e-05,0.0078313573197453,0.00581699003930947,-0.000691353533032291,-0.000691353533032291,0.00977997912179711,0.0562471253816116,0.237164764207526,1.9282252662058,1.38860551136952,0.230531829202994,0.480137302448991,1,0.0069565
392,2.41447785271691e-06,0.0488171351369474,1.30078554265102e-05,0.00769652770222831,0.00440897230756696,-0.000850084034008949,-0.000850084034008949,0.00891076248985552,0.0561036378168775,0.236862064959498,1.9233065267555,1.38683327287583,0.22994550431203,0.479526333283199,1,0.0069352
393,2.45173015239176e-06,0.0576849261024137,1.49224608287139e-05,0.00745048581523528,0.00299651572888339,-0.00100464412584602,-0.00100464412584602,0.00809337407979878,0.0559608804687582,0.236560521788312,1.91841278369175,1.38506779028745,0.22936184035717,0.47891736276436,1,0.0075715
394,2.55130712086498e-06,0.066190848437268,1.68682789454777e-05,0.00710878908052917,0.00172384623225044,-0.00115291196109689,-0.00115291196109689,0.00740549914372644,0.0558188477772297,0.236260127353791,1.91354385490425,1.38330902364737,0.228780850116994,0.478310411884368,1,0.0069741
395,2.72091194321703e-06,0.0742279913024597,1.87949675589752e-05,0.00666679781768553,0.00035418557152963,-0.00129302496268668,-0.00129302496268668,0.00680076324084424,0.0556775342385719,0.235960874380843,1.90869955717128,1.38155693229461,0.228202536538234,0.477705491425663,1,0.0077027
396,2.96247757761473e-06,0.0816818032272848,2.06554281448911e-05,0.00613444795982016,0.000828459094773183,-0.00142298729298793,-0.00142298729298793,0.00635221329942951,0.0555369344046583,0.235662755658713,1.90387971069008,1.37981147650325,0.227626919326043,0.477102629762238,1,0.0072065
397,3.27242611703348e-06,0.0884582673229163,2.24020472440604e-05,0.00552095344605206,0.00198088667608195,-0.00154115994655628,-0.00154115994655628,0.00606538883679558,0.0553970428822554,0.23536576404026,1.89908413657988,1.37807261658444,0.227054011695829,0.476501848575459,1,0.0073612
398,3.6436587491918e-06,0.09446873394012,2.39890804403064e-05,0.0048362777200623,0.00298734015905188,-0.0016459973532599,-0.0016459973532599,0.00591885817563425,0.0552578543323333,0.235069892441234,1.89431265641983,1.3763403127206,0.226483830381189,0.475903173325403,1,0.0071526
399,4.0671733420468e-06,0.099642037129324,2.53727062974281e-05,0.00409624380385934,0.00385680120118712,-0.00173625799806743,-0.00173625799806743,0.00588890431301152,0.0551193634693865,0.234775133839567,1.88956509256714,1.37461452508226,0.225916389654332,0.475306626983395,1,0.0076889
400,4.53329466753324e-06,0.103924851405717,2.65139639190962e-05,0.00331719160007936,0.00457166108465499,-0.00181101071740369,-0.00181101071740369,0.00593249955849693,0.0549815650607644,0.234481481274672,1.8848412678221,1.37289521370791,0.225351701093439,0.474712229770246,1,0.0073446
401,5.03221705333533e-06,0.107282950266683,2.73759015745543e-05,0.00251522032962863,0.00514208593325175,-0.0018696564529482,-0.0018696564529482,0.00602280582784652,0.0548444539260126,0.234188927846755,1.88014100599259,1.37118233871086,0.224789772301807,0.474119997787276,1,0.0067676
402,5.55443298294603e-06,0.109700523724268,2.79239517512596e-05,0.0017080612508932,0.00555053188727828,-0.00191191716396791,-0.00191191716396791,0.00611494206961636,0.0547080249362237,0.233897466716131,1.8754641313322,1.36947586007648,0.224230606920656,0.473529943003245,1,0.0068202
403,6.09066076575335e-06,0.11118110250128,2.8132904210526e-05,0.000912446845151421,0.00583093869581945,-0.00193785184316919,-0.00193785184316919,0.00621278376937155,0.0545722730133971,0.233607091102554,1.87081046996086,1.36777573818257,0.223674204008997,0.472942072572315,1,0.0070232
404,6.63166955737017e-06,0.111742337753737,2.79865069652544e-05,0.000180210576007759,0.00600419035751427,-0.00194776504392763,-0.00194776504392763,0.00631562860357985,0.0544371931298094,0.233317794284554,1.86617984970642,1.36608193374571,0.223120558616632,0.472356389410191,1,0.0070449
405,7.16834658148768e-06,0.111413234832639,2.74749643578297e-05,0.000643960499380883,0.00606411602918904,-0.00194215888565669,-0.00194215888565669,0.00640079548798411,0.0543027803073935,0.233029569598782,1.86157209938661,1.36439440756205,0.222569662126232,0.471772892530116,1,0.0069872
406,7.69182256734202e-06,0.110235100999362,2.65963962361572e-05,0.00134807668508268,0.00601692138242178,-0.00192175000291867,-0.00192175000291867,0.00645933923161447,0.054169029617127,0.232742410439367,1.85698704919862,1.36271312065255,0.222021502495154,0.471191577275267,1,0.0069963
407,8.19354866218343e-06,0.108260474057839,2.53595108730684e-05,0.00200876367720172,0.00588609819308401,-0.0018874510546093,-0.0018874510546093,0.00650017003210251,0.0540359361784292,0.232456310257281,1.8524245312699,1.36103803446851,0.221476064856952,0.470612435935294,1,0.0079638
408,8.66534893913626e-06,0.105546015670963,2.37928477133151e-05,0.00262654536237989,0.00577979065546157,-0.0018402467979089,-0.0018402467979089,0.00661050588495175,0.0539034951585681,0.232171262559706,1.84788438217068,1.35936911182014,0.220933333830966,0.470035460184619,1,0.0081882
409,9.09951684809797e-06,0.102142061806962,2.19348498779061e-05,0.00319891781210445,0.00558523815972569,-0.00178101184562357,-0.00178101184562357,0.00667881712503327,0.0537717017720747,0.231887260909423,1.84336643650913,1.35770631452797,0.220393290954178,0.46946063834381,1,0.0074416
410,9.48906829075395e-06,0.0981111582529049,1.98219661982611e-05,0.00370605696854222,0.00521233753088338,-0.00171083430930957,-0.00171083430930957,0.0066208753130765,0.0536405512801673,0.231604298924194,1.83887052772738,1.35604960371197,0.219855913501933,0.468887954101972,1,0.0075339
411,9.82782752984201e-06,0.0935368184435444,1.75147056830364e-05,0.0041407268612948,0.00483720703844453,-0.00163116864326274,-0.00163116864326274,0.00657341110692522,0.053510038990183,0.231322370276165,1.8343964953235,1.3543989424551,0.219321180122873,0.468317392505203,1,0.007437
412,1.01103866913856e-05,0.0885013612379355,1.51100117506976e-05,0.00450511678884944,0.00444288368794522,-0.00154344883320667,-0.00154344883320667,0.00651318174620494,0.053380160255018,0.231041468691268,1.82994417961043,1.35275429387987,0.218789068393696,0.467748937351755,1,0.0069582
413,1.03321868905229e-05,0.0830876128594196,1.2744093253298e-05,0.00479527561662981,0.00399500726201523,-0.0014491180677344,-0.0014491180677344,0.0064076487456073,0.0532509104725767,0.230761587948637,1.82551342144663,1.35111562105048,0.218259554218511,0.4671825705423,1,0.0069486
414,1.04895746404459e-05,0.0773812825098756,1.06532572472612e-05,0.00501441019955841,0.00357980821919024,-0.00134967023037341,-0.00134967023037341,0.00630742161267986,0.0531222850852276,0.230482721880031,1.82110406483339,1.34948288793648,0.217732615191419,0.466618275672331,1,0.0071966
415,1.05798420323087e-05,0.0714588433064271,9.23811004205808e-06,0.00517311169249625,0.00321679615280146,-0.00124643848856598,-0.00124643848856598,0.00621808229844156,0.0529942795792678,0.230204864369257,1.81671595543512,1.34785605887094,0.217208229862016,0.466056037255195,1,0.006946
416,1.06012946923773e-05,0.0653872377093865,8.94988251437411e-06,0.00527367305647747,0.00282892640765424,-0.00114059016594248,-0.00114059016594248,0.00609237503827845,0.0528668894843955,0.229928009351613,1.81234893899665,1.34623509796642,0.216686375013489,0.465495837804689,1,0.0076286
417,1.05532872642404e-05,0.0592301315771315,9.94917630770575e-06,0.00532664324568089,0.00253440720373845,-0.00103323585247783,-0.00103323585247783,0.00598875779409853,0.0527401103731892,0.229652150813332,1.8080028644792,1.34461997028127,0.216167031062018,0.464937663630317,1,0.0071754
418,1.04362637901204e-05,0.0530392035044913,1.18824555761394e-05,0.00533183484206998,0.00217321473692172,-0.000925277386684076,-0.000925277386684076,0.00583168173377545,0.0526139378605952,0.229377282791028,1.80367758013478,1.34301064036544,0.215650174552209,0.46438149678062,1,0.0070205
419,1.02516899528915e-05,0.0468725433623353,1.42961863346249e-05,0.00528662208180073,0.00182139749579497,-0.000817728773467419,-0.000817728773467419,0.00565114382955367,0.0524883676034222,0.229103399371162,1.79937293659132,1.34140707340886,0.215135783940715,0.463827321252979,1,0.0077052
420,1.00020342741699e-05,0.0407826850112613,1.69101838357019e-05,0.00520432215852084,0.00157484314897498,-0.00071150730228331,-0.00071150730228331,0.00548380653439389,0.0523633952998427,0.228830494689503,1.79508878691405,1.33980923526972,0.2146238411236,0.463275124654454,1,0.007111
421,9.69078377584797e-06,0.0348087591153437,1.95311976089177e-05,0.00508508249138324,0.00126543307529113,-0.000607296479887109,-0.000607296479887109,0.00527531513749455,0.0522390166889023,0.228558562930603,1.79082498416354,1.33821709156756,0.21411432405405,0.462724890246948,1,0.0070108
422,9.32224288883209e-06,0.0289956428521096,2.20381892402291e-05,0.00492808782080687,0.00098585581975611,-0.000505879995863379,-0.000505879995863379,0.0050512018498067,0.052115227550035,0.228287598327274,1.78658138352485,1.33663060847972,0.213607213227377,0.462176603937691,1,0.00702
423,8.90150394085825e-06,0.0233829940194091,2.4361823557072e-05,0.00474051337814237,0.000751185086040729,-0.000407950101353194,-0.000407950101353194,0.00481705021985987,0.0519920237025863,0.22801759516008,1.78235784172922,1.33504975252955,0.213102490194361,0.461630252685373,1,0.0068191
424,8.43439519629842e-06,0.0180028986069655,2.64493431474336e-05,0.00452700836079126,0.000534521060446049,-0.000314065868757596,-0.000314065868757596,0.00456935619128802,0.0518694010053423,0.227748547756824,1.77815421681716,1.3334744905011,0.212600136402322,0.461085823250208,1,0.0074213
425,7.92741311332788e-06,0.012880823349003,2.82702994439595e-05,0.00429832168885137,0.0004036899822021,-0.000224667807206869,-0.000224667807206869,0.00432318606832455,0.0517473553560658,0.22748045049205,1.77397036851862,1.33190478958469,0.212100135719924,0.460543304934426,1,0.0068345
426,7.38776753880439e-06,0.00803244563611525,2.97899763313043e-05,0.00405451652844858,0.000229266924182494,-0.000140013929765037,-0.000140013929765037,0.00406352846617618,0.0516258826910389,0.227213297786549,1.76980615758845,1.33034061713098,0.211602469325802,0.460002684041955,1,0.007746
427,6.82312602808521e-06,0.00347921474178239,3.09945521369264e-05,0.00380384338291994,0.000156227800508327,-6.03800472476212e-05,-6.03800472476213e-05,0.00380766676573459,0.0515049789846115,0.226947084106872,1.76566144644264,1.32878194089272,0.211107122290738,0.459463951024167,1,0.007136
428,6.24193623701055e-06,0.000883259763844995,3.18678140353955e-05,0.00354657268281038,3.59456400779428e-05,1.41551997118183e-05,1.41551997118183e-05,0.00354693699541589,0.0513846402487572,0.226681803964847,1.76153609862562,1.32722872882771,0.21061407659639,0.458927092898633,1,0.0072614
429,5.65299243846142e-06,0.00479202233629866,3.24013571054636e-05,0.00328243844390324,6.98015854230227e-05,8.34253317459899e-05,8.34253317459899e-05,0.0032844103396267,0.0512648625326341,0.226417451917104,1.75742997901892,1.32568094918005,0.210123316316122,0.458392098880556,1,0.0068272
430,5.06573065010996e-06,0.00844750444800992,3.25954603055733e-05,0.00301252044142016,0.000166554028739555,0.000147319491090148,0.000147319491090148,0.00302090141847581,0.0511456419221528,0.226154022564607,1.75334295377899,1.32413857045967,0.209634824996223,0.457858957536295,1,0.0074986
431,4.49041614891537e-06,0.0117944904725688,3.24649309831365e-05,0.00274459227686972,0.00019006514216374,0.00020576889394075,0.00020576889394075,0.00275905074093315,0.0510269745395496,0.225891510552189,1.74927489034182,1.32260156144692,0.209148588285031,0.457327659654466,1,0.0072409
432,3.9391373507623e-06,0.0148361781516494,3.20232218771735e-05,0.00248135591523606,0.000228371761477822,0.000258872911449992,0.000258872911449992,0.00250546838895432,0.0509088565429662,0.225629910568094,1.74522565744143,1.32106989120236,0.208664590421831,0.456798194416124,1,0.0072852
433,3.4259562574101e-06,0.0175768291678372,3.12855684802054e-05,0.00222281541864242,0.000252941671899252,0.000306715715841732,0.000306715715841732,0.00225831539077049,0.0507912841260349,0.225369217343529,1.74119512497618,1.3195435290191,0.208182816358745,0.456270551711092,1,0.0077821
434,2.96810851047724e-06,0.0200238317809456,3.02776728608663e-05,0.00197365299904893,0.000240439951222368,0.000349429597022888,0.000349429597022888,0.00201895532439149,0.0506742535174699,0.225109425652215,1.73718316403425,1.31802244443494,0.207703251767324,0.455744722149718,1,0.0074426
435,2.58701173876188e-06,0.0221888752226326,2.90220145779143e-05,0.00173326093364643,0.000251691824904038,0.000387220003442934,0.000387220003442934,0.00179398116848875,0.0505577609806635,0.224850530309945,1.73318964691778,1.31650660724426,0.207225881454385,0.455220695327425,1,0.0076386
436,2.30595597574121e-06,0.0240811837359625,2.75451349086184e-05,0.00150169039617823,0.000244133305532433,0.000420248692803771,0.000420248692803771,0.00157863480553675,0.0504418028132889,0.224592526174156,1.72921444702138,1.31499598745448,0.206750691060861,0.454698461687371,1,0.007594
437,2.14425894935105e-06,0.0257119703813315,2.58775718510566e-05,0.00128014779783977,0.000234126679095973,0.000448711836336102,0.000448711836336102,0.00137682684469345,0.0503263753469074,0.224335408143493,1.72525743889468,1.31349055531232,0.206277666157655,0.454178011530341,1,0.0069732
438,2.10554044699813e-06,0.0270918282435769,2.40454836333568e-05,0.00106601416380364,0.000244625126404055,0.00047279465443284,0.00047279465443284,0.00119180092726594,0.0502114749465821,0.224079171157388,1.72131849821316,1.31199028129524,0.205806792070399,0.453659334821184,1,0.0073258
439,2.17097028218159e-06,0.0282295539379583,2.20843580859081e-05,0.000861832621051035,0.000218161125087202,0.000492650938037742,0.000492650938037742,0.00101665832377735,0.0500970980104959,0.223823810195644,1.71739750171061,1.31049513608812,0.205338055102254,0.453142422536507,1,0.0073082
440,2.30861527581504e-06,0.0291387689320959,2.00305112390725e-05,0.000670273678520451,0.000186597806870856,0.000508518642344469,0.000508518642344469,0.000862051597010374,0.049983240969575,0.223569320278018,1.7134943272593,1.30900509061627,0.204871441319732,0.452627265329578,1,0.007173
441,2.48581351365563e-06,0.0298339453467634,1.79152365115775e-05,0.000490989322891228,0.000157668812911014,0.000520650545191015,0.000520650545191015,0.000733066295568898,0.0498699002871184,0.223315696463814,1.70960885381287,1.30752011602609,0.204406936803973,0.45211385380673,1,0.0074622
442,2.67671788748584e-06,0.030329527377108,1.57725330086876e-05,0.00032521995997784,0.000114407229830144,0.000529298908331977,0.000529298908331977,0.000631921289937935,0.0497570724584307,0.223062933851482,1.7057409613819,1.30604018367809,0.203944527966699,0.451602178877271,1,0.0073433
443,2.86385515165726e-06,0.0306414353943121,1.36337334317648e-05,0.000172879949330141,7.90799752701454e-05,0.000534741734275368,0.000534741734275368,0.000567749727269926,0.0496447540104618,0.222811027578219,1.70189053104547,1.30456526515367,0.203484201081376,0.451092231235892,1,0.007148
444,3.03573749975132e-06,0.0307842044235117,1.15275547749667e-05,3.32482228111693e-05,5.10595051166661e-05,0.000537232807864108,0.000537232807864108,0.000540860950406903,0.04953294150145,0.222559972819575,1.69805744492268,1.30309533224653,0.203025942515883,0.450584001619989,1,0.006978
445,3.18507830011974e-06,0.0307710251604368,9.48502412766624e-06,9.76012076523058e-05,2.865216807701e-05,0.000537002407162368,0.000537002407162368,0.000546695419118528,0.0494216315205706,0.222309764789068,1.69424158616752,1.30163035696296,0.20256973878432,0.450077480867817,1,0.0071012
446,3.30772797967501e-06,0.0306149910521736,7.54396073768468e-06,0.000214812921782016,3.34555231160543e-05,0.000534279082312072,0.000534279082312072,0.000576925318762221,0.0493108206875894,0.222060398737797,1.69044283896276,1.30017031152182,0.202115576594152,0.449572659971835,1,0.0071083
447,3.40198017134999e-06,0.0303301787080105,5.75242231906347e-06,0.000319912412308788,6.55671140583455e-05,0.000529308529419126,0.000529308529419126,0.000622021896380288,0.04920050565252,0.221811869954067,1.68666108851074,1.29871516835322,0.201663442677553,0.449069529892145,1,0.0074004
448,3.46770476750173e-06,0.029930765798402,4.19038693891691e-06,0.000412400315107113,0.000106779471962796,0.000522338191219829,0.000522338191219829,0.000674089905854187,0.0490906830952868,0.221564173763013,1.68289622102388,1.29726490009708,0.201213323905073,0.448568081683342,1,0.0070763
449,3.50590183512577e-06,0.0294308445650746,3.02329739333139e-06,0.000493764370966028,0.000134300189284881,0.000513614001658946,0.000513614001658946,0.00072506075737668,0.0489813497253914,0.221317305526232,1.67914812370693,1.2958194795985,0.200765207080505,0.448068306266472,1,0.0072012
450,3.51789354236826e-06,0.0288423934471897,2.56300183634428e-06,0.000564829467214473,0.000164375813775024,0.000503344963350805,0.000503344963350805,0.000774258957804784,0.0488725022815847,0.221071260641416,1.6754166847642,1.29437887991275,0.200319079210673,0.447570194730025,1,0.0071272
451,3.50565546602546e-06,0.0281771532775431,2.9229194147149e-06,0.000626015940411157,0.000190480208984203,0.00049173592480245,0.00049173592480245,0.000818566491075007,0.048764137531542,0.220826034541994,1.67170179337902,1.29294307429949,0.199874927351742,0.447073738159313,1,0.0073352
452,3.4715675351508e-06,0.0274462533312556,3.71198061859255e-06,0.000677483197603067,0.000218641159937506,0.000478981057352446,0.000478981057352446,0.000858067948744393,0.0486562522715431,0.220581622696777,1.66800333971288,1.29151203622455,0.199432738686822,0.446578927723669,1,0.0070607
453,3.41837536530841e-06,0.0266604780698795,4.59266383533434e-06,0.000720356775107109,0.000236729264856669,0.000465268518784479,0.000465268518784479,0.000889664941470158,0.0485488433261571,0.220338020609601,1.66432121488239,1.29008573935316,0.198992500419174,0.446085754557545,1,0.007568
454,3.34882741188063e-06,0.0258293874803949,5.42224588298362e-06,0.000754530137023255,0.000262409244726279,0.000450765092773198,0.000450765092773198,0.000917301846283686,0.0484419075479303,0.220095223818988,1.66065531097614,1.28866415755857,0.198554199933456,0.445594209941574,1,0.0072816
455,3.26607793251495e-06,0.02496286278641,6.14878412614358e-06,0.000780923946099555,0.000276166191100113,0.000435643191351143,0.000435643191351143,0.000935937564630967,0.0483354418170792,0.219853227897794,1.65700552100911,1.28724726490644,0.198117824612552,0.445104285097944,1,0.0073031
456,3.17292924838761e-06,0.024068994516507,6.75425694636476e-06,0.000800692398353113,0.000287431675563058,0.000420043967192418,0.000420043967192418,0.000948815508374116,0.0482294430411866,0.219612028452876,1.65337173894605,1.28583503566595,0.197683361967734,0.444615971336764,1,0.00736
457,3.07209183688346e-06,0.0231551550373703,7.23168532284629e-06,0.000814236247593876,0.000297033551857177,0.000404096054359537,0.000404096054359537,0.00095634479955863,0.0481239081549027,0.219371621124754,1.64975385968051,1.28442744430369,0.197250799605907,0.444129260019994,1,0.0073901
458,2.96620396585342e-06,0.0222282413026706,7.58149641624258e-06,0.000822041761328162,0.000303864016724409,0.000387919810213466,0.000387919810213466,0.000958468638819848,0.0480188341196492,0.219132001587284,1.64615177902326,1.28302446548118,0.196820125222297,0.4436441425538,1,0.0072575
459,2.85768463853018e-06,0.0212944494240714,7.80987368650499e-06,0.000824886710174531,0.000305910397466865,0.00037162337643315,0.00037162337643315,0.00095510118562754,0.0479142179233279,0.218893165547323,1.64256539369253,1.28162607405301,0.196391326597786,0.443160610386106,1,0.008071
460,2.74873246076817e-06,0.0203594354494664,7.91941337961882e-06,0.000822403048959916,0.000314682370450756,0.000355305484456281,0.000355305484456281,0.00094958305399103,0.0478100565800328,0.218655108744417,1.63899460131865,1.28023224507066,0.195964391640354,0.442678655053927,1,0.0075129
461,2.64162781037686e-06,0.0194291556675761,7.92199433378558e-06,0.000815640815277434,0.000310035302748133,0.000339070116305074,0.000339070116305074,0.00093619027506177,0.0477063471297658,0.218417826950471,1.63543930039703,1.27884295376603,0.19553930829811,0.442198268085833,1,0.0078031
462,2.53779653489032e-06,0.0185077243194058,7.83087651833628e-06,0.000805509981565487,0.00030579482681625,0.000322989103611282,0.000322989103611282,0.000920199412762083,0.0476030866381569,0.218181315969441,1.63189939032424,1.2774581755675,0.195116064644034,0.441719441098119,1,0.0071791
463,2.43828210249481e-06,0.0175987197213735,7.66098124437745e-06,0.000792855761812153,0.000293743347064972,0.000307124937060754,0.000307124937060754,0.000899619149117718,0.0475002721961867,0.217945571637018,1.62837477135878,1.27607788608642,0.194694648828931,0.441242165742273,1,0.007025
464,2.34343336826059e-06,0.0167045599663236,7.4276507345903e-06,0.000778256897663132,0.000281489840358293,0.000291519879435653,0.000291519879435653,0.000877486263885511,0.0473979009199136,0.217710589820325,1.62486534463167,1.27470206112318,0.194275049111957,0.44076643374009,1,0.007059
465,2.25334027998952e-06,0.0158274946494969,7.14227943319029e-06,0.000761654841713486,0.000270025758798459,0.000276213264880365,0.000276213264880365,0.000854047821849206,0.0472959699502043,0.217476366417605,1.62137101212579,1.27333067666093,0.193857253848255,0.440292236870303,1,0.0071253
466,2.16797764457254e-06,0.0149698290270223,6.8166266509319e-06,0.000743090287225325,0.000257986013341246,0.000261245386308673,0.000261245386308673,0.0008288875696966,0.0471944764524672,0.217242897357928,1.61789167666427,1.2719637088629,0.193441251485005,0.439819566964687,1,0.0076333
467,2.08718123514464e-06,0.0141337766720261,6.46142077649344e-06,0.000722610275326373,0.000246028210629233,0.000246654906127408,0.000246654906127408,0.000802242533289635,0.0470934176163898,0.217010178600889,1.61442724190394,1.27060113407156,0.193027030563197,0.439348415910649,1,0.008059
468,2.01068960178125e-06,0.0133214428689158,6.08838650271985e-06,0.000700472744174821,0.000231810416934692,0.000232478548777282,0.000232478548777282,0.000773625819942397,0.0469927906556797,0.216778206136317,1.61097761232401,1.26924292880599,0.19261457971504,0.438878775648858,1,0.0072472
469,1.93797949335327e-06,0.012534397989802,5.71506889743954e-06,0.000677392103385385,0.000212375840076153,0.000218743684360923,0.000218743684360923,0.000742871970731192,0.0468925928078078,0.216546975983983,1.60754269321855,1.26788906976066,0.192203887665257,0.438410638175281,1,0.0072315
470,1.86816598131719e-06,0.0117733962153079,5.35670752557496e-06,0.000653797791327122,0.00019210989075358,0.000205463489850066,0.000205463489850066,0.000711768106701387,0.0467928213337561,0.216316484193314,1.60412239069385,1.26653953380613,0.191794943234039,0.437943995545137,1,0.0072934
471,1.80034685293873e-06,0.0110389564766698,5.02412600569595e-06,0.000629816505392759,0.000171072658646167,0.00019264702920152,0.00019264702920152,0.00068050232053023,0.0466934735177677,0.216086726843107,1.60071661165434,1.26519429798523,0.191387735334369,0.437478839870421,1,0.0071007
472,1.73369410147274e-06,0.0103314474393262,4.72693836037185e-06,0.000605582947456774,0.000149181192681199,0.000180300713435222,0.000180300713435222,0.000649250016461229,0.0465945466671008,0.215857700041256,1.5973252637939,1.26385333951131,0.190982252971473,0.437015163319848,1,0.0069232
473,1.66748827574229e-06,0.00965108813400813,4.47228223200896e-06,0.000581212395303336,0.000126595927202344,0.000168428332622095,0.000168428332622095,0.00061824775969268,0.0464960381117851,0.215629399924466,1.59394825558763,1.26251663576669,0.190578485242295,0.436552958118823,1,0.007117
474,1.60112957421995e-06,0.00899793158650885,4.26693632648741e-06,0.000556920730078825,0.000102365737663618,0.000157030763137,0.000157030763137001,0.000587641800045232,0.0463979452043817,0.215401822657984,1.59058549628328,1.26118416430087,0.190176421336213,0.436092216550827,1,0.0069262
475,1.53411061165208e-06,0.00837179627392209,4.11185343896059e-06,0.000532806647061275,7.80209702894664e-05,0.000146104755163412,0.000146104755163412,0.000557977749218116,0.0463002653197459,0.215174964435331,1.58723689589392,1.25985590282934,0.189776050532425,0.435632930954979,1,0.007129
476,1.46608208528827e-06,0.00777238658871393,4.00747607550605e-06,0.000509092530754027,5.19054853579376e-05,0.000135645069395451,0.000135645069395451,0.000529423771495568,0.0462029958547929,0.214948821478028,1.58390236518887,1.25853182923153,0.189377362203228,0.43517509373036,1,0.0068668
477,1.396785235904e-06,0.00719917597276653,3.94538038675857e-06,0.000485772010254428,2.78660083315988e-05,0.000125642428469019,0.000125642428469019,0.00050254972894533,0.0461061342282671,0.214723390035336,1.5805818156865,1.25721192154962,0.188980345807088,0.434718697328615,1,0.0073785
478,1.3261232867356e-06,0.00665156579027511,3.92739876963417e-06,0.000463296967949906,1.63395964868347e-05,0.000116086315252839,0.000116086315252839,0.000477917915800777,0.0460096778805129,0.214498666383996,1.57727515964616,1.25589615798686,0.188584990902326,0.434263734270231,1,0.0070414
479,1.25393561434e-06,0.00612846303468375,3.93991526045011e-06,0.000441570980973976,3.78555986351889e-05,0.000106957572314936,0.000106957572314936,0.000455934109218567,0.0459136242732499,0.214274646827967,1.57398231006,1.2545845169059,0.18819128712367,0.433810197118129,1,0.0072321
480,1.18038838354078e-06,0.0056290833600855,3.97303045121662e-06,0.000420649410903578,6.71771928214298e-05,9.8242480446542e-05,9.8242480446542e-05,0.00043718207248019,0.0458179708893502,0.214051327698172,1.57070318064556,1.25327697682737,0.18779922420487,0.43335807850422,1,0.0068644
481,1.10573951587017e-06,0.00515250713710297,4.00985913956557e-06,0.000400265926669096,9.4036251530798e-05,8.9924976263922e-05,8.9924976263922e-05,0.000420903806120961,0.0457227152326182,0.213828705352247,1.56743768583582,1.25197351642749,0.187408791953676,0.432907371101112,1,0.0071351
482,1.03052640382866e-06,0.00469809836839563,4.05112465749111e-06,0.000380730527171956,0.000126331943594612,8.19939744327591e-05,8.19939744327591e-05,0.000409458816798801,0.0456278548275734,0.21360677617429,1.56418574077735,1.25067411453878,0.18701998028583,0.43245806766186,1,0.0068714
483,9.5520938860986e-07,0.00426474985565265,4.08896134038929e-06,0.000361948984577065,0.000155829562908048,7.44301594832741e-05,7.44301594832741e-05,0.000401058551329458,0.0455333872192367,0.213385536574616,1.5609472613158,1.24937875014577,0.186632779184655,0.432010160973854,1,0.0072515
484,8.80477820998389e-07,0.00385149622665229,4.13239121855647e-06,0.000344424512305256,0.000192232077520792,6.72167084486697e-05,6.72167084486697e-05,0.000400147435416486,0.0454393099729175,0.213164982989509,1.55772216399928,1.24808740238786,0.186247178750135,0.431563643916092,1,0.0066983
485,8.07037636439815e-07,0.00345694653179958,4.16016961247569e-06,0.00032744261051343,0.000219648160629164,6.03293765089052e-05,6.03293765089052e-05,0.000398901316299385,0.0453456206740056,0.212945111880986,1.55451036605108,1.24680005054984,0.185863169118273,0.431118509366361,1,0.0075477
486,7.36111326924069e-07,0.00308029243371077,4.2019296381282e-06,0.000312244079956281,0.000263843519084197,5.37541060194879e-05,5.37541060194879e-05,0.00041233267825318,0.0452523169277639,0.212725919736557,1.5513117854008,1.24551667407578,0.185480740601299,0.430674750364239,1,0.0070448
487,6.68660129494093e-07,0.00271912010188042,4.24559852199448e-06,0.000298359781313147,0.000295410167045568,4.74488219225355e-05,4.74488219225355e-05,0.000422559370705473,0.0451593963591247,0.212507403068987,1.54812634062289,1.24423725254587,0.185099883500717,0.430232359894879,1,0.0071073
488,6.06787935577408e-07,0.00237258600782368,4.27316979020297e-06,0.000285130934186473,0.000329740754583909,4.13988685826761e-05,4.13988685826761e-05,0.000437906365059412,0.0450668566124879,0.212289558416065,1.54495395097359,1.24296176569257,0.184720588248093,0.429791331052748,1,0.0071664
489,5.53160547673984e-07,0.00203970013715133,4.29438949261885e-06,0.000272922981606053,0.000366730440606555,3.5587015202565e-05,3.5587015202565e-05,0.00045854578934304,0.0449746953515223,0.212072382340375,1.54179453637091,1.24169019339403,0.184342845364941,0.429351656995686,1,0.0067071
490,5.110669317932e-07,0.00171961161067844,4.28617250949153e-06,0.00026069518441866,0.000394788268779009,2.99984250979879e-05,2.99984250979879e-05,0.000474066621945183,0.0448829102589687,0.211855871429065,1.53864801736758,1.24042251566455,0.18396664539869,0.428913330870806,1,0.0068836
491,4.84170067803427e-07,0.00141247336704621,4.25925016074503e-06,0.00024884108366511,0.000432460480633621,2.46356941673298e-05,2.46356941673298e-05,0.000499569879288577,0.0447914990364458,0.211640022293624,1.53551431519284,1.23915871267277,0.183591979061757,0.428476345976948,1,0.0066638
492,4.75097641988958e-07,0.00111754701216779,4.21816826145426e-06,0.000237421085869529,0.000467065937049772,1.94857421014216e-05,1.94857421014216e-05,0.000524326063031471,0.0447004594042584,0.211424831569658,1.53239335169634,1.23789876472042,0.183218837096716,0.428040695608158,1,0.0068245
493,4.84676762031122e-07,0.000834264303441424,4.17586723930858e-06,0.00022695542376706,0.000509403288711438,1.45381452035798e-05,1.45381452035798e-05,0.000557880059237166,0.0446097891012076,0.211210295916671,1.52928504938302,1.23664265225773,0.182847210388499,0.427606373185081,1,0.0072071
494,5.11570920586154e-07,0.000560800125742771,4.16543168478414e-06,0.000218963267330808,0.000562265772926891,9.75959843119156e-06,9.75959843119156e-06,0.000603490783334058,0.0445194858844041,0.210996412017845,1.52618933139683,1.23539035587818,0.182477089948581,0.427173372237293,1,0.0083517
495,5.53418880120133e-07,0.000293187071070528,4.25364330829891e-06,0.000216829202917854,0.000642396348887603,5.07422218642972e-06,5.07422218642972e-06,0.000678035807727564,0.0444295475290827,0.210783176579827,1.52310612155508,1.23414185633382,0.182108467031402,0.426741686540467,1,0.007601
496,6.08265432900432e-07,3.83428379809617e-05,4.37400023415452e-06,0.000217511973807604,0.00067892084063626,3.67894528618962e-07,3.67894528618962e-07,0.000712927006295305,0.04433997182842,0.210570586332517,1.52003534410893,1.23289713443942,0.18174133254544,0.42631130942709,1,0.0074936
497,6.73751647303944e-07,0.000251479126653784,4.44905341198511e-06,0.000217424476658185,0.000712154374447778,-4.3667886243659e-06,-4.3667886243659e-06,0.000744631968593743,0.0442507565933536,0.210358638028852,1.51697692400907,1.23165617118134,0.181375677648123,0.425882234482871,1,0.0074399
498,7.47294339730413e-07,0.000522535508427447,4.48155879278298e-06,0.000216658563702126,0.000749403596111053,-9.11409678128194e-06,-9.11409678128194e-06,0.000780160560186659,0.0441618996524042,0.210147328444604,1.51393078682963,1.23041894768799,0.181011493624261,0.425454455405347,1,0.0070889
499,8.26527873364985e-07,0.000794117233094089,4.46111753495284e-06,0.000214412169249082,0.000779681596920193,-1.38576485805286e-05,-1.38576485805286e-05,0.000808757475463075,0.044073398851499,0.209936654378169,1.51089685870791,1.22918544520666,0.180648771751653,0.425027965846547,1,0.0076283
500,9.09427756407796e-07,0.00106474247667653,4.43719467291783e-06,0.000213342347604391,0.00083989433312219,-1.85810940264153e-05,-1.85810940264153e-05,0.000866777538628291,0.0439852520537976,0.209726612650368,1.5078750664931,1.22795564516521,0.180287503697453,0.424602759879694,1,0.0074213
501,9.95095049906632e-07,0.00133674761618183,4.41785122765013e-06,0.000213769449970893,0.00088785224710765,-2.33270846404787e-05,-2.33270846404787e-05,0.00091353369787654,0.0438974571395206,0.209517200104241,1.50486533748721,1.22672952906792,0.179927680927663,0.424178831305457,1,0.0068954
502,1.08242443077793e-06,0.00161008467571779,4.34656993623811e-06,0.000212214961138587,0.000915653047493743,-2.80953833370345e-05,-2.80953833370345e-05,0.000940353890458381,0.0438100120057789,0.20930841360485,1.50186759953259,1.22550707853222,0.179569294847411,0.423756173816278,1,0.0080184
503,1.17026583861214e-06,0.00188384155648818,4.3075083422578e-06,0.00021411809250836,0.00100556518411433,-3.2870348199654e-05,-3.2870348199654e-05,0.00102864418798113,0.0437229145664063,0.209100250039081,1.49888178135878,1.2242882754314,0.179212337722648,0.423334782084638,1,0.0083004
504,1.25942980398963e-06,0.00216520440793018,4.34998518844e-06,0.000222827458896893,0.00109191580841584,-3.77775210956832e-05,-3.77775210956832e-05,0.00111506986222942,0.0436361627517935,0.208892706315452,1.4959078120374,1.22307310167357,0.178856801481501,0.422914650350992,1,0.0071822
505,1.3502942735823e-06,0.00245871950108366,4.34512267899389e-06,0.000229764536030137,0.00110489788401459,-4.28962842244918e-05,-4.28962842244918e-05,0.00112935967861149,0.0435497545087243,0.208685779363914,1.49294562087584,1.22186153915894,0.178502677305054,0.422495771937488,1,0.0071317
506,1.441033757745e-06,0.00275877078712737,4.24726760548349e-06,0.000231757681424313,0.00113655157156899,-4.81286943104786e-05,-4.81286943104786e-05,0.00116094771665475,0.0434636878002131,0.208479466135668,1.48999513812273,1.22065357006922,0.178149957171911,0.422078141073322,1,0.0082436
507,1.53067760297639e-06,0.00306380179923771,4.185986426249e-06,0.000238245253108521,0.00124434695989419,-5.34476444911114e-05,-5.34476444911114e-05,0.001268084946009,0.0433779606053455,0.208273763602969,1.48705629486813,1.21944917682867,0.177798633960097,0.421661753020235,1,0.0071062
508,1.61993347477071e-06,0.00337984263691964,4.1087432219421e-06,0.000244684049862034,0.00126763974068966,-5.89583599118759e-05,-5.89583599118759e-05,0.00129239314823389,0.0432925709191197,0.208068668758945,1.48412902198508,1.21824834167138,0.177448698918464,0.421246601076453,1,0.0072063
509,1.70753528462304e-06,0.00370272690307768,3.97268581122861e-06,0.00024770214026821,0.00131557335552694,-6.45881661579528e-05,-6.45881661579528e-05,0.00134025544715077,0.0432075167522902,0.207864178617409,1.48121325140414,1.21705104716447,0.177100144364472,0.420832679772462,1,0.0068314
510,1.79249763304321e-06,0.00402955942201135,3.7906502580389e-06,0.000247721141455033,0.00135529102598457,-7.02865626983629e-05,-7.02865626983629e-05,0.00137954459533321,0.0431227961312136,0.207660290212678,1.47830891542715,1.21585727592804,0.176752962331025,0.420419983267952,1,0.0071897
511,1.87405083287012e-06,0.00435808680336689,3.60930436977624e-06,0.000248598300691073,0.00143593419189958,-7.6014237356592e-05,-7.6014237356592e-05,0.0014592841505959,0.0430384070976956,0.207457000599391,1.47541594715726,1.21466701081295,0.176407145584802,0.420008506562429,1,0.0070805
512,1.95240442399437e-06,0.00469110517177912,3.44595579892776e-06,0.000251740003682101,0.0015088110993647,-8.18199579759593e-05,-8.18199579759593e-05,0.00153186265798659,0.0429543477088404,0.207254306852331,1.47253427996867,1.21348023468397,0.176062686445919,0.419598244092988,1,0.0073619
513,2.0277973481623e-06,0.00503147797831516,3.31183509417138e-06,0.000258652663754183,0.00160209323737643,-8.77536601399109e-05,-8.77536601399109e-05,0.00162521710754668,0.0428706160369013,0.207052206066251,1.46966384792455,1.21229693059273,0.175719577691596,0.419189190809587,1,0.0069418
514,2.10059827279398e-06,0.00538297544132627,3.17622887642365e-06,0.000266116356343797,0.00165770408047718,-9.38810926915945e-05,-9.38810926915945e-05,0.00168155938288966,0.0427872101691338,0.206850695355693,1.46680458523917,1.21111708155701,0.175377811298468,0.418781340676096,1,0.0072122
515,2.17051065798178e-06,0.00574538300202039,3.04467720324324e-06,0.00027507999603945,0.00174438023482065,-0.000100198484569769,-0.000100198484569769,0.0017687850731951,0.0427041282076495,0.206649771854821,1.46395642707094,1.20994067088884,0.175037380201457,0.418374688767685,1,0.0072591
516,2.2377788582135e-06,0.00612221352401741,2.9329286636682e-06,0.00028762155427723,0.00183264132140251,-0.000106767086544779,-0.000106767086544779,0.00185815271128725,0.0426213682692723,0.206449432717245,1.46111930890362,1.20876768194042,0.17469827705177,0.417969229790628,1,0.0070713
517,2.3025961066298e-06,0.00651673181489478,2.82248224350324e-06,0.000301474612899347,0.00190166796046669,-0.000113643814762532,-0.000113643814762532,0.00192877621100469,0.0425389284853961,0.206249675115856,1.45829316656566,1.2075980981128,0.174360494123392,0.417564957968688,1,0.007009
518,2.36473985393724e-06,0.00692940342219359,2.70525424187847e-06,0.000315501553798498,0.00197194243940924,-0.000120836742805941,-0.000120836742805941,0.00200068433983714,0.0424568070018444,0.206050496242655,1.45547793651966,1.20643190297656,0.17402402391662,0.417161867764325,1,0.0078201
519,2.42433968625908e-06,0.00736366929379652,2.63196892913777e-06,0.000338356480714361,0.00211748947160405,-0.000128405846481328,-0.000128405846481328,0.00214820321104882,0.0423750019787308,0.205851893308589,1.45267355632362,1.20526908046445,0.173688860407461,0.416759955378946,1,0.0074872
520,2.48253112418246e-06,0.00783133869183277,2.58566746229754e-06,0.000367962281338984,0.00219855284062261,-0.000136557082226263,-0.000136557082226263,0.00223332170266226,0.042293511590322,0.205653863543387,1.44987996292247,1.20410961416412,0.173354995297446,0.416359214257888,1,0.0073307
521,2.53931517659322e-06,0.00833550867115558,2.52592178088928e-06,0.000397699785401945,0.00225766278384411,-0.000145344392423086,-0.000145344392423086,0.00229703814210586,0.0422123340249019,0.205456404195396,1.44709709404236,1.2029534878965,0.173022420574266,0.415959638155273,1,0.0071723
522,2.59414879211712e-06,0.00887505986925407,2.44593970506244e-06,0.000425857971629456,0.00230991209929912,-0.000154748143095462,-0.000154748143095462,0.00235394463313922,0.0421314674846372,0.205259512531422,1.44432488800215,1.20180068563891,0.172691128262537,0.415561220835795,1,0.0068434
523,2.64633147950362e-06,0.00944720671946597,2.34338747825991e-06,0.00045042005059321,0.00234455793154327,-0.000164719628693133,-0.000164719628693133,0.0023931213150848,0.0420509101854448,0.205063185836573,1.44156328348787,1.20065119143233,0.172361109944716,0.415163955497965,1,0.00692
524,2.69514290570905e-06,0.0100484651074463,2.23891693481476e-06,0.000474509669238936,0.00240993043937449,-0.000175197963267482,-0.000175197963267482,0.00246245693346569,0.0419706603568605,0.204867421414095,1.43881222009131,1.19950498960668,0.172032357993509,0.414767836257236,1,0.0070784
525,2.74049777132832e-06,0.0106812763189814,2.15417471711706e-06,0.00050349023219748,0.0024969798842282,-0.000186225650411154,-0.000186225650411154,0.00255405105782307,0.0418907162419093,0.204672216585225,1.43607163781148,1.19836206457459,0.171704864682204,0.414372857077059,1,0.0069011
526,2.78264378412876e-06,0.0113515069172577,2.08482836724817e-06,0.000536444908350225,0.00255521659720193,-0.000197904955724137,-0.000197904955724137,0.00261842874377626,0.0418110760969774,0.204477568689031,1.43334147662965,1.1972224006548,0.171378621123587,0.413979010486748,1,0.0069659
527,2.82158977171239e-06,0.0120628166417882,2.02919492351958e-06,0.000573498037430807,0.00261816737002892,-0.000210299628650878,-0.000210299628650878,0.0026885010334591,0.0417317381916852,0.204283475082262,1.43062167729645,1.19608598240112,0.171053618802893,0.413586289428087,1,0.0071868
528,2.85751889969739e-06,0.0128214132223131,1.98939468357718e-06,0.00061826990775588,0.00269425896464872,-0.000223517864940015,-0.000223517864940015,0.00277333315939185,0.0416527008087618,0.204089933139197,1.427912181111,1.19495279451157,0.17072984928381,0.41319468690172,1,0.0068903
529,2.89071049288384e-06,0.0136351844049041,1.95755206544782e-06,0.000667260358699094,0.00271505101678676,-0.000237697162748018,-0.000237697162748018,0.00280595519155486,0.0415739622439218,0.203896940251495,1.42521292911152,1.19382282149049,0.170407302472006,0.412804193864363,1,0.0074629
530,2.92114413068051e-06,0.0145090252059346,1.93333983266708e-06,0.000725399782541983,0.00278776750735009,-0.000252922783583187,-0.000252922783583187,0.00289171062791054,0.0414955208057418,0.203704493828049,1.42252386389053,1.19269604840904,0.170085970236115,0.412414803609321,1,0.0068565
531,2.94916136807011e-06,0.0154529553775334,1.91267803209758e-06,0.000787028421009325,0.00275601652928299,-0.000269369411459996,-0.000269369411459996,0.00287885288984565,0.0414173748155402,0.203512591294839,1.41984492683574,1.19157245975045,0.169765841175188,0.412026505427974,1,0.0073426
532,2.97440756642305e-06,0.0164682340490135,1.89575056936857e-06,0.000853887374072597,0.0027688238528616,-0.000287058830112319,-0.000287058830112319,0.002911723663643,0.0413395226072569,0.203321230094786,1.41717606133066,1.19045204075203,0.169446906551984,0.411639291798031,1,0.006902
533,2.99691709394674e-06,0.0175614661410877,1.88423269777405e-06,0.000923744065473743,0.00270238469283505,-0.00030610613532106,-0.00030610613532106,0.0028723064290041,0.0412619625273352,0.203130407687611,1.41451720990254,1.18933477621002,0.169129155387316,0.411253152434503,1,0.0069537
534,3.01626930945543e-06,0.0187328213311497,1.88251394126601e-06,0.000994837632892479,0.00262702262032954,-0.000326514109877662,-0.000326514109877662,0.00282804850068967,0.0411846929346044,0.202940121549694,1.41186831624703,1.18822065132998,0.168812578059356,0.410868078657074,1,0.0074944
535,3.03232277820075e-06,0.019985977771789,1.87997907403523e-06,0.00107395224517518,0.0025710793025899,-0.000348346832384827,-0.000348346832384827,0.00280811522299853,0.0411077122001644,0.202750369173929,1.40922932478771,1.18710965154349,0.168497165985399,0.410484063010245,1,0.0071679
536,3.04531969491691e-06,0.0213293877750275,1.87883819639281e-06,0.00115762293447438,0.002424359170863,-0.000371751811899412,-0.000371751811899412,0.00271223239204134,0.041031018707271,0.202561148069591,1.40660017932394,1.18600176193964,0.168182909442332,0.41010109661196,1,0.006803
537,3.05489454630313e-06,0.0227624358153255,1.89801958714653e-06,0.00123830142333802,0.00220931838066491,-0.000396718227564208,-0.000396718227564208,0.00256365403653323,0.0409546108512227,0.202372455762198,1.40398082437607,1.18489696783141,0.167869799939681,0.409719172043098,1,0.0071519
538,3.06046056400331e-06,0.0242802461939526,1.93385339991279e-06,0.00131777408882502,0.00198582610583891,-0.000423160908373299,-0.000423160908373299,0.00242066689028387,0.0408784870392489,0.202184289793369,1.40137120548249,1.18379525488257,0.16755783118615,0.409338284535114,1,0.0068696
539,3.06178515175865e-06,0.0258806777494848,1.9882539880808e-06,0.00139487308367762,0.00169144166822216,-0.000451042637311216,-0.000451042637311216,0.00223845813005969,0.0408026456903995,0.201996647720697,1.39877126820088,1.18269660868749,0.167246997959537,0.408958430600882,1,0.0074212
540,3.05856442695661e-06,0.0275583741092927,2.05246908351934e-06,0.00146878758794118,0.00135910642366534,-0.000480270199782584,-0.000480270199782584,0.00205812214794783,0.0407270852354346,0.201809527117613,1.39618095888174,1.18160101509847,0.166937297541095,0.408579609796053,1,0.0070189
541,3.05073309734361e-06,0.0293070384114573,2.13563502205924e-06,0.00153575958942753,0.00093951330036573,-0.000510734269025259,-0.000510734269025259,0.00187160179779987,0.0406518041167171,0.201622925573252,1.39360022421263,1.18050846003433,0.166628729510637,0.408201824482249,1,0.0072707
542,3.03789861003598e-06,0.0311140753435034,2.2440967659254e-06,0.00159096727746355,0.000448255795126372,-0.000542215509621108,-0.000542215509621108,0.00173983337247034,0.0405768007881055,0.201436840692326,1.39102901167169,1.17941892967329,0.166321296642831,0.407825080938913,1,0.0070189
543,3.01973454623381e-06,0.0329623497005161,2.38276908578411e-06,0.00163076756275071,0.000119723369809397,-0.000574415592929839,-0.000574415592929839,0.00173341373523254,0.0405020737148477,0.201251270094993,1.38846726948578,1.17833241043679,0.16601500510729,0.407449389626847,1,0.0070514
544,2.99580163914535e-06,0.0348301477966018,2.55354440804146e-06,0.00165060121789189,0.000763657685818713,-0.00060695631498156,-0.00060695631498156,0.00191760691191342,0.0404276213734766,0.201066211416729,1.38591494670587,1.17724888902299,0.165709864691396,0.407074765480981,1,0.0072661
545,2.9657527029138e-06,0.0366894130425734,2.74796792608296e-06,0.00164352967923195,0.00150559670853478,-0.000639349119939514,-0.000639349119939514,0.00231906814907272,0.0403534422517066,0.200881662308202,1.38337199336894,1.1761683524772,0.16540588905118,0.406701228239084,1,0.0071763
546,2.92935518058791e-06,0.0385043606270407,2.96399606356244e-06,0.0016044405325706,0.00231599176387244,-0.000670971001229009,-0.000670971001229009,0.00289649548530872,0.0402795348483309,0.200697620435148,1.38083836039516,1.17509078815007,0.165103095072796,0.406328801677651,1,0.0073438
547,2.88636663828743e-06,0.0402334588770903,3.19763825620385e-06,0.00152604930770648,0.00322341074442969,-0.000701098764181715,-0.000701098764181715,0.00363487490821302,0.0402058976731207,0.200514083478245,1.3783139999782,1.17401618386554,0.164801503172008,0.405957513998704,1,0.0073388
548,2.83662393743267e-06,0.041826292195453,3.44330536454188e-06,0.00140211260719074,0.00419278328151884,-0.000728854485328001,-0.000728854485328001,0.0044808794695256,0.0401325292467246,0.20033104913299,1.37579886508459,1.17294452770989,0.164501135530206,0.405587395674725,1,0.0072648
549,2.7800115038564e-06,0.043227709451718,3.69551211415503e-06,0.00122973671437374,0.00520281717982201,-0.000753277635041315,-0.000753277635041315,0.00539914799848396,0.0400594281005697,0.20014851510958,1.37329290932086,1.17187580797662,0.164202014682532,0.405218477716074,1,0.00717
550,2.71648462868254e-06,0.0443802806671095,3.94638030993198e-06,0.00100702785703115,0.00624111341122921,-0.000773367835125464,-0.000773367835125464,0.00636911312323037,0.0399865927767639,0.199966479132788,1.37079608687774,1.17081001314378,0.16390416203464,0.404850789840702,1,0.0071424
551,2.64611356634108e-06,0.0452241297742937,4.18636100122796e-06,0.000730341501242441,0.00731146240997844,-0.000788081998883874,-0.000788081998883874,0.00739012286980305,0.0399140218279985,0.199784938941849,1.36830835280703,1.1697471319935,0.163607596972556,0.404484359367029,1,0.0070064
552,2.56911463235985e-06,0.0456963778887952,4.40632962706751e-06,0.000399682575971843,0.00836036016812208,-0.000796324675469251,-0.000796324675469251,0.00840782278062869,0.0398417138174525,0.199603892290337,1.36582966139159,1.16868715291629,0.163312332740733,0.404119206102275,1,0.0070268
553,2.48585864768193e-06,0.0457345705853041,4.59857375536663e-06,2.9024852944022e-05,0.00941780550666182,-0.00079700769517714,-0.00079700769517714,0.00945161804371222,0.0397696673186979,0.19942333694605,1.36335996821201,1.1676300647945,0.163018378469097,0.403755344817993,1,0.0070186
554,2.39688687703895e-06,0.0452721624286348,4.75774635812212e-06,0.000438217332955712,0.010434054280289,-0.000788971546715478,-0.000788971546715478,0.0104731029720162,0.0396978809156059,0.199243270690897,1.36089922763019,1.1665758559263,0.162725734617618,0.403392779580421,1,0.007826
555,2.3029037671876e-06,0.0442315815071344,4.88594817920049e-06,0.000975050582631414,0.0116582060907216,-0.000770864557191081,-0.000770864557191081,0.0117243543779862,0.039626353202254,0.199063691320778,1.35844740462632,1.1655245191013,0.162434412217803,0.403031527572972,1,0.0079566
556,2.20475839756654e-06,0.0425031942309374,4.9874883146512e-06,0.00160354212057712,0.0126677509706467,-0.000740776524933762,-0.000740776524933762,0.0127903709737813,0.0395550827828343,0.198884596645477,1.35600444813165,1.16447604017071,0.162144393933292,0.402671570803418,1,0.0070689
557,2.10368434737435e-06,0.0400149115825841,5.06203601163083e-06,0.00225455068715822,0.013051058417466,-0.000697450575290692,-0.000697450575290692,0.0132627638896419,0.0394840682715624,0.198705984488546,1.35357028556931,1.1634303956702,0.161855618424529,0.402312836514732,1,0.0076808
558,2.00152787804914e-06,0.0367611335162523,5.13532960380525e-06,0.00292871587160793,0.0136455691101548,-0.000640787172721646,-0.000640787172721646,0.0139710635797223,0.0394133082925883,0.198527852687194,1.35114488217334,1.16238757829449,0.161568067239934,0.401955305027728,1,0.007715
559,1.90056671584031e-06,0.0327044574994814,5.25104158983306e-06,0.00363598826219435,0.0140211578934649,-0.000570132376297383,-0.000570132376297383,0.0144961761741139,0.0393428014799068,0.198350199092178,1.34872818316967,1.16134757207723,0.161281692361838,0.401598919771752,1,0.0076756
560,1.80395949116932e-06,0.0278241292714743,5.46014966238911e-06,0.00435058721231807,0.0141093404065542,-0.000485121065952332,-0.000485121065952332,0.0147728452994843,0.0392725464772699,0.198173021567695,1.3463201296943,1.16031035921183,0.160996433853499,0.401243609112343,1,0.0079261
561,1.71615498400065e-06,0.0221259801980914,5.82666691998666e-06,0.00506022787816267,0.0140576393606439,-0.00038584839149286,-0.00038584839149286,0.0149456447056467,0.0392025419381,0.19799631799127,1.34392067023369,1.15927592497804,0.160712238890715,0.400889310022997,1,0.007139
562,1.64332543903118e-06,0.0156409673198975,6.39477611524388e-06,0.00570932253775195,0.0133806710739926,-0.000272838035502876,-0.000272838035502876,0.014550370695851,0.0391327865254035,0.197820086253655,1.34152972902916,1.15824424411657,0.160429014789931,0.400535909488689,1,0.0080395
563,1.59384816580582e-06,0.00845770532878793,7.21301980786031e-06,0.00631150244902523,0.0130012505150018,-0.000147567996925002,-0.000147567996925002,0.0144530073969604,0.0390632789116862,0.19764432425872,1.33914727638332,1.15721531116008,0.16014673740857,0.400183379725558,1,0.0070261
564,1.57755157503193e-06,0.000802794774605543,8.28105621046447e-06,0.00682837274230895,0.0119008975186357,-1.10325083954588e-05,-1.10325083954588e-05,0.0137207253248947,0.0389940177788685,0.197469029923349,1.33677323557113,1.1561891002648,0.159865315851414,0.399831609370012,1,0.006942
565,1.6053585176313e-06,0.00776155553020045,9.57888640643995e-06,0.00722351830090885,0.0107394770196462,0.000134416905935186,0.000134416905935186,0.0129434936673222,0.0389250018182025,0.197294201177334,1.33440756176308,1.15516559928137,0.159584706137548,0.399480545380558,1,0.0068794
566,1.68653374002836e-06,0.016473367640337,1.10825195619711e-05,0.00750560384167916,0.00952967894085333,0.00028638825200511,0.00028638825200511,0.0121339053894755,0.0388562297301895,0.197119835963278,1.33205021135654,1.15414479652968,0.159304875761872,0.399130148901172,1,0.0074849
567,1.82648897745553e-06,0.0254440098492257,1.27603545239549e-05,0.00770088575300058,0.00845087463810225,0.000442770626377209,0.000442770626377209,0.0114419534298221,0.0387877002244984,0.196945932236486,1.32970114734762,1.15312668313053,0.15902581523726,0.398780409796244,1,0.0068682
568,2.02622591879172e-06,0.0345644984192992,1.4559087923695e-05,0.0077862517620846,0.0069976225762092,0.000601753197939869,0.000601753197939869,0.0104860184108172,0.038719412019885,0.19677248796487,1.32736031778641,1.15211124366808,0.158747492537231,0.398431289606165,1,0.0073612
569,2.28366986200669e-06,0.0436950955009954,1.64328077898343e-05,0.00775933720585934,0.00566109001695482,0.000760918466691463,0.000760918466691463,0.00963520231126999,0.0386513638441123,0.196599501128849,1.32502768601021,1.15109846929366,0.158469910588035,0.398082793634735,1,0.0075254
570,2.59474689900496e-06,0.0527143800937271,1.83362519722763e-05,0.0076294949806254,0.00428960597700005,0.000918156326408459,0.000918156326408459,0.00880095044423907,0.0385835544338713,0.196426969721246,1.32270321192375,1.15008834961656,0.15819307189157,0.397734926667963,1,0.0077246
571,2.95474819639654e-06,0.0615023102861438,2.02203919909081e-05,0.00739481836070685,0.0029032110746831,0.00107137710559557,0.00107137710559557,0.00801652147293836,0.0385159825347029,0.196254891747194,1.32038685649939,1.14908087465565,0.157916985056715,0.39738770118955,1,0.0072851
572,3.35889650911627e-06,0.0699343656137147,2.20321950900828e-05,0.00704443646285155,0.0014298306075763,0.00121841154863356,0.00121841154863356,0.00729100987118333,0.0384486469009207,0.196083265224039,1.31807858080416,1.14807603441765,0.157641659338193,0.397041130537118,1,0.0080819
573,3.80239892940811e-06,0.0778801881741178,2.37291616846135e-05,0.00659237458157708,0.000161812908777425,0.0013569878112567,0.0013569878112567,0.00673303548418875,0.0383815462955342,0.195912088181241,1.31577834826133,1.14707381988316,0.157367118202243,0.396695246004087,1,0.0077632
574,4.28021672340489e-06,0.0852337732826642,2.52646393810535e-05,0.00604844727287347,0.00110170362798149,0.00148525739718142,0.00148525739718142,0.00632543321556651,0.0383146794901732,0.195741358660282,1.31348612119312,1.14607422150274,0.15709337983284,0.396350072326018,1,0.0080955
575,4.78708271248536e-06,0.0918926142964917,2.65939576035511e-05,0.00542053066449106,0.00223020972206237,0.00160143228579324,0.00160143228579324,0.00607692230255985,0.0382480452650128,0.195571074714572,1.31120186172841,1.14507722959127,0.156820466379756,0.396005639328225,1,0.0075768
576,5.31731846069179e-06,0.097769004904119,2.76730112523699e-05,0.00471996795412508,0.00326507842156125,0.00170398183158949,0.00170398183158948,0.00598760378152009,0.038181642408699,0.195401234409353,1.30892553184936,1.14408283434783,0.156548398311598,0.395661974811326,1,0.007682
577,5.86477369172356e-06,0.102787946802583,2.84642299721496e-05,0.00396178670997068,0.00413520659038795,0.00179159651861538,0.00179159651861538,0.00600124365464383,0.0381154697182756,0.195231835821609,1.30665709247861,1.14309102545625,0.156277196029529,0.395319106582933,1,0.007394
578,6.42277605030375e-06,0.106895341784352,2.89356612899545e-05,0.00316477633007525,0.00484566712926613,0.00186333061821431,0.00186333061821431,0.00608094757206289,0.0380495259991112,0.195062877039972,1.30439650404512,1.14210179233076,0.156006877533517,0.394977059502849,1,0.0072442
579,6.98417558340757e-06,0.110057962346774,2.90608445362037e-05,0.00234725103115069,0.005395447307922,0.00191860185008053,0.00191860185008053,0.00618959518586884,0.0379838100648274,0.194894356164634,1.30214372650979,1.14111512412631,0.155737458039156,0.394635854984258,1,0.0072544
580,7.54142419323664e-06,0.112262649886285,2.88233161109936e-05,0.00152663524910475,0.00579933076938942,0.00195717750155311,0.00195717750155311,0.00630894633617388,0.0379183207372274,0.194726271307257,1.29989871974478,1.14013100990403,0.155468949604391,0.394295510504991,1,0.0080606
581,8.08671647081737e-06,0.113511947305345,2.82217701778272e-05,0.000717678977605805,0.00611635717993636,0.00197909840300359,0.00197909840300359,0.00646921433130739,0.037853056846226,0.19455862059088,1.29766144458297,1.13914943909172,0.155201361208228,0.393956039689999,1,0.0075353
582,8.61216934644056e-06,0.11381925082661,2.72544622332013e-05,0.00019516031971696,0.00625449073364911,0.00198459456082967,0.00198459456082967,0.00656535020172345,0.0377880172297792,0.194391402149836,1.29543185980504,1.13817040016205,0.15493469901689,0.39361745263249,1,0.0074184
583,9.1098880957131e-06,0.113219161442713,2.59283291278269e-05,0.000880869325100165,0.00627419284435977,0.00197426590428373,0.00197426590428373,0.00663678718943535,0.0377232007338156,0.194224614129661,1.29320992530613,1.13719388202106,0.154668966248692,0.393279755706662,1,0.0074704
584,9.5721427693818e-06,0.111759644531448,2.42703272500864e-05,0.00159290613624071,0.00621060556652111,0.00194894563091974,0.00194894563091974,0.00670181991406989,0.037658606212168,0.194058254687009,1.2909956016573,1.13621987381726,0.154404163784711,0.392942952328593,1,0.0074384
585,9.99154942101214e-06,0.109496692211556,2.23230383839069e-05,0.00225821699758299,0.00606297017994771,0.00190960718841016,0.00190960718841016,0.00674625584413718,0.0375942325265059,0.193892321989567,1.28878884936724,1.13524836461773,0.154140290348439,0.392607043172227,1,0.0073529
586,1.03612113728658e-05,0.106494414785179,2.01477008321993e-05,0.00286642207929145,0.00583834200912256,0.00185736594738706,0.00185736594738706,0.00676445199461264,0.0375300785462684,0.193726814215969,1.28658962907448,1.13427934349281,0.153877342789047,0.392272026518648,1,0.0072999
587,1.06748545225007e-05,0.102824046785149,1.78352356649844e-05,0.00341174121986009,0.00555733010628125,0.00179346193679852,0.00179346193679852,0.00676350371284035,0.0374661431485983,0.193561729555711,1.28439790184434,1.13331279964727,0.153615316566629,0.391937898864895,1,0.0073102
588,1.092696513199e-05,0.0985608559290761,1.55246761411661e-05,0.00389180343710326,0.00524059777829071,0.00171920598870612,0.00171920598870612,0.00675051752920917,0.0374024252182766,0.193397066209073,1.28221362917026,1.13234872242179,0.153354206176846,0.391604655458597,1,0.0073285
589,1.11129135081833e-05,0.0937813071385962,1.34313940298786e-05,0.00430595282693649,0.00489679131218757,0.00163593030653209,0.00163593030653209,0.00672303419394695,0.0373389236476573,0.193232822387029,1.28003677275264,1.13138710119598,0.153094005320633,0.391272290509605,1,0.0073553
590,1.12290485117197e-05,0.0885619306669912,1.18769704844809e-05,0.00465439460687903,0.00453429686222214,0.00154496872582799,0.00154496872582799,0.00667927274731569,0.0372756373366038,0.193068996311173,1.27786729451523,1.13042792539606,0.152834707143449,0.390940797491704,1,0.0083575
591,1.12728076000614e-05,0.082974008331771,1.12688286652645e-05,0.0049506250809839,0.00427664068928714,0.00144756403653834,0.00144756403653834,0.00670043234751673,0.0372125651924252,0.192905586213633,1.27570515847679,1.12947118532382,0.152576307042189,0.390610172732596,1,0.0087738
592,1.12428828703951e-05,0.0770716010605808,1.1850181058547e-05,0.00520150457830901,0.00399271493010833,0.00134465915667725,0.00134465915667725,0.0066938125419941,0.0371497061298137,0.192742590336992,1.27355032680221,1.12851687041099,0.15231879826494,0.390280409788833,1,0.0076236
593,1.11390560552822e-05,0.0709152198823549,1.34527317130245e-05,0.00538523711336729,0.00349369955097464,0.00123730981450598,0.00123730981450598,0.00653750195072747,0.0370870590707821,0.192580006934214,1.2714027592004,1.12756496894875,0.152062169170158,0.389951495919888,1,0.0074216
594,1.09619456463745e-05,0.064592690814778,1.57160096888353e-05,0.00549217331127016,0.00302664999802866,0.0011270483802539,0.0011270483802539,0.00637148920050678,0.0370246229446026,0.192417834268559,1.2692624188581,1.12661547071665,0.151806411906134,0.389623423200061,1,0.0077566
595,1.07132589409292e-05,0.0581849716873081,1.83384495053167e-05,0.00553816877201857,0.00266701772896615,0.00101528775296367,0.00101528775296367,0.00623025099803481,0.0369623966877457,0.192256070613507,1.26712926994578,1.12566836588126,0.151551520716002,0.389296186362006,1,0.0085055
596,1.0395938317323e-05,0.0517515228486567,2.11063689374441e-05,0.00554272634368807,0.00241535257881803,0.000903066132797781,0.000903066132797781,0.00611327485535114,0.0369003792438201,0.192094714252683,1.26500327682864,1.12472364464727,0.151297490806102,0.388969781353388,1,0.0073766
597,1.00140591478502e-05,0.0453393759718177,2.38536521055267e-05,0.00549684781093938,0.00200369962068696,0.000791205047390386,0.000791205047390386,0.00590398228734872,0.0368385695635127,0.191933763479781,1.26288440175356,1.12378129622875,0.151044311712911,0.388644196808483,1,0.0073604
598,9.57235537892954e-06,0.0390131641946249,2.64719019846829e-05,0.00539700231934084,0.00165765521795249,0.000680833043526841,0.000680833043526841,0.00568681661211229,0.0367769666045296,0.191773216598485,1.26077260900796,1.12284131069709,0.15079197724091,0.388319426813687,1,0.0071292
599,9.07644581123344e-06,0.0328290784869171,2.8891961681766e-05,0.00525229259827895,0.00135016919707104,0.000572931391586762,0.000572931391586762,0.00545332489963918,0.0367155693315377,0.191613071922397,1.25866786298082,1.12190367812073,0.150540481150165,0.387995465373199,1,0.0071823
600,8.53280269355329e-06,0.026833851581258,3.10621526977264e-05,0.00507225710572595,0.00110611205351462,0.000468316160267657,0.000468316160267657,0.00521264377870839,0.0366543767161065,0.191453327774961,1.25657012849528,1.12096838871365,0.150289818201522,0.387672307756851,1,0.0069612
601,7.94874115533952e-06,0.0210639053884669,3.29415868733532e-05,0.00486268871275857,0.000879565750683058,0.000367622940129486,0.000367622940129486,0.00495536889493804,0.0365933877366507,0.191293982489389,1.25447937047063,1.12003543268534,0.150039982629403,0.387349948534142,1,0.0070462
602,7.33232239606913e-06,0.0155502330298554,3.45003073473242e-05,0.00463025638168969,0.000704419839000817,0.000271391000157273,0.000271391000157273,0.00469152267022247,0.0365326013783735,0.191135034408592,1.25239555425786,1.11910480039086,0.149790969704436,0.387028383590191,1,0.0068887
603,6.69243848542143e-06,0.0103161569750552,3.57167282053317e-05,0.00437956826337574,0.000544471484324927,0.000180020498528499,0.000180020498528499,0.00441710382182049,0.03647201663321,0.1909764818851,1.25031864539642,1.11817648222292,0.149542774321025,0.386707608305067,1,0.0073605
604,6.03889070865024e-06,0.00538074108259232,3.65786840399948e-05,0.00411975974021706,0.000459397060258667,9.38097229994383e-05,9.38097229994383e-05,0.00414652382629853,0.0364116324997717,0.190818323280999,1.2482486098803,1.11725046873129,0.149295392934781,0.3863876200589,1,0.007119
605,5.38278985646487e-06,0.000800008442509943,3.70796017393449e-05,0.00385291793767613,0.000354780128226978,1.28870005984272e-05,1.28870005984272e-05,0.00386942429883393,0.036351447983291,0.190660556967851,1.24618541378536,1.11632675045677,0.149048820483234,0.386068414252233,1,0.0073519
606,4.73676347042316e-06,0.00360512533244778,3.72204954806899e-05,0.00358164934710728,0.000289310979113832,-6.2611457970041e-05,-6.2611457970041e-05,0.00359406173866785,0.0362914620955668,0.19050318132663,1.2441290235271,1.11540531804681,0.148803053128298,0.385749987852622,1,0.0074192
607,4.11601424115417e-06,0.00761037473740176,3.70093409828464e-05,0.00330969836656267,0.00023850291746629,-0.000132643566093549,-0.000132643566093549,0.00332114683867884,0.0362316738549101,0.19034619474765,1.24207940574537,1.11448616220453,0.148558086829334,0.3854323375501,1,0.0076631
608,3.5397481740193e-06,0.0113084814140487,3.64600647717122e-05,0.00304048838818906,0.00021493290597835,-0.000197225120540878,-0.000197225120540878,0.00305467881588625,0.0361720822860904,0.190189595630493,1.24003652733306,1.11356927370194,0.148313917951197,0.385115460545532,1,0.0075355
609,3.033263995222e-06,0.014699506403835,3.55916411599385e-05,0.00277415473356701,0.000181024025329106,-0.000256427552661975,-0.000256427552661975,0.00279209607766648,0.0361126864202827,0.190033382383945,1.2380003553601,1.11265464334631,0.148070542317165,0.384799353322176,1,0.0074149
610,2.62922644827312e-06,0.0177853701326332,3.44278430955321e-05,0.00250977050072856,0.000150193060717745,-0.000310296450290348,-0.000310296450290348,0.00253358530696465,0.0360534852950149,0.189877553425925,1.23597085710387,1.11174226199415,0.14782795600031,0.384484012671931,1,0.0076385
611,2.36450068717535e-06,0.0205695897694055,3.29968352314465e-05,0.0022510506185934,0.000155197675253537,-0.0003588969562347,-0.0003588969562347,0.00228501546213931,0.0359944779541157,0.189722107183416,1.23394800008945,1.11083212056973,0.14758615575775,0.384169436261853,1,0.0072728
612,2.26560158101785e-06,0.0230596475061558,3.13295953069787e-05,0.00199764148147071,0.000140829238659807,-0.000402361178583499,-0.000402361178583499,0.00204288289999272,0.0359356634476631,0.189567042092404,1.23193175200658,1.10992421002813,0.147370541396261,0.383888709649373,1,0.006915
613,2.29166322735366e-06,0.0254307359428615,3.15748008799812e-05,0.00941831474258058,0.0381886540941173,-0.000441161925052391,-0.000441161925052391,0.0393354288042966,0.0358770408319332,0.189412356597803,1.2299245995171,1.10901965695704,0.147178077398707,0.383637950936436,1,0.007155
614,1.95857418179915e-06,0.0453871808403591,0.000106998535570161,0.0551813364504956,0.090532447526157,-0.000481694163803059,-0.000481694163803059,0.106027085741259,0.0358186091693468,0.189258049153389,1.22793977401774,1.10812443977098,0.14699148299224,0.383394683051604,1,0.0071146
615,4.64302183697854e-06,0.145256670227199,0.000463759865533399,0.133856987477119,0.129426602272318,-0.000548851043853604,-0.000548851043853604,0.186213804113177,0.0357603675284561,0.189104118221831,1.22599950703697,1.10724862024614,0.146801026951549,0.383146221371879,1,0.0073601
616,2.15687900746434e-05,0.352081970708235,0.00138170690470974,0.231365642475806,0.150458381465468,-0.000685999523933667,-0.000685999523933667,0.276056978807156,0.0357023149845222,0.18895056227628,1.22413296149884,1.10640542365755,0.14660328317225,0.382888081784025,1,0.0071233
617,6.54342209149506e-05,0.675814528637024,0.00320420514755786,0.334025944303079,0.156779104018141,-0.000945708763305353,-0.000945708763305353,0.369191571696898,0.0356444506235775,0.188797379811208,1.22236986499173,1.10560836872363,0.146398412365541,0.38262045471399,1,0.0072377
618,0.000157584365760364,1.11525631153986,0.00629674876877383,0.431302745602793,0.153353107164174,-0.00138321099418315,-0.00138321099418315,0.458211512123659,0.0355867735591912,0.188644569386959,1.22073165775039,1.10486725797735,0.146188440057248,0.38234596906107,1,0.0070055
619,0.000326819442386838,1.659499530157,0.0110166665613916,0.515731852329766,0.144623538759862,-0.00205179772452757,-0.00205179772452757,0.536521838252804,0.0355292829828612,0.188492129763715,1.21922458832417,1.10418503355378,0.145976390065164,0.382068567229972,1,0.0068437
620,0.000608835203920933,2.2906720614185,0.0176895072160116,0.582419619117952,0.134946796840511,-0.00300036930199465,-0.00300036930199465,0.599445512144809,0.035471978285599,0.188340060225113,1.21783766950757,1.10355682658736,0.145765472169841,0.381792446454669,1,0.0071302
621,0.00104538677379235,2.98662726228902,0.0265887843780957,0.62877153542506,0.128176968157481,-0.00427185874385372,-0.00427185874385372,0.644366514535593,0.0354148593074153,0.188188361243238,1.21654519049879,1.10297107418952,0.145558580817331,0.381521402829947,1,0.0068868
622,0.00168309043464999,3.7231358469751,0.0379177324933376,0.653641771990353,0.126672200846925,-0.00590257438871467,-0.00590257438871467,0.670042183317195,0.0353579267889041,0.188037035684208,1.21531112512407,1.10241150444109,0.145357859970094,0.381258258887718,1,0.0071213
623,0.00257189708503884,4.4752417295964,0.0517975151547431,0.657242200126374,0.13124358365477,-0.00792245587776796,-0.00792245587776796,0.67674411587904,0.0353011831097158,0.187886090782995,1.21409550951131,1.10186002264866,0.145164537115199,0.381004641855186,1,0.0067629
624,0.00376337483529947,5.21870301204108,0.0682587229536386,0.640805065923331,0.140654438801031,-0.0103553924307491,-0.0103553924307491,0.665871183519663,0.0352446333979857,0.187735541115649,1.21286039560672,1.10129941233377,0.144978712490288,0.380760702397566,1,0.0070375
625,0.00530884903913997,5.9308668996361,0.0872390062671037,0.606645387111813,0.15262363363104,-0.0132198494201776,-0.0132198494201776,0.640051873347731,0.0351882870787539,0.187585412755774,1.21157528521467,1.10071580583485,0.144799666324551,0.38052551336875,1,0.0070461
626,0.00725755260991598,6.5917176946943,0.108586133827681,0.55803173575712,0.165043314885381,-0.0165294047574469,-0.0165294047574469,0.603090530017325,0.0351321598982286,0.187435748720004,1.21022088090505,1.10010039582988,0.144625899429529,0.380297119933255,1,0.0069799
627,0.00965487428607548,7.18436095679693,0.132066871098026,0.499169082117905,0.176311742240905,-0.0202932701213181,-0.0202932701213181,0.559922600953646,0.0350762764160902,0.187286615688602,1.20879072530402,1.09945019227977,0.144455399220025,0.380072886720462,1,0.0068869
628,0.012540822864318,7.69544479404441,0.157379057701449,0.435696856954553,0.185317930075554,-0.024516668723648,-0.024516668723648,0.516855231747057,0.0350206729062527,0.187138111848583,1.20729128040797,1.09876807398467,0.144285924157157,0.379849870550401,1,0.0069417
629,0.0159487645033799,8.11552861162989,0.184166346283721,0.375478052026561,0.189334476982796,-0.029201116579024,-0.029201116579024,0.48069280306086,0.0349654005536023,0.186990375564098,1.20573925225297,1.09806158855183,0.144114357524279,0.379623968585071,1,0.0068014
630,0.0101934284788837,8.38606542660936,0.27498564304412,0.324964029918091,0.191148223344545,-0.024323021483819,-0.024323021483819,0.489165439283729,0.0349100648479366,0.18684235292871,1.2042051944351,1.0973628362739,0.143938677391056,0.37939251098441,1,0.0066979
631,0.00504967002303711,8.53322358803364,0.246056302597569,0.249114454732759,0.188549318228322,-0.0198904122160024,-0.0198904122160024,0.424687006178823,0.0348547802747502,0.186694349873664,1.20258261734917,1.09662327959476,0.143757706582448,0.379153935206333,1,0.0071049
632,0.00114816381183678,8.57761361222008,0.21671588170087,0.200583612716337,0.182923004795287,-0.015885948630564,-0.015885948630564,0.378251329650524,0.0347996323918473,0.186546595765903,1.20090617977169,1.09585864954003,0.143570848850827,0.378907441007467,1,0.007018
633,0.00389256278095845,8.51772732593293,0.187368563755781,0.198241253040026,0.174659177482283,-0.0122894443374981,-0.0122894443374981,0.356409958631214,0.0347446806061493,0.186399250551469,1.19920968984885,1.09508433001703,0.143377978063872,0.378652846369695,1,0.0072456
634,0.00726818682081421,8.35589058405461,0.158400868299847,0.237820267000759,0.164298409401158,-0.00907889128634465,-0.00907889128634465,0.360506273206551,0.0346899615934261,0.186252413657988,1.19752318367089,1.0943140242503,0.143179317006011,0.378390429326657,1,0.0074647
635,0.010122897508717,8.09743794554077,0.130174358848842,0.296709999996629,0.15227357957799,-0.00623095814051933,-0.00623095814051933,0.385026247898688,0.0346354931075372,0.186106133986866,1.19587077741561,1.09355876724372,0.142975399639552,0.378120879666215,1,0.0070297
636,0.0124355759471905,7.75010929694832,0.103021546130915,0.359125145602053,0.138826787270196,-0.00372131414812205,-0.00372131414812205,0.42108007482731,0.0345812779352756,0.185960420346039,1.19426926428983,1.09282627360886,0.142767049098727,0.377845271372724,1,0.0069084
637,0.0142227830668461,7.3236082872932,0.0772442445737127,0.417569465808672,0.124664139308259,-0.00152492523618508,-0.00152492523618508,0.460882409295098,0.0345273077776977,0.185815251735959,1.19272788804321,1.09212082117466,0.142555159946815,0.377564775829016,1,0.0073774
638,0.0155116329761488,6.82894446441867,0.0531225700092468,0.468634128597875,0.110474869999678,0.000383150876187344,0.000383150876187344,0.499090109420908,0.0344735668732775,0.185670586990179,1.19124883326152,1.09144346315396,0.142340628943023,0.377280570587756,1,0.0069517
639,0.0163352929566957,6.27791706681653,0.030972051762306,0.510526074916812,0.0963529861192352,0.00202718600187635,0.00202718600187635,0.532120791333159,0.0344200352221393,0.185526373387018,1.18982771229643,1.09079224066567,0.142124401560201,0.376993901224146,1,0.007381
640,0.0167312620272844,5.68293826944286,0.0117463943464284,0.542414014225228,0.0831768888313512,0.00343069193588863,0.00343069193588863,0.558020725415011,0.0343666913157438,0.185382553968122,1.18845514888658,1.0901629001606,0.141907309966479,0.376705866647281,1,0.007094
641,0.0167402404056137,5.05655389861133,0.0106268775616918,0.563987235370665,0.0712818476994576,0.00461586981665274,0.00461586981665274,0.575625357711575,0.0343135143178235,0.185239073410076,1.18711800287028,1.08954944948372,0.141690094957408,0.376417447732445,1,0.0076132
642,0.0164051946005052,4.41129900630485,0.0254515270168756,0.575366169825024,0.061580448124815,0.00560358194189936,0.00560358194189936,0.584536579041092,0.0342604856824529,0.185095882402751,1.18580112593783,1.08894496001305,0.141473350750842,0.376129433507725,1,0.0071504
643,0.0157705046866834,3.7593998113501,0.0390659071000999,0.57687178516988,0.0545349358438832,0.00641306707877587,0.00641306707877587,0.584666703469568,0.0342075902285425,0.184952940578252,1.18448858165822,1.08834212527965,0.141257510970266,0.375842401772693,1,0.0074665
644,0.014881167502277,3.11286348236239,0.0505961794127725,0.569078957994186,0.0507881351022711,0.00706214739557653,0.00706214739557653,0.576336217635384,0.0341548167175451,0.184810218109133,1.18316509540682,1.08773392675177,0.141042858688605,0.375556731651298,1,0.0074612
645,0.0137820541888382,2.48348582600033,0.0599586677583779,0.552778661248033,0.0501499115978969,0.00756702882905103,0.00756702882905103,0.560127698158556,0.0341021580017314,0.184667696151036,1.18181715423293,1.08711414038864,0.140829527618139,0.375272604406635,1,0.0078519
646,0.0125172295357677,1.88366136223711,0.0671834744728379,0.528879424342787,0.0518527991689363,0.007942469051754,0.007942469051754,0.536799120740439,0.0340496108237647,0.184525366342313,1.18043377364747,1.08647769127924,0.140617532792688,0.374990043591411,1,0.0083554
647,0.0111293537859559,1.32911518986066,0.0723499911745082,0.498383737132804,0.0548522801394665,0.0082018431169768,0.0082018431169768,0.507239220545807,0.0339971753549732,0.184383229592534,1.17900696971117,1.0858208736763,0.140406787049219,0.374708936441632,1,0.0080208
648,0.00965919155104842,0.850148614233558,0.0755706073484833,0.46227351838469,0.0583013884520734,0.0083573674403612,0.00835736744036119,0.472356049420334,0.0339448545596437,0.184241294393097,1.17753183586504,1.08514138980367,0.140197103156065,0.374429036208552,1,0.0076373
649,0.0081452775225421,0.541459811926512,0.0769832558297516,0.421563746637413,0.0615197187375785,0.00842044936702191,0.00842044936702191,0.433108234560636,0.0338926534671726,0.184099574869614,1.17600649057534,1.08443832953992,0.13998825182841,0.374150039193383,1,0.0071981
650,0.00662386374715248,0.584555561111586,0.0767460648969837,0.37735146783285,0.0640430913514933,0.00840175795017051,0.00840175795017051,0.390555464986926,0.0338405784242553,0.183958088770935,1.17443191685327,1.08371210053836,0.139779999123132,0.373871634552733,1,0.0070314
651,0.00512951626833516,0.854542663242185,0.0750323295323985,0.330756527466436,0.06562052089106,0.008311261021549,0.008311261021549,0.345809977334513,0.0337886363866407,0.183816855556395,1.17281156758072,1.08296425037058,0.139572129492536,0.373593535132149,1,0.0071291
652,0.00369770438453557,1.15235692784022,0.0720256309769176,0.282855603339701,0.0661700053140878,0.00815824578004976,0.00815824578004976,0.299986059709547,0.0337368342955841,0.183675894704733,1.17115080081452,1.08219720976101,0.139364454843179,0.37331548969093,1,0.0070169
653,0.00237590323745601,1.42065357677436,0.0679152880968428,0.234651800599119,0.065684250859805,0.0079513952914525,0.0079513952914525,0.254182642448978,0.0336851785691225,0.183535224327982,1.16945624953567,1.08141400468815,0.139156825384324,0.373037297578035,1,0.0073557
654,0.00128989781036363,1.64437213630936,0.0628922331787034,0.187066134660731,0.0642373175761732,0.00769889282533831,0.00769889282533831,0.209525515798868,0.0336336747239654,0.18339486013508,1.16773521695499,1.08061797919292,0.138949130908017,0.372758810637678,1,0.0069871
655,0.00100070105169479,1.81924689075999,0.0571454259659432,0.140995247183163,0.0618431361752404,0.0074084379262056,0.0074084379262056,0.167269286459357,0.0335823271311083,0.183254814755597,1.16599513114924,1.07981254444892,0.13874131820074,0.372479956777194,1,0.0079848
656,0.00168705360530321,1.94490930809697,0.0508586101713696,0.0973301102596924,0.0587370816951265,0.00708730564866822,0.00708730564866822,0.129092630921409,0.0335311388979052,0.183115097405717,1.16424310336907,1.07900097468402,0.138533358421159,0.372200696427558,1,0.0086004
657,0.00252505799056716,2.02283577506694,0.044207868458245,0.0574371720365274,0.054947496530537,0.00674221350316229,0.00674221350316229,0.0975982627218068,0.0334801118614059,0.182975713856801,1.16248554220852,1.07818622798129,0.138325271899908,0.371921056005045,1,0.0081546
658,0.00328903548157529,2.05565770809511,0.0373597698089155,0.026936321363682,0.0504395654311543,0.00637941072494752,0.00637941072494752,0.0772238037837489,0.0334292466727934,0.182836666653036,1.16072790994965,1.07737083214168,0.138117133973428,0.37164113600815,1,0.0081559
659,0.00393615187815717,2.04687967694738,0.0304699842915205,0.0316493963925808,0.0454593591079538,0.00600474078966817,0.00600474078966817,0.0727214649184483,0.0333785429499085,0.182697955516499,1.15897458749367,1.07655682037395,0.13790903485723,0.371361057270724,1,0.0080983
660,0.00445520923675857,2.0005799015749,0.0236836685069828,0.0577354136762598,0.0401590439258658,0.00562352831769553,0.00562352831769553,0.0821344520817646,0.0333279994740592,0.182559577875441,1.15722878670689,1.07574568867688,0.137701076931072,0.371080957381367,1,0.0075051
661,0.00484471652009798,1.92122125438948,0.0171406838598432,0.0833557841713755,0.034611994826287,0.00524053799527047,0.00524053799527047,0.097917423943017,0.0332776144087098,0.182421529455023,1.15549256739555,1.07493840167498,0.13749337157509,0.37080098648074,1,0.0079397
662,0.00510786269363421,1.81351594558274,0.0110002832600204,0.105619130852335,0.0291141508863556,0.00485996523807231,0.00485996523807231,0.114682034589913,0.0332273855202696,0.182283804876543,1.15376697736785,1.07413545578193,0.137286017231231,0.370521277703766,1,0.008072
663,0.00525077724972813,1.68221031741545,0.00560567964501122,0.124019213528855,0.0236922195801386,0.00448538525045805,0.00448538525045805,0.129857987373766,0.0331773103847364,0.182146398220597,1.1520521902178,1.07333694160678,0.13707910910055,0.37024196021055,1,0.0077964
664,0.00528168479628854,1.53204196882239,0.00325431027365671,0.138425034546772,0.0183980120567919,0.00411980081658925,0.00411980081658925,0.142314606887918,0.0331273865681845,0.182009303520959,1.15034767403876,1.07254262108261,0.13687273221057,0.369963149800855,1,0.0082028
665,0.00521035964264091,1.36769380979362,0.00650212192899525,0.148900380686725,0.0134828197209338,0.00376568370794894,0.00376568370794894,0.15163228028071,0.033077611773116,0.18187251516685,1.14865240287242,1.07175202489775,0.136666954387278,0.36968493935685,1,0.0069979
666,0.00504770243867403,1.19369140739436,0.010484612097955,0.155550232674237,0.0090414962714419,0.00342499679393105,0.00342499679393105,0.157629562712918,0.0330279839465796,0.181736028201839,1.14696500749129,1.0709645220507,0.13646182549336,0.369407397724193,1,0.0072061
667,0.00480538037068115,1.01442116916451,0.0140662513837104,0.158601261270194,0.00596007926007577,0.00309925588140003,0.00309925588140003,0.160387968312994,0.0329785013494791,0.181599838517216,1.1452839869409,1.0701794181075,0.136257378021792,0.369130570424332,1,0.0077077
668,0.00449550553164826,0.833968381175577,0.0170939363295205,0.158403769914507,0.00554283681024488,0.00278954662172937,0.00278954662172937,0.160146033360224,0.0329291625893301,0.181463942945507,1.14360788329578,1.06939603669351,0.136053631196873,0.36885448512506,1,0.0070573
669,0.00413035087902615,0.656166219471788,0.0195324543720568,0.155262943187097,0.00751751088643696,0.00249658344858084,0.00249658344858084,0.157139509196625,0.0328799666210327,0.181328339266185,1.14193536452456,1.06861375834516,0.135850587297133,0.368579146584736,1,0.007606
670,0.00372210064301232,0.484861528565363,0.0213807047035515,0.149517902372775,0.0101081742309916,0.00222077345276128,0.00222077345276128,0.151658760400048,0.0328309127216479,0.181193026139661,1.14026531230826,1.06783206184693,0.135648240121478,0.368304548059724,1,0.0078462
671,0.00328263288456043,0.324640794417978,0.0226549584172961,0.141537574973071,0.0125859855613076,0.00196226433473701,0.00196226433473701,0.144039644238801,0.0327820004458759,0.18105800298765,1.13859688027668,1.06705055188434,0.135446573952406,0.368030669852943,1,0.0070711
672,0.00282333875596029,0.184989760939576,0.0233831440178212,0.131658876554679,0.0147712629722631,0.00172099222005095,0.00172099222005095,0.134600954783094,0.0327332295690841,0.180923269838581,1.13692950012303,1.06626896237442,0.135245564192496,0.367757480131262,1,0.0078023
673,0.00235498650307126,0.109213324820189,0.0236019753377873,0.120247863329961,0.0165176260410895,0.00149672224653852,0.00149672224653852,0.123687562617799,0.0326846000243476,0.180788827155739,1.13526288662084,1.06548715929421,0.135045186396164,0.367484947169491,1,0.0075626
674,0.00188765414152821,0.165839191688187,0.0233549138757391,0.107672728877065,0.0178386083600908,0.00128909290696289,0.00128909290696289,0.111664790846679,0.0326361118392049,0.180654675663833,1.13359702035807,1.06470513305707,0.13484541395668,0.367213036201984,1,0.007689
675,0.00143081067311693,0.263794333329438,0.0226904391462251,0.0942800189742795,0.0187293716840626,0.00109764122922673,0.00109764122922673,0.098881808938045,0.0325877650768048,0.180520816186956,1.13193210271626,1.06392297781196,0.134646221830371,0.366941714486607,1,0.0080939
676,0.000993871316880972,0.356806246220465,0.021660541157293,0.0804035553352711,0.0192076388603407,0.000921832815883761,0.000921832815883761,0.0856890481957766,0.0325395597849459,0.18038724950768,1.13026850879654,1.06314086968592,0.134447587791002,0.366670953023283,1,0.007379
677,0.000589157092951434,0.436974607753327,0.0203193443029606,0.0663617227694782,0.0192898150707962,0.000761082209370434,0.000761082209370434,0.0724386899197937,0.0324914959552873,0.18025397625375,1.1286067345794,1.06235904221661,0.134249494084522,0.366400728826407,1,0.0069982
678,0.000259048050345841,0.502376437939181,0.0187218388728597,0.0524568792827665,0.0190087747648643,0.000614757383279763,0.000614757383279763,0.0595022019632521,0.0324435734938576,0.180120996815634,1.12694734487064,1.06157776204602,0.134051927679722,0.366131025289748,1,0.0070087
679,0.000277442900959136,0.552613185048101,0.0169227284314514,0.0389736975194926,0.018412545000858,0.000482200922543363,0.000482200922543363,0.0473017029013795,0.0323957922029602,0.179988311295373,1.12529092381943,1.06079730571841,0.133854879719908,0.365861831460878,1,0.0069487
680,0.000548020247286703,0.587932968584249,0.0149754296575452,0.0262154024138364,0.0175397188162819,0.000362745269592235,0.000362745269592235,0.0363970948480613,0.0323481517737297,0.179855919484819,1.12363803238515,1.06001793965251,0.133658345717133,0.365593142327825,1,0.0080023
681,0.000813302309846829,0.608959374464587,0.0129312388807779,0.0146809055575878,0.01646484985028,0.000255719835322799,0.000255719835322799,0.027703075802938,0.0323006517879542,0.179723820869561,1.1219891769197,1.05923990527156,0.13346232352231,0.365324956062832,1,0.0075995
682,0.00104425545606354,0.616564967916062,0.010838721839266,0.00696890451065816,0.0151638273283162,0.000160459769421806,0.000160459769421806,0.0226467808046536,0.0322532917273699,0.179592014653686,1.12034478351759,1.05846340679193,0.133266816495221,0.365057278375902,1,0.0071579
683,0.00123572860741797,0.611842517495687,0.00874328822518314,0.0109980631080909,0.0136898958851246,7.62857119209759e-05,7.62857119209759e-05,0.0223691008416378,0.0322060709884209,0.179460499799875,1.11870518702147,1.05768860588619,0.133071830293872,0.364790118141751,1,0.0071267
684,0.00138665564613432,0.596046428062883,0.00668718701647863,0.0190558267722532,0.0121185208750478,2.51057424205392e-06,2.51057424205392e-06,0.0257846118160556,0.0321589889004464,0.179329275079242,1.1170706251197,1.05691561873202,0.1328773711308,0.364523485019552,1,0.0074635
685,0.00149755685740796,0.570523323035252,0.00471098383050504,0.0266202019450324,0.0105029443446682,-6.15471129834511e-05,-6.15471129834511e-05,0.0307007337206102,0.032112044745375,0.179198339125604,1.11544124104661,1.05614451712188,0.132683445517096,0.36425738910432,1,0.0069171
686,0.00156990860178717,0.536671512149032,0.00286174987994077,0.0331229588948518,0.00883785735945971,-0.000116560639950025,-0.000116560639950025,0.0356879130778602,0.0320652377772521,0.179067690489524,1.11381709000593,1.05537533134233,0.132490060683583,0.363991841506898,1,0.0069617
687,0.00160588113313829,0.495930347550387,0.00126420037793636,0.0384396976720599,0.00719653263802119,-0.00016320276361359,-0.00016320276361359,0.0401060744645024,0.0320185672402462,0.178937327688345,1.11219815464523,1.05460805735839,0.132297222726403,0.363726851808336,1,0.0068939
688,0.00160817732480362,0.449731567955377,0.00101637639684461,0.0425551363105139,0.00561217548032642,-0.00020213472440056,-0.00020213472440056,0.0436768457263523,0.0319720323841329,0.178807249249388,1.11058436033158,1.05384266393593,0.132104936741982,0.363462428239814,1,0.0072196
689,0.00157990744077897,0.399472445985971,0.00223058932758549,0.045499992970711,0.00414002159058762,-0.000234003323343002,-0.000234003323343002,0.0462976358533126,0.0319256324766197,0.178677453744505,1.10897559271293,1.05307910088128,0.131913206521888,0.363198577257522,1,0.0079705
690,0.00152448075976987,0.346488489990184,0.00345004484446525,0.0473348072748891,0.0028536162212342,-0.000259434461772345,-0.000259434461772345,0.0479533583744899,0.0318793668122211,0.178547939815113,1.10737171435332,1.05231730687722,0.131722034582123,0.36293530357644,1,0.0074094
691,0.00144550806727677,0.292045266103067,0.0045158314260526,0.0481134168210416,0.00189549790904214,-0.00027903262969331,-0.00027903262969331,0.048651382000402,0.0318332347176934,0.178418706187702,1.10577257577534,1.05155721469416,0.13153142178691,0.362672609645269,1,0.0071055
692,0.00134671245005711,0.237359512519759,0.0054040493720841,0.0479016036322053,0.00170389585188607,-0.000293391340006055,-0.000293391340006055,0.0484318725675924,0.0317872355542782,0.178289751680455,1.10417802818937,1.05079875722679,0.131341367434035,0.362410495755896,1,0.0072759
693,0.0012318467382253,0.183585880808253,0.0061097150942134,0.0467992463323088,0.00225792545765839,-0.000303081964746266,-0.000303081964746266,0.0473748932107876,0.0317413687171817,0.178161075202138,1.10258793634567,1.05004187361537,0.131151869714065,0.362148960669591,1,0.0074894
694,0.0011046189006186,0.131851438000096,0.00663488162289529,0.0449186239533582,0.00302477827355107,-0.000308644073797382,-0.000308644073797382,0.0455781703447053,0.0316956336328384,0.178032675744759,1.10100218624951,1.04928651294559,0.130962925856117,0.361888001812877,1,0.0074245
695,0.000968627219503122,0.0835086836991872,0.00698584702884979,0.0423696061068405,0.00376732581410966,-0.000310584943346459,-0.000310584943346459,0.0431421009388371,0.0316500297545734,0.177904552371696,1.09942068848638,1.0485326358709,0.130774532239872,0.361627615427628,1,0.0076595
696,0.000827306338234702,0.0418696065963191,0.00717202590557417,0.0392633065658059,0.00440858065439767,-0.000309380628061851,-0.000309380628061851,0.0401708754081045,0.0316045565572763,0.177776704202987,1.09784337959377,1.04778021530938,0.130586684788337,0.361367797110281,1,0.0075508
697,0.000683886343887039,0.0282818792511709,0.00720525857844616,0.035710398149068,0.00492807904688399,-0.000305473291336789,-0.000305473291336789,0.0367715325148434,0.0315592135316569,0.177649130399383,1.09627022143884,1.04702923619106,0.130399379107167,0.361108542002494,1,0.0075179
698,0.000541371729835187,0.0555441587413987,0.00709926787068355,0.0318195995699853,0.00531611940392544,-0.000299272556946173,-0.000299272556946173,0.0330511803341546,0.0315140001785791,0.177521830146546,1.09470119874411,1.04627969431893,0.130212610790749,0.360849845213697,1,0.0078042
699,0.000402563643434357,0.08696815181861,0.00686918159135975,0.0276976925699319,0.00557211912157432,-0.00029115385451628,-0.00029115385451628,0.0291180761713754,0.0314689160038708,0.177394802640525,1.09313631557332,1.04553159472745,0.130026375607268,0.360591702077666,1,0.0069205
700,0.000270231116451677,0.115101013176417,0.00653108980145856,0.0234466945239948,0.00570100112096547,-0.000281458500702714,-0.000281458500702714,0.0250801256457082,0.0314239605139008,0.177268047075328,1.09157559085493,1.04478494957332,0.129840669622736,0.360334108325504,1,0.0075368
701,0.000148171400645619,0.13881583157592,0.00610163439413099,0.0191612744554738,0.00571336933728359,-0.000270497723020124,-0.000270497723020124,0.0210456373729215,0.0313791332121046,0.177141562633123,1.09001905351969,1.04403977583217,0.129655489245363,0.360077060148745,1,0.0069608
702,5.55445643819222e-05,0.157843170939948,0.00559763655220755,0.0149314468166077,0.00561445596653118,-0.000258547755620286,-0.000258547755620286,0.0171288125841043,0.0313344335965392,0.177015348477298,1.08846673776856,1.04329609304768,0.129470831376289,0.359820554410514,1,0.0079689
703,9.81049029651207e-05,0.172178994413504,0.00503575697022087,0.0108382431581153,0.00542752875258138,-0.000245855217716473,-0.000245855217716473,0.0134656831981557,0.0312898611584567,0.176889403748378,1.08691867885939,1.04255392131985,0.129286693174343,0.359564588320851,1,0.0075202
704,0.000185480609070537,0.181953103074974,0.00443220922128002,0.00697203676152943,0.00515053893934162,-0.000232635609449527,-0.000232635609449527,0.0102421275975508,0.0312454153818155,0.176763727562573,1.08537490928882,1.04181327947421,0.129103072362262,0.359309159864123,1,0.007981
705,0.000265397121685609,0.187391592183822,0.00380251047973682,0.00350173972721236,0.00480674137407959,-0.000219080142011219,-0.000219080142011219,0.00778416928698771,0.031201095743594,0.176638319012591,1.08383545635832,1.04107418388812,0.128919966905919,0.359054267355116,1,0.0073897
706,0.000333724595340199,0.188789855083343,0.0031612853879383,0.00171580528786488,0.00439714270173035,-0.000205355818898578,-0.000205355818898578,0.00657578924707004,0.0311569017147392,0.176513177170259,1.08230033990598,1.04033664739159,0.128737375172507,0.358799909660673,1,0.0077625
707,0.000389643261035584,0.186500695230693,0.00252214615871513,0.00379271052517124,0.00394957925656103,-0.000191608897852413,-0.000191608897852413,0.00686237792544435,0.0311128327615668,0.176388301090426,1.08076957152172,1.0396006788771,0.128555295607406,0.35854608575106,1,0.0071928
708,0.000433073172295752,0.180914093826827,0.00189774809314011,0.00633537841028754,0.0034641334355036,-0.000177964935094588,-0.000177964935094588,0.00811765611446265,0.0310688883474295,0.176263689815655,1.0792431539014,1.03886628297457,0.12837372686764,0.358292794886585,1,0.0073577
709,0.00046429491460573,0.172450149326037,0.00130037780044145,0.00860638006018574,0.00296506466480659,-0.000164531843577231,-0.000164531843577231,0.00968643238223538,0.031025067934485,0.17613934238121,1.07772108150799,1.03813346035469,0.128192667589168,0.358040036293664,1,0.0073404
710,0.000483835828914185,0.161541802136148,0.000745423107937708,0.010525513696847,0.00245983780798922,-0.000151400561470227,-0.000151400561470227,0.0112060793565212,0.0309813709854183,0.176015257819935,1.07620334135969,1.03740220809467,0.128012116417988,0.357787809208179,1,0.0070507
711,0.000492412725908825,0.148627322675164,0.000290748028362092,0.0120734770227534,0.00195535887100777,-0.000138647138772097,-0.000138647138772097,0.0125159220168952,0.0309377969650032,0.175891435166705,1.07468991422459,1.03667252024185,0.127832071956205,0.357536112800099,1,0.0068545
712,0.000490891050377789,0.134143928888512,0.000379506432829694,0.0132499599862197,0.00146519471256535,-0.000126334531085792,-0.000126334531085792,0.0135489741688497,0.0308943453414204,0.17576787346219,1.07318077610728,1.03594438852058,0.127652532702143,0.357284946089453,1,0.0068892
713,0.000480250176030799,0.118517563353143,0.000768840081790823,0.0140672952562412,0.00100338247899233,-0.000114513715421038,-0.000114513715421038,0.0142827206637886,0.0308510155872812,0.175644571755808,1.071675899838,1.0352178030917,0.127473497038601,0.357034307929366,1,0.00707
714,0.000461551986049608,0.102154130761946,0.00113354697986957,0.0145453123007656,0.000586894402479273,-0.000103224789480993,-0.000103224789480993,0.014716906564104,0.0308078071803386,0.175521529107795,1.07017525654319,1.03449275325794,0.12729496323474,0.356784197008136,1,0.006851
715,0.000435912021871469,0.0854357594231314,0.00144777100664112,0.0147058924543244,0.000285935039450768,-9.24981890846333e-05,-9.24981890846333e-05,0.0148611768170943,0.0307647196038896,0.175398744590403,1.06867881682016,1.03376922802923,0.127116929435541,0.356534611833888,1,0.0077895
716,0.000404472968402146,0.0687198738285088,0.00170684457858094,0.0145780894907885,0.000371131823953638,-8.23558193174811e-05,-8.23558193174811e-05,0.0147368205712063,0.0307217523468987,0.175276217288309,1.06718655195571,1.03304721671166,0.126939393698722,0.356285550785774,1,0.0070941
717,0.000368380515792102,0.0523376352218234,0.00191003382616842,0.0141891126825664,0.000655450563182984,-7.28118925501509e-05,-7.28118925501509e-05,0.0143658930862268,0.0306789049038823,0.175153946298342,1.06569843455952,1.03232670921541,0.126762353948447,0.356037012048533,1,0.0082659
718,0.00032876184500194,0.0366150093980403,0.00205835498840312,0.0135706392277487,0.000928641926279686,-6.38738179601361e-05,-6.38738179601361e-05,0.0137759908008436,0.0306361767746072,0.175031930728674,1.06421443921601,1.031607696373,0.126585808071521,0.355788993747025,1,0.0074642
719,0.000286706762941515,0.0219432142517022,0.00215398300160003,0.0127546206100354,0.00117288261351477,-5.55430129676182e-05,-5.55430129676182e-05,0.0129970965517202,0.0305935674636561,0.174910169697637,1.06273454281171,1.03089017010141,0.126409753857956,0.355541493862469,1,0.0078346
720,0.000243252141417847,0.00948896191192197,0.0021999784082386,0.0117734164767576,0.00137393091951581,-4.78152791341113e-05,-4.78152791341113e-05,0.0120593335712043,0.0305510764799172,0.174788662332307,1.06125872459603,1.03017412343547,0.126234189089858,0.355294510357053,1,0.0070222
721,0.000199370449729792,0.00878303468631744,0.00220010462350596,0.0106611088655254,0.0015327760553297,-4.06816266336207e-05,-4.06816266336207e-05,0.0109960152925534,0.0305087033360457,0.174667407767006,1.05978696618793,1.0294595505351,0.126059111531216,0.355048041159525,1,0.0076131
722,0.000155965283377869,0.0185878387043755,0.00215866988740068,0.00945206284212087,0.00164615988972008,-3.41286873579705e-05,-3.41286873579705e-05,0.0098407704416339,0.030466447547942,0.174546405141848,1.05831925133277,1.02874644657115,0.125884518975864,0.354802084232695,1,0.0076516
723,0.000113883844727618,0.028247657774914,0.00208038158720134,0.00817958601390814,0.00171779644779002,-2.81397831087826e-05,-2.81397831087826e-05,0.00862788922639268,0.0304243086342789,0.174425653601409,1.05685556556394,1.02803480756439,0.125710409240324,0.354556637563484,1,0.0073373
724,7.39945882317146e-05,0.0366620282591439,0.0019702103508104,0.00687435574721745,0.00175033803237663,-2.26951689188404e-05,-2.26951689188404e-05,0.00739033773119337,0.0303822861161034,0.174305152293624,1.05539589574561,1.02732463016595,0.125536780179248,0.35431169918484,1,0.0072269
725,3.77192967457269e-05,0.0436538093596551,0.00183326748203149,0.00556502059116745,0.00174675122491476,-1.77724167451654e-05,-1.77724167451654e-05,0.00616144318798746,0.0303403795165263,0.174184900368908,1.05394022963201,1.02661591144498,0.12536362969322,0.354067267186929,1,0.0076105
726,1.56792649418271e-05,0.0491873138958964,0.00167469340259458,0.00427777013129204,0.00171138435333277,-1.3347165873201e-05,-1.33471658732009e-05,0.00497694549250136,0.0302985883605061,0.174064896979564,1.05248855544517,1.02590864868426,0.1251909557268,0.353823339714609,1,0.0067257
727,3.60025718041391e-05,0.0532813255086688,0.00149955871512926,0.00303877153131862,0.00164503692924083,-9.3936579277365e-06,-9.3936579277365e-06,0.00388008114982283,0.030256912174723,0.173945141279436,1.05104086149687,1.02520283919665,0.125018756284837,0.35357991499071,1,0.0074496
728,6.24725819119363e-05,0.0559889510110239,0.00131277460177088,0.00187548753246439,0.00155665363256551,-5.88479622964933e-06,-5.88479622964932e-06,0.00293646169741197,0.0302153504875363,0.173825632423807,1.04959713589427,1.02449848018153,0.124847029398687,0.353336991268516,1,0.0074685
729,8.61541141515221e-05,0.0573862464070983,0.00111902240111004,0.000853054457401199,0.00144721647493629,-2.79328762142761e-06,-2.79328762142761e-06,0.00225497926411475,0.0301739028290109,0.173706369569486,1.04815736627704,1.02379556859611,0.124675773147389,0.353094566861895,1,0.0076941
730,0.00010620405627456,0.0575682977412462,0.000922702550665635,0.000579823291216505,0.00132114060201708,-9.15643398879951e-08,-9.15643398879951e-08,0.00198841699383935,0.0301325687309976,0.173587351875065,1.04672153968461,1.02309410108973,0.124504985642815,0.352852640124479,1,0.0072714
731,0.000122441954549708,0.056645322136295,0.000727908506222824,0.00132432952364653,0.00118010803687892,2.24795968017943e-06,2.24795968017943e-06,0.00216073370128804,0.0300913477272508,0.173468578501269,1.04528964246037,1.02239407395601,0.124334665029638,0.352611209449782,1,0.0073519
732,0.000134872310789671,0.0547398165374528,0.000538461468123854,0.00209309694891573,0.00103103931001147,4.25279162197256e-06,4.25279162197256e-06,0.00258166579936886,0.0300502393535667,0.173350048611377,1.04386166025072,1.02169548313121,0.124164809465706,0.352370273243511,1,0.0073206
733,0.000143599517559269,0.0519812764686394,0.000358175026919826,0.00276728092970402,0.000877160056607787,5.9497985396284e-06,5.9497985396284e-06,0.00306582062825285,0.0300092431479286,0.173231761371662,1.04243757803927,1.02099832420983,0.123995417122302,0.352129829923996,1,0.0071756
734,0.000148798938885883,0.0485031213313601,0.000192543562483037,0.00333058599648807,0.000721429929715196,7.36505751963712e-06,7.36505751963712e-06,0.00351981632028923,0.0299683586506441,0.17311371595181,1.04101738023419,1.02030259248626,0.123826486178829,0.35188987791471,1,0.0073311
735,0.00015070094547545,0.044439929899989,7.29644546250898e-05,0.0037799929863982,0.000568279002719836,8.52371994586321e-06,8.52371994586321e-06,0.00390396129283801,0.0299275854044674,0.172995911525294,1.03960105079293,1.01960828301507,0.123658014816954,0.351650415635975,1,0.007123
736,0.000149578951552053,0.0399243562474401,0.000142266858962586,0.0041165306265486,0.00041918666471709,9.44981004624701e-06,9.44981004624701e-06,0.00420115481783167,0.0298869229546976,0.172878347269684,1.0381885733458,1.01891539067079,0.123490001219631,0.35141144150359,1,0.0066415
737,0.000145739084589246,0.0350859206916345,0.000261521954320693,0.00434318558476307,0.000277350609203167,1.0166314877269e-05,1.0166314877269e-05,0.00440508895384428,0.0298463708492501,0.172761022366881,1.03677993132608,1.01822391021134,0.123322443567428,0.351172953923602,1,0.0075453
738,0.000139510728531717,0.0300484711635537,0.000369828337651194,0.00446730164336382,0.000153019923150426,1.06950203042633e-05,1.06950203042633e-05,0.00451790633098191,0.0298059286386999,0.172643936003266,1.03537510812845,1.01753383635555,0.123155340039787,0.350934951294093,1,0.0068525
739,0.000131237797008003,0.0249268728249275,0.000462172051320943,0.00449593785281124,7.33322096995719e-05,1.10561745414461e-05,1.10561745414461e-05,0.00454300945183593,0.0297655958762976,0.172527087369774,1.03397408719585,1.01684516382576,0.122988688812948,0.350697432002215,1,0.0072679
740,0.000121270782725617,0.0198293793656691,0.000537526054489264,0.00443720956961749,0.000126243113870066,1.12689793545506e-05,1.12689793545506e-05,0.00448644445252152,0.0297253721179602,0.172410475661893,1.0325768521161,1.01615788739551,0.122822488063482,0.350460394429216,1,0.0076136
741,0.000109959497658898,0.0148566163082332,0.000595816942394164,0.00430098092051363,0.000215351495433024,1.13512406154648e-05,1.13512406154648e-05,0.00435650512820954,0.0296852569222424,0.172294100079609,1.03118338670047,1.0154720019284,0.12265673596876,0.350223836951113,1,0.0072736
742,9.76466356163216e-05,0.0101080891794453,0.000637448468804802,0.00409660612654083,0.000299051865338844,1.13194939881378e-05,1.13194939881378e-05,0.00416156376952807,0.0296452498502917,0.172177959827301,1.02979367501841,1.01478750239566,0.122491430706742,0.349987757938392,1,0.0073299
743,8.46622325603043e-05,0.00571803728922475,0.000663155990628282,0.00383399027757776,0.000370789528414996,1.11892041545492e-05,1.11892041545492e-05,0.00391073773609687,0.029605350465793,0.172062054113604,1.02840770142333,1.01410438388922,0.122326570460567,0.349752155762573,1,0.0076033
744,7.13191395950584e-05,0.00226053099324999,0.000673931898262466,0.0035237979169155,0.000429076103710288,1.0974633949612e-05,1.0974633949612e-05,0.00361415069972596,0.0295655583349067,0.171946382151259,1.027025450564,1.01342264162787,0.122162153420372,0.349517028798845,1,0.0068821
745,5.79099173423817e-05,0.00329130393159777,0.000670969973624195,0.0031762719306402,0.000474503788513416,1.06888847291042e-05,1.06888847291042e-05,0.00328187618752255,0.0295258730262069,0.17183094315695,1.02564690736957,1.0127422709503,0.121998177783576,0.349282375426496,1,0.0066814
746,4.47062652036805e-05,0.00638090921121207,0.000655618748068688,0.00280155901081198,0.000506524056823709,1.03440910288466e-05,1.03440910288466e-05,0.00292395911526718,0.0294862941106204,0.171715736351158,1.02427205702395,1.01206326730296,0.12183464175851,0.349048194034163,1,0.0066261
747,3.19651805297541e-05,0.00926177425229108,0.00062933875870295,0.00240967041575418,0.000525724412267782,9.95129292191699e-06,9.95129292191699e-06,0.00255070910518651,0.0294468211613716,0.17160076095802,1.02290088493438,1.01138562622492,0.12167154356499,0.348814483020688,1,0.006948
748,1.99642736815712e-05,0.0117394198633636,0.000593662025391937,0.002009893471535,0.000533190370578594,9.52043529522939e-06,9.52043529522939e-06,0.00217227471776099,0.0294074537539347,0.171486016205213,1.02153337669086,1.01070934332817,0.12150888143465,0.348581240795671,1,0.0068995
749,9.28263669542177e-06,0.0137768826835658,0.000550155166736268,0.00161076560040654,0.000529924634553564,9.06042856518852e-06,9.06042856518852e-06,0.00179887741642842,0.0293681914659937,0.17137150132386,1.020169518025,1.01003441427755,0.121346653611589,0.348348465780444,1,0.0067431
750,5.4169775998101e-06,0.0153686875146982,0.000500386267820765,0.00122023911060631,0.000516946289580035,8.57929077446862e-06,8.57929077446862e-06,0.00144172892717805,0.0293290338774115,0.17125721554846,1.0188092947724,1.00936083477238,0.121184858352641,0.34811615640852,1,0.0067014
751,1.290486073776e-05,0.0165235230626266,0.000445895311123234,0.00084596007776707,0.000495509145506455,8.08420200115734e-06,8.08420200115734e-06,0.00111504961957036,0.0292899805702066,0.171143158116843,1.01745269283973,1.00868860053028,0.121023493927037,0.347884311125175,1,0.0066889
752,2.08615121766459e-05,0.017259327328635,0.000388168680426988,0.000497120630356109,0.000466840692977092,7.58152567126302e-06,7.58152567126302e-06,0.000840785378131907,0.0292510311285378,0.171029328270147,1.01609969817761,1.00801770727384,0.120862558616092,0.347652928387051,1,0.0078842
753,2.78625995509953e-05,0.0176007849930062,0.000328618576082949,0.000203037746123993,0.000433208208224562,7.07683185630081e-06,7.07683185630081e-06,0.000657287517209298,0.0292121851386942,0.17091572525281,1.01475029676173,1.00734815072136,0.120702050711603,0.347422006659917,1,0.0073276
754,3.37319671034513e-05,0.0175775232895671,0.000268570026340731,0.000218231566304491,0.000393460686419418,6.57492231370682e-06,6.57492231370682e-06,0.000608129485813655,0.0291734421890909,0.170802348312577,1.01340447457746,1.00667992657918,0.120541968518377,0.34719154442235,1,0.0077394
755,3.84320076419865e-05,0.0172241125125139,0.000209255363200213,0.000459341333750697,0.000350281003810791,6.08000295354572e-06,6.08000295354572e-06,0.00068507440069137,0.029134801870267,0.170689196700515,1.01206221761687,1.00601303054029,0.120382310350658,0.346961540160661,1,0.0070066
756,4.19722592389155e-05,0.0165783657609376,0.000151833066555648,0.000689559815664987,0.000303629130027345,5.59567145264062e-06,5.59567145264062e-06,0.000822326008272952,0.0290962637748853,0.170576269671034,1.01072351187428,1.0053474582821,0.120223074533041,0.346731992370247,1,0.0067929
757,4.43901263280974e-05,0.0156807621176497,9.75066540058116e-05,0.000888286680278214,0.000255851361458795,5.12498500393477e-06,5.12498500393477e-06,0.000969996096310477,0.0290578274977328,0.170463566481911,1.00938834335251,1.00468320546952,0.120064259398484,0.346502899552781,1,0.0067482
758,4.57434225613129e-05,0.0145726956147356,4.83836778944222e-05,0.00105244492736045,0.000208286780401692,4.67046342467192e-06,4.67046342467192e-06,0.00110460253371316,0.0290194926357206,0.170351086394307,1.00805669807123,1.00402026775919,0.119905863288255,0.346274260216169,1,0.0070634
759,4.61058666915791e-05,0.0132952513208297,2.18652677956334e-05,0.00118191494216598,0.000161997076189478,4.23412477257301e-06,4.23412477257301e-06,0.00121639431461798,0.0289812587878813,0.170238828672784,1.00672856207854,1.00335864080524,0.119747884551723,0.346046072874297,1,0.0068381
760,4.55635747165726e-05,0.011888516079463,5.19499507979353e-05,0.00127726774940324,0.000116959746803041,3.81753647160643e-06,3.81753647160643e-06,0.00130112296826334,0.0289431255553658,0.170126792585312,1.00540392146122,1.00269832026449,0.119590321546232,0.345818336046879,1,0.0069124
761,4.42119919753373e-05,0.010391452631061,8.80225015042243e-05,0.00133972422974943,7.45547487593793e-05,3.42187306512365e-06,3.42187306512365e-06,0.00135757702147358,0.0289050925414359,0.170014977403274,1.00408276235683,1.00203930180249,0.119433172636681,0.345591048258894,1,0.006988
762,4.21530744565772e-05,0.00884115465086424,0.000120116833351944,0.00137118744164534,3.67133694104588e-05,3.04795516603562e-06,3.04795516603562e-06,0.00138618849257056,0.0288671593514561,0.169903382401458,1.00276507096465,1.00138158109916,0.119276436195479,0.345364208040554,1,0.0070228
763,3.94926825758813e-05,0.00727243673682425,0.000147211918247113,0.00137393890079217,1.92442887013115e-05,2.69628995219762e-06,2.69628995219762e-06,0.00138831558915311,0.0288293255928824,0.169792006858045,1.00145083355502,1.00072515385346,0.11912011060251,0.345137813927291,1,0.0070032
764,3.63381887758885e-05,0.00571772540998564,0.000169086120729829,0.00135056010772732,4.33869394948827e-05,2.36710939649498e-06,2.36710939649498e-06,0.00136592982283479,0.0287915908752483,0.16968085005459,1.00014003647676,1.00007001578728,0.11896419424516,0.344911864459835,1,0.0069231
765,3.27963102399777e-05,0.00420745915374149,0.000185755858878978,0.00130389064286118,7.15455440915278e-05,2.06040514605377e-06,2.06040514605377e-06,0.00132144729940613,0.0287539548101507,0.169569911276001,0.998832666162708,0.999416162648327,0.118808685518422,0.344686358184396,1,0.0069361
766,2.89711878930629e-05,0.0027724843670445,0.000197370276458391,0.00123700610687636,9.65814842377083e-05,1.77596114392387e-06,1.77596114392387e-06,0.0012576358537963,0.0287164170112332,0.169459189810506,0.997528709133315,0.998763590212076,0.118653582825061,0.344461293652946,1,0.0069422
767,2.49627463064945e-05,0.00145982565886915,0.000204173982311565,0.00115310368452269,0.00011767762465823,1.51338515763655e-06,1.51338515763655e-06,0.0011774784294368,0.0286789770941692,0.16934868494963,0.996228151998142,0.998112294282633,0.118498884575737,0.344236669423431,1,0.0073421
768,2.08653971528889e-05,0.000571559369298657,0.00020648579289129,0.00105543680962262,0.000134584463431289,1.27213847855856e-06,1.27213847855856e-06,0.00108408076120774,0.0286416346766447,0.169238395988158,0.994930981455476,0.99746227069272,0.118344589189171,0.344012484060056,1,0.0070145
769,1.67672318859239e-05,0.00120486505809896,0.0002046824636768,0.000947121135457898,0.000147539743056998,1.05156292806718e-06,1.05156292806718e-06,0.000980522659128381,0.0286043893783411,0.169128322224106,0.993637184290287,0.996813515302781,0.118190695092131,0.343788736133299,1,0.0070853
770,1.27501576097004e-05,0.00215601248691548,0.000199184808687954,0.000831183545391657,0.000156512334627127,8.50894363191301e-07,8.50894363191301e-07,0.000869836382356917,0.028567240820918,0.16901846295869,0.992346747371228,0.996166023999628,0.11803720071965,0.343565424220264,1,0.0069155
771,8.89283061599037e-06,0.00301466036284507,0.000190445053298923,0.000710572115329458,0.000161685477338862,6.69290285193469e-07,6.69290285193469e-07,0.000755097174202265,0.0285301886279973,0.168908817496297,0.991059657647234,0.995519792694869,0.11788410451505,0.343342546904764,1,0.0075734
772,5.28741662148665e-06,0.00374482948238489,0.000178934944214739,0.000588039005802505,0.000163360795018996,5.0584971944545e-07,5.0584971944545e-07,0.000639370135849772,0.0284932324251475,0.168799385144459,0.989775902143539,0.994874817323033,0.117731404929942,0.343120102777353,1,0.0069531
773,2.2029255965408e-06,0.00433890051700622,0.000165134855126303,0.000466196422766303,0.000161707670952615,3.59635791369328e-07,3.59635791369328e-07,0.000525830385033084,0.028456371839869,0.168690165213829,0.988495467957709,0.994231093839712,0.11757910042429,0.342898090435468,1,0.0077412
774,2.09958206311123e-06,0.00479653325593215,0.000149523770195544,0.000347396782284439,0.000157311082702241,2.29673007723363e-07,2.29673007723363e-07,0.000418092475774989,0.0284196065015803,0.168581157018156,0.987218342255957,0.993588618219813,0.117427189466232,0.342676508483193,1,0.0072017
775,4.55911057439304e-06,0.00512106853078627,0.000132570607502431,0.000234053951354312,0.000150192346405748,1.1497933938287e-07,1.1497933938287e-07,0.000320816833742453,0.0283829360416051,0.168472359874269,0.985944512269722,0.99294738645596,0.117275670532211,0.342455355531508,1,0.0076006
776,6.93974133063179e-06,0.00531855584957637,0.000114726558831663,0.000129399128882235,0.000141018537752216,1.45572396359483e-08,1.45572396359483e-08,0.000241779713530931,0.0283463600931599,0.168363773102054,0.984673965293159,0.992307394557331,0.11712454210671,0.342234630197924,1,0.0069318
777,9.00668733982115e-06,0.00539705188560625,9.64189330858874e-05,4.90253656087915e-05,0.000129830272215573,-7.25839790494121e-08,-7.25839790494121e-08,0.000193675152850929,0.0283098782913426,0.168255396024444,0.983406688680826,0.991668638548596,0.116973802682319,0.342014331106636,1,0.0076167
778,1.07223362505697e-05,0.00536628825297893,7.80468722502042e-05,8.23593536995188e-05,0.000117529079402342,-1.47429709773661e-07,-1.47429709773661e-07,0.000188612071089257,0.0282734902731211,0.168147227967401,0.982142669846499,0.991031114469419,0.116823450759423,0.341794456888088,1,0.0072526
779,1.20795295455241e-05,0.00523705888971822,5.99811768325564e-05,0.000157012043160663,0.000104014641375018,-2.10934479438762e-07,-2.10934479438762e-07,0.000218105847363012,0.0282371956773223,0.168039268259899,0.980881896262062,0.990394818373997,0.116673484846301,0.341575006179172,1,0.0074305
