step,position_error_m,attitude_error_deg,velocity_error_ms,rate_error_rads,thrust_error_N,yaw_error_raw_rad,yaw_error_corrected_rad,fullstate_error,cumulative_mse_pos,cumulative_rmse_pos,cumulative_mse_full,cumulative_rmse_full,cumulative_mse_input,cumulative_rmse_input,in_track,solve_time_s
1,0,0,0,0,0.000598527511333148,0,0,0.000598527511333148,0,0,3.58235181822652e-07,0.000598527511333148,0.0183708858406577,0.135539240962379,1,0.0090719
2,7.66488697682622e-07,0.00129638169679582,0.000182569385091126,0.00638185691704809,0.0343243005027516,-3.71167565793584e-07,-3.71167565793584e-07,0.0349130283250029,2.93752461837601e-13,5.41989355834228e-07,0.000609638891002139,0.0246908665502477,0.0100721009742829,0.100359857384728,1,0.0086672
3,1.27029918713632e-05,0.0273898706668735,0.00104585790263449,0.0410634693756887,0.0514311305593095,-2.07790117829898e-05,-2.07790117829898e-05,0.0658231890249279,5.39845024691987e-11,7.34741467927316e-06,0.00185065666513856,0.0430192592351211,0.00718028147901261,0.0847365415804339,1,0.0081174
4,4.13001801073427e-05,0.0934723944838177,0.00175236881808424,0.0710123536077979,0.0254737131152266,-5.6072460731027e-05,-5.6072460731027e-05,0.0754811128451342,4.66914596076636e-10,2.1608206683495e-05,0.00281234209793889,0.0530315198531863,0.00629821823897166,0.0793613144987636,1,0.0078518
5,7.98645960022564e-05,0.180664018586794,0.00209639377831457,0.0771060073163508,0.0102367503034645,-8.2366884718299e-05,-8.2366884718299e-05,0.0778747149129393,1.64920241578204e-09,4.06103732534193e-05,0.00346276792290543,0.0588452880263613,0.00568532851329832,0.0754011174539099,1,0.0079243
6,0.000122381467272815,0.261896891868073,0.00237791558217758,0.062143253108509,0.0303350879429298,-9.74150313826083e-05,-9.74150313826083e-05,0.0693438146519497,3.87053926845955e-09,6.22136582147325e-05,0.00368706737416852,0.060721226718245,0.00505882008423812,0.0711253828407139,1,0.0076193
7,0.00016880088282451,0.318783665862757,0.00294005601527474,0.0363631768088033,0.0380568814707414,-0.000109129259461938,-0.000109129259461938,0.0530116536421277,7.38813909329875e-09,8.59542849036553e-05,0.00356180566669771,0.0596808651637836,0.0044712765106437,0.0668676043435362,1,0.0070816
8,0.000224642556138137,0.344288665880789,0.00382900233345739,0.00869115922524528,0.0366514812715821,-0.00012447107881175,-0.00012447107881175,0.0383364941180798,1.27726564601709e-08,0.000113016177869237,0.0033002908060187,0.0574481575511234,0.00396413939255269,0.0629614119326488,1,0.0077276
9,0.000297153696133683,0.339281769841286,0.00488423593937417,0.0166044040665592,0.0311280654403263,-0.000146434045178667,-0.000146434045178667,0.0361063970824417,2.11646189785863e-08,0.000145480648124025,0.00307844426204717,0.0554837297056278,0.00354035044475551,0.0595008440675888,1,0.0076129
10,0.000391046512654589,0.308385054897524,0.00594348446912085,0.0366527339268798,0.0241343627998325,-0.000174908767965887,-0.000174908767965887,0.0446132023343119,3.43398945866592e-08,0.000185310265734684,0.00296963361809468,0.0544943448267311,0.00319001750677704,0.0564802399674173,1,0.0076008
11,0.000506967228515367,0.257556150162853,0.00689209514769421,0.0514398558455644,0.0172032665221361,-0.000208123371490787,-0.000208123371490787,0.0548632480647521,5.45831560595586e-08,0.000233630383425527,0.00297330110628739,0.0545279846160427,0.002900419528899,0.0538555431585181,1,0.0076694
12,0.000642351996662491,0.192791960476586,0.00765489020195831,0.0612551188870368,0.0109895076136712,-0.000243682447576221,-0.000243682447576221,0.0627956294118512,8.44192336892861e-08,0.000290549881585393,0.00305413360353265,0.0552642163025285,0.00266000720801208,0.0515752577115431,1,0.0070633
13,0.000792781274555938,0.119697990175548,0.00818537469607551,0.0666569309793727,0.00571545496075502,-0.000279147765424703,-0.000279147765424703,0.0674374241300922,1.26271765658305e-07,0.000355347387296298,0.00316903149351491,0.0562941515036412,0.0024590758387307,0.0495890697506084,1,0.0066862
14,0.000952944338468167,0.0447347475662107,0.00845857673827963,0.0682767080278766,0.00243255543039291,-0.000312323531043157,-0.000312323531043157,0.068852679018735,1.82116847555465e-07,0.000426751505627648,0.0032812929159822,0.0572825707871268,0.00228967889396759,0.0478505892750297,1,0.0067458
15,0.00111721307879691,0.0415305992965172,0.0084663270707553,0.0667717235103728,0.00405509359764355,-0.000341361441242638,-0.000341361441242638,0.0674415235967408,2.53186728614091e-07,0.000503176637587728,0.00336576399525337,0.0580152048626338,0.00214542613549284,0.0463187449688875,1,0.0068467
16,0.00127999651660135,0.113002060812137,0.00821368387389213,0.0627506151279652,0.00677038348856446,-0.000364786277811335,-0.000364786277811335,0.0636904277508884,3.39762000732684e-07,0.000582891071069616,0.00340893315724323,0.0583860698903705,0.00202115901563083,0.0449573021391501,1,0.006792
17,0.00143597958552162,0.181007120839668,0.00771608927115952,0.0567509671599353,0.00903368642667965,-0.000381503420607165,-0.000381503420607165,0.0580849394558087,4.41072316573987e-07,0.00066413275523346,0.00340687004161627,0.0583683993408785,0.00191271682873543,0.0437346181958346,1,0.0067053
18,0.00158029436086135,0.241579676326596,0.00699708637260971,0.0492573352918541,0.0107381136282493,-0.000390795033354596,-0.000390795033354596,0.0510962465388602,5.55308869373775e-07,0.00074519049200441,0.00336264539543536,0.057988321198629,0.00181679818998308,0.0426239157044854,1,0.00687
19,0.00170864561122517,0.293032113160426,0.00608644199281596,0.0407148484326066,0.0118986520342548,-0.000392293299714908,-0.000392293299714908,0.0431902521716432,6.7973839334142e-07,0.000824462487528341,0.00328384289476246,0.0573048243585342,0.00173083572767955,0.0416033139026154,1,0.0070206
20,0.00181740042803211,0.334331300038089,0.00501866648718993,0.0315266113943715,0.0125626170823707,-0.000385936351252836,-0.000385936351252836,0.0348466050041238,8.10898689464913e-07,0.000900499133517025,0.00318036504404001,0.0563947253210795,0.00165285862797494,0.040655364073821,1,0.0070174
21,0.00190364687611816,0.364917476383128,0.00383236233565996,0.0220544776502089,0.0127811268374454,-0.000371936169630382,-0.000371936169630383,0.0266201496455023,9.44849772297747e-07,0.000972033832897676,0.00306266348799757,0.0553413361602119,0.00158138496672622,0.0397666313223313,1,0.0070792
22,0.00196522479068267,0.384628470992637,0.00257269330498175,0.0126314215013692,0.0126082722983337,-0.000350743806258214,-0.000350743806258214,0.0193408121279621,1.07745244073484e-06,0.0010380040658566,0.00294045455735083,0.0542259583350154,0.00151532368842759,0.0389271587510261,1,0.0068453
23,0.00200073174644702,0.393644142778175,0.00131703488139043,0.00373369066415543,0.0120925731251264,-0.000323002553628715,-0.000323002553628715,0.0145983042875513,1.20464700945249e-06,0.00109756412543983,0.00282187438042566,0.0531213175704976,0.00145389340961808,0.0381299542304746,1,0.0068999
24,0.00200950725789351,0.392437163110301,0.000644969959442261,0.0055489371028117,0.0112984588254872,-0.000289508536734262,-0.000289508536734262,0.014484929174811,1.32270835987225e-06,0.00115009058768092,0.00271303849679123,0.0520868361180752,0.00139653277121133,0.0373702123517024,1,0.0073334
25,0.00199159800183881,0.381715712308789,0.00163358270096879,0.0133444547958255,0.0102894770756246,-0.000251141246720987,-0.000251141246720987,0.01830212344758,1.4284585295145e-06,0.00119518137933725,0.00261791566582719,0.0511655710984173,0.00134283747702533,0.0366447469226537,1,0.0077294
26,0.00194770780886375,0.362370409709121,0.00285572777039759,0.0204074702480104,0.00910801767459714,-0.000208812972266603,-0.000208812972266603,0.023481260462707,1.51942419025274e-06,0.00123264925678505,0.00253843312456144,0.050382865386572,0.00129252282346797,0.0359516734446114,1,0.0074259
27,0.00187913570012244,0.335440287727672,0.00403214535991288,0.0265242418378059,0.00777525580266287,-0.000163461935685838,-0.000163461935685838,0.0286016601611794,1.59393258985355e-06,0.00126251043158207,0.00247471541491011,0.0497465115853374,0.00124538850316595,0.0352900623854075,1,0.0078656
28,0.00178770405318226,0.302084396908176,0.0051149145588875,0.0316057589756812,0.00637467171324112,-0.00011605131650283,-0.00011605131650283,0.0331167107972247,1.65114520385036e-06,0.00128496895053941,0.00242550116916428,0.0492493773479857,0.00120126282217848,0.0346592386266415,1,0.0073083
29,0.00167567907980592,0.26352701208519,0.00607837318827615,0.0355992328634789,0.00491485149572345,-6.75131197249712e-05,-6.75131197249712e-05,0.0367745873681304,1.69103331332101e-06,0.00130039736746927,0.00238849665561021,0.048872248317529,0.00115999689454829,0.0340587271422215,1,0.0071383
30,0.00154568691483712,0.221039385904066,0.0069047808040905,0.0384859204986482,0.00346947861584676,-1.8761463234096e-05,-1.8761463234096e-05,0.0394734293837161,1.71430380416693e-06,0.00130931424958523,0.00236081848800025,0.0485882546301084,0.00112143794919049,0.0334878776453583,1,0.0071798
31,0.00140062720532452,0.1758916225484,0.00758185672460052,0.0402912703548135,0.00210312171171868,2.93543691736176e-05,2.93543691736176e-05,0.0411907769733066,1.72228615139688e-06,0.00131235900248251,0.00233939466927975,0.0483672892488275,0.00108542798193661,0.0329458340604182,1,0.0071371
32,0.00124358746246967,0.129325852183391,0.00810200120421169,0.041063223622583,0.000963048097643422,7.60728621012063e-05,7.60728621012063e-05,0.0419451964970744,1.71679313969109e-06,0.00131026453042548,0.00232126982052657,0.0481795581188389,0.00105180139362646,0.0324314876875308,1,0.0073938
33,0.00107776101322764,0.0825815104615281,0.00846186922480681,0.040868799997953,0.000975183162060256,0.000120720648929762,0.000120720648929762,0.0417857870125414,1.69996815974995e-06,0.00130382827080485,0.0023038389773669,0.047998322651598,0.00102038618399748,0.0319434842181858,1,0.0082644
34,0.00090637087669544,0.037245935054664,0.00866201011314043,0.0397952067897269,0.00191520274056079,0.000162722335461218,0.000162722335461218,0.0407872651179821,1.67413110111383e-06,0.00129388218208376,0.00228500844849742,0.0478017619810967,0.000991008423167798,0.0314802862624818,1,0.0081111
35,0.000732603235224379,0.0143330056600949,0.00870648854109175,0.0379273343617289,0.00289013387878068,0.000201600668222834,0.000201600668222834,0.0390286791338796,1.64163328394661e-06,0.00128126237904131,0.00226324357268136,0.0475735595964961,0.000963483690105968,0.0310400336679258,1,0.008105
36,0.000559558409452373,0.0522765349696416,0.00860252274327604,0.0353544335367554,0.0037644509635995,0.000236945705065494,0.000236945705065494,0.0365958472290015,1.60472973754778e-06,0.00126677927735963,0.00223757725217378,0.0473030363948635,0.000937629273918052,0.0306207327462628,1,0.0079721
37,0.000390249170310822,0.0905012168594329,0.00836011824510601,0.0321819217343073,0.00450312651646518,0.000268425421470209,0.000268425421470209,0.0335930508638137,1.56547472882834e-06,0.00125118932573306,0.00220760200390797,0.0469851253473689,0.00091327017384839,0.0302203602534515,1,0.0084667
38,0.000227835677440085,0.125122794263234,0.00799164853714612,0.0285267377116221,0.00508634016140012,0.000295795493387097,0.000295795493387097,0.0301385629922457,1.52564405427798e-06,0.0012351696459507,0.00217341071378506,0.0466198532149669,0.000890246096644238,0.0298369920843948,1,0.0081026
39,7.90745527254049e-05,0.155430071608432,0.00751139579235035,0.0245060561641708,0.00552042169237676,0.0003189063181126,0.000318906318112599,0.0263592159601613,1.48668530378081e-06,0.00121929705313382,0.00213549783050941,0.0462114469640305,0.000868409343438643,0.0294687859172828,1,0.0078241
40,8.41534949045216e-05,0.181016033815105,0.00693508814403908,0.0202341192098361,0.00580330775279464,0.000337690900352072,0.000337690900352072,0.0223870906972899,1.44969521645391e-06,0.00120403289674905,0.00209463993049389,0.045767236430594,0.000847630289540056,0.0291140909104175,1,0.0081929
41,0.000210888617081229,0.201638428336275,0.00627944907816071,0.0158232928832634,0.00593997951272381,0.000352165261352955,0.000352165261352955,0.0183717462714075,1.4154215284627e-06,0.00118971489377191,0.00205178337270284,0.045296615466311,0.00082779788746724,0.0287714769775074,1,0.0076258
42,0.000328185954452526,0.217191543368903,0.00556175687992179,0.0113811788947972,0.0059369998151643,0.000362426583501829,0.000362426583501829,0.0144979139568772,1.38428544494454e-06,0.00117655660507455,0.00200793589975994,0.0448099977656766,0.000808819921387577,0.028439759517049,1,0.007512
43,0.00043136314534642,0.227692641344266,0.00479942443969579,0.0070073425886186,0.00580811021654159,0.000368644330917434,0.000368644330917434,0.011038573751322,1.35642006629846e-06,0.00116465448365533,0.00196407343954374,0.0443178681746284,0.000790620751864991,0.0281179791568489,1,0.0073477
44,0.000519236095535549,0.233268152769378,0.00400961401883202,0.00279531960220279,0.00556635940144543,0.000371052517994297,0.000371052517994297,0.00846878037973775,1.3317197494032e-06,0.00115400162452364,0.00192106541230684,0.0438299602133842,0.00077313996464335,0.027805394524145,1,0.0072282
45,0.000591291819456875,0.234140883513006,0.00320889781671309,0.00123800114071442,0.00522664691117003,0.000369940221396803,0.000369940221396803,0.00749645635911087,1.30989544421106e-06,0.00114450663790607,0.00187962388887656,0.0433546293822996,0.000756330050136229,0.0275014554185088,1,0.007208
46,0.000647419098176887,0.230616475753075,0.0024129766193069,0.00490268175544103,0.00480515805492013,0.000365640716653459,0.000365640716653459,0.00834075538021846,1.29053144517786e-06,0.00113601560076342,0.00184027485216865,0.0428984248215322,0.000740153895116329,0.0272057695189151,1,0.0075757
47,0.000687835049546141,0.223068544152346,0.00163650794912351,0.00823799237048625,0.00432137960008853,0.000358519038706984,0.000358519038706984,0.010239518969768,1.27313964965034e-06,0.00112833490137031,0.00180335087124447,0.0424658789058283,0.000724581964947972,0.0269180602003185,1,0.0079307
48,0.000713043979723615,0.211923184497505,0.000893385477604229,0.0111846895354395,0.00378708708860397,0.000348958517720543,0.000348958517720543,0.0124268533322619,1.25720823438721e-06,0.00112125297519659,0.00176899828400483,0.0420594612899978,0.000709591223124574,0.0266381535231813,1,0.0077241
49,0.000723802523980411,0.197649805695538,0.000206594649642609,0.0137059493002055,0.0032075026321534,0.000337353631271409,0.000337353631271409,0.0145123294500716,1.24224255804707e-06,0.00111455935599997,0.00173719439465916,0.0416796640420621,0.000695163473008125,0.0263659529129543,1,0.0077107
50,0.000721085187447287,0.180754412555793,0.000467439107917051,0.0157772616656208,0.00260509806251102,0.000324106344745001,0.000324106344745001,0.0163217490825186,1.22779698383725e-06,0.00110806000913184,0.00170777849662823,0.0413252767277877,0.000681281782410314,0.0261013751057356,1,0.0078062
51,0.000706048868575169,0.161762878218992,0.0010488525522177,0.0173896501914431,0.00199889968058481,0.000309612103671419,0.00030961210367142,0.0177754078463956,1.21349714111134e-06,0.00110158846268075,0.00168048803834348,0.0409937560897203,0.000667929391465145,0.0258443299674251,1,0.0079864
52,0.000679996743472899,0.141206565124293,0.00156541219210434,0.0185457313047014,0.00140535412430712,0.000294248016942333,0.000294248016942333,0.0188389473443788,1.19905288015024e-06,0.0010950127305882,0.00165499607485696,0.0406816429714553,0.000655088991826794,0.0255947063242928,1,0.0088226
53,0.000644342300095878,0.119611651139106,0.00200997170078403,0.0192603209677032,0.000852336425532452,0.000278363078336064,0.000278363078336064,0.0195064027874419,1.18426276919821e-06,0.00108823837884822,0.00163094897438241,0.0403850092779785,0.000642742402412677,0.025352364828802,1,0.0089474
54,0.000600574358900994,0.097491965324967,0.00237932401470981,0.0195513392004205,0.000398408875632802,0.000262268540260013,0.000262268540260013,0.0197820817558025,1.16901141348286e-06,0.00108120831178957,0.00160799308149742,0.0400997890455477,0.000630869846445476,0.0251171225749582,1,0.0076174
55,0.000550223829047749,0.0753639372177002,0.00267220781260816,0.019432316877817,0.00045106977415645,0.000246252003683889,0.000246252003683889,0.0196721119001561,1.1532611380023e-06,0.0010738999664784,0.00158579306159042,0.0398220172968475,0.000619448683031795,0.0248887260226753,1,0.007183
56,0.000494832334153027,0.0537826596451352,0.0028890398887699,0.0189314869020468,0.000865571001677766,0.000230587919842318,0.000230587919842318,0.0191995559472953,1.13703967194732e-06,0.00106632062342774,0.00156405788100083,0.0395481716518075,0.000608455549002761,0.024666891758038,1,0.0086782
57,0.000435923497417336,0.0334809908810831,0.00303175729564817,0.0181001787641376,0.0012614628284734,0.000215503009404205,0.000215503009404205,0.0184100736120748,1.12042545481843e-06,0.00105850151384796,0.0015425644236219,0.0392754939322461,0.000597868090184231,0.0244513412757712,1,0.0073809
58,0.00037497954471041,0.0165611906121717,0.00310361070084725,0.0169822134659642,0.00162119438328229,0.000201158948641478,0.000201158948641478,0.0173459044969529,1.10353207902761e-06,0.00105049135123884,0.00152115607843562,0.0390020009542539,0.000587661883331956,0.0242417384552337,1,0.0072975
59,0.000313426562811412,0.0145701847694509,0.0031089846129817,0.0156186274261966,0.0019236865927463,0.000187698304701556,0.000187698304701556,0.0160458960995673,1.08649316599792e-06,0.00104234982899117,0.00149973768357464,0.0387264468235164,0.000577813476208991,0.0240377510638785,1,0.0104061
60,0.000252634669070645,0.0276103117697872,0.00305323257013016,0.01406204528159,0.00215636735698577,0.000175215291900788,0.000175215291900788,0.0145605394773805,1.06944868449823e-06,0.00103414152053683,0.00147827554401294,0.038448349041447,0.000568301588535343,0.0238390769228874,1,0.0081507
61,0.000193954340987463,0.0416816889183539,0.00294247618020376,0.0123571558488265,0.0023404789539724,0.000163732749507428,0.000163732749507428,0.0129383985815916,1.05253343207019e-06,0.0010259305200988,0.00145678581637102,0.0381678636600351,0.000559103897848037,0.0236453779383633,1,0.0118764
62,0.000138864572795429,0.0543275510461506,0.00278343017700842,0.0105450879045414,0.00246516104430465,0.000153280639938025,0.000153280639938025,0.011222376659363,1.0358681084816e-06,0.00101777606008473,0.00143532058929866,0.0378856251010679,0.000550200863442013,0.0234563608311693,1,0.0101098
63,8.95819400824221e-05,0.0650619174857683,0.00258324412302769,0.00867065442184554,0.00253307488890324,0.000143821755480111,0.000143821755480111,0.0094640030290707,1.01955313729918e-06,0.00100972923959801,0.00141395942682304,0.0376026518589186,0.000541574042305411,0.0232717434307233,1,0.0077093
64,5.21822305203812e-05,0.073723938373683,0.00234933641633516,0.00677762276422122,0.00254024121870709,0.000135343017636735,0.000135343017636735,0.00771795068529043,1.00366516617235e-06,0.001001830906976,0.00139279704144737,0.037320196160355,0.000533207420325715,0.0230912845100855,1,0.0081416
65,4.5486579911892e-05,0.0802709038995037,0.00208923905018029,0.00490910451011634,0.00249777307828501,0.000127851872363749,0.000127851872363749,0.00605540615064587,9.88255994830498e-07,0.000994110655224306,0.00137193351686586,0.0370396209060766,0.000525086916319726,0.0229147750658767,1,0.0093535
66,6.85164040220324e-05,0.0847259836172078,0.00181046214441843,0.0031063639435596,0.00241412711423678,0.000121307958174999,0.000121307958174999,0.00457675301386124,9.73353547903068e-07,0.000986586817215326,0.00135146401915805,0.0367622635206001,0.000517200030475928,0.022742032241555,1,0.0113993
67,9.63462950809217e-05,0.0871575182319801,0.0015204098620113,0.00143760109344433,0.00229759769860918,0.000115620513697401,0.000115620513697401,0.00346129840679496,9.58964429405646e-07,0.000979267292114694,0.00133147172912078,0.0364893371976085,0.000509535753611514,0.0225728986532858,1,0.0078631
68,0.000121069037855315,0.0876711782036203,0.00122638476362738,0.000679311397592094,0.00211852602751614,0.000110674170711533,0.000110674170711533,0.00296810630312587,9.45077565913317e-07,0.000972150999543444,0.00131202081626645,0.0362218278979188,0.000502085668123475,0.0224072681985885,1,0.0081192
69,0.000140886504027948,0.0864193870727068,0.000935770850013481,0.00189040462409722,0.00191857372004131,0.000106413975195174,0.000106413975195174,0.00322878434025885,9.31668456364098e-07,0.000965229742788782,0.00129315710948456,0.0359604937324915,0.000494841592721887,0.022245035237596,1,0.0079336
70,0.000155330875056639,0.0835772646821667,0.000656967244755131,0.00316461876612059,0.00170204080283502,0.000102770726271739,0.000102770726271739,0.00393640567453657,9.1870358814098e-07,0.000958490265021497,0.00127490479777242,0.0357058090199958,0.000487796166494819,0.0220861079978981,1,0.0089388
71,0.00016437449649041,0.0793335852450954,0.000403989693851639,0.00429548152462344,0.00147962798354419,9.96562974875381e-05,9.96562974875381e-05,0.00476947519847396,9.06144649929085e-07,0.000951916304056762,0.00125726878503856,0.0354579861954759,0.000480942652291333,0.0219304047452694,1,0.0210444
72,0.000168203966260393,0.0738819441632823,0.000225769388397438,0.00527215885390411,0.001326776797592,9.69487432977978e-05,9.69487432977978e-05,0.00559446395312045,8.93952259989316e-07,0.00094549048646156,0.00124024141339807,0.0352170613964037,0.000474274994523274,0.0217778555997434,1,0.0084695
73,0.000167140176868207,0.0673955594340939,0.000260027136958122,0.00608826450430898,0.00102816561948149,9.43988535802021e-05,9.43988535802021e-05,0.00629311216026609,8.8208902134184e-07,0.000939195944061643,0.00122379431541538,0.034982771694298,0.000467787631646254,0.0216283987305176,1,0.0080475
74,0.00016160070091179,0.0601077313993743,0.000425624833902352,0.00668389503359728,0.000746732634910567,9.19688182152711e-05,9.19688182152711e-05,0.00682201568481807,8.70521801952561e-07,0.000933017578587114,0.00120788547193684,0.0347546467675452,0.000461474656572748,0.021481961190095,1,0.0100915
75,0.000152074536498858,0.0522640976731027,0.000598438228943043,0.00708397096285126,0.000519520352924881,8.96728629813381e-05,8.96728629813381e-05,0.00718789777318435,8.59223200121878e-07,0.00092694293250549,0.00119246921063632,0.0345321474952879,0.000455330451735885,0.0213384735099745,1,0.0113127
76,0.000139102802071247,0.0440799268909615,0.000752623085391428,0.0073134541270441,0.000340422988580522,8.74413099158922e-05,8.74413099158922e-05,0.00740136298226804,8.48172231561644e-07,0.000920962665671982,0.00117749961804894,0.0343147143081352,0.000449349502277556,0.0211978655123,1,0.0195111
77,0.000123266317695347,0.0357535488057392,0.000881778101404074,0.00739103959785075,0.000306286702341191,8.517157421295e-05,8.517157421295e-05,0.00747685779486548,8.37354340048871e-07,0.000915070674892858,0.00116293343343122,0.0341018098263306,0.000443527458230296,0.02106009160071,1,0.0121493
78,0.000105182048979483,0.0274668064818349,0.000983771506878579,0.00733455972468559,0.000298603249157431,8.26613473212667e-05,8.26613473212667e-05,0.00742250705847377,8.26760864707572e-07,0.000909263913672797,0.00114873035878509,0.0338929249074949,0.000437857163202559,0.0209250367551065,1,0.0091017
79,8.55174505633348e-05,0.0194558428846291,0.00105807617802739,0.00711608068171318,0.000415248142725212,7.98762208829018e-05,7.98762208829018e-05,0.0072147890128087,8.1638810989293e-07,0.000903541980149749,0.00113484836918654,0.0336875105816167,0.000432331925715638,0.0207925930493442,1,0.0073043
80,6.50557769834456e-05,0.0121079850744555,0.00110516779711041,0.00675440640906369,0.000560086773702073,7.69222740055753e-05,7.69222740055753e-05,0.00687066147954653,8.06236161695755e-07,0.000897906543965325,0.00112125283943629,0.0334851136990198,0.000426945908950991,0.0206626694536546,1,0.0072509
81,4.4967727061722e-05,0.00660223763107192,0.0011262497976409,0.00628236875852402,0.000682185393250506,7.38796714201406e-05,7.38796714201406e-05,0.00642006798762598,7.96307592989351e-07,0.000892360685479449,0.00110791906701072,0.0332854182339763,0.00042169385323335,0.0205351857365194,1,0.0084149
82,2.81489660298708e-05,0.00686326450757607,0.00112304524936795,0.00572911748526596,0.000777178297807283,7.07663723940044e-05,7.07663723940044e-05,0.00589093923612158,7.86606187761293e-07,0.000886908218341274,0.00109483106820674,0.0330882315666271,0.000416571068763082,0.0204100727280204,1,0.0079094
83,2.37287377950945e-05,0.0114521869195014,0.00109764592281692,0.00511504502623062,0.000851410454398139,6.75570643662304e-05,6.75570643662304e-05,0.00530414237829387,7.77135788547269e-07,0.000881553054868094,0.00108197929541351,0.0328934536863114,0.000411572494778863,0.0202872495617041,1,0.0084259
84,3.56936007589347e-05,0.0163960309839938,0.00105241224607441,0.00445473519808741,0.000907663479473081,6.42401311132801e-05,6.42401311132801e-05,0.00467538816523983,7.67899339078077e-07,0.000876298658607941,0.00106935881873592,0.0327010522573192,0.000406693144009367,0.0201666344244489,1,0.008464
85,5.29104719108003e-05,0.0208383751196602,0.000989904542056705,0.00376258387355349,0.000944418933617572,6.08093865452908e-05,6.08093865452908e-05,0.00402044170085565,7.58898164712898e-07,0.000871147613618322,0.00105696829088573,0.0325110487509359,0.000401928216246037,0.0200481474517232,1,0.0076919
86,7.04672258749536e-05,0.024578224747719,0.000912821385856989,0.00305456048564026,0.000959147682612274,5.72758280159569e-05,5.72758280159569e-05,0.00335745865537171,7.50131507331614e-07,0.000866101326249772,0.00104480903783616,0.032323505964486,0.000397273187791139,0.0199317131173198,1,0.0072697
87,8.70016027104687e-05,0.0275505590259578,0.000823935434206751,0.00234801714079892,0.000952487380324496,5.36758069156207e-05,5.36758069156207e-05,0.00270888728963791,7.41596309303368e-07,0.000861159862803282,0.00103288408418687,0.0321385140320281,0.000392723938256934,0.0198172636420101,1,0.0072107
88,0.000101964247117557,0.0297409360493669,0.000726027798262448,0.00166096529403771,0.000926893149359959,5.0050579921912e-05,5.0050579921912e-05,0.00210354246172438,7.33287222921401e-07,0.000856321915474199,0.00102119704789939,0.0319561738620159,0.000388276690580988,0.0197047377699118,1,0.0072618
89,0.000115066508356173,0.031162915582998,0.000621827279616424,0.00101582562511856,0.000884952466647833,4.6433792766809e-05,4.6433792766809e-05,0.00158454230951074,7.25196808072231e-07,0.000851584880133643,0.00100975113471322,0.0317765815454278,0.000383927941662371,0.0195940792501809,1,0.0072467
90,0.000126145227186132,0.0318491513514267,0.000513958109164552,0.000477264328450812,0.000828980440413226,4.28527568763215e-05,4.28527568763215e-05,0.00122639702526269,7.17315872630782e-07,0.000846945023381555,0.00099854838932378,0.0315998162862346,0.00037967442293896,0.0194852360247178,1,0.0072235
91,0.000135118431810732,0.0318466668275316,0.000404896944597516,0.000439339201394453,0.000761532207129969,3.93332887158593e-05,3.93332887158593e-05,0.00112431972914058,7.09633906894345e-07,0.000842397713015856,0.000987589221252676,0.0314259323052265,0.000375513079236615,0.0193781598516633,1,0.0074922
92,0.000141966224210245,0.0312133922172614,0.000296941961455812,0.000863920347165974,0.000685926644912872,3.58994360096787e-05,3.58994360096787e-05,0.00127356352902231,7.02139564523934e-07,0.00083793768534655,0.000976872185848434,0.031254954580809,0.000371441056860602,0.0192728061490952,1,0.0072748
93,0.000146719943308623,0.0300152972411798,0.000192210231119581,0.00130255686665363,0.000602963388102784,3.25713730027211e-05,3.25713730027211e-05,0.00154697320288004,6.94821147074907e-07,0.000833559324268469,0.000966393916388671,0.03108687691597,0.000367455632478435,0.0191691322828769,1,0.0078673
94,0.000149454367067569,0.0283245132705968,9.27982288182402e-05,0.00169127109236606,0.000517855578851689,2.93710565264504e-05,2.93710565264504e-05,0.00184496837308529,6.87667056231936e-07,0.000829256930168169,0.000956149341834512,0.0309216646032278,0.00036355426310163,0.0190670989692095,1,0.0107975
95,0.000150281130130885,0.0262155237302881,1.39862529893923e-05,0.00202077289539657,0.000440520124533378,2.62995309139313e-05,2.62995309139313e-05,0.0021236079092741,6.80666186356583e-07,0.000825024961050623,0.000946132082557857,0.0307592601107026,0.000359734658970241,0.0189666723220032,1,0.0075826
96,0.00014934277634017,0.0237627487610715,8.83740517356496e-05,0.00228428553096471,0.000345732999792353,2.33274345360357e-05,2.33274345360357e-05,0.00235363818605195,6.73808239257504e-07,0.000820858233349403,0.000936334244330284,0.0305995791528296,0.000355994198083462,0.018867808513006,1,0.0085577
97,0.000146807122525271,0.021047664756296,0.000164579124018591,0.00247848365843811,0.000260939771787414,2.05013568050916e-05,2.05013568050916e-05,0.00252874597829843,6.6708395154582e-07,0.000816752074711671,0.000926747237236392,0.0304425235030934,0.000352330643293937,0.0187704726443938,1,0.0072817
98,0.000142861619201174,0.0181497819832486,0.000231473611535492,0.00260578516665752,0.000180986611965314,1.78544421802762e-05,1.78544421802762e-05,0.00264522350375173,6.60485232063115e-07,0.000812702425284381,0.000917362032850151,0.0302879849585632,0.000348741681138112,0.0186746266666328,1,0.0074246
99,0.000137707917212926,0.0151463088888215,0.000288299638183794,0.00266987575417152,0.000123610489551821,1.54264694569584e-05,1.54264694569584e-05,0.0027047141688074,6.54005214269176e-07,0.000808705888607951,0.000908169643414644,0.0301358531223963,0.000345225161529323,0.0185802357770111,1,0.0073039
100,0.000131556814014636,0.012110177117813,0.000334750877173054,0.00267606266658241,0.000106944408141631,1.32393597014335e-05,1.32393597014335e-05,0.00271049588416112,6.47638234079621e-07,0.000804759736865371,0.000899161414859878,0.0299860203238089,0.000341778972243795,0.0184872651369475,1,0.0071695
101,0.000124623670813276,0.00911214260845609,0.00037078482709169,0.00262958236421706,0.000133803120793247,1.13045973235693e-05,1.13045973235693e-05,0.00266662930779309,6.41379747200882e-07,0.000800861877729788,0.000890329231661911,0.0298383852053343,0.000338401050496425,0.0183956802129311,1,0.0070758
102,0.000117124338497411,0.00622894149145004,0.000396577501052389,0.00253598150070744,0.000177893617417326,9.62801380666178e-06,9.62801380666178e-06,0.002577917610058,6.35226201744681e-07,0.000797010791485712,0.000881665667226051,0.0296928554912802,0.000335089391380005,0.0183054470412499,1,0.0075118
103,0.000109271584456017,0.00358519856965939,0.000412495523678045,0.0024013948887362,0.00022406937112647,8.20812215485134e-06,8.20812215485134e-06,0.00245008423860828,6.2917488210803e-07,0.000793205447603601,0.000873164087085762,0.0295493500281438,0.000331842079295407,0.0182165331305221,1,0.0075028
104,0.00010127201143385,0.00173554544682082,0.000419070423006149,0.00223193374278404,0.000265025185652592,7.0322161405123e-06,7.0322161405123e-06,0.00228879010932833,6.23223739206028e-07,0.000789445209755578,0.000864818649326905,0.0294077991241593,0.000328657223293971,0.0181289057390117,1,0.0073705
105,9.33234007580282e-05,0.00252070951602284,0.00041697432727931,0.00203359788681948,0.000298985227494496,6.08867159002102e-06,6.08867159002102e-06,0.00209986306939085,6.17371220329104e-07,0.000785729737460091,0.000856624275761031,0.0292681443853387,0.000325532987325885,0.0180425327303537,1,0.0069281
106,8.56123181188862e-05,0.00442038661645901,0.000406996933195001,0.0018125359547054,0.00032491859174451,5.37039531112171e-06,5.37039531112171e-06,0.0018893879484897,6.11616109467638e-07,0.000782058891303998,0.000848576591903096,0.0291303379984355,0.000322467589449669,0.0179573825890543,1,0.0070051
107,7.83116993289019e-05,0.00625424448053746,0.000390022789672407,0.00157508741943146,0.000344022496151,4.87365356116598e-06,4.87365356116598e-06,0.00166415673560425,6.0595738622263e-07,0.000778432647197322,0.000840671851956718,0.0289943417231141,0.000319459349272916,0.0178734257844689,1,0.0067154
108,7.15779866892796e-05,0.00786012795847661,0.000367008827268348,0.00132749281032281,0.00035538468712408,4.58867676789154e-06,4.58867676789154e-06,0.00143079491188115,6.00394108648147e-07,0.00077485102351881,0.000832906808643043,0.0288601248895954,0.000316506634287673,0.0177906333301452,1,0.0066841
109,6.5547225916424e-05,0.00919827376071473,0.000338963958314856,0.00107571376961754,0.000360078905493637,4.50507904137254e-06,4.50507904137254e-06,0.00119657138525184,5.9492532268647e-07,0.000771314023395446,0.000825278597399346,0.0287276625815493,0.000313607891671085,0.0177089777138909,1,0.007325
110,6.03296093585194e-05,0.0102560400687257,0.000306932844830507,0.000825412804067269,0.000360046849220914,4.60520485789928e-06,4.60520485789928e-06,0.000969963432656515,5.89549998496278e-07,0.000767821592882278,0.000817784617687176,0.0285969337112771,0.000310761659860173,0.0176284332786602,1,0.0116944
111,5.60024813479806e-05,0.0110321057975105,0.000271986896939437,0.000581757619285102,0.000366332967253959,4.84705234482519e-06,4.84705234482519e-06,0.000766047715211007,5.84266992004574e-07,0.000764373594523368,0.00081042247544767,0.0284679201110244,0.000307966683385446,0.017548979553964,1,0.0070585
112,5.26030476991367e-05,0.0115317707081343,0.000235227333456696,0.000353829178203405,0.000345394359916586,5.149087879186e-06,5.149087879186e-06,0.000585747286327215,5.79075028510133e-07,0.000760969794742297,0.000803189623880132,0.0283406002738145,0.000305221347953289,0.0174705852206871,1,0.0068967
113,5.01235275746851e-05,0.0117682764219375,0.000197808410020271,0.000169696447654604,0.000322845245358404,5.53169224026817e-06,5.53169224026817e-06,0.000465675475085304,5.73972704080987e-07,0.000757609862713644,0.000796083670161264,0.0282149547254867,0.000302524341393606,0.0173932268827152,1,0.0071406
114,4.85128481185602e-05,0.0117592892505971,0.000161012171403466,0.000170792289734837,0.000301016147836143,6.01407666556142e-06,6.01407666556142e-06,0.000436098508660371,5.68958500505123e-07,0.000754293378272091,0.000789102148334492,0.0280909620400315,0.000299874434623267,0.0173168829361195,1,0.0070001
115,4.76863340817239e-05,0.011525309549321,0.000126449686264092,0.000322181859976828,0.00027753584547268,6.59152604542967e-06,6.59152604542967e-06,0.000489442518292406,5.64030809078628e-07,0.000751019845995183,0.000782242473600964,0.027968597991336,0.00029727042150172,0.0172415318780473,1,0.0069148
116,4.75413517894694e-05,0.0110894359877565,9.65537023090764e-05,0.000478705222268966,0.000252887612018739,7.25265702650191e-06,7.25265702650191e-06,0.00058493943172146,5.5918795882907e-07,0.000747788712691674,0.0007755019536056,0.0278478357077458,0.00029471113801086,0.0171671528801622,1,0.0069762
117,4.79738693901238e-05,0.010476832500018,7.54891497449039e-05,0.00061832854512881,0.000228470438693529,7.98344438335263e-06,7.98344438335263e-06,0.000689902215734738,5.54428245438602e-07,0.000744599385870417,0.00076887779985741,0.0277286458352623,0.000292195465385062,0.0170937259070415,1,0.0068075
118,4.88908385678529e-05,0.00971410719370711,6.8676711279559e-05,0.000736479177462732,0.000204167329929837,8.76816962547267e-06,8.76816962547267e-06,0.000787361139138971,5.4974995788485e-07,0.000741451251185707,0.000762367140007461,0.0276109967224557,0.000289722313508045,0.0170212312571108,1,0.0077743
119,5.02160040541708e-05,0.00882871718745215,7.65227493972988e-05,0.000831999933054279,0.000186630417773433,9.58937068951116e-06,9.58937068951115e-06,0.000871307043685471,5.45151400651054e-07,0.000738343687350989,0.000755967073082729,0.0274948553930136,0.000287290666384885,0.0169496509222133,1,0.0073948
120,5.18897535271419e-05,0.00784814621466002,9.23695137685211e-05,0.000904445336733335,0.000168471992051616,1.04196160677361e-05,1.04196160677361e-05,0.000936157719148203,5.40630910199972e-07,0.000735276077538207,0.000749674650734332,0.0273801871931938,0.000284899487252163,0.0168789658229455,1,0.0071419
121,5.386519279404e-05,0.00680048373435638,0.000110225808966703,0.000953763689018014,0.000152801116631103,1.12452903775484e-05,1.12452903775484e-05,0.000980893499451128,5.36186865148689e-07,0.00073224781675925,0.000743486944133695,0.0272669570017209,0.000282547777349545,0.0168091575443133,1,0.0069965
122,5.6102918954613e-05,0.00571410261078984,0.000127067182026815,0.000980745281364059,0.000142429085392217,1.20607451532528e-05,1.20607451532528e-05,0.00100567738931014,5.31817690332021e-07,0.000729258315229947,0.000737401078911381,0.0271551298820569,0.000280234575619877,0.0167402083505516,1,0.0071723
123,5.85662054983738e-05,0.00461777006841476,0.000141520323633729,0.000986814527869736,0.000139589058764152,1.28605444826846e-05,1.28605444826846e-05,0.00101155406243495,5.2752185545474e-07,0.000726306998076392,0.000731414267226095,0.0270446716975099,0.000277958960445778,0.0166721012606623,1,0.0070119
124,6.12175196353157e-05,0.00354255715457596,0.000152959762976429,0.000973615088062413,0.0001406569067699,1.3636160436814e-05,1.3636160436814e-05,0.000999338701125787,5.23297869400349e-07,0.000723393302015127,0.000725523818924591,0.0269355493525673,0.00027572002399439,0.0166048193002631,1,0.0071488
125,6.40166362189947e-05,0.00252937733271354,0.000161126519786869,0.000943003526769704,0.000146179693456239,1.43812187913817e-05,1.43812187913817e-05,0.000970892839284477,5.19144271482849e-07,0.000720516669816076,0.000719727169436437,0.026827731350907,0.000273516893916644,0.0165383461663083,1,0.0073109
126,6.69202035507958e-05,0.0016578122720806,0.000165967806301814,0.000897041027238208,0.000154082352593012,1.50875923887739e-05,1.50875923887739e-05,0.000928054306065378,5.15059621023805e-07,0.000717676543453807,0.000714021884637696,0.0267211879346277,0.000271348722767688,0.0164726659277631,1,0.0079586
127,6.988237382974e-05,0.00115359330397361,0.000167562249667361,0.000837927692727415,0.000164724339807578,1.57445276061097e-05,1.57445276061097e-05,0.000873282862571974,5.11042486576153e-07,0.000714872356841523,0.000708405669978801,0.0266158913053612,0.000269214700455131,0.0164077634202572,1,0.0074714
128,7.28560795735077e-05,0.00132882344778986,0.000166079943144381,0.000767783106317371,0.000170537011973072,1.633888146646e-05,1.633888146646e-05,0.000807466538923303,5.07091435964862e-07,0.00071210352896532,0.000702876344449369,0.0265118151858632,0.000267114003761003,0.0163436227245064,1,0.0078697
129,7.57945858985712e-05,0.00189998732416266,0.000161758563696781,0.000688799357542344,0.000177059289080454,1.6869232852823e-05,1.6869232852823e-05,0.000734033277988004,5.03205028083363e-07,0.000709369458098784,0.000697431867398235,0.0264089353704051,0.000265045863370121,0.0162802292173704,1,0.0111493
130,7.86530851679743e-05,0.00252873567073877,0.000154886943162663,0.00060333159219913,0.000195641075683964,1.73230825093462e-05,1.73230825093462e-05,0.000659096799375094,4.99381807158156e-07,0.000706669517637598,0.000692070348484333,0.0263072299660062,0.000263009613572981,0.0162175711366709,1,0.0107489
131,8.13901313961346e-05,0.00310809397266114,0.000145791966569465,0.000513560247213715,0.00020203229991731,1.76522486974307e-05,1.76522486974307e-05,0.000579123051342933,4.95620299878236e-07,0.000704003053884169,0.000686789928904366,0.026206677181672,0.00026100448814231,0.0161556333253237,1,0.0082607
132,8.39687739867007e-05,0.00360476115999141,0.000134829028411469,0.000421538965498319,0.000190644647980923,1.78452239905091e-05,1.78452239905091e-05,0.000493181907821475,4.91919015447377e-07,0.000701369385878352,0.000681588817536864,0.0261072560323153,0.000259029684194015,0.0160943991560423,1,0.0079374
133,8.63574445026751e-05,0.00400683708327834,0.000122375913370039,0.000329417510708537,0.000181535352873288,1.7944801507408e-05,1.7944801507408e-05,0.000410846695997306,4.88276448475751e-07,0.00069876780726916,0.000676465358720855,0.0260089476665407,0.00025708451332051,0.0160338552232615,1,0.0077248
134,8.85305919406291e-05,0.00431040157256843,0.00010882943540814,0.000239438854637247,0.000174612631376983,1.79881537913928e-05,1.79881537913928e-05,0.00033639516348774,4.84691084425255e-07,0.000696197590074294,0.00067141795426552,0.0259117339108274,0.000255168318719594,0.0159739888168107,1,0.0077089
135,9.04690208136589e-05,0.00451576945609528,9.46076627831909e-05,0.000154325810086314,0.000168882406073662,1.79968043880763e-05,1.79968043880763e-05,0.000275108683405661,4.81161407086749e-07,0.000693657989997051,0.000666445048565685,0.0258155970019228,0.00025328046479104,0.0159147876137585,1,0.0077091
136,9.21599826045403e-05,0.00462606966660047,8.01636210805927e-05,8.04335544740023e-05,0.000163212069630191,1.79812281886349e-05,1.79812281886349e-05,0.000233551656495662,4.77685907493418e-07,0.000691148252904844,0.000661545118402527,0.0257205194038248,0.00025142033170291,0.0158562395195995,1,0.0080861
137,9.35970623061713e-05,0.00464650538718043,6.60225982181547e-05,5.41060165615481e-05,0.000158689246793976,1.79452634081478e-05,1.79452634081478e-05,0.000218645433220084,4.74263093643629e-07,0.000688667622038113,0.000656716670865468,0.0256264837788072,0.000249587324977016,0.0157983329809514,1,0.0080786
138,9.47798946380907e-05,0.00458383001501614,5.28704635340236e-05,0.000101452380865009,0.000152935024258447,1.78866560216484e-05,1.78866560216484e-05,0.000227729422246636,4.70891500417426e-07,0.000686215345512927,0.000651958230212021,0.025533472740934,0.000247780855729776,0.0157410563727399,1,0.0087011
139,9.57137368975406e-05,0.00444610116333976,4.17399340844217e-05,0.000159427946421027,0.000149222619272283,1.78034266693494e-05,1.78034266693494e-05,0.000254184229840971,4.67569699115365e-07,0.00068379068370033,0.000647268348049508,0.0254414690623303,0.000246000366819029,0.0156843988351173,1,0.0082201
140,9.64089296116557e-05,0.00424228614558413,3.42465171736123e-05,0.000212441665847138,0.000141703908606388,1.76904212012552e-05,1.76904212012552e-05,0.000284887981385128,4.6429630613389e-07,0.000681392916116604,0.000642645582428882,0.0253504552706432,0.000244245289131515,0.0156283488933257,1,0.007231
141,9.68802603765128e-05,0.00398244171522425,3.21380867689783e-05,0.000257670270452761,0.000130182099650203,1.7556510565786e-05,1.7556510565786e-05,0.000313992313551157,4.61069990380107e-07,0.000679021347514279,0.000638088511568911,0.0252604139231508,0.000242515061477053,0.0155728950897723,1,0.0071974
142,9.71462579105259e-05,0.00367746482075909,3.53357774994937e-05,0.000294373104097753,0.00012225755378724,1.74218681729954e-05,1.74218681729954e-05,0.00034118618896932,4.57889479148036e-07,0.00067667531294413,0.000633595750276282,0.0251713279402633,0.000240809167102114,0.0155180271652718,1,0.0074812
143,9.72284405618076e-05,0.00333837830495396,4.16528952370318e-05,0.000322539729674903,0.000118731272806189,1.72970769871661e-05,1.72970769871661e-05,0.000364296879878081,4.54753562298428e-07,0.000674354181642279,0.00062916593882132,0.025083180396858,0.000239127110009651,0.0154637353187919,1,0.0071571
144,9.71505437915577e-05,0.002976254320035,4.9018729191397e-05,0.000342292736782883,0.000114932810281393,1.71835244171525e-05,1.71835244171525e-05,0.000380674744311071,4.51661094700238e-07,0.000672057359680138,0.000624797737254929,0.0249959544177639,0.000237468390750325,0.0154100094338169,1,0.0069396
145,9.6937750027206e-05,0.00260265002128898,5.62658709827358e-05,0.000353876401395835,0.000111972251233406,1.70853303451679e-05,1.70853303451679e-05,0.000390374796429869,4.48610996994583e-07,0.000669784291391328,0.000620489838325458,0.0249096334442211,0.000235832525910725,0.0153568397110449,1,0.0070068
146,9.66159383122513e-05,0.00222987447390199,6.28146059539997e-05,0.000357748582260407,0.000111494001960887,1.70065028175514e-05,1.70065028175514e-05,0.00039396692281509,4.45602254820209e-07,0.000667534459649994,0.000616240971007724,0.0248242013166129,0.000234219051886816,0.0153042168008303,1,0.0074463
147,9.62109685512754e-05,0.00187152456997162,6.83812755723696e-05,0.000354522306942302,0.000114372952760404,1.69454655560841e-05,1.69454655560841e-05,0.000392131026597129,4.42633916695375e-07,0.000665307385120122,0.00061204990159095,0.0247396423092766,0.000232627523922061,0.0152521317828709,1,0.0070742
148,9.57480182496203e-05,0.0015438430311387,7.28351938082418e-05,0.000344813818837958,0.000114898583816869,1.68960288280395e-05,1.68960288280395e-05,0.00038379283925994,4.39705090792019e-07,0.000663102624630622,0.000607915424532521,0.0246559409581651,0.000231057489579319,0.0152005753042219,1,0.0077546
149,9.52509864727086e-05,0.00126816947867101,7.61333130898294e-05,0.000329343692596333,0.000119292663001004,1.68561467916994e-05,1.68561467916994e-05,0.000371560144816352,4.36814940856664e-07,0.000660919768849944,0.000603836381797009,0.0245730824642943,0.000229508531003389,0.0151495389699947,1,0.0076938
150,9.47419817118446e-05,0.00107143631509001,7.82882131322842e-05,0.000308886840684252,0.000121907817855616,1.68169551830744e-05,1.68169551830744e-05,0.00035458056522546,4.33962681538277e-07,0.000658758439443683,0.000599811644100877,0.0244910523273476,0.000227980224060511,0.0150990140095475,1,0.0073645
151,9.42409001947433e-05,0.000978834640402093,7.93507275949537e-05,0.000284215570157309,0.000122055782799229,1.67751361579427e-05,1.67751361579427e-05,0.000333385435913868,4.31147573364312e-07,0.000656618285889383,0.000595840117622387,0.0244098364931514,0.0002264721503903,0.0150489916735408,1,0.0071056
152,9.37651076110291e-05,0.000992238696605345,7.93995036222104e-05,0.000256158996586121,0.000121487046609639,1.67347446096144e-05,1.67347446096144e-05,0.000309471513906455,4.28368917588266e-07,0.000654498982114003,0.000591920746931568,0.0243294214261574,0.000224983906699549,0.0149994635470589,1,0.0070854
153,9.33292287543225e-05,0.00108090280690344,7.85336613129867e-05,0.000225584503506125,0.000121784755025573,1.67012331533378e-05,1.67012331533378e-05,0.000284523594289994,4.25626051100368e-07,0.000652400223099569,0.00058805251298872,0.0242497940813674,0.000223515106512364,0.0149504216165419,1,0.007233
154,9.2945044943658e-05,0.00120436496359193,7.68669910834688e-05,0.000193351380380659,0.00012313241170526,1.66761692437234e-05,1.66761692437234e-05,0.000259875948943101,4.22918341556726e-07,0.000650321721578425,0.00058423442871937,0.0241709418252448,0.000222065376172997,0.0149018581449763,1,0.0076646
155,9.26214934805218e-05,0.00133261381276778,7.4523095770095e-05,0.000160288135850088,0.000125950419963144,1.66556955587538e-05,1.66556955587538e-05,0.00023712693942747,4.20245182843809e-07,0.000648263204912795,0.000580465537109473,0.0240928524070828,0.000220634355634899,0.014853765705534,1,0.0073408
156,9.23647580647258e-05,0.00144801446547083,7.16311626970763e-05,0.000127235786025156,0.000125631034977445,1.66327310267e-05,1.66327310267e-05,0.000215111783778266,4.17605990957197e-07,0.000646224412226277,0.000576744900801589,0.0240155137526056,0.000219221677688892,0.0148061364875815,1,0.0071329
157,9.21784357181587e-05,0.00154149332791908,6.8322169101362e-05,9.51127532492913e-05,0.000124114702959653,1.66077749992333e-05,1.66077749992333e-05,0.000195804776622649,4.15000200339708e-07,0.000644205091830007,0.000573071610602283,0.0239389141483544,0.00021782698831128,0.014758962982245,1,0.007916
158,9.20637654859177e-05,0.00160878225203461,6.47253150084929e-05,6.51251582837917e-05,0.000126645076754892,1.65812882535477e-05,1.65812882535477e-05,0.000183667552500605,4.12427260697783e-07,0.000642204998966671,0.000569444788597014,0.0238630423164569,0.000216449962559827,0.0147122385298712,1,0.0077731
159,9.20198977602189e-05,0.00164816881201373,6.09645968326349e-05,4.00462409166255e-05,0.000126671001456467,1.65441786363907e-05,1.65441786363907e-05,0.000175103023504234,4.09886634288261e-07,0.000640223893874839,0.000565863567669164,0.0237878869946274,0.000215090263380389,0.014665955931353,1,0.0072113
160,9.20441846736e-05,0.00166009344716151,5.71553875049608e-05,2.90142366809725e-05,0.00012315553867261,1.6494678716672e-05,1.6494678716672e-05,0.000169078328473867,4.07377793648535e-07,0.000638261540160878,0.000562327099042989,0.0237134370988895,0.000213747554542696,0.0146201078840991,1,0.0073925
161,9.2132479138388e-05,0.00164656491092783,5.34009455244908e-05,3.96790473157761e-05,0.000121712591971824,1.64390904244804e-05,1.64390904244804e-05,0.000168980199949542,4.04900219735887e-07,0.000636317703459433,0.000558834561498051,0.0236396819246379,0.000212421527639039,0.014574687908804,1,0.0074296
162,9.22794287315037e-05,0.00161036770358351,4.97891196421327e-05,5.79818681834912e-05,0.000120612707906797,1.6378714010834e-05,1.6378714010834e-05,0.000172318691012139,4.02453400434845e-07,0.00063439215035721,0.000555385148734059,0.0235666108877382,0.000211111878027371,0.0145296895365101,1,0.0074584
163,9.24787606934114e-05,0.00155525266242462,4.63894238962353e-05,7.52007362150607e-05,0.000119448310547396,1.63126986310047e-05,1.63126986310047e-05,0.000177099298042011,4.00036829396468e-07,0.000632484647557921,0.000551978070301097,0.023494213549321,0.00020981830611732,0.0144851063550572,1,0.0071605
164,9.27235809970724e-05,0.00148586772898639,4.32511017170889e-05,8.89959004907074e-05,0.000116854533106227,1.62411491912984e-05,1.62411491912984e-05,0.000180875945635495,3.9765000520791e-07,0.000630594961292833,0.000548612549848699,0.0234224795836969,0.000208540512777576,0.0144409318528125,1,0.0076276
165,9.30066939448534e-05,0.00140722437138456,4.04032554432748e-05,9.90322997568066e-05,0.000117586715571402,1.61662027999832e-05,1.61662027999832e-05,0.000185795393264825,3.95292430904338e-07,0.000628722856992123,0.000545287834515847,0.0233513989841261,0.000207278221099033,0.0143971601748064,1,0.0078588
166,9.33209067958262e-05,0.00132384143727986,3.78569895211281e-05,0.000105635540676474,0.000118938037436042,1.60829313959887e-05,1.60829313959887e-05,0.000189686390225323,3.92963613800367e-07,0.000626868099204583,0.00054200318479543,0.0232809618528838,0.000206031154848918,0.0143537853839647,1,0.0102659
167,9.36592842230839e-05,0.00123948619623955,3.56085546351909e-05,0.000109375655927028,0.000131509238590776,1.5979504599084e-05,1.5979504599084e-05,0.000199413480737874,3.90663065583126e-07,0.000625030451724655,0.000538757894860944,0.0232111588435594,0.000204799083727891,0.0143108030427328,1,0.0098661
168,9.40153356280739e-05,0.00115633159962277,3.36436133300846e-05,0.000110730891528782,0.000134379744021731,1.58225115969302e-05,1.58225115969302e-05,0.000201735784600882,3.88390302593544e-07,0.000623209677872178,0.000535551244875622,0.0231419801416305,0.000203581722621617,0.0142682067065773,1,0.0088875
169,9.43831519425894e-05,0.00107696215189392,3.19416705017669e-05,0.000109901795798194,0.00012815433727224,1.56036565863715e-05,1.56036565863715e-05,0.000196935772047864,3.86144846243112e-07,0.000621405540885429,0.00053238253208759,0.0230734161338886,0.00020237878198237,0.0142259896661839,1,0.0170634
170,9.47574886839231e-05,0.00100409471587875,3.0479387706618e-05,0.000107554090636807,0.000170826632589519,1.5330194058194e-05,1.5330194058194e-05,0.000225753654947214,3.8392622351028e-07,0.000619617804384509,0.000529251169926562,0.0230054595678192,0.000201190170595581,0.0141841520929374,1,0.0168341
171,9.51337905033445e-05,0.000934748169158763,2.92349777076267e-05,0.000105062598337104,0.000191711463990633,1.4913583030296e-05,1.4913583030296e-05,0.000240754476061095,3.81733967455223e-07,0.000617846232856706,0.000526156472808382,0.0229381008980339,0.000200015620428278,0.0141426878784861,1,0.0080195
172,9.55082306540791e-05,0.000866668569999983,2.8193952646723e-05,0.000101635549820301,0.000138276305621766,1.43029317603016e-05,1.43029317603016e-05,0.000198986545539655,3.79567617773057e-07,0.000616090592180287,0.000523097653755108,0.0228713282026888,0.000198854641967801,0.0141015829596468,1,0.013461
173,9.58777321875506e-05,0.000805600494303016,2.73473847048924e-05,9.61013449680418e-05,0.000136856547860344,1.36052173749235e-05,1.36052173749235e-05,0.000195200656998621,3.77426721367025e-07,0.000614350650172216,0.00052007418814552,0.0228051351266665,0.000197707128382347,0.0140608366885597,1,0.0084276
174,9.62398982473954e-05,0.000753270043565317,2.66914204038004e-05,8.93343057270904e-05,0.000111701669144065,1.28573119582143e-05,1.28573119582143e-05,0.000174943635870138,3.75310832842011e-07,0.000612626177078658,0.000517085431922131,0.0227395125700207,0.000196572761712683,0.0140204408530075,1,0.0081709
175,9.6593007296763e-05,0.000712322868158877,2.6228662877865e-05,8.09232925471574e-05,9.81387307334068e-05,1.21234263494863e-05,1.21234263494863e-05,0.000162334548445003,3.7321951499182e-07,0.000610916946066992,0.000514130808611179,0.0226744527742387,0.000195451327990363,0.013980390838255,1,0.0073946
176,9.69359573580364e-05,0.000683779124163387,2.59637518255785e-05,7.15651034850291e-05,9.02658853967472e-05,1.145200915742e-05,1.14520091574199e-05,0.000153240384366653,3.71152339223849e-07,0.000609222733672874,0.000511209744258931,0.0226099479048257,0.000194342610223471,0.0139406818421292,1,0.0074068
177,9.72682103056169e-05,0.000666672706273346,2.59010616981989e-05,6.18848164575545e-05,8.90676462027763e-05,1.08698310663513e-05,1.08698310663513e-05,0.000148425516048225,3.69108885921658e-07,0.000607543320201661,0.000508321678077433,0.0225459902882405,0.00019324640641734,0.0139013095216724,1,0.0072281
178,9.75897315045783e-05,0.000658517370051048,2.60416015573829e-05,5.23359092007401e-05,9.00773798533741e-05,1.03843390757419e-05,1.03843390757419e-05,0.000145557542983908,3.67088744740611e-07,0.000605878490079166,0.000505466057341033,0.0224825723025866,0.000192162510324148,0.0138622693064357,1,0.0072283
179,9.79009280790931e-05,0.000656414976636131,2.63805595630539e-05,4.32264097866363e-05,9.27579177832561e-05,9.99461282535918e-06,9.99461282535918e-06,0.000144514128026669,3.6509151483546e-07,0.000604228032149668,0.00050264234129071,0.0224196864672705,0.000191090720816484,0.0138235567353877,1,0.0071765
180,9.82025828503378e-05,0.000657653737603102,2.69059665309252e-05,3.48251745939834e-05,9.58468721017371e-05,9.69477476608915e-06,9.69477476608915e-06,0.000144564323383144,3.63116805015699e-07,0.000602591739916587,0.000499849999943782,0.022357325420179,0.000190030838640238,0.0137851673417568,1,0.0071833
181,9.84957875036095e-05,0.000660086059749444,2.75987291803423e-05,2.74479909593887e-05,9.92906947021106e-05,9.47725581834646e-06,9.47725581834646e-06,0.000145629221741277,3.61164233828629e-07,0.000600969411724614,0.000497088514904701,0.0222954819392787,0.000188982669331748,0.0137470967601071,1,0.0072971
182,9.87818751341941e-05,0.000662169867596993,2.84337651278851e-05,2.15625611693254e-05,0.000103351780653515,9.33304584593841e-06,9.33304584593841e-06,0.000147805404968845,3.59233429570532e-07,0.000599360850882448,0.000494357379363674,0.022234148946242,0.000187946024292739,0.0137093407679851,1,0.0089332
183,9.90623520518301e-05,0.000662645011824681,2.93814112731047e-05,1.77518973413984e-05,0.00011557495003595,9.24635230692417e-06,9.24635230692417e-06,0.000156470677389329,3.57324030226398e-07,0.000597765865725368,0.000491656106706347,0.022173319704238,0.000186920747742989,0.0136718962745842,1,0.0073673
184,9.93388315803958e-05,0.000660181474248472,3.04109278027487e-05,1.63826402370761e-05,0.000113973026067811,9.18957932816156e-06,9.18957932816156e-06,0.000155512166372125,3.55435683341797e-07,0.000596184269619551,0.000488984194083128,0.0221129870004739,0.00018590661831722,0.0136347577285854,1,0.0082746
185,9.96129873242038e-05,0.00065508616383297,3.1491025083141e-05,1.72723062635232e-05,0.000118599001545026,9.16287834540341e-06,9.16287834540341e-06,0.000159402667825662,3.53568045849375e-07,0.000594615880925976,0.000486341173624357,0.0220531443024426,0.000184903474298641,0.0135979216904144,1,0.0077655
186,9.98864830079675e-05,0.000647488326931661,3.25915460212095e-05,1.9491052666265e-05,0.000119302119248674,9.15777300081189e-06,9.15777300081189e-06,0.000160561898666454,3.51720783825925e-07,0.000593060522902954,0.000483726574734566,0.0219937849115282,0.000183911129229796,0.0135613837505542,1,0.0077306
187,0.000100160926954885,0.000638030603411211,3.36848814636484e-05,2.21929450569433e-05,0.000120335455856015,9.17341164852203e-06,9.17341164852204e-06,0.00016206182728409,3.49893572208077e-07,0.000591518023569931,0.000481139942057033,0.0219349023717233,0.000182929410750462,0.0135251399530823,1,0.0083395
188,0.000100437822704731,0.000627355901052092,3.47460643988943e-05,2.47514059376951e-05,0.000125313668954534,9.20690165617799e-06,9.20690165617799e-06,0.000166526523036289,3.48086094463512e-07,0.000589988215529354,0.000478580834551851,0.0218764904532663,0.000181958163951253,0.0134891869269891,1,0.0074695
189,0.000100718528114366,0.000615859098422955,3.57540349843768e-05,2.69868989613507e-05,0.000123826173802262,9.24964921500404e-06,9.24964921500404e-06,0.000166130439691745,3.46298042227755e-07,0.000588470935754481,0.000476048806852228,0.0218185427298027,0.000180997204592353,0.0134535201561656,1,0.0077292
190,0.000101004230405488,0.000604565565383819,3.66910778680403e-05,2.87930853860438e-05,0.000125400276688092,9.30594077708236e-06,9.30594077708235e-06,0.000167969337785218,3.44529114924239e-07,0.00058696602535772,0.000473543435309313,0.0217610531755546,0.000180046378259966,0.0134181361693779,1,0.0074845
191,0.00010129591402536,0.000594214600541451,3.75428720648469e-05,3.0098440435512e-05,0.000126068305401945,9.3751422105548e-06,9.3751422105548e-06,0.000169047392323745,3.42779019360229e-07,0.000585473329332967,0.000471064299925604,0.0217040157557445,0.000179105523497277,0.0133830311774753,1,0.0076663
192,0.000101594345198092,0.000585461617614343,3.82984741595426e-05,3.0866879235773e-05,0.000128544716839399,9.45678192953991e-06,9.45678192953991e-06,0.000171374166207366,3.41047469316562e-07,0.000583992696287002,0.000468610992994246,0.021647424627291,0.000178174490784478,0.013348201780932,1,0.0080375
193,0.000101900059133922,0.000578532387180775,3.89499879087894e-05,3.10380205766055e-05,0.00013295735370289,9.54496256699855e-06,9.54496256699855e-06,0.000175053407852032,3.39334185133842e-07,0.000582523978162137,0.00046618311553674,0.0215912740600628,0.000177253136694984,0.013313644756226,1,0.0080394
194,0.000102213356620393,0.000573231942947258,3.94926429944892e-05,3.06528637915343e-05,0.000135884287968373,9.62945957860839e-06,9.62945957860839e-06,0.000177514710985108,3.37638893304655e-07,0.000581067029958382,0.000463780272216821,0.0215355583214557,0.000176341311013115,0.013279356573762,1,0.0085216
195,0.000102534309286712,0.000569289290175934,3.99242428675609e-05,2.97473258069135e-05,0.000140623658381173,9.70213599105207e-06,9.70213599105207e-06,0.000181289464636907,3.35961326080431e-07,0.000579621709462672,0.000461402080389402,0.0214802718881629,0.000175438876781753,0.0132453341513815,1,0.0078494
196,0.000102862767105055,0.000566250292780096,4.02453401350727e-05,2.84863059335862e-05,0.000139308359070181,9.75457868923613e-06,9.75457868923613e-06,0.000180323035512853,3.34301221094594e-07,0.000578187876986879,0.000459048154042502,0.0214254090752663,0.000174545673733275,0.0132115734768148,1,0.0163236
197,0.0001031983720667,0.000563452045388254,4.04562627898314e-05,2.66256838654646e-05,0.000194785849736828,9.77707177751697e-06,9.77707177751697e-06,0.000225906566720694,3.32658321007806e-07,0.000576765395119892,0.000456718219421865,0.0213709667404604,0.000173661756454447,0.013178078632883,1,0.0121425
198,0.000103540524098828,0.000553783227586814,4.05599911049476e-05,2.62988788251302e-05,0.000192290301246216,9.64917314183467e-06,9.64917314183467e-06,0.00022388917526325,3.31032373124588e-07,0.000575354128450112,0.000454411814911465,0.0213169372779362,0.000172786857646111,0.013144841484252,1,0.0080066
199,0.000103888495989912,0.000536369498158537,4.05672752488008e-05,2.69169062311098e-05,0.000155727904985533,9.35967921877889e-06,9.35967921877889e-06,0.000193653969026707,3.29423129137022e-07,0.000573953943393564,0.00045212852690618,0.0212633141091924,0.000171920711195337,0.0131118538428148,1,0.0084881
200,0.000104241460583537,0.000516665699460357,4.04852911386953e-05,2.59104973711064e-05,0.000140105578302263,9.0067704650032e-06,9.0067704650032e-06,0.000181349340974949,3.2783034490186e-07,0.000572564708047798,0.000449868048709567,0.0212100930858298,0.000171063217797243,0.0130791138001488,1,0.0126156
201,0.00010459845218982,0.00049708623488666,4.03196762125024e-05,2.53411499936169e-05,0.000161620322796422,8.63593597921763e-06,8.63593597921763e-06,0.000198507139598937,3.26253780181953e-07,0.000571186292011593,0.000447630095258696,0.0211572705058733,0.000170214366727271,0.0130466228092664,1,0.0195518
202,0.000104958380724763,0.000474593669252561,4.00776284960106e-05,2.82851711868541e-05,0.000229041592386068,8.19704194521265e-06,8.19704194521265e-06,0.000256809641000925,3.24693198407212e-07,0.000569818566218417,0.000445414431179156,0.0211048437847608,0.000169374217758218,0.0130143850318875,1,0.0091884
203,0.000105320067624536,0.000442308884294217,3.97693568851446e-05,3.57044892791043e-05,0.000177090651509616,7.56859804207366e-06,7.56859804207366e-06,0.00021300099126966,3.23148366477346e-07,0.00056846140280352,0.000443220494914344,0.0210528025429952,0.000168542296456628,0.0129823840821564,1,0.0095758
204,0.000105682391678467,0.000404327231021697,3.94114597363715e-05,3.75504157873531e-05,0.000146902270902304,6.8201601677309e-06,6.82016016773091e-06,0.000189108807310907,3.21619054719667e-07,0.000567114675105192,0.000441048020734082,0.0210011433196882,0.000167718496018621,0.0129506175921699,1,0.0099151
205,0.000106044242488613,0.000366359398513197,3.90122669971834e-05,3.67009636490588e-05,0.00013745024318416,6.0517841933283e-06,6.0517841933283e-06,0.000181790412108263,3.20105036800864e-07,0.00056577825762472,0.00043889672818296,0.0209498622473505,0.000166902739796843,0.0129190843250148,1,0.0077658
206,0.000106404511813423,0.00033086156348123,3.85822863243949e-05,3.38465861212823e-05,0.00012206439763501,5.30728433112415e-06,5.30728433112415e-06,0.00016996813758068,3.1860608963258e-07,0.000564452025979693,0.000436766301779974,0.0208989545618907,0.000166094873889595,0.0128877800217724,1,0.0076165
207,0.000106762149796448,0.000300241766832003,3.81322940675754e-05,2.93816486077718e-05,0.00011632547536634,4.63373968040415e-06,4.63373968040415e-06,0.000165150191485054,3.17121993337877e-07,0.000563135856910104,0.000434656451407054,0.0208484160407225,0.000165294797782766,0.0128567024459138,1,0.0074358
208,0.000107116174283661,0.000275374120191705,3.76721614469326e-05,2.45241815977726e-05,0.000116058943646319,4.05449026352755e-06,4.05449026352755e-06,0.000164278056476021,3.15652531229489e-07,0.000561829628294458,0.000432566886675674,0.0207982423939061,0.000164502409063339,0.0128258492531036,1,0.0077238
209,0.000107465688571986,0.000255945577726045,3.72112920865793e-05,2.02040209600041e-05,0.000121050097996911,3.57319997101868e-06,3.57319997101868e-06,0.000167376336700327,3.14197489808392e-07,0.000560533219183656,0.00043049732269559,0.020748429403104,0.000163717613311054,0.0127952183768412,1,0.0070693
210,0.000107809895613701,0.000241049841650246,3.67590774948293e-05,1.64331310937131e-05,0.000122194052752942,3.18192963488784e-06,3.18192963488784e-06,0.000167908717758744,3.12756658778791e-07,0.00055924650984945,0.000428447469698646,0.0206989726725421,0.000162940289113983,0.0127648066618333,1,0.0089001
211,0.000108148109346424,0.000229814477734905,3.63229685495295e-05,1.42507801936898e-05,0.000137241591403716,2.87184834402154e-06,2.87184834402154e-06,0.000179080426128811,3.1132983107631e-07,0.000557969381844837,0.000426417064959785,0.020649868400544,0.00016217038128722,0.0127346135114977,1,0.0119606
212,0.000108479738993323,0.000220069803434658,3.59085332313657e-05,1.47821779070585e-05,0.00016847600276922,2.59573004113278e-06,2.59573004113278e-06,0.000204143835724056,3.09916802881479e-07,0.000556701718051488,0.000424405860288775,0.0206011130837335,0.00016140786307102,0.0127046394309725,1,0.0145573
213,0.000108804286977327,0.000208834044765945,3.55213050622891e-05,1.87907536017199e-05,0.000204525022727851,2.26835891137256e-06,2.26835891137256e-06,0.000235153137745451,3.08517373632573e-07,0.000555443402726662,0.000422413604123092,0.0205527030855577,0.000160652687603014,0.012674884125822,1,0.0113003
214,0.00010912136120582,0.00019435464772875,3.51689867913274e-05,2.50161074014636e-05,0.000191957929940393,1.80393592374983e-06,1.80393592374983e-06,0.000225009973413968,3.07131346052381e-07,0.000554194321562736,0.000420439945363115,0.0205046322903659,0.000159904616550504,0.0126453397166902,1,0.0082566
215,0.000109430724453322,0.000180005638716631,3.4861338057049e-05,2.76758951427652e-05,0.000158594912703886,1.22914792921591e-06,1.22914792921591e-06,0.000197784145157742,3.05758526226344e-07,0.000552954361793398,0.000418484592680348,0.0204568959688499,0.000159163449128039,0.012615999727649,1,0.0075364
216,0.0001097322717956,0.000170517325126969,3.46018062105082e-05,2.61925680956796e-05,0.000138819894445256,6.42504363934648e-07,6.42504363934648e-07,0.000182220545735025,3.04398723658043e-07,0.000551723412280142,0.000416547317734269,0.0204094908739603,0.000158429095773804,0.0125868620304587,1,0.0070845
217,0.000110025979119666,0.000167120833250029,3.43908621847657e-05,2.25636094170427e-05,0.000130495090808801,1.12007888741772e-07,1.12007888741772e-07,0.000175599090122032,3.03051751272897e-07,0.000550501363552259,0.000414627886938445,0.0203624135833266,0.000157701477991351,0.012557924907856,1,0.00745
218,0.000110311896586211,0.000168219428342636,3.4228033146059e-05,1.86205351815897e-05,0.000133059451506444,-3.33747384395622e-07,-3.33747384395622e-07,0.000177201678159864,3.01717425416271e-07,0.00054928810784166,0.000412726068193015,0.0203156606634639,0.000156980530880697,0.0125291871596164,1,0.0069767
219,0.000110590148477203,0.000171598882303816,3.41128939108351e-05,1.4933749083305e-05,0.000134674067523178,-6.95252618143627e-07,-6.95252618143627e-07,0.000178221664267794,3.00395565852453e-07,0.000548083539118311,0.00041084161931068,0.0202692283846889,0.000156266157876934,0.0125006462983693,1,0.0073951
220,0.000110860936794473,0.000175528064148721,3.40440280235321e-05,1.19512058232976e-05,0.000141231377372675,-9.77071410002139e-07,-9.77071410002139e-07,0.000183160207795774,2.99085995768155e-07,0.000546887553129668,0.000408974309894094,0.0202231132591917,0.000155558285679694,0.0124723007372214,1,0.0071502
221,0.000111124527243473,0.00017908354161245,3.40194509056335e-05,9.70697884428388e-06,0.000145441166058446,-1.19417052024673e-06,-1.19417052024673e-06,0.000186448682422456,2.97788541762666e-07,0.000545700047427766,0.000407123904705031,0.0201773116322525,0.000154856820665065,0.0124441480489853,1,0.0069134
222,0.000111381244804113,0.000181757088368756,3.40367479202086e-05,8.04226446388952e-06,0.000148165404531412,-1.35604061934913e-06,-1.35604061934913e-06,0.000188658448662993,2.9650303383443e-07,0.000544520921392769,0.000405290173566766,0.0201318199268413,0.000154161670865788,0.012416185842109,1,0.0070995
223,0.000111631459989648,0.000183281250240628,3.4092261571954e-05,7.02841756561624e-06,0.000153148808360418,-1.46971655468064e-06,-1.46971655468064e-06,0.000192712360858491,2.95229305354721e-07,0.000543350076244332,0.00040347289538061,0.0200866347450391,0.000153472758830841,0.0123884122804676,1,0.0072905
224,0.00011187557236773,0.000183752803947379,3.41816507517687e-05,6.43178007665746e-06,0.000159110044854477,-1.54850685873953e-06,-1.54850685873953e-06,0.000197616265891163,2.93967193025872e-07,0.000542187415038262,0.000401671851437788,0.020041752703738,0.000152790006961032,0.012360825496747,1,0.0068964
225,0.000112114001640595,0.000183422127202189,3.43008772746702e-05,6.02849615924529e-06,0.000161040073400189,-1.60604561738609e-06,-1.60604561738609e-06,0.000199315318032415,2.92716536831819e-07,0.000541032842655433,0.000399886819771825,0.0199971702941147,0.000152113320995096,0.0123334229228992,1,0.0072498
226,0.000112347180264838,0.000182415616164515,3.44450819431713e-05,5.61888164030546e-06,0.000166119840131219,-1.6488453358221e-06,-1.6488453358221e-06,0.000203582567975505,2.91477179982623e-07,0.000539886265784399,0.00039811759245364,0.0199528843141447,0.000151442630723915,0.0123062029368898,1,0.0068916
227,0.000112575537364683,0.000181044109508672,3.46095963422229e-05,5.18467809871146e-06,0.000167682712787973,-1.68788850229973e-06,-1.68788850229973e-06,0.000205001056735676,2.9024896884443e-07,0.000538747592889685,0.000396363955594519,0.0199088913703028,0.000150777836194588,0.0122791626829596,1,0.0079898
228,0.00011279949262745,0.000179566431159783,3.47888921413658e-05,4.63273725464186e-06,0.00017798727396522,-1.73264814407048e-06,-1.73264814407048e-06,0.000213646311966751,2.89031752865012e-07,0.000537616734175018,0.000394625717389046,0.019865188581764,0.000150118892220039,0.0122523015070655,1,0.007344
229,0.00011301945525403,0.000177963065415807,3.4979375241877e-05,6.23393124733344e-06,0.000179852944513341,-1.80836551688657e-06,-1.80836551688657e-06,0.000215389287107234,2.8782538449995e-07,0.000536493601546142,0.000392902663568766,0.0198217724628441,0.000149465701037112,0.0122256165912854,1,0.0068548
230,0.000113235922021813,0.000174856616220368,3.51786342184453e-05,1.10232510342904e-05,0.000178156872732042,-1.91994399223461e-06,-1.91994399223461e-06,0.000214314272353374,2.86629719237064e-07,0.000535378108664394,0.00039119459081676,0.0197786397615397,0.000148818172010081,0.012199105377448,1,0.0071221
231,0.00011344963515254,0.000169250700175643,3.53832028728254e-05,1.80212530626163e-05,0.000180640162030929,-2.06431491323045e-06,-2.06431491323045e-06,0.000216995738372497,2.85444615775935e-07,0.000534270171145587,0.000389501311580109,0.01973578758449,0.000148176240727371,0.0121727663547515,1,0.0067746
232,0.000113661750429826,0.000162521652837356,3.55901919517524e-05,2.61520825900646e-05,0.00018079782329698,-2.24619124455927e-06,-2.24619124455927e-06,0.000218095129597585,2.8426993636962e-07,0.00053316970691293,0.000387822631640047,0.0196932128318374,0.00014753982536734,0.0121465972752594,1,0.0069047
233,0.00011387396492608,0.000158952785915501,3.57969929942364e-05,3.44239188528935e-05,0.000182914009368515,-2.46719777097226e-06,-2.46719777097226e-06,0.000221131051795061,2.83105547286007e-07,0.000532076636666193,0.000386158366692845,0.0196509126173022,0.000146908858418095,0.0121205964547169,1,0.0070022
234,0.000114088558282724,0.000165522278072791,3.60016539472578e-05,4.2077840319893e-05,0.000185663047610881,-2.7339318799946e-06,-2.7339318799946e-06,0.000224859902841326,2.81951319302439e-07,0.00053099088438733,0.000384508333339354,0.0196088840411522,0.000146283271384793,0.0120947621466812,1,0.0069602
235,0.000114308369167646,0.000188116595230389,3.62041632990889e-05,4.85454148718418e-05,0.000187384697162867,-3.05460247851386e-06,-3.05460247851386e-06,0.000227722652572043,2.80807128170351e-07,0.000529912377823307,0.000382872348336235,0.0195671241713297,0.000145662991677686,0.012069092413172,1,0.0075048
236,0.00011453671651283,0.000227445760515698,3.64065450912131e-05,5.36069351071212e-05,0.000192502297012909,-3.43784384737589e-06,-3.43784384737589e-06,0.000233218121380888,2.79672854997721e-07,0.000528841048896283,0.000381250238346218,0.0195256302931869,0.000145047962740556,0.0120435859585323,1,0.0071235
237,0.000114777281063113,0.000280266808302867,3.66149377658498e-05,5.70516129070222e-05,0.000192306171896957,-3.89702722136676e-06,-3.89702722136676e-06,0.00023404050021713,2.78548386513546e-07,0.000527776834006141,0.000379641818669465,0.0194843993664025,0.000144438102209473,0.0120182403957265,1,0.0068461
238,0.000115033977013301,0.0003418587787258,3.68393823824719e-05,5.86933858105088e-05,0.000190075299507777,-4.43199416455542e-06,-4.43199416455542e-06,0.00023280697763604,2.7743361520831e-07,0.000526719674217994,0.00037804691270484,0.0194434285223785,0.000143833333927425,0.0119930535697722,1,0.0068427
239,0.000115310798405676,0.000408104068064708,3.70924917360845e-05,5.86702911821586e-05,0.000189157767708254,-5.03741466051366e-06,-5.03741466051366e-06,0.000232262849008086,2.76328439329735e-07,0.000525669515313315,0.000376465352174824,0.0194027150722476,0.000143233592515446,0.0119680237514573,1,0.0079689
240,0.0001156116608022,0.00047621200154161,3.73879840824014e-05,5.78067997664557e-05,0.000196683313100085,-5.71735713306154e-06,-5.71735713306154e-06,0.0002384511474248,2.75232762733001e-07,0.000524626307701969,0.000374896983453053,0.0193622566725331,0.000142638840211066,0.0119431503470008,1,0.0070061
241,0.000115940256024278,0.000544679588440002,3.77427612731384e-05,5.63224868810894e-05,0.000192950097609011,-6.4900501643983e-06,-6.4900501643983e-06,0.000235284921583325,2.74146494601192e-07,0.000523590006208285,0.000373341624015465,0.0193220502021774,0.000142048982727508,0.011918430380193,1,0.0067735
242,0.000116299944460823,0.000611639590881176,3.81729391626224e-05,5.42614412095314e-05,0.000188584322125947,-7.3480680660154e-06,-7.3480680660154e-06,0.000231527879977826,2.73069549074251e-07,0.000522560569766081,0.000371799111540852,0.0192820930280105,0.000141463949749856,0.0118938618518064,1,0.0068682
243,0.000116693627994182,0.000675741908042815,3.86899879818561e-05,5.24053613653036e-05,0.000186845415684878,-8.2818793734063e-06,-8.2818793734063e-06,0.000230023794038307,2.72001844768655e-07,0.000521537961004427,0.000370269291785317,0.0192423826951165,0.000140883682919309,0.011869443243864,1,0.0082564
244,0.00011712364478695,0.000736747197177608,3.92990113603176e-05,5.25747899396232e-05,0.00019484023402186,-9.29615524469796e-06,-9.29615524469796e-06,0.000236969472805506,2.70943304208817e-07,0.000520522145742923,0.000368752024829357,0.0192029170916649,0.000140308151223741,0.0118451741744789,1,0.0069379
245,0.000117591693546481,0.000795651046229278,4.00016146204222e-05,5.46340791589876e-05,0.000188375468722763,-1.04115516683656e-05,-1.04115516683656e-05,0.000232574669016498,2.69893853197316e-07,0.000519513092421468,0.000367247135303428,0.019163693154072,0.000139737257407421,0.0118210514510098,1,0.0071341
246,0.000118098807170166,0.000852760770237908,4.07917746491587e-05,5.81234280871625e-05,0.000184681791943774,-1.16184160408039e-05,-1.16184160408039e-05,0.000230908017127073,2.68853420169096e-07,0.0005185107715073,0.000365754477511594,0.019124708560174,0.000139170944673961,0.0117970735639802,1,0.0074012
247,0.000118645301015128,0.000909031148156502,4.16547412426254e-05,6.33543980863554e-05,0.00018340974813325,-1.2912584913316e-05,-1.2912584913316e-05,0.000231768110887495,2.67821935502229e-07,0.000517515154852714,0.000364273907628783,0.0190859610087829,0.000138609159804299,0.0117732391381599,1,0.0075752
248,0.00011923075960225,0.000966138081433391,4.25699163713607e-05,7.01235118587519e-05,0.000182219518519767,-1.42979470321158e-05,-1.42979470321158e-05,0.000233310455193856,2.66799330818895e-07,0.000516526215035495,0.000362805280718056,0.0190474481418918,0.00013805184608742,0.0117495466332714,1,0.00757
249,0.000119854048579438,0.00102607098347432,4.35122705795531e-05,7.78243948653511e-05,0.000179425038687065,-1.57792335064855e-05,-1.57792335064855e-05,0.000234155929701558,2.65785538297376e-07,0.000515543924702228,0.000361348451594688,0.0190091675671158,0.000137498943157702,0.011725994335565,1,0.0074068
250,0.000120513343226202,0.00109071967109062,4.4453800840679e-05,8.57705126644221e-05,0.000174640659955049,-1.73569405501617e-05,-1.73569405501617e-05,0.000233918663813503,2.64780490007769e-07,0.000514568255927014,0.000359903276660074,0.0189711169059725,0.000136950389499111,0.0117025804632615,1,0.0070867
251,0.000121206170672905,0.00116158614922441,4.53651785307966e-05,9.33751851793289e-05,0.000168022225104965,-1.90259457717445e-05,-1.90259457717445e-05,0.000232616300990725,2.63784117281878e-07,0.000513599179596189,0.000358469614642877,0.0189332938138845,0.000136406123878441,0.0116793032274379,1,0.0080186
252,0.000121929461272839,0.00123991368747325,4.62162853257399e-05,0.000100968700870592,0.000167710146052391,-2.07815811226197e-05,-2.07815811226197e-05,0.000236204201364065,2.62796350124118e-07,0.000512636664826189,0.000357047337570582,0.0188956962711243,0.000135866106950191,0.0116561617589235,1,0.0081165
253,0.00012267960519751,0.001327385252028,4.69795289497647e-05,0.000108547296238303,0.000165172608974909,-2.2634070188321e-05,-2.2634070188321e-05,0.00023845039127749,2.6181711666723e-07,0.000511680678418904,0.000355636308009391,0.0188583219828645,0.000135330283557517,0.0116331544972771,1,0.0071218
254,0.000123452541152141,0.00142485865863875,4.76320479684154e-05,0.000115156719437845,0.000154920942683769,-2.45857808884864e-05,-2.45857808884864e-05,0.000235349424200644,2.60846342703646e-07,0.000510731184385334,0.000354236383132785,0.0188211684847882,0.00013479858462899,0.0116102792657623,1,0.0076351
255,0.000124243843236922,0.0015318815206854,4.81537497293587e-05,0.000120791609462594,0.000149230036492792,-2.66235994241804e-05,-2.66235994241804e-05,0.00023522407768001,2.59883951291405e-07,0.000509788143537495,0.00035284743782782,0.0187842337567392,0.00013427096695122,0.0115875349816611,1,0.0077484
256,0.000125048789726256,0.00164819493399596,4.85289528680222e-05,0.000125772023873026,0.000143817355017354,-2.87449263822737e-05,-2.87449263822737e-05,0.00023520586742183,2.58929862418439e-07,0.000508851513133683,0.000351469343624587,0.0187475156654045,0.000133747382324483,0.0115649203336851,1,0.0076978
257,0.000125862456834012,0.00177338106970423,4.87478886248512e-05,0.000130052887513616,0.000137167500672037,-3.09495079737765e-05,-3.09495079737765e-05,0.000234316830030417,2.57983992751598e-07,0.000507921246603839,0.000350101972265646,0.018711012058829,0.00013322778100284,0.0115424339288921,1,0.0077218
258,0.000126679809953972,0.00190669557737019,4.88062720647977e-05,0.00013361031618498,0.000129981810998428,-3.32349020113476e-05,-3.32349020113476e-05,0.000232989800648199,2.57046255470584e-07,0.00050699729335627,0.000348745198281078,0.0186747208354256,0.000132712115755788,0.0115200744683265,1,0.007198
259,0.000127495790048651,0.002047146778735,4.87056121471969e-05,0.000136283104979225,0.000120184394536956,-3.55963824336669e-05,-3.55963824336669e-05,0.000230046474079851,2.56116560184906e-07,0.000506079598664979,0.000347398896053662,0.018638639865979,0.000132200337171657,0.0114978405438438,1,0.0071811
260,0.000128305398909369,0.00219342722753137,4.84524187157611e-05,0.000138144669398003,0.0001112523852472,-3.80244325994816e-05,-3.80244325994816e-05,0.000227456604762898,2.55194812935693e-07,0.000505168103640454,0.000346062945440021,0.0186027671447025,0.000131692402988279,0.0114757310437409,1,0.0070398
261,0.000129103770945982,0.00234440096173747,4.80581095132306e-05,0.000139400291334055,0.000102306389455205,-4.05121994160318e-05,-4.05121994160318e-05,0.000224834710857919,2.54280916271849e-07,0.000504262745274573,0.000344737227452309,0.0185671006743732,0.000131188271966912,0.0114537448883285,1,0.0071306
262,0.000129886245183784,0.00249910095552398,4.75387726735432e-05,0.000140268326813608,9.3858118030547e-05,-4.30547355851907e-05,-4.30547355851907e-05,0.000222525079978448,2.53374769403208e-07,0.000503363456563156,0.000343421625505587,0.0185316385002942,0.000130687905636202,0.0114318811066334,1,0.0074708
263,0.000130648427288341,0.00265681577249996,4.6914529718168e-05,0.000141009700495028,8.59175528428859e-05,-4.5650076705428e-05,-4.5650076705428e-05,0.000220648453493912,2.52476268422789e-07,0.000502470166699266,0.000342116024974159,0.0184963786989281,0.000130191267578462,0.011410138806275,1,0.0081431
264,0.000131386243495869,0.00281710331621866,4.62089572472421e-05,0.000141865016682449,7.82945197997007e-05,-4.82992471182442e-05,-4.82992471182442e-05,0.000219250525652243,2.51585306591566e-07,0.000501582801331511,0.000340820313026504,0.0184613193739371,0.000129698323022743,0.0113885171564494,1,0.0084065
265,0.000132095987383294,0.00297969676979192,4.54488726468459e-05,0.000142858688940231,6.90154107642117e-05,-5.10045007926507e-05,-5.10045007926507e-05,0.000217695328104534,2.50701774679457e-07,0.000500701282881777,0.000339534377472652,0.0184264586253749,0.000129209037169556,0.0113670153149169,1,0.0072397
266,0.000132774365600702,0.00314415747146785,4.46642042016534e-05,0.000143669186145256,5.61635089622045e-05,-5.37631602739452e-05,-5.37631602739452e-05,0.000215477289971882,2.49825561361717e-07,0.000499825530922258,0.00033825810699517,0.0183917945561375,0.000128723375928359,0.0113456324604827,1,0.0070501
267,0.000133418533098067,0.00330970963078718,4.38850049203354e-05,0.000144212067183941,4.35724957212746e-05,-5.65647240691192e-05,-5.65647240691192e-05,0.00021391333461308,2.48956553659891e-07,0.000498955462601514,0.000336991394081011,0.0183573253520498,0.000128241310182956,0.0113243679816119,1,0.00711
268,0.000134026095349099,0.00347574134890976,4.31399503224032e-05,0.000144654305351154,3.14731151882913e-05,-5.93999091718089e-05,-5.93999091718089e-05,0.000213118488135144,2.48094637393378e-07,0.00049809099308598,0.000335734132981791,0.0183230492271835,0.000127762813181246,0.0113032213630118,1,0.0070857
269,0.00013459511361617,0.0036418559185704,4.24563067458615e-05,0.00014508718036751,1.95699621941665e-05,-6.22618046195456e-05,-6.22618046195455e-05,0.000213053588672154,2.47239697643252e-07,0.00049723203601865,0.000334486219445917,0.0182889644169897,0.000127287860127661,0.0112821921685309,1,0.007181
270,0.000135124107663371,0.00380776646463774,4.18586489809698e-05,0.000145517118986013,9.50815802817774e-06,-6.51442562498161e-05,-6.51442562498161e-05,0.00021375916811267,2.46391619224098e-07,0.000496378503990753,0.000333247550829384,0.01825506918172,0.000126816428382374,0.0112612800507923,1,0.007055
271,0.000135612048618867,0.00397323359931104,4.13677250810133e-05,0.000145919339667904,1.23772663519526e-05,-6.80410218976135e-05,-6.80410218976135e-05,0.00021530544740411,2.45550287152167e-07,0.000495530309014662,0.000332018026126824,0.0182213618076922,0.000126348497525024,0.0112404847548949,1,0.0077847
272,0.000136058343565338,0.00413800021405134,4.09987201149045e-05,0.000146122972685028,2.59037894941521e-05,-7.09448772919785e-05,-7.09448772919785e-05,0.000217788143348235,2.44715587099599e-07,0.000494687362987573,0.000330797546000164,0.018187840608499,0.000125884050009575,0.0112198061484847,1,0.0071911
273,0.000136462809905397,0.00430170683351439,4.07618265262469e-05,0.000146144370450664,4.00089029751801e-05,-7.38463842457904e-05,-7.38463842457904e-05,0.000221086776421669,2.43887405822631e-07,0.000493849578133495,0.000329586012422738,0.0181545039156331,0.00012542306958015,0.0111992441521805,1,0.0071507
274,0.000136825657136743,0.00446414852835941,4.06611563186232e-05,0.000145993102508115,5.50864375463348e-05,-7.67386062205944e-05,-7.67386062205944e-05,0.000225374570669509,2.43065631569449e-07,0.000493016867428944,0.000328383329142717,0.0181213500916106,0.000124965542479568,0.0111787987941267,1,0.0072279
275,0.000137147446008338,0.00462507989106993,4.06943479965465e-05,0.000145532642008266,7.13629549282253e-05,-7.96138861804963e-05,-7.96138861804963e-05,0.000230768401733198,2.42250154443548e-07,0.000492189144987522,0.000327189401596944,0.0180883775280412,0.000124511457606646,0.0111584702180293,1,0.0074528
276,0.000137429047893199,0.00478410845672099,4.08537100015339e-05,0.000144562760025972,8.9170866891064e-05,-8.24621454453833e-05,-8.24621454453833e-05,0.000237439664171202,2.41440866721668e-07,0.000491366326401869,0.000326004137017224,0.0180555846490005,0.000124060807069048,0.0111382587090195,1,0.0073537
277,0.000137671604534478,0.00494069378098748,4.11275887314824e-05,0.00014305015270207,0.000106803808437259,-8.52709951733033e-05,-8.52709951733033e-05,0.00024484933890883,2.40637663125905e-07,0.000490548329042006,0.000324827443205605,0.0180229698775092,0.000123613583221281,0.0111181645617107,1,0.0081576
278,0.000137876486929805,0.00509418916203186,4.1500915602667e-05,0.000140560512256947,0.000128985548461111,-8.80265530431856e-05,-8.80265530431856e-05,0.00025501340257886,2.39840441048646e-07,0.000489735072308127,0.000323659233092763,0.0179905317623678,0.000123169789057976,0.0110981885484963,1,0.0087737
279,0.000138045246642013,0.00524329017425573,4.19569268917273e-05,0.000136620620196484,0.000153457286361495,-9.0703841205908e-05,-9.0703841205908e-05,0.000267218593139184,2.39049100722739e-07,0.000488926477829478,0.000322499420091629,0.0179582688500765,0.000122729430752516,0.0110783315870449,1,0.0083994
280,0.000138179578348446,0.00538651027404367,4.24790969245595e-05,0.000131618117923598,0.000172971349603408,-9.32751598385906e-05,-9.32751598385906e-05,0.000277450547433116,2.38263545348274e-07,0.000488122469620354,0.000321347911372753,0.017926179497393,0.000122292501977235,0.0110585940325719,1,0.0080511
281,0.00013828128529784,0.00552315763532566,4.30513840280001e-05,0.000126212849312173,0.000189805617625836,-9.57271622432643e-05,-9.57271622432643e-05,0.000286746278200933,2.37483681179289e-07,0.000487322974196055,0.000320204617109605,0.0178942621281126,0.000121858995996678,0.0110389762204961,1,0.0125338
282,0.00013835222840494,0.00565214192295311,4.36568007537122e-05,0.000117476034518105,0.000245468887697189,-9.80399114727248e-05,-9.80399114727248e-05,0.0003237813656286,2.36709417554911e-07,0.000486527920632425,0.000319069511497063,0.0178625169418272,0.000121429027156736,0.0110194839786959,1,0.009292
283,0.000138394264072265,0.00576817688281885,4.42821620280934e-05,0.000106033048156682,0.000254716244866296,-0.000100120481389077,-0.000100120481389077,0.000327677348062598,2.35940666865064e-07,0.000485737240558168,0.000317942436800764,0.0178309404351191,0.000121002508053066,0.0110001140018213,1,0.0076435
284,0.000138409267689889,0.00587183106221215,4.49185379631364e-05,9.71133205735656e-05,0.000250690325043357,-0.000101978695844274,-0.000101978695844274,0.000322419226771286,2.351773445359e-07,0.000484950868166972,0.000316823287213993,0.0177995305335279,0.000120579378511978,0.0109808641969555,1,0.0089335
285,0.000138399077885617,0.00596596974589429,4.55556789785761e-05,8.89810880631942e-05,0.000272394020054722,-0.000103664663456904,-0.000103664663456904,0.000337917070033295,2.34419368957737e-07,0.00048416874016993,0.000315712027216562,0.0177682871210638,0.000120159700822248,0.0109617380383883,1,0.0091837
286,0.000138365433254118,0.00604993718487602,4.61854675680186e-05,7.95073202639625e-05,0.000298747222035276,-0.0001051670737926,-0.0001051670737926,0.00035776938768422,2.33666661349911e-07,0.000483390795681829,0.000314608586558234,0.0177372090972124,0.000119743501191049,0.0109427373719307,1,0.0100613
287,0.000138309956188655,0.00612179272100466,4.6802646793739e-05,6.78115563386874e-05,0.000333341125396526,-0.000106452322212292,-0.000106452322212292,0.000385293125606066,2.3291914560995e-07,0.000482616976089683,0.000313512906642674,0.017706295678167,0.000119330831411623,0.010923865223062,1,0.0122159
288,0.000138234133371254,0.00617807796776554,4.74038623461982e-05,5.20085898941224e-05,0.000389908373726761,-0.000107460419116023,-0.000107460419116023,0.000433262126200321,2.32176748144738e-07,0.000481847224900941,0.000312424971953186,0.0176755472886467,0.000118921827835727,0.0109051285107387,1,0.007842
289,0.000138139302773093,0.00621422770985951,4.79891865660799e-05,3.69284013890514e-05,0.000365942417376038,-0.000108112133851535,-0.000108112133851535,0.000410397716421768,2.31439397690848e-07,0.00048108148757861,0.000311344499476828,0.0176449567717472,0.000118516174882386,0.0108865134401417,1,0.0131547
290,0.000138026671326694,0.00623379779559777,4.8558946826598e-05,2.19080202211858e-05,0.000437853312719144,-0.000108470058568955,-0.000108470058568955,0.000474807669091706,2.30707025153975e-07,0.000480319711394374,0.000310271675141813,0.0176145302276789,0.000118114276371911,0.0108680392146841,1,0.0200857
291,0.000137897251935414,0.0062292998107536,4.91132788816763e-05,1.61691875863721e-05,0.000610827073197712,-0.000108403890349607,-0.000108403890349607,0.000637667115541245,2.29979563390873e-07,0.000479561845220064,0.000309206846771395,0.0175842783978017,0.000117716785700461,0.0108497366650284,1,0.0132999
292,0.000137751866534428,0.00618263000299238,4.9654945262477e-05,5.31931993908221e-05,0.000581482871050103,-0.000107597987817343,-0.000107597987817343,0.000611585652797811,2.29256946998211e-07,0.000478807839324098,0.000308149200162626,0.017554178994263,0.000117322970164829,0.01083157283892,1,0.0085696
293,0.000137591221695512,0.00609404258952853,5.01923694575944e-05,8.00614857758227e-05,0.000468804462134549,-0.000106057174812157,-0.000106057174812157,0.000508872055377783,2.28539112176674e-07,0.000478057645244455,0.000307098380198824,0.0175242226703162,0.00011693219748972,0.010813519200044,1,0.0073646
294,0.000137415913459946,0.00598400874940412,5.07298642111423e-05,9.02032970954388e-05,0.000403935248609348,-0.000104139079708965,-0.000104139079708965,0.000451292391602235,2.27825996602168e-07,0.00047731121566769,0.000306054520622715,0.0174944139834038,0.000116544441503908,0.0107955750890774,1,0.0076064
295,0.000137226366377714,0.00586702904536483,5.12702763171847e-05,9.27803376331559e-05,0.000396595268959253,-0.000102096927666828,-0.000102096927666828,0.000444793508475998,2.27117539242938e-07,0.000476568504249848,0.000305017718319808,0.0174647564632264,0.000116159856906651,0.0107777482298786,1,0.0143332
296,0.000137022824824744,0.00574525413283777,5.18161104379793e-05,0.000103481726909745,0.000540150814273685,-9.99682419156045e-05,-9.99682419156045e-05,0.000577915503203093,2.26413680172938e-07,0.000475829465431616,0.000303988381387406,0.0174352625844123,0.000115779372855721,0.0107600823814561,1,0.0072203
297,0.000136805357423311,0.00560401634419277,5.2371828430956e-05,0.000118918713090639,0.000482127233642813,-9.74968527893694e-05,-9.74968527893694e-05,0.000526890267320021,2.25714360393971e-07,0.000475094054260807,0.000302965786208842,0.017405912392312,0.000115401896044118,0.0107425274514017,1,0.007251
298,0.000136573931376174,0.0054506905136165,5.29428860573387e-05,0.000125026035333922,0.000458841513908698,-9.4811494619762e-05,-9.4811494619762e-05,0.000506628684642332,2.25019521730674e-07,0.000474362226289862,0.000301949983814262,0.0173767080833587,0.000115027420411677,0.0107250837018495,1,0.0071724
299,0.000136328394611491,0.00529251864158326,5.35327307457435e-05,0.000127597677613526,0.000463851937944712,-9.20386225535808e-05,-9.20386225535807e-05,0.000511295937383729,2.24329106712101e-07,0.00047363393745814,0.000300940991973865,0.0173476509065022,0.000114655998349702,0.0107077541225834,1,0.0140427
300,0.000136068479866983,0.00512822731143549,5.41440739109437e-05,0.000141588959892348,0.000630642613806541,-8.91559344813331e-05,-8.91559344813331e-05,0.000668741204563553,2.23643058460438e-07,0.000472909143980573,0.000299939346049948,0.0173187570584597,0.000114288774539997,0.0106905928058269,1,0.0069701
301,0.000135793815676895,0.00493970630231349,5.4780759628573e-05,0.000161163112515074,0.000562391329022689,-8.5846805972345e-05,-8.5846805972345e-05,0.000609205487147273,2.22961320593048e-07,0.000472187802249326,0.000298944102811661,0.0172900000813089,0.000113924328175257,0.0106735340059072,1,0.0144785
302,0.000135503991934066,0.00473165522043528,5.54463490102857e-05,0.000183140126105626,0.000699077390738137,-8.21930144292438e-05,-8.21930144292437e-05,0.000741960294896244,2.22283837186549e-07,0.000471469868800275,0.000297956044541024,0.0172614033189954,0.000113563987013386,0.0106566405125342,1,0.0129384
303,0.000135198539099827,0.00448886551978606,5.61431639990111e-05,0.000219102633453703,0.000745253470397208,-7.79280451643771e-05,-7.79280451643771e-05,0.000794340867430603,2.21610552723803e-07,0.000470755300260978,0.000296974773692419,0.0172329560346569,0.000113207395681522,0.0106398964131011,1,0.0076079
304,0.000134876977432498,0.00420621895429152,5.68746498648932e-05,0.000246361700244591,0.000624091984512883,-7.29610808303249e-05,-7.29610808303249e-05,0.000690652440349453,2.2094141208669e-07,0.000470044053346801,0.00029599945207104,0.0172046346102159,0.000112853178664926,0.0106232376733709,1,0.0075692
305,0.000134538848052916,0.00390261328875243,5.76426784797889e-05,0.000257552989448927,0.000566889066951909,-6.76211304915242e-05,-6.76211304915242e-05,0.000643241462339181,2.20276360577014e-07,0.000469336084886953,0.000295030318653033,0.0171764466247543,0.000112501410770926,0.0106066682219689,1,0.0080906
306,0.000134183701547881,0.00359028427067476,5.84474145603672e-05,0.000263547203511292,0.000567428533586097,-6.21206337427793e-05,-6.21206337427793e-05,0.000645585158420036,2.19615343927288e-07,0.000468631351839896,0.000294067529311673,0.017148397281136,0.000112152329625285,0.0105901996971391,1,0.0076307
307,0.000133811106535097,0.00327197362211639,5.92883480240117e-05,0.000268429128459482,0.000570816324639701,-5.65053138679161e-05,-5.65053138679161e-05,0.000650051667611676,2.18958308319161e-07,0.000467929811316997,0.000293111031063656,0.0171204857134269,0.000111805862113095,0.0105738291131025,1,0.0076114
308,0.000133420664587468,0.00294875619425128,6.01642737454782e-05,0.000273210900704218,0.000581885293466147,-5.0790700258041e-05,-5.0790700258041e-05,0.000661289802383291,2.1830520041468e-07,0.000467231420620103,0.000292160791690731,0.0170927116541154,0.000111461980654893,0.0105575556193133,1,0.0071341
309,0.000133012019513524,0.00262089006515107,6.10733500519763e-05,0.000277625332055829,0.000584836671386597,-4.49762645997609e-05,-4.49762645997609e-05,0.000665300191939549,2.17655967395005e-07,0.000466536137287354,0.000291216719951749,0.0170650731012718,0.000111120538888514,0.0105413727231568,1,0.0090792
310,0.000132584865890858,0.00228772062804466,6.20131512486653e-05,0.000286962147330523,0.000641091834224123,-3.90420985514339e-05,-3.90420985514339e-05,0.000718585177437934,2.17010557005547e-07,0.00046584391914626,0.000290278976870154,0.0170375754398962,0.000110781930848488,0.0105252995609858,1,0.0076972
311,0.00013213895634885,0.0019435009172699,6.29809732652437e-05,0.00029899650187225,0.000638410345147838,-3.28703166436739e-05,-3.28703166436739e-05,0.000720794411288926,2.16368917606124e-07,0.000465154724372573,0.000289347274515534,0.0170102108898019,0.000110445711722179,0.0105093154735301,1,0.0073855
312,0.000131674114132367,0.00159078670818739,6.39738122451042e-05,0.00030901239464535,0.000629657045689677,-2.64732834205361e-05,-2.64732834205361e-05,0.000717048284131182,2.15730998230247e-07,0.000464468511559446,0.00028842152734799,0.0169829775760315,0.00011011171974976,0.0104934131601572,1,0.0073771
313,0.000131190237452947,0.00123578097972522,6.49882824637556e-05,0.000317792171217837,0.000628715009976361,-1.98887109608137e-05,-1.98887109608137e-05,0.000719843025263448,2.15096748646135e-07,0.000463785239788994,0.000287501708327648,0.0169558753335724,0.000109779912772851,0.0104775909813683,1,0.0073725
314,0.000130687302523166,0.000890100993868773,6.60207209787928e-05,0.000326442509255824,0.00063134416089041,-1.31297380283613e-05,-1.31297380283613e-05,0.000725837041078168,2.14466119418092e-07,0.000463104868704802,0.00028658777562409,0.0169289035564649,0.000109450214121448,0.0104618456364758,1,0.0082952
315,0.000130165365890805,0.000590280548284973,6.70672637198056e-05,0.000337871944063063,0.000657304451977071,-6.17921842405167e-06,-6.17921842405167e-06,0.000753494374036501,2.13839061967487e-07,0.000462427358584553,0.000285679775554717,0.0169020642394566,0.000109122766063646,0.0104461842824854,1,0.0070379
316,0.000129624575082752,0.000470495490332115,6.81231990479759e-05,0.000348923365994006,0.000638122741122041,1.01206434877099e-06,1.01206434877099e-06,0.000741929161530474,2.13215528639949e-07,0.000461752670419943,0.000284777467590559,0.016875350887924,0.000108797174121864,0.0104305883880951,1,0.0071474
317,0.000129065225464172,0.000664040960421506,6.91802000202319e-05,0.000358020128719533,0.000629751870070508,8.39938124830297e-06,8.39938124830297e-06,0.000739150785764876,2.12595472815924e-07,0.000461080766044219,0.000283880839440065,0.0168487637362527,0.000108473410998389,0.0104150569368769,1,0.0081452
318,0.000128487884129286,0.00101634431947306,7.02240000412474e-05,0.000369331215434139,0.000649670685027165,1.59750550787763e-05,1.59750550787763e-05,0.000761730102169196,2.11978849116402e-07,0.000460411608364084,0.000282989957029085,0.0168223053422854,0.000108151652522169,0.010399598671207,1,0.0073881
319,0.000127893539529827,0.00142547144320171,7.12342625555219e-05,0.00038144164212511,0.000637289591475172,2.37875858060121e-05,2.37875858060121e-05,0.000757420491186178,2.1136561371934e-07,0.0004597451617139,0.000282104639564419,0.0167959709324712,0.000107831625858122,0.0103842007809038,1,0.0078416
320,0.000127283723328938,0.00186342208833817,7.21861022831299e-05,0.000393601658072343,0.000636136364940113,3.18249991337893e-05,3.18249991337893e-05,0.000762929521940079,2.10755724758418e-07,0.000459081392302518,0.000281224881507828,0.0167697609257803,0.000107513349604056,0.0103688644317522,1,0.0071612
321,0.000126660580046429,0.00232173898269681,7.30522828722852e-05,0.000404419105670531,0.000613837379691841,4.00830685780562e-05,4.00830685780562e-05,0.000750581582475622,2.10149142757731e-07,0.000458420268703,0.000280350546589461,0.0167436718371288,0.000107196602605262,0.010353579217124,1,0.0071758
322,0.000126026874779284,0.00279479428138616,7.38056029676372e-05,0.000413242424519741,0.000597332786392265,4.85163852550485e-05,4.85163852550485e-05,0.000742485776247502,2.09545831050926e-07,0.000457761762329409,0.00027948160478368,0.0167177033345995,0.000106881342407704,0.010338343310594,1,0.0075181
323,0.000125385950284727,0.00327974989142551,7.44209890426364e-05,0.000421783996984508,0.000591702454591603,5.70994136808167e-05,5.70994136808167e-05,0.000743337306543537,2.08945756145285e-07,0.000457105847857239,0.000278618047339617,0.0166918557188713,0.000106567597081772,0.0103231582900667,1,0.0078756
324,0.000124741644578723,0.00377639326261516,7.48770782715857e-05,0.000431202486840533,0.000589795933286268,6.58414960961196e-05,6.58414960961196e-05,0.000747867686052429,2.08348888002529e-07,0.000456452503555987,0.000277759841348062,0.0166661285650886,0.000106255372442507,0.0103080246624902,1,0.0074004
325,0.00012409818181927,0.00428490140415728,7.51573555630231e-05,0.000439718183586631,0.000568553802339892,7.47543905568193e-05,7.47543905568193e-05,0.000737053176882821,2.07755200220154e-07,0.000455801711515166,0.000276906867212793,0.0166405188384495,0.000105944501558496,0.0102929345455267,1,0.0072366
326,0.000123460045798152,0.00480291475207448,7.5251057027902e-05,0.000445880251431914,0.000544623891717244,8.38040520427796e-05,8.38040520427796e-05,0.00072343375520308,2.07164670105701e-07,0.000455153457754306,0.00027605906503238,0.0166150252793181,0.000105634907586391,0.0102778843925387,1,0.0077884
327,0.000122831848132683,0.00532816845639762,7.51537142888779e-05,0.00045132972328755,0.000535442095330972,9.29576065260562e-05,9.29576065260562e-05,0.000720957973583104,2.06577278646405e-07,0.000454507732218501,0.000275216437250629,0.016589648496898,0.00010532665385246,0.0102628774645545,1,0.0073936
328,0.000122218195655105,0.00586010333832503,7.4867078151992e-05,0.000455655474441446,0.000512346411419512,0.000102211591718415,0.000102211591718415,0.000707901075507518,2.05993010380254e-07,0.000453864528664947,0.000274378890563684,0.0165643862114986,0.000105019627616199,0.0102479084508108,1,0.0077921
329,0.000121623559655839,0.00639691574161239,7.43989792269104e-05,0.000459009254698841,0.000497580815226784,0.000111540445418612,0.000111540445418612,0.000700762990265206,2.05411853176252e-07,0.00045322384444803,0.000273546404783151,0.0165392383374553,0.000104713854537619,0.0102329787714829,1,0.0078583
330,0.000121052160277522,0.00693781587516687,7.37628703194154e-05,0.000461809750494408,0.000479794279701689,0.000120935726176441,0.000120935726176441,0.000691540035983941,2.04833797940893e-07,0.000452585680220765,0.000272718925458419,0.0165142037488466,0.000104409304254821,0.0102180871132918,1,0.0077321
331,0.000120507859997532,0.00748165306510557,7.2977104651849e-05,0.000463325218849017,0.000455583086464159,0.000130381971946036,0.000130381971946036,0.000677587639851113,2.04258838262284e-07,0.000451950039564423,0.000271896388296942,0.0164892810121285,0.000104105920964853,0.0102032309081414,1,0.0076904
332,0.000119994073512854,0.00802641984930715,7.20641658908454e-05,0.000463137290173939,0.000429876127993123,0.000139847908004143,0.000139847908004143,0.000662197818846365,2.03686970007512e-07,0.000451316928562969,0.000271078744073009,0.016464469140334,0.000103803675048679,0.0101884088575537,1,0.0094608
333,0.000119513698373559,0.00857100689581619,7.10499159570143e-05,0.000464495347225045,0.000436048475541775,0.00014931697544629,0.00014931697544629,0.000669031889122175,2.0311819089067e-07,0.000450686355341128,0.000270266037945669,0.0164397700089043,0.000103502756364685,0.0101736304417196,1,0.0070677
334,0.000119069064633524,0.00911683996141365,6.99619402569179e-05,0.00046357351180582,0.000381472865982483,0.000158815881081686,0.000158815881081686,0.000636249070610851,2.02552500026185e-07,0.00045005832958205,0.000269458070205951,0.0164151780436872,0.000103202833395655,0.0101588795344592,1,0.0070172
335,0.000118661879131662,0.00965795820548526,6.88288767358697e-05,0.000457543205033432,0.000339904808738225,0.000168241522408685,0.000168241522408685,0.000610010378181104,2.01989897463596e-07,0.00044943286202012,0.000268654828541639,0.0163906933514613,0.000102903920700441,0.0101441569733734,1,0.0071339
336,0.00011829322429384,0.0101897386036147,6.7679620225174e-05,0.000448916651555261,0.000311708134436767,0.000177513319159495,0.000177513319159495,0.000590669620966861,2.01430383741722e-07,0.000448809963951027,0.000267856298964435,0.016366315986331,0.000102606067878137,0.0101294653303191,1,0.0070028
337,0.000117963558326417,0.0107098716091503,6.65418692092188e-05,0.000438828765413498,0.000285998901211802,0.00018659038769453,0.00018659038769453,0.000572406592858122,2.00873959460865e-07,0.000448189646757782,0.000267062445404622,0.0163420453250082,0.000102309287752317,0.0101148053739218,1,0.0075886
338,0.00011767272693685,0.0112171121244923,6.54413698782198e-05,0.000428651327664382,0.000270897245332287,0.000195449897747224,0.000195449897747224,0.000559986413690577,2.00320624878628e-07,0.000447571921459142,0.000266273247592134,0.0163178812225158,0.000102013642261275,0.0101001803083546,1,0.006884
339,0.000117419992637085,0.0117112721772228,6.44009707795956e-05,0.000417571281354784,0.000242641703830557,0.00020408709556019,0.00020408709556019,0.000541253339088336,1.99770379538783e-07,0.000446956798291269,0.000265488644959641,0.0162938222943434,0.000101719087774595,0.010085588122395,1,0.0079245
340,0.000117204069636815,0.0121911484216703,6.34405190641909e-05,0.000406528029571685,0.000230347574894715,0.000212479293075774,0.000212479293075774,0.000530433810476874,1.99223221934079e-07,0.000446344286323997,0.00026470862353337,0.0162698685776305,0.000101425706367542,0.0100710330337827,1,0.006952
341,0.000117023184116996,0.0126569478824431,6.25761504399967e-05,0.000394648247124268,0.000201044243042741,0.000220628339591578,0.000220628339591578,0.000512421143875493,1.98679149217618e-07,0.000445734393128484,0.000263933121926024,0.0162460186484574,0.000101133449323687,0.0100565127814609,1,0.0071788
342,0.000116875120530357,0.0131069635284691,6.18204657899873e-05,0.000381453530416044,0.000177816064471133,0.000228502750021065,0.000228502750021065,0.000496928464044295,1.98138156950312e-07,0.000445127124482784,0.000263162109692025,0.0162222720261998,0.000100842350228128,0.010042029188771,1,0.0074
343,0.000116757298674604,0.0135402184201047,6.11827568857841e-05,0.000367731991101206,0.000158358215500622,0.000236083947206644,0.000236083947206645,0.000483246871648184,1.97600238903208e-07,0.000444522484136863,0.000262395554058926,0.01619862815361,0.000100552441276238,0.0100275840199042,1,0.0072135
344,0.000116666842680131,0.0139562419250869,6.06690321345192e-05,0.000353368364154104,0.000136389113938113,0.000243362429523053,0.000243362429523053,0.000469143311968303,1.97065386906922e-07,0.000443920473628917,0.000261633416097845,0.0161750862779104,0.000100263734035039,0.0100131780187431,1,0.0070836
345,0.000116600648335849,0.014354205398514,6.02825552692261e-05,0.000338097961009767,0.000114134721850631,0.000250322746244258,0.000250322746244258,0.00045533615651155,1.96533590745431e-07,0.000443321092150408,0.000260875659329491,0.0161516457158238,9.99762458833759e-05,0.00999881222362816,1,0.0078779
346,0.000116555459138426,0.0147334732933312,6.00245960687965e-05,0.000322727453901441,9.98509028852655e-05,0.000256953134088356,0.000256953134088356,0.000444337976735168,1.96004838098927e-07,0.000442724336465624,0.000260122254060439,0.0161283059885544,9.9690021195528e-05,0.0099844890302673,1,0.007366
347,0.000116527942397627,0.015094220660743,5.98944805519166e-05,0.000306958021110905,7.8768423337565e-05,0.000263256281159308,0.000263256281159308,0.000432430876256055,1.95479114534836e-07,0.000442130200885255,0.000259373161099062,0.016105066317748,9.94050632893051e-05,0.00997020878865157,1,0.0073737
348,0.000116514745584664,0.0154357489442614,5.98902317082116e-05,0.000290368806038637,5.86130546965113e-05,0.000269219950163269,0.000269219950163269,0.000421296713022264,1.94956403533123e-07,0.000441538677278812,0.000258628345954871,0.0160819260648366,9.91213923947463e-05,0.0099559726995782,1,0.0079358
349,0.000116512569986104,0.0157574863062547,6.00091483573983e-05,0.000273468788467379,4.30928091597138e-05,0.000274834383393596,0.000274834383393596,0.000411648461134364,1.94436686557282e-07,0.000440949755139157,0.000257887776065188,0.0160588846457401,9.88390381442917e-05,0.00994178244301754,1,0.0068495
350,0.000116518232904413,0.0160591780091625,6.02473995954109e-05,0.000255728360603993,2.07972736624861e-05,0.000280095573478967,0.000280095573478967,0.000401989736052639,1.93919943163116e-07,0.000440363421690671,0.000257151415549995,0.0160359413677525,9.8558003865495e-05,0.00992763838309469,1,0.0072935
351,0.0001165287100978,0.016339810158098,6.06006869826389e-05,0.000237274151332509,5.75633440268305e-06,0.000284986456876801,0.000284986456876801,0.000393590094815523,1.93406151132102e-07,0.000439779662026453,0.00025641923178251,0.016013095633965,9.82783165793559e-05,0.0099135420803745,1,0.0078399
352,0.000116541203291666,0.0165991228166244,6.10642045101804e-05,0.000218791196076886,1.10841143020663e-05,0.000289503216637677,0.000289503216637677,0.000386308994745638,1.92895286646115e-07,0.000439198459293876,0.000255691192017899,0.0159903468385742,9.79999994876003e-05,0.00989949491073157,1,0.0070413
353,0.000116553176550561,0.0168372159446087,6.16319347268087e-05,0.000200054570382895,2.72887305118834e-05,0.000293648359546594,0.000293648359546594,0.000380139707674385,1.92387324482709e-07,0.000438619794905234,0.000254967263729456,0.0159676943773813,9.77230631331409e-05,0.00988549761686992,1,0.0076282
354,0.000116562377327514,0.0170538040545289,6.22971786245544e-05,0.000181168943416494,4.05642600265053e-05,0.000297417683751355,0.000297417683751355,0.000374870558790724,1.91882238220917e-07,0.000438043648762217,0.000254247414193316,0.0159451376348188,9.74475263714543e-05,0.00987155136599381,1,0.0075443
355,0.00011656687797845,0.0172489657648361,6.30522359723348e-05,0.000162329601672193,5.37091036415612e-05,0.000300813285231349,0.000300813285231349,0.0003707166587952,1.91380000471116e-07,0.000437469999509813,0.00025353161142331,0.015922676013262,9.71734026789329e-05,0.00985765705829397,1,0.0071103
356,0.00011656508422985,0.0174227731467077,6.38881056364711e-05,0.000143481425484995,6.69515761991739e-05,0.000303837068940105,0.000303837068940105,0.000367703795050412,1.90880583107044e-07,0.000436898824794762,0.000252819823767853,0.0159003089205164,9.69007036870739e-05,0.00984381550452232,1,0.0072793
357,0.000116555743733907,0.0175752668921197,6.47948543712788e-05,0.000124743993360353,7.86231067802576e-05,0.000306490290360451,0.000306490290360451,0.000365540077249458,1.90383957500014e-07,0.000436330101528664,0.000252112019274241,0.0158780357498729,9.66294410203252e-05,0.00983002751879796,1,0.0069683
358,0.000116537956442432,0.0177066596362276,6.5761470276159e-05,0.000106257187090121,8.94721734248904e-05,0.000308777074375044,0.000308777074375044,0.000364289644025141,1.89890094756416e-07,0.000435763806156978,0.000251408166446504,0.0158558559039399,9.63596241195767e-05,0.00981629380772482,1,0.0072408
359,0.000116511166306023,0.0178172637082772,6.67761274838894e-05,8.814229915166e-05,9.92379208751109e-05,0.000310703151156666,0.000310703151156666,0.000363804097286456,1.89398965946158e-07,0.000435199914919751,0.000250708233819693,0.0158337687813007,9.60912608955013e-05,0.00980261500292148,1,0.0076563
360,0.000116475157340112,0.0179074939017573,6.78264007260266e-05,7.04861742818356e-05,0.000108435871818042,0.000312275899601921,0.000312275899601921,0.00036411224894178,1.88910542324856e-07,0.000434638404107203,0.000250012190330555,0.0158117737882426,9.58243573679143e-05,0.00978899164203925,1,0.0108607
361,0.000116430043076898,0.0179777086344822,6.88999473872124e-05,5.30748335982425e-05,0.000120161440696858,0.000313501582699161,0.000313501582699161,0.000366074597141851,1.88424795545372e-07,0.000434079250305024,0.000249320007007231,0.0157898703923506,9.55589177811553e-05,0.00977542417397605,1,0.0073216
362,0.000116376255576653,0.0180280308646473,6.99831127806867e-05,3.63639945696083e-05,0.00012562901921288,0.000314382234114952,0.000314382234114952,0.000366810217539793,1.87941697858401e-07,0.000433522430628914,0.000248631649390459,0.0157680578826455,9.52949456169616e-05,0.00976191301011034,1,0.0073413
363,0.00011631443386678,0.0180593133032158,7.10623775048641e-05,2.11838928562409e-05,0.000131240082973218,0.000314932577355265,0.000314932577355265,0.000368237945555958,1.8746122223765e-07,0.000432967922873797,0.000247947087268679,0.0157463356775054,9.50324418369842e-05,0.00974845843387477,1,0.0179173
364,0.000116245473387753,0.0180720450415677,7.21271864517261e-05,9.80972662015188e-06,0.000164005639189085,0.000315160912124135,0.000315160912124135,0.000381047384117612,1.86983342533929e-07,0.000432415705697572,0.000247266312845164,0.0157247039032588,9.47714162025216e-05,0.00973506118124183,1,0.0183077
365,0.000116170614327709,0.0180634925756763,7.31679899116469e-05,2.0155508913443e-05,0.000190403722441058,0.000315019194949251,0.000315019194949251,0.00039357659287876,1.86508033682146e-07,0.000431865758867436,0.000246589295282668,0.015703161951743,9.45118767373544e-05,0.00972172190187286,1,0.0198079
366,0.000116091255077954,0.0180310396112153,7.4173149630107e-05,4.0200666364523e-05,0.000211147566315517,0.000314461420720669,0.000314461420720669,0.000405234436951782,1.86035271785489e-07,0.000431318063365643,0.00024591600271345,0.0156817091770461,9.42538298269649e-05,0.00970844116359392,1,0.0179647
367,0.000116008875432024,0.0179732542587291,7.51325155826013e-05,6.19239351397241e-05,0.000214951720168015,0.00031346230344198,0.00031346230344198,0.000409322283615714,1.85565034148959e-07,0.000430772601437184,0.000245246388386525,0.0156603444529974,9.39972704262861e-05,0.00969521894679466,1,0.015985
368,0.000115924998734483,0.0178904296687701,7.60358474260444e-05,8.25523363660012e-05,0.000205583789923854,0.000312026718406244,0.000312026718406244,0.000407182718629595,1.85097299288042e-07,0.000430229356608824,0.000244580408520709,0.0156390667407205,9.37421858951826e-05,0.00968205483847218,1,0.007627
369,0.000115841139227483,0.0177855801213138,7.68733784951473e-05,9.82996628487099e-05,0.000161898418789574,0.000310207066067214,0.000310207066067214,0.00038930872011889,1.84632046903895e-07,0.000429688313669216,0.000243917999720598,0.0156178743662701,9.34885289940383e-05,0.00966894663311564,1,0.0080392
370,0.000115758730497627,0.0176661675412917,7.76397298586736e-05,0.000108093241732502,0.000143443574218517,0.000308133365621188,0.000308133365621188,0.000383089191312409,1.84169257814118e-07,0.000429149458597023,0.000243259158524944,0.0155967675665486,9.32362982556455e-05,0.00965589448242085,1,0.0084203
371,0.00011567926527355,0.0175369534426543,7.83349470789057e-05,0.000115314843245911,0.000140700601092876,0.000305888487367234,0.000305888487367234,0.000382486225285684,1.83708913972069e-07,0.000428612778591667,0.0002426038677896,0.0155757461390972,9.29854932937683e-05,0.00964289859397932,1,0.0089934
372,0.000115604260953042,0.0173997089500492,7.89588620153462e-05,0.000121787307314092,0.000145666803863328,0.000303503121989124,0.000303503121989124,0.000384542192383437,1.83250998464484e-07,0.000428078262078892,0.000241952104361934,0.0155548096858153,9.27361115388714e-05,0.00962995906215968,1,0.0077714
373,0.000115535184275038,0.0172550174983618,7.95113947640789e-05,0.000127429506237734,0.00014422029130598,0.000300987279792331,0.000300987279792331,0.000383931857536919,1.82795495462718e-07,0.000427545898662024,0.000241303834386892,0.015533957460573,9.24881341332455e-05,0.00961707513401271,1,0.0080222
374,0.000115473391361572,0.0171040401742277,7.99939161525239e-05,0.000132234290494778,0.000146474015281242,0.000298361113038048,0.000298361113038048,0.000384433284662081,1.82342390138252e-07,0.000427015679030937,0.000240659032126366,0.0155131889734628,9.22415524211918e-05,0.00960424658269412,1,0.0081762
375,0.000115420136110705,0.0169474081551735,8.04093218641131e-05,0.000136703061615951,0.000150350090453905,0.00029563558114809,0.00029563558114809,0.000385448994222306,1.81891668585403e-07,0.000426487594878682,0.000240017670896502,0.0154925037000642,9.19963568341415e-05,0.0095914731315967,1,0.0088338
376,0.000115376558897978,0.016785277300565,8.07615727982488e-05,0.000141334490096156,0.000157495841922289,0.00029281339037901,0.00029281339037901,0.000387864870693862,1.81443317739014e-07,0.000425961638811541,0.000239379726131239,0.0154719011802441,9.17525417060906e-05,0.00957875470539311,1,0.0078885
377,0.000115343675562343,0.0166175315698339,8.10552186332161e-05,0.000145578694750168,0.000156310340496615,0.000289892533150926,0.000289892533150926,0.000386804812133566,1.80997325287431e-07,0.000425437804252785,0.000238745163510103,0.0154513806344321,9.15100835950534e-05,0.0095660902982908,1,0.0098806
378,0.000115322356408353,0.0164446837961604,8.12960373103129e-05,0.000150224585833079,0.00016859763142504,0.000286881996961696,0.000286881996961696,0.000391507144883417,1.80553679574733e-07,0.000424916085333014,0.000238113968045379,0.0154309419040245,9.12689918520555e-05,0.00955348061452241,1,0.0081615
379,0.000115313361991998,0.0162659468563454,8.14900117804955e-05,0.000154725416605618,0.000164175265369893,0.000283768097898651,0.000283768097898651,0.000389136551337509,1.80112369526921e-07,0.000424396476807855,0.000237486098544614,0.0154105839780527,9.1029231045065e-05,0.00954092401421712,1,0.0090301
380,0.000115317289264286,0.0160823104511945,8.16435721264994e-05,0.000158620287971969,0.000167170519136754,0.000280568159742423,0.000280568159742423,0.000389687815900929,1.79673384547121e-07,0.00042387897393846,0.000236861534750007,0.0153903065190401,9.07907980680796e-05,0.00952842054424969,1,0.0073954
381,0.000115334615030158,0.0158944141828846,8.17633921743423e-05,0.000161311602307809,0.000158452980404199,0.000277293395085643,0.000277293395085643,0.000384801684351799,1.79236714439187e-07,0.000423363572404603,0.000236240239573068,0.0153701086389481,9.05536584102157e-05,0.00951596860073717,1,0.008229
382,0.000115365678269471,0.0157039720098262,8.18564568429956e-05,0.000163117172117804,0.000160076370176303,0.000273973753084356,0.000273973753084356,0.000383880867209353,1.78802349322128e-07,0.000422850268206286,0.000235622195397537,0.0153499900780925,9.03178120406737e-05,0.009503568384595,1,0.0085024
383,0.000115410731977543,0.015511325100005,8.19298523304733e-05,0.000165004233205353,0.000163797594789597,0.0002706152191152,0.0002706152191152,0.00038390038482839,1.78370279577307e-07,0.000422339057603375,0.000235007378645861,0.0153299503797586,9.00832509072994e-05,0.00949121967437797,1,0.0082127
384,0.00011546993674223,0.0153164214235622,8.1990176753495e-05,0.00016674853490878,0.000163774816768117,0.000267216907502643,0.000267216907502643,0.000382287853220829,1.77940495792708e-07,0.000421829937051305,0.000234395760847311,0.0153099889238141,8.98499566302707e-05,0.00947892170187467,1,0.0100059
385,0.000115543363763791,0.0151192896008145,8.20440178465223e-05,0.000169310233464541,0.000176316612136675,0.000263779333373293,0.000263779333373293,0.000386611403761247,1.77512988709895e-07,0.000421322903139498,0.000233787328918818,0.0152901055888708,8.9617941999327e-05,0.00946667534033607,1,0.0115495
386,0.000115631038813777,0.014918191356971,8.20976523562227e-05,0.000173909091360339,0.000193714176594716,0.00026027217948954,0.00026027217948954,0.000394554766730117,1.77087749198049e-07,0.000420817952561495,0.000233182065562717,0.0152703001137082,8.93872145580287e-05,0.00945448118925775,1,0.0083603
387,0.000115732925535588,0.0147113697651879,8.21559541946377e-05,0.0001779209184027,0.000175212226222864,0.000256664801305817,0.000256664801305817,0.000385260341463926,1.76664768218346e-07,0.000420315082073372,0.000232579911454107,0.0152505708566633,8.91576995359313e-05,0.00944233549160012,1,0.0172275
388,0.000115848876223534,0.0145006930881034,8.22242428934324e-05,0.0001832472681271,0.000234773772409502,0.000252989807871806,0.000252989807871806,0.000415850945724733,1.76244036759335e-07,0.000419814288417313,0.000231980924393682,0.0152309200114006,8.89295317479268e-05,0.00943024558258833,1,0.0131605
389,0.000115978843289392,0.0142797185688783,8.23080169323935e-05,0.000194181761879242,0.000229255988525849,0.000249134805443418,0.000249134805443418,0.000415457837966237,1.75825545899005e-07,0.000419315568395695,0.000231385016118159,0.0152113449805781,8.87026140100865e-05,0.00941820651770211,1,0.0151996
390,0.000116122669779086,0.0140470893197195,8.24090683500942e-05,0.000203915271195611,0.000233235111620525,0.000245076133493782,0.000245076133493782,0.000419956083654577,1.75409286741409e-07,0.00041881891879595,0.000230792173418143,0.0151918456225089,8.84769505470523e-05,0.00940621871673481,1,0.0091172
391,0.000116280138299291,0.0138040244793162,8.2529329833193e-05,0.000210251855850258,0.000178690413971956,0.000240835088705538,0.000240835088705538,0.000393081988532936,1.74995250382896e-07,0.000418324336350272,0.000230202307280117,0.0151724192955546,8.82524038861493e-05,0.00939427505910644,1,0.0156858
392,0.000116450933030886,0.0135573140977306,8.2670399396427e-05,0.000212820984530761,0.000200034201333652,0.000236530170857563,0.000236530170857563,0.000402107675697639,1.74583427855908e-07,0.000417831817668196,0.000229615468972215,0.0151530679722694,8.80290893748128e-05,0.00938238186042397,1,0.0134425
393,0.000116634866636606,0.013306055837501,8.2835311923366e-05,0.000217423954340795,0.000194571532843967,0.000232145671488659,0.000232145671488659,0.000399411434826522,1.74173810207714e-07,0.000417341359330361,0.000229031611619854,0.0151337903916981,8.78069576810748e-05,0.00937053668052555,1,0.0090554
394,0.000116831739291377,0.0130508645267139,8.30225723058872e-05,0.000218126860022529,0.00015017716874155,0.000227692341195684,0.000227692341195684,0.000377569720297933,1.73766388494765e-07,0.000416852957881751,0.000228450674937808,0.0151145848417285,8.75859038650786e-05,0.00935873409522242,1,0.0088087
395,0.000117041268293867,0.0127983385292825,8.32314989177535e-05,0.000213250031732962,0.000125450853740874,0.000223285334051582,0.000223285334051582,0.00036295343508813,1.73361153735243e-07,0.000416366609774659,0.000227872652305551,0.0150954513779996,8.73659268348337e-05,0.00934697420745525,1,0.0128606
396,0.000117263235547436,0.0125524555757332,8.34633143067592e-05,0.000208210985759313,0.000147513146506755,0.000218994093825309,0.000218994093825309,0.000365821700157027,1.72958096949071e-07,0.000415882311416428,0.000227297554258103,0.0150763906243538,8.71471036428906e-05,0.00933526130554955,1,0.0117745
397,0.000117497556363148,0.0123106737464116,8.37176836506109e-05,0.00020552041595359,0.000152149479893174,0.000214774321532829,0.000214774321532829,0.000363824161815195,1.72557209238245e-07,0.000415400059266059,0.000226725349758765,0.0150574018263034,8.69294031818287e-05,0.00932359389837571,1,0.0076782
398,0.00011774414144703,0.0120725806344532,8.39915605339222e-05,0.000200278380553314,0.000120025613824208,0.000210618876512747,0.000210618876512747,0.000346169004605221,1.72158481784996e-07,0.000414919849832466,0.000226155989163842,0.0150384836058641,8.67127324810017e-05,0.00931196716494435,1,0.0093204
399,0.000118002854394958,0.0118424986964239,8.42830766275238e-05,0.000192473780906875,0.00011680600206542,0.000206603241006853,0.000206603241006853,0.000338288502198186,1.71761905824747e-07,0.000414441679642319,0.000225589468988271,0.0150196361137103,8.6497121641296e-05,0.00930038287605924,1,0.0114788
400,0.00011827365124102,0.0116210156012701,8.45911266065062e-05,0.000186077670687274,0.000135237185281369,0.000202737740032433,0.000202737740032433,0.000339405782943012,1.71367472701629e-07,0.000413965545307372,0.000225025783306514,0.0150008594189304,8.62826071427287e-05,0.00928884315416773,1,0.0142601
401,0.000118556577879,0.0114051228058661,8.49136791193392e-05,0.000183351029189654,0.000168749453864311,0.00019896994813795,0.00019896994813795,0.000350690234139193,1.7097517392222e-07,0.000413491443590094,0.000224464928444503,0.0149821536650945,8.60692258356691e-05,0.0092773501516149,1,0.0131503
402,0.000118851737575915,0.0111899860449105,8.52477839354947e-05,0.000183915318085185,0.000173441189576208,0.000195215580397701,0.000195215580397701,0.000351343878301538,1.70585001189888e-07,0.00041301937144629,0.000223906865046683,0.0149635178032,8.58569307990745e-05,0.0092659015103267,1,0.0086551
403,0.000119159192615955,0.0109747655797971,8.55887607683469e-05,0.000181788429550643,0.000134188144804228,0.000191460039605573,0.000191460039605573,0.000330556548383321,1.70196946380943e-07,0.000412549325997441,0.000223351536020839,0.0149449501846222,8.56456166686981e-05,0.00925449170234098,1,0.0071622
404,0.000119478916832413,0.0107653127279823,8.59326143191544e-05,0.000173941601264625,0.000104198393280419,0.00018780545860686,0.00018780545860686,0.000313169795548464,1.6981100149279e-07,0.0004120813044689,0.000222798928444849,0.0149264506311732,8.5435264188737e-05,0.0092431198298376,1,0.0070977
405,0.000119810912799552,0.0105668357187526,8.62770957356367e-05,0.000163151123656375,9.38923057432966e-05,0.000184342730576326,0.000184342730576326,0.000302068573956702,1.69427158661514e-07,0.000411615304211972,0.000222249032931216,0.0149080190813943,8.52258861652259e-05,0.00923178672658906,1,0.0069728
406,0.000120155251278723,0.0103812416102079,8.66198472382271e-05,0.000151713337184398,9.32523182240207e-05,0.000181105130554471,0.000181105130554471,0.00029407802916822,1.69045410202766e-07,0.000411151322754489,0.00022170183452963,0.0148896552857892,8.50174875543724e-05,0.00922049280431216,1,0.0069868
407,0.000120512042277467,0.0102085765442072,8.69582550953835e-05,0.000140739961974221,9.73756508499569e-05,0.000178093451604688,0.000178093451604688,0.000288306017663025,1.68665748635521e-07,0.000410689357830856,0.000221157316804397,0.0148713589427596,8.48100692161264e-05,0.0092092382538474,1,0.0075739
408,0.000120881416661316,0.0100478352586205,8.72897815300031e-05,0.000131140701939306,0.000106924391645684,0.000175290136709805,0.000175290136709805,0.000285685841715246,1.68288166694978e-07,0.000410229407399053,0.000220615464597524,0.0148531297913108,8.46036368040009e-05,0.00919802352704106,1,0.0075688
409,0.00012126351689584,0.0098972434965095,8.76118957485126e-05,0.000123018495679152,0.000114254930311323,0.00017266420844475,0.00017266420844475,0.000283561905357991,1.67912657340051e-07,0.000409771469651135,0.000220076259078591,0.0148349674444736,8.43981837685741e-05,0.00918684841327939,1,0.0070835
410,0.000121658473312882,0.00975545286419336,8.79221254280297e-05,0.000115666022915902,0.000116517516828689,0.000170192113782441,0.000170192113782441,0.00028013592702348,1.67539213746853e-07,0.00040931554300668,0.000219539679120199,0.0148168714349622,8.4193696102271e-05,0.00917571229400045,1,0.0076521
411,0.000122066397527821,0.00962166683407979,8.82183960355161e-05,0.000109299732625247,0.000123393686830618,0.000167859921431202,0.000167859921431202,0.000279384198806202,1.67167829298334e-07,0.000408861626101465,0.000219005709233119,0.0147988414828026,8.39901766287466e-05,0.00916461546540533,1,0.0072157
412,0.000122487393465472,0.00949467870593545,8.84988027568583e-05,0.000103719551244664,0.000125645766747556,0.000165646537999997,0.000165646537999997,0.000277201616521618,1.66798497580517e-07,0.000408409717784136,0.00021847432848434,0.014780877121617,8.37876130017567e-05,0.00915355739599401,1,0.0070013
413,0.000122921537012363,0.00937390256027953,8.87616672087191e-05,9.85008881084341e-05,0.000126802139088959,0.000163541694605307,0.000163541694605307,0.000274838667093266,1.6643121236667e-07,0.000407959817098044,0.000217945517849494,0.014762977946522,8.35859969342068e-05,0.00914253777319005,1,0.0070429
414,0.000123368879715996,0.00925891600997015,8.90056978268309e-05,9.37468504195003e-05,0.000129305730710018,0.000161537972575232,0.000161537972575232,0.000273430862126594,1.66065967603664e-07,0.000407511923265644,0.000217419259991009,0.0147451436069985,8.33853246096279e-05,0.0091315565272098,1,0.0068768
415,0.000123829451086515,0.0091491436954368,8.92298935599554e-05,8.94580633881989e-05,0.000131023012455343,0.00015962528416047,0.00015962528416047,0.000271963307160836,1.65702757399695e-07,0.000407066035674428,0.000216895536386308,0.0147273737097389,8.31855891944612e-05,0.00912061342204904,1,0.0077058
416,0.000124303256469743,0.00904384675521683,8.94336621328182e-05,8.62535282107439e-05,0.000138540075930335,0.000157790691065252,0.000157790691065252,0.000273857109891725,1.65341576010679e-07,0.000406622153861148,0.000216374333168352,0.014709668016932,8.29867962794169e-05,0.00910970890201311,1,0.0080138
417,0.00012479028472114,0.00894150610856376,8.96166436546999e-05,8.43818230587e-05,0.000144955427282029,0.000156007647535539,0.000156007647535539,0.000275844975583831,1.64982417831183e-07,0.000406180277501484,0.000215855632346487,0.0146920261484414,8.27889423978068e-05,0.00909884291532758,1,0.0084656
418,0.000125290493481121,0.00884068873390531,8.97786761080643e-05,8.37042361751701e-05,0.000150854757753265,0.000154251113444026,0.000154251113444026,0.000278082174878592,1.64625277376459e-07,0.00040574040638869,0.000215339416311438,0.0146744477344614,8.25920245618424e-05,0.00908801543582769,1,0.0085287
419,0.000125803806629939,0.00874016542998133,8.99198022405619e-05,8.38547428067287e-05,0.000153413964374406,0.000152499609077594,0.000152499609077594,0.000278835983052661,1.64270149262822e-07,0.000405302540410028,0.000214825665316674,0.0146569323296751,8.23960344835401e-05,0.00907722614478344,1,0.007767
420,0.000126330106684411,0.00863943518239554,9.00401752506186e-05,8.38573401244499e-05,0.000148676318567438,0.000150744362545474,0.000150744362545474,0.00027557181598661,1.63917028183279e-07,0.000404866679517195,0.000214314356446458,0.0146394793775755,8.22009546445615e-05,0.00906647421242467,1,0.007725
421,0.000126869231680897,0.00853902469381966,9.01403048499947e-05,8.33937109014422e-05,0.00014554267276216,0.000148994535260627,0.000148994535260627,0.00027307401713489,1.63565908881056e-07,0.000404432823693943,0.000213805473341879,0.0146220885424032,8.20067792840876e-05,0.00905575945374476,1,0.0077728
422,0.000127420995344558,0.00843928554630648,9.02210824808587e-05,8.27931389768792e-05,0.000144333014031675,0.000147256238762772,0.000147256238762772,0.000271584238294217,1.63216786135022e-07,0.000404000972938212,0.000213299000082772,0.0146047595010247,8.18135044890093e-05,0.00904508178453956,1,0.0082037
423,0.000127985193109831,0.00834014518427384,9.02836461371022e-05,8.25245050129329e-05,0.000146362909054373,0.000145528190558686,0.000145528190558686,0.000271941770575588,1.62869654748545e-07,0.000403571127248401,0.000212794921955689,0.0145874919693444,8.16211299525322e-05,0.00903444131933637,1,0.0083099
424,0.000128561604818729,0.00824107025369639,9.03292283275377e-05,8.27136874546497e-05,0.000147554172650912,0.000143801074364625,0.000143801074364625,0.000272009941966836,1.62524509539783e-07,0.000403143286611328,0.000212293221643077,0.0145702855717751,8.14296502412469e-05,0.00902383788868389,1,0.007521
425,0.000129149986248825,0.00814182750073675,9.03589902888963e-05,8.26214630567134e-05,0.000142369747776349,0.000142070813877737,0.000142070813877737,0.000268575519377369,1.62181345326627e-07,0.000402717450983474,0.000211793877904646,0.0145531397954065,8.12390497355337e-05,0.00901327075680819,1,0.0084351
426,0.00012975006740359,0.00804281871056363,9.03744297347272e-05,8.26430615656028e-05,0.000144881257068982,0.00014034441588695,0.00014034441588695,0.000269309929974256,1.61840156910346e-07,0.000402293620270501,0.000211296879430312,0.0145360544657177,8.10493333428546e-05,0.00900274032408214,1,0.0077473
427,0.000130361575746223,0.00794367396746118,9.03770109346164e-05,8.26826792641048e-05,0.000141441062576252,0.000138615427830224,0.000138615427830224,0.000266882182283835,1.61500939073158e-07,0.000401871794323959,0.000210802205769115,0.01451902909182,8.08604874849197e-05,0.00899224596443623,1,0.0079839
428,0.000130984219853878,0.00784464641747736,9.03681958174797e-05,8.25758165433527e-05,0.000140421496581661,0.000136888269878455,0.000136888269878455,0.000265717765785247,1.61163686565629e-07,0.000401451972925317,0.000210309842218091,0.0145020633779504,8.0672509115701e-05,0.00898178763474739,1,0.0079711
429,0.000131617704169574,0.00774575536439314,9.03495280954704e-05,8.24941297714613e-05,0.000139390925359546,0.000135163285250428,0.000135163285250428,0.000264570249116042,1.60828394102891e-07,0.00040103415578089,0.00020981977264979,0.0144851569770503,8.0485392687615e-05,0.00897136515183809,1,0.0076398
430,0.000132261728384543,0.0076470578646324,9.03224266495614e-05,8.22084225461975e-05,0.000136320945511892,0.00013344147801142,0.00013344147801142,0.000262309347540718,1.60495056360315e-07,0.00040061834251606,0.000209331979704543,0.0144683094971231,8.02991292820327e-05,0.00896097814315115,1,0.0083731
431,0.000132915989293302,0.00754870556907341,9.02884041453576e-05,8.21567282238433e-05,0.000138661582763535,0.00013172550457341,0.00013172550457341,0.000262970377833524,1.60163667970175e-07,0.000400204532670701,0.000208846451105274,0.0144515207194701,8.01137210665789e-05,0.00895062685327564,1,0.0076471
432,0.000133580191120032,0.00745033945231564,9.02487246775781e-05,8.20615557128428e-05,0.00013491750637103,0.000130009113063601,0.000130009113063601,0.000260449421769014,1.59834223524548e-07,0.000399792725702392,0.000208363167269154,0.0144347901705967,7.99291547344446e-05,0.00894031066207683,1,0.0077254
433,0.000134254031703874,0.00735231353520595,9.02045414966735e-05,8.16719926377708e-05,0.00013280486738737,0.000128298493501156,0.000128298493501156,0.0002587180075553,1.59506717569593e-07,0.000399382920978843,0.00020788211361497,0.01441811754755,7.97454258745871e-05,0.00893002944421726,1,0.0087349
434,0.000134937217928258,0.00725462736238399,9.015714209963e-05,8.17908719368759e-05,0.000137272371676177,0.000126593652588269,0.000126593652588269,0.00026057957000117,1.59181144609253e-07,0.000398975117782116,0.000207403279025332,0.0144015026655322,7.95625389716061e-05,0.00891978357201598,1,0.008023
435,0.000135629471407218,0.00715657063458922,9.0107409686214e-05,8.21172814419476e-05,0.000134475337979998,0.000124882212279687,0.000124882212279687,0.000258733458023259,1.58857499112483e-07,0.000398569315317277,0.000206926643770107,0.0143849450388282,7.93804804719336e-05,0.00890957240679561,1,0.0076637
436,0.000136330508334306,0.00705841811106731,9.00559619956869e-05,8.19399073828561e-05,0.000129932019185417,0.000123168981893684,0.000123168981893684,0.000255869082530216,1.58535775507873e-07,0.000398165512705299,0.000206452191534367,0.0143684442976394,7.9199241289673e-05,0.0088993955575462,1,0.007392
437,0.000137040047971073,0.00696082268372113,9.00034440665925e-05,8.11893737553573e-05,0.000125785756038993,0.000121465369471885,0.000121465369471885,0.000253088935629649,1.5821596818348e-07,0.000397763708982456,0.000205979907466804,0.0143520001207777,7.90188148232666e-05,0.00888925277080512,1,0.0077107
438,0.000137757820454551,0.00686426377434551,8.99505005231223e-05,8.03107650766864e-05,0.00012546842526355,0.000119779757361549,0.000119779757361549,0.000252217076427644,1.578980714915e-07,0.000397363903105831,0.00020550977894166,0.0143356122625321,7.88392000231593e-05,0.00887914410420054,1,0.0076521
439,0.00013848357128402,0.00676868519181261,8.98975816761724e-05,7.95174113810355e-05,0.00012488843947323,0.000118111182572989,0.000118111182572989,0.000251267771604427,1.57582079755792e-07,0.000396966093962434,0.000205041791143371,0.0143192803989366,7.86603916791653e-05,0.00886906938067153,1,0.007569
440,0.000139217054815829,0.00667403242839932,8.98449106718366e-05,7.87257955720049e-05,0.000123818491376866,0.000116458711153733,0.000116458711153733,0.000250101481527663,1.57267987275328e-07,0.000396570280373262,0.000204575929233389,0.0143030042030823,7.84823840498117e-05,0.00885902839197458,1,0.0068648
441,0.000139958031222574,0.00658048218866086,8.97924898536484e-05,7.7498064308897e-05,0.000119258142242804,0.000114825443052524,0.000114825443052524,0.000247123788629648,1.56955788325732e-07,0.000396176461094967,0.000204112176718499,0.0142867832880078,7.83051666232818e-05,0.00884902065899283,1,0.006993
442,0.00014070626460338,0.0064885930532844,8.97403296111941e-05,7.59665685455671e-05,0.000117839583926176,0.000113221141315734,0.000113221141315734,0.000245629030339218,1.56645477159608e-07,0.000395784634820009,0.000203650520964883,0.0142706173995691,7.81287369179488e-05,0.00883904615430584,1,0.0078289
443,0.000141461532832559,0.00639830906825464,8.96884748474241e-05,7.49486271256159e-05,0.000121920534600574,0.000111644844826841,0.000111644844826841,0.000246997648825943,1.56337048013133e-07,0.000395394800184743,0.000203190950957826,0.0142545063386224,7.79530976023944e-05,0.00882910514165475,1,0.0072836
444,0.000142223626140353,0.00630895123274044,8.96366054168473e-05,7.42149640493913e-05,0.000120836468695106,0.000110084718189185,0.000110084718189185,0.000245959834435024,1.56030495111825e-07,0.000395006955776509,0.000202733449933687,0.0142384497026076,7.7778238743095e-05,0.00881919717112023,1,0.007966
445,0.000142992333900182,0.0062203499598216,8.9584321443863e-05,7.38251869183875e-05,0.000123451209699097,0.000108537812467446,0.000108537812467446,0.000246878521494802,1.55725812667876e-07,0.000394621100130081,0.000202278006111374,0.0142224472616837,7.76041604294323e-05,0.00880932235926421,1,0.0071353
446,0.00014376744982243,0.00613213913051699,8.95310311121913e-05,7.33518692736851e-05,0.000119933148059329,0.000106997746248894,0.000106997746248894,0.000244752753656809,1.55422994880792e-07,0.000394237231728298,0.00020182460229478,0.0142064985937697,7.74308507597807e-05,0.00879948014145044,1,0.0072253
447,0.000144548762149674,0.00604469121573891,8.94761194493615e-05,7.25969529496867e-05,0.000118323303861403,0.000105471024390624,0.000105471024390624,0.00024351846460798,1.55122035931705e-07,0.000393855348994659,0.000201373225782359,0.0141906034326367,7.72583060714442e-05,0.008789670418818,1,0.0067017
448,0.000145336060330418,0.00595829690266839,8.9418980645723e-05,7.14748050663606e-05,0.000114952516046429,0.000103962722661777,0.000103962722661777,0.000241361488736476,1.5482292998193e-07,0.000393475450291285,0.000200923862009114,0.0141747614445222,7.70865185816866e-05,0.00877989285707329,1,0.0075459
449,0.00014612913396756,0.00587320675134498,8.93591251706021e-05,7.05869159625504e-05,0.000117806952225927,0.000102477214843688,0.000102477214843688,0.00024229612225329,1.54525671170821e-07,0.000393097533915975,0.000200476500863015,0.0141589724508177,7.69154907548364e-05,0.00877014770427707,1,0.0066942
450,0.000146927776489501,0.00578905914021737,8.92958841411335e-05,6.96626396694593e-05,0.000114943827098471,0.000101008188807761,0.000101008188807761,0.000240489499646834,1.54230253616006e-07,0.000392721598102276,0.000200031126050429,0.0141432360529841,7.67452117050619e-05,0.00876043444727839,1,0.0070441
451,0.000147731774333577,0.00570608109117636,8.92286213274647e-05,6.86985150752419e-05,0.000115265061439693,9.95596030550772e-05,9.95596030550772e-05,0.000240229251006969,1.53936671406542e-07,0.000392347641010548,0.000199587726015047,0.0141275520177788,7.65756798504431e-05,0.00875075310190175,1,0.0073985
452,0.00014854091391104,0.00562406350676455,8.91567921153158e-05,6.81012441859466e-05,0.000117378249611849,9.81278026932486e-05,9.81278026932486e-05,0.000240964408431637,1.53644918600566e-07,0.000391975660724701,0.000199146288709364,0.0141119200929343,7.64068933688569e-05,0.00874110366995249,1,0.0070429
453,0.000149354978703767,0.00554262474112307,8.90797409124522e-05,6.76279135613188e-05,0.000116449903548935,9.67061188177354e-05,9.67061188177354e-05,0.000240279590597007,1.53354989221014e-07,0.000391605655246467,0.000198706799626742,0.0140963399372582,7.62388448169187e-05,0.00873148583099799,1,0.0071067
454,0.000150173744375392,0.00546177089834623,8.89968528948692e-05,6.71458406286182e-05,0.000116102211702801,9.52946478589567e-05,9.52946478589567e-05,0.000239891444581828,1.5306687724806e-07,0.000391237622485441,0.000198269246208853,0.0140808112766578,7.60715301189343e-05,0.00872189945590605,1,0.0069867
455,0.000150996981103927,0.0053814976130816,8.89075898797599e-05,6.66383573357618e-05,0.000115296564039403,9.38933022380795e-05,9.38933022380795e-05,0.000239291650540725,1.52780576613015e-07,0.000390871560250954,0.000197833615471018,0.014065333820106,7.59049441641819e-05,0.00871234435523424,1,0.0068484
456,0.000151824453043893,0.00530187522326395,8.88114713741066e-05,6.60365253604035e-05,0.00011421487220736,9.25032976475393e-05,9.25032976475393e-05,0.000238551380398101,1.52496081191807e-07,0.000390507466243357,0.000197399894618584,0.0140499072814942,7.57390818766739e-05,0.00870282034036518,1,0.0073737
457,0.000152655919310437,0.00522288803000335,8.87081486196199e-05,6.56899742077298e-05,0.000116331640829799,9.11243477519363e-05,9.11243477519363e-05,0.000239438328330267,1.52213384799047e-07,0.000390145338046025,0.000196968072815727,0.0140345314426855,7.55739426308133e-05,0.00869332747748601,1,0.0073843
458,0.000153491135652552,0.00514411894391443,8.85972884812289e-05,6.56655819089702e-05,0.000117305909574786,8.97491588771615e-05,8.97491588771615e-05,0.000239880026696358,1.51932481183162e-07,0.000389785173118684,0.000196538137159857,0.0140192060103223,7.54095217291681e-05,0.00868386559829021,1,0.0067852
459,0.000154329850735319,0.00506543366379575,8.84785332855704e-05,6.54432463322539e-05,0.000114486209400047,8.8375373086258e-05,8.8375373086258e-05,0.000238436839405593,1.5165336401899e-07,0.00038942696878746,0.000196110073358041,0.0140039306395755,7.52458104839087e-05,0.00867443430339459,1,0.0077565
460,0.000155171806359292,0.00498700723056026,8.83517327696962e-05,6.5476451108997e-05,0.000117735321089473,8.70060333140188e-05,8.70060333140188e-05,0.000240018745794612,1.51376026900446e-07,0.000389070722234976,0.000195683872348564,0.0139887051705497,7.50828111371594e-05,0.00866503382204359,1,0.0069441
461,0.000156016742154788,0.00490844850976756,8.82167337485575e-05,6.54966843286128e-05,0.000115177267401835,8.56342985207093e-05,8.56342985207093e-05,0.000238784717772561,1.51100463336307e-07,0.0003887164304944,0.000195259519085641,0.0139735292279954,7.49205137016181e-05,0.00865566367770941,1,0.0069752
462,0.000156864390944254,0.00483005778617793,8.80734577628118e-05,6.52487105413554e-05,0.000113799866056196,8.42654002912724e-05,8.42654002912724e-05,0.000238070859656659,1.50826666742822e-07,0.0003883640904394,0.000194837002113019,0.0139584025630808,7.47589142955489e-05,0.00864632374454883,1,0.0078482
463,0.000157714483460082,0.0047518601622385,8.79220173330913e-05,6.53787941090798e-05,0.000117448864589482,8.289976748177e-05,8.289976748177e-05,0.000239898054566511,1.50554630439475e-07,0.000388013698778117,0.000194416312153977,0.0139433250035269,7.45980145240916e-05,0.00863701421349367,1,0.0070724
464,0.000158566749923848,0.00467338723364343,8.77624866723975e-05,6.55428630984341e-05,0.000115190898339436,8.15292120872613e-05,8.15292120872613e-05,0.000238879655186395,1.50284347645816e-07,0.000387665252048485,0.00019399743446289,0.0139282961794647,7.44378046137421e-05,0.00862773461655736,1,0.0067995
465,0.000159420916684391,0.00459496605779146,8.75949911838749e-05,6.52824552083267e-05,0.000112452035432784,8.01594378279091e-05,8.01594378279091e-05,0.000237543206988087,1.50015811475989e-07,0.000387318746610578,0.000193580357027003,0.0139133158171229,7.42782787806609e-05,0.00861848471488236,1,0.0075862
466,0.000160276709926932,0.00451686877753127,8.74198323174944e-05,6.51875198177529e-05,0.000115055970453432,7.87951923939545e-05,7.87951923939545e-05,0.000238815778471736,1.49749014935794e-07,0.000386974178642185,0.000193165070923889,0.013898383752217,7.41194383785764e-05,0.00860926468280401,1,0.0080793
467,0.000161133858486161,0.00443857754350699,8.72373388807838e-05,6.57005965843969e-05,0.000118732825763346,7.74274270938236e-05,7.74274270938236e-05,0.000240810682456908,1.49483950921693e-07,0.000386631544136912,0.000192751565396825,0.0138834997531899,7.39612819545025e-05,0.00860007453191555,1,0.0074309
468,0.000161992092301137,0.00435956490065602,8.70477764817326e-05,6.62655411784692e-05,0.000116742677184412,7.60469235814298e-05,7.60469235814298e-05,0.000240058800306378,1.49220612218801e-07,0.000386290838900951,0.000192339826214839,0.0138686634617341,7.38038002125172e-05,0.00859091381708123,1,0.0086714
469,0.000162851141607898,0.00427985706079532,8.68514675368294e-05,6.71963710599786e-05,0.000121299485330247,7.46541341447582e-05,7.46541341447582e-05,0.000242636188959084,1.48958991498341e-07,0.000385952058549168,0.00019192984550291,0.0138538747469042,7.36469963205473e-05,0.0085817828171393,1,0.0077507
470,0.000163710739088692,0.00419891321846019,8.66487395775753e-05,6.81670824636447e-05,0.00011840193017964,7.32396049389905e-05,7.32396049389905e-05,0.000241548440624843,1.48699081316627e-07,0.000385615198503154,0.000191521608269179,0.0138391332195763,7.34908593913433e-05,0.00857268099204346,1,0.0080943
471,0.000164570619105271,0.00411705052194378,8.6439942298332e-05,6.89017609891655e-05,0.000117895301131225,7.18088711586518e-05,7.18088711586518e-05,0.000241589329739017,1.48440874113561e-07,0.000385280253988653,0.000191115104568829,0.0138244386710213,7.33353871538217e-05,0.00856360830221827,1,0.0072543
472,0.000165430519639629,0.00403454948705192,8.62254984858762e-05,6.91187848412781e-05,0.000113272017102029,7.03668305988003e-05,7.03668305988003e-05,0.000239517195680904,1.48184362212533e-07,0.000384947220034816,0.000190710321229673,0.0138097907742903,7.31805704829777e-05,0.00855456430702217,1,0.0077066
473,0.000166290183861133,0.00395206269065005,8.60058900872448e-05,6.90306930266009e-05,0.000113146911836475,6.89248863636749e-05,6.89248863636749e-05,0.000239530075404503,1.47929537821489e-07,0.000384616091474978,0.00019030724946102,0.0137951893593752,7.30264089293543e-05,0.00854554907126243,1,0.0083895
474,0.000167149361422217,0.00386954899895741,8.57816198258961e-05,6.93126459836946e-05,0.00011663772115243,6.74823206558983e-05,6.74823206558983e-05,0.000241385910041153,1.47676393034996e-07,0.000384286862948756,0.000189905880300042,0.0137806342488306,7.28729030335858e-05,0.0085365627177211,1,0.0073376
475,0.000168007808926645,0.00378665881195639,8.55531802898087e-05,6.94202985507013e-05,0.000112907589493595,6.60330221826655e-05,6.60330221826655e-05,0.000239752196676044,1.47424919836733e-07,0.000383959528904719,0.000189506199459654,0.0137661250706092,7.27200417030401e-05,0.00852760468731051,1,0.0073275
476,0.000168865290906004,0.00370395054208858,8.53210483563755e-05,6.90396620615322e-05,0.000110870388270163,6.4586751676643e-05,6.4586751676643e-05,0.000238815845618052,1.47175110102776e-07,0.000383634083604123,0.000189108197009126,0.0137516616090248,7.25678213800529e-05,0.00851867486056681,1,0.0076787
477,0.000169721579537621,0.00362174964630014,8.50856857021989e-05,6.86368256119653e-05,0.000111982084699218,6.31492003524414e-05,6.31492003524414e-05,0.000239356800126597,1.46926955604784e-07,0.000383310521124563,0.000188711863874259,0.0137372436782005,7.24162411227666e-05,0.00850977327093775,1,0.008299
478,0.000170576454537318,0.00353981002425601,8.4847507219067e-05,6.86986286336713e-05,0.000115856056779964,6.17160653124671e-05,6.17160653124671e-05,0.000241359664696306,1.46680448013231e-07,0.000382988835363684,0.000188317191051275,0.0137228710935895,7.22653009490338e-05,0.00850090000817759,1,0.0081971
479,0.000171429702741629,0.00345754740967961,8.46068797130472e-05,6.91223123469641e-05,0.000117093137748116,6.02771247111278e-05,6.02771247111278e-05,0.000242232850455502,1.46435578900431e-07,0.000382669020042688,0.000187924167013076,0.0137085435773854,7.21149955931373e-05,0.00849205485104384,1,0.0079418
480,0.000172281118467469,0.00337479433461443,8.43641237235883e-05,6.94758087945554e-05,0.000116018724154071,5.88294404710865e-05,5.88294404710865e-05,0.000241980746014411,1.46192339743931e-07,0.000382351068710329,0.000187532780320718,0.013694260853391,7.19653189727542e-05,0.00848323752895993,1,0.0082536
481,0.000173130502753032,0.00329169160389667,8.41194830025616e-05,6.98089144225967e-05,0.000116887453984051,5.73754647286151e-05,5.73754647286151e-05,0.000242666068378973,1.4595072192946e-07,0.000382034974746371,0.000187143021706373,0.0136800227231673,7.18162691835279e-05,0.00847444801645086,1,0.0080687
482,0.000173977661978588,0.00320819785896975,8.38731816815968e-05,7.01075570572705e-05,0.00011636160461191,5.59144612930496e-05,5.59144612930496e-05,0.000242679449183208,1.45710716752983e-07,0.00038172073136389,0.000186754880361163,0.013665828930627,7.16678411927556e-05,0.00846568610289536,1,0.007988
483,0.00017482240865478,0.00312444823418642,8.36254277943889e-05,7.02450518068082e-05,0.000115637700071456,5.44487801859006e-05,5.44487801859006e-05,0.000242561870089703,1.45472315423407e-07,0.000381408331612469,0.000186368346108367,0.0136516792413376,7.15200307709002e-05,0.00845695162401324,1,0.0082976
484,0.000175664560660187,0.00304056517213436,8.33763628025621e-05,7.04189603821834e-05,0.000116950903852982,5.29805482356593e-05,5.29805482356593e-05,0.000243438285452444,1.4523550906483e-07,0.000381097768380805,0.000185983409984587,0.0136375734639483,7.13728363482602e-05,0.00844824457199602,1,0.0080008
485,0.000176503940304249,0.00295646585153835,8.31261346226126e-05,7.05463560352528e-05,0.000116195700216366,5.15082964289704e-05,5.15082964289704e-05,0.000243319524154405,1.45000288718187e-07,0.000380789034398559,0.000185600061107074,0.0136235113354478,7.12262522841756e-05,0.00843956469755257,1,0.0077927
486,0.000177340375703442,0.00287235386699861,8.28748847692812e-05,7.04124499537162e-05,0.000114864573327553,5.00355673187514e-05,5.00355673187514e-05,0.000242863870003413,1.44766645343982e-07,0.000380482122239642,0.000185218289341133,0.0136094926187986,7.10802737732542e-05,0.00843091179963675,1,0.0074502
487,0.000178173700168906,0.00278858779888628,8.26227353135821e-05,6.99006338072801e-05,0.000112884370891009,4.85686181717071e-05,4.85686181717071e-05,0.000242012677922558,1.44534569824655e-07,0.000380177024325058,0.000184838084578905,0.0135955170765552,7.09348956352866e-05,0.00842228565386419,1,0.0081125
488,0.000179003751274216,0.00270544619512706,8.23696844196244e-05,6.95025639254617e-05,0.000115870092946776,4.7112306112318e-05,4.7112306112318e-05,0.000243543058555878,1.44304052966347e-07,0.000379873732924964,0.000184459439555631,0.0135815845745491,7.07901193062171e-05,0.00841368642785177,1,0.0079578
489,0.000179830368080134,0.00262258596003205,8.2115754115782e-05,6.93541604858735e-05,0.00011709546844605,4.56605923888631e-05,4.56605923888631e-05,0.000244332667107276,1.44075085498694e-07,0.000379572240158173,0.000184082343970553,0.0135676948657667,7.06459402736002e-05,0.00840511393578934,1,0.0076824
490,0.000180653394143986,0.00253990653988467,8.18610124374747e-05,6.91271737273428e-05,0.000116522973922231,4.4211679173678e-05,4.4211679173678e-05,0.000244250217799159,1.43847658076892e-07,0.000379272537994635,0.000183706787468917,0.0135538476997831,7.05023531047646e-05,0.00839656793605367,1,0.0080611
491,0.000181472676506734,0.00245750024620424,8.16053916312577e-05,6.89880350768581e-05,0.000118616117726126,4.27671442979616e-05,4.27671442979616e-05,0.000245480310586786,1.43621761283087e-07,0.000378974618257063,0.00018333276195591,0.0135400429082005,7.03593570772893e-05,0.00838804846655581,1,0.0076723
492,0.000182288062909291,0.0023752133095076,8.13488654699506e-05,6.88354065956765e-05,0.000118126212352459,4.13242438881412e-05,4.13242438881412e-05,0.000245473486002574,1.43397385625762e-07,0.000378678472619928,0.000182960256865009,0.0135262802301671,7.02169462504768e-05,0.00837955525373971,1,0.0087175
493,0.000183099403020103,0.00229300097253421,8.1091238377807e-05,6.91260402755985e-05,0.000123754749036921,3.98821369040903e-05,3.98821369040903e-05,0.000248588940695186,1.43174521540083e-07,0.000378384092609723,0.000182589266073115,0.0135125595677916,7.00751242630017e-05,0.00837108859486039,1,0.0077691
494,0.000183906544029173,0.00221027048898916,8.08324977607319e-05,6.94941186449621e-05,0.000121799342831121,3.8430348110019e-05,3.8430348110019e-05,0.000248008403531819,1.42953159385016e-07,0.000378091469600963,0.000182219776684644,0.0134988805715379,6.99338807038857e-05,0.00836264794810147,1,0.0075107
495,0.000184709338609295,0.00212740828418576,8.05726920580806e-05,6.93682971275682e-05,0.000119617411253787,3.69755782871906e-05,3.69755782871906e-05,0.000247201217274406,1.42733289446399e-07,0.00037780059482007,0.000181851779375062,0.0134852430224695,6.97932106426998e-05,0.00835423309722082,1,0.0076918
496,0.000185507639826708,0.00204486922858137,8.03116633816493e-05,6.90553444822823e-05,0.000120291934986603,3.55257340070025e-05,3.55257340070025e-05,0.000247740979003479,1.42514901936293e-07,0.00037751145934434,0.000181485266464211,0.0134716467614101,6.96531129693965e-05,0.00834584405374295,1,0.0077346
497,0.000186301298602427,0.00196268299090861,8.00492868772738e-05,6.88183331836985e-05,0.000121729679435835,3.40812459187489e-05,3.40812459187489e-05,0.00024868366303615,1.42297986990467e-07,0.000377224054098446,0.000181120229396002,0.0134580915956164,6.95135853030635e-05,0.00833748075278519,1,0.0084781
498,0.000187090164511907,0.00188059244763182,7.97853635929867e-05,6.91113175185719e-05,0.000127113433554206,3.26374806496332e-05,3.26374806496332e-05,0.000251753751872678,1.42082534666505e-07,0.000376938369851764,0.00018075666142523,0.0134445773985362,6.93746296327371e-05,0.00832914339129403,1,0.0073513
499,0.000187874085455662,0.00179809115492128,7.95200335389167e-05,6.92988394175949e-05,0.000124060799051223,3.11853769439097e-05,3.11853769439097e-05,0.00025059606340256,1.41868534941694e-07,0.000376654397215397,0.000180394549475253,0.0134311038070314,6.9236234208698e-05,0.00832083134120011,1,0.0082559
500,0.000188652914573446,0.00171554004879932,7.92531809255297e-05,6.95424868952007e-05,0.000127851314261175,2.97311162773539e-05,2.97311162773539e-05,0.000252882616303447,1.41655977716165e-07,0.000376372126646175,0.000180033888275538,0.0134176707470238,6.90984025851729e-05,0.00831254489222,1,0.0097592
501,0.000189426497502056,0.00163227829546937,7.89843266768343e-05,7.09904276540974e-05,0.000138904774711064,2.82628246894845e-05,2.82628246894845e-05,0.000259358248652302,1.41444852806463e-07,0.000376091548437961,0.000179674673462016,0.0134042781775826,6.89611422384868e-05,0.00830428457114078,1,0.0085901
502,0.000190194673293401,0.00154691536858267,7.8713605340375e-05,7.29535346390515e-05,0.000137357498446385,2.67556152531156e-05,2.67556152531156e-05,0.000259399459134873,1.41235149939815e-07,0.000375812652713843,0.000179316889825796,0.0133909256523138,6.88244391073389e-05,0.00829604960853893,1,0.0078429
503,0.000190957290859846,0.00145982357393584,7.84414305361451e-05,7.40569581157708e-05,0.000131673915084041,2.52155995443815e-05,2.52155995443815e-05,0.000257078516196019,1.41026858760875e-07,0.000375535429434926,0.000178960526405394,0.0133776128814297,6.86882835741168e-05,0.00828783949978019,1,0.0073367
504,0.000191714203255902,0.00137220404901735,7.81678877130599e-05,7.40903062121625e-05,0.000126656649861467,2.36635142920605e-05,2.36635142920605e-05,0.000254890981316744,1.40819968834226e-07,0.000375259868403519,0.000178605574903423,0.0133643396733031,6.85526702150338e-05,0.00827965399126279,1,0.0074114
505,0.000192465262559901,0.00128508403665684,7.78928997503308e-05,7.35621244920464e-05,0.000125905104700993,2.21170234739887e-05,2.21170234739887e-05,0.000254709089676758,1.40614469643054e-07,0.000374985959261215,0.000178252028966427,0.0133511059079923,6.84175985943833e-05,0.00827149312968241,1,0.0074584
506,0.000193210318163004,0.00119881608887904,7.76164579487925e-05,7.29687594044502e-05,0.000127255246273868,2.05817659288954e-05,2.05817659288954e-05,0.000255559509934554,1.40410350586535e-07,0.000374713691485293,0.000177899881301796,0.0133379114295228,6.82830674760244e-05,0.0082633569132662,1,0.0072804
507,0.000193949220460436,0.00111343033375091,7.73387503285526e-05,7.23814967031145e-05,0.000128184550632631,1.90574851197667e-05,1.90574851197667e-05,0.00025621394376259,1.40207600980087e-07,0.000374443054388897,0.000177549123440422,0.0133247560368069,6.81490732541637e-05,0.00825524519648955,1,0.0079198
508,0.000194681822726329,0.00102883899529901,7.70597937399289e-05,7.22434747598138e-05,0.000133430140070223,1.75415461116657e-05,1.75415461116657e-05,0.000259199510653135,1.40006210057095e-07,0.000374174037123228,0.000177199749544646,0.0133116396264565,6.80156183470566e-05,0.00824715819825573,1,0.0071809
509,0.000195407979144967,0.000944621467379141,7.67799452176098e-05,7.21786988162411e-05,0.000132747435498088,1.60248703409138e-05,1.60248703409138e-05,0.000259196638826192,1.3980616696919e-07,0.000373906628677789,0.00017685174843139,0.0132985618933549,6.78826938073089e-05,0.00823909544836743,1,0.0078274
510,0.000196127551693891,0.000860957057637383,7.64993136780544e-05,7.23389989407865e-05,0.000136988904595252,1.45085011853396e-05,1.45085011853396e-05,0.000261806892655566,1.39607460791865e-07,0.000373640817887801,0.000176505114694954,0.0132855227482758,6.775030209575e-05,0.00823105716756663,1,0.0071355
511,0.000196840402427228,0.000777699983056952,7.62181833148043e-05,7.24799397474752e-05,0.000136099309037695,1.29865819822328e-05,1.29865819822328e-05,0.000261755528988696,1.39410080524225e-07,0.000373376593433794,0.000176159837593706,0.0132725219002911,6.76184348187982e-05,0.00822304291724166,1,0.0072602
512,0.000197546400861915,0.000695332102299648,7.5936784859974e-05,7.24962251832965e-05,0.000137343054773462,1.14631571381807e-05,1.14631571381807e-05,0.000262787122267534,1.39214015094477e-07,0.000373113943848896,0.000175815910287999,0.0132595592041364,6.74870906470716e-05,0.00821505268681045,1,0.0075675
513,0.000198245417261868,0.000614171242773606,7.56550929292809e-05,7.28016851663141e-05,0.000141008066541777,9.93677914884472e-06,9.93677914884472e-06,0.000265185222738589,1.39019253360307e-07,0.0003728528575193,0.000175473326297578,0.013246634527214,6.73562698145552e-05,0.00820708656068371,1,0.0078492
514,0.000198937321824148,0.000534413805310142,7.53731501830804e-05,7.36331764292029e-05,0.000145483017424099,8.39886874182127e-06,8.39886874182127e-06,0.000268200150958088,1.38825784108662e-07,0.000372593322683944,0.000175132078447429,0.0132337477098299,6.72259716745274e-05,0.00819914456968088,1,0.0091958
515,0.000199621984549955,0.000456457723954816,7.50907160328352e-05,7.56950769744231e-05,0.000156590874389544,6.83449767713284e-06,6.83449767713284e-06,0.000275320662360534,1.38633596055471e-07,0.000372335327434117,0.000174792163346497,0.0132208987344468,6.70962039498814e-05,0.0081912272554167,1,0.008099
516,0.000200299272796941,0.000381418541264739,7.48082808075342e-05,7.8193493502121e-05,0.000155091882465413,5.21950103404833e-06,5.21950103404833e-06,0.000275550553922306,1.38442677843509e-07,0.000372078859710558,0.000174453565991383,0.0132080871435414,6.69669518878721e-05,0.00818333378812523,1,0.0084181
517,0.000200969067271293,0.000314104904305074,7.45262703512736e-05,8.04626818076322e-05,0.000155907438933358,3.55718147826423e-06,3.55718147826423e-06,0.000277045407436108,1.38253018052709e-07,0.000371823907317307,0.000174116280088416,0.0131953128075244,6.68382144509126e-05,0.00817546417342236,1,0.0095799
518,0.000201631246756453,0.000263483144892527,7.42442827699866e-05,8.33943081652776e-05,0.000164075260392031,1.8453990611178e-06,1.8453990611178e-06,0.000282955513229189,1.38064605198686e-07,0.000371570457919741,0.000173780302836938,0.0131825757284735,6.6709998950162e-05,0.0081676189278248,1,0.0078377
519,0.000202285685853966,0.00024379541362166,7.39629410843601e-05,8.59896334100042e-05,0.00015667956126444,7.18227237683777e-08,7.18227237683777e-08,0.000279912169492997,1.3787742772952e-07,0.000371318499040271,0.000173445616994906,0.013169875359885,6.65822848513691e-05,0.00815979686336425,1,0.0084928
520,0.000202932274706223,0.000265752475125408,7.36825666123153e-05,8.7914442427647e-05,0.000157027462868266,-1.74486885384795e-06,-1.74486885384795e-06,0.000281102677749679,1.37691474037958e-07,0.000371068018074797,0.000173112219690523,0.0131572116989324,6.64550757490694e-05,0.0081519982672391,1,0.0083148
521,0.000203570899303757,0.000323109959808422,7.34030497207501e-05,8.96846217708089e-05,0.000156933077631433,-3.59948235661989e-06,-3.59948235661989e-06,0.000282014614978321,1.37506732458314e-07,0.000370819002288601,0.000172780103207898,0.0131445845582087,6.632836795647e-05,0.00814422298052245,1,0.0073956
522,0.00020420144986888,0.000402333956534564,7.31249640457155e-05,9.06733168925998e-05,0.000151561675008458,-5.48463091210039e-06,-5.48463091210039e-06,0.000279798844601785,1.37323191269943e-07,0.000370571438821103,0.000172449256817449,0.0131319936345343,6.62021503968921e-05,0.00813647038935754,1,0.0073484
523,0.000204823826422834,0.000493207185617199,7.28485796691854e-05,9.09007529751685e-05,0.000149718003584634,-7.38172983361096e-06,-7.38172983361096e-06,0.000279306716926469,1.37140838705125e-07,0.000370325314696586,0.000172119675087859,0.0131194388251883,6.60764215760314e-05,0.00812874046676553,1,0.0073945
524,0.00020543793056654,0.000590248205598131,7.25738835559763e-05,9.09190062467342e-05,0.000150760789375833,-9.28119781562486e-06,-9.28119781562486e-06,0.0002803086152078,1.36959662950565e-07,0.000370080616826341,0.000171791352373798,0.0131069200185932,6.59511809491866e-05,0.00812103324394049,1,0.0098962
525,0.000206043661928298,0.000691390778737984,7.23000176163703e-05,9.26586438711569e-05,0.000169351884851634,-1.11916581957416e-05,-1.11916581957416e-05,0.000291706328251992,1.36779652146127e-07,0.000369837332007096,0.000171464292831337,0.013094437476705,6.58264505145622e-05,0.00811335014125251,1,0.008306
526,0.000206640910415598,0.000797617109746118,7.20275775576248e-05,9.54216194767983e-05,0.000167944633056779,-1.31548297224171e-05,-1.31548297224171e-05,0.000292220667490991,1.36600794377517e-07,0.000369595446911238,0.000171138477432264,0.0130819905760654,6.57022082520805e-05,0.00810568986897972,1,0.0078897
527,0.000207229591673853,0.000908073695457738,7.17578130820849e-05,9.74015411495611e-05,0.000163610726623974,-1.51672060990649e-05,-1.51672060990649e-05,0.000290860798929059,1.36423077696849e-07,0.000369354948114749,0.000170813897019687,0.0130695790681906,6.55784453437302e-05,0.00809805194745811,1,0.0125187
528,0.000207809624809189,0.00102219985307865,7.14891252528119e-05,0.000101469049769475,0.000194935986548256,-1.72261879320956e-05,-1.72261879320956e-05,0.000311303444527664,1.36246490125763e-07,0.000369115822101631,0.000170490569392442,0.0130572037355799,6.54552070760594e-05,0.0080904392387595,1,0.0090676
529,0.000208380899048896,0.00114341636512556,7.12218551378643e-05,0.000107105246337791,0.000184617980154563,-1.9397535533372e-05,-1.9397535533372e-05,0.000307325139293092,1.36071019632309e-07,0.000368878055232767,0.000170168459523537,0.0130448633386301,6.53324476062567e-05,0.00808284897831555,1,0.0091498
530,0.000208943343214346,0.00127062086380944,7.0958011079315e-05,0.00011102576209835,0.000177103543370282,-2.16641067369849e-05,-2.16641067369849e-05,0.000304756530475412,1.35896654162575e-07,0.000368641633788935,0.000169847562197158,0.013032557776475,6.52101619119118e-05,0.0080752809184518,1,0.0085295
531,0.000209496892817663,0.00140202171389376,7.06974467244131e-05,0.000113523886481537,0.00016933892581979,-2.39962199248822e-05,-2.39962199248822e-05,0.000301743595522902,1.3572338164645e-07,0.000368406543978863,0.000169527870082281,0.013020286866359,6.50883422499944e-05,0.00806773464176868,1,0.0084098
532,0.000210041483688379,0.00153601224499988,7.04400667442971e-05,0.000114948521464477,0.000165496999653585,-2.63672487603728e-05,-2.63672487603728e-05,0.000300666495427952,1.35551189998374e-07,0.000368172771940531,0.000169209378597806,0.0130080505302603,6.4966986787232e-05,0.0080602100957253,1,0.0085934
533,0.00021057704965873,0.00167167546124539,7.01856131731648e-05,0.000116020840374485,0.000166130916513498,-2.87624540007414e-05,-2.87624540007414e-05,0.000301960732531363,1.35380067116282e-07,0.000367940303739997,0.000168892083666635,0.0129958487089776,6.48460965671533e-05,0.00805270740603142,1,0.0073688
534,0.000211103526230424,0.00180851905002513,6.99346245609104e-05,0.000116218118985093,0.000159069451957911,-3.11742634657719e-05,-3.11742634657719e-05,0.000298766827069594,1.35210000883455e-07,0.000367709125374194,0.000168575973512984,0.012983681046336,6.47256563488492e-05,0.00804522568663236,1,0.0072274
535,0.000211620862275311,0.00194519920459522,6.96874288319315e-05,0.000115445884502953,0.000156175918253675,-3.35798996591308e-05,-3.35798996591308e-05,0.000297507996791354,1.35040979179654e-07,0.000367479222786343,0.000168261043676527,0.0129715474665333,6.460566432636e-05,0.00803776488374473,1,0.0070817
536,0.000212129009416526,0.00208093034559872,6.94439155430607e-05,0.000114293246630385,0.000156082387267193,-3.59662482836143e-05,-3.59662482836143e-05,0.000297598568364789,1.34872989883864e-07,0.000367250581870014,0.000167947289051958,0.0129594478683298,6.44861188958372e-05,0.00803032495580578,1,0.0078878
537,0.000212627920609312,0.00221571791909374,6.92036283368151e-05,0.000113813073190487,0.000163832702713868,-3.83339253549053e-05,-3.83339253549053e-05,0.000302142078271533,1.34706020875929e-07,0.000367023188471694,0.000167634708047831,0.0129473822855367,6.43670276994229e-05,0.00802290643715997,1,0.0074818
538,0.000213117548364401,0.00235053914688963,6.89667695377637e-05,0.000113950544698899,0.000166445840324162,-4.07004334022076e-05,-4.07004334022076e-05,0.00030421615803019,1.34540060036793e-07,0.000366797028391443,0.000167323291392483,0.0129353504549542,6.42483830084372e-05,0.00801550890514365,1,0.0078331
539,0.000213597855787593,0.00248587039760439,6.87335379051195e-05,0.000114612597510184,0.000171303212491365,-4.30743753865315e-05,-4.30743753865315e-05,0.000307752466150959,1.34375095257499e-07,0.000366572087395506,0.00016701303428708,0.0129233522851883,6.41301853646064e-05,0.00800813245173969,1,0.0091278
540,0.00021406880703804,0.0026227008895687,6.85033349695179e-05,0.000116768972673831,0.000184149589948657,-4.5473255795514e-05,-4.5473255795514e-05,0.000316479943585506,1.34211114440627e-07,0.000366348351218655,0.000166703936370909,0.0129113878561102,6.401244546141e-05,0.00800077780352698,1,0.0078173
541,0.000214530364387413,0.00276266338202536,6.82768854360493e-05,0.00011937116597283,0.000180998527624378,-4.7925771675672e-05,-4.7925771675672e-05,0.000316259208340383,1.34048105499413e-07,0.000366125805563352,0.000166395980887575,0.0128994566121048,6.38951422501311e-05,0.00799344370406967,1,0.008119
542,0.000214982507828609,0.00290543224604316,6.80546988026314e-05,0.00012167926429002,0.000181453002014363,-5.04263146412498e-05,-5.04263146412498e-05,0.000318043071105656,1.33886056372426e-07,0.000365904436120179,0.000166089163858991,0.0128875584910017,6.37782753218252e-05,0.00798613018437749,1,0.0081815
543,0.000215425216037953,0.00305094683858249,6.78364504016904e-05,0.000124087388477145,0.000182883760719703,-5.29739100265658e-05,-5.29739100265658e-05,0.000320451900956016,1.33724955023131e-07,0.000365684228567668,0.000165783479744003,0.0128756933694463,6.36618425235748e-05,0.00797883716612733,1,0.0088666
544,0.000215858464640077,0.00319952910139299,6.76217019995007e-05,0.000127146092003663,0.000189076898620484,-5.55742662093905e-05,-5.55742662093905e-05,0.000325886695105691,1.33564789438082e-07,0.000365465168570251,0.000165478925924875,0.0128638612370032,6.35458480312365e-05,0.00797156496751024,1,0.0084099
545,0.000216282224889928,0.00335198911243212,6.74106152948789e-05,0.00013054885290641,0.000188720658172306,-5.82416100840533e-05,-5.82416100840533e-05,0.000327724444503799,1.33405547624073e-07,0.000365247241774765,0.000165175491938428,0.0128520617777238,6.34302815845192e-05,0.0079643130014157,1,0.008066
546,0.000216696474679118,0.0035082263074304,6.72036752107736e-05,0.000133561229265478,0.000185661342419737,-6.09742410739855e-05,-6.09742410739855e-05,0.000327920047076268,1.33247217614026e-07,0.000365030433818916,0.000164873169666668,0.0128402947655678,6.33151349666707e-05,0.0079570808068456,1,0.0079945
547,0.000217101194802699,0.00366769717114076,6.70008757862589e-05,0.000136160159278981,0.000183864005998385,-6.37627186605982e-05,-6.37627186605982e-05,0.00032873290392352,1.33089787469914e-07,0.000364814730335706,0.000164571953753789,0.0128285600810765,6.32004045276797e-05,0.00794986820819564,1,0.0074802
548,0.000217496365090774,0.00382992049285404,6.6802317151455e-05,0.000138202882933378,0.000179827227381208,-6.65986938637175e-05,-6.65986938637175e-05,0.000328136105777318,1.32933245282611e-07,0.000364600116953644,0.000164271836453698,0.0128168575108604,6.30860819831442e-05,0.0079426747373378,1,0.0075725
549,0.000217881966704742,0.00399426865388197,6.66078636483072e-05,0.00013993354870955,0.000179265170963148,-6.94712621926996e-05,-6.94712621926996e-05,0.000329372859036141,1.32777579173563e-07,0.000364386579299461,0.0001639728139583,0.0128051869942731,6.29721664231566e-05,0.00793550038895825,1,0.0071283
550,0.000218257978510085,0.00416050548631218,6.64175600960655e-05,0.000141378371894964,0.000176778620115143,-7.23763544270284e-05,-7.23763544270284e-05,0.000329483277956063,1.3262277729358e-07,0.000364174102996878,0.000163674878949704,0.0127935483330351,6.28586506930178e-05,0.00792834476375856,1,0.0070917
551,0.000218624381948444,0.00432827491618415,6.62314275885653e-05,0.00014264375764291,0.000176220721668177,-7.53078024917642e-05,-7.53078024917642e-05,0.000330591739797631,1.32468827825502e-07,0.000363962673670669,0.000163378026702787,0.0127819414293286,6.27455323248594e-05,0.00792120775670348,1,0.0075658
552,0.000218981156976635,0.00449767979023481,6.60490754053023e-05,0.000144398915632774,0.000180237445730221,-7.8267445275948e-05,-7.8267445275948e-05,0.000334385936540008,1.32315718983628e-07,0.000363752276946313,0.000163082254578243,0.0127703662664093,6.26328138842075e-05,0.00791408958024911,1,0.0073347
553,0.000219328281276592,0.004669408590028,6.58706413239395e-05,0.000146604284603502,0.000181072044725025,-8.12673370607087e-05,-8.12673370607087e-05,0.000336697826422753,1.32163439012532e-07,0.000363542898448769,0.000162787554959524,0.0127588226321837,6.25204890125367e-05,0.00790698988316899,1,0.0073096
554,0.000219665738173924,0.00484377865688133,6.56964325519784e-05,0.000149019028026846,0.000181373781829021,-8.431304305212e-05,-8.431304305212e-05,0.000338849774262467,1.32011976192162e-07,0.000363334523809893,0.00016249392186243,0.0127473103775828,6.24085535667463e-05,0.0078999084530611,1,0.0074347
555,0.000219993514056235,0.00502104904155956,6.55264912446528e-05,0.000151737039327198,0.000182452763607073,-8.74091049665182e-05,-8.74091049665182e-05,0.00034158995424294,1.31861318840873e-07,0.000363127138673045,0.000162201350262132,0.0127358293904296,6.22970051627541e-05,0.00789284518806457,1,0.0077477
556,0.000220311596028764,0.005201679225547,6.53607318631321e-05,0.000155002514283032,0.000184963775595462,-9.05635596435417e-05,-9.05635596435417e-05,0.000345382075451351,1.31711455316599e-07,0.000362920728695123,0.00016190983576306,0.0127243795826382,6.21858428772859e-05,0.00788580007845024,1,0.0071004
557,0.000220619973345061,0.00538613268846822,6.5199708643739e-05,0.00015824508809665,0.000181205296787541,-9.3784510819539e-05,-9.3784510819539e-05,0.000345887442746759,1.31562374019153e-07,0.000362715279550163,0.000161619368621875,0.0127129606552476,6.20750558018604e-05,0.0078787724806508,1,0.0071627
558,0.000220918643798658,0.00557411763632495,6.50436673541457e-05,0.000161297919429244,0.000179232249723084,-9.70668786957063e-05,-9.70668786957063e-05,0.000347335064583798,1.31414063397573e-07,0.000362510776939904,0.000161329944379984,0.0127015725160306,6.19646412716205e-05,0.00787176227230094,1,0.0073121
559,0.000221207605220042,0.00576560930124445,6.48924264618836e-05,0.000164512404039877,0.000178916686372548,-0.000100410245276628,-0.000100410245276628,0.000349779233195641,1.31266511950721e-07,0.000362307206595068,0.000161041558693279,0.0126902150767148,6.18545975331348e-05,0.00786476938842677,1,0.0068129
560,0.000221486856569451,0.00596073322918763,6.47463340020307e-05,0.000167600984845889,0.000174892250273662,-0.000103816816515057,-0.000103816816515057,0.000350355627061319,1.31119708228725e-07,0.000362104554277801,0.000160754203676087,0.0126788881088243,6.17449165575544e-05,0.00785779336439655,1,0.0076721
561,0.000221756401039445,0.00615944516044808,6.46050290860946e-05,0.000171150062517993,0.000177644690329928,-0.000107285834261006,-0.000107285834261006,0.000354621628916821,1.30973640836877e-07,0.000361902805787517,0.000160467878458304,0.0126675916597554,6.163560259811e-05,0.0078508345160314,1,0.0070776
562,0.000222016238612506,0.00636240652755807,6.44688277084032e-05,0.000174931826147808,0.000174103041341174,-0.000110828853568279,-0.000110828853568279,0.000355937398931458,1.30828298433622e-07,0.000361701946958573,0.000160182573855054,0.0126563254483698,6.15266463203144e-05,0.00784389229402816,1,0.0073048
563,0.000222266378378141,0.00656960792097225,6.43380278520106e-05,0.000178766107384785,0.000172179237030869,-0.000114445719612277,-0.000114445719612277,0.000358178651995541,1.30683669738282e-07,0.000361501963671406,0.000159898285610101,0.012645089387193,6.14180458164232e-05,0.00783696662085677,1,0.0073404
564,0.000222506831248052,0.00678121156814235,6.42126565927056e-05,0.00018277572989899,0.000169882945790944,-0.000118139271042317,-0.000118139271042317,0.000360426855678783,1.30539743532988e-07,0.000361302841855676,0.000159615008343981,0.0126338833437697,6.13097977150126e-05,0.00783005732514218,1,0.0077585
565,0.000222737610586582,0.00699747926117923,6.40926611813006e-05,0.000187170708112676,0.00016924057278509,-0.000121914083141661,-0.000121914083141661,0.000363745327517612,1.30396508665088e-07,0.000361104567494082,0.000159332738082599,0.0126227072406279,6.1201901144228e-05,0.00782316439455467,1,0.0070887
566,0.000222958732742628,0.00721872402997365,6.39786345970719e-05,0.000191453198895015,0.00016266500437054,-0.000125775624285396,-0.000125775624285396,0.000364405954710562,1.30253954049966e-07,0.000360907126626736,0.000159051466092524,0.0126115608111179,6.10943474093426e-05,0.00781628731619703,1,0.0076769
567,0.000223170223313142,0.00744467134881634,6.38705947684099e-05,0.000195754527286337,0.000160156717320383,-0.000129719109422055,-0.000129719109422055,0.000367065745905559,1.30112068678756e-07,0.000360710505362342,0.000158771189674833,0.0126004440268918,6.09871371775089e-05,0.00780942617466283,1,0.0069618
568,0.000223372108327261,0.00767538532832341,6.37689222203512e-05,0.000199821618156761,0.000152488943949988,-0.000133745663130291,-0.000133745663130291,0.000367544028139662,1.29970841619073e-07,0.000360514689879723,0.000158491900764512,0.0125893566461719,6.08802630021983e-05,0.00780258053481015,1,0.0074061
569,0.000223564422388577,0.00791046813261699,6.36736554190829e-05,0.000203760585676352,0.000148165040871885,-0.000137848350057368,-0.000137848350057368,0.00036955139042787,1.29830262022129e-07,0.00036031966643819,0.000158213596137914,0.0125782986185698,6.07737249647775e-05,0.00779575044269488,1,0.0068054
570,0.000223747201085925,0.00814983074953546,6.35850854291151e-05,0.00020743557272531,0.000140217685780942,-0.000142025624446873,-0.000142025624446873,0.000370174282631483,1.29690319123833e-07,0.000360125421379598,0.000157936268827145,0.0125672697443456,6.06675177489717e-05,0.00778893559794737,1,0.0067613
571,0.000223920488394949,0.00839302343475344,6.35034577558563e-05,0.000210767394252055,0.000133053918225764,-0.000146269646120523,-0.000146269646120523,0.000371156881644579,1.29551002251678e-07,0.000359931941138429,0.000157659914166206,0.012556269914517,6.05616396713577e-05,0.00778213593246466,1,0.0071925
572,0.000224084330356314,0.00863983149092733,6.34284901373444e-05,0.000214155871840891,0.00012826043803989,-0.000150576676503533,-0.000150576676503533,0.00037321457559293,1.29412300826607e-07,0.000359739212244936,0.000157384528458082,0.0125452990581366,6.0456091152507e-05,0.00777535151311547,1,0.0067547
573,0.000224238774321603,0.00889033930334829,6.33605100651941e-05,0.000217466806993942,0.000120462325910406,-0.000154948195467242,-0.000154948195467242,0.000374402134569701,1.29274204364273e-07,0.000359547221327426,0.000157110105506075,0.0125343570040938,6.03508691729212e-05,0.00776858218550343,1,0.0073428
574,0.000224383875213344,0.00914441362833205,6.32995055437679e-05,0.000220837096903644,0.000114830513728306,-0.000159381883459986,-0.000159381883459986,0.000376539800449004,1.29136702481157e-07,0.000359355955121321,0.000156836641528227,0.0125234436768897,6.02459745915165e-05,0.00776182804444394,1,0.0068877
575,0.000224519689980252,0.0094021348487309,6.32458475817332e-05,0.000224116893091084,0.000106026152601864,-0.000163879147355495,-0.000163879147355495,0.000377898501846583,1.28999784896301e-07,0.000359165400472124,0.000156564130512139,0.0125125589114353,6.01414054000255e-05,0.00775508900013568,1,0.0077545
576,0.000224646283394836,0.00966334933897085,6.31994588244779e-05,0.000227450754851201,9.95928839463635e-05,-0.000168437309188363,-0.000168437309188363,0.000380207818077656,1.28863441437528e-07,0.000358975544344637,0.00015629256875428,0.0125017026342127,6.00371632336536e-05,0.00774836519748867,1,0.0072327
577,0.000224763720879043,0.00992813518214191,6.31607606142555e-05,0.000230669166857367,8.95414319723759e-05,-0.000173057734750515,-0.000173057734750515,0.000381784538930666,1.2872766204201e-07,0.000358786373824327,0.000156021950367243,0.0124908746838339,5.99332471102705e-05,0.00774165661278454,1,0.006984
578,0.000224872079391836,0.0101961311370318,6.3130396433055e-05,0.000233478291502913,7.82965145840614e-05,-0.000177734121751705,-0.000177734121751705,0.000383228019443735,1.28592436765276e-07,0.000358597876130459,0.00015575227028653,0.0124800749311264,5.98296576484272e-05,0.00773496332560325,1,0.0067447
579,0.000224971443007886,0.010466816894401,6.31086275598092e-05,0.000235834757871411,6.65828628186213e-05,-0.00018245739200573,-0.00018245739200573,0.000384731457567631,1.28457755786699e-07,0.000358410038624337,0.000155483523737321,0.0124693032578938,5.97263964711695e-05,0.00772828548069813,1,0.0080843
580,0.000225061896938102,0.0107397701008831,6.30948319208602e-05,0.000238037836119594,5.70393924980719e-05,-0.000187220180039027,-0.000187220180039027,0.000386891073849516,1.28323609410262e-07,0.000358222848810991,0.000155215706773468,0.0124585595785977,5.96234667899308e-05,0.00772162332608441,1,0.0068698
581,0.000225143522642501,0.0110148226690531,6.30896824169505e-05,0.000239919054503784,4.39977714910407e-05,-0.000192019562392787,-0.000192019562392787,0.00038874796526553,1.28189988061514e-07,0.000358036294335525,0.000154948814205838,0.0124478437572874,5.95208708243753e-05,0.00771497704626367,1,0.0087566
582,0.000225216413246426,0.0112914767227803,6.30929659016275e-05,0.000241448803774083,3.2068073425616e-05,-0.000196846856421296,-0.000196846856421296,0.000390982076988115,1.28056882296453e-07,0.000357850362996117,0.000154682841787932,0.0124371556952517,5.94186125690817e-05,0.0077083469414059,1,0.0072899
583,0.00022528065642996,0.0115693386474418,6.31053678500828e-05,0.000242539463949313,1.78607412876368e-05,-0.000201695204946617,-0.000201695204946617,0.000393256885589248,1.27924282797079e-07,0.000357665042738424,0.000154417784856869,0.0124264952764997,5.93166962119418e-05,0.00770173332516401,1,0.0079858
584,0.000225336355849936,0.011847771679376,6.31274225728345e-05,0.000243041042142431,3.87363913034549e-06,-0.000206553498096618,-0.000206553498096618,0.000395732930049609,1.27792180383501e-07,0.000357480321673097,0.000154153639000183,0.0124158623945412,5.9215127027647e-05,0.00769513658278052,1,0.0083628
585,0.000225383613446423,0.0121260555839052,6.31589833475077e-05,0.000242883287844848,1.3672588650617e-05,-0.000211409175039812,-0.000211409175039812,0.000398443697210594,1.27660566012265e-07,0.000357296188074075,0.000153890399886302,0.0124052569455978,5.91139111904891e-05,0.00768855715921324,1,0.0075828
586,0.000225422533157582,0.0124034147627664,6.32007348030237e-05,0.000242108542752285,2.9242380280325e-05,-0.000216248711070399,-0.000216248711070399,0.000401428809999578,1.27529430777526e-07,0.000357112630380845,0.00015362806327402,0.0123946788289984,5.90130555914626e-05,0.0076819955474774,1,0.0073544
587,0.000225453228539734,0.0126791752594139,6.3253231873862e-05,0.000240777906407067,4.53354325571919e-05,-0.000221060347218582,-0.000221060347218582,0.000404759410145152,1.27398765918039e-07,0.000356929637208847,0.000153366625057506,0.0123841279490122,5.89125678507619e-05,0.00767545228965446,1,0.0073689
588,0.00022547581493908,0.0129526665777692,6.33165265808841e-05,0.000238838168696725,6.24336884573784e-05,-0.00022583238536189,-0.00022583238536189,0.000408529197436048,1.27268562818047e-07,0.000356747197351355,0.000153106081300784,0.0123736042162655,5.8812456487635e-05,0.00766892798816334,1,0.0087804
589,0.000225490403770664,0.0132229775837962,6.33901434851528e-05,0.000235769206559923,8.46051301015932e-05,-0.000230548936777986,-0.000230548936777986,0.000413365289744865,1.27138813003742e-07,0.000356565299775149,0.000152846428991042,0.0123631075782362,5.87127330139721e-05,0.00766242344261736,1,0.0082507
590,0.000225497099057664,0.0134886445739278,6.34744792135258e-05,0.00023158987661111,0.000103988011174971,-0.000235184485159579,-0.000235184485159579,0.000418029302813823,1.27009508137098e-07,0.00035638393361247,0.000152587663430885,0.0123526379138581,5.86134072796559e-05,0.00765593934665472,1,0.0076064
591,0.000225496014027591,0.0137486908304371,6.3570556295826e-05,0.000226844966463976,0.000120890924893312,-0.000239721997015607,-0.000239721997015607,0.000422544301897703,1.26880640022386e-07,0.000356203088170759,0.000152329779979542,0.0123421951037707,5.85144885412132e-05,0.00764947635732102,1,0.0081931
592,0.000225487267554052,0.01400245575573,6.36785457075017e-05,0.000221267699624899,0.000142450591013291,-0.000244149945346273,-0.000244149945346272,0.000428808806756908,1.26752200609897e-07,0.000356022752938484,0.000152072776765037,0.0123317791402959,5.84159908562986e-05,0.00764303544779812,1,0.0076694
593,0.000225470974399831,0.0142488368458329,6.37987465503673e-05,0.000214895814851576,0.000161356527443185,-0.000248449100880954,-0.000248449100880954,0.000434706634099266,1.26624181992168e-07,0.000355842917580452,0.000151816648928768,0.0123213898943572,5.8317924447718e-05,0.00763661734328217,1,0.0089293
594,0.000225447249491898,0.014486781868703,6.39311338033485e-05,0.000207022821490946,0.000189528073553568,-0.000252601109507644,-0.000252601109507644,0.000444547061029532,1.26496576403467e-07,0.000355663571937676,0.000151561398041833,0.0123110274974038,5.8220310636448e-05,0.00763022349845979,1,0.0081301
595,0.000225416200775702,0.0147143119020225,6.40761776080514e-05,0.00019787343211998,0.000209699132598242,-0.000256571463441269,-0.000256571463441269,0.000451662325132678,1.26369376213834e-07,0.00035548470601959,0.000151307015858328,0.0123006916821099,5.81231575491042e-05,0.00762385450734103,1,0.0073762
596,0.000225377942798868,0.0149306679410925,6.42347977078764e-05,0.000188606633421418,0.000225135713494138,-0.00026034691880028,-0.00026034691880028,0.000457259957944134,1.26242573933442e-07,0.000355306310010732,0.00015105349584291,0.0122903822496662,5.8026471519926e-05,0.00761751084803468,1,0.0090474
597,0.000225332590119306,0.0151353422809328,6.44067527604625e-05,0.000177698794940914,0.00025843462500521,-0.000263918611360658,-0.000263918611360658,0.000472302499336901,1.26116162211895e-07,0.000355128374270341,0.000150800848562856,0.01228009969678,5.79302866385524e-05,0.00761119482332126,1,0.0074402
598,0.000225280245872888,0.0153260717024254,6.45925746538502e-05,0.000165885602684621,0.000273204864470804,-0.000267247072961219,-0.000267247072961219,0.000478156294389817,1.259901338289e-07,0.000354950889319776,0.000150549055560981,0.0122698433388932,5.78345963631889e-05,0.00760490607195045,1,0.0079413
599,0.00022522101881574,0.0155026213796028,6.47927652150242e-05,0.000153564814428658,0.000296890356756144,-0.000270328195038694,-0.000270328195038694,0.000489752730627917,1.25864481697827e-07,0.000354773845848066,0.000150298122008688,0.0122596134526619,5.77394225725983e-05,0.00759864610128662,1,0.009708
600,0.000225155008339619,0.0156632481377168,6.50069483950201e-05,0.000138197694341494,0.000340486765561533,-0.000273131572617658,-0.000273131572617657,0.000514475023231852,1.25739198857965e-07,0.00035459723470152,0.000150048066279589,0.0122494108543876,5.76448144835495e-05,0.00759241822369853,1,0.0078404
601,0.000225082302807429,0.0158042666334943,6.523589150468e-05,0.000121421672522802,0.000353314323070074,-0.000275592940572444,-0.000275592940572444,0.000520170901219078,1.25614278465584e-07,0.000354421046871632,0.000149798852488386,0.0122392341463176,5.75507457488146e-05,0.00758622078170775,1,0.0086419
602,0.000225002997980502,0.015925484688454,6.5480226861317e-05,0.00010405732258272,0.000380193968094908,-0.000277708933600351,-0.000277708933600351,0.000536233888009808,1.25489713798864e-07,0.000354245273502504,0.000149550494837712,0.0122290839737779,5.74572483947089e-05,0.00758005596250509,1,0.0078151
603,0.000224917182145779,0.0160257292191568,6.57402616770586e-05,8.62150419337806e-05,0.000396179980902621,-0.000279459084796763,-0.000279459084796763,0.000545466951208418,1.25365498251643e-07,0.0003540699058825,0.000149302977490046,0.0122189597548255,5.73643148599665e-05,0.0075739233465864,1,0.007987
604,0.000224824940314164,0.0161048775855013,6.60162897499608e-05,6.79786809733054e-05,0.000418879789716396,-0.000280841238643248,-0.000280841238643248,0.000560351242444582,1.25241625330344e-07,0.000353894935440371,0.000149056306986776,0.0122088618219216,5.72719638771869e-05,0.0075678242498876,1,0.0077244
605,0.000224726348932972,0.0161621355710766,6.63084673868033e-05,4.90711922892812e-05,0.000439844103501124,-0.000281841527733917,-0.000281841527733917,0.000574752196601599,1.25118088646996e-07,0.000353720353735823,0.000148810478942314,0.0121987900605886,5.71802001372836e-05,0.00756175906368906,1,0.0080144
606,0.000224621476234093,0.0161965806257767,6.66168866552822e-05,2.88972685059524e-05,0.000467598838023434,-0.000282443845081026,-0.000282443845081026,0.000595219618259312,1.24994881912571e-07,0.000353546152450527,0.000148565501726888,0.0121887448790631,5.70890462847941e-05,0.00755572936815461,1,0.0076188
607,0.000224510380406265,0.0162066096604722,6.69417303100917e-05,7.89410146517908e-06,0.000488321256006996,-0.000282620218019503,-0.000282620218019503,0.000611077012956784,1.24871998929042e-07,0.000353372323377258,0.000148321363198698,0.0121787258446316,5.69984958271178e-05,0.00754973481833089,1,0.0079396
608,0.000224393111470904,0.0161911997424319,6.72830900250872e-05,1.50769870098362e-05,0.000516343055158185,-0.000282352790175189,-0.000282352790175189,0.000633698440115844,1.24749433582901e-07,0.000353198858411096,0.000148078074071254,0.0121687334620845,5.69085714505312e-05,0.00754377700164388,1,0.007465
609,0.000224269708638264,0.0161487336356161,6.76411130026182e-05,3.83957441777367e-05,0.00053496540706497,-0.000281613344167653,-0.000281613344167653,0.000649594534943969,1.24627179836809e-07,0.000353025749537918,0.000147835617419347,0.0121587671011228,5.6819256573118e-05,0.00753785490528426,1,0.0082528
610,0.000224140201856473,0.0160781291446287,6.80157731140888e-05,6.38426106356782e-05,0.000570122293190669,-0.000280382991689976,-0.000280382991689976,0.000680239506686056,1.24505231722467e-07,0.000352852988824619,0.000147594022515031,0.0121488280305152,5.67305979757799e-05,0.00753197171899762,1,0.0074616
611,0.000224004608654629,0.0159768029150596,6.84072312764087e-05,9.03736552672142e-05,0.00058505870132871,-0.000278616669470821,-0.000278616669470821,0.000695035825969089,1.24383583331266e-07,0.000352680568406123,0.000147353251733172,0.0121389147675224,5.66425518824044e-05,0.00752612462575557,1,0.0077183
612,0.000223862939292646,0.0158443771049572,6.88155962288738e-05,0.000117558863548648,0.000608053234573965,-0.000276307769195405,-0.000276307769195405,0.000717545459851718,1.24262228808811e-07,0.000352508480477861,0.000147113319739306,0.0121290279799869,5.65551345599183e-05,0.00752031479127824,1,0.0071721
613,0.000223715193177673,0.0156800206480629,6.9240917757926e-05,0.000144855161602012,0.000620465523101354,-0.000273441778646522,-0.000273441778646522,0.00073191354865737,1.24141162346902e-07,0.000352336717284619,0.000146874204531644,0.0121191668249779,5.64683114977159e-05,0.00751454000572995,1,0.0084012
614,0.00022356135948318,0.0154830452831929,6.96830177583737e-05,0.000174845823777344,0.000662115261664844,-0.000270006672211665,-0.000270006672211665,0.000772546052442755,1.24020378176066e-07,0.000352165271110123,0.000146635967761077,0.0121093339107102,5.63821664558135e-05,0.00750880592743037,1,0.0091118
615,0.000223401413191788,0.0152485780156487,7.01417642921254e-05,0.000209907996975192,0.000707975978578387,-0.000265917451572228,-0.000265917451572228,0.000819114637789261,1.23899870555318e-07,0.000351994134262658,0.000146398626266815,0.0120995300018974,5.62967420896245e-05,0.00750311549222218,1,0.0080963
616,0.000223235320644717,0.0149718732509178,7.06174313687833e-05,0.000246476578307003,0.00071438839800489,-0.000261091336280828,-0.000261091336280828,0.000833189318439418,1.23779633766078e-07,0.00035182329906656,0.000146162093114499,0.0120897515737297,5.62119343977359e-05,0.00749746186370667,1,0.0104037
617,0.000223063044182692,0.0146519767155327,7.11100224420095e-05,0.000286916326797261,0.0007745240726075,-0.000255511655683271,-0.000255511655683271,0.000895777690463263,1.23659662109537e-07,0.000351652757858568,0.000145926502068399,0.0120800042246846,5.61279164522647e-05,0.00749185667590249,1,0.0084832
618,0.000222884536268612,0.0142829992077468,7.1619759780213e-05,0.000328945212014384,0.000764081562918208,-0.00024907568018584,-0.00024907568018584,0.000899430756712565,1.23539949899825e-07,0.000351482502978206,0.000145691684064544,0.0120702810267427,5.60444895035723e-05,0.00748628676338091,1,0.0079167
619,0.000222699750582577,0.0138678950952435,7.21470138873989e-05,0.000366490243096993,0.000746687603493985,-0.00024183487870566,-0.00024183487870566,0.000897352447840152,1.23420491465269e-07,0.000351312526769639,0.000145457618729085,0.0120605811936691,5.59615806674046e-05,0.00748074733348244,1,0.0082633
620,0.000222508637029667,0.0134111963569073,7.26916715448025e-05,0.0004017542822774,0.000752111840336946,-0.00023386821775695,-0.00023386821775695,0.000914691993336952,1.23301281146055e-07,0.000351142821578421,0.000145224359120559,0.012050906983317,5.58792214366128e-05,0.00747524056045107,1,0.0084892
621,0.000222311137743871,0.0129138191036563,7.32534741725994e-05,0.000437344570786361,0.000766401271706679,-0.000225191586996409,-0.000225191586996409,0.000940334804969098,1.23182313289081e-07,0.00035097337974422,0.000144991927349907,0.0120412593755764,5.57974244683739e-05,0.00746976736373857,1,0.0083157
622,0.000222107187986109,0.0123751318403973,7.38321226717687e-05,0.000473187497749962,0.000773007141328689,-0.000215793861710445,-0.000215793861710445,0.0009606661906742,1.23063582243528e-07,0.000350804193594557,0.00014476030508653,0.0120316376726749,5.57161505405261e-05,0.00746432518989668,1,0.0080913
623,0.000221896717107401,0.0117955020566372,7.44272045203793e-05,0.000508211416561929,0.000772985755234119,-0.000205681316212569,-0.000205681316212569,0.000976189522410273,1.22945082357203e-07,0.000350635255439613,0.000144529474654584,0.0120220412016672,5.56353525196628e-05,0.00745891094729404,1,0.0083599
624,0.000221679647900772,0.0111758845424918,7.50381472373131e-05,0.000543043970776351,0.000781498388609403,-0.000194870442993711,-0.000194870442993711,0.000999227657532881,1.22826807972485e-07,0.00035046655756646,0.000144299456996342,0.0120124708947136,5.55550359691763e-05,0.00745352507000388,1,0.0077967
625,0.000221455895818086,0.0105165537053986,7.56643160061764e-05,0.000576665649020835,0.000772906616230913,-0.000183365829139248,-0.000183365829139248,0.00100915100860837,1.22708753421797e-07,0.000350298092232597,0.00014407020728236,0.0120029249469602,5.54751155256078e-05,0.00744816188905745,1,0.0076035
626,0.000221225369655024,0.00981987083976134,7.63050029327497e-05,0.000608058411280774,0.000764270253413304,-0.000171208398727529,-0.000171208398727529,0.00101881371485913,1.22590913023646e-07,0.000350129851660274,0.0001438417212985,0.0119934032408862,5.53955501371112e-05,0.00744281869570334,1,0.0076068
627,0.000220987970977475,0.00908810180694034,7.69594033024215e-05,0.000638027139562008,0.000761051285451717,-0.000158437321565508,-0.000158437321565508,0.0010325674654046,1.2247328107834e-07,0.000349961828030343,0.000143614009136254,0.0119839062553182,5.53163237118366e-05,0.00743749445121384,1,0.0086912
628,0.000220743594092872,0.00832149649242477,7.7626666464436e-05,0.000670125424947995,0.000786494264060987,-0.000145056453413339,-0.000145056453413339,0.00106934039541911,1.22355851863777e-07,0.000349794013476184,0.000143387145250498,0.0119744371579836,5.52375293643703e-05,0.00743219546058702,1,0.008318
629,0.000220492127014669,0.00751683398790394,7.83059938045867e-05,0.000703849047592419,0.000786275709003022,-0.000131008834006963,-0.000131008834006963,0.00108884953698019,1.22238619631999e-07,0.000349626400078711,0.000143161069651235,0.0119649935081986,5.51590815756199e-05,0.00742691602050406,1,0.0083667
630,0.000220233453441059,0.00667402985594344,7.89966477162212e-05,0.000736992086703299,0.000780531186533474,-0.000116291755617226,-0.000116291755617226,0.00110485202084338,1.2212157860721e-07,0.000349458979863459,0.000142935767473992,0.0119555747446115,5.50809410234671e-05,0.00742165352353956,1,0.0080814
631,0.000219967454093642,0.00579445528611102,7.96979248615277e-05,0.00076830875005856,0.000763823979182987,-0.000100927064127454,-0.000100927064127454,0.00111296477637669,1.2200472298479e-07,0.000349291744799086,0.000142711207922676,0.011946179637134,5.50030404999296e-05,0.00741640347472612,1,0.0082474
632,0.000219694007897648,0.00488078056024477,8.0409165565963e-05,0.000797840441130716,0.000752695396937708,-8.49575811763259e-05,-8.49575811763259e-05,0.00112476105151828,1.21888046931184e-07,0.000349124686797116,0.000142487400769986,0.0119368086509748,5.49253687707355e-05,0.00741116514258962,1,0.0076922
633,0.000219412993365258,0.00393564386304556,8.11297224598776e-05,0.000824543723532498,0.000726168992026438,-6.84216898374501e-05,-6.84216898374501e-05,0.00112544931421752,1.21771544584781e-07,0.000348957797713105,0.000142264303195561,0.0119274600479549,5.48478385619614e-05,0.00740593265983167,1,0.0079328
634,0.000219124289454454,0.0029637177156983,8.18589481000737e-05,0.000848798077575955,0.000711198896215508,-5.13828273467354e-05,-5.13828273467354e-05,0.00113298456854915,1.21655210057405e-07,0.000348791069348694,0.000142041936241045,0.0119181347635041,5.47704550029486e-05,0.00740070638540326,1,0.0081433
635,0.000218827777389983,0.00197009154666402,8.25961812419705e-05,0.000872085445632061,0.000700977632039647,-3.38737251430743e-05,-3.38737251430743e-05,0.00114358763985845,1.2153903743709e-07,0.000348624493455481,0.000141820307668524,0.0119088331782977,5.469321622668e-05,0.00739548620623959,1,0.0078497
636,0.000218523341626597,0.000973022559750803,8.33407295066091e-05,0.000893628718975038,0.00067892446179325,-1.59158213390853e-05,-1.59158213390853e-05,0.00114651526101794,1.21423020791491e-07,0.000348458061739847,0.000141599386582951,0.0118995540497512,5.46160626172174e-05,0.00739026810184971,1,0.007852
637,0.000218210870409944,0.00037190004685669,8.40918982765746e-05,0.000912834765624428,0.000657166969536143,2.44523437675781e-06,2.44523437675781e-06,0.00114885390630397,1.21307154171669e-07,0.000348291765868315,0.000141379167554246,0.0118902972020991,5.45389700888989e-05,0.00738505044592783,1,0.0076942
638,0.000217890257410247,0.00126301244908681,8.48489963651661e-05,0.000929529182097428,0.000631819356068061,2.11620781076505e-05,2.11620781076505e-05,0.0011482080131124,1.21191431616971e-07,0.00034812559747449,0.000141159636541843,0.0118810620965402,5.44619032701403e-05,0.00737983084292183,1,0.0077595
639,0.000217561402773154,0.00233136709053436,8.56113520684637e-05,0.00094394308870141,0.000609289380779546,4.01838569263901e-05,4.01838569263901e-05,0.00114829440933307,1.2107584716057e-07,0.000347959548166981,0.00014094079294796,0.0118718487586374,5.43848508215424e-05,0.00737460851988378,1,0.0082892
640,0.000217224215051294,0.00342918267528096,8.63783505569472e-05,0.000957585382565369,0.000597704417270464,5.9475880837212e-05,5.9475880837212e-05,0.00115431798050588,1.20960394836264e-07,0.00034779360953914,0.000140722654912104,0.0118626580036729,5.43078403067944e-05,0.00736938534117971,1,0.007929
641,0.000216878612936831,0.00454564034033574,8.71493788436487e-05,0.000969639704764983,0.000569979811792218,7.90243089241471e-05,7.90243089241471e-05,0.00115152236311554,1.20845068686362e-07,0.000347627773180398,0.000140505187437597,0.0118534884079581,5.42308135823949e-05,0.00736415735725378,1,0.0084125
642,0.00021652452483956,0.00567604049135549,8.79239054259576e-05,0.000980073799846885,0.000551241193501593,9.8787117496002e-05,9.8787117496002e-05,0.00115275278428832,1.20729862769182e-07,0.00034746203068707,0.000140288401848101,0.0118443404986559,5.41537887934431e-05,0.00735892579072809,1,0.0082372
643,0.000216161892248661,0.0068179705102426,8.87014510242321e-05,0.00098863940755742,0.00052254083732304,0.000118736301931932,0.000118736301931932,0.00114856901053364,1.20614771168702e-07,0.000347296373676292,0.000140072275578932,0.0118352133727674,5.40767292185513e-05,0.00735368813715616,1,0.0086987
644,0.000215790669660358,0.00796860530542834,8.9481616817219e-05,0.000995460074320468,0.000500844922721267,0.000138828777986433,0.000138828777986433,0.00114704043965949,1.20499788004019e-07,0.000347130793799713,0.000139856815060595,0.0118261073502905,5.39996495278216e-05,0.00734844538169956,1,0.0082961
645,0.000215410827198919,0.00912575447497718,9.02640263124202e-05,0.000999705163352797,0.000464746067529548,0.000159029499473107,0.000159029499473107,0.00113811998233289,1.20384907440407e-07,0.000346965282759539,0.00013964199103274,0.0118170212419518,5.39225006056816e-05,0.00734319416913931,1,0.0079533
646,0.000215022348880951,0.0102853218813852,9.10483026105369e-05,0.000999847051621146,0.000422896169449172,0.000179268789255005,0.000179268789255005,0.00112484866602232,1.20270123699042e-07,0.000346799832322684,0.000139427785604704,0.0118079543361543,5.38452492668929e-05,0.00733793222010757,1,0.0078632
647,0.00021462523438004,0.0114423999365917,9.18341009784985e-05,0.000995986092356895,0.000384692086946884,0.0001994621310768,0.0001994621310768,0.00111101615563305,1.20155431067718e-07,0.000346634434336403,0.000139214194524787,0.0117989064969931,5.37678905581975e-05,0.00733265917373755,1,0.0081198
648,0.000214219501540077,0.0125929306070833,9.26210829412501e-05,0.00098936287575284,0.000355127180056301,0.000219539452979589,0.000219539452979589,0.00109896755337415,1.20040823913046e-07,0.000346469080746097,0.000139001221585217,0.0117898779291906,5.36904419829173e-05,0.00732737620044974,1,0.0078174
649,0.000213805187346818,0.013734026898339,9.34088271288729e-05,0.000980009509580895,0.000319948985648701,0.000239450880924252,0.000239450880924252,0.00108382741325325,1.19926296693051e-07,0.000346303763613754,0.000138788854035566,0.0117808681359043,5.3612886892315e-05,0.0073220821418716,1,0.0087934
650,0.000213382346762833,0.0148628422718038,9.41969700724272e-05,0.000969414350398848,0.00030246980566417,0.000259147099638923,0.000259147099638923,0.00107375439098954,1.19811843968769e-07,0.00034613847513498,0.000138577106488576,0.0117718777809055,5.35352749264023e-05,0.00731678036614482,1,0.0079336
651,0.000212951056435429,0.015978277642271,9.49850409309973e-05,0.000956690115944734,0.000263877841163243,0.000278609168741895,0.000278609168741895,0.00105689557779818,1.19697460418029e-07,0.000345973207659248,0.00013836595429468,0.0117629058609971,5.34575602109924e-05,0.00731146771934284,1,0.0078294
652,0.000212511406538501,0.0170766619983438,9.57725624287178e-05,0.000940517879245878,0.000226748588329369,0.000297773230840903,0.000297773230840903,0.00103882264964331,1.19583140843629e-07,0.000345807953702093,0.000138155391715236,0.0117539521742789,5.33797433486751e-05,0.0073061442189896,1,0.0080601
653,0.000212063506166899,0.0181544447172499,9.6559171342366e-05,0.000921838057802466,0.000196902771289694,0.000316577485087066,0.000316577485087066,0.00102139497566836,1.1946888018483e-07,0.000345642705962139,0.000137945419059771,0.0117450167756275,5.33018437044636e-05,0.00730081116756649,1,0.0076382
654,0.000211607484956184,0.0192089850431438,9.73444488511562e-05,0.000900622860928783,0.000162256291872485,0.00033497596746912,0.00033497596746912,0.00100204870257833,1.19354673529638e-07,0.000345477457339315,0.000137736028666105,0.0117360993803778,5.32238561356958e-05,0.00729546819167185,1,0.0076573
655,0.000211143489530691,0.0202372346807896,9.81279901727006e-05,0.000876958420024154,0.00013152419474395,0.000352915589008518,0.000352915589008518,0.000982507050563625,1.19240516124511e-07,0.000345312200949388,0.000137527218424026,0.0117271999396286,5.31457945218987e-05,0.00729011622142601,1,0.0076246
656,0.000210671686008212,0.0212366960662088,9.89094169789378e-05,0.000851335000402795,0.000102951564372644,0.000370352847893329,0.000370352847893329,0.000962765579559223,1.19126403385427e-07,0.000345146930140523,0.000137318986258077,0.0117183184057303,5.30676720761139e-05,0.00728475614390172,1,0.0074568
657,0.000210192259249885,0.0222052305664623,9.96883339986836e-05,0.000823868055729698,7.44163457054653e-05,0.000387250488259383,0.000387250488259383,0.000942662885939264,1.19012330908202e-07,0.000344981638508779,0.000137111329678257,0.011709454713105,5.29894991043271e-05,0.0072793886490781,1,0.0074602
658,0.000209705411829321,0.0231408102678194,0.000100464376211343,0.000794798446950062,4.83189144030569e-05,0.000403573175313809,0.000403573175313809,0.000922621528180057,1.18898294477871e-07,0.000344816319912314,0.000136904247460637,0.0117006088499974,5.29112913537551e-05,0.00727401480296508,1,0.0078278
659,0.000209211365573806,0.0240419197832461,0.000101237254298744,0.00076479966481975,2.7220195873461e-05,0.000419294501748269,0.000419294501748269,0.000903189320366863,1.18784290078793e-07,0.00034465096848666,0.000136697739878676,0.0116917808685707,5.28330709907067e-05,0.00726863611626739,1,0.0080619
660,0.000208710362948622,0.0249077914645463,0.000102006715451312,0.000734257701037395,7.32866606733815e-06,0.000434401089258074,0.000434401089258074,0.000884385395357056,1.18670313905343e-07,0.000344485578660912,0.000136491807147841,0.0116829708185821,5.27548547892273e-05,0.00726325373295104,1,0.0078444
661,0.000208202664026031,0.0257377117931414,0.000102772502548918,0.000702838004239269,1.66482281290825e-05,0.000448880499444471,0.000448880499444471,0.000866000357562853,1.185563623704e-07,0.00034432014517074,0.000136286448826315,0.0116741787217052,5.26766521146526e-05,0.00725786828997693,1,0.0082346
662,0.00020768854405012,0.0265305931661414,0.000103534470895116,0.000670636450239383,3.65893699831762e-05,0.000462713771506529,0.000462713771506529,0.000848149594546084,1.1844243211203e-07,0.000344154663068844,0.000136081664700799,0.0116654046093909,5.25984816581476e-05,0.00725248106913404,1,0.0084923
663,0.0002071682981246,0.027285759243857,0.0001042925518512,0.000637939561970814,5.5589827385695e-05,0.000475889111626771,0.000475889111626771,0.000831050105881794,1.18328520002883e-07,0.000343989127739356,0.000135877455016904,0.0116566485327861,5.25203592303657e-05,0.0072470931572849,1,0.0076792
664,0.000206642237541505,0.0280024771538162,0.00010504658027511,0.000604177289306485,8.00840669723712e-05,0.000488393741887805,0.000488393741887805,0.000814887580441401,1.18214623157e-07,0.000343823534908534,0.000135673820358398,0.0116479105576235,5.24422914966925e-05,0.0072417050130955,1,0.0093867
665,0.000206110686258682,0.0286795795932528,0.000105796649183989,0.000570092561635146,9.30063696484047e-05,0.000500207315726087,0.000500207315726087,0.000798676190640657,1.18100738934192e-07,0.000343657880651953,0.000135470758799449,0.0116391906419411,5.23643050549117e-05,0.00723631847384509,1,0.007855
666,0.00020557399543764,0.0293170588951548,0.000106542655643375,0.000535482137667604,0.000115539257927434,0.000511329694191431,0.000511329694191431,0.000784549586386799,1.1798686495321e-07,0.000343492161414508,0.000135268273452984,0.0116304889601849,5.22864039189816e-05,0.00723093382067501,1,0.0076368
667,0.000205032517203257,0.0299137635062059,0.000107284417159085,0.000499802110363052,0.000135704014745974,0.000521740813631766,0.000521740813631766,0.000770939558778739,1.17872999088379e-07,0.000343326374006395,0.000135066363519476,0.0116218055189147,5.22086025525279e-05,0.00722555205866846,1,0.0073501
668,0.000204486618116416,0.030468696488087,0.00010802187999594,0.000463443057183196,0.000153109409445088,0.000531423307666756,0.000531423307666756,0.000757954117355328,1.17759139474457e-07,0.000343160515611072,0.00013486502838613,0.0116131403326632,5.21309159487298e-05,0.00722017423257429,1,0.0081094
669,0.00020393668376045,0.0309813895996808,0.000108755045682594,0.000427021249951881,0.000165714458239787,0.000540369020992415,0.000540369020992415,0.00074539400669131,1.17645284514082e-07,0.000342994583797006,0.000134664266926995,0.0116044933938107,5.2053360643744e-05,0.0072148014971823,1,0.0078113
670,0.000203383122554594,0.0314520142136829,0.000109483785217778,0.000390779140398072,0.000178172592050782,0.000548580938632526,0.000548580938632526,0.000734262656544795,1.17531432887255e-07,0.000342828576532433,0.000134464080172849,0.0115958647876236,5.19759493742661e-05,0.00720943474720911,1,0.0075549
671,0.000202826352455729,0.031880775529835,0.000110207892535555,0.000354721961400192,0.000189792879738307,0.000556062640866273,0.000556062640866273,0.000724390461929282,1.17417583552476e-07,0.000342662492187977,0.000134264468639866,0.0115872545773305,5.1898694582435e-05,0.00720407485958017,1,0.0075886
672,0.000202266801757964,0.0322679595412106,0.000110927235561372,0.000318984276538142,0.000199903499625098,0.000562819120672131,0.000562819120672131,0.000715613867836977,1.17303735748221e-07,0.000342496329539779,0.000134065432381782,0.0115786628062908,5.18216083841996e-05,0.00719872269115845,1,0.0077469
673,0.000201704913251193,0.0326140334295876,0.000111641715746082,0.000283717281322884,0.000208733651126192,0.000568858527282501,0.000568858527282501,0.000707974551328515,1.17189888996782e-07,0.000342330087776085,0.000133866971453972,0.0115700895179757,5.1744702041376e-05,0.00719337904196463,1,0.0075083
674,0.000201141143272941,0.0329196167267678,0.000112351183019887,0.000249039444307782,0.000216436019370401,0.00057419166395789,0.00057419166395789,0.000701469882447211,1.17076043107346e-07,0.000342163766502747,0.000133669085828663,0.011561534752301,5.16679859549869e-05,0.0071880446544931,1,0.0074163
675,0.000200575956860814,0.033185455495748,0.000113055491988389,0.000215060685654951,0.000223011162434165,0.000578831543773362,0.000578831543773362,0.000696034998565388,1.16962198176032e-07,0.000341997365744288,0.000133471775278872,0.0115529985405899,5.15914696923562e-05,0.00718272021537497,1,0.0070584
676,0.000200009828606357,0.0334124337767457,0.000113754489569407,0.000181928189351025,0.00022815463696876,0.000582793587311059,0.000582793587311059,0.000691497276786643,1.16848354586333e-07,0.00034183088594557,0.000133275039174145,0.0115444808966945,5.15151619974433e-05,0.00717740635588116,1,0.0076107
677,0.000199443243108566,0.0336015496054648,0.000114448126646794,0.000149624909183389,0.000233503669436084,0.0005860952027259,0.0005860952027259,0.000688273319147957,1.16734513009723e-07,0.000341664327973705,0.000133078877698499,0.0115359818697196,5.14390705605351e-05,0.00717210363565217,1,0.0066148
678,0.000198876698789757,0.0337538321146095,0.000115136199626592,0.000118425604165991,0.000235652562937312,0.00058875433498784,0.00058875433498784,0.000685143867245757,1.16620674408413e-07,0.000341497693123121,0.000132883288530977,0.0115275014001724,5.13632023644842e-05,0.00716681256657967,1,0.0080412
679,0.000198310697737045,0.0338705196302162,0.00011581873280799,8.80661162021273e-05,0.000241325476346456,0.000590792583443189,0.000590792583443189,0.000684248147910843,1.16506840032019e-07,0.000341330983111729,0.000132688273666466,0.0115190396156306,5.12875636727501e-05,0.00716153361178666,1,0.0075498
680,0.000197745765383797,0.033952428075262,0.000116495643582908,5.86484269767479e-05,0.00024375599983162,0.000592224165810507,0.000592224165810507,0.000683142935759001,1.16393011425689e-07,0.000341164200093868,0.000132493830152649,0.0115105964290583,5.12121598409498e-05,0.00715626717227283,1,0.0073633
681,0.000197182425966119,0.0340007486444575,0.000117166761531951,3.07355857694567e-05,0.00024466915871239,0.00059306985580676,0.000593069855806761,0.000682326811307657,1.16279190423757e-07,0.000340997346652077,0.000132299956055329,0.0115021717973315,5.11369952769198e-05,0.00715101358388584,1,0.0078432
682,0.000196621208533965,0.034016795229471,0.000117832068765621,8.56435796435631e-06,0.000247003544740878,0.000593352572426653,0.000593352572426653,0.000682725504679867,1.16165379146956e-07,0.000340830425794053,0.00013210665130175,0.011493765758086,5.10620743099092e-05,0.00714577317789399,1,0.0073075
683,0.000196062653162639,0.0340017447149892,0.000118491444058317,2.54997433288585e-05,0.000245985554769166,0.000593092841880249,0.000593092841880249,0.000682505527116926,1.16051580003205e-07,0.000340663440954859,0.000131913912154595,0.0114853781894457,5.09873993352133e-05,0.00714054615104568,1,0.0068608
684,0.000195507298196829,0.0339572213088643,0.000119144706081233,4.95050123764043e-05,0.000243160817162223,0.000592318998965169,0.000592318998965169,0.000682091395247036,1.15937795681048e-07,0.00034049639598834,0.000131721735745993,0.0114770090069666,5.09129718216058e-05,0.00713533263566638,1,0.0068771
685,0.000194955685137343,0.0338850341395614,0.00011979176115422,7.24992597031236e-05,0.00024141010468434,0.000591062604776482,0.000591062604776482,0.000682387814149623,1.15824029145992e-07,0.000340329295162776,0.000131530121026844,0.0114686582051626,5.08387934827262e-05,0.00713013278156348,1,0.0069978
686,0.000194408366174348,0.0337867416894707,0.00012043253130812,9.43849302984256e-05,0.000240643454254238,0.000589350841917025,0.000589350841917024,0.000683264631187562,1.15710283641171e-07,0.00034016214316289,0.000131339066696712,0.0114603257674777,5.07648657971153e-05,0.00712494672240539,1,0.0073605
687,0.000193865903739768,0.0336636033949524,0.000121066942084737,0.000115389799396763,0.000241349789486536,0.00058720567143844,0.00058720567143844,0.000684842912138451,1.15596562687738e-07,0.00033999494509145,0.000131148571708528,0.0114520116882812,5.06911904738233e-05,0.00711977460835828,1,0.0079876
688,0.000193328870411947,0.0335165043170485,0.000121694947080202,0.000135854169033796,0.000243961514017192,0.000584642521376466,0.000584642521376466,0.00068727950125256,1.1548287008519e-07,0.000339827706470779,0.00013095863534429,0.0114437159762155,5.06177697739154e-05,0.00711461662873801,1,0.0077196
689,0.0001927978452283,0.0333461267437111,0.000122316399361521,0.000155489627428968,0.000242249133337159,0.000581673284180795,0.000581673284180795,0.000688271482422091,1.1536920990963e-07,0.000339660433241245,0.000130769252299717,0.0114354384393305,5.05446020807877e-05,0.00710947270061484,1,0.0069366
690,0.000192273398421413,0.0331538878943591,0.000122931045721323,0.000173455193842841,0.000235101685509316,0.000578322682324384,0.000578322682324384,0.000687219084486297,1.15255586503588e-07,0.000339493131747298,0.000130580416093588,0.0114271788335349,5.04716829436877e-05,0.00710434254126923,1,0.0076753
691,0.000191756094526698,0.0329417180019531,0.000123538833813547,0.000190188293012265,0.000234316232445865,0.000574624392914558,0.000574624392914558,0.000688233671597895,1.1514200446782e-07,0.000339325808726393,0.000130392128466226,0.0114189372739422,5.03990148344345e-05,0.00709922635464136,1,0.0068221
692,0.000191246509564281,0.0327109126205495,0.000124139567397529,0.000205460755433403,0.000227446006708931,0.000570601014782568,0.000570601014782568,0.000686930466411737,1.15028468662839e-07,0.000339158471312215,0.000130204382432988,0.0114107134935984,5.03265920200039e-05,0.00709412376689355,1,0.0076289
693,0.000190745214431307,0.032463187907214,0.000124733139839977,0.000219704509043368,0.000227377640673452,0.000566282483745795,0.000566282483745795,0.000687703739930266,1.14914984201317e-07,0.000338991127024466,0.000130017179769209,0.0114025076088205,5.02544172626011e-05,0.007089035002213,1,0.0071596
694,0.000190252790985394,0.0321995061321926,0.000125319375381869,0.000232911610148227,0.000222899915627682,0.000561685579272719,0.000561685579272719,0.000686777327869066,1.14801556449554e-07,0.000338823783771969,0.000129830514759596,0.0113943194074765,5.01824857862439e-05,0.0070839597532908,1,0.007545
695,0.000189769815482679,0.0319211768274351,0.000125898114244491,0.000245162326668814,0.000221301818410758,0.000556833140461066,0.000556833140461066,0.000686538718087682,1.14688191019941e-07,0.000338656449842523,0.000129644386443987,0.0113861488855533,5.01107976132539e-05,0.00707889805077414,1,0.0071395
696,0.00018929686614227,0.0316292630858269,0.00012646916559266,0.000256288310128603,0.000216099068340368,0.000551743707523755,0.000551743707523755,0.000684801181268003,1.14574893767802e-07,0.000338489133899158,0.000129458789556364,0.0113779958497252,5.0039347570237e-05,0.00707384955807211,1,0.0077234
697,0.000188834515940998,0.0313250516973652,0.000127032415695277,0.000266623604761307,0.000215561178404874,0.000546439724848469,0.000546439724848469,0.000684294542244662,1.14461670784506e-07,0.000338321844970889,0.000129273724232783,0.0113698603435919,4.99681370247222e-05,0.00706881440021749,1,0.0069836
698,0.000188383340448611,0.0310094396941413,0.000127587640803859,0.000275777613048644,0.000208467667504263,0.000540936836578965,0.000540936836578965,0.000681318279193865,1.14348528395071e-07,0.000338154592450067,0.00012908918335938,0.0113617420917472,4.98971578314472e-05,0.00706379202917578,1,0.0073156
699,0.000187943902884067,0.0306839697050186,0.000128134681279088,0.000283818844530114,0.000205366799112256,0.000535261951515764,0.000535261951515764,0.000679168015547376,1.14235473147912e-07,0.000337987386078109,0.000128905166314793,0.0113536411038395,4.98264098118135e-05,0.00705878245958986,1,0.0073585
700,0.00018751676928811,0.0303496607050414,0.000128673420644077,0.000291083367163741,0.000202600311800671,0.000529432841711142,0.000529432841711142,0.00067681569615388,1.14122511813079e-07,0.000337820235943732,0.000128721670476467,0.0113455573012729,4.97558906069929e-05,0.00705378555153138,1,0.007551
701,0.000187102503402802,0.0300073391989027,0.000129203718615158,0.000297729468953235,0.000200800310035413,0.00052346392053515,0.00052346392053515,0.000674503062975223,1.14009651377938e-07,0.000337653152477418,0.000128538693706004,0.0113374906265013,4.96855986498839e-05,0.00704880122076682,1,0.0073507
702,0.000186701664369965,0.0296577457749004,0.000129725394860172,0.000303586852832291,0.00019660713806915,0.000517368102814331,0.000517368102814331,0.000671149385483121,1.13896899041899e-07,0.000337486146444412,0.000128356231808272,0.0113294409309671,4.96155291026553e-05,0.00704382915058673,1,0.0071251
703,0.000186314800217386,0.0293019649804652,0.000130238258023217,0.000308380498844469,0.000191091068753231,0.000511164305384781,0.000511164305384781,0.000666959986197981,1.13784262207956e-07,0.000337319228933004,0.000128174281031337,0.011321408085187,4.95456771759596e-05,0.00703886902676557,1,0.0076942
704,0.000185942452115079,0.0289410556673085,0.000130742239741493,0.000312654714763171,0.000190843643104448,0.000504870997326989,0.000504870997326989,0.000664067230520373,1.13671748476835e-07,0.000337152411346612,0.000127992841690791,0.0113133921390002,4.94760448950638e-05,0.00703392101854036,1,0.0070232
705,0.000185585160270844,0.0285755695832709,0.000131237148272267,0.000316064508187476,0.000184275775410171,0.000498497800055731,0.000498497800055731,0.000658983113297546,1.13559365644545e-07,0.000336985705400905,0.000127811907530582,0.0113053928516696,4.94066235086034e-05,0.00702898452897738,1,0.0079506
706,0.000185243450268027,0.0282065085023171,0.000131722923726066,0.000319153538213122,0.00018601488614249,0.000492062186451037,0.000492062186451037,0.000656111554506669,1.13447121693019e-07,0.000336819123110638,0.000127631480582765,0.0112974103485164,4.93374181501151e-05,0.00702405994778768,1,0.0070478
707,0.000184917848478446,0.0278341210315729,0.000132199378087254,0.00032148855407326,0.0001787203973802,0.000485568489736465,0.000485568489736465,0.000650358314392052,1.1333502478919e-07,0.000336652676788987,0.000127451553405048,0.0112894443355308,4.92684177909094e-05,0.00701914651442107,1,0.0075945
708,0.000184608859467629,0.0274595389888727,0.000132666399846094,0.000323160044868643,0.000177327843463192,0.000479036452180281,0.000479036452180281,0.000645947307158339,1.1322308327253e-07,0.000336486379029717,0.000127272126419905,0.0112814948663688,4.91996246151022e-05,0.00701424440799593,1,0.0088656
709,0.000184316990788749,0.0270828688702039,0.00013312406663469,0.000325478873090187,0.000184632704970809,0.000472467928931408,0.000472467928931408,0.00064432277002202,1.13111305655917e-07,0.000336320242709113,0.000127093202619358,0.0112735621087285,4.9131046775848e-05,0.00700935423386834,1,0.0081842
710,0.000184042751815031,0.0267032489562196,0.000133572197535404,0.000327910787645654,0.000180782844103693,0.000465847883948101,0.000465847883948101,0.000639634858969067,1.12999700626114e-07,0.000336154280987337,0.00012691477435194,0.0112656457583194,4.90626734633208e-05,0.00700447524539282,1,0.0087823
711,0.000183786622398724,0.0263211058555416,0.000134010617276703,0.000330036493558037,0.00018042714872979,0.0004591837585739,0.0004591837585739,0.000635809363325892,1.12888277028289e-07,0.000335988507286021,0.000126736841129992,0.0112577458280951,4.89945059621592e-05,0.00699960755772487,1,0.0079218
712,0.000183549069636007,0.0259368480805325,0.000134439117636698,0.000331266418734787,0.000171429976877943,0.000452482680113775,0.000452482680113775,0.000629135972601776,1.1277704385966e-07,0.000335822935279381,0.000126559395864461,0.0112498620375745,4.89265330102808e-05,0.00699475038941925,1,0.0079763
713,0.000183330533273743,0.0255519135813874,0.000134857519765985,0.000331302024924727,0.000165234591783199,0.000445769734332302,0.000445769734332302,0.000622691687849692,1.12666010255972e-07,0.00033565757887462,0.000126382437027257,0.0112419943527497,4.88587529068902e-05,0.00698990364074428,1,0.0075647
714,0.000183131441600474,0.0251675359964151,0.000135265713762729,0.00033022710784227,0.000157864298803898,0.000439066440749869,0.000439066440749869,0.000615427635407678,1.1255518548657e-07,0.000335492452205068,0.000126205961276763,0.0112341426587329,4.87911605011684e-05,0.00698506696468749,1,0.0073722
715,0.000182952207279013,0.0247850086633577,0.000135663607735241,0.000328104127550145,0.000151826730326094,0.000432395357700344,0.000432395357700344,0.0006080339308204,1.12444578947635e-07,0.000335327569620565,0.000126029966513104,0.0112263068955514,4.87237530237074e-05,0.00698024018381226,1,0.0079658
716,0.000182793233298078,0.024405188237505,0.000136051260948361,0.000325761678500824,0.000152447045638525,0.00042577142416711,0.00042577142416711,0.000602260944073013,1.12334200158797e-07,0.000335162945682838,0.000125854453596529,0.0112184871349273,4.86565345628391e-05,0.0069754236117127,1,0.0075475
717,0.000182654917727061,0.0240281091508151,0.000136428638606711,0.000323189969449047,0.000148920993117433,0.000419195235453529,0.000419195235453529,0.00059537860828552,1.12224058762439e-07,0.000334998595164873,0.000125679418759835,0.0112106832423289,4.85894994755306e-05,0.00697061686477822,1,0.0077238
718,0.000182537636623196,0.0236542000820421,0.000136795723406837,0.000320332566302531,0.000147395373577738,0.000412674265755086,0.000412674265755086,0.000588906874253893,1.12114164514558e-07,0.000334834533037675,0.000125504860810736,0.0112028951977038,4.85226475064365e-05,0.00696581994501986,1,0.007564
719,0.000182441751436952,0.0232837095477123,0.000137152533183373,0.000317211238130186,0.00014471680775419,0.000406212848538701,0.000406212848538701,0.000582068999490065,1.12004527279722e-07,0.000334670774463086,0.000125330777282932,0.011195122923976,4.84559756535124e-05,0.00696103265712153,1,0.0080688
720,0.000182367606914035,0.0229168471332863,0.000137499146935908,0.000314202369525806,0.00014615764840653,0.000399814639711948,0.000399814639711948,0.000576392831876102,1.11895157025238e-07,0.000334507334785409,0.000125157168187674,0.011187366454518,4.8389486573613e-05,0.00695625521193788,1,0.0096022
721,0.000182315541990015,0.0225529598935821,0.000137835762635471,0.000312489491754907,0.000157002991144438,0.000393468249834328,0.000393468249834328,0.000574000576582347,1.11786063821113e-07,0.00033434422953165,0.000124984036854073,0.011179625971117,4.83231907084749e-05,0.00695148838080558,1,0.0079347
722,0.000182285888066373,0.0221906250949952,0.000138162196383826,0.000310823310613014,0.00014820192584698,0.000387148861596742,0.000387148861596742,0.000566473970246575,1.1167725783935e-07,0.000334181474410761,0.000124811373219593,0.0111719010566507,4.82570695972243e-05,0.0069467308568293,1,0.0076357
723,0.000182278922355705,0.0218309924879252,0.000138478206375029,0.000307803807042007,0.000139671658774984,0.000380876534073593,0.000380876534073593,0.000558418724059058,1.11568749329939e-07,0.00033401908527798,0.000124639174683288,0.0111641916269512,4.81911191296694e-05,0.00694198236310561,1,0.0076286
724,0.000182294900128086,0.021475412970703,0.000138783851053788,0.000303901243267824,0.000134950914978889,0.000374674835972755,0.000374674835972755,0.000550951572349583,1.11460548613479e-07,0.000333857078123976,0.000124467440391785,0.0111564976758741,4.81253394188982e-05,0.00693724292632874,1,0.0077528
725,0.000182334067030076,0.0211245628734798,0.000139079218862955,0.000299697130694797,0.0001333090026347,0.000368555567089146,0.000368555567089146,0.000544162713605699,1.11352666080218e-07,0.000333695469073552,0.000124296169595464,0.0111488192018466,4.80597313166616e-05,0.00693251262650575,1,0.0073821
726,0.000182396655060834,0.0207786982913743,0.000139364313915714,0.000295168962187741,0.000129728118560969,0.00036252319462271,0.00036252319462271,0.00053680996117838,1.11245112187239e-07,0.000333534274381568,0.000124125359671688,0.0111411561191686,4.79942912944326e-05,0.00692779122768813,1,0.007462
727,0.000182482874242516,0.0204382175850502,0.000139639174085004,0.000290425541098965,0.000128307078840513,0.000356584666910464,0.000356584666910464,0.000529956425710199,1.1113789745162e-07,0.000333373510422798,0.000123955009594854,0.0111335084135619,4.79290195985503e-05,0.00692307876587796,1,0.0074399
728,0.000182592918425108,0.0201032202383516,0.000139903868488592,0.000285672002085429,0.000127438956072188,0.000350741719417513,0.000350741719417513,0.000523326253230505,1.11031032446685e-07,0.000333213193686391,0.000123785117920091,0.0111258760518033,4.7863915596588e-05,0.00691837521363131,1,0.0075661
729,0.000182726963336841,0.0197736423839149,0.000140158464275297,0.000281072475873975,0.000127739036892409,0.000344993239039582,0.000344993239039582,0.000517162463247372,1.10924527797417e-07,0.000333053340769037,0.00012361568354299,0.0111182590158257,4.77989795723758e-05,0.00691368060965907,1,0.0085722
730,0.000182885169649089,0.0194490130915403,0.000140403106024681,0.000277368996990209,0.000134345611439141,0.000339331012810362,0.000339331012810362,0.000513194074908252,1.10818394177526e-07,0.000332893968370601,0.00012344670776849,0.011110657395874,4.77342178231284e-05,0.00690899542792788,1,0.0080352
731,0.000183067685848011,0.0191282190168374,0.00014063774849678,0.00027418064164319,0.000133170123705169,0.000333735622120912,0.000333735622120912,0.000507600384991211,1.10712642308066e-07,0.000332735093292045,0.000123278186496784,0.0111030710389866,4.76696241629489e-05,0.00690431923964621,1,0.0081782
732,0.000183274625618783,0.0188111263701835,0.000140862293195829,0.000271000124700786,0.000132307498127085,0.000328204735644988,0.000328204735644988,0.00050216488468301,1.10607282944797e-07,0.000332576732416442,0.000123110118167651,0.0110954999061624,4.76051980088979e-05,0.00689965202085568,1,0.0083548
733,0.000183506080024775,0.0184976640215314,0.000141076722830161,0.000267950600290064,0.00013222826080838,0.000322737115357796,0.000322737115357796,0.000497079415603642,1.10502326871757e-07,0.000332418902699225,0.000122942501482491,0.0110879439700285,4.75409394714121e-05,0.00689499379777909,1,0.0078815
734,0.000183762118180211,0.0181877763855507,0.000141280934361055,0.000264677952891754,0.000128242705176344,0.000317331793828757,0.000317331793828757,0.000490912835412234,1.10397784895199e-07,0.000332261621158988,0.000122775333218089,0.0110804031162268,4.74768441147035e-05,0.00689034426677677,1,0.0077828
735,0.000184042780305884,0.0178819223491478,0.000141474845155832,0.000260990227491268,0.000124987714898516,0.000311996776854784,0.000311996776854784,0.000484799060712713,1.10293667834093e-07,0.000332104904863047,0.000122608611717288,0.011072877300742,4.74129108510795e-05,0.00688570336647459,1,0.0081677
736,0.000184348086947315,0.0175803853007543,0.000141658487062352,0.000257350752512494,0.000125563747517977,0.000306737008241242,0.000306737008241242,0.000479786513477165,1.10189986515244e-07,0.000331948770919918,0.000122442336694708,0.0110653665413627,4.73491420579321e-05,0.00688107128708402,1,0.007981
737,0.000184678043199631,0.0172829586595589,0.000141831837073691,0.000253817799493856,0.000124297560462545,0.000301548884380054,0.000301548884380054,0.000474431273074308,1.10086751770502e-07,0.000331793236474919,0.000122276505959753,0.0110578707697166,4.7285535774188e-05,0.00687644790383727,1,0.0081769
738,0.000185032630028525,0.0169895870608236,0.000141994863491815,0.00025039731548752,0.000124350773265559,0.000296431438860267,0.000296431438860267,0.000469561674826277,1.09983974429587e-07,0.000331638318699132,0.000122111118401768,0.0110503899660495,4.72220925442532e-05,0.00687183327389811,1,0.0070495
739,0.000185411804491111,0.0167003549374466,0.000142147433031293,0.000246365406020538,0.000116990570924442,0.000291386143768335,0.000291386143768335,0.000462519729726131,1.09881665312963e-07,0.000331484034778393,0.000121946169560223,0.0110429239588174,4.71588046803164e-05,0.00686722685516624,1,0.0083201
740,0.000185815494270283,0.0164159340403681,0.000142289661453751,0.000242487244701735,0.000121065596590943,0.000286424716367861,0.000286424716367861,0.000458606444507927,1.09779835221879e-07,0.000331330401897983,0.000121781661655238,0.0110354728786418,4.70956804794373e-05,0.00686262926868684,1,0.00801
741,0.000186243623431663,0.0161356337616782,0.000142421615739913,0.000239107576812653,0.000121250546592381,0.000281535110170594,0.000281535110170594,0.000454042421598151,1.09678494941241e-07,0.000331177437246623,0.000121617592144935,0.0110280366405328,4.70327173401579e-05,0.00685804034255835,1,0.0076467
742,0.000186696088817271,0.0158592432274713,0.00014254319686613,0.00023562351767178,0.000118521800924461,0.000276713646314874,0.000276713646314874,0.000448726959007129,1.09577655230511e-07,0.000331025158002396,0.000121453958403343,0.011020615155396,4.69699122144755e-05,0.00685345987180749,1,0.0079436
743,0.000187172761360679,0.0155869304769522,0.000142654423175983,0.000232162768401791,0.000118691365955061,0.000271963255428886,0.000271963255428886,0.000444273172908432,1.09477326815121e-07,0.000330873581319392,0.000121290759776491,0.0110132084233656,4.69072666341572e-05,0.00684888798522485,1,0.0079887
744,0.000187673496151961,0.0153184976610651,0.000142755333806018,0.000228923866624759,0.000118899746597914,0.000267280486129451,0.000267280486129451,0.000440027420833875,1.09377520382786e-07,0.000330722724321728,0.000121127994809225,0.0110058164081192,4.68447804290429e-05,0.00684432468758189,1,0.0082901
745,0.000188198129490803,0.0150536480664878,0.000142845949972576,0.000226038790562661,0.000120425410646014,0.000262660162322348,0.000262660162322348,0.000436405059525419,1.0927824657817e-07,0.00033057260409503,0.000120965662533476,0.0109984390953206,4.67824546383036e-05,0.00683977007203485,1,0.0083662
746,0.000188746479713807,0.0147919318667445,0.000142926260880502,0.000223506004687994,0.00012109471156244,0.000258094436647482,0.000258094436647482,0.000432807907358714,1.09179515997776e-07,0.000330423237678248,0.000120803761273625,0.0109910764383488,4.6720288748146e-05,0.0068352241183553,1,0.0084616
747,0.000189318344167565,0.0145330171095463,0.000142996225531441,0.000221211228890676,0.000121261038084569,0.000253577517369763,0.000253577517369763,0.000429261945316261,1.09081339183104e-07,0.000330274642052799,0.000120642289392158,0.0109837283921334,4.66582823017881e-05,0.00683068681040114,1,0.0077344
748,0.000189913497897636,0.0142768406518316,0.000143055733807712,0.000218593464285088,0.000116390759696748,0.000249108301353829,0.000249108301353829,0.000424207031054473,1.08983726612918e-07,0.000330126834130336,0.000120481243486026,0.010976394831001,4.65964305665254e-05,0.00682615781875319,1,0.0079377
749,0.000190531690554159,0.014023944145495,0.0001431047828755,0.000215655608070567,0.000114785757308266,0.000244696235323971,0.000244696235323971,0.000419968845022382,1.08886688693682e-07,0.000329979830737702,0.00012032062283228,0.0109690757510503,4.65347346693894e-05,0.00682163724258256,1,0.0080411
750,0.000191172659385949,0.0137744468014809,0.000143143460265577,0.000212768844219194,0.000114589928789173,0.000240343397587495,0.000240343397587495,0.000416215295357244,1.08790235756353e-07,0.000329833648611468,0.0001201604263154,0.0109617711304059,4.64731951260115e-05,0.00681712513644949,1,0.0071389
751,0.00019183612586573,0.0135284195416038,0.000143171740070598,0.000209453174320196,0.000109319957770615,0.000236051024218753,0.000236051024218753,0.000410939464993466,1.08694378051201e-07,0.000329688304389466,0.000120000650609579,0.0109544808461916,4.64118071142365e-05,0.00681262116327016,1,0.0077297
752,0.000192521790738728,0.0132863968222918,0.000143189743462363,0.00020604896394901,0.000110154455228359,0.000231828437422976,0.000231828437422976,0.000407347185704568,1.08599125739842e-07,0.000329543814598062,0.000119841295930218,0.0109472049368877,4.63505740273268e-05,0.00680812558839265,1,0.0080402
753,0.000193229349329505,0.0130480704030385,0.000143197646958264,0.000203128944935533,0.000112643144427007,0.000227670260098733,0.000227670260098733,0.00040454265754332,1.08504488894825e-07,0.000329400195650861,0.000119682361479795,0.0109399433947254,4.62894972854605e-05,0.00680363853283378,1,0.0084119
754,0.000193958486617314,0.0128127854371358,0.000143195539318256,0.000200847544363746,0.000115752883562456,0.000223565068628417,0.000223565068628417,0.000402332691272123,1.08410477496465e-07,0.000329257463843213,0.00011952384624122,0.0109326962018168,4.62285779167508e-05,0.00679916008906621,1,0.0087237
755,0.000194708874507927,0.0125797968396255,0.000143183447859833,0.00019919625107983,0.000118463627044296,0.000219499864249073,0.000219499864249073,0.000400414687691037,1.08317101428009e-07,0.000329115635344188,0.000119365748871261,0.0109254633252444,4.61678162871328e-05,0.00679469030104631,1,0.0072536
756,0.000195480166986168,0.0123487810691914,0.000143161217600431,0.000197066821980758,0.000110908473671055,0.00021546900080871,0.00021546900080871,0.000395342245823483,1.08224370468031e-07,0.000328974726184294,0.000119208064409118,0.0109182445662807,4.61072043159705e-05,0.00679022859084806,1,0.0078348
757,0.000196271993385224,0.0121206196630282,0.000143128882060833,0.000194493812484367,0.000110048808524387,0.000211487854480552,0.000211487854480552,0.00039204377866754,1.08132294279021e-07,0.000328834752237383,0.000119050793119706,0.0109110399650861,4.60467450553297e-05,0.00678577519929224,1,0.0078901
758,0.000197083979683974,0.0118953861917824,0.000143086601417004,0.000192040540789156,0.000110272012124153,0.000207557707932793,0.000207557707932793,0.000389177062781015,1.08040882406685e-07,0.000328695729218809,0.000118893933839583,0.0109038494963743,4.59864388926541e-05,0.00678133017133468,1,0.0078092
759,0.000197915743935433,0.0116729183116911,0.000143034453129144,0.00018969687431573,0.000109925007383898,0.000203675728533526,0.000203675728533526,0.000386269556521677,1.07950144276633e-07,0.000328557672679597,0.000118737484920388,0.0108966731124866,4.59262851452196e-05,0.00677689347306121,1,0.0080853
760,0.00019876689422055,0.011453068788143,0.000142972523691248,0.000187584688636505,0.000111130472540568,0.000199839346729291,0.000199839346729291,0.000383985589987238,1.0786008918974e-07,0.000328420597998573,0.000118581445394089,0.0108895107968214,4.586628468315e-05,0.00677246518508217,1,0.0085394
761,0.000199637031548084,0.0112354287039465,0.000142900906806449,0.000185971310251846,0.000113969558555306,0.000196041427221516,0.000196041427221516,0.000382496194524602,1.07770726318749e-07,0.000328284520376379,0.000118425814458405,0.0108823625402945,4.58064388947908e-05,0.00676804542647217,1,0.0077163
762,0.000200525748248399,0.0110195595894172,0.000142819567082683,0.000184308716138499,0.000110533817026245,0.000192274318253638,0.000192274318253638,0.000379190369806224,1.07682064703778e-07,0.000328149454827793,0.000118270588698403,0.010875228213624,4.57467433105846e-05,0.00676363388354105,1,0.0087377
763,0.000201432623028299,0.0108056482485207,0.000142728571303911,0.000182864313649773,0.000113818207866916,0.000188541276152421,0.000188541276152421,0.00037803205933206,1.07594113244952e-07,0.000328015416169655,0.000118115768671587,0.010868107869891,4.56872019841994e-05,0.00675923087223683,1,0.0088575
764,0.000202357233073954,0.0105930887367129,0.00014262799713998,0.000181971317947274,0.00011582385495317,0.000184831726278034,0.000184831726278034,0.00037683168250748,1.07506880701146e-07,0.000327882419018078,0.000117961352746777,0.0108610014615033,4.56278146109593e-05,0.0067548363866906,1,0.0081171
765,0.000203299146200886,0.0103815342764048,0.000142517764757526,0.00018094135133534,0.000112065821206019,0.000181139614428005,0.000181139614428005,0.000373859467461001,1.07420375684342e-07,0.000327750477778969,0.00011780733760711,0.0108539088630369,4.55685769954237e-05,0.00675045013280031,1,0.0078421
766,0.000204257917090187,0.0101714874935145,0.000142397847105246,0.000179362043600577,0.00010827421908196,0.000177473705724296,0.000177473705724296,0.000370685789407032,1.07334606651718e-07,0.00032761960663507,0.000117653721510958,0.0108468300212992,4.55094877603484e-05,0.00674607202454498,1,0.0078806
767,0.000205233094612343,0.00996348844319658,0.000142268356024694,0.000177469266714754,0.000106683063546612,0.000173843419753794,0.000173843419753794,0.000368072318795956,1.07249581901356e-07,0.000327489819538495,0.00011750050346105,0.0108397649172411,4.54505472439474e-05,0.00674170210287783,1,0.0080736
768,0.000206224225990639,0.00975769761242116,0.000142129453565685,0.000175614505360135,0.000107095978254085,0.000170251554781231,0.000170251554781231,0.00036611835743201,1.07165309569955e-07,0.000327361130206314,0.000117347682548538,0.0108327135357923,4.53917562216004e-05,0.00673734044127209,1,0.0077731
769,0.000207230856619376,0.00955402408001516,0.00014198126057644,0.000173745033807501,0.000105870736405289,0.000166696522628129,0.000166696522628129,0.000363736915811027,1.07081797630248e-07,0.000327233552115684,0.000117195256829416,0.0108256758139811,4.53331132100211e-05,0.00673298694562979,1,0.0083547
770,0.000208252528432211,0.00935245211460581,0.000141823925034178,0.000172124576625734,0.000108260657744082,0.000163178046808099,0.000163178046808099,0.000362594494593918,1.0699905388735e-07,0.000327107098497342,0.000117043225943622,0.0108186517618242,4.52746202512903e-05,0.00672864178354668,1,0.0082307
771,0.000209288783060727,0.00915255240509221,0.000141657558346559,0.000170803170626317,0.000108803779119639,0.000159688633164734,0.000159688633164734,0.000361106918086805,1.0691708597662e-07,0.000326981782331402,0.000116891588034753,0.010811641320112,4.52162762642811e-05,0.00672430489078842,1,0.0075486
772,0.000210339157931036,0.00895424730433807,0.000141482192500388,0.000169221352094485,0.000105412269013935,0.000156226923042624,0.000156226923042624,0.000358372942690362,1.0683590135924e-07,0.000326857616339653,0.000116740340422229,0.0108046443912898,4.51580780643996e-05,0.00671997604641561,1,0.0085929
773,0.000211403186856689,0.00875780072792128,0.000141297968533976,0.000167859233309396,0.000109035576049416,0.000152797518264691,0.000152797518264691,0.000357890732310364,1.06755507317913e-07,0.000326734612978045,0.000116589483689181,0.0107976610286294,4.51000295790217e-05,0.00671565555839649,1,0.0081045
774,0.000212480405975663,0.00856269745557579,0.000141104985894164,0.00016675897715623,0.000108467513608638,0.000149391422922918,0.000149391422922918,0.000356323985288221,1.06675910955646e-07,0.000326612784433871,0.000116439015321085,0.0107906911419559,4.50421283350928e-05,0.00671134325862511,1,0.0082706
775,0.000213570348333855,0.00836887145704094,0.0001409032913921,0.000165698355896078,0.000108733417455064,0.000146007479054688,0.000146007479054688,0.000355077076366184,1.06597119191429e-07,0.000326492142618209,0.000116288934113871,0.0107837347015712,4.49843744148254e-05,0.00670703916902424,1,0.0077433
776,0.00021467254572992,0.00817632495452118,0.00014069293819647,0.000164442791748951,0.000106204418669295,0.000142645719089174,0.000142645719089174,0.000352936236543803,1.06519138756762e-07,0.000326372699159661,0.000116139237760615,0.0107767916264821,4.49267654493884e-05,0.00670274312870398,1,0.0080405
777,0.000215786528621183,0.00798533983886643,0.000140474022586119,0.000163100709553968,0.000106525083279072,0.00013931105695697,0.00013931105695697,0.000351667940347169,1.06441976191998e-07,0.00032625446539779,0.000115989925576032,0.0107698619107226,4.48693024457847e-05,0.0066984552283183,1,0.0078133
778,0.000216911828800284,0.0077958864142425,0.0001402466566572,0.000161753695227745,0.000105845172564532,0.000136002968073257,0.000136002968073257,0.000350143835782333,1.0636563784403e-07,0.000326137452378641,0.000115840995852549,0.0107629455007702,4.48119843513463e-05,0.00669417540488344,1,0.0078895
779,0.000218047978631616,0.00760800132597687,0.0001400109466068,0.000160420977245802,0.000106081802454152,0.000132722085480097,0.000132722085480097,0.000348952710541283,1.06290129863467e-07,0.00032602167084945,0.000115692447421408,0.0107560423679627,4.47548112209384e-05,0.00668990367800153,1,0.0075264
780,0.000219194511665214,0.00742167927701322,0.000139766994104291,0.000158983295875789,0.000104711041199103,0.000129468309458147,0.000129468309458147,0.000347274916573203,1.06215458202032e-07,0.000325907131253724,0.000115544278386083,0.0107491524496624,4.46977815077605e-05,0.00668563994751142,1,0.0073909
781,0.000220350962497374,0.00723712054256818,0.000139514912559096,0.000157370813905791,0.000103763823588926,0.000126245129012048,0.000126245129012048,0.000345696510482592,1.06141628609806e-07,0.000325793843726069,0.000115396487384407,0.0107422757078939,4.46408946819253e-05,0.00668138418906781,1,0.0077975
782,0.000221516867949611,0.00705438055914417,0.000139254843625794,0.00015594110254377,0.000105829466536891,0.000123053504395898,0.000123053504395898,0.0003451640274218,1.0606864663305e-07,0.000325681818087915,0.000115249073894409,0.0107354121436678,4.4584152181706e-05,0.0066771365256153,1,0.0078477
783,0.000222691767640438,0.00687309870276648,0.000138986900920472,0.000154844127929966,0.000107537968808511,0.000119887129576668,0.000119887129576668,0.000344731882717406,1.05996517612286e-07,0.000325571063843649,0.000115102036558747,0.0107285617190165,4.45275538270403e-05,0.00667289695912055,1,0.0079232
784,0.00022387520304686,0.00669293488331216,0.000138711152611496,0.000154012970527295,0.000108935466756149,0.000116740053789144,0.000116740053789144,0.000344373741265969,1.05925246679794e-07,0.000325461590175852,0.000114955374003537,0.0107217243950559,4.447109937702e-05,0.00666866548696364,1,0.0082078
785,0.000225066717138288,0.00651357569000655,0.000138427640620749,0.000153509548105462,0.00011114258725214,0.000113606788582743,0.000113606788582743,0.00034446915265414,1.05854838756844e-07,0.000325353405940131,0.000114809085194611,0.0107149001486067,4.44147893173419e-05,0.00666444216100207,1,0.00743
786,0.000226265854205398,0.00633478625890697,0.000138136384384937,0.000152859728573029,0.00010846052392604,0.000110483213768831,0.000110483213768831,0.000342974968837903,1.05785298550765e-07,0.000325246519659727,0.000114663167315012,0.0107080888731375,4.43586202992913e-05,0.00666022674533617,1,0.0100654
787,0.000227472159729026,0.00615654080896322,0.000137837405416982,0.000153184691424379,0.000120388644872134,0.000107368858348167,0.000107368858348167,0.000346767388522026,1.0571663055191e-07,0.000325140939519942,0.000114517623579696,0.0107012907436298,4.43026014187932e-05,0.00665601993828093,1,0.010006
788,0.000228685179636283,0.0059770478981122,0.000137530647776323,0.000154900571333094,0.00012587758931434,0.000104232398268067,0.000104232398268067,0.000349189680858071,1.05648839030125e-07,0.00032503667336183,0.000114372451384079,0.0106945056633806,4.4246730971769e-05,0.00665182162807821,1,0.0086352
789,0.000229904459368919,0.00579548568618414,0.000137215963013813,0.000156417657308395,0.000119804854850651,0.00010105943361971,0.00010105943361971,0.000347469930078154,1.05581928030642e-07,0.000324933728675005,0.000114227645660338,0.0106877334201568,4.41910019385822e-05,0.00664763130284632,1,0.0077902
790,0.000231129544386237,0.00561286712300753,0.000136893267842602,0.000156665500525298,0.000111684531063074,9.78676191429884e-05,9.78676191429884e-05,0.000344637343127753,1.05515901370208e-07,0.000324832112590809,0.000114083204051778,0.0106809739280544,4.41354109044649e-05,0.00664344872069206,1,0.0093038
791,0.000232359980893476,0.00543033676419183,0.000136562589338595,0.000156732548546041,0.000115482831933985,9.46769164809069e-05,9.46769164809069e-05,0.000345723308489552,1.0545076263361e-07,0.000324731831876103,0.00011393912860368,0.0106742273071019,4.40799638034456e-05,0.00663927434313763,1,0.0078917
792,0.000233595315955799,0.00524767791611728,0.000136224062213697,0.000156584811941516,0.000110670750223908,9.14834967655764e-05,9.14834967655764e-05,0.000343917398772081,1.0538651517023e-07,0.000324632892927118,0.000113795415409959,0.0106674933986368,4.40246551440083e-05,0.00663510777184578,1,0.0089668
793,0.000234835101372568,0.00506541770027408,0.000135877829304294,0.000156365958491362,0.000113612434807152,8.82965303663497e-05,8.82965303663496e-05,0.000344651157634727,1.05323162092886e-07,0.000324535301766828,0.000113652065307829,0.0106607722660147,4.39694886969904e-05,0.00663094930586793,1,0.0072908
794,0.000236078892023673,0.00488350382508264,0.000135524103591524,0.000155642322044471,0.000107136543326267,8.51150544427526e-05,8.51150544427526e-05,0.000342151281110392,1.05260706275715e-07,0.000324439064040869,0.00011350907412671,0.0106540637376876,4.39144580549472e-05,0.0066267984770134,1,0.0073745
795,0.000237326250331548,0.00470292538650464,0.000135163137462693,0.000154191902678632,0.000104847424672876,8.1956317560028e-05,8.1956317560028e-05,0.000340732044442591,1.05199150354735e-07,0.000324344185017605,0.000113366441452747,0.0106473678180453,4.38595639286422e-05,0.0066226553533037,1,0.0080058
796,0.000238576743669532,0.004524052838203,0.000134795174840511,0.000152891183282554,0.00010800848639347,7.88267514391094e-05,7.88267514391094e-05,0.000341122807862715,1.05138496726927e-07,0.000324250669585935,0.000113224167487065,0.0106406845403416,4.38048090094925e-05,0.00661852015253353,1,0.0070524
797,0.000239829945051791,0.00434663702596351,0.000134420529592939,0.000151483319355896,0.000105800344924299,7.5721940085316e-05,7.5721940085316e-05,0.000339828492716052,1.05078747549784e-07,0.000324158522253825,0.000113082249439282,0.0106340137972114,4.37501896901943e-05,0.0066143926168768,1,0.0079665
798,0.00024108543610613,0.00417085686538836,0.000134039437689558,0.000150321123580751,0.000110027061122014,7.26449483465785e-05,7.26449483465785e-05,0.000340720254287002,1.05019904742707e-07,0.000324067747149738,0.000112940687836341,0.0106273556370501,4.36957093196175e-05,0.00661027301400006,1,0.0070167
799,0.000242342803757379,0.00399630847061035,0.000133652163294337,0.000149167888631684,0.000108367232207223,6.95886243882171e-05,6.95886243882171e-05,0.000339782780811209,1.04961969986499e-07,0.000323978348021129,0.0001127994797819,0.0106207099471692,4.36413641889646e-05,0.00660616107803651,1,0.0070273
800,0.000243601644308103,0.00382325882755328,0.000133258946274221,0.00014781854196899,0.000108434888975268,6.65575476617164e-05,6.65575476617164e-05,0.000339353563462739,1.04904944725403e-07,0.000323890328236895,0.000112658624383224,0.0106140767089382,4.35871544051929e-05,0.00660205683141193,1,0.006901
801,0.000244861560471558,0.00365181338322268,0.000132859989332873,0.000146447945337248,0.000109075176054556,6.35534554263018e-05,6.35534554263018e-05,0.000339139579372558,1.0484883016744e-07,0.000323803690787242,0.000112518120502164,0.0106074558920678,4.35330797004664e-05,0.00659796026817882,1,0.0068402
802,0.000246122161526964,0.00348195296944003,0.000132455487529244,0.000145149262069767,0.000110303617133823,6.05758812550761e-05,6.05758812550761e-05,0.00033918866627466,1.0479362728493e-07,0.000323718438283843,0.000112377967046365,0.0106008474683095,4.34791399537278e-05,0.00659387139347803,1,0.0076609
803,0.000247383062270081,0.0033133797967534,0.000132045532224012,0.000144483018572156,0.000116150038353954,5.76194421313403e-05,5.76194421313403e-05,0.000341093556262865,1.04739336814461e-07,0.000323634572959165,0.000112238164278952,0.0105942514732732,4.34253380881912e-05,0.00658979044342012,1,0.0067302
804,0.000248643881740373,0.00314542298572697,0.000131630297072336,0.000143961681869546,0.000115221226536353,5.46721563434716e-05,5.46721563434716e-05,0.000340829870982066,1.04685959256143e-07,0.00032355209666473,0.00011209870905597,0.0105876677817152,4.33716701621878e-05,0.00658571713347816,1,0.0072252
805,0.000249904247410857,0.00297814898162437,0.000131209850411575,0.000143580363008513,0.000118005178627886,5.17349240727327e-05,5.17349240727327e-05,0.000341921724319315,1.04633494875544e-07,0.000323471010873531,0.000111959601231634,0.0105810964097126,4.33181378969888e-05,0.00658165160860014,1,0.0069711
806,0.00025116378956304,0.00281128254868451,0.000130784241518145,0.000143379304805112,0.000119097557437186,4.88025756890664e-05,4.88025756890664e-05,0.000342545042322303,1.04581943702234e-07,0.000323391316677232,0.000111820839117334,0.0105745373003897,4.32647401681822e-05,0.0065775937977487,1,0.0077355
807,0.000252422142569882,0.00264457068030979,0.000130353436386289,0.000143712873440589,0.000124329598676473,4.58702307408743e-05,4.58702307408743e-05,0.000344892178601257,1.04531305529195e-07,0.000323313014784736,0.00011168242289862,0.0105679904853581,4.32114795867451e-05,0.0065735439138067,1,0.00743
808,0.000253678941913686,0.00247735625160577,0.000129917446537668,0.00014444265862176,0.000125945174557701,4.29257439922281e-05,4.29257439922281e-05,0.000346160286242311,1.04481579910434e-07,0.000323236105517985,0.000111544350378873,0.0105614558834885,4.31583543750015e-05,0.00656950183613655,1,0.0078961
809,0.000254933827561086,0.00230936907069032,0.000129476231791601,0.000145537431376376,0.000129493944816481,3.99635693142386e-05,3.99635693142386e-05,0.000348324213797059,1.04432766160773e-07,0.000323160588811156,0.000111406621057958,0.0105549334937724,4.31053657742693e-05,0.00656546767369007,1,0.0078904
810,0.000256186440397769,0.00214020089353685,0.000129029738456518,0.000146966380649591,0.000131548967151751,3.69754254645471e-05,3.69754254645471e-05,0.000350113840507898,1.04384863353468e-07,0.000323086464206516,0.000111269233352579,0.0105484232638143,4.30525131294623e-05,0.0065614413911474,1,0.0069073
811,0.000257436425215662,0.00196989039969322,0.000128578079970777,0.000147948418670866,0.000127575344155826,3.39605057089187e-05,3.39605057089187e-05,0.000349502642203327,1.04337870319774e-07,0.00032301373085331,0.000111132183930562,0.0105419250580984,4.2999792041419e-05,0.00655742266758969,1,0.0078698
812,0.000258683431907381,0.00179907416195927,0.000128121160173163,0.000148955719629201,0.000131245295373408,3.09280515740085e-05,3.09280515740085e-05,0.000351754501039576,1.0429178564936e-07,0.000322942387507989,0.000110995474013442,0.0105354389568466,4.29472064077113e-05,0.00655341181429271,1,0.0075319
813,0.000259927107377323,0.00162757675541376,0.000127658978201757,0.000150160774293556,0.000132009876067497,2.78720197197657e-05,2.78720197197657e-05,0.000353044918930214,1.04246607685646e-07,0.000322872432526603,0.00011085910152476,0.0105289648838221,4.28947545530736e-05,0.00654940871782129,1,0.0069537
814,0.000261167103801256,0.0014557268102546,0.000127191722916376,0.000151001221876529,0.000129702496030047,2.47938868565001e-05,2.47938868565001e-05,0.000353066033620225,1.04202334526459e-07,0.000322803863865443,0.000110723064121933,0.0105225027499133,4.28424338004402e-05,0.00654541318790802,1,0.007562
815,0.000262403078214343,0.00128425350328349,0.000126719401584354,0.000151872981561947,0.00013257434083638,2.17000032982639e-05,2.17000032982639e-05,0.000355044994658763,1.04158964024533e-07,0.000322736679081466,0.000110587362272641,0.0105160525993664,4.27902467028133e-05,0.00654142543355905,1,0.0080862
816,0.000263634686345647,0.00111337527466768,0.000126241987786901,0.000153341318632529,0.000137671355965188,1.85832629711058e-05,1.85832629711058e-05,0.00035816875171243,1.04116493784116e-07,0.000322670875326727,0.000110451995756197,0.0105096144437461,4.27381951103426e-05,0.00653744561050741,1,0.0081182
817,0.000264861585495072,0.000943493854025276,0.000125759594625805,0.00015531144629404,0.000140640567299486,1.54311458331335e-05,1.54311458331335e-05,0.000360748824204892,1.04074921159498e-07,0.00032260644934579,0.000110316962884665,0.0105031882247565,4.26862783070303e-05,0.0065334736784524,1,0.0076624
818,0.000266083439011711,0.00077641674634711,0.000125272456245676,0.000157202731980394,0.000139557591096331,1.22384978311629e-05,1.22384978311629e-05,0.000361754385406339,1.04034243256511e-07,0.000322543397477783,0.00011018226105502,0.0104967738403292,4.26344935214891e-05,0.00652950943957424,1,0.007502
819,0.000267299917761048,0.000616770673905557,0.000124780765538695,0.000158734797347957,0.000138387410821999,9.01097519978578e-06,9.01097519978578e-06,0.000362606088145724,1.03994456935117e-07,0.000322481715660156,0.000110047888920856,0.0104903712479996,4.25828397693921e-05,0.00652555283247267,1,0.0072101
820,0.000268510697381289,0.00047478110945205,0.000124284712630208,0.000159858064956021,0.000136854298823745,5.75604454766676e-06,5.75604454766676e-06,0.000363176335153788,1.03955558810329e-07,0.00032242139942989,0.000109913845028332,0.0104839804000356,4.25313157827456e-05,0.00652160377382324,1,0.0081921
821,0.000269715457012819,0.000373717177958582,0.000123784295022545,0.00016132958466465,0.000142469182901314,2.47731667890605e-06,2.47731667890605e-06,0.000366655460424347,1.03917545252401e-07,0.000322362443923607,0.000109780130766697,0.0104776013842242,4.24799259159828e-05,0.0065176626113955,1,0.006979
822,0.000270913876859101,0.00035317865321256,0.000123279896023226,0.000162611142555985,0.000138996126835963,-8.32912210313452e-07,-8.32912210313452e-07,0.000366595915007265,1.03880412385518e-07,0.000322304843875357,0.000109646741790783,0.0104712340147082,4.24286641345002e-05,0.0065137288963005,1,0.0083669
823,0.000272105648568852,0.000427212662525278,0.000122771593237699,0.000164219503011989,0.000145752774319859,-4.16872567932103e-06,-4.16872567932103e-06,0.000370650590727539,1.03844156093413e-07,0.00032224859362519,0.000109513680600102,0.0104648784321702,4.237753662625e-05,0.00650980311731852,1,0.0071044
824,0.000273290463384876,0.000561412131878023,0.000122259746790388,0.000165746873231499,0.000142509824005493,-7.54021699833629e-06,-7.54021699833629e-06,0.000370826387135433,1.03808772017301e-07,0.000322193687115842,0.000109380942531667,0.0104585344351714,4.23265369222102e-05,0.00650588479164903,1,0.0071173
825,0.000274468027316568,0.000724129479231217,0.000121744753853808,0.00016675482535341,0.000141498227612616,-1.09370303054135e-05,-1.09370303054135e-05,0.000371676113791767,1.0377425556397e-07,0.00032214011790519,0.000109248527017245,0.010452202017625,4.22756650371282e-05,0.00650197393390101,1,0.0076676
826,0.000275638050827137,0.000900732300266247,0.000121226667165837,0.000167946377390428,0.00014535946481521,-1.43547304976011e-05,-1.43547304976011e-05,0.00037450599646439,1.0374060190719e-07,0.000322087879168388,0.000109116434677928,0.0104458812303188,4.22249237347492e-05,0.00649807077021705,1,0.0073791
827,0.000276800247134701,0.00108545324325248,0.000120705761656796,0.000169321560239628,0.000146511805202796,-1.77996884769271e-05,-1.77996884769271e-05,0.000376407572245954,1.03707805988093e-07,0.000322036963698413,0.000108984663514666,0.0104395719986341,4.21743112459516e-05,0.00649417517826179,1,0.0081468
828,0.000277954337689977,0.00127571537730144,0.000120182179997433,0.000171203547328119,0.000152338762621372,-2.12759109849969e-05,-2.12759109849969e-05,0.000380415395298446,1.03675862519316e-07,0.000321987363912492,0.000108853214302538,0.0104332743806793,4.21238308573831e-05,0.00649028742486672,1,0.007537
829,0.000279100047937581,0.00147069915069746,0.000119656264463026,0.000173248722075124,0.000152088021176575,-2.4794183939747e-05,-2.4794183939747e-05,0.000382124611015084,1.03644765986432e-07,0.000321939071854337,0.000108722083789771,0.0104269882415667,4.20734787216177e-05,0.00648640722755037,1,0.007975
830,0.000280237114693844,0.00166957732214224,0.000119128249490869,0.000175388575164058,0.000155000160612792,-2.83536772425208e-05,-2.83536772425208e-05,0.000385174895211767,1.03614510654463e-07,0.000321892079204293,0.000108591272074,0.0104207136067546,4.20232565402261e-05,0.00648253473112379,1,0.0072512
831,0.000281365279948165,0.00187197138411256,0.000118598472976925,0.000177263873451706,0.00015266321687091,-3.19559840633588e-05,-3.19559840633588e-05,0.000386041475680335,1.03585090570354e-07,0.000321846377283253,0.000108460775992107,0.0104144503451746,4.19731601490982e-05,0.00647866962802535,1,0.0076012
832,0.000282484295907992,0.00207714905233802,0.000118067122108123,0.000178973809299669,0.000154375784219092,-3.55933946654119e-05,-3.55933946654119e-05,0.000388477819781097,1.03556499568989e-07,0.000321801957062087,0.000108330595870742,0.0104081984930507,4.19231912982034e-05,0.006474812066632,1,0.0079077
833,0.0002835939169594,0.00228503372305057,0.000117534235184184,0.000181006483070916,0.000158127688082566,-3.92680606360329e-05,-3.92680606360329e-05,0.000391915860692867,1.03528731273872e-07,0.000321758809162814,0.00010820073152761,0.0104019580621924,4.18733513632325e-05,0.00647096216672857,1,0.0079847
834,0.000284693901331327,0.00249593369818651,0.000116999997323013,0.000183403391988644,0.000161116634504989,-4.29877826455538e-05,-4.29877826455538e-05,0.0003952627752706,1.0350177909903e-07,0.000321716923861692,0.000108071181768778,0.0103957290157438,4.1823640061927e-05,0.00646711992017521,1,0.0080618
835,0.000285784013896156,0.00271009918420475,0.000116464633803397,0.000186046076721689,0.000163500604165128,-4.67586043289003e-05,-4.67586043289003e-05,0.000398521528029348,1.03475636252921e-07,0.000321676291095445,0.000107941945406669,0.0103895113170288,4.17740570100321e-05,0.00646328531089508,1,0.0077535
836,0.000286864026496644,0.0029276059027959,0.000115928443998476,0.000188598984414033,0.000163094668900486,-5.05830377797167e-05,-5.05830377797167e-05,0.00040063781649026,1.03450295742688e-07,0.00032163690046804,0.000107813020245489,0.0103833048806962,4.17245997861287e-05,0.00645945816505755,1,0.0084878
837,0.000287933717740758,0.00314834084153303,0.000115391437898385,0.000191453510636708,0.000168158283474657,-5.44599819960467e-05,-5.44599819960467e-05,0.000405181499949001,1.03425750378374e-07,0.000321598741257447,0.000107684407523628,0.0103771097866231,4.16752720236146e-05,0.0064556387773492,1,0.008196
838,0.000288992866736588,0.00337279039959204,0.000114853778965228,0.000194571019254593,0.000169212223007666,-5.83986276492254e-05,-5.83986276492254e-05,0.000408245228376233,1.0340199277294e-07,0.000321561802415865,0.000107556104727259,0.0103709259339395,4.16260711361152e-05,0.00645182696111072,1,0.0072986
839,0.000290041262554829,0.00360074085054871,0.000114316014272092,0.00019698873468473,0.000164045929351272,-6.23957411765019e-05,-6.23957411765019e-05,0.000408481554574466,1.03379015348877e-07,0.000321526072580246,0.000107428108007895,0.0103647531571135,4.15769912206994e-05,0.0064480222720381,1,0.0080494
840,0.000291078703861847,0.00383134884061065,0.000113778123916367,0.000199213994002907,0.000167210272243599,-6.6436977963491e-05,-6.6436977963491e-05,0.000412054989341186,1.03356810344702e-07,0.000321491540082632,0.00010730041953326,0.0103585915805798,4.15280368198233e-05,0.00644422507519898,1,0.0077381
841,0.000292104987041764,0.00406475899180934,0.000113240183672902,0.000201525756818598,0.000167823283078268,-7.0525210025707e-05,-7.0525210025707e-05,0.000414679294868039,1.03335369813323e-07,0.00032145819294789,0.000107173037297093,0.0103524411274391,4.14792057856811e-05,0.00644043521710149,1,0.0092429
842,0.000293119912747384,0.00430124774073094,0.000112702008819474,0.000204805269400916,0.000178983111796031,-7.46655421224318e-05,-7.46655421224318e-05,0.000422181032269673,1.03314685625004e-07,0.000321426018898602,0.000107045965087505,0.0103463020005945,4.14305064689629e-05,0.00643665335939127,1,0.007268
843,0.000294123280593164,0.00454188235959779,0.000112164262264696,0.000207855260421726,0.000171252151395398,-7.88768424371256e-05,-7.88768424371256e-05,0.000421787025067747,1.03294749466715e-07,0.000321395005354338,0.000106919193959637,0.0103401737876903,4.13819250890941e-05,0.00643287844507372,1,0.0080909
844,0.000295114910448934,0.00478563043479235,0.000111627246763539,0.000210397755191146,0.000173160514199923,-8.31412396937736e-05,-8.31412396937736e-05,0.000425184264286154,1.0327555285641e-07,0.000321365139454188,0.000106792726646484,0.0103340566403753,4.1333466544184e-05,0.00642911086731159,1,0.0086367
845,0.000296094618265376,0.00503262049821195,0.000111090671642629,0.000213510050372588,0.00017905393631417,-8.74611298051775e-05,-8.74611298051775e-05,0.000430552135482486,1.03257087140563e-07,0.000321336408053247,0.000106666564100324,0.0103279506244136,4.12851339756187e-05,0.006425350883463,1,0.0075279
846,0.000297062221853096,0.00528334375520593,0.000110555066183669,0.000216372900311708,0.000174684075178233,-9.18452148539473e-05,-9.18452148539472e-05,0.000431628486271243,1.03239343495778e-07,0.000321308797725456,0.000106540700907712,0.0103218554973276,4.1236919162292e-05,0.00642159786675341,1,0.0078496
847,0.000298017552517119,0.00553709445422652,0.000110020703193034,0.000218818613998513,0.000175247551453125,-9.62812730573859e-05,-9.62812730573859e-05,0.00043457070627216,1.0322231293865e-07,0.000321282294779295,0.000106415137921633,0.0103157713197624,4.11888239081778e-05,0.00641785196994897,1,0.007695
848,0.000298960442652965,0.00579368142527722,0.000109487643831218,0.000221170065819695,0.000175606959172813,-0.000100766059446755,-0.000100766059446755,0.000437428745780262,1.03205986327014e-07,0.000321256885260088,0.000106289874013597,0.0103096980563738,4.1140847040973e-05,0.00641411311413924,1,0.0080869
849,0.000299890728325223,0.00605310496617482,0.000108955940330854,0.000223783011634165,0.000179462793426932,-0.000105299659313829,-0.000105299659313829,0.000441874170933384,1.03190354363066e-07,0.000321232554955232,0.000106164909795422,0.0103036357561505,4.10929906181381e-05,0.00641038147212302,1,0.0084079
850,0.000300808246848987,0.00631589965127917,0.000108425633252475,0.000227008725253469,0.000184431164960706,-0.000109891472952484,-0.000109891472952484,0.000447147518591173,1.03175407594842e-07,0.000321209289396869,0.000106040245126138,0.01029758443161,4.10452557560926e-05,0.00640665714363525,1,0.0082967
851,0.000301712839572372,0.00658271934643471,0.000107897014676422,0.0002306161745893,0.000186402828865069,-0.000114552969536774,-0.000114552969536774,0.000451444325535428,1.03161136419716e-07,0.000321187073867732,0.000105915877977904,0.0102915440035936,4.09976402554708e-05,0.00640293996969133,1,0.0085681
852,0.000302604355009746,0.00685385929556557,0.000107370303070254,0.000234516980236611,0.000189449655034397,-0.000119289347862761,-0.000119289347862761,0.000456395316277219,1.03147531090198e-07,0.000321165893410552,0.000105791808046808,0.0102855144765251,4.09501445943044e-05,0.00639923000010973,1,0.0084744
853,0.000303482645581477,0.00712965560858645,0.000106845719128128,0.00023859171936761,0.000190396304293308,-0.000124106512551236,-0.000124106512551236,0.000460628694792075,1.03134581717489e-07,0.000321145732834003,0.000105668033569373,0.0102794957838103,4.09027667465222e-05,0.00639552708903044,1,0.0084308
854,0.000304347569710263,0.00741015563967668,0.000106323530194777,0.000242622683359787,0.000190547766285193,-0.000129005323486808,-0.000129005323486808,0.00046457832532074,1.03122278276589e-07,0.000321126576721063,0.000105544553240861,0.0102734878809906,4.08555051368512e-05,0.00639183112549536,1,0.0085033
855,0.000305198990506297,0.00769528855522979,0.000105803897941188,0.00024662988146884,0.000191278399113455,-0.000133984575530377,-0.000133984575530377,0.000468821164955056,1.03110610610541e-07,0.000321108409436036,0.000105421366387111,0.0102674907541771,4.08083591583503e-05,0.00638814207405802,1,0.0081795
856,0.00030603677501183,0.00798497697366874,0.000105287103491689,0.000250403331050336,0.000189438526452212,-0.000139042947683521,-0.000139042947683521,0.000471969308890274,1.03099568434197e-07,0.000321091215130836,0.000105298470813094,0.0102615043153085,4.07613254721849e-05,0.00638445968521886,1,0.0080349
857,0.0003068607968073,0.00827880755715133,0.000104773426081029,0.000253789390259925,0.000187752267333445,-0.000144173255824498,-0.000144173255824498,0.000475056897684461,1.03089141339895e-07,0.000321074977754254,0.000105175865455151,0.0102555285312436,4.07144023050866e-05,0.00638078383155915,1,0.0086533
858,0.00030767093268787,0.00857655976044143,0.000104262785600437,0.000257423747142883,0.000191964482481955,-0.000149371679283306,-0.000149371679283306,0.000480683199099654,1.03079318800828e-07,0.000321059681057632,0.000105053552157812,0.0102495635105995,4.06675932059043e-05,0.00637711480262856,1,0.0079182
859,0.00030846706007295,0.00887861656009737,0.000103755569877368,0.000260983228402806,0.000188969690791906,-0.000154644925379088,-0.000154644925379088,0.000483478929229284,1.03070090172597e-07,0.000321045308597707,0.000104931526779136,0.0102436090700073,4.06208916576275e-05,0.00637345209895136,1,0.0094181
860,0.000309249065092917,0.00918487630982973,0.000103251658083929,0.000265237125681937,0.000198618157182155,-0.000159991243124935,-0.000159991243124935,0.000491725446523428,1.03061444700606e-07,0.00032103184374857,0.000104809794531619,0.0102376654825023,4.05743069005763e-05,0.00636979645676189,1,0.0075685
861,0.000310016831826975,0.00949628986498967,0.000102751753983434,0.000269240587376993,0.000189636688640205,-0.000165427240910176,-0.000165427240910176,0.000492535460243985,1.03053371519788e-07,0.000321019269701662,0.000104688345979526,0.0102317323058965,4.05278238056182e-05,0.00636614669997623,1,0.0084713
862,0.000310770263843736,0.00981183024527495,0.000102256228583564,0.000272809329650422,0.000191428359567728,-0.000170935017534291,-0.00017093501753429,0.00049742373535046,1.03045859669869e-07,0.000321007569489987,0.00010456718482453,0.0102258097393082,4.0481447903166e-05,0.00636250327333244,1,0.0082059
863,0.000311509262742954,0.0101315850008449,0.000101765074160836,0.000276491858563714,0.000190966047717689,-0.000176516115724112,-0.000176516115724112,0.000501576124139287,1.03038898095251e-07,0.000320996725988368,0.000104446309266921,0.010219897713134,4.04351764214164e-05,0.00635886596976351,1,0.0088797
864,0.00031223373568405,0.0104557044256339,0.000101278392495122,0.000280638131368433,0.000195580775745804,-0.000182173171509703,-0.000182173171509703,0.000507994222457892,1.03032475650348e-07,0.000320986721922182,0.00010432572101329,0.0102139963292186,4.03890124927193e-05,0.00635523504622129,1,0.0079989
865,0.000312943593307459,0.0107847259325519,0.000100796736729271,0.000284710042759765,0.000191083726001665,-0.000187915573139463,-0.000187915573139463,0.000510976145326918,1.0302658110346e-07,0.000320977539873836,0.000104205415089138,0.0102081053623646,4.03429480878649e-05,0.00635160988158631,1,0.0079892
866,0.000313638760371001,0.0111180835149565,0.00010032063405191,0.00028826936958917,0.000188354135774653,-0.000193733457733103,-0.000193733457733103,0.000514455356010338,1.03021203148384e-07,0.000320969162301277,0.000104085391127503,0.0102022248126329,4.02969820104473e-05,0.00634799039148984,1,0.0083903
867,0.000314319166403974,0.0114554761727623,9.98500631976529e-05,0.000291937681136913,0.000190006788604238,-0.000199621584924259,-0.000199621584924259,0.000519683632257922,1.03016330409307e-07,0.000320961571546045,0.000103965650273927,0.0101963547542211,4.0251116021206e-05,0.00634437672440769,1,0.0081214
868,0.00031498474357491,0.0117971854717721,9.93853159739196e-05,0.000295730176497679,0.000188718817419362,-0.000205584876610487,-0.000205584876610487,0.000523983451492256,1.03011951444187e-07,0.000320954749838956,0.000103846190490959,0.010190495105291,4.02053467855627e-05,0.00634076862734816,1,0.0078171
869,0.000315635433691509,0.0121431084372673,9.89269180103349e-05,0.000299254089922622,0.000185448337626157,-0.000211621545892271,-0.000211621545892271,0.000527516582814054,1.03008054753229e-07,0.000320948679313732,0.00010372700991933,0.0101846457925315,4.01596709079776e-05,0.00633716584191842,1,0.0072141
870,0.00031627118869988,0.0124927251321507,9.84754189525175e-05,0.000302104272794687,0.000179470375486053,-0.000217722531498765,-0.000217722531498765,0.000529851457423434,1.03004628787767e-07,0.000320943342021247,0.000103608106163752,0.0101788067161015,4.01140837703947e-05,0.00633356801261301,1,0.0075708
871,0.000316891969170427,0.0128453543956572,9.80308952057521e-05,0.000304764926277445,0.000179096288991013,-0.000223875959651565,-0.000223875959651565,0.000534088518074544,1.03001661958073e-07,0.0003209387199421,0.000103489480611951,0.0101729779618336,4.00685872211589e-05,0.00632997529388219,1,0.0079759
872,0.000317497736879577,0.0132012241604296,9.75932743557782e-05,0.000307961443312169,0.000181744636053989,-0.0002300858153923,-0.0002300858153923,0.000539710114487572,1.02999142635786e-07,0.000320934794990799,0.000103371134059653,0.0101671595866128,4.00231826429749e-05,0.0063263878037135,1,0.0082461
873,0.000318088457389139,0.0135611117099198,9.71627748054138e-05,0.000311895370395928,0.000184207309806803,-0.000236365665857718,-0.000236365665857718,0.000545758383035272,1.02997059158224e-07,0.000320931549022879,0.000103253066153757,0.0101613515908937,3.99778696808975e-05,0.00632280552293817,1,0.0075811
874,0.000318664105313567,0.0139255999991229,9.6740153817728e-05,0.000315847986554536,0.000179672253826866,-0.000242725685634326,-0.000242725685634326,0.000549563153978402,1.0299539983655e-07,0.000320928963847999,0.000103135273194382,0.0101555538103238,3.99326423946067e-05,0.00631922799039619,1,0.0077241
875,0.000319224669123254,0.0142943990859069,9.63258782097541e-05,0.000319608720512631,0.000177070480298368,-0.000249160819443262,-0.000249160819443262,0.000554011898472467,1.02994152967454e-07,0.000320927021248529,0.000103017755086942,0.0101497662577491,3.98875002875053e-05,0.00631565517484175,1,0.0077366
876,0.000319770142853589,0.0146674382019764,9.59201427698036e-05,0.000323393642884319,0.000174759840775684,-0.000255669834498207,-0.000255669834498207,0.000558669449748025,1.02993306838793e-07,0.000320925702988703,0.00010290051120163,0.0101439889196327,3.98424422236951e-05,0.00631208699430664,1,0.0069656
877,0.000320300527975802,0.0150445671545781,9.55235760847693e-05,0.000326701381746334,0.000167476414434019,-0.000262250113429729,-0.000262250113429729,0.000561645908449386,1.02992849736607e-07,0.000320924990825904,0.000102783538493449,0.0101382216632627,3.97974631654932e-05,0.00630852305737985,1,0.0086814
878,0.000320815833833944,0.0154254782623231,9.51357954170693e-05,0.000330658883213495,0.000173000117906527,-0.000268896293261989,-0.000268896293261989,0.000568964202953328,1.0299276995244e-07,0.000320924866522431,0.000102666841661752,0.0101324647377503,3.97525705095558e-05,0.00630496395783163,1,0.0086313
879,0.000321316063706845,0.0158114800957724,9.47568754256001e-05,0.000335627267635924,0.000173400646071651,-0.000275631206584137,-0.000275631206584137,0.000575405565033238,1.02993055780476e-07,0.000320925311841364,0.000102550418737865,0.0101267180635122,3.97077616426963e-05,0.00630140949650919,1,0.0085399
880,0.000321801231479497,0.0162032760091471,9.43876348165637e-05,0.000340853273004349,0.000169607310822874,-0.000282467127236785,-0.000282467127236785,0.000580851774227019,1.02993695526842e-07,0.000320926308561392,0.000102434267567462,0.0101209815515819,3.96630335389241e-05,0.0062978594410263,1,0.0114576
881,0.000322271358649068,0.0166013105819799,9.40276705166175e-05,0.000347427954967702,0.00018150221005678,-0.000289411812614659,-0.000289411812614659,0.000591863918990704,1.02994677516715e-07,0.000320927838488211,0.000102318394735829,0.0101152555447615,3.96183959421843e-05,0.00629431457286528,1,0.0080746
882,0.000322726460609223,0.0170073662567335,9.36782613692434e-05,0.000353954902125455,0.000162679772159072,-0.000296496357096387,-0.000296496357096387,0.00059395918138403,1.02995990091387e-07,0.000320929883450244,0.000102202787471399,0.010109539429242,3.95738311772903e-05,0.00629077349594549,1,0.0082751
883,0.000323166587578041,0.0174195915522074,9.33409566236621e-05,0.00035861963782375,0.000149346084204209,-0.000303688459620588,-0.000303688459620588,0.000597072228330135,1.02997621635255e-07,0.000320932425340998,0.000102087446257101,0.0101038332457093,3.95293392246642e-05,0.00628723621511585,1,0.0084736
884,0.000323591791726376,0.0178364138587934,9.30153749008803e-05,0.000362385673668839,0.000140526475872645,-0.00031096068769898,-0.00031096068769898,0.000601119661521757,1.02999560578736e-07,0.000320935446123884,0.000101972371481751,0.0100981370302522,3.94849208702384e-05,0.00628370279932449,1,0.0083136
885,0.000324002122110852,0.0182570788158496,9.27015682675804e-05,0.000365609024059059,0.000131752621271862,-0.000318299891317153,-0.000318299891317153,0.000605090925635652,1.03001795397441e-07,0.000320938927831201,0.000101857562175024,0.0100924507516769,3.94405752981554e-05,0.00628017319014017,1,0.0084923
886,0.000324397630535654,0.018681018387112,9.23997611224652e-05,0.000368461562204564,0.000124149748895599,-0.000325696177091217,-0.000325696177091217,0.000609306281885608,1.03004314615612e-07,0.000320942852569756,0.000101743017809301,0.0100867744006348,3.93963026387909e-05,0.0062766474043705,1,0.0081048
887,0.000324778372422505,0.0191078213112318,9.21104342537798e-05,0.000370860348943678,0.000114325036979484,-0.000333142388129204,-0.000333142388129204,0.000613018308967725,1.03007106810176e-07,0.000320947202527418,0.000101628736832568,0.0100811079169191,3.93521017033075e-05,0.00627312535370588,1,0.0078475
888,0.000325144411466887,0.019536833300572,9.18341828777862e-05,0.000372648300902026,0.00010385858245297,-0.000340627125625659,-0.000340627125625659,0.000616501854374766,1.03010160618169e-07,0.000320951959984931,0.000101514718068721,0.0100754512588132,3.93079721904896e-05,0.00626960702041919,1,0.0083289
889,0.000325495817326378,0.0199674321552998,9.15712351290978e-05,0.000374105980053995,9.57516856317101e-05,-0.00034813954804136,-0.00034813954804136,0.000620408695548552,1.03013464742442e-07,0.000320957107325016,0.000101400961250815,0.010069804429621,3.92639155112189e-05,0.00626609252335288,1,0.0081806
890,0.000325832662205135,0.0203993454768114,9.13220323905534e-05,0.000375301425182022,8.60723485573697e-05,-0.000355674915279991,-0.000355674915279991,0.000624121540381737,1.03017007954821e-07,0.000320962627037512,0.000101287465258058,0.0100641673902046,3.9219931973244e-05,0.00626258189353592,1,0.0078926
891,0.000326155026920301,0.0208321430530529,9.10873237186068e-05,0.000376027594232665,7.47803856835805e-05,-0.000363225731502936,-0.000363225731502936,0.00062758280293878,1.03020779103677e-07,0.000320968501731364,0.000101174228888716,0.0100585400972863,3.91760221380288e-05,0.00625907518232756,1,0.0082002
892,0.000326463000909672,0.0212652470001279,9.08675874944525e-05,0.000376324462601022,6.41328794126038e-05,-0.000370781921999352,-0.000370781921999352,0.000631125504601898,1.03024767121456e-07,0.000320974714146545,0.000101061251411713,0.010052922530872,3.91321876718073e-05,0.00625557252949778,1,0.0081648
893,0.000326756678254766,0.021698196084565,9.06633298465502e-05,0.000376211700019657,5.24918391069315e-05,-0.000378335446916012,-0.000378335446916012,0.000634584786995125,1.03028961029253e-07,0.000320981247161346,0.000100948531866854,0.0100473146594925,3.90884301731083e-05,0.00625207406970745,1,0.0076947
894,0.000327036160925067,0.0221304269692141,9.04753558010665e-05,0.00037552170279085,3.91735182774654e-05,-0.000385876483672831,-0.000385876483672831,0.000637869658962257,1.03033349943709e-07,0.000320988083803291,0.000100836069166445,0.0100417164452321,3.90447514720913e-05,0.00624857995644541,1,0.0086194
895,0.000327301558843692,0.0225612478324656,9.03039675978917e-05,0.000374331766339865,2.6902034241325e-05,-0.000393392966694606,-0.000393392966694606,0.000641235051483853,1.03037923083907e-07,0.000320995207260027,0.000100723862589043,0.0100361278683087,3.90011544015702e-05,0.00624509042381055,1,0.0095326
896,0.000327552981158955,0.0229901457540509,9.01493351999212e-05,0.000372714169812517,1.40326034155449e-05,-0.000400875956531266,-0.000400875956531266,0.000644620188513599,1.03042669771834e-07,0.00032100260088017,0.000100611911330782,0.01003054890476,3.89576418754578e-05,0.00624160571291217,1,0.0073615
897,0.000327790542840299,0.0234165156823498,9.00129498554255e-05,0.000370399063167654,3.57219608086541e-06,-0.000408314905806506,-0.000408314905806506,0.000647911293547491,1.03047579437613e-07,0.000321010248181601,0.000100500214427453,0.0100249795225453,3.89142169942241e-05,0.00623812608034048,1,0.0073576
898,0.000328014379559685,0.023839409690561,8.98958455945106e-05,0.000367263446010313,1.85520779382661e-05,-0.00041569326957358,-0.00041569326957358,0.00065116872713733,1.03052641635564e-07,0.000321018132876578,0.000100388771004606,0.0100194196940045,3.88708837021111e-05,0.00623465185091446,1,0.0080683
899,0.000328224627265652,0.0242578975936439,8.97979213117976e-05,0.000363323617742553,3.5196400094982e-05,-0.00042299481730268,-0.00042299481730268,0.000654437689501997,1.03057846045251e-07,0.000321026238873477,0.000100277580256758,0.0100138693948323,3.88276463768365e-05,0.00623118338494676,1,0.0077987
900,0.000328421417973322,0.024671031374349,8.97195672780688e-05,0.00035857239016612,5.2300801933288e-05,-0.000430203017534936,-0.000430203017534936,0.000657744734592501,1.03063182469404e-07,0.00032103455027365,0.000100166641421068,0.0100083286027722,3.87845098635254e-05,0.00622772108106371,1,0.0079339
901,0.000328604887510512,0.0250778487738242,8.96613916275095e-05,0.000352955570584492,7.0459613655039e-05,-0.000437301089315056,-0.000437301089315056,0.000661162587657483,1.03068640837469e-07,0.000321043051377022,0.000100055953845648,0.0100027973010378,3.87414795145833e-05,0.00622426537951133,1,0.0079165
902,0.000328775173693613,0.0254772987549014,8.96239671061724e-05,0.00034640482310934,8.93941503308466e-05,-0.000444270702521621,-0.000444270702521621,0.000664709068069359,1.03074211207757e-07,0.000321051726685525,9.99455169102817e-05,0.00999727547436209,3.86985611655946e-05,0.00622081676032935,1,0.0089459
903,0.000328932415115825,0.0258681667618792,8.96076107838606e-05,0.00033856651266267,0.000112081664324307,-0.000451090675163357,-0.000451090675163357,0.000668770557203571,1.03079883768672e-07,0.000321060560905061,9.98353305726825e-05,0.00999176313633798,3.86557619151112e-05,0.00621737580616704,1,0.0079663
904,0.000329076748373047,0.0262489063873597,8.96131978505022e-05,0.000329626928174819,0.000131138131709405,-0.000457734040693936,-0.000457734040693936,0.000672351176539746,1.03085648837866e-07,0.000321069538944239,9.97253933221647e-05,0.00998626022704019,3.86130878490001e-05,0.00621394301945231,1,0.0081175
905,0.000329208317416524,0.026618435413281,8.96415708201477e-05,0.000319719473644803,0.000152146907191469,-0.000464181916781214,-0.000464181916781214,0.000676473882377496,1.03091496868162e-07,0.000321078645923647,9.96157051714369e-05,0.009980766762701,3.85705464155591e-05,0.00621051901338037,1,0.008414
906,0.000329327264694193,0.0269754607402203,8.96931168377163e-05,0.000308517775114111,0.000175662487142677,-0.000470411744268873,-0.000470411744268873,0.000681325514892298,1.03097418446973e-07,0.000321087867174974,9.95062664289268e-05,0.00997528277438423,3.85281460763211e-05,0.00620710448408283,1,0.009178
907,0.00032943372823424,0.0273182402448681,8.97681678973814e-05,0.000295491415436809,0.000203597074293666,-0.000476393137356368,-0.000476393137356368,0.000687519921489046,1.03103404293557e-07,0.000321097188236766,9.93970783552923e-05,0.00996980834095081,3.84858973908614e-05,0.00620370029827856,1,0.0083625
908,0.000329527841967848,0.0276446511617724,8.98675335180516e-05,0.000281034226473114,0.000225017063501366,-0.000482089074038683,-0.000482089074038683,0.000692152053053705,1.03109445256485e-07,0.000321106594850503,9.9288137822373e-05,0.00996434332118143,3.84438064811565e-05,0.00620030696668774,1,0.0077603
909,0.000329609743244229,0.0279535747945782,8.999214264501e-05,0.000265957139323996,0.000243891880055941,-0.000487480031051035,-0.000487480031051035,0.000696409637696406,1.03115532316534e-07,0.000321116072965111,9.91794434863566e-05,0.00995888766310558,3.84018795114204e-05,0.00619692500450186,1,0.0072918
910,0.000329679568088025,0.0282444643494467,9.01425177180306e-05,0.000250485708053895,0.000262902394981388,-0.000492556453213666,-0.000492556453213666,0.000701201487315716,1.03121656586093e-07,0.000321125608736041,9.90709953984879e-05,0.00995344138469142,3.8360123100596e-05,0.00619355496468676,1,0.0077688
911,0.000329737445297832,0.0285165631854079,9.03187653042689e-05,0.000233802644838574,0.0002897405482834,-0.0004973051273236,-0.0004973051273236,0.000709373453707332,1.03127809304255e-07,0.000321135188517631,9.89627980497484e-05,0.00994800472706705,3.83185496131742e-05,0.00619019786543001,1,0.0072097
912,0.000329783492374477,0.0287682306979991,9.05212007234122e-05,0.00021591704034641,0.000312500014455376,-0.000501697429877268,-0.000501697429877268,0.000716472207468603,1.03133981828968e-07,0.000321144798850873,9.88548490742816e-05,0.00994257758703857,3.82771643477235e-05,0.00618685415600881,1,0.0073314
913,0.000329817819507922,0.0289981957636795,9.075012398044e-05,0.000196739615493858,0.000338968096431243,-0.000505711176611356,-0.000505711176611356,0.000725791016682775,1.03140165632074e-07,0.000321154426455676,9.87471512906295e-05,0.00993716012201824,3.82359775431962e-05,0.00618352468606669,1,0.0067535
914,0.000329840526521501,0.0292049779524248,9.10058597412371e-05,0.000176587444678028,0.000361058124487802,-0.000509320533836899,-0.000509320533836899,0.000733785046688005,1.03146352292144e-07,0.000321164058219696,9.8639701935273e-05,0.00993175220871287,3.81949925864057e-05,0.00618020975262213,1,0.0067693
915,0.000329851703629609,0.029387550067102,9.1288598033733e-05,0.000155334537230632,0.00038697453134702,-0.000512507569276011,-0.000512507569276011,0.000744372234868135,1.03152533487877e-07,0.00032117368118804,9.8532504545206e-05,0.00992635404089568,3.81542187242779e-05,0.00617691012758627,1,0.0069363
916,0.000329851427426525,0.0295442618557045,9.15983786678398e-05,0.000132284108721713,0.000417033267340368,-0.000515243488500516,-0.000515243488500516,0.00075795610558413,1.03158700988627e-07,0.000321183282548496,9.8425563489434e-05,0.00992096585466526,3.81136672091332e-05,0.00617362674682664,1,0.0080547
917,0.00032983975911594,0.0296722857728092,9.19351058829601e-05,0.000105684592361395,0.000460736483469433,-0.000517478971431728,-0.000517478971431728,0.000780315587181617,1.03164846643703e-07,0.000321192849614843,9.83188931829194e-05,0.00991558839317765,3.80733635219059e-05,0.00617036170105983,1,0.0079361
918,0.000329816743676349,0.0297671435948724,9.22990238059501e-05,7.56439591821244e-05,0.000495600230524469,-0.000519135918759517,-0.000519135918759517,0.000799097027293114,1.03170962371117e-07,0.00032120236980931,9.82124875869239e-05,0.00991022136921895,3.80333131434482e-05,0.00616711546376815,1,0.007611
919,0.000329782416378985,0.029825735938929,9.26906040113561e-05,4.3736186201277e-05,0.000521758032076757,-0.000520160270642833,-0.000520160270642833,0.000813923942727243,1.03177040151075e-07,0.000321211830652414,9.81063395832216e-05,0.00990486444042631,3.79935161034075e-05,0.00616388806707321,1,0.0069784
920,0.000329736803075286,0.0298466990228584,9.31102281171202e-05,1.18869339426898e-05,0.000539384000745329,-0.000520528228401318,-0.000520528228401318,0.000824519994381119,1.03183072019718e-07,0.000321221219753175,9.80004412067411e-05,0.0098995172208922,3.79539659612961e-05,0.00616067901787588,1,0.0074214
921,0.000329679917867536,0.0298295005320326,9.3557925657601e-05,2.29267537909781e-05,0.00056913964151527,-0.000520230489710727,-0.000520230489710727,0.000844355261639855,1.03189050061222e-07,0.000321230524796791,9.78948087361669e-05,0.00989418054899782,3.7914680886789e-05,0.0061574898202749,1,0.0069168
922,0.000329611759228876,0.0297723280520158,9.40337511724267e-05,5.75395421584032e-05,0.000590839658616533,-0.000519235429580434,-0.000519235429580434,0.000860173736120077,1.03194966397188e-07,0.000321239733528074,9.77894346473601e-05,0.00988885406138447,3.78756548090354e-05,0.00615432001191321,1,0.0068726
923,0.000329532312816112,0.029674197459175,9.45377051808036e-05,9.32797347171921e-05,0.000615083084850312,-0.000517525858887424,-0.000517525858887424,0.000879085056994631,1.03200813178112e-07,0.000321248833738135,9.76843245237307e-05,0.00988353805697791,3.78368923646061e-05,0.00615116999965097,1,0.0070249
924,0.00032944154946012,0.0295336312160348,9.50696117706742e-05,0.000130790473637173,0.000644144246041659,-0.000515075981835977,-0.000515075981835977,0.00090293743526681,1.03206582573494e-07,0.000321257813248944,9.75794879127873e-05,0.00987823303596282,3.7798403486026e-05,0.00614804062169615,1,0.0067673
925,0.000329339424792892,0.0293485945616797,9.56292872750349e-05,0.000169790199778191,0.000667978074927417,-0.000511850284992121,-0.000511850284992121,0.000924668593079498,1.03212266761763e-07,0.000321266659897605,9.74749209118081e-05,0.00987293881839688,3.77601833873043e-05,0.00614493152014766,1,0.0072223
926,0.000329225880017539,0.029117230196374,9.62163997185051e-05,0.000211142448188435,0.000701351019989655,-0.000507816348244816,-0.000507816348244816,0.000955186002601237,1.03217857920847e-07,0.000321275361521619,9.7370641710283e-05,0.00986765634334126,3.7722250449681e-05,0.00614184422219263,1,0.0074537
927,0.000329100840479455,0.0288362920050048,9.68305704856409e-05,0.000255549612301205,0.000734910981013435,-0.000502917536220338,-0.000502917536220338,0.000988120604490919,1.03223348217809e-07,0.000321283905942717,9.72666565329569e-05,0.00986238594524453,3.76846135400416e-05,0.00613877948292994,1,0.0080503
928,0.000328964217121522,0.0285020423813628,9.74714080016526e-05,0.000303732072961798,0.000774296351495974,-0.000497088643756527,-0.000497088643756527,0.00102808905565807,1.03228729799628e-07,0.00032129228095245,9.7162982298661e-05,0.00985712850168146,3.76472939090281e-05,0.00613573906787341,1,0.0068995
929,0.000328815908046805,0.0281111555397296,9.81386770234057e-05,0.000352418748085663,0.000779610903522846,-0.000490271646555129,-0.000490271646555129,0.00104425246573992,1.03233994785188e-07,0.000321300474299662,9.70595673157908e-05,0.00985188140995367,3.76102367637299e-05,0.0061327185459411,1,0.0074795
930,0.000328655801833504,0.0276641582558777,9.88319289199377e-05,0.000401603132935622,0.000803081163503464,-0.000482475695946505,-0.000482475695946505,0.00107570081847741,1.03239135259697e-07,0.000321308473681752,9.69564464178715e-05,0.00984664645541168,3.75734666954542e-05,0.00612971995244923,1,0.0074377
931,0.000328483773725764,0.0271595149379328,9.95505881373814e-05,0.000452260677118425,0.000823446237634273,-0.000473673979907829,-0.000473673979907829,0.00110684827375594,1.03244143266509e-07,0.000321316266731874,9.6853620066296e-05,0.00984142368086529,3.75369790645018e-05,0.00612674294095173,1,0.0074396
932,0.000328299687810798,0.0265958020814381,0.000100294081785591,0.000504008144218513,0.000841200059707451,-0.00046384163306179,-0.00046384163306179,0.00113795800215802,1.03249010800575e-07,0.000321323841008686,9.67510893027213e-05,0.00983621315866636,3.75007678923214e-05,0.00612378705478248,1,0.0077107
933,0.000328103398007976,0.0259717093566991,0.000101061741858818,0.000557257128758507,0.000862726239990663,-0.000452955755042339,-0.000452955755042339,0.00117395522954167,1.03253729802702e-07,0.000321331183987334,9.66488675252061e-05,0.00983101558971432,3.74648399975265e-05,0.00612085288154572,1,0.0077409
934,0.000327894748670206,0.0252854391394818,0.000101852841854976,0.000611887595678705,0.000879396990944611,-0.000440984940791367,-0.000440984940791367,0.00120846706945621,1.03258292154311e-07,0.000321338283051227,9.65469526698878e-05,0.00982583088954251,3.74291869692024e-05,0.00611793976508452,1,0.0076843
935,0.000327673576094845,0.0245358703666182,0.000102666599652839,0.000667088090877924,0.000889999097143948,-0.000427909574558072,-0.000427909574558072,0.00124032162176756,1.03262689673366e-07,0.000321345125485615,9.64453392421397e-05,0.00982065879878431,3.73937939261904e-05,0.0061150465187266,1,0.0072787
936,0.000327439709624951,0.0237231173697938,0.000103502156590432,0.000721297299871068,0.000888439043022544,-0.000413731573642551,-0.000413731573642551,0.00126449899080048,1.0326691411115e-07,0.000321351698472483,9.63440076379256e-05,0.00981549833874601,3.73586261190417e-05,0.00611217032804565,1,0.0073894
937,0.00032719297240205,0.0228486826107251,0.000104358517958563,0.000774585670320598,0.000892767119785175,-0.00039847704933571,-0.00039847704933571,0.00129382815790556,1.03270957149654e-07,0.000321357989086398,9.62429724017082e-05,0.00981035026906319,3.73236815581134e-05,0.00610931105429355,1,0.0067539
938,0.00032693318146431,0.0219138795355837,0.000105234592520368,0.000825766583510754,0.000881939533934388,-0.000382168799280436,-0.000382168799280436,0.0013129928484523,1.03274810399113e-07,0.000321363984290575,9.61422058535401e-05,0.00980521319776068,3.72889123971588e-05,0.00610646480356341,1,0.0077496
939,0.000326660148673943,0.0209205716891667,0.000106129134593596,0.000877622949051563,0.000902042820128066,-0.000364839189867183,-0.000364839189867183,0.0013546938914467,1.03278465396272e-07,0.000321369670934069,9.60417724027265e-05,0.00980009042829333,3.72543724682509e-05,0.006103636003912,1,0.0068967
940,0.000326373680764514,0.019867497126925,0.000107040862756019,0.000928813091073415,0.000891135568727122,-0.000346466047730587,-0.000346466047730587,0.00137660150172411,1.03281913602761e-07,0.00032137503574914,9.59416162955901e-05,0.00979497913706763,3.72199915482899e-05,0.00610081892439776,1,0.007775
941,0.000326073581585832,0.0187560901787266,0.000107968421881156,0.000980323270449035,0.000904888890024093,-0.000327074174697017,-0.000327074174697017,0.00141598037436669,1.03285146405105e-07,0.000321380065351143,9.58417899237782e-05,0.00978988201786815,3.7185812271141e-05,0.00609801707698011,1,0.0073013
942,0.000325759652521361,0.0175854013225488,0.000108910424016026,0.00103154136990186,0.000896716454110638,-0.000306646732843419,-0.000306646732843419,0.0014423455378765,1.0328815511509e-07,0.000321384746238974,9.57422554977982e-05,0.0097847971618117,3.71517846824605e-05,0.00609522638484088,1,0.0076311
943,0.000325431694260928,0.0163567158726186,0.000109865483928597,0.00108195625643295,0.000895058813896488,-0.000285205762681429,-0.000285205762681429,0.00147351071731228,1.03290930971415e-07,0.000321389064797504,9.56430285395122e-05,0.00977972538160005,3.7117912448242e-05,0.00609244716417319,1,0.0073915
944,0.00032508950801071,0.0150709751029319,0.000110832223759764,0.00113095503599819,0.000881811916894631,-0.000262767152982235,-0.000262767152982235,0.00149793443841933,1.03293465142227e-07,0.000321393007301384,9.55440886868027e-05,0.00977466565601109,3.70841610318452e-05,0.00608967659501268,1,0.0071696
945,0.000324732896872623,0.0137307096481619,0.000111809289359973,0.0011772344453767,0.000861891224589349,-0.000239374276393534,-0.000239374276393534,0.00151793295086207,1.0329574872865e-07,0.000321396559920372,9.54454220537409e-05,0.00976961729310523,3.70504991451653e-05,0.00608691211906047,1,0.0076263
946,0.000324361667263252,0.0123388331649383,0.000112795346624115,0.00122207482457535,0.000855006611201861,-0.000215076796751035,-0.000215076796751035,0.00154557869163493,1.03297772769306e-07,0.000321399708726231,9.53470535457475e-05,0.00976458158580016,3.70169424219258e-05,0.00608415502941253,1,0.0082636
947,0.000323975630673478,0.010895966117341,0.000113789120247934,0.00126749652890261,0.000857449133511148,-0.000189883674124758,-0.000189883674124758,0.00157982260189418,1.03299528246076e-07,0.000321402439701499,9.52490058011939e-05,0.00975955971349086,3.69835119400521e-05,0.00608140706909611,1,0.0080682
948,0.000323574605471497,0.00940176771700109,0.000114789424073374,0.00131223555919328,0.000840342750982125,-0.000163785757960611,-0.000163785757960611,0.00160403907641423,1.03301006091076e-07,0.000321404738750187,9.51512462395456e-05,0.00975455002752795,3.6950165957644e-05,0.0060786648170173,1,0.0076723
949,0.000323158418124897,0.00785906105227593,0.000115795147019429,0.00135339169085351,0.000806629002730979,-0.000136826382583166,-0.000136826382583166,0.00161832442439103,1.03302197194462e-07,0.000321406591709726,9.50537412107817e-05,0.00974955082097538,3.69168539126899e-05,0.00607592412005696,1,0.0085235
950,0.000322726904959259,0.00627267682405578,0.000116805261011679,0.00139246731622485,0.000795348437789457,-0.000109077618253295,-0.000109077618253295,0.00164357114539802,1.03303092413399e-07,0.000321407984364731,9.49565281422545e-05,0.00974456403038404,3.68836122535065e-05,0.00607318798107769,1,0.0080401
951,0.000322279914578617,0.00464612767890873,0.000117818808507542,0.0014288721039624,0.000761741581344934,-8.05705736386386e-05,-8.05705736386386e-05,0.00165718042647043,1.03303682582619e-07,0.000321408902463231,9.48595667530049e-05,0.00973958760692695,3.68503862096856e-05,0.00607045189501454,1,0.0074393
952,0.000321817307644496,0.00299001868680228,0.000118834883748366,0.00145955561388387,0.000712956814550403,-5.13913823745327e-05,-5.13913823745327e-05,0.00166103024137541,1.03303958524758e-07,0.00032140933173254,9.47628224827421e-05,0.00973461979138076,3.68171203751525e-05,0.00606771129629225,1,0.0077143
953,0.000321338958380351,0.00134573292399473,0.00011985262072973,0.00148531615010029,0.000678668792387192,-2.16577079896751e-05,-2.16577079896751e-05,0.00166881108386854,1.0330391106164e-07,0.000321409257896595,9.46663084302247e-05,0.00972966127006612,3.67838226373644e-05,0.00606496682904073,1,0.0075394
954,0.000320844756905152,0.00072049451285361,0.000120871151793745,0.00150696138276705,0.000641613821604777,8.54578386899618e-06,8.54578386899618e-06,0.00167341274922162,1.03303531027019e-07,0.000321408666695563,9.45700128346262e-05,0.00972471145251242,3.67504723029876e-05,0.00606221678125978,1,0.0086512
955,0.000320334609919786,0.00230797235147727,0.000121889661810383,0.00152713733398192,0.000630240161252169,3.91509250210476e-05,3.91509250210476e-05,0.00168773370718125,1.03302809279674e-07,0.00032140754390598,9.44739693081672e-05,0.00971977208108129,3.67171178691219e-05,0.00605946514711669,1,0.0083221
956,0.000319808443160518,0.00405820104389929,0.000122907364985295,0.00154551708781655,0.000597525302082572,7.01420750512938e-05,7.01420750512938e-05,0.0016935347528252,1.03301736717997e-07,0.00032140587536322,9.43781472272581e-05,0.0097148415955824,3.66837177129622e-05,0.00605670848835919,1,0.0080108
957,0.000319266199206388,0.00584277263538302,0.000123923522698052,0.00155943705581973,0.00055254417824011,0.00010145368253589,0.00010145368253589,0.00169258263386608,1.03300304292958e-07,0.000321403646981422,9.42825220326345e-05,0.00970991874490382,3.66502359065463e-05,0.00605394383080536,1,0.0082199
958,0.000318707838832638,0.00764508707275228,0.000124937488304427,0.00156887542347459,0.000513616929281979,0.000132989515678972,0.000132989515678972,0.00169120093124073,1.03298503021811e-07,0.000321400844774575,9.41870915927151e-05,0.00970500343084509,3.6616671478161e-05,0.00605117108320043,1,0.007715
959,0.000318133342857504,0.00945725766967792,0.000125948665322302,0.00157322028247134,0.000463863251478568,0.000164660229996727,0.000164660229996727,0.00168359970329049,1.03296324002849e-07,0.000321397454879234,9.4091833424173e-05,0.00970009450594029,3.65829907390362e-05,0.00604838744948074,1,0.0081144
960,0.000317542711467709,0.0112723065883061,0.000126956548929555,0.00157317102611084,0.000426689357765752,0.0001963617731775,0.0001963617731775,0.00167707734021361,1.03293758429519e-07,0.00032139346357622,9.39967508772781e-05,0.00969519215267434,3.65492061880158e-05,0.00604559394832433,1,0.0080309
961,0.00031693596675716,0.0130854108654784,0.000127960697674719,0.00156937716932629,0.000386776669096559,0.000228018034608368,0.000228018034608368,0.00166778963398885,1.03290797605997e-07,0.000321388857314619,9.39018338860044e-05,0.00969029586163417,3.65153069183651e-05,0.00604278966358793,1,0.0075767
962,0.000316313151197122,0.0148915655347172,0.000128960697348846,0.00156079320829759,0.000338487321266327,0.000259545858833476,0.000259545858833477,0.00165374893715755,1.03287432961521e-07,0.00032138362273383,9.3807065748438e-05,0.00968540477979305,3.6481269089921e-05,0.00603997260671942,1,0.008916
963,0.000315674328225792,0.0166856835315602,0.000129956270570556,0.00154980740330414,0.00031771260648132,0.000290858873871258,0.000290858873871258,0.00164444287134834,1.03283656064885e-07,0.000321377746685866,9.37124625569621e-05,0.00968051974622035,3.64471394007001e-05,0.00603714662739775,1,0.007678
964,0.000315019586104715,0.0184654961375098,0.000130947132417997,0.00153519651489226,0.000266186309404869,0.000321918944784727,0.000321918944784727,0.00162724760521384,1.03279458641197e-07,0.00032137121626119,9.36179972791734e-05,0.00967563937314602,3.64128647702319e-05,0.00603430731486489,1,0.0078492
965,0.000314349029962272,0.0202252469165801,0.000131933074976375,0.00151568048538154,0.000222666456686958,0.000352626588618676,0.000352626588618676,0.00160863181680257,1.03274832583162e-07,0.00032136401880603,9.35236653610831e-05,0.00967076343217448,3.63784505852403e-05,0.00603145509684357,1,0.0076535
966,0.000313662787251585,0.0219598281526888,0.000132913975046436,0.00149194241993658,0.000179804404476869,0.000382893337912193,0.000382893337912193,0.00158781899785494,1.03269769965692e-07,0.00032135614194487,9.34294598784836e-05,0.00966589157183566,3.63438938702265e-05,0.00602858970823413,1,0.00753
967,0.000312961006940823,0.0236644806078764,0.000133889743966801,0.0014642328256868,0.000138943866018167,0.000412636616133,0.000412636616133,0.00156516526419059,1.03264263059693e-07,0.00032134757360169,9.33353753722021e-05,0.00966102351576695,3.6309195262138e-05,0.00602571118310013,1,0.0082451
968,0.000312243860235871,0.025335239225626,0.000134860396572993,0.0014340671765274,0.00011087602895637,0.000441787575379493,0.000441787575379493,0.0015427416577975,1.03258304346052e-07,0.000321338302021487,9.32414132610972e-05,0.00965615934319112,3.62743762741309e-05,0.00602282128857655,1,0.0079101
969,0.000311511542249959,0.0269697175645151,0.000135825975686885,0.00140146311101829,7.50190905766237e-05,0.000470304811170053,0.000470304811170052,0.00151880976570183,1.03251886530375e-07,0.000321328315793014,9.31475694735258e-05,0.00965129884904233,3.62394299520101e-05,0.00601991943069092,1,0.0080361
970,0.000310764267120639,0.0285647050459399,0.0001367865933482,0.00136606663283095,4.10769987180691e-05,0.000498132492619874,0.000498132492619874,0.0014938743681345,1.03245002554281e-07,0.000321317603866145,9.30538417324477e-05,0.00964644192085598,3.62043618315051e-05,0.00601700605214131,1,0.0080623
971,0.000310002269982484,0.0301171406085926,0.000137742442036659,0.00132808041459234,8.05856845264241e-06,0.000525217355132668,0.000525217355132668,0.00146807280399266,1.03237645607669e-07,0.000321306155570772,9.29602283400948e-05,0.00964158847597712,3.61691767133695e-05,0.00601408153531106,1,0.0075899
972,0.000309225806013831,0.0316239229996307,0.000138693733905501,0.00128707840504037,2.97082663375086e-05,0.000551505405107733,0.000551505405107733,0.00144116253735739,1.03229809140074e-07,0.000321293960634298,9.28667270243736e-05,0.00963673840178167,3.61338727712424e-05,0.00601114571202882,1,0.0083888
973,0.000308435149606753,0.0330817802365245,0.000139640789640676,0.00124399205522066,5.54414822833375e-05,0.000576939653806008,0.000576939653806008,0.00141371721418101,1.03221486871187e-07,0.000321281009197847,9.27733373731273e-05,0.00963189168196608,3.60984692148953e-05,0.00600820016435,1,0.008293
974,0.000307630599328022,0.0344888959588384,0.000140583953536512,0.00119931254254634,8.35852719073427e-05,0.000601488474249123,0.000601488474249123,0.00138638920800137,1.03212672804217e-07,0.000321267291836902,9.26800609230892e-05,0.00962704840140992,3.60629704829996e-05,0.0060052452475315,1,0.0081878
975,0.000306812471995101,0.0358432270390584,0.000141523574279628,0.00115269818282828,0.000112772454353137,0.000625116278836657,0.000625116278836657,0.00135902420481512,1.03203361235158e-07,0.000321252799575596,9.25868987547468e-05,0.00962220862145208,3.60273818695691e-05,0.00600228138873621,1,0.0082903
976,0.000305981102451586,0.0371425604813055,0.000142460042497975,0.00110426246873828,0.000139753961394824,0.000647784514265837,0.000647784514265837,0.00133157315269394,1.03193546761616e-07,0.000321237523900331,9.2493851816536e-05,0.00961737239668591,3.59917122753505e-05,0.00599930931652557,1,0.0077526
977,0.000305136844236294,0.0383848390563387,0.000143393709837073,0.00105386869471407,0.000168880479286353,0.000669457338926094,0.000669457338926094,0.00130447389386254,1.03183224291758e-07,0.000321221456773606,9.24009222365188e-05,0.00961253984316938,3.59559662736329e-05,0.0059963294000274,1,0.0082618
978,0.000304280067625384,0.0395679166244107,0.000144324950076503,0.00100201802878059,0.000191234452357891,0.000690097360580566,0.000690097360580566,0.00127708336815732,1.0317238905174e-07,0.000321204590645494,9.23081103957138e-05,0.00960771098627107,3.59201573781711e-05,0.00599334275493828,1,0.0083053
979,0.00030341116498734,0.0406905421408426,0.000145254107967227,0.000949237939092452,0.000212238390277817,0.00070968278524397,0.00070968278524397,0.00125044636488696,1.0316103659616e-07,0.000321186918469853,9.22154193903162e-05,0.00960288599277927,3.5884295095368e-05,0.00599035016467051,1,0.0085892
980,0.000302530547030211,0.0417517663656217,0.000146181490991541,0.000895757726731588,0.000231039242205079,0.000728197079387982,0.000728197079387982,0.00122460888750224,1.03149162815844e-07,0.000321168433716397,9.21228522959663e-05,0.00959806502874232,3.58483897186924e-05,0.00598735247991066,1,0.0080825
981,0.000301638641813888,0.0427508392060772,0.000147107335681692,0.00084150470179882,0.0002512837544147,0.000745627182098474,0.000745627182098474,0.00120026220353637,1.03136763944712e-07,0.000321149130381372,9.20304137404732e-05,0.00959324834143645,3.58124486117734e-05,0.00598435030824344,1,0.0090678
982,0.000300735891877743,0.043686945029559,0.000148031908002394,0.000786854485918822,0.00026601980635178,0.000761958893901848,0.000761958893901848,0.00117628200883977,1.03123836564588e-07,0.00032112900299504,9.19381054162612e-05,0.00958843602556023,3.57764840401425e-05,0.00598134466822825,1,0.0086991
983,0.000299822761897232,0.0445599036293045,0.000148955394788921,0.000732024601168877,0.000281706871877009,0.000777189084580243,0.000777189084580243,0.00115418540950903,1.03110377614422e-07,0.000321108046636054,9.18459325154914e-05,0.00958362835858587,3.57405041192024e-05,0.00597833623336815,1,0.0103282
984,0.000298899730862545,0.0453695396564929,0.000149878005312558,0.000677265920016812,0.000292942871704703,0.000791314712150992,0.000791314712150992,0.00113284250055931,1.03096384394397e-07,0.00032108625693791,9.17538973524991e-05,0.00957882546831808,3.57045198936376e-05,0.00597532592363275,1,0.0087579
985,0.000297967300037343,0.0461161057524026,0.000150799801480717,0.000622555087631897,0.000307344078354478,0.000804340187578134,0.000804340187578134,0.00111417625137408,1.03081854574598e-07,0.000321063630102504,9.16620064807901e-05,0.00957402770420005,3.5668538170886e-05,0.00597231430610329,1,0.0084515
986,0.000297025971086201,0.0467994784589795,0.000151720705010679,0.000567748231139588,0.000319735014171049,0.000816263391470784,0.000816263391470784,0.00109680559827041,1.0306678619014e-07,0.000321040162892651,9.15702630487816e-05,0.00956923523844939,3.56325678865913e-05,0.00596930212726675,1,0.0079605
987,0.000296076257642932,0.0474197267864124,0.000152640622778674,0.000513159148743193,0.000329614303257907,0.000827085564079511,0.000827085564079511,0.00108069895362822,1.03051177643179e-07,0.000321015852635317,9.14786699861469e-05,0.00956444823218501,3.55966180137218e-05,0.00596629013824519,1,0.0077481
988,0.000295118688258371,0.0479772965094456,0.000153559340659574,0.000459120156160202,0.000337030980737746,0.000836814508453187,0.000836814508453187,0.00106594159262105,1.03035027706455e-07,0.000320990697227279,9.13872302710586e-05,0.00955966684937601,3.55606972225012e-05,0.00596327906629408,1,0.0085114
989,0.000294153809557699,0.0484729669139844,0.000154476621653883,0.00040583621126486,0.000343174075765538,0.000845463830264848,0.000845463830264848,0.00105290015890675,1.03018335528468e-07,0.000320964695143357,9.12959475293736e-05,0.00955489128820279,3.55248134406106e-05,0.00596026957784718,1,0.0093958
990,0.000293182190957005,0.0489076557538591,0.00015539219841283,0.000353347546677951,0.000348965446213685,0.000853049530826766,0.000853049530826766,0.0010418091087478,1.03001100641161e-07,0.000320937845448555,9.12048257300703e-05,0.009550121765196,3.54889739863738e-05,0.00595726228953987,1,0.0075917
991,0.000292204416024444,0.0492824196221538,0.000156305587431179,0.000302084682182184,0.000349851664692896,0.000859590030593438,0.000859590030593438,0.00103116819924808,1.02983322962153e-07,0.000320910147801768,9.11138655707616e-05,0.00954535832594888,3.5453186577973e-05,0.00595425785282876,1,0.0085348
992,0.000291221064833963,0.0495988549741427,0.00015721639896706,0.000252141916443289,0.000352291245165669,0.000865113191217404,0.000865113191217404,0.00102302705906088,1.02965002786387e-07,0.000320881602443,9.10230719405124e-05,0.00954060123579811,3.54174573717157e-05,0.00595125678926021,1,0.008988
993,0.000290232739025174,0.0498583364981511,0.000158124302329444,0.000203344069732751,0.000354671342613276,0.000869642990986463,0.000869642990986463,0.00101666772123969,1.02946140792445e-07,0.00032085221020346,9.0932448115049e-05,0.00953585067600416,3.5381792376207e-05,0.00594825960901228,1,0.008738
994,0.000289240055307437,0.0500622111431961,0.000159028832387258,0.000155893519687796,0.000354466154896092,0.000873202916043425,0.000873202916043425,0.00101110771521611,1.02926738044761e-07,0.000320821972509305,9.08419952887882e-05,0.00953110671899062,3.53461972596687e-05,0.00594526679465848,1,0.0099321
995,0.00028824363847506,0.0502120214257914,0.000159929591481676,0.000109683263314412,0.000357225764530625,0.000875819867149019,0.000875819867149019,0.00100812614259058,1.02906795991572e-07,0.000320790891378748,9.07517182265074e-05,0.00952636962470528,3.53106773102764e-05,0.00594227879775734,1,0.0082193
996,0.000287244128152329,0.0503091378940927,0.000160826042674123,6.54896712021226e-05,0.000350588600127879,0.000877517741239231,0.000877517741239231,0.00100327713424913,1.02886316466639e-07,0.000320758969425079,9.06616126509869e-05,0.0095216391787857,3.52752366492854e-05,0.00593929597252784,1,0.0082416
997,0.00028624215652511,0.050356059504705,0.000161717619222616,2.52579056451494e-05,0.000344982219031121,0.000878340137445477,0.000878340137445477,0.00100008310400324,1.02865301677978e-07,0.000320726209839449,9.05716814108304e-05,0.00951691554080577,3.52398790012612e-05,0.00593631864047586,1,0.0088149
998,0.000285238369291041,0.0503551361489456,0.000162603885898977,2.29212378141375e-05,0.000342631681141676,0.000878328047956956,0.000878328047956956,0.000999060977696288,1.02843754208677e-07,0.000320692616392516,9.04819283461273e-05,0.00951219892275846,3.52046082011794e-05,0.00593334713304214,1,0.0090218
999,0.000284233431358176,0.0503081614187509,0.000163484345262196,5.96313650113133e-05,0.000340087696792115,0.00087751274613268,0.00087751274613268,0.000998844795985158,1.02821677020782e-07,0.000320658193440901,9.03923545348964e-05,0.00950748939178458,3.51694274813554e-05,0.00593038173150391,1,0.0079365
1000,0.000283228016103393,0.0502170546086721,0.000164358378514909,9.62091589395489e-05,0.000330508526986546,0.000875927695558332,0.000875927695558332,0.000996942143090601,1.02799073452867e-07,0.000320622945923818,9.03029560739982e-05,0.00950278675305293,3.51343377156474e-05,0.00592742251873843,1,0.0079518
1001,0.000282222794921616,0.0500845928996663,0.00016522543960164,0.000130722331226871,0.000322697214847362,0.000873621333372654,0.000873621333372654,0.000996139321880156,1.02775947211629e-07,0.000320586879350402,9.02137346329139e-05,0.00949809110468592,3.50993407301886e-05,0.00592446965813722,1,0.0074251
1002,0.000281218449947714,0.0499134257081802,0.000166085025617282,0.00016297685470365,0.000313272023236388,0.000870639864993805,0.000870639864993805,0.000995126874777701,1.0275230237069e-07,0.0003205499997983,9.01246892665107e-05,0.00949340240727794,3.50644369902002e-05,0.00592152319848535,1,0.0071787
1003,0.00028021567094054,0.0497063135657534,0.00016693664313049,0.000192922631617705,0.000304435181567302,0.000867031431420529,0.000867031431420529,0.000994440651566281,1.0272814336757e-07,0.000320512313909419,9.00358200969623e-05,0.00948872067757094,3.50296270023503e-05,0.00591858319214576,1,0.0070959
1004,0.000279215158081484,0.0494658455070358,0.000167779857138381,0.000220780233840115,0.00029691583177948,0.000862841178005169,0.000862841178005169,0.000994169650843672,1.02703475002166e-07,0.000320473828888049,8.99471274208643e-05,0.00948404594152012,3.49949112906803e-05,0.0059156496930329,1,0.0072759
1005,0.000278217623495013,0.0491942592583854,0.000168614294646537,0.000246920883017759,0.000291541363918307,0.00085810811832232,0.000858108118322321,0.000994484369800496,1.02678302436018e-07,0.000320434552500223,8.98586118703578e-05,0.00947937824281518,3.4960290734036e-05,0.00591272278515034,1,0.0072113
1006,0.00027722379091268,0.0488934252810925,0.000169439617583487,0.000271466769492792,0.000285648018768722,0.000852864858147839,0.000852864858147839,0.000994515044666341,1.02652631191298e-07,0.000320394493072678,8.97702723557491e-05,0.00947471753435157,3.49257651501951e-05,0.0059098024628743,1,0.0071703
1007,0.000276234391273708,0.0485652070044397,0.000170255535598533,0.000294397745180974,0.000279450866051208,0.000847143883762058,0.000847143883762058,0.000994243207428238,1.02626467147337e-07,0.000320353659487974,8.96821077551531e-05,0.00947006376721683,3.48913341069129e-05,0.00590688869938421,1,0.0073061
1008,0.000275250163003236,0.0482114195328263,0.000171061822459487,0.00031585252870566,0.000274186162980322,0.000840976842198415,0.000840976842198415,0.000993982103062552,1.02599816537303e-07,0.00032031206117988,8.95941175693059e-05,0.00946541692527624,3.48569975692672e-05,0.00590398150143335,1,0.0078482
1009,0.000274271854790646,0.0478335692818429,0.000171858315627232,0.000336274420947264,0.000271956999743366,0.000834389997679708,0.000834389997679708,0.000994374889518943,1.02572685946414e-07,0.000320269708131154,8.95063025681678e-05,0.00946077705942634,3.48227568174374e-05,0.00590108098719527,1,0.0072864
1010,0.000273300225110492,0.0474328980865064,0.000172644804265637,0.000355240646115966,0.000263703130197852,0.000827405000837445,0.000827405000837444,0.000992767387096566,1.02545082309879e-07,0.000320226610870925,8.9418658295412e-05,0.00945614394430478,3.47886084115846e-05,0.00589818687492899,1,0.011
1011,0.000272336039444782,0.0470106123040454,0.000173421323416947,0.000374907193225229,0.000282002179199867,0.00082004288701043,0.00082004288701043,0.000998762381214059,1.02517012909355e-07,0.000320182780469773,8.93311992133138e-05,0.00945151835491599,3.47545672229516e-05,0.00589530043534268,1,0.0164467
1012,0.000271380108643388,0.0465642493042277,0.000174188076710248,0.000398258823682827,0.000332932539523807,0.000812260677808041,0.000812260677808041,0.00101682015856463,1.02488485390045e-07,0.000320138228567044,8.92439489406079e-05,0.00944690155239314,3.47206588965247e-05,0.0058924238558105,1,0.0077398
1013,0.000270433276629103,0.0460888781540448,0.000174944772263198,0.000421855129660677,0.000277873203475823,0.000803972334233904,0.000803972334233904,0.00100298492378846,1.02459507770813e-07,0.000320092967387309,8.9156843343191e-05,0.00944229015351631,3.46868293165981e-05,0.00588955255656982,1,0.0081566
1014,0.00026949627263726,0.0455910274013312,0.000175690370285508,0.000437982189766075,0.000244599304701495,0.000795291777491158,0.000795291777491158,0.000994139124761751,1.02430088375541e-07,0.000320047009633806,8.90698921294397e-05,0.00943768468054743,3.46530801710867e-05,0.00588668668871435,1,0.008262
1015,0.000268569831222856,0.0450772211942314,0.000176424834190318,0.00044998804012007,0.000227102830206796,0.000786332852305449,0.000786332852305449,0.000988073662497838,1.02400235829598e-07,0.000320000368483535,8.89831004027728e-05,0.0094330854126724,3.46194141904721e-05,0.00588382649221338,1,0.0075205
1016,0.00026765472200015,0.0445512584254441,0.000177147842605385,0.000459041818533328,0.000211253094601805,0.000777161832619555,0.000777161832619555,0.00098131380302641,1.02369959072098e-07,0.000319953057607046,8.88964664228291e-05,0.00942849226667918,3.45858277929087e-05,0.00588097167081331,1,0.0079421
1017,0.000266751727542021,0.0440161115486349,0.000177859087115769,0.000466196086265647,0.000204391497523372,0.000767830553696669,0.000767830553696669,0.00097574397740531,1.0233926735634e-07,0.000319905091169772,8.88099920962673e-05,0.00942390535267982,3.4552322946243e-05,0.00587812239973301,1,0.0083506
1018,0.00026586164762231,0.0434732749772366,0.000178558374623033,0.000472538414111815,0.00020210588182257,0.000758365057103916,0.000758365057103916,0.000970777585397301,1.02308170252529e-07,0.000319856483836937,8.87236781640709e-05,0.00941932471911182,3.45189008203476e-05,0.00587527878660643,1,0.008558
1019,0.000264985291103176,0.0429234154498876,0.00017924557096124,0.000478407252899739,0.000200096845936725,0.000748776946837282,0.000748776946837282,0.000965656009894035,1.02276677646296e-07,0.000319807250771923,8.8637523908296e-05,0.00941475033701351,3.44855606785239e-05,0.00587244077692776,1,0.007327
1020,0.000264123463719503,0.0423674553253163,0.000179920517624372,0.000482698585937093,0.000187323224983335,0.000739082294083815,0.000739082294083815,0.000957605956456376,1.02244799731042e-07,0.000319757407624971,8.85515234036485e-05,0.00941018190066741,3.44522933714597e-05,0.00586960759944476,1,0.0075803
1021,0.000263276956862424,0.0418075754852322,0.000180583235590249,0.000485384233349364,0.000180700328469637,0.000729319135050588,0.000729319135050588,0.000950056945211198,1.02212546994787e-07,0.000319706970513291,8.84656772575128e-05,0.00940561945102569,3.44190995054727e-05,0.00586677931283193,1,0.0080267
1022,0.000262446569925851,0.0412450421100422,0.000181233882350339,0.000487469657531802,0.000179329894733169,0.000719509553460895,0.000719509553460895,0.000943244819630347,1.02179930218927e-07,0.000319655956019791,8.83799864879749e-05,0.009401063050952,3.43859807491272e-05,0.00586395606643904,1,0.0069965
1023,0.000261633106052002,0.0406805894538694,0.000181872481338736,0.000488366382663803,0.000169502645668721,0.000709666355062311,0.00070966635506231,0.00093427879970785,1.02146960475e-07,0.000319604381188682,8.82944467913841e-05,0.00939651248024415,3.43529295568733e-05,0.00586113722385624,1,0.0072265
1024,0.000260837356234671,0.0401158401094965,0.000182499123349937,0.000488123538896493,0.000164885562133328,0.000699817845095652,0.000699817845095652,0.000925747701469316,1.02113649113606e-07,0.000319552263508814,8.82090586683523e-05,0.0093919677740265,3.43199465898667e-05,0.00585832284786924,1,0.0072328
1025,0.000260060115072565,0.0395517305445644,0.000183113948363282,0.000487271652004995,0.00016182159393761,0.00068998036060286,0.00068998036060286,0.000917227834846992,1.02080007761741e-07,0.000319499620910168,8.81238218373598e-05,0.00938742892582201,3.42870311424081e-05,0.00585551288465904,1,0.0088063
1026,0.00025930218102303,0.0389884323615699,0.000183717163530469,0.00048718867140677,0.000170733109514092,0.000680156896208928,0.000680156896208928,0.000911339948000503,1.02046048320534e-07,0.000319446471760973,8.80387406664664e-05,0.00938289617689903,3.42541912016797e-05,0.00585270802293089,1,0.0078911
1027,0.000258564361073148,0.0384248385999895,0.00018430880392043,0.000487328492078362,0.000166507109578123,0.000670328142982513,0.000670328142982512,0.000903214747865562,1.02011782965613e-07,0.000319392834868933,8.79538108283109e-05,0.00937836930539158,3.42214186892059e-05,0.00584990757954396,1,0.0077881
1028,0.000257847438049259,0.0378615231742143,0.000184888834768183,0.000486670920212187,0.000161211331019394,0.000660504117831806,0.000660504117831806,0.000894524672308023,1.01977224131317e-07,0.000319338729457165,8.78690310263275e-05,0.00937384825065605,3.41887112122012e-05,0.00584711135623405,1,0.0074774
1029,0.000257152182908247,0.0372994758830049,0.000185457263731678,0.000485064099778983,0.00015481245245403,0.000650702095601474,0.000650702095601474,0.000885197705576463,1.01942384501621e-07,0.000319284175150634,8.77843998737052e-05,0.00936933294710489,3.41560660375926e-05,0.00584431912523543,1,0.0067916
1030,0.000256479355397817,0.0367399678150443,0.00018601404073642,0.000482119763954735,0.000145696788691134,0.000640944258288201,0.000640944258288201,0.000874774361987775,1.01907277001858e-07,0.000319229191963795,8.76999152429389e-05,0.00936482328946675,3.41234787653568e-05,0.00584153051565741,1,0.0068833
1031,0.000255829703713934,0.0361844689654749,0.000186559156666246,0.000478226287637949,0.000141379208368778,0.000631256255850587,0.000631256255850587,0.000864743903092167,1.01871914790704e-07,0.000319173800288657,8.76155775773472e-05,0.00936031930958272,3.40909501361768e-05,0.0058387455961171,1,0.0067859
1032,0.00025520397301793,0.0356337426768341,0.000187092596481298,0.000473846234925132,0.000138466267107304,0.000621651408390989,0.000621651408390989,0.000854767796409975,1.01836311256841e-07,0.000319118020890142,8.75313867347197e-05,0.00935582100805267,3.40584795709518e-05,0.00583596432228229,1,0.0068242
1033,0.000254602900140435,0.0350882065042721,0.000187614321708704,0.000469246243664386,0.000137108489211164,0.000612137001960278,0.000612137001960278,0.00084501603617865,1.01800480013378e-07,0.000319061874897923,8.7447342848337e-05,0.00935132840019732,3.402606703155e-05,0.00583318669609931,1,0.0066256
1034,0.000254027210604922,0.0345480707262827,0.000188124270106247,0.000464419234570739,0.000134868618639287,0.000602716706280759,0.000602716706280759,0.000835091193663926,1.01764434891245e-07,0.000319005383796645,8.73634453961643e-05,0.00934684146630103,3.3993711046407e-05,0.00583041259658414,1,0.0071687
1035,0.000253477616296408,0.0340134299495351,0.000188622419679998,0.000459869864555597,0.000137283599604061,0.000593392173868779,0.000593392173868779,0.000826179386209985,1.01728189931894e-07,0.00031894856941503,8.72796957603982e-05,0.00934236028851372,3.39614142616579e-05,0.00582764225580619,1,0.0070542
1036,0.00025295481917388,0.03348381919807,0.000189108696733191,0.00045561039136998,0.000137258684357878,0.000584155296623479,0.000584155296623479,0.000817126522677159,1.01691759382291e-07,0.000318891453918557,8.71960934437897e-05,0.00933788484849699,3.39291752118467e-05,0.0058248755533356,1,0.0074872
1037,0.00025245950188752,0.0329589487708456,0.000189583012868051,0.000451747725588947,0.000139467257499554,0.000575001024705202,0.000575001024705202,0.000808769559981969,1.01655157685774e-07,0.000318834059795646,8.71126392632279e-05,0.00933341519826627,3.38969954120504e-05,0.00582211262447321,1,0.0077724
1038,0.000251992331599069,0.0324382404779383,0.000190045256702114,0.000448425723805381,0.000141605176450851,0.000565919276500182,0.000565919276500182,0.00080080300659665,1.01618399475272e-07,0.000318776409847516,8.70293335273822e-05,0.00932895136268714,3.3864875314405e-05,0.00581935351344159,1,0.0078449
1039,0.000251553955074516,0.0319211549646769,0.000190495251133996,0.000445438198475509,0.000141839888939319,0.000556900647913139,0.000556900647913139,0.000792776502390947,1.01581499564625e-07,0.000318718527175038,8.69461758383113e-05,0.00932449332877188,3.38328140432276e-05,0.00581659815039922,1,0.0075029
1040,0.00025114499307988,0.0314075664986351,0.000190932752383238,0.000442243476694746,0.000138157374984167,0.000547942949609137,0.000547942949609137,0.000784016091670324,1.01544472937687e-07,0.000318660435162082,8.68631647858052e-05,0.00932004102919108,3.3800808743304e-05,0.00581384629512201,1,0.0073903
1041,0.000250766037091562,0.0308979330337258,0.000191357517914874,0.000438584777738471,0.00013438992648743,0.00053905417311384,0.00053905417311384,0.000775068650596355,1.01507334736362e-07,0.000318602157457169,8.67802998161869e-05,0.00931559444244901,3.3768858389502e-05,0.00581109786438862,1,0.0078745
1042,0.000250417655721609,0.0303926112108399,0.000191769368966968,0.000434943214504086,0.000134936831906835,0.000530240541420923,0.000530240541420923,0.000766972259656929,1.01470100252256e-07,0.000318543717960747,8.6697581914681e-05,0.00931115362963586,3.37369652130955e-05,0.00580835305513495,1,0.0072792
1043,0.000250100397040462,0.0298915448785187,0.000192168051422704,0.000431026694165539,0.000130285995736386,0.000521501075112951,0.000521501075112951,0.000757901208650643,1.01432784919895e-07,0.000318485140814913,8.66150093665769e-05,0.00930671850689473,3.37051255767403e-05,0.00580561155923649,1,0.0090293
1044,0.000249814780392683,0.0293948720377319,0.000192553445257663,0.000427870619938719,0.000138725186036305,0.000512838179735908,0.000512838179735908,0.000751671118169189,1.01395404306468e-07,0.000318426450387634,8.65325859950284e-05,0.00930228928785965,3.36733478509356e-05,0.0058028741026267,1,0.0072316
1045,0.00024956131027868,0.0289015865251486,0.000192925239237731,0.000424527705261742,0.000129499114151749,0.000504234301786255,0.000504234301786255,0.000742254833826922,1.01357974108652e-07,0.000318367671268066,8.64503069100937e-05,0.00929786571800721,3.36416215741458e-05,0.00580013978919007,1,0.0077815
1046,0.000249340439826192,0.0284126903877182,0.000193283170134887,0.00042051540013794,0.000127054163340437,0.00049570691639822,0.00049570691639822,0.000733768934088679,1.01320510132384e-07,0.000318308828235071,8.63681731719853e-05,0.00929344786244509,3.36099493889563e-05,0.00579740885128488,1,0.0087291
1047,0.000249152602483433,0.0279282938252682,0.0001936271955689,0.000417022878996254,0.000131523997288337,0.000487257942692665,0.000487257942692665,0.000726893095199204,1.0128302828825e-07,0.000318249946250192,8.62861867349269e-05,0.00928903583451624,3.35783357203131e-05,0.00579468167549462,1,0.0079261
1048,0.000248998210542327,0.0274477187942812,0.000193957114534973,0.000413598880371486,0.000127184803312561,0.0004788755501135,0.0004788755501135,0.000718575896042126,1.01245544586499e-07,0.000318191050450039,8.62043452889187e-05,0.00928462951812934,3.35467756217799e-05,0.00579195784012452,1,0.0080784
1049,0.000248877633429084,0.0269713552919574,0.000194272735308523,0.000409806202058689,0.000124561107093403,0.000470566536955985,0.000470566536955985,0.000710446146558385,1.0120807512209e-07,0.000318132166122965,8.61226488050658e-05,0.00928022891986323,3.35152693643008e-05,0.00578923737329027,1,0.0082213
1050,0.00024879121055439,0.0264994605917563,0.000194573984348472,0.000405920000805738,0.000123287801960178,0.000462335386737678,0.000462335386737678,0.000702592275461164,1.01170636066211e-07,0.00031807331869588,8.60410973642091e-05,0.0092758340522138,3.34838173865386e-05,0.00578652031764675,1,0.0080034
1051,0.000248739251621975,0.0260321283437661,0.000194860780911271,0.000401847903031954,0.0001203196791652,0.000454183729297952,0.000454183729297952,0.000694428619929339,1.01133243658248e-07,0.000318014533721728,8.59596902602547e-05,0.00927144488525142,3.34524183389211e-05,0.00578380656133321,1,0.0076622
1052,0.000248722031530649,0.0255697308858101,0.000195133054756268,0.000397307307040686,0.000115860297893328,0.000446118055638323,0.000446118055638323,0.000685841471944007,1.01095914195616e-07,0.000317955836863574,8.58784266559433e-05,0.00926706138190221,3.34210705862297e-05,0.00578109596756789,1,0.0069503
1053,0.000248739789494993,0.0251130011328912,0.000195390769803935,0.000391900387672422,0.000108880052299664,0.000438151146607169,0.000438151146607169,0.000676461897101672,1.01058664023424e-07,0.000317897253878394,8.57973052637707e-05,0.00926268348070745,3.33897713850668e-05,0.00577838830341703,1,0.0075579
1054,0.000248792732317554,0.0246627624130476,0.000195634068045355,0.000386293460106552,0.000109219067281508,0.000430297361015519,0.000430297361015519,0.000668285914330414,1.0102150952592e-07,0.000317838810603614,8.57163273707912e-05,0.00925831125912232,3.33585240667066e-05,0.00577568386138876,1,0.0074337
1055,0.000248881046403369,0.0242188679287962,0.000195863099047223,0.000380865816630895,0.000108849338844661,0.000422554137074371,0.000422554137074371,0.000660216260651791,1.00984467123771e-07,0.000317780532952809,8.56354928287438e-05,0.00925394471718649,3.33273282711892e-05,0.00577298261483518,1,0.0080544
1056,0.000249004889008562,0.0237810197946063,0.000196078015082846,0.000375964932137511,0.000112234289909965,0.000414916277891919,0.000414916277891919,0.000653198729945775,1.00947553267357e-07,0.000317722446905089,8.55548026542666e-05,0.00924958391789958,3.32961864463918e-05,0.00577028478035459,1,0.0078603
1057,0.000249164390881237,0.0233485255089161,0.000196278915185465,0.000371484527600971,0.00011233292899836,0.000407371703786907,0.000407371703786907,0.000645980683663249,1.00910784431421e-07,0.000317664578496598,8.54742562856662e-05,0.00924522883901022,3.32650973106575e-05,0.00576759025162654,1,0.0073431
1058,0.000249359646367041,0.0229212466851876,0.000196465832082487,0.000366787258867609,0.000108687642290661,0.000399918000752564,0.000399918000752564,0.000638095552832797,1.0087417710515e-07,0.000317606953804777,8.53938526085857e-05,0.00924087942831123,3.32340585356086e-05,0.00576489883134202,1,0.0073374
1059,0.000249590714159605,0.0224995729950301,0.000196638878138732,0.000361811788639866,0.000106656447699922,0.000392561966538807,0.000392561966538807,0.00063043830527326,1.00837747782666e-07,0.000317549598933247,8.53135916074981e-05,0.00923653569296942,3.32030704049728e-05,0.00576221054847641,1,0.0074428
1060,0.000249857626099951,0.0220836564934323,0.000196798225345263,0.000356859138463617,0.000106378425561659,0.000385306255557438,0.000385306255557438,0.000623202546425452,1.00801512957701e-07,0.000317492540003228,8.52334734846739e-05,0.00923219765195015,3.31721336412408e-05,0.00575952547014429,1,0.0075375
1061,0.000250160388331323,0.0216733483627195,0.00019694403018288,0.000352114772754804,0.000106829694976612,0.000378148274727153,0.000378148274727153,0.000616322752956933,1.00765489118806e-07,0.00031743580314578,8.51534983482471e-05,0.00922786531914327,3.31412487029828e-05,0.00575684364065786,1,0.0074059
1062,0.00025049897925126,0.0212684166180496,0.000197076404912384,0.000347500664301468,0.000106219618082055,0.000371083980075682,0.000371083980075682,0.00060944277814918,1.00729692743559e-07,0.000317379414492432,8.50736658832298e-05,0.00922353868551706,3.31104150888999e-05,0.005754165021,1,0.0085576
1063,0.000250873349864239,0.0208685211243336,0.00019719552246629,0.000343668117326629,0.000112386226456012,0.000364107440883998,0.000364107440883998,0.000604335475315487,1.0069414029288e-07,0.000317323400165951,8.49939777886705e-05,0.00921921785124261,3.30796369291505e-05,0.00575148997470659,1,0.0080529
1064,0.000251283429871018,0.0204726117362233,0.000197301422320282,0.00034038581615303,0.000112000117450326,0.000357200341449371,0.000357200341449371,0.000598457502297748,1.00658848208138e-07,0.000317267786275472,8.49144328390402e-05,0.00921490275798069,3.30489116837741e-05,0.00574881828585441,1,0.0078811
1065,0.000251729111957808,0.0200805187098724,0.000197394056135288,0.000337010536910971,0.000109899400746001,0.000350359721542404,0.000350359721542404,0.000592297204427992,1.00623832900719e-07,0.000317212598899728,8.4835030381894e-05,0.00921059337838198,3.30182383569925e-05,0.00574614987247918,1,0.0079966
1066,0.000252210257533391,0.0196923893209754,0.000197473449949555,0.000333571323966331,0.000109029094257682,0.000343588150414575,0.000343588150414575,0.000586421860342449,1.00589110744157e-07,0.000317157864074276,8.47557704008588e-05,0.00920628971958078,3.29876173671846e-05,0.00574348477556828,1,0.007523
1067,0.000252726700885864,0.0193083221386245,0.000197539613832618,0.000329874240422757,0.000105640487455083,0.000336887348085568,0.000336887348085568,0.000580029679319616,1.00554698068052e-07,0.000317103607781514,8.4676651997886e-05,0.00920199174080731,3.29570471249258e-05,0.00574082286130881,1,0.0083244
1068,0.000253278248003864,0.0189285354343345,0.000197592634107494,0.000326383805706848,0.000108190873044315,0.000330261122508446,0.000330261122508446,0.000574948330306916,1.0052061115124e-07,0.000317049855939471,8.4597676261542e-05,0.00919769950920022,3.29265305299919e-05,0.00573816438680454,1,0.007369
1069,0.000253864682958046,0.0185527052274938,0.000197632507280574,0.000322768087116697,0.000103989469037218,0.000323703822765253,0.000323703822765253,0.000568637954629201,1.00486866217752e-07,0.000316996634394992,8.45188415308235e-05,0.00919341294247264,3.28960642255441e-05,0.00573550906420207,1,0.0077691
1070,0.000254485756930497,0.0181812150749684,0.00019765925858357,0.000319006070337592,0.000103832399029468,0.000317222138754403,0.000317222138754403,0.000563091037014386,1.00453479427344e-07,0.000316943968908297,8.44401482878189e-05,0.00918913207478372,3.28656497732314e-05,0.00573285703408269,1,0.007968
1071,0.000255141199282301,0.0178139478616815,0.000197672973399238,0.000315501628021327,0.000104927196814735,0.000310814027026041,0.000310814027026041,0.000558022336792936,1.00420466870989e-07,0.000316891885145374,8.43615966917783e-05,0.00918485692277122,3.28352879267004e-05,0.00573020836677868,1,0.0075062
1072,0.000255830714722411,0.0174506704903056,0.000197673653333426,0.000311975820077378,0.000102817048752132,0.000304475420634276,0.000304475420634276,0.000552438575528355,1.00387844564761e-07,0.000316840408667773,8.42831858631291e-05,0.0091805874465161,3.28049771234642e-05,0.00572756293055469,1,0.0085174
1073,0.000256553980831169,0.0170913573808825,0.000197661367557956,0.000308888046707953,0.000107049278419429,0.000298205871683166,0.000298205871683166,0.000548401767967319,1.00355628442222e-07,0.000316789564920031,8.42049170454552e-05,0.00917632372170115,3.27747205936706e-05,0.00572492101200275,1,0.0074813
1074,0.000257310654670045,0.0167354287209644,0.000197636082711442,0.0003058276591465,0.000103381579489042,0.000291995263795641,0.000291995263795641,0.000542957361583029,1.00323834349638e-07,0.000316739379221527,8.41267884473649e-05,0.00917206565869243,3.27445147946876e-05,0.00572228230644798,1,0.0086336
1075,0.000258100362905935,0.0163830436135745,0.000197597817218208,0.000303052327215984,0.000107303940635353,0.000285846369092013,0.000285846369092013,0.00053923660234377,1.00292478036134e-07,0.000316689876750321,8.40488014591472e-05,0.00916781334120341,3.27143633004519e-05,0.00571964713076356,1,0.0082847
1076,0.000258922714043799,0.0160335659135682,0.000197546570579981,0.000300667506138136,0.000107187090226437,0.000279748086839504,0.000279748086839504,0.000535037602423059,1.00261575149341e-07,0.000316641082535639,8.39709552358915e-05,0.00916356673113103,3.26842647243412e-05,0.00571701536855913,1,0.007612
1077,0.000259777288598178,0.0156869560642872,0.000197482236744671,0.000297937158887411,0.00010297021688384,0.000273699722191267,0.000273699722191267,0.000529918224133649,1.00231141225964e-07,0.000316593021442298,8.38932485117396e-05,0.00915932576731167,3.26542168378013e-05,0.00571438682955584,1,0.0086155
1078,0.000260663641153753,0.0153435765998227,0.000197404850615056,0.000295351145199409,0.000105950507513479,0.000267707594096223,0.000267707594096223,0.000526390233930799,1.00201191682915e-07,0.000316545718156027,8.38156824989072e-05,0.00915509052379643,3.26242228107212e-05,0.00571176179569152,1,0.0076665
1079,0.000261581309107565,0.0150030748446725,0.000197314397998146,0.000292712958092576,0.000102394740265827,0.00026176554502122,0.00026176554502122,0.000521622788488759,1.00171741812286e-07,0.000316499197174789,8.37382556294304e-05,0.00915086092285477,3.25942797046179e-05,0.00570914001445208,1,0.0074072
1080,0.000262529803429918,0.0146659021943149,0.000197210848119463,0.00028957868030072,9.91113147493335e-05,0.000255881444070738,0.000255881444070738,0.000516732660099022,1.00142806771431e-07,0.000316453482792386,8.36609674414791e-05,0.00914663694706853,3.25643869901506e-05,0.00570652144394031,1,0.0078255
1081,0.000263508615394799,0.0143324376204356,0.000197094298844483,0.000286427337151474,9.99646814576852e-05,0.000250061897464349,0.000250061897464349,0.000512728627207994,1.00114401575886e-07,0.000316408599086507,8.35838184342669e-05,0.00914241863153657,3.25345462543013e-05,0.0057039062276918,1,0.0084382
1082,0.000264517221480529,0.014002363405049,0.000196964864492154,0.000283834110929562,0.000103824840929817,0.000244301357527732,0.000244301357527732,0.000509736297085957,1.00086541094263e-07,0.00031636456990988,8.35068092038217e-05,0.00913820601670928,3.25047592451233e-05,0.00570129452362561,1,0.0085776
1083,0.000265555082215725,0.0136749285954286,0.000196822571382143,0.00028184117916865,0.000106295242970934,0.00023858671661614,0.00023858671661614,0.000506908602543122,1.00059240042182e-07,0.000316321418879883,8.34299395335794e-05,0.00913399909861936,3.24750259634643e-05,0.00569868633664499,1,0.00797
1084,0.00026662163830242,0.01334970450216,0.000196667352789834,0.000279844163749213,0.000103896449019496,0.000232910486756666,0.000232910486756666,0.000503149727739306,1.00032512973888e-07,0.000316279169364484,8.33532081868219e-05,0.00912979781741206,3.2445344327685e-05,0.00569608148885574,1,0.0080082
1085,0.000267716309717499,0.0130269389890664,0.000196499185875802,0.000277628286820105,0.000102628341891741,0.000227276982561975,0.000227276982561975,0.00049958774801549,1.0000637427298e-07,0.000316237844466756,8.32766149884175e-05,0.00912560217127711,3.24157144877271e-05,0.00569347999800887,1,0.0078594
1086,0.000268838500967902,0.0127068107805895,0.000196318113509032,0.000275272229940006,0.000101358003639846,0.000221689312951412,0.000221689312951412,0.000496031895620866,9.99808381452908e-08,0.000316197467012769,8.32001595857039e-05,0.00912141214865899,3.23861361906959e-05,0.00569088184648881,1,0.007815
1087,0.000269987602414216,0.012389463670125,0.000196124203753487,0.00027282814093371,0.000100672903934343,0.000216149978056634,0.000216149978056634,0.000492632366252891,9.99559186119993e-08,0.000316158059539844,8.31238417633143e-05,0.00911722774549996,3.23566094681854e-05,0.00568828704164843,1,0.0079798
1088,0.000271162991872166,0.0120749145711487,0.00019591754810891,0.000270478983007843,0.000101394027140378,0.000210659264137547,0.000210659264137547,0.000489660073549627,9.99316295031289e-08,0.000316119644285402,8.30476615475279e-05,0.00911304897098265,3.23271348710932e-05,0.00568569563651566,1,0.0073914
1089,0.000272364035570704,0.0117630971124798,0.000195698214962845,0.00026797716897257,9.90725123999827e-05,0.000205216003582365,0.000205216003582365,0.000486062892627896,9.99079844511264e-08,0.000316082243175928,8.29716180173057e-05,0.00910887578229639,3.22977109015848e-05,0.00568310750396161,1,0.0079439
1090,0.000273590088049185,0.0114541975632601,0.000195466315416714,0.000265577239793219,0.0001009661163088,0.000199823436910052,0.000199823436910052,0.000483476406280795,9.98849968839958e-08,0.000316045877815224,8.28957117158544e-05,0.00910470821695316,3.22683392169867e-05,0.00568052279433739,1,0.0081629
1091,0.00027484049607553,0.0111478405523312,0.000195221965407827,0.000263608368984982,0.000103391034343632,0.000194475002619043,0.000194475002619043,0.00048133577030419,9.98626800200169e-08,0.000316010569475163,8.28199426713154e-05,0.00910054628422467,3.22390203618098e-05,0.00567794156026723,1,0.0080758
1092,0.000276114597868886,0.0108435715629669,0.000194965222137996,0.000261923278964859,0.000104203272046859,0.000189162755368955,0.000189162755368955,0.000479093600996721,9.98410468617168e-08,0.00031597633908525,8.27443104259008e-05,0.00909638996667913,3.22097539002626e-05,0.00567536376810003,1,0.0086543
1093,0.000277411723063334,0.0105410797710962,0.000194696131799016,0.000260656764193204,0.000107441417842013,0.000183881254434581,0.000183881254434581,0.000477699513603825,9.98201101894672e-08,0.000315943207221594,8.26688153539881e-05,0.00909223929260488,3.21805411477477e-05,0.00567278953846762,1,0.0075398
1094,0.000278731194042044,0.0102400033063992,0.000194414697611904,0.000259215976347891,0.000103407843845074,0.000178624164970387,0.000178624164970387,0.000474674340918619,9.97998825554112e-08,0.000315911194096397,8.25934556651178e-05,0.00908809417122852,3.21513789857742e-05,0.00567021860123348,1,0.008034
1095,0.000280072325173458,0.00994080137834133,0.000194120969471965,0.00025758076996949,0.000103859739961929,0.000173399482472192,0.000173399482472192,0.000472610101072225,9.97803762766647e-08,0.000315880319546288,8.25182318337411e-05,0.00908395463626614,3.21222688714142e-05,0.00566765108942092,1,0.0078722
1096,0.000281434426780315,0.00964345253821723,0.000193815048947551,0.000255992563753551,0.000103735808119306,0.000168206811855143,0.000168206811855143,0.000470522237309937,9.97616034302236e-08,0.000315850603023365,8.24431434754766e-05,0.00907982067419156,3.20932105158095e-05,0.00566508698219273,1,0.0075799
1097,0.000282816805492597,0.00934799102770081,0.00019349703236129,0.000254276792955428,0.00010252519409977,0.000163046728589578,0.000163046728589578,0.000468202438772449,9.97435758477612e-08,0.000315822063586066,8.23681900297593e-05,0.00907569226173736,3.20642032529494e-05,0.00566252622536527,1,0.0077138
1098,0.00028421876519558,0.00905456048074146,0.000193167038670282,0.000252542201574183,0.000103009443799709,0.000157921716109399,0.000157921716109399,0.000466322205689671,9.97263051106406e-08,0.000315794719890375,8.22933715109704e-05,0.00907156940727294,3.20352475933127e-05,0.00565996886858159,1,0.0082034
1099,0.000285639608421711,0.00876298964108391,0.000192825196018943,0.000251178175915693,0.000106139923025985,0.000152828756947443,0.000152828756947443,0.000465316310994729,9.97098025453892e-08,0.00031576859018178,8.22186882969197e-05,0.00906745213921307,3.20063448154102e-05,0.00565741502944677,1,0.0083788
1100,0.000287078636915659,0.00847272882613867,0.000192471596233694,0.000250301770395829,0.00010881248629246,0.00014775821938251,0.00014775821938251,0.000464562379048042,9.96940792192328e-08,0.000315743692287325,8.21441402331989e-05,0.00906334045665277,3.19774951503359e-05,0.00565486473315993,1,0.0084986
1101,0.000288535151631823,0.0081832850929174,0.000192106286231709,0.000249789571464055,0.000110682626865386,0.000142701453581751,0.000142701453581751,0.000463898577451231,9.96791459354071e-08,0.000315720043607319,8.20697270285277e-05,0.00905923435112083,3.19486985960705e-05,0.00565231798433797,1,0.0080216
1102,0.000290008453058618,0.0078944112889187,0.000191729296789771,0.000249232265336292,0.000109127223068235,0.00013765409337374,0.00013765409337374,0.000462465980866884,9.96650132284289e-08,0.000315697661106998,8.19954476707735e-05,0.00905513377431684,3.19199537222635e-05,0.00564977466119344,1,0.0090109
1103,0.000291497841903705,0.00760616931577786,0.000191340671171684,0.000248973067509574,0.00011329258655243,0.000132617163227877,0.000132617163227877,0.000462631950501255,9.96516913595315e-08,0.000315676561308456,8.1921303138272e-05,0.00905103878780066,3.18912629753629e-05,0.00564723498496059,1,0.0077097
1104,0.000293002619502787,0.00731817003090328,0.000190940468726954,0.000248542287050774,0.000108923250519192,0.00012758379745037,0.00012758379745037,0.000460717172585239,9.96391903121365e-08,0.000315656760282647,8.18472913241188e-05,0.0090469492827206,3.18626228211261e-05,0.00564469864750335,1,0.0080488
1105,0.000294522089686459,0.00703098759018924,0.000190528772796054,0.000247742381613419,0.000108448931416507,0.000122563953055987,0.000122563953055987,0.000459609214505807,9.96275197881556e-08,0.000315638273642718,8.17734125452102e-05,0.00904286528403526,3.18340342901898e-05,0.00564216574465779,1,0.0079627
1106,0.000296055558565693,0.00674479680337673,0.000190105714229675,0.000246885057693119,0.000108379791320395,0.000117560600944699,0.000117560600944699,0.000458634090933903,9.96166892040412e-08,0.000315621116536966,8.1699666553062e-05,0.00903878678546308,3.18054973634199e-05,0.00563963627935525,1,0.0092665
1107,0.000297602335404672,0.00645942570957791,0.00018967141243504,0.000246680471435249,0.000115286789865464,0.000112570636293441,0.000112570636293441,0.000459776691279907,9.96067076871797e-08,0.00031560530364235,8.16260547446183e-05,0.00903471387176253,3.17770153015419e-05,0.00563711054544275,1,0.0081703
1108,0.000299161732080647,0.00617401393263601,0.00018922597520156,0.000246724905548433,0.000113241830064981,0.000107578891284987,0.000107578891284987,0.000458925534281063,9.95975840718858e-08,0.000315590849157395,8.15525751037351e-05,0.00903064643886223,3.17485848461117e-05,0.00563458825879156,1,0.0094118
1109,0.000300733065823043,0.00588861404883197,0.00018876946303419,0.000247058560992152,0.00011825453146011,0.00010258613166414,0.00010258613166414,0.000460064342304707,9.95893268967798e-08,0.000315577766797314,8.14792289216749e-05,0.00902658456569676,3.17202089838681e-05,0.00563206968918781,1,0.0077816
1110,0.000302315656644769,0.00560281458369854,0.000188301977421231,0.000247133838867661,0.000112535497046098,9.75849703319653e-05,9.75849703319654e-05,0.000458425752568011,9.95819444007039e-08,0.000315566069786826,8.14060135390163e-05,0.00902252811239823,3.16918832298806e-05,0.0056295544432824,1,0.0084863
1111,0.00030390883180659,0.00531735351091544,0.000187823637179508,0.000246837465140881,0.000113239175323213,9.25880968729587e-05,9.25880968729587e-05,0.000458260810391079,9.95754445210003e-08,0.000315555770856754,8.13329298211327e-05,0.00901847713425791,3.16636096002582e-05,0.00562704270467696,1,0.0077287
1112,0.000305511922526593,0.00503240427337911,0.000187334617970249,0.00024625541235542,0.000110488352563008,8.75982812118536e-05,8.75982812118536e-05,0.000457160434068891,9.95698348899615e-08,0.000315546882237745,8.12599766429325e-05,0.00901443157625219,3.16353863440684e-05,0.00562453432241891,1,0.0080246
1113,0.000307124267249857,0.00474839877880008,0.000186835124642126,0.000245497593915711,0.000111186346184001,8.26227657064749e-05,8.26227657064749e-05,0.000456872464836887,9.95651228330377e-08,0.000315539415656805,8.11871543211052e-05,0.00901039146325537,3.16072144748845e-05,0.00562202939114378,1,0.0080825
1114,0.000308745210159363,0.00446533125252222,0.000186325363612236,0.000244873926395022,0.000112654920032568,7.76610512644993e-05,7.76610512644993e-05,0.000456912397834289,9.95613153662185e-08,0.000315533382332549,8.11144627722885e-05,0.00900635679796712,3.15790942856182e-05,0.00561952794152838,1,0.007798
1115,0.000310374102553004,0.00418309898284862,0.000185805560781526,0.00024425992667207,0.000112605903533223,7.27108296878498e-05,7.27108296878498e-05,0.000456649847746612,9.9558419194173e-08,0.000315528792971692,8.10419013967828e-05,0.00900232755440407,3.15510250628383e-05,0.00561702991471812,1,0.0081193
1116,0.000312010303712092,0.00390173149474928,0.000185275910052946,0.000243797339273248,0.00011489715579045,6.77719644741615e-05,6.77719644741614e-05,0.000457114249877579,9.95564407088938e-08,0.000315525657766359,8.096947043983e-05,0.00899830375347654,3.15230077304476e-05,0.00561453539755941,1,0.008637
1117,0.000313653179046919,0.00362089714802605,0.000184736560593577,0.000243865542430309,0.000119405305286577,6.28377639255717e-05,6.28377639255717e-05,0.000458505998455747,9.95553859873336e-08,0.000315523986389836,8.08971703120867e-05,0.00899428542531794,3.14950435853457e-05,0.00561204451027838,1,0.0077706
1118,0.000315302100716354,0.00334015915051643,0.000184187709062993,0.000243952088316297,0.000117579720262034,5.78993602342592e-05,5.78993602342592e-05,0.000458341196969266,9.95552607894167e-08,0.000315523787992945,8.08249993875257e-05,0.00899027248683407,3.1467130082239e-05,0.00560955703083933,1,0.0078886
1119,0.000316956451112143,0.0030598890222813,0.000183629523585246,0.000243827077382602,0.000117738009620066,5.29616614315387e-05,5.29616614315387e-05,0.000458636223157835,9.95560705580603e-08,0.000315525071203637,8.07529576965495e-05,0.00898626494693705,3.14392676554284e-05,0.00560707300250571,1,0.0072862
1120,0.000318615619542955,0.00278042302351207,0.00018306219536375,0.000243377689269917,0.000115662784868867,4.80283310295704e-05,4.80283310295704e-05,0.00045825012996305,9.95578204173984e-08,0.000315527844123777,8.06810443353755e-05,0.00898226276254349,3.1411454949359e-05,0.00560459230893372,1,0.0084696
1121,0.000320279002840592,0.00250213354309935,0.00018248582939363,0.000243328827986953,0.000121727244880759,4.31027007472551e-05,4.31027007472551e-05,0.000460231754769341,9.95605151714066e-08,0.000315532114326587,8.06092608999899e-05,0.00897826602969582,3.13836954022093e-05,0.00560211526141772,1,0.0081469
1122,0.00032194600082386,0.00222452630344828,0.000181900563939523,0.00024381381385369,0.000123944188436591,3.81710705354976e-05,3.81710705354976e-05,0.000461575329545546,9.95641592999939e-08,0.000315537888850125,8.05376065246644e-05,0.00897427470744374,3.13559879537658e-05,0.00559964177012832,1,0.0079133
1123,0.000323616022514304,0.00194775587740967,0.000181306569400489,0.000244340206823245,0.000124181224099347,3.322827734209e-05,3.322827734209e-05,0.000462469629772984,9.9568756958701e-08,0.000315545174196502,8.04660804976242e-05,0.00897028876333556,3.13283317733355e-05,0.00559717176557371,1,0.0167078
1124,0.000325288480893438,0.00167186751052588,0.000180703438602644,0.000248041674051572,0.000177059007530015,2.82616894153875e-05,2.82616894153875e-05,0.000481863405302436,9.95743119754654e-08,0.0003155539763265,8.03946980348517e-05,0.00896630905305253,3.13007520887725e-05,0.0055947075069902,1,0.009874
1125,0.000326962763664348,0.00139224505664019,0.000180090822623711,0.000255576966520859,0.000160057620293133,2.31609696488277e-05,2.31609696488277e-05,0.000480484999655648,9.95808278304411e-08,0.00031556430062737,8.03234412951184e-05,0.00896233458955413,3.12732244030534e-05,0.00559224681170756,1,0.0079187
1126,0.000328638295992541,0.00111305834680456,0.000179469450936385,0.000259308540718932,0.000135567391564541,1.79436196834359e-05,1.79436196834359e-05,0.0004756145924369,9.95883076721484e-08,0.000315576151938242,8.02523069860113e-05,0.0089583651960618,3.12457418000202e-05,0.00558978906578953,1,0.0076445
1127,0.000330314520066868,0.000845522037333842,0.000178839153188308,0.000259985949362079,0.000122719595014586,1.2684619450809e-05,1.2684619450809e-05,0.000473245909680322,9.95967543220995e-08,0.00031558953455731,8.01812969192012e-05,0.00895440098047889,3.12183057333148e-05,0.00558733440321186,1,0.007661
1128,0.00033199087279507,0.000610522008779759,0.000178199967865846,0.000259296673223505,0.000118583083275218,7.42750412818793e-06,7.42750412818793e-06,0.000472634555202203,9.96061702665118e-08,0.000315604452228595,8.01104122441157e-05,0.00895044201389606,3.11909180681181e-05,0.00558488299502488,1,0.0074524
1129,0.000333666791123039,0.00046087964797091,0.00017755220118194,0.000258084878364736,0.000117454117020116,2.18947573493722e-06,2.18947573493722e-06,0.000472574110050218,9.96165576511281e-08,0.000315620908133679,8.00396530891515e-05,0.00894648831045743,3.11635791868723e-05,0.00558243487976997,1,0.0081467
1130,0.000335341717896378,0.00048153245104344,0.000176896161297755,0.000257181887981235,0.00012245223380057,-3.0257718854898e-06,-3.0257718854898e-06,0.000474293185086644,9.96279182795446e-08,0.000315638904889028,7.99690206121039e-05,0.00894253994187915,3.11362916621584e-05,0.00557999029229966,1,0.008054
1131,0.000337015101816339,0.00065528661209751,0.000176232205028878,0.000256818188810717,0.00012596007783575,-8.2293595777827e-06,-8.2293595777827e-06,0.00047601396527811,9.96402536116159e-08,0.000315658444543491,7.98985144836185e-05,0.00893859689680761,3.11090552404939e-05,0.00557754921452907,1,0.0080458
1132,0.000338686402898362,0.000896973590394884,0.000175560708012015,0.000256802784524235,0.000128759489513123,-1.34298656213616e-05,-1.34298656213616e-05,0.00047780937775467,9.96535647652348e-08,0.000315679528581178,7.98281344370795e-05,0.0089346591673706,3.10818698120019e-05,0.00557511164121419,1,0.0081111
1133,0.000340355091994235,0.00116525637058306,0.000174881981015784,0.000257098544757065,0.000131641388078684,-1.86336200336257e-05,-1.86336200336257e-05,0.00047986251058059,9.96678525179985e-08,0.000315702157924203,7.975788036258e-05,0.00893072675444613,3.1054735565623e-05,0.00557267759390609,1,0.0071412
1134,0.000342020651144819,0.00144564526810301,0.000174196442655095,0.000257081938187155,0.00012881931970446,-2.38429964394271e-05,-2.38429964394271e-05,0.000480254810998607,9.96831173092608e-08,0.000315726332936074,7.96877505251205e-05,0.008926799567881,3.10276495754462e-05,0.00557024681458965,1,0.0088596
1135,0.000343682574312731,0.00173223368219466,0.000173504172926177,0.000257715533529437,0.00013849047306255,-2.90543134582322e-05,-2.90543134582322e-05,0.000484491860100895,9.96993592428088e-08,0.000315752053426116,7.96177478659463e-05,0.00892287777939081,3.10006175713648e-05,0.00556781982209956,1,0.0083142
1136,0.000345340355968723,0.00202364952583629,0.000172805360831041,0.000259154353234513,0.000141477054926104,-3.42891705056303e-05,-3.42891705056303e-05,0.000487386752328541,9.97165780827893e-08,0.000315779318643241,7.95478709275488e-05,0.00891896131438795,3.09736375048389e-05,0.00556539643734738,1,0.007508
1137,0.000346993504977619,0.00231888165103148,0.000172100420068864,0.000260301708420093,0.00013881931242219,-3.95525970642296e-05,-3.95525970642296e-05,0.000488557898791299,9.97347732581753e-08,0.000315808127283285,7.9478117908985e-05,0.00891505007888262,3.09467065204298e-05,0.00556297640840134,1,0.0075881
1138,0.000348641543319934,0.00261667944516423,0.000171389539747004,0.00026111221976243,0.000139115760968982,-4.48353003292823e-05,-4.48353003292823e-05,0.000490452653416825,9.97539438666729e-08,0.000315838477495496,7.94084891092453e-05,0.00891114409653695,3.09198252862043e-05,0.0055605597997148,1,0.0076044
1139,0.000350283998587046,0.00291645180397441,0.000170672829145689,0.000261948312426199,0.000140933806132313,-5.01346357246746e-05,-5.01346357246746e-05,0.000492847169062143,9.97740886742229e-08,0.000315870366882085,7.93389846397307e-05,0.00890724338051513,3.08929942482311e-05,0.00555814665587649,1,0.0080021
1140,0.000351920404029783,0.00321813358762207,0.000169950370146894,0.000263207157733287,0.00014560290747919,-5.54543957793641e-05,-5.54543957793641e-05,0.000496350731380277,9.979520611466e-08,0.000315903792498064,7.9269605147984e-05,0.00890334797410412,3.08662148940044e-05,0.00555573711527142,1,0.007157
1141,0.000353550299355197,0.0035219376326903,0.000169222435370745,0.000264400402506665,0.000144196485937093,-6.08015756977665e-05,-6.08015756977664e-05,0.000498109159017576,9.9817294289997e-08,0.000315938750852118,7.92003488005575e-05,0.00889945778126721,3.08394843415113e-05,0.00555333092310474,1,0.0084479
1142,0.000355173234425573,0.00382768731692494,0.000168488993432025,0.000266174252403454,0.000152409940728237,-6.61753079711502e-05,-6.61753079711502e-05,0.000503067687085682,9.98403509731514e-08,0.000315975237911377,7.91312180897845e-05,0.00889557294893277,3.08128072045029e-05,0.00555092849931459,1,0.0085239
1143,0.000356788758212328,0.00413641489533171,0.000167750030409346,0.000268909343828316,0.000158201128886971,-7.15952649450458e-05,-7.15952649450458e-05,0.000507927263734851,9.98643736039594e-08,0.000316013249095603,7.90622126409791e-05,0.00889169346305748,3.0786183433078e-05,0.00554852984429912,1,0.0078132
1144,0.00035839642827033,0.00444874903886179,0.000167005826912088,0.000271705878958452,0.000157114480169308,-7.7073575855735e-05,-7.7073575855735e-05,0.000510760987171562,9.9889359291191e-08,0.000316052779280915,7.89933303543926e-05,0.00888781921251735,3.07596099895316e-05,0.00554613468909038,1,0.0102553
1145,0.000359995810617358,0.00476482183361134,0.000166256101675373,0.000275689806220057,0.000172545071705661,-8.26133838529586e-05,-8.26133838529586e-05,0.000519548492324836,9.9915304814659e-08,0.000316093822803703,7.89245762935031e-05,0.00888395048914069,3.07330955817406e-05,0.00554374382360338,1,0.008667
1146,0.000361586464510681,0.00508646297195759,0.000165500943204708,0.000280430935119887,0.000170292246904234,-8.82473195176203e-05,-8.82473195176203e-05,0.00052312272583838,9.99422066178899e-08,0.000316136373449639,7.88559454742123e-05,0.00888008701951801,3.07066332158942e-05,0.00554135662233485,1,0.0076456
1147,0.000363167967960024,0.00541315875758563,0.000164740881272114,0.000283942593935371,0.00016209499894925,-9.39668693593632e-05,-9.39668693593631e-05,0.000524265871036119,9.99700608169608e-08,0.00031618042446831,7.87874353689196e-05,0.00887622866812925,3.06802186887451e-05,0.00553897271059762,1,0.0106281
1148,0.00036473990583697,0.00574391628966907,0.000163975417647863,0.000288185135898071,0.000178057901371819,-9.97550717904971e-05,-9.97550717904971e-05,0.000533599604726879,9.99988632020593e-08,0.000316225968576364,7.87190532201124e-05,0.00887237584979989,3.06538638324013e-05,0.00553659316117785,1,0.0089223
1149,0.000366301848797662,0.00608052945227539,0.000163204567123829,0.000293241770852739,0.000175369733869979,-0.00010564358948173,-0.00010564358948173,0.00053742034343224,1.00028609225759e-07,0.000316272997939689,7.86507936617185e-05,0.00886852826920671,3.06275610414055e-05,0.00553421729257223,1,0.0070749
1150,0.000367853387835692,0.00642225712186968,0.0001624291728365,0.000296414441803061,0.000161397851435063,-0.000111619724233236,-0.000111619724233236,0.000536818593300902,1.00059294013338e-07,0.000316321504190496,7.85826522534927e-05,0.00886468568272405,3.06013026770991e-05,0.00553184441909741,1,0.0077079
1151,0.000369394129078542,0.00676679167608577,0.000161649269165861,0.000298316628842285,0.00015976162504509,-0.000117643399278222,-0.000117643399278222,0.000539488059904558,1.00090912370058e-07,0.000316371478439599,7.85146317453375e-05,0.00886084825202065,3.05750925733419e-05,0.00552947489128416,1,0.0074881
1152,0.000370923674964429,0.00711343416453645,0.000160864881881373,0.000299921289877784,0.000159737401125765,-0.00012370261045902,-0.00012370261045902,0.000542535371937767,1.0012345877655e-07,0.000316422911269949,7.84467321905497e-05,0.00885701598680671,3.05489307260334e-05,0.00552710871306449,1,0.0073666
1153,0.000372441633352512,0.00746193729314206,0.000160076316436108,0.000301404181452627,0.000160681108166627,-0.00012979320850981,-0.00012979320850981,0.000545858360004683,1.00156927390147e-07,0.000316475792739583,7.83789535514852e-05,0.00885318889166413,3.0522817038539e-05,0.00552474587999656,1,0.0074627
1154,0.000373947620083299,0.00781228126842094,0.000159283872427452,0.000303033353537504,0.000163519537313217,-0.000135914990920583,-0.000135914990920583,0.000549879402926992,1.00191312048012e-07,0.00031653011238745,7.83112961977645e-05,0.00884936699418464,3.04967521697183e-05,0.00552238645602771,1,0.0077721
1155,0.000375441258699624,0.0081648201289244,0.000158487817740667,0.000305177323506521,0.000168611039413985,-0.000142074256958225,-0.000142074256958225,0.000554927483391838,1.00226606270251e-07,0.000316585859239245,7.82437608283394e-05,0.00884555034061417,3.04707374308915e-05,0.00552003056430773,1,0.0076753
1156,0.000376922181274557,0.00852019011394122,0.000157688538349845,0.000307781729710804,0.000171874464569974,-0.000148282208202843,-0.000148282208202843,0.000559749692058652,1.00262803263734e-07,0.000316643021814368,7.81763469519462e-05,0.00884173890996257,3.04447721879952e-05,0.00551767815190368,1,0.0073456
1157,0.000378390032278702,0.00887870113784653,0.000156886529914942,0.000310432817324644,0.000172483590246815,-0.000154544331500972,-0.000154544331500972,0.000563848313203716,1.00299895928612e-07,0.000316701588137181,7.81090535880467e-05,0.00883793265351387,3.0418854887756e-05,0.00551532908245338,1,0.0070324
1158,0.000379844469346313,0.00924021342910966,0.000156082255112175,0.000312847317642154,0.000172091201354664,-0.000160858251938123,-0.000160858251938123,0.000567574684680172,1.00337876865542e-07,0.000316761545749388,7.80418800884221e-05,0.00883413154126777,3.03929843522814e-05,0.00551298325340114,1,0.0069841
1159,0.000381285161262257,0.00960446872420628,0.000155276054352736,0.000315144715931402,0.000173253696334405,-0.000167219516328032,-0.000167219516328032,0.000571770711073518,1.00376738381791e-07,0.000316822881720673,7.79748266299731e-05,0.00883033558988406,3.0367160713683e-05,0.00551064068087214,1,0.0078864
1160,0.000382711784076937,0.00997171638884232,0.000154467985799809,0.000318239667134713,0.000181629544805946,-0.000173632520423794,-0.000173632520423794,0.000578691729369793,1.00416472494972e-07,0.000316885582655589,7.79078956450487e-05,0.00882654494380721,3.03413879677966e-05,0.00550830173173153,1,0.0074936
1161,0.000384124018693816,0.0103430413855703,0.000153658428013045,0.000321970880607765,0.000184343182653043,-0.000180116230957594,-0.000180116230957594,0.000584292176384575,1.00457070935319e-07,0.000316949634698194,7.78410855689955e-05,0.00882275952120398,3.03156638381108e-05,0.00550596620386565,1,0.0070041
1162,0.000385521560910053,0.0107186764096231,0.000152847971151176,0.000325520676285767,0.000183149920304999,-0.000186674738532844,-0.000186674738532844,0.000588637819776373,1.0049852515476e-07,0.000317015023547403,7.77743948709868e-05,0.00881897924200907,3.02899858204236e-05,0.00550363387412568,1,0.0070641
1163,0.000386904119151798,0.0110983061179196,0.00015203691626017,0.000328919591586927,0.000184227870850324,-0.000193302569050147,-0.000193302569050147,0.000593682141997951,1.00540826334693e-07,0.000317081734470299,7.77078239884544e-05,0.00881520413765072,3.02643543484871e-05,0.00550130478600187,1,0.0072625
1164,0.000388271408536764,0.0114819859437084,0.000151225424360712,0.000332581844300104,0.000187576848052439,-0.000200000713283188,-0.000200000713283188,0.000599649160149163,1.00583965389979e-07,0.000317149752309503,7.76413736062609e-05,0.0088114342536423,3.02387703648279e-05,0.00549897902931334,1,0.0094517
1165,0.000389623147434454,0.0118706542472578,0.000150413172646243,0.000338186741696305,0.000205949059427346,-0.000206785561543299,-0.000206785561543299,0.000611669836096806,1.00627932970774e-07,0.000317219061487128,7.75750498005803e-05,0.00880766994162363,3.02132433342355e-05,0.00549665746924761,1,0.0068662
1166,0.000390959054723689,0.0122664241622239,0.000149601041465587,0.000343880324721527,0.00019643159413705,-0.000213693993611486,-0.000213693993611486,0.000614738002987519,1.00672719462627e-07,0.000317289646006022,7.75088429849815e-05,0.00880391066430035,3.01877594050011e-05,0.00549433885058076,1,0.0075861
1167,0.000392278876452146,0.0126681370638841,0.00014878957232278,0.000348822855506153,0.00019658766090772,-0.000220705813722688,-0.000220705813722688,0.000620669531272159,1.0071831500457e-07,0.000317361489479379,7.74427559135865e-05,0.00880015658460612,3.01623219316757e-05,0.00549202348244031,1,0.0071485
1168,0.000393582360690153,0.0130754302276072,0.000147978857681487,0.000353455905831937,0.000194781775703019,-0.000227814709822027,-0.000227814709822027,0.000625903605203064,1.00764709490565e-07,0.000317434575134097,7.7376787591163e-05,0.00879640765262519,3.01369290355266e-05,0.00548971119782513,1,0.0074241
1169,0.000394869262213338,0.0134879803496249,0.000147169069927279,0.000358062866115466,0.000196686416592154,-0.000235015055919163,-0.000235015055919163,0.000632370732284312,1.00811892574183e-07,0.000317508885819253,7.73109390925761e-05,0.00879266393606489,3.0111581950672e-05,0.00548740211308339,1,0.0076453
1170,0.000396139339515883,0.0139060268781582,0.000146360343198891,0.000363054210251084,0.000200048860706363,-0.000242311043582077,-0.000242311043582077,0.000639595038415459,1.00859853671395e-07,0.000317584404011588,7.72452110094313e-05,0.00878892547524618,3.00862813383934e-05,0.00548509629253612,1,0.0072516
1171,0.000397392357561766,0.0143299245987411,0.000145553100619424,0.000368079196566531,0.00019936784941195,-0.000249708876756571,-0.000249708876756571,0.000645668970193038,1.00908581965313e-07,0.000317661111824083,7.71796018526505e-05,0.00878519219212935,3.0061024689556e-05,0.00548279351148263,1,0.0069089
1172,0.000398628092283644,0.0147594161560045,0.000144747825244957,0.000372700945272466,0.000197077326176679,-0.00025720408177321,-0.00025720408177321,0.000651121897929675,1.00958066414112e-07,0.000317738991019534,7.71141106904263e-05,0.00878146404026267,3.00358100750597e-05,0.00548049359775739,1,0.0072484
1173,0.000399846327769839,0.0151941534178324,0.000143944706573576,0.000377345557898414,0.000199149865034396,-0.000264790600873255,-0.000264790600873255,0.000658006216352878,1.01008295757178e-07,0.000317818023021316,7.70487388758401e-05,0.00877774110325886,3.00106390005963e-05,0.00547819669239763,1,0.007365
1174,0.00040104685218424,0.0156344280404566,0.000143143974096966,0.000382359007159306,0.000201726328722433,-0.000272473534662865,-0.000272473534662865,0.00066534198698466,1.01059258518583e-07,0.000317898188919948,7.69834866961841e-05,0.00877402340412789,2.99855115204456e-05,0.00547590280414523,1,0.0069094
1175,0.000402229461886388,0.0160805079316246,0.000142346171078826,0.000387299849547873,0.00020008614756464,-0.000280257568409326,-0.000280257568409326,0.000671457681449581,1.01110943013469e-07,0.000317979469484225,7.69183525419047e-05,0.00877031085776922,2.99604247930863e-05,0.00547361167722796,1,0.0074969
1176,0.00040339396356209,0.0165323154178462,0.000141551551124352,0.000392539482960171,0.000203788260837405,-0.000288141358886662,-0.000288141358886662,0.000679439246541031,1.01163337356007e-07,0.000318061845174814,7.68533383285951e-05,0.00876660357998439,2.99353811200418e-05,0.00547132352544079,1,0.0069835
1177,0.000404540169330077,0.0169902750185453,0.000140760607248589,0.000397838124025629,0.000202202760226579,-0.000296132320988463,-0.000296132320988463,0.000685974611699246,1.01216429464117e-07,0.000318145296152744,7.67884421712793e-05,0.00876290146990592,2.99103772818512e-05,0.00546903805818274,1,0.0071508
1178,0.000405667903113161,0.0174542493284428,0.000139973794303766,0.000403107760000323,0.000202609464304384,-0.000304228067181,-0.000304228067181,0.000693186496200403,1.01270207068661e-07,0.000318229802294915,7.67236646376182e-05,0.00875920456648994,2.98854134820547e-05,0.00546675529743692,1,0.0070493
1179,0.000406776996353151,0.017924295492428,0.000139191517599877,0.000408413063697856,0.000202217526632196,-0.000312429602686848,-0.000312429602686848,0.000700287483118584,1.013246577198e-07,0.000318315343205131,7.66590053822504e-05,0.00875551285660928,2.98604886226696e-05,0.00546447514612973,1,0.0075159
1180,0.000407867288745116,0.018400560348787,0.000138414075293473,0.000414114729496589,0.000205215962626773,-0.000320739496634914,-0.000320739496634914,0.000708700456592771,1.0137976879396e-07,0.000318401898226062,7.65944657644156e-05,0.00875182642449081,2.98356040878631e-05,0.00546219773423327,1,0.008159
1181,0.000408938625297124,0.0188837884655203,0.000137641700938458,0.000420730507835693,0.000210819281205599,-0.000329170743537333,-0.000329170743537333,0.000718512885682056,1.01435527498842e-07,0.000318489446448139,7.65300473012509e-05,0.00874814536351854,2.98107615727916e-05,0.00545992322041176,1,0.0084986
1182,0.000409990857393574,0.0193751094207455,0.000136874828253317,0.000428271443767339,0.00021477371951716,-0.000337743052494233,-0.000337743052494233,0.000728507527136839,1.01491920879254e-07,0.000318577966719694,7.64657500727533e-05,0.0087444696850497,2.97859607952365e-05,0.00545765158243328,1,0.0094405
1183,0.000411023845263682,0.0198755621855145,0.000136113826775279,0.000436904863818629,0.000221594461506526,-0.000346474550910969,-0.000346474550910969,0.000740130386094142,1.01548935824729e-07,0.000318667437659904,7.64015759754715e-05,0.00874079950436294,2.97612039414334e-05,0.00545538302426451,1,0.0079062
1184,0.000412037457877115,0.0203860368315902,0.00013535970924785,0.000445184653721705,0.000211136215877598,-0.000355380767228297,-0.000355380767228297,0.000746633176494892,1.01606559077152e-07,0.000318757837671722,7.63375184460161e-05,0.00873713445278348,2.97364816216616e-05,0.00545311668879931,1,0.0081133
1185,0.000413031584662706,0.0209052460123588,0.000134613222098177,0.000452355483724077,0.000204883799542669,-0.000364439249629811,-0.000364439249629811,0.000753953185218637,1.01664777246647e-07,0.000318849144967722,7.62735782999903e-05,0.00873347458346278,2.97117938211205e-05,0.00545085257745249,1,0.0079117
1186,0.000414006120990365,0.0214322160754433,0.000133874664788423,0.000458794900207833,0.000198900797370598,-0.000373633019151498,-0.000373633019151498,0.000761118067444482,1.01723576817449e-07,0.000318941337580203,7.62097551317041e-05,0.00872981987968275,2.96871390210577e-05,0.00544859055362556,1,0.0075381
1187,0.000414960969654627,0.0219660812355856,0.000133144558282495,0.000464416740838849,0.000191812506612957,-0.000382946981591914,-0.000382946981591914,0.000767708010502268,1.0178294415487e-07,0.000319034393372988,7.61460479880291e-05,0.00872617029332049,2.96625149446735e-05,0.0054463304108981,1,0.0085741
1188,0.00041589604092637,0.022506187101636,0.000132423051013979,0.000470138733563916,0.000193713848863336,-0.000392369734216302,-0.000392369734216302,0.000776761390142809,1.01842865512365e-07,0.000319128290053334,7.608245986536e-05,0.00872252600256142,2.96379250727749e-05,0.00544407247130078,1,0.007859
1189,0.000416811248374134,0.0230529070184251,0.000131710775238334,0.000475802348458853,0.000187925268375272,-0.000401907802894286,-0.000401907802894286,0.000784007620173474,1.01903327035711e-07,0.000319223005179312,7.60189882153038e-05,0.00871888686790371,2.9613365062577e-05,0.00544181633855619,1,0.0082866
1190,0.000417706520358426,0.0236058384764498,0.000131008420272325,0.000481245999617769,0.000185335278972913,-0.000411554180741902,-0.000411554180741902,0.000792043240547777,1.01964314775303e-07,0.000319318516179853,7.59556338827656e-05,0.00871525294427911,2.95888353909816e-05,0.005439562058749,1,0.0084877
1191,0.000418581793865671,0.0241649485543247,0.00013031651576518,0.000486761942945586,0.000182916995469689,-0.000421308305789125,-0.000421308305789125,0.000800292864112417,1.02025814694178e-07,0.000319414800368077,7.58923969682279e-05,0.00871162424397586,2.95643355216005e-05,0.00543730958485908,1,0.007628
1192,0.000419437017977478,0.0247300841534144,0.00012963605800997,0.000491660301234075,0.000173417627027636,-0.000431167517376707,-0.000431167517376707,0.000806742506292081,1.02087812678537e-07,0.000319511834958483,7.58292748512004e-05,0.00870800062305926,2.95398610736808e-05,0.00543505851612297,1,0.0091294
1193,0.000420272157058614,0.0253005315771601,0.000128967438929733,0.00049665711605581,0.000175025766659882,-0.0004411193744982,-0.0004411193744982,0.000815815147005523,1.02150294550557e-07,0.000319609597087693,7.57662708943713e-05,0.00870438228103358,2.95154162874208e-05,0.00543280924452726,1,0.0081235
1194,0.00042108718012975,0.025876751684836,0.000128311469573465,0.000501569932200739,0.000166554231036753,-0.000451171922998483,-0.000451171922998483,0.000822839408306172,1.02213246073773e-07,0.000319708063823502,7.57033821119572e-05,0.00870076905290315,2.94909963287452e-05,0.00543056132722439,1,0.0083231
1195,0.000421882075431132,0.0264580955101202,0.000127669144610581,0.000505880491501797,0.000159643380110241,-0.000461313848607148,-0.000461313848607148,0.00083001599870607,1.02276652968749e-07,0.000319807212190014,7.56406085089832e-05,0.00869716094533056,2.94666008078073e-05,0.00542831472998824,1,0.0080947
1196,0.000422656843234606,0.0270439567107252,0.000127041206584256,0.000509636415053152,0.000151412508204348,-0.000471534579808974,-0.000471534579808974,0.00083679331080366,1.02340500923735e-07,0.000319907019184849,7.55779493238127e-05,0.00869355792088675,2.94422283134804e-05,0.00542606932442633,1,0.0078911
1197,0.00042341149689184,0.027633614101665,0.000126428484462311,0.000512729595043156,0.000142522716610827,-0.000481821541590932,-0.000481821541590932,0.000843253666930574,1.02404775606088e-07,0.000320007461797516,7.55154038997717e-05,0.00868995994811091,2.94178777382825e-05,0.0054238250099245,1,0.0081202
1198,0.000424146061932097,0.0282263619196151,0.000125831650316182,0.000515374640192305,0.000135489433824852,-0.000492162428525234,-0.000492162428525234,0.00084994056852635,1.02469462673072e-07,0.000320108517026761,7.54529723430691e-05,0.00868636703939392,2.93935492341662e-05,0.00542158180185139,1,0.0093145
1199,0.000424860572544581,0.0288219816471957,0.000125251104530324,0.000518272092177106,0.000133705153451203,-0.000502553435667963,-0.000502553435667963,0.000857744183257209,1.02534547780186e-07,0.000320210161894007,7.53906560401007e-05,0.00868277928085821,2.93692448184094e-05,0.00541933988769937,1,0.0075438
1200,0.000425555071725482,0.0294206739485366,0.000124688132380491,0.000520589328232783,0.000119378703990637,-0.000512998070400172,-0.000512998070400172,0.00086346877056785,1.02600016589595e-07,0.000320312373456904,7.53284518086654e-05,0.00867919649556717,2.9344959890684e-05,0.00541709884446315,1,0.0077186
1201,0.000426229625464028,0.0300211514860732,0.000124143857946607,0.000521821791875032,0.000107984067178261,-0.00052347387975793,-0.00052347387975793,0.00086924354072104,1.02665854788624e-07,0.000320415128838549,7.52663594960296e-05,0.00867561868087974,2.93206949509758e-05,0.00541485871939202,1,0.008047
1202,0.000426884308392446,0.0306224752095782,0.000123618767167477,0.000522511640481395,9.89850186808629e-05,-0.000533964486168159,-0.000533964486168159,0.000875202249656274,1.02732048098078e-07,0.000320518405240756,7.52043791461808e-05,0.00867204584548426,2.92964508380991e-05,0.0054126195911129,1,0.0076911
1203,0.000427519202695967,0.0312241011727968,0.000123113679338006,0.000522659964231948,8.79360331465343e-05,-0.000544460406040059,-0.000544460406040059,0.000880806963564042,1.0279858227977e-07,0.00032062217995605,7.51425100204625e-05,0.00866847795293168,2.92722272855029e-05,0.00541038143623006,1,0.0078826
1204,0.000428134402119798,0.0318253344649879,0.000122629416267996,0.000522261219920258,7.74519393846675e-05,-0.000554949522664216,-0.000554949522664216,0.000886354873270338,1.02865443146878e-07,0.000320726430384024,7.50807518102805e-05,0.00866491499152072,2.92480249972126e-05,0.00540814432104142,1,0.0073391
1205,0.000428730009713129,0.0324255182947619,0.000122166928933755,0.00052117543923129,6.46216334231888e-05,-0.000565420384333493,-0.000565420384333493,0.000891522891250476,1.02932616572672e-07,0.000320831134045112,7.50191037283348e-05,0.00866135692188786,2.92238441263011e-05,0.00540590826099566,1,0.0079484
1206,0.000429306139097126,0.0330238332244361,0.000121726920414294,0.000519531736438759,5.36450691703802e-05,-0.000575858700848642,-0.000575858700848642,0.000896727342631343,1.03000088500113e-07,0.000320936268595672,7.49575655991463e-05,0.00865780373993002,2.91996861330944e-05,0.00540367339252609,1,0.0080552
1207,0.000429862908630786,0.0336197343625121,0.000121310118427828,0.000517418880649874,4.16193748795303e-05,-0.000586254973068634,-0.000586254973068634,0.000901808019745665,1.03067844947269e-07,0.000321041811836509,7.48961370093412e-05,0.00865425542778472,2.91755521077089e-05,0.00540143981802157,1,0.0075667
1208,0.000430400445050888,0.0342125597155647,0.000120917612486794,0.000514593456792662,2.72714696536843e-05,-0.000596597657938958,-0.000596597657938958,0.000906625738653722,1.03135872015276e-07,0.000321147741725325,7.4834817334855e-05,0.00865071195537425,2.91514431245405e-05,0.0053992076385837,1,0.0091099
1209,0.000430918883324858,0.0348014497941211,0.000120549963123876,0.000511165588327508,1.47853458611031e-05,-0.000606871765345574,-0.000606871765345574,0.000911409271996621,1.03204155896162e-07,0.000321254036388901,7.47736062922795e-05,0.00864717331226104,2.91273612358255e-05,0.00539697704607176,1,0.0086134
1210,0.000431418358247261,0.0353857468013613,0.000120208083658231,0.000507036572802279,3.09454341686676e-06,-0.000617065828688368,-0.000617065828688368,0.000916021001796388,1.03272682874621e-07,0.000321360674125851,7.47125033899518e-05,0.00864363947593558,2.91033080562435e-05,0.00539474819210716,1,0.0091695
1211,0.00043189901388887,0.0359644521999369,0.00011989306063569,0.000501959015097977,1.81462541161839e-05,-0.000627162432573769,-0.000627162432573769,0.000920439109359151,1.03341439336491e-07,0.000321467633419744,7.46515081007397e-05,0.0086401104217909,2.9079285752617e-05,0.0053925212797556,1,0.0075206
1212,0.000432360999718579,0.0365363959211944,0.000119606233487846,0.000495789357108175,3.63444217186443e-05,-0.000637141167004529,-0.000637141167004529,0.000924665338656129,1.03410411774396e-07,0.000321574892947811,7.45906198976768e-05,0.00863658612518145,2.90552967977944e-05,0.00539029654080315,1,0.0079797
1213,0.000432804474972799,0.0371002477360533,0.000119348499076665,0.000488455757268541,5.51051571000626e-05,-0.000646978819268895,-0.000646978819268895,0.000928694484319512,1.03479586796475e-07,0.000321682431594383,7.45298382435527e-05,0.00863306656082025,2.90313440948252e-05,0.00538807424733784,1,0.0079296
1214,0.000433229595618369,0.0376546564778259,0.000119120404452875,0.000479949423442367,7.44917766273199e-05,-0.000656651819276988,-0.000656651819276988,0.000932570045102142,1.03548951125736e-07,0.000321790228449741,7.44691626658307e-05,0.00862955170711844,2.90074308681178e-05,0.00538585470172727,1,0.0074229
1215,0.00043363651605439,0.0381982728470969,0.000118922811894315,0.000470311348930483,9.3935704097541e-05,-0.000666136633109105,-0.000666136633109104,0.000936306399426077,1.03618491600576e-07,0.000321898262810746,7.44085927127507e-05,0.00862604154364855,2.89835606246054e-05,0.005383638233073,1,0.0076894
1216,0.000434025390032206,0.0387297659813553,0.000118756428156689,0.000459451913738569,0.000114952376014738,-0.000675410047367819,-0.000675410047367819,0.000940061580773541,1.03688195175898e-07,0.000322006514182397,7.43481281757958e-05,0.00862253606404727,2.89597372338656e-05,0.00538142520470791,1,0.0077647
1217,0.000434396366376571,0.0392476350946114,0.000118621931004975,0.000447234770436811,0.00013705806815629,-0.000684445888449403,-0.000684445888449403,0.000943822464408218,1.03758048921129e-07,0.00032211496227454,7.42877688271257e-05,0.0086190352608123,2.89359649141757e-05,0.00537921601296841,1,0.0085214
1218,0.000434749588936354,0.0397501759347351,0.000118519967475197,0.000433332392635039,0.000162392538691797,-0.000693214435605327,-0.000693214435605327,0.000947903639294524,1.03828040018139e-07,0.000322223586998437,7.42275149293279e-05,0.00861553915488334,2.8912248650855e-05,0.00537701112616062,1,0.0102541
1219,0.000435085193651801,0.0402351099261501,0.000118451065264731,0.000416984855413553,0.000194520577580121,-0.000701675956783276,-0.000701675956783276,0.000952984051055902,1.03898155757038e-07,0.000322332368460007,7.41673678117498e-05,0.0086120478291606,2.88885950997902e-05,0.00537481116875656,1,0.0082102
1220,0.000435403309184188,0.0406995948261912,0.000118416618690171,0.000398894514704161,0.000214522855401019,-0.000709780892201195,-0.000709780892201195,0.000955678340081696,1.03968383532359e-07,0.0003224412869537,7.41073235111579e-05,0.00860856105926873,2.88650075375504e-05,0.00537261645174401,1,0.0079499
1221,0.000435704070802984,0.0411423908324497,0.000118418040769286,0.000379938798141036,0.000235647293440736,-0.000717507602429279,-0.000717507602429279,0.000958837209046636,1.04038710849133e-07,0.000322550322971677,7.40473825163032e-05,0.00860507887914476,2.88414909640331e-05,0.00537042744705047,1,0.0080196
1222,0.000435987607952595,0.0415623139326575,0.000118455954960199,0.000359718323808079,0.000260275069179263,-0.000724835419273262,-0.000724835419273262,0.000963047986456118,1.04109125320033e-07,0.000322659457199123,7.3987546246997e-05,0.00860160137689471,2.8818051374567e-05,0.0053682447200707,1,0.0080792
1223,0.000436254038980967,0.0419576557547475,0.000118530926028804,0.000337832663342253,0.000287165939102474,-0.000731734536334017,-0.000731734536334017,0.000968103572914594,1.04179614658714e-07,0.000322768670503681,7.39278158122308e-05,0.00859812862268475,2.87946950360555e-05,0.00536606886240342,1,0.0083285
1224,0.000436503471003249,0.0423263055181223,0.000118643537017139,0.000313909289827843,0.000316850361385824,-0.000738168131437789,-0.000738168131437789,0.000974305797240252,1.04250166673043e-07,0.000322877943924702,7.38681928187457e-05,0.00859466071574357,2.8771429065194e-05,0.00536390054579631,1,0.0080405
1225,0.000436735999837319,0.0426658720578682,0.000118794483716115,0.000288063522490462,0.000344195020955756,-0.000744094491777147,-0.000744094491777147,0.000980214110795605,1.04320769258252e-07,0.0003229872586624,7.38086765957941e-05,0.00859119762290416,2.87482587746295e-05,0.00536174027482025,1,0.0081563
1226,0.000436951711069148,0.0429742336303496,0.000118984398349674,0.00026028654260942,0.000373674906826364,-0.000749476597977861,-0.000749476597977861,0.000987435523171812,1.04391410390836e-07,0.000323096596068167,7.37492690528224e-05,0.00858773946116336,2.87251912267276e-05,0.00535958871805735,1,0.0085118
1227,0.000437150677259391,0.0432489286913606,0.000119213757724569,0.000230077872709119,0.000407007094414305,-0.000754271505083892,-0.000754271505083892,0.000996835458526285,1.04462078120451e-07,0.0003232059376318,7.36899735449809e-05,0.00858428643190457,2.87022351923282e-05,0.00535744670457189,1,0.0076897
1228,0.000437332957338837,0.0434872996652272,0.000119483198356862,0.000198205399725726,0.000430906311654847,-0.000758432849181645,-0.000758432849181645,0.00100328348996447,1.04532760561375e-07,0.000323315264968072,7.36307851119323e-05,0.00858083825228819,2.86793918496928e-05,0.00535531435582383,1,0.0082941
1229,0.000437498598415159,0.043687641178534,0.00011979310746057,0.00016431154845854,0.000464578825401623,-0.00076193086436227,-0.00076193086436227,0.00101488079755357,1.04603445885259e-07,0.000323424559805311,7.35717120427063e-05,0.0085773954113534,2.86566724769642e-05,0.005353192736766,1,0.0082039
1230,0.000437647630269015,0.043847119214223,0.000120143759288022,0.000127934849439355,0.00049654634154789,-0.000764716107150676,-0.000764716107150676,0.00102690984868489,1.0467412230997e-07,0.000323533803967948,7.35127549953849e-05,0.00857395795390815,2.8634083105349e-05,0.00535108242371102,1,0.0080193
1231,0.000437780067209759,0.0439630934701368,0.000120535488600999,8.95253335123562e-05,0.000525871326471794,-0.000766742509174634,-0.000766742509174634,0.00103898317575452,1.04744778089772e-07,0.000323642979361166,7.34539139970454e-05,0.00857052588800975,2.86116281779115e-05,0.00534898384535899,1,0.0096806
1232,0.00043789590681266,0.0440326299017317,0.000120968295828635,4.71436633541902e-05,0.000578049262556769,-0.000767958878263642,-0.000767958878263642,0.0010645956818351,1.04815401504637e-07,0.000323752067954225,7.33952122518902e-05,0.00856710057440031,2.85893332466062e-05,0.00534689940494547,1,0.0105108
1233,0.000437995125422092,0.044049666840796,0.000121442229286527,6.7654029564451e-06,0.00063210601259784,-0.000768259491753298,-0.000768259491753298,0.00109419522426002,1.04885980846396e-07,0.000323861051758924,7.3336657548676e-05,0.00856368247593732,2.85672155497464e-05,0.00534483073162719,1,0.0082467
1234,0.000438077684188125,0.044008832445365,0.000121957887257574,5.20064947000848e-05,0.000637967923595834,-0.000767550651145754,-0.000767550651145754,0.00109839412080463,1.0495650440923e-07,0.000323969912814802,7.32782052083972e-05,0.00856026899159116,2.85452450866684e-05,0.00534277503612761,1,0.008122
1235,0.00043814353626533,0.0439111363628793,0.000122515571673856,0.000100414345552734,0.000651690170531295,-0.000765849917790717,-0.000765849917790718,0.0011086580017228,1.05026960485313e-07,0.000324078633182308,7.32198658702242e-05,0.00855686074855868,2.85234258167283e-05,0.00534073270410795,1,0.0085368
1236,0.000438192616726931,0.0437569445468105,0.000123114924666967,0.000149947570913137,0.000681179158594709,-0.000763163632715447,-0.000763163632715447,0.00113000056151599,1.05097337353329e-07,0.000324187194924984,7.31616595881844e-05,0.00855345892538126,2.85017727934259e-05,0.00533870516075068,1,0.0081747
1237,0.000438224839742329,0.0435443746162416,0.000123755564556011,0.000201077509994171,0.000705642687472381,-0.000759458933693224,-0.000759458933693224,0.00115035174325336,1.05167623265063e-07,0.000324295580088694,7.31035849313898e-05,0.0085500634460447,2.84802846970075e-05,0.00533669229926248,1,0.0080026
1238,0.000438240101145345,0.043271976057081,0.000124437039578984,0.000253377728855304,0.000729549957626741,-0.00075471047967568,-0.00075471047967568,0.00117233421118132,1.05237806433873e-07,0.000324403770683808,7.3045645337344e-05,0.00854667451921178,2.84589623361243e-05,0.00533469421205417,1,0.0078771
1239,0.000438238277802098,0.0429384103083219,0.000125158681727277,0.00030692517351904,0.000754024539920262,-0.000748894875549411,-0.000748894875549411,0.00119670332421083,1.05307875022813e-07,0.000324511748666844,7.29878458647926e-05,0.00854329244874554,2.84378070818949e-05,0.00533271104429022,1,0.0080835
1240,0.000438219226705518,0.0425419759611999,0.000125919598845368,0.000362467208541093,0.000784558212123811,-0.000741982397862273,-0.000741982397862273,0.00122723612825351,1.05377817132193e-07,0.000324619495921291,7.29301993024133e-05,0.00853991799155081,2.84168273669405e-05,0.00533074360356419,1,0.0083471
1241,0.000438182784161506,0.0420798944971599,0.000126718734278054,0.000420856783166793,0.000818684322165255,-0.000733924542894115,-0.000733924542894115,0.00126286089639141,1.05447620786668e-07,0.000324726994237726,7.28727171254119e-05,0.00853655182877793,3.12372651296854e-05,0.00558903078625314,1,0.0093015
1242,0.000438123324241673,0.0416248422051394,0.00014716000543735,0.00222450260756844,0.0142367109355266,-0.000725718435431233,-0.000725718435431233,0.0144351566234071,1.05517270083333e-07,0.000324834219384801,7.29818161830744e-05,0.00854293955164582,4.150099067405e-05,0.00644212625412216,1,0.0098234
1243,0.000437977930113003,0.0439469181071701,0.000574285985282319,0.0185255112190931,0.0460795190540115,-0.00073905710673472,-0.00073905710673472,0.0496752110059942,1.05586704835693e-07,0.000324941079021555,7.49083204246729e-05,0.00865495929653473,6.02442515073537e-05,0.00776171704633412,1,0.0080401
1244,0.000438212193004363,0.0703900187275116,0.0013410572248726,0.0568306800968857,0.0855252890992646,-0.000820493134561673,-0.000820493134561673,0.102702488016588,1.05656192955678e-07,0.00032504798562009,8.33270444796349e-05,0.0091283648305507,8.54700063464978e-05,0.00924499899115721,1,0.0077249
1245,0.000441076366413406,0.160678645498693,0.00231548576382991,0.117198749769599,0.120938304635107,-0.00102785043904952,-0.00102785043904952,0.168448926969609,1.05727592287447e-07,0.000325157795981347,0.000106051312714762,0.0102981218052013,0.000115050327465972,0.010726151568292,1,0.0079209
1246,0.000451873588043819,0.335266684051523,0.00361872838901741,0.194187891981746,0.148618709991354,-0.00142152713956456,-0.00142152713956456,0.244630329020808,1.05806614877563e-07,0.000325279287501622,0.000153995090053537,0.0124094758170334,0.000147304212150434,0.0121368946666944,1,0.0080678
1247,0.000481410830834239,0.606114919134528,0.00555059012380513,0.281130307022942,0.168688740897702,-0.00206259280466092,-0.00206259280466092,0.328074824627085,1.05907617101434e-07,0.000325434505087328,0.000240185222743223,0.0154979102702017,0.000180941291338282,0.0134514419798876,1,0.0082703
1248,0.000550199573120766,0.979964431175558,0.0084926962960556,0.371771465765472,0.182280524194551,-0.00301234204994216,-0.00301234204994216,0.414493877158604,1.06065318986979e-07,0.000325676709309983,0.000377657169040682,0.0194334034343108,0.000215056040717436,0.0146647891467091,1,0.0078836
1249,0.000690602745436947,1.45753233566486,0.0128213756471634,0.460590045861341,0.190753194490548,-0.00433106275219153,-0.00433106275219153,0.499341531982208,1.06362249998203e-07,0.000326132258444642,0.000576988080484475,0.0240205761896853,0.000249137560406294,0.0157840920044928,1,0.0076169
1250,0.000941971861643902,2.03387607454671,0.0188675406719377,0.542928297077939,0.195415389828563,-0.00607662326880387,-0.00607662326880387,0.578424824826918,1.06987008988707e-07,0.000327088686732983,0.000844186712400929,0.0290548913679079,0.000283048454329809,0.0168240439350891,1,0.0078195
1251,0.00134432529531954,2.69933272743208,0.0269155062157973,0.615179972803077,0.197584712215926,-0.00830218365398139,-0.00830218365398139,0.648407227466887,1.0834610050801e-07,0.000329159688461406,0.00117958858763586,0.0343451392140992,0.000316968533629166,0.0178036101291049,1,0.0079362
1252,0.00193839780275248,3.44060401054793,0.0372101607706337,0.674610804811534,0.198438926983781,-0.0110543803589085,-0.0110543803589085,0.70673339091723,1.11260669151147e-07,0.000333557594953476,0.001577585789912,0.0397188341962853,0.000351334262850312,0.0187439126878651,1,0.0076468
1253,0.002768250815047,4.24153138461844,0.0499548832839829,0.719108291810823,0.199049558771747,-0.0143728076879572,-0.0143728076879572,0.751479116423113,1.17287765644249e-07,0.000342473014475957,0.00202702176487621,0.0450224584499359,0.000386712482544493,0.0196650065482952,1,0.0079155
1254,0.00388208917608074,5.08382060652583,0.0653061448299609,0.747481199314013,0.200362956362915,-0.0182899688596105,-0.0182899688596105,0.781681731046957,1.29212270114264e-07,0.000359461082892522,0.00251266714516942,0.05012651140035,0.000423699100267755,0.020583952493818,1,0.0075634
1255,0.00533153994119427,5.9480617062153,0.0833633408814085,0.759281703863959,0.202962913634672,-0.0228312034391625,-0.0228312034391625,0.797156016843826,1.51758968022181e-07,0.000389562534161309,0.00301700582887073,0.0549272776393545,0.000462740963905093,0.0215114147350911,1,0.0082368
1256,0.00717027535551116,6.81439379675459,0.104162067474953,0.755071151423549,0.207014702032276,-0.0280153212652952,-0.0280153212652952,0.798770231604576,1.92571937533191e-07,0.000438830192139501,0.00352259251443503,0.0593514322862981,0.000504130467118818,0.0224528498663047,1,0.0074746
1257,0.00945249176982649,7.66351764003384,0.127664711511899,0.736060649503086,0.212447563931308,-0.0338550063404721,-0.0338550063404721,0.788160456307291,2.63500361336774e-07,0.000513322862667127,0.00401398019333088,0.0633559799334749,0.000547691261112427,0.0234028045565575,1,0.0077489
