step,T1,T2,T3,T4,T1_ref,T2_ref,T3_ref,T4_ref
1,0.893193474693008,0.830522157590305,0.813941309159666,0.985161836524538,0.890621429780757,0.891136606115714,0.890595433489892,0.891277310223587
2,0.910850049012238,0.863504637027325,0.872856073014296,0.907654931905946,0.890024658573628,0.89173324011057,0.889996487383878,0.891876104820414
3,0.891074936617967,0.909925144410262,0.90560245082178,0.863807249909852,0.889429521546759,0.892328102779504,0.889399160554374,0.892473128721971
4,0.874745948808643,0.928361504194365,0.915977730256558,0.854870511303392,0.88883714168839,0.892920071227886,0.888804577687201,0.893067257379459
5,0.869546306215118,0.927351628234831,0.914713065586443,0.861464281111661,0.888248629053081,0.893508035541615,0.888213850544533,0.893657379236072
6,0.870848214605647,0.919854347891287,0.909077918150964,0.87144722121916,0.887665075736608,0.89409090381228,0.887628072936248,0.894242400755451
7,0.874245995381293,0.912399409581987,0.902840777133525,0.88008046223335,0.887087551004124,0.894667607009068,0.887048315844533,0.894821251296816
8,0.877551274122544,0.90682828646631,0.897441306161693,0.886493906886755,0.88651709661172,0.8952371036573,0.886475622741934,0.895392887796613
9,0.880295078121498,0.902761590036583,0.892904642767408,0.8914164657529,0.88595472235894,0.895798384286015,0.88591100514038,0.895956299219089
10,0.882418801728701,0.899840435459574,0.889149718397026,0.89526601054218,0.885401401906704,0.896350475610162,0.885355438405685,0.896510510741366
11,0.884059806665296,0.897696146347674,0.885973366542687,0.898397285786616,0.884858068891586,0.896892444416456,0.884809857868476,0.897054587642018
12,0.885335567557034,0.896111426165318,0.883231659742527,0.900999604515621,0.884325613363553,0.89742340112577,0.884275155258674,0.897587638866039
13,0.886278513425114,0.895013982884473,0.880894861987736,0.903112825379886,0.883804878570148,0.8979425030091,0.883752175486517,0.898108820243219
14,0.88693878577847,0.89431724495686,0.878901575913145,0.904809725940018,0.883296658105774,0.898448957038419,0.88324171378881,0.898617337341245
15,0.887355220582004,0.893953677298582,0.877202646827257,0.906152123889463,0.882801693440303,0.898942022358227,0.882744513254629,0.899112447939307
16,0.88753995770274,0.893887490170729,0.875786919460626,0.907168045549057,0.882320671836743,0.899421012368026,0.882261262740219,0.899593464112459
17,0.88750030782722,0.894087932854934,0.874652376547532,0.907880971027705,0.881854224663221,0.899885296410478,0.881792595178367,0.900059753921463
18,0.887252477830254,0.894517395334584,0.873785503683746,0.908325541066448,0.88140292610023,0.900334301064297,0.881339086283198,0.900510742707188
19,0.886818427683424,0.895137587356507,0.873162881163919,0.908541779368701,0.880967292239839,0.900767511045162,0.880901253647096,0.900945913992829
20,0.886219478646285,0.895912593677416,0.872766369163505,0.90856478520106,0.880547780569639,0.901184469721885,0.880479556222543,0.901364810001193
21,0.885479585931115,0.896805586100505,0.872576506392017,0.908429815287069,0.880144789830505,0.901584779258747,0.880074394177945,0.901767031797968
22,0.884622850410773,0.897783918911235,0.872569549081121,0.908170851595854,0.879758660233866,0.901968100398307,0.879686109113148,0.902152239075266
23,0.883678704368425,0.898810785907642,0.872719627310241,0.907822851597497,0.879389674021187,0.902334151901982,0.879314984617349,0.902520149592764
24,0.882667020945158,0.899864159212995,0.873002641934468,0.907411408368782,0.879038056345724,0.902682709668324,0.878961247149467,0.902870538296357
25,0.881602992436078,0.90092767520143,0.873398982119056,0.906955975403442,0.878703976454397,0.903013605551158,0.878625067218804,0.903203236136503
26,0.880510369257653,0.90197598593722,0.87388496646139,0.906480412186902,0.878387549145787,0.903326725901571,0.878306560842021,0.90351812861025
27,0.879428960227568,0.902970148503639,0.874424644457241,0.906017586359144,0.878088836478877,0.903622009859121,0.878005791251026,0.903815154052326
28,0.878360975035161,0.903911062304437,0.875006282479391,0.905572152860538,0.877807849706134,0.903899447418678,0.87772277082538,0.904094301701709
29,0.877347177161553,0.90476449572737,0.875592022130554,0.905171429632267,0.877544551403915,0.904159077299911,0.877457463222196,0.904355609570702
30,0.876392754797049,0.90553087005533,0.876169162711124,0.9048181918653,0.877298857772945,0.904400984646654,0.877209785676269,0.904599162143755
31,0.875503052929258,0.906209945921628,0.876726813095083,0.904514254355436,0.877070641081713,0.90462529858334,0.876979611443277,0.904825087933233
32,0.874691460737467,0.906795290900878,0.87724843157278,0.904265447118739,0.876859732226032,0.904832189655215,0.876766772359305,0.905033556918844
33,0.873962821362897,0.907287685264568,0.877724694563449,0.904072426172868,0.876665923378752,0.90502186717837,0.876571061490652,0.905224777896791
34,0.873316561573133,0.907691464414949,0.878151546116164,0.903933214628027,0.876488970704545,0.905194576524668,0.876392235848842,0.905398995763718
35,0.872779511802781,0.907994225259043,0.87850318457491,0.903856281520725,0.876328597115857,0.905350596365449,0.876230019146939,0.905556488759352
36,0.872353468419445,0.908201653809215,0.878774474605108,0.903837978553965,0.876184495047514,0.90549023589656,0.876084104574616,0.905697565690396
37,0.872037529789023,0.908321322626014,0.878963866819258,0.903872443286291,0.876056329228929,0.905613832065729,0.875954157570951,0.905822563156702
38,0.871823101047905,0.90836370745764,0.879076787407434,0.903952535810178,0.875943739434529,0.905721746821693,0.875839818575513,0.905931842799147
39,0.871712917456616,0.908335252713683,0.879110396366289,0.904071864202105,0.875846343194665,0.905814364402796,0.875740705740051,0.906025788586918
40,0.871700151283621,0.908246025333524,0.879069855566432,0.904222818451138,0.875763738451072,0.905892088680998,0.875656417584796,0.90610480416019
41,0.871776332374825,0.90810429044513,0.878961913117985,0.904399925462049,0.87569550614269,0.905955340575492,0.875586535585195,0.906169310242368
42,0.871933426155728,0.907921813190718,0.878794378084532,0.90459257254452,0.875641212709416,0.90600455554834,0.875530626676654,0.906219742134332
43,0.872162759408355,0.907706234149999,0.87857485632482,0.904795289177444,0.875600412503135,0.906040181192809,0.8754882456666,0.906256547301369
44,0.872454814015799,0.907465869938108,0.878312182893849,0.905001415290606,0.875572650097028,0.906062674923381,0.875458937544873,0.906280183061765
45,0.87280004676413,0.907208245559837,0.878015293121987,0.905204858233087,0.875557462485818,0.906072501774793,0.875442239685099,0.906291114384441
46,0.873189288999048,0.906939847876809,0.877692819174495,0.905400307379813,0.875554381171142,0.906070132315919,0.875437683931226,0.906289811801416
47,0.873616105796631,0.906664665971249,0.877350931509094,0.905584456791806,0.875562934127731,0.906056040682813,0.875444798564872,0.906276749439459
48,0.874070237285424,0.906388978635134,0.876999356070382,0.905751844312029,0.875582647647388,0.906030702733914,0.875463110150522,0.906252403173906
49,0.874534930180321,0.906122043950621,0.876653539844477,0.905894683465228,0.875613048059083,0.90599459432911,0.875492145256832,0.906217248906367
50,0.875002730001815,0.905866279772689,0.876320509641115,0.906010900014681,0.875653663324565,0.905948189733255,0.875531432053464,0.906171760966902
51,0.875467162426474,0.905623326313015,0.876006269359082,0.906099136465876,0.87570402450998,0.905891960143643,0.875580501783936,0.906116410640186
52,0.875921490491023,0.905394779270332,0.875717015299134,0.9061580881999,0.875763667134886,0.905826372340074,0.875638890115855,0.906051664814293
53,0.876365059543878,0.905179206863094,0.875454014239025,0.906188251010617,0.875832132400876,0.905751887455265,0.875706138370765,0.905977984749864
54,0.876782671942728,0.904981807713661,0.875230136313841,0.906186543305312,0.87590896830275,0.905668959862709,0.875781794636517,0.905895824966755
55,0.877154436474255,0.904808431096124,0.87506109313356,0.90615116857508,0.875993730625756,0.905578036178425,0.875865414765707,0.90580563224461
56,0.877489820945121,0.90465214034107,0.874939547013805,0.906086635883327,0.876085983832966,0.905479554372557,0.875956563264225,0.905707844733334
57,0.877804337598292,0.904505204816247,0.874854732741113,0.905995597635277,0.876185301847241,0.905373942986362,0.876054814074375,0.905602891168986
58,0.878074288717292,0.904374757603227,0.874821421410307,0.905880137485371,0.876291268732603,0.905261620449778,0.876159751257371,0.905491190190293
59,0.878306804700551,0.90425581777994,0.874835655567696,0.905741940454502,0.876403479280051,0.90514299449451,0.876270969580268,0.905373149750732
60,0.878517398159714,0.904141724476047,0.874891381393328,0.905577806450873,0.876521539503084,0.905018461657423,0.876388075012549,0.905249166620953
61,0.878680920034228,0.904039410527927,0.874994798346509,0.905400787279518,0.876645067048257,0.90488840686885,0.876510685137735,0.905119625976167
62,0.878817891342833,0.903939601865334,0.875145408246252,0.905199266081878,0.8767736915262,0.904753203120449,0.876638429485425,0.90498490106312
63,0.878916608362765,0.903845713959399,0.875334804266439,0.904991161720522,0.876907054768508,0.904613211207167,0.876770949789161,0.904845352941216
64,0.878983699881498,0.903754076322902,0.875553842217577,0.904783012190787,0.87704481101586,0.904468779537952,0.876907900175509,0.904701330292442
65,0.879028732725015,0.903660633772491,0.875805539837499,0.904565772237296,0.877186627042668,0.904320244009941,0.877048947289624,0.904553169294786
66,0.879054114378932,0.903564154593262,0.876089722414016,0.904338454786287,0.877332182223414,0.90416792794093,0.877193770362475,0.90440119355401
67,0.879060998930647,0.903463083045389,0.876406466590406,0.904101445592376,0.877481168545705,0.904012142055138,0.877342061224745,0.904245714088724
68,0.879062075918676,0.903358152707945,0.87671858956882,0.903879827580071,0.877633290574875,0.903853184517387,0.877493524272266,0.904087029363939
69,0.879057133705373,0.90324586517228,0.87704384850013,0.903658704237179,0.877788265374833,0.903691341011064,0.877647876387634,0.903925425368425
70,0.879048547215751,0.90312644844086,0.877378472114478,0.903439290548294,0.87794582238956,0.903526884855386,0.877804846822473,0.903761175731423
71,0.87903730276045,0.902998577993868,0.877725031830148,0.903219164205969,0.878105703289537,0.903360077157765,0.877964177044571,0.903594541874472
72,0.879006467334871,0.902851113734946,0.878140276546086,0.902967943166523,0.878267661787095,0.903191166997219,0.878125620553917,0.903425773194339
73,0.879009402698572,0.902710679517742,0.878465321649274,0.902768836199855,0.87843146342447,0.903020391635087,0.878288942671412,0.903255107273271
74,0.879032175021063,0.902560976174425,0.878771660202549,0.902578120605544,0.878596885338129,0.90284797674947,0.87845392030381,0.903082770113005
75,0.879061862566129,0.902398990501905,0.879087282365981,0.902382988353911,0.878763716002671,0.902674136690081,0.878620341688216,0.902908976389229
76,0.879100330054713,0.902227532772374,0.879403012330262,0.902188120549757,0.878931754957413,0.902499074750424,0.878788006119228,0.902733929723387
77,0.879145441197635,0.902032874581466,0.879749767349915,0.901977273686151,0.879100812518517,0.902322983454415,0.878956723661595,0.902557822968968
78,0.87921515175487,0.901851683307183,0.88002880771946,0.901797557009989,0.879270709479319,0.902146044854819,0.879126314851048,0.902380838509622
79,0.879312504511992,0.901673640943903,0.880263084641802,0.901632319465938,0.879441276801282,0.901968430841037,0.879296610385728,0.902203148566664
80,0.879427725636819,0.901493173068916,0.880477993888652,0.901470828288221,0.879612355297826,0.901790303454041,0.879467450810464,0.902024915513747
81,0.879556716475017,0.901306797065608,0.880685365018278,0.901308464715049,0.879783795313057,0.901611815206402,0.879638686195921,0.901846292196642
82,0.879698218468523,0.901111282257173,0.880895482003937,0.901140266604615,0.879955456397246,0.901433109405557,0.87981017581448,0.901667422256298
83,0.879852750082444,0.900914804965613,0.881092399965338,0.900973298384947,0.880127206980741,0.901254320478665,0.879981787814519,0.90148844045349
84,0.880024280550473,0.900716833636112,0.881271896133948,0.900807606324077,0.880298924047804,0.901075574297531,0.880153398894603,0.901309472993567
85,0.880211176544246,0.900519485054826,0.881432862033387,0.900643875960324,0.880470492811724,0.900896988502255,0.880324893978921,0.901130637849942
86,0.880409020979282,0.90032563217614,0.881576406208909,0.900482811677014,0.880641806392404,0.900718672822414,0.880496165895186,0.900952045085129
87,0.880616192925485,0.900134293889635,0.881706888082782,0.900322665510899,0.880812765497477,0.900540729394724,0.88066711505603,0.900773797168276
88,0.880831698283359,0.899944596792297,0.881827440034478,0.900162160703216,0.880983278107885,0.900363253076233,0.880837649144852,0.90059598928825
89,0.881053892777369,0.899756770054541,0.881939925645014,0.900000902070605,0.881153259168717,0.900186331752266,0.881007682806909,0.90041870966148
90,0.881280570429623,0.899571548266773,0.882045873844991,0.899838922483879,0.881322630286024,0.900010046638403,0.881177137346358,0.900242039833852
91,0.881509875047489,0.899389301149724,0.882146928387291,0.899676128818998,0.881491319430185,0.899834472575903,0.881345940429836,0.900066054976063
92,0.881741225245278,0.899209501904172,0.882244815254402,0.899511890917149,0.88165926064634,0.899659678320078,0.881514025797092,0.899890824171928
93,0.881971111548038,0.899033560593865,0.882340789984354,0.899347211233475,0.881826393772296,0.89948572682119,0.881681332979078,0.899716410699235
94,0.882201226990268,0.898859494444477,0.882436621028247,0.899180466994211,0.881992664164244,0.899312675497552,0.881847807023833,0.899542872302802
95,0.882438668143181,0.898682320487491,0.882534233898454,0.899007163350052,0.882158022430559,0.899140576500556,0.882013398230437,0.899370261459474
96,0.882657058153051,0.898517336790346,0.882632252990372,0.898841255180659,0.882322424173865,0.898969476971431,0.882178061891223,0.899198625634862
97,0.882872833606751,0.898353141120524,0.882734549921722,0.898672814847002,0.882485829741536,0.898799419289594,0.882341758042403,0.899028007531677
98,0.883078783921349,0.898193948187653,0.882839931814157,0.89850648018035,0.88264820398469,0.898630441312502,0.882504451223183,0.898858445329577
99,0.883279637491275,0.898036282892104,0.882949831698535,0.898339257247784,0.882809516025738,0.898462576606959,0.882666110243424,0.898689972916475
100,0.883474124966137,0.89788058698743,0.883064294586363,0.898172001866499,0.882969739034493,0.898295854671884,0.882826707959841,0.898522620111315
101,0.883661535599901,0.89772684001779,0.883183630465612,0.898005171559164,0.883128850012782,0.898130301152577,0.882986221060707,0.898356412878343
102,0.883841715539398,0.897574766346104,0.883308079584308,0.897838965970627,0.883286829587512,0.897965938046542,0.883144629859002,0.898191373532957
103,0.884015971498655,0.897423201339395,0.883438282766304,0.897672513834727,0.883443661812091,0.89780278390097,0.883301918093896,0.898027520939208
104,0.884182850301788,0.897272973382575,0.883573553224851,0.897507250857425,0.883599333976068,0.897640854002018,0.883458072740461,0.897864870699104
105,0.88434219646579,0.897124096610901,0.883713544935735,0.89734370607789,0.883753836422866,0.897480160555993,0.88361308382745,0.897703435333828
106,0.884493900592507,0.896976787114867,0.88385750692127,0.897182580315835,0.883907162375438,0.89732071286264,0.88376694426301,0.897543224457058
107,0.884639797250251,0.896829748485383,0.88400598873692,0.897022674945932,0.884059307769677,0.897162517480685,0.883919649668124,0.897384244940549
108,0.884779635604733,0.896683539020982,0.88415782980501,0.896864920461891,0.884210271095378,0.897005578385832,0.884071198217616,0.897226501072168
109,0.884914441134557,0.896537555796513,0.884313030749783,0.896708851075413,0.884360053244567,0.896849897121412,0.884221590488509,0.897069994706588
110,0.885045734707895,0.896390582088531,0.884472398620036,0.896553248376971,0.88450865736699,0.896695472941891,0.88437082931553,0.896914725408843
111,0.885179103531837,0.896236196888778,0.88464316585516,0.89639111157886,0.884656088732528,0.896542302949454,0.884518919653556,0.896760690590955
112,0.885300376666382,0.896092356111159,0.884803110056475,0.896242599203079,0.88480235460035,0.896390382223875,0.884665868446771,0.896607885641854
113,0.885418920182334,0.895948767447138,0.884963627175816,0.896096296766699,0.884947464094554,0.896239703945905,0.884811684504325,0.896456304050824
114,0.885536203347666,0.895804004815455,0.885126239697822,0.895950480181963,0.885091428086099,0.896090259514399,0.884956378382267,0.896305937524668
115,0.885651865696224,0.895659268751231,0.885289036436258,0.895806315686626,0.885234259080781,0.895942038657396,0.885099962271525,0.896156776098857
116,0.885766355518205,0.895514750647287,0.885451295494945,0.895663896897872,0.885375971113044,0.895795029537394,0.885242449891717,0.896008808242847
117,0.885880286356027,0.895370317479068,0.885612784378375,0.895522957216212,0.885516579645405,0.895649218851021,0.885383856390568,0.895862020959811
118,0.885993796420999,0.895226541503306,0.88577244350631,0.895383881798252,0.885656101473258,0.895504591923338,0.88552419824871,0.895716399881
119,0.88610854888827,0.895081445603937,0.885932479145878,0.895244614383891,0.885794554634864,0.895361132796988,0.885663493189662,0.895571929354939
120,0.886223136737978,0.89493794622997,0.886089037666703,0.895107711419699,0.885931958326291,0.895218824316394,0.885801760094753,0.895428592531695
121,0.886338168713628,0.8947958023051,0.886242223313563,0.894972671567658,0.886068332821112,0.895077648207234,0.885939018922807,0.895286371442395
122,0.886454129028989,0.894654653922995,0.886392428098661,0.894838938280686,0.886203699394638,0.894937585151378,0.886075290634363,0.895145247074233
123,0.886571586192615,0.894513937757639,0.886540302277818,0.894705803984514,0.88633808025251,0.894798614857505,0.886210597120239,0.895005199441137
124,0.88669017305682,0.894374458449223,0.886684924540902,0.894573798143548,0.886471498463427,0.894660716127587,0.886344961134245,0.894866207650311
125,0.886810371266792,0.894235761095184,0.886826834632342,0.894442315121082,0.88660397789584,0.89452386691943,0.886478406229853,0.894728249964837
126,0.886932214870306,0.894097930009071,0.886966005650765,0.894311262319144,0.886735543158423,0.894388044405463,0.886610956700639,0.894591303862517
127,0.887056318510521,0.893960274122136,0.88710324544004,0.894179858970295,0.88686621954413,0.894253225027946,0.88674263752432,0.894455346091144
128,0.887180866562055,0.893825068803432,0.887236322268951,0.894050020050227,0.886996032977678,0.894119384550788,0.886873474310203,0.894320352720366
129,0.887307240483103,0.893690598528089,0.887367147976762,0.893920058595745,0.88712500996628,0.893986498108115,0.887003493249898,0.894186299190327
130,0.887439751297121,0.893551990716538,0.887500593451482,0.893785366272676,0.887253177553469,0.893854540249789,0.887132721071101,0.894053160357227
131,0.887571626557083,0.89341671915993,0.887629549157931,0.893652806918207,0.887380563275847,0.893723484984002,0.887261184994321,0.893920910535981
132,0.887699132649679,0.893288453567709,0.887750901259572,0.893525788187317,0.887507195122615,0.893593305817116,0.887388912692376,0.893789523540111
133,0.887827128692945,0.893161691046821,0.887870107145575,0.893399173673715,0.887633101497741,0.893463975790897,0.88751593225252,0.893658972719037
134,0.887956003447757,0.893035724573214,0.887988016909956,0.893272386119282,0.887758311184601,0.893335467517275,0.887642272141064,0.893529230992892
135,0.888085656994417,0.892910444890617,0.888104908834943,0.893145353122222,0.887882853312988,0.893207753210771,0.887767961170343,0.893400270885001
136,0.888215687819019,0.892786041750522,0.888220791480312,0.893018294861883,0.888006757328333,0.893080804718733,0.8878930284679,0.893272064552173
137,0.888346399762701,0.892662043045145,0.888336251589039,0.89289077651885,0.888130052963022,0.892954593549491,0.88801750344777,0.893144583812911
138,0.888476762822799,0.89253916979713,0.888450824266559,0.892763618520421,0.888252770209684,0.892829090898566,0.888141415783731,0.893017800173673
139,0.888607651806055,0.892416424023507,0.88856554154435,0.892635872804356,0.888374939296323,0.892704267673053,0.888264795384403,0.892891684853303
140,0.888736852180188,0.892295534993814,0.888679027478662,0.892509492911035,0.888496590663207,0.892580094514279,0.888387672370089,0.892766208805749
141,0.888863578158283,0.892176932947807,0.888791022085246,0.8923851210296,0.888617754941364,0.892456541818858,0.888510077051244,0.892641342741168
142,0.88898988648428,0.892058662995203,0.888903315436915,0.892260782303894,0.888738462932616,0.892333579758249,0.888632039908463,0.892517057145531
143,0.88911622755277,0.891940218635532,0.889016416062598,0.892136009125252,0.888858745591026,0.892211178296908,0.888753591573897,0.892393322298828
144,0.889241237822465,0.891822635504608,0.88912945383363,0.892012049018349,0.888978634005672,0.892089307209147,0.888874762813975,0.892270108291981
145,0.88936505047848,0.891705650164268,0.889242710251695,0.891888748014387,0.889098159384642,0.891967936094784,0.888995584513374,0.892147385042541
146,0.889488176476373,0.891588715726807,0.889356705917031,0.891765608519255,0.889217353040168,0.891847034393687,0.889116087660097,0.892025122309283
147,0.889611116718402,0.891471306034367,0.889471947114671,0.89164214039405,0.889336246374799,0.891726571399291,0.889236303331622,0.891903289705769
148,0.889732381182385,0.891354679820539,0.889587229891691,0.891519822798714,0.889454870868539,0.891606516271182,0.889356262681983,0.89178185671299
149,0.889853734133343,0.891237182334205,0.889704130103911,0.891396932459538,0.889573258066852,0.891486838046833,0.889475996929746,0.891660792691136
150,0.889973897422307,0.891119964689319,0.889821493146339,0.891274784812061,0.889691439569466,0.891367505652561,0.88959553734676,0.891540066890619
151,0.890092526512141,0.891003344607551,0.889938945572715,0.891153789415985,0.889809447019879,0.891248487913808,0.889714915247633,0.891419648462392
152,0.890210023112122,0.890886984151812,0.890056752466202,0.891033611065808,0.889927312095509,0.891129753564807,0.889834161979827,0.891299506467659
153,0.890326958987927,0.890770391928085,0.890175345390659,0.890913730898964,0.890045066498399,0.891011271257705,0.889953308914329,0.891179609887056
154,0.890443634410425,0.890653329830253,0.890294910712938,0.890793900023909,0.8901627419464,0.890893009571236,0.890072387436784,0.891059927629366
155,0.890560432924846,0.890535470890691,0.890415732089644,0.890673779541614,0.890280370164771,0.890774937019003,0.890191428939057,0.890940428539851
156,0.890676209397188,0.890418037717461,0.890536473812803,0.890554637270947,0.890397982878113,0.89065702205745,0.890310464811116,0.890821081408264
157,0.890791362543138,0.890300728420299,0.890657374938634,0.890436134235649,0.890515611802571,0.890539233093582,0.890429526433193,0.890701854976625
158,0.890907504038746,0.89018197967994,0.890780024652124,0.890316634114872,0.890633288638226,0.890421538492526,0.890548645168132,0.890582717946824
159,0.891023194252759,0.890063375894751,0.890902703209176,0.890197710595899,0.890751045061621,0.890303906584976,0.890667852353863,0.890463638988114
160,0.891137979096932,0.889945515487818,0.891024709545197,0.890079913172157,0.890868912718335,0.890186305674622,0.890787179295936,0.890344586744583
161,0.891251523575871,0.88982748935345,0.891149706374301,0.889961044864725,0.890986923215547,0.890068704045597,0.890906657260035,0.890225529842654
162,0.891365288638048,0.88970909898707,0.891275461464057,0.889841910992934,0.891105108114513,0.889951069970053,0.891026317464406,0.890106436898704
163,0.891480290035291,0.889590171394056,0.891400574187698,0.889722970175004,0.891223498922892,0.8898333717159,0.891146191072138,0.889987276526846
164,0.891596150778951,0.889471222329878,0.89152441622806,0.889604689337329,0.891342127086842,0.889715577554795,0.891266309183208,0.889868017346971
165,0.891713797937344,0.88935111889874,0.89164858889911,0.889485708991188,0.891461023982828,0.889597655770456,0.891386702826241,0.889748627993104
166,0.891832602532863,0.889230416210335,0.891772809141571,0.889366385834446,0.891580220909052,0.889479574667365,0.891507402949889,0.889629077122153
167,0.891955520760872,0.889105993631056,0.891900521759337,0.889243537326491,0.891699749076454,0.889361302579933,0.891628440413779,0.889509333423124
168,0.892077790306491,0.888982806063596,0.892026674247147,0.889121893665043,0.891819639599179,0.889242807882206,0.891749845978937,0.88938936562687
169,0.892198598679058,0.88886170760936,0.892150470710987,0.889002173120413,0.891939923484477,0.889124058998185,0.891871650297625,0.889269142516459
170,0.892332650638649,0.888727709695973,0.892287390691805,0.88886970248937,0.89206063162191,0.889005024412843,0.891993883902503,0.889148632938234
171,0.892465607193233,0.888595358891247,0.892422593074009,0.888738643783449,0.892181794771826,0.888885672683902,0.892116577195044,0.889027805813646
172,0.892581157859653,0.888481118959483,0.892539281955371,0.888624947113293,0.892303443552998,0.888765972454475,0.892239760433124,0.88890663015193
173,0.892707101490649,0.888357049998387,0.892666057901679,0.888501243900803,0.892425608429346,0.888645892466642,0.892363463717687,0.888785075063735
174,0.892827194494709,0.888239144429245,0.892786655850637,0.888383379363037,0.892548319695669,0.888525401576037,0.892487716978415,0.888663109775759
175,0.892948814032039,0.888120088310391,0.892908578894389,0.888264096616535,0.892671607462275,0.888404468767564,0.892612549958312,0.888540703646508
176,0.893071368516739,0.888000444488359,0.893031279204409,0.888143950493177,0.892795501638442,0.888283063172305,0.892737992197099,0.888417826183248
177,0.893195685545246,0.887879397502623,0.893155618243339,0.888022112301124,0.892920031914597,0.888161154085724,0.892864073013339,0.888294447060266
178,0.893321080478632,0.887757598329951,0.89328095115595,0.887899229033121,0.893045227743127,0.888038710987275,0.892990821485184,0.888170536138511
179,0.893447608349172,0.887634971085742,0.893407370545295,0.887775231800803,0.893171118317711,0.887915703561497,0.893118266429651,0.888046063486751
180,0.893575067980658,0.887511681666605,0.893534713794713,0.88765030607713,0.893297732551073,0.887792101720718,0.893246436380314,0.887920999404309
181,0.89370350265725,0.88738765816999,0.893663058170787,0.887524403164543,0.893425099051049,0.887667875629467,0.893375359563306,0.887795314445533
182,0.893833056642458,0.887262732744224,0.893792577507303,0.887397378898761,0.893553246094851,0.887542995730705,0.893505063871519,0.887668979446068
183,0.893966118058978,0.887134607761963,0.893925669108204,0.887266895341387,0.893682201601409,0.887417432774008,0.893635576836888,0.887541965551082
184,0.894096950783465,0.88700870421122,0.894056670920144,0.887138563061399,0.893811993101677,0.887291157845792,0.893766925600627,0.88741424424555
185,0.894230158168146,0.886880613808248,0.894190165380878,0.887007890708384,0.893942647706771,0.887164142401753,0.8938991368813,0.887285787386723
186,0.894363403008413,0.88675253481527,0.894323839369146,0.886877173643952,0.894074192073804,0.887036358301596,0.894032236940598,0.887156567238921
187,0.89449755516654,0.886623615820749,0.894458566679732,0.886745570811407,0.894206652369295,0.886907777846244,0.894166251546668,0.887026556510769
188,0.894633778720194,0.886492737102612,0.894595516884936,0.886611948278329,0.894340054230001,0.886778373817623,0.894301205934888,0.886895728395041
189,0.894769378968242,0.886362431659192,0.894731996860646,0.886478962197473,0.894474422721025,0.8866481195212,0.894437124765897,0.886764056611238
190,0.894906552997179,0.886230600122471,0.894870201002829,0.886344471789241,0.894609782291054,0.886516988831406,0.894574032080771,0.886631515451053
191,0.895044467018893,0.886098024576416,0.895009287718107,0.886209305171561,0.894746156724573,0.886384956240111,0.894711951253158,0.886498079826889
192,0.895183860170626,0.885963993679326,0.89514999419258,0.886072748236375,0.894883569090882,0.886251996908304,0.894850904938229,0.886363725323587
193,0.895324995730164,0.885828250183837,0.895292580643118,0.88593455243964,0.895022041689758,0.886118086721157,0.894990915018264,0.886228428253529
194,0.895467081804082,0.8856915397102,0.895436237520579,0.885795506284156,0.895161595993582,0.885983202346636,0.895132002544712,0.886092165715284
195,0.895610979150598,0.885553038625634,0.895581822005521,0.885654777964208,0.895302252585767,0.885847321297837,0.895274187676536,0.885954915655996
196,0.89575457070943,0.88541476292167,0.895727170934787,0.885514452341373,0.895444031095277,0.885710421999243,0.895417489614667,0.885816656937664
197,0.895914742289712,0.885260594789065,0.895889427380615,0.885358009882886,0.895586950127073,0.885572483857071,0.895561926532372,0.88567736940754
198,0.896065616767116,0.885115261114718,0.896042344526586,0.885210746040281,0.895731027188282,0.885433487333924,0.895707515501345,0.885537033972811
199,0.896207584137738,0.884978352724299,0.89618618739571,0.885072338063985,0.895876278609881,0.885293414027934,0.89585427241332,0.885395632679771
200,0.896353216179882,0.884837883983522,0.896333701438386,0.884930512426373,0.896022719463709,0.8851522467566,0.896002211897007,0.8852531487977
201,0.896509208532038,0.884687462942155,0.896491738979291,0.884778720049889,0.896170363474562,0.885009969645522,0.896151347230112,0.885109566907619
202,0.896680001679935,0.884522833164205,0.896664856435358,0.884612636996955,0.896319222927291,0.884866568222342,0.896301690246355,0.884964872996266
203,0.896826270018394,0.884381714543609,0.896813038640166,0.884470470558412,0.896469308568374,0.884722029515831,0.896453251236977,0.884819054555204
204,0.896974821846615,0.884238378388856,0.89696341044693,0.884326238119663,0.896620629502159,0.884576342160728,0.896606038846897,0.884672100685678
205,0.897127774845011,0.884090821919735,0.897118158286014,0.884177870091792,0.89677319308124,0.884429496508248,0.896760059965024,0.884524002209152
206,0.897279236986268,0.883944714592155,0.897271327362538,0.884031037179562,0.896927004790871,0.884281484742617,0.896915319608592,0.884374751783851
207,0.897433004888973,0.883796416641721,0.897426767847065,0.883882061315421,0.897082068127178,0.884132301003824,0.897071820801302,0.884224344027527
208,0.897588798975268,0.883646203586427,0.897584198498424,0.883731207869884,0.897238384468933,0.883981941516821,0.897229564445023,0.884072775646669
209,0.89774708549528,0.88349363382207,0.897744089408042,0.883578023243778,0.89739595294268,0.883830404727388,0.897388549184854,0.88392004557237
210,0.897905643679402,0.883340842430871,0.897904187419305,0.883424640996364,0.89755477028099,0.883677691444887,0.897548771267304,0.883766155103079
211,0.898069402044509,0.88318310701453,0.898069474210014,0.883266316427821,0.897714830673622,0.883523804992117,0.897710224391395,0.883611108054452
212,0.898240290915465,0.883018585082844,0.898241907396017,0.883101188041676,0.897876125611391,0.883368751362477,0.897872899552462,0.8834549109165
213,0.898416358556306,0.882849154550742,0.898419519452604,0.882931123023949,0.898038643722542,0.883212539384643,0.898036784878467,0.883297573018254
214,0.898583498492049,0.88268832219955,0.898588060037076,0.882769658000101,0.898202370601423,0.883055180894948,0.898201865458616,0.883139106700114
215,0.898744416848959,0.882533475357752,0.898750225042886,0.882614195264733,0.898367288629295,0.882896690917648,0.898368123164115,0.882979527494086
216,0.898906965244237,0.88237710117173,0.898913930147504,0.882457213488801,0.898533376787107,0.882737087853224,0.898535536460895,0.882818854312054
217,0.899071835348696,0.882218544568326,0.899079900692473,0.882298038550861,0.898700610460081,0.882576393674899,0.898704080214151,0.882657109642233
218,0.899239938274926,0.882056938207488,0.899249075470736,0.882135781169704,0.898868961233991,0.882414634133455,0.898873725484579,0.882494319753952
219,0.89940873620789,0.881894706677534,0.899418915625876,0.881972861850242,0.89903839668303,0.882251838970496,0.899044439316209,0.882330514910835
220,0.899579844865196,0.881730304595294,0.899591045422177,0.881807731249771,0.899208880149173,0.882088042140197,0.899216184515739,0.882165729592488
221,0.899751549371181,0.88156536604301,0.89976374640515,0.881642029855676,0.89938037051302,0.881923282039611,0.899388919423354,0.882000002724718
222,0.899923800215539,0.881399932986237,0.899936970228801,0.881475804702423,0.899552821956084,0.881757601747523,0.899562597674995,0.881833377918289
223,0.900097548378402,0.881233095238203,0.900111673123706,0.881308146608213,0.899726183714566,0.881591049271831,0.899737167956131,0.881665903716201
224,0.900272614557239,0.881065020973177,0.900287680887699,0.881139226125929,0.899900399824695,0.881423677805371,0.899912573747096,0.881497633849392
225,0.900447517235369,0.88089711722019,0.90046351286888,0.88097046010274,0.900075408859757,0.881255545990064,0.900088753060129,0.881328627500753
226,0.900623954482445,0.88072776264236,0.900640872027966,0.880800226475223,0.900251143659,0.881086718189192,0.900265638168293,0.881158949577255
227,0.90079558503526,0.880560175786687,0.900821208561149,0.880630380547382,0.900427531048662,0.880917264767561,0.900443155326542,0.880988670989953
228,0.900970433858641,0.880389587023898,0.901004588262153,0.880457595735549,0.900604491555437,0.880747262379229,0.90062122448522,0.880817868941534
229,0.901146007383271,0.880219749023292,0.901184792738529,0.880286303285021,0.900781939112773,0.880576794262412,0.900799758996419,0.880646627221026
230,0.901322477368689,0.880050380317377,0.901362355813429,0.880116111155342,0.900959780760487,0.880405950541081,0.900978665313661,0.880475036505184
231,0.90150106478803,0.879879829029415,0.90153983191828,0.879945104612904,0.90113791633826,0.880234828532682,0.901157842685472,0.880303194665976
232,0.90167966210348,0.879709738614824,0.90171608901084,0.879774752523454,0.901316238173681,0.880063533061311,0.901337182843528,0.880131207083511
233,0.901858917648278,0.879539280437938,0.901892351046389,0.879604118231388,0.901494630765625,0.879892176775565,0.901516569686145,0.879959186963611
234,0.902038357551657,0.879368780113281,0.902068493733445,0.87943346409712,0.901672970463863,0.879720880470159,0.901695878958026,0.879787255659137
235,0.902217285653635,0.879198808735143,0.902244072111289,0.879263321504904,0.901851125145922,0.879549773410302,0.901874977927266,0.879615542994047
236,0.902396747163606,0.879028330231753,0.90242024815317,0.879092638717571,0.90202895389236,0.879378993657663,0.902053725060802,0.879444187589016
237,0.902574210910672,0.878859658943148,0.902594736713545,0.878923706136458,0.902206306661762,0.879208688396606,0.902231969699608,0.879273337187314
238,0.902749866341553,0.878692574154292,0.902767821113713,0.878756305988654,0.90238302396692,0.879039014259261,0.902409551735083,0.879103148979468
239,0.902924336056949,0.878526470969304,0.902940156419273,0.878589843086303,0.902558936553829,0.878870137647771,0.902586301288295,0.878933789925098
240,0.903099784820044,0.878359307333744,0.903113876701573,0.878422286086633,0.902733865085292,0.878702235051924,0.902762038393849,0.8787654370701
241,0.90327089774674,0.878196058298732,0.903283876241088,0.878258601669841,0.902907619831142,0.87853549336019,0.902936572690405,0.878598277857194
242,0.903439441577614,0.878035058942998,0.90345187019872,0.878097150139574,0.903080000367238,0.878370110161959,0.903109703119996,0.878432510427654
243,0.903606189840897,0.8778755975241,0.903618582217243,0.877937240312526,0.903250795285649,0.878206294038609,0.903281217638567,0.878268343911836
244,0.903773403480157,0.877715550346476,0.903786230098892,0.877776762068768,0.90341978191859,0.878044264840809,0.903450892940293,0.878105998705899
245,0.903934609404193,0.877561066651219,0.90394837407952,0.877621866259005,0.903586726078954,0.87788425394923,0.903618494198533,0.877945706731904
246,0.904093189561762,0.877408961503649,0.904108322782861,0.87746939186478,0.903751381820449,0.877726504515644,0.903783774826422,0.877787711678267
247,0.904249172991657,0.877259240905433,0.904266047069513,0.877319362028046,0.903913491220623,0.877571271681136,0.903946476260383,0.877632269217286
248,0.904401884905773,0.877112581248039,0.904420817174983,0.877172461124134,0.904072784190261,0.877418822767939,0.90410632777005,0.877479647196252
249,0.904550585177234,0.876969725612237,0.904571827237565,0.877029438645821,0.904228978312876,0.877269437441158,0.904263046298338,0.877330125798415
250,0.904694736884456,0.876831227221187,0.904718467266122,0.876890854215328,0.904381778718264,0.877123407836448,0.904416336335596,0.87718399766986
251,0.904833908299497,0.876697541015886,0.904860231171216,0.876757167563168,0.904530877994284,0.876981038649433,0.904565889832052,0.877041568008085
252,0.90497006230434,0.876566821285287,0.90499908271544,0.87662654967925,0.904675956141282,0.876842647182496,0.904711386152924,0.876903154607911
253,0.905101071225333,0.876441150365891,0.905132793309467,0.876501072783539,0.904816680573752,0.876708563344306,0.90485249208083,0.876769087860085
254,0.905224749367321,0.876322670809095,0.905259053133066,0.876382857074072,0.90495270617405,0.876579129597297,0.904988861870291,0.8766397106978
255,0.905343595904747,0.87620902032274,0.905380396651928,0.876269564917227,0.905083675403123,0.876454700848104,0.905120137359305,0.876515378486118
256,0.905456526306889,0.876101274268591,0.905495678332966,0.87616226475483,0.905209218473413,0.876335644275836,0.905245948143126,0.876396458849201
257,0.905562768289843,0.876000210776342,0.905604073103372,0.876061720148686,0.905328953589155,0.876222339092915,0.905365911815521,0.876283331430058
258,0.905662043137162,0.875906132353248,0.905705271282794,0.875968226388867,0.905442487259464,0.876115176233139,0.905479634282831,0.876176387577478
259,0.905753307597313,0.87582006442526,0.905798182348973,0.87588278936828,0.90554941468958,0.876014557961551,0.905586710156268,0.876076029954728
260,0.905836934886423,0.875741682552545,0.905883184666843,0.875805090576685,0.905649320255695,0.875920897400717,0.905686723227841,0.875982672064625
261,0.905912372364122,0.875671539018242,0.905959711689405,0.875735673218403,0.905741778068753,0.875834617968026,0.905779247035299,0.875896737685576
262,0.905979376968741,0.87560989626897,0.906027518534407,0.875674795454085,0.905826352632456,0.875756152718741,0.905863845521343,0.875818660213358
263,0.906037613809575,0.875557106088364,0.906086269459456,0.875622805184404,0.905902599600621,0.875685943589705,0.905940073792241,0.875748881903487
264,0.906086687405831,0.8755135822624,0.906135568861434,0.875580113088751,0.905970066638736,0.875624440538809,0.906007478980685,0.875687853009345
265,0.906125628115924,0.875480254844556,0.906174445809765,0.875547626675737,0.906028294394279,0.875572100575685,0.90606560121748,0.875636030811478
266,0.906153214196191,0.875458230127642,0.906201696436186,0.87552640844424,0.906076817579969,0.875529386679437,0.906113974716199,0.875593878533922
267,0.906169803410832,0.875447234154775,0.906217698476642,0.875516214878757,0.906115166173612,0.875496766599764,0.906152128974488,0.875561864143881
268,0.906175068779003,0.875447610028478,0.906222140801372,0.875517400437211,0.906142866737629,0.875474711538356,0.906179590095105,0.875540459031674
269,0.906168449435923,0.875459894602199,0.906214485903855,0.87553049561004,0.906159443860682,0.875463694708186,0.906195882229093,0.875530136568545
270,0.906149419879674,0.875484605327804,0.906194230313256,0.875556015511142,0.906164421722989,0.875464189769069,0.90620052914269,0.875531370540737
271,0.906117502246203,0.875522184043007,0.906160927520827,0.875594395759032,0.906157325786061,0.875476669138783,0.906193055908695,0.875544633459123
272,0.906071935783498,0.875573446650449,0.906113816651883,0.875646468502721,0.906137684606529,0.87550160218005,0.906172990721969,0.875570394744687
273,0.906012776152359,0.875638200852679,0.906053022034991,0.875712019574201,0.906105031772684,0.8755394532648,0.90613986683766,0.875609118791297
274,0.905939333065441,0.875717172236084,0.905977862315108,0.875791788938007,0.906058907961023,0.875590679718365,0.906093224629481,0.875661262908422
275,0.905851053147945,0.875810914680809,0.905887799944728,0.875886338672012,0.905998863108857,0.875655729647604,0.906032613764057,0.875727275147787
276,0.905747354357926,0.875920003992279,0.905782270086141,0.875996251717992,0.905924458697531,0.875735039658366,0.905957595485902,0.875807592019403
277,0.905628208472789,0.876044420883003,0.905661278551615,0.876121510812885,0.90583527013929,0.875829032469269,0.905867745006051,0.875902636103936
278,0.905491981626467,0.876185856541564,0.905523180796229,0.876263822341304,0.905730889259251,0.875938114430351,0.9057626539858,0.876012813569994
279,0.905338518531504,0.876344426217267,0.905367847420593,0.876423305696964,0.905610926862205,0.876062672956836,0.90564193310526,0.876138511606574
280,0.905169310880297,0.876518534966834,0.905196820963464,0.87659836618134,0.905475015372285,0.876203073890014,0.905505214704779,0.876280095782675
281,0.904983984711126,0.876708557699116,0.905009737173881,0.876789385773605,0.905322811531757,0.876359658798938,0.905352155485447,0.876437907347816
282,0.904771273920763,0.876926110827965,0.904795212665428,0.877008014527968,0.905153999143415,0.876532742238499,0.905182439253186,0.876612260488977
283,0.904550131136063,0.877151631428872,0.904572397464378,0.877234658386847,0.904968291839312,0.876722608981113,0.904995779689119,0.876803439561259
284,0.904316307569671,0.877389499648441,0.904337006385301,0.877473717510704,0.904765435856834,0.876929511241027,0.904791923127249,0.877011696311252
285,0.904059963941081,0.877649809984016,0.904079145192272,0.877735276500185,0.904545212801487,0.877153665911882,0.904570651318771,0.87723724711376
286,0.903784292733187,0.877929291293858,0.903802021587774,0.87801606332901,0.904307442374222,0.877395251839684,0.904331784160858,0.877480270244053
287,0.90348788529633,0.878229359561727,0.903504210292632,0.878317519716017,0.904051985039731,0.877654407154777,0.904075182366341,0.87774090320924
288,0.903166312004474,0.878554494955974,0.903181266791219,0.878644144167865,0.903778744610924,0.877931226687595,0.903800750049454,0.878019240163553
289,0.902845485420347,0.878878421820191,0.90285911766391,0.878969652275662,0.903487670723759,0.878225759494022,0.903508437201853,0.878315329433383
290,0.902485150038494,0.879241919404128,0.902497486694639,0.879334833306551,0.903178761175856,0.878538006516932,0.90319824203228,0.878629171178648
291,0.902077745397782,0.87965258267507,0.90208884210861,0.879747279152813,0.902852064101803,0.878867918411001,0.902870213142809,0.878960715217579
292,0.901689908201779,0.880043105087843,0.901699728741753,0.88013969313561,0.902507679957901,0.87921539355805,0.90252445151438,0.879309859042217
293,0.901312110975949,0.880423166543104,0.901320542918634,0.88052177402033,0.902145763289242,0.879580276300023,0.902161112274523,0.879676446051705
294,0.900917020812067,0.880820394018247,0.900924121428309,0.880920977500001,0.90176652425252,0.879962355416198,0.901780406220659,0.880060264029993
295,0.900497299358116,0.881242180334835,0.90050319172968,0.881344660007628,0.901370229868923,0.880361362870289,0.901382601073311,0.880461043893625
296,0.900022871298283,0.881718747873233,0.900027678243379,0.881823133814776,0.900957204982715,0.880776972851842,0.900968022434825,0.880878458733991
297,0.899575689739301,0.882167672488554,0.899579263082777,0.882274092336997,0.900527832902863,0.881208801134544,0.900537054430968,0.881312123176697
298,0.899112022110315,0.882632956050696,0.89911426696607,0.882741512211446,0.90008255570719,0.881656404772005,0.900090140014837,0.881761593078585
299,0.898630170361261,0.883116322798977,0.898631091807486,0.883226999459488,0.899621874191049,0.882119282148984,0.899627780915112,0.8822263655804
300,0.898091494912286,0.883656548160518,0.898091164581999,0.883769345847363,0.899146347445443,0.882596873403159,0.899150537213549,0.882705879530184
301,0.897589471699458,0.884159803231971,0.897587683546057,0.884274847710449,0.898656592052809,0.88308856122923,0.898659026539924,0.883199516289191
302,0.897027867622325,0.884722669168888,0.89702457144078,0.884840035159534,0.898153280892256,0.883593672073532,0.898153922876231,0.883706600928508
303,0.896466380686751,0.885285266166384,0.896461497842178,0.885404963796084,0.89763714155,0.884111477723473,0.89763595496587,0.884226403820661
304,0.895937046975876,0.885815482436673,0.8959303498454,0.885937626342306,0.897108954334842,0.884641197291901,0.897105904327661,0.884758142626344
305,0.895393333893953,0.88636001127299,0.895384778949017,0.886484534785055,0.896569549902861,0.885181999592269,0.89656460287888,0.885300984672092
306,0.894830842930668,0.886923259665985,0.894820486317529,0.887050009343079,0.896019806499951,0.885733005895943,0.89601293017593,0.885854049710269
307,0.894260548189341,0.887494210104324,0.894248389783124,0.887623120952426,0.895460646835301,0.886293293058587,0.895451810285755,0.886416413048269
308,0.893681983644581,0.888073324908406,0.893667966941219,0.888204396542332,0.894893034603377,0.886861896998035,0.894882208305573,0.886987109029343
309,0.893099918115343,0.888655829527124,0.893083967147315,0.888789077970359,0.894317970676333,0.887437816501755,0.89430512655285,0.887565134843132
310,0.892498381273265,0.889257726366221,0.892480435377002,0.889393127174392,0.893736488992943,0.888020017337792,0.893721600451629,0.888149454639789
311,0.891904779035964,0.889851558527465,0.891884750948487,0.889989152685207,0.893149652174094,0.888607436639174,0.893132694145247,0.888739003917661
312,0.891311299208707,0.890445157625914,0.891289106772313,0.89058496278116,0.892558546898433,0.889198987528165,0.892539495869072,0.889332694150882
313,0.890715323557181,0.891041152666479,0.890690925592256,0.891183130053308,0.891964279075009,0.88979356394355,0.891943113120086,0.889929417620063
314,0.890116869947977,0.891636280836839,0.890094729644839,0.891782580416248,0.89136796885244,0.890390045631408,0.891344667662879,0.890528052406511
315,0.88951163180806,0.892236906771251,0.889493328234897,0.89238833640277,0.890770745506408,0.890987303257571,0.890745290413861,0.891127467508158
316,0.888919427343407,0.892825861034695,0.888902849064739,0.892981510146225,0.890173742248905,0.891584203598357,0.890146116247144,0.891726528033765
317,0.888330186292115,0.893413595609272,0.88831276314765,0.893572215105795,0.889578091003781,0.892179614765013,0.889548278766645,0.892324100430834
318,0.887738198255212,0.894005384562656,0.887718005660392,0.894165937035413,0.888984917193568,0.892772411416917,0.888952905089411,0.89291905770223
319,0.88715862959533,0.89458559509365,0.887134378473003,0.894747368874368,0.888395334582416,0.893361479918654,0.888361110685036,0.893510284566659
320,0.886583043937479,0.895162277678464,0.886553969475662,0.895324794075457,0.887810440219227,0.893945723396959,0.887773994315229,0.894096682518912
321,0.886020223524233,0.895726357015362,0.885985983511175,0.895889333281712,0.88723130952363,0.89452406665479,0.887192633116256,0.894677174747189
322,0.885465428900432,0.896282439806032,0.885425858993672,0.896445667946962,0.886658991555569,0.895095460901839,0.886618077864987,0.895250710866745
323,0.884917260843749,0.896831834977346,0.884872316176953,0.896995160041683,0.886094504506719,0.895658888263209,0.886051348466824,0.895816271431598
324,0.884377364319502,0.897372799820817,0.884327112238435,0.89753615415444,0.885538831449014,0.896213366031003,0.885493429700782,0.896372872189023
325,0.883852713211555,0.897898227856343,0.883797391605638,0.898061680661325,0.884992916372135,0.89675795062696,0.88494526725362,0.896919568044948
326,0.883341277608369,0.898410106390988,0.883281168279906,0.898573757716655,0.88445766053807,0.897291741248032,0.884407764071101,0.897455456712147
327,0.882838885607003,0.898912597200309,0.882774266967502,0.899076535229772,0.883933919176762,0.897813883170876,0.883881777050467,0.897979682017186
328,0.882352832881638,0.899398323621377,0.882284101926297,0.899562738625152,0.88342249854261,0.898323570695497,0.883368114093873,0.898491436846354
329,0.88187880296808,0.899871594747939,0.881806323047697,0.900036682929763,0.882924153347161,0.898820049712708,0.882867531538132,0.898989965715226
330,0.881419662506606,0.900329519356305,0.881343831983818,0.90049551556419,0.882439584578839,0.899302619884545,0.882380731971649,0.899474566951008
331,0.880977224682251,0.900770274836706,0.880898450352346,0.900937443510339,0.881969437716105,0.899770636431255,0.881908362444924,0.899944594481263
332,0.880551205525565,0.90119415387905,0.880469874564038,0.901362757670149,0.881514301336026,0.90022351152286,0.881451013076635,0.900399459227022
333,0.88013262215941,0.901610123130068,0.880049044736499,0.90178039805144,0.881074706116024,0.900660715277537,0.881009216053055,0.90083863010253
334,0.879744908240635,0.901994853361606,0.879659484378822,0.90216708725473,0.880651124222531,0.901081776373089,0.880583445014547,0.901261634627865
335,0.879373855095844,0.902362529727965,0.87928687712406,0.902536956077168,0.880243969076498,0.90148628228152,0.880174114819108,0.901668059164513
336,0.879018111381246,0.902714529450057,0.878929844599378,0.902891329179927,0.879853595482312,0.90187387914022,0.879781581669473,0.902057548787318
337,0.878679718363255,0.903048853326528,0.87859038893101,0.903228196701349,0.879480300103489,0.902244271276325,0.879406143587199,0.902429806809459
338,0.878356274624969,0.903367893063872,0.878266060656151,0.903549959682188,0.879124322265863,0.902597220403576,0.879048041214421,0.902784593979721
339,0.878053735829249,0.903665813233193,0.877962768148059,0.903850726672566,0.878785845066612,0.902932544513306,0.878707458921622,0.90312172737374
340,0.877765124212989,0.903949506737211,0.87767350129967,0.904137415597576,0.878464996765558,0.903250116483134,0.878384526197866,0.903441079002768
341,0.877498333354102,0.904211271368996,0.877406105944949,0.90440220954777,0.878161852433662,0.903549862428427,0.878079319298397,0.90374257416506
342,0.877248513525709,0.904455898043949,0.877155705992515,0.904649910501051,0.877876435832536,0.903831759822722,0.877791863123435,0.904026189566058
343,0.877015584642484,0.904683495687346,0.876922196149243,0.904880593075424,0.877608721498073,0.904095835413989,0.87752213330125,0.904291951234282
344,0.876800911738062,0.904892771240407,0.87670690834511,0.905092910851216,0.877358637000959,0.904342162963985,0.877270058448295,0.904539932260169
345,0.876604017782599,0.905084225876978,0.876509341438137,0.905287336243434,0.87712606535687,0.904570860837885,0.877035522579164,0.904770250385062
346,0.876422344221743,0.905260360246482,0.876326919109677,0.905466391221758,0.876910847559461,0.904782089471079,0.876818367639511,0.904983065467263
347,0.876259146661189,0.905418066288689,0.876162879681252,0.905626868106114,0.876712785209938,0.904976048739361,0.876618396135677,0.905178576851353
348,0.876112715606975,0.905559024649688,0.876015502443221,0.905770449674409,0.876531643217857,0.905152975257839,0.876435373835693,0.905357020666149
349,0.875981599071649,0.905684648388328,0.875883325171133,0.905898559941686,0.876367152548959,0.90531313963278,0.876269032517437,0.905518667075507
350,0.875868411901785,0.905792480959378,0.875768981571408,0.906008640986128,0.876219012997141,0.905456843689273,0.876119072741046,0.905663817504866
351,0.875769924350582,0.905885616237359,0.875669221877068,0.906103854570442,0.876086895959152,0.905584417696134,0.875985166624169,0.905792801864968
352,0.875685829452777,0.905964358517824,0.875583735888923,0.906184502701734,0.875970447192187,0.905696217607873,0.875866960600204,0.905905975792574
353,0.875617471162662,0.906027484851242,0.875513908118282,0.906249295676462,0.875869289536244,0.905792622341851,0.875764078141408,0.90600371792634
354,0.875562828562517,0.906076896961854,0.875457689081721,0.906300191320487,0.875783025584847,0.905874031107041,0.875676122430443,0.906086427234237
355,0.875522109675671,0.906112435906551,0.875415315705737,0.906337009115126,0.875711240289504,0.905940860799011,0.875602678965733,0.906154520407177
356,0.875495000407422,0.906134435170041,0.875386503198419,0.906360076857191,0.875653503485052,0.90599354347399,0.875543318087776,0.906208429331684
357,0.87548061609225,0.906143718572237,0.875370355828856,0.906370249040444,0.875609372324771,0.906032523913112,0.875497597415286,0.906248598652746
358,0.87547860902954,0.906140656794813,0.875366557605476,0.906367897526761,0.875578393615871,0.906058257286265,0.87546506418175,0.906275483436243
359,0.875488393275968,0.906125782624002,0.875374511948862,0.906353582239487,0.875560106047615,0.906071206923268,0.875445257464667,0.906289546938713
360,0.875509584013511,0.90609946373767,0.875393841243035,0.906327686237498,0.875554042305867,0.906071842198579,0.875437710301244,0.90629125849065
361,0.87554251758579,0.906061176143141,0.875424769241969,0.906289735359233,0.875559731069396,0.906060636534216,0.875441951685888,0.906281091498026
362,0.875584710410855,0.906013877881871,0.875465175766631,0.906242600317427,0.875576698884623,0.906038065524217,0.875457508446135,0.906259521565358
363,0.87563678233093,0.905956642816235,0.875515519485887,0.906185434068666,0.875604471916775,0.906004605182638,0.875483906995035,0.906227024742347
364,0.875705171891402,0.905882299013237,0.875581723181576,0.90611117534861,0.875642577576615,0.905960730315966,0.875520674959091,0.906184075894936
365,0.875783427947954,0.905798048623118,0.875657764569178,0.906026951279404,0.875690546022963,0.9059069130197,0.875567342682015,0.906131147200583
366,0.875870520382807,0.905704961928619,0.875742813778511,0.90593380240489,0.875747911542182,0.90584362129794,0.875623444605437,0.906068706766558
367,0.875963011261964,0.905606637819728,0.875833643975615,0.905835326100025,0.875814213806654,0.905771317803971,0.875688520528598,0.905997217369272
368,0.876060031930424,0.905503895506924,0.875929370096894,0.905732388958001,0.875888999015,0.905690458699063,0.875762116749783,0.905917135311857
369,0.876154366368738,0.905404341475126,0.876022871940088,0.905632627527117,0.875971820917445,0.905601492626104,0.875843787092884,0.905828909396623
370,0.876257916911913,0.905295268938467,0.876125524327853,0.905523434820001,0.87606224173026,0.905504859794155,0.875933093823009,0.905732980008459
371,0.876370213305819,0.905177181176629,0.876236797970267,0.905405325426717,0.876159832943633,0.905400991169515,0.876029608455529,0.905629778304808
372,0.876490100553295,0.905051288453652,0.876355606511694,0.905279484568574,0.876264176027734,0.905290307768618,0.876132912463262,0.90551972550749
373,0.876613971602421,0.904921376849535,0.876478478626216,0.905149654656287,0.876374863041924,0.905173220047722,0.876242597886809,0.905403232291383
374,0.876743556440202,0.904785589334751,0.876607124601336,0.905013996408977,0.876491497152363,0.905050127384222,0.876358267853229,0.905280698264752
375,0.876878330367708,0.90464446173115,0.876741018760613,0.904873052970267,0.876613693063292,0.904921417644237,0.876479537008391,0.905152511535904
376,0.877018585502013,0.904497673166344,0.876880439716104,0.904726511376384,0.876741077367437,0.904787466831088,0.876606031868393,0.905019048360776
377,0.877161131152786,0.904348576348962,0.87702224886587,0.904577689025477,0.87687328882092,0.904648638809239,0.876737391095471,0.904880672866024
378,0.87731082563014,0.90419203968805,0.877171216388167,0.904421511483242,0.877009978548073,0.904505285098325,0.876873265703769,0.904737736842247
379,0.87746051312298,0.904035595922004,0.877320283274576,0.90426542841867,0.877150810181465,0.904357744731953,0.877013319200303,0.904590579602021
380,0.877614809990458,0.903874374060937,0.877474001247082,0.904104616448788,0.87729545994234,0.904206344176088,0.877157227666285,0.904439527897563
381,0.877768950695581,0.903713387005492,0.877627647909559,0.903944034013634,0.877443616666529,0.904051397301949,0.877304679783898,0.904284895892935
382,0.877927576223523,0.90354774078381,0.877785797792812,0.903778843905391,0.877594981780726,0.903893205408532,0.877455376813402,0.904126985185931
383,0.878089241285475,0.903378952879595,0.877947006856462,0.90361054642521,0.877749269233841,0.903732057290048,0.877609032525278,0.903966084874904
384,0.878252278201103,0.903208778047068,0.878109629721222,0.903440858233302,0.877906205387935,0.903568229343775,0.87776537309192,0.903802471666042
385,0.878420548894803,0.903033147330844,0.878277487060504,0.903265753244621,0.878065528873028,0.903401985714027,0.877924136943173,0.903636410016809
386,0.878592950475042,0.902853219353807,0.878449481049414,0.903086369958337,0.878226990409854,0.903233578468169,0.87808507458978,0.90346815231146
387,0.878758839065889,0.902680197988804,0.878615084223788,0.902913747867531,0.878390352604401,0.903063247800851,0.878247948418581,0.903297939064802
388,0.878944054674962,0.902486909199467,0.878799910104302,0.90272102155719,0.878555389717841,0.902891222262834,0.878412532463077,0.903125999150588
389,0.87911967070818,0.902303734478041,0.878975219320359,0.902538279920761,0.878721887415249,0.902717719011036,0.878578612152737,0.902952550051163
390,0.879297910533397,0.902117869871213,0.879153214791688,0.90235276203878,0.878889642496231,0.902542944076659,0.878745984044205,0.902777798125213
391,0.87946235354593,0.901946552817091,0.879317577808175,0.902181561760999,0.879058462610417,0.902367092648459,0.878914455537323,0.902601938890685
392,0.879641957501795,0.901759364653846,0.879497043894177,0.901994564120029,0.879228165960493,0.902190349368456,0.879083844578674,0.902425157320186
393,0.879817592862923,0.901576355195565,0.879672530283792,0.901811719366119,0.879398580995291,0.902012888637612,0.879253979355155,0.902247628146359
394,0.879982895177064,0.901404238098284,0.879837774460602,0.901639613330101,0.879569546095196,0.901834874929169,0.879424697979835,0.90206951617496
395,0.880149343484551,0.901230953111232,0.880004185405273,0.901466288078753,0.879740909251967,0.901656463107589,0.879595848172208,0.901890976603541
396,0.880325907541464,0.901047080012575,0.880180642545665,0.901282413006788,0.879912527744871,0.90147779875117,0.879767286934728,0.901712155343857
397,0.880499990198471,0.90086582521829,0.880354618527854,0.90110110050418,0.880084267814836,0.90129901847666,0.879938880227337,0.901533189346259
398,0.880664289121982,0.900694859056818,0.880518910997258,0.900929927861205,0.880256004338174,0.901120250264288,0.880110502641553,0.901354206924557
399,0.880832817609152,0.900519478083589,0.880687442580894,0.900754292961921,0.88042762050126,0.900941613781854,0.880282037075471,0.901175328079934
400,0.881006363806944,0.900338849493603,0.880860964350198,0.900573388848772,0.880599007477394,0.900763220706631,0.880453374410945,0.900996664822708
401,0.88118482483558,0.900153085273252,0.881039383235922,0.90038730543062,0.880770064106944,0.900585175043999,0.880624413194017,0.900818321490827
402,0.881358307641504,0.89997254648874,0.881212884759781,0.900206349468612,0.880940696581723,0.900407573441834,0.880795059319574,0.90064039506415
403,0.881519917885244,0.899804456414688,0.881374640547418,0.900037728100638,0.881110818134453,0.90023050549984,0.880965225721053,0.90046297547367
404,0.881679305155632,0.899638699426824,0.88153422103684,0.899871395973297,0.88128034873402,0.90005405407307,0.88113483206594,0.900286145904957
405,0.88184025903784,0.899471301530582,0.88169535330505,0.899703418938491,0.881449214787152,0.899878295569046,0.881303804457663,0.900109983095189
406,0.882001872502777,0.899303214211395,0.881857132307084,0.899534740327844,0.881617348847042,0.899703300237934,0.881472075144422,0.899934557623278
407,0.882163624957018,0.89913498224367,0.882019059458644,0.899365885558561,0.881784689329354,0.899529132455345,0.881639582235373,0.899759934192608
408,0.882326120619883,0.898965970790092,0.882181751968469,0.899196209009663,0.881951180235961,0.899355850997415,0.881806269424546,0.899586171906077
409,0.882487756309067,0.89879785544481,0.882343620594949,0.899027386626886,0.882116770886696,0.899183509307868,0.881972085722754,0.89941332453313
410,0.882647479840634,0.898631736210396,0.882503620705766,0.898860524803572,0.882281415659345,0.899012155756861,0.882136985197725,0.899241440768573
411,0.882807486078923,0.89846531587717,0.882663938210343,0.898693328981506,0.882445073738022,0.898841833891445,0.882300926722617,0.899070564483025
412,0.88296570050338,0.898300765384841,0.88282249951044,0.898527983369341,0.882607708870035,0.898672582677548,0.882463873733005,0.898900734964889
413,0.883122614656282,0.898137571809349,0.882979795577269,0.898363977395174,0.882769289131295,0.898504436733419,0.8826257939924,0.898731987153795
414,0.883278815808225,0.89797512143396,0.883136410052641,0.898200699975151,0.882929786700289,0.898337426554531,0.882786659366317,0.898564351865509
415,0.883433855329917,0.897813885106978,0.883291893493135,0.898038626785561,0.883089177640568,0.898171578729963,0.882946445604863,0.898397856008327
416,0.883589511897074,0.89765200352724,0.883448024557866,0.897875890871377,0.883247441691713,0.898006916150329,0.883105132133774,0.898232522791019
417,0.883744490288044,0.89749083342938,0.883603509796517,0.89771385511623,0.88340456206867,0.897843458207339,0.883262701853833,0.898068371922408
418,0.883898850706886,0.897330314442338,0.883758413015635,0.89755245815363,0.883560525269354,0.897681220985105,0.88341914094853,0.89790541980271
419,0.884051799218838,0.897171279520863,0.883911939514672,0.897392539259241,0.88371532089037,0.897520217443348,0.883574438699845,0.897743679706759
420,0.884201927262989,0.897015205440101,0.884062675891161,0.897235587026632,0.883868941450708,0.897360457592632,0.883728587311991,0.897583161959287
421,0.884350953311503,0.896860298012775,0.884212337837589,0.897079801402737,0.884021382223226,0.897201948661837,0.883881581742938,0.897423874102423
422,0.884499156283931,0.896706268441604,0.884361199416379,0.896924894049539,0.884172641073746,0.897044695258013,0.884033419543552,0.897265821055594
423,0.884647102417378,0.896552528318055,0.884509828243198,0.896770270855054,0.884322718307563,0.896888699518857,0.884184100704127,0.897109005268041
424,0.884794007290253,0.896399901361775,0.88465743942258,0.896616757307098,0.884471616523157,0.896733961257978,0.884333627508128,0.89695342686413
425,0.884938253939587,0.896250081771003,0.884802411345428,0.896466056511955,0.884619340472902,0.896580478103199,0.884482004392919,0.896799083781697
426,0.885083083932749,0.896099685000153,0.88494799608795,0.89631476209321,0.884765896930551,0.896428245628078,0.884629237817263,0.896645971903624
427,0.885225559123251,0.89595178414984,0.885091240530514,0.896165967340107,0.884911294565284,0.896277257476902,0.884775336135381,0.89649408518288
428,0.885367365291091,0.895804623134755,0.88523383860274,0.896017901848651,0.885055543822077,0.896127505483353,0.884920309477331,0.896343415761237
429,0.885508107618739,0.895658617293516,0.885375391848016,0.895870983073381,0.885198656808197,0.895978979783082,0.885064169635499,0.896193954081903
430,0.88564722893441,0.895514352259948,0.885515339729958,0.895725799222392,0.885340647185571,0.895831668920413,0.885206929956976,0.896045688996271
431,0.885786591413826,0.895369888867405,0.885655554756357,0.895580394476492,0.885481530068828,0.895685559949393,0.885348605241592,0.895898607865035
432,0.885923605893187,0.89522793083307,0.885793432023665,0.895437492200362,0.885621321928779,0.895540638529422,0.885489211645391,0.895752696653864
433,0.88605977191247,0.895086919005647,0.885930480488556,0.895295519132912,0.885760040501134,0.895396889015662,0.885628766589334,0.895607940023877
434,0.886196653714221,0.894945227064542,0.886068274079967,0.89515283378413,0.88589770470022,0.895254294544461,0.88576728867301,0.895464321417118
435,0.886331150047257,0.894806087855294,0.886203690865003,0.895012695539651,0.886034334537509,0.895112837113983,0.885904797593149,0.895321823137244
436,0.886464022595999,0.894668712394253,0.886337497926481,0.894874307882577,0.88616995104474,0.894972497660264,0.886041314066724,0.895180426425642
437,0.886595707175224,0.894532649062726,0.886470131368462,0.894737216533703,0.886304576201437,0.894833256128891,0.886176859758449,0.89504011153316
438,0.886727217750322,0.894396847070767,0.886602612176991,0.894600359642942,0.886438232866619,0.894695091542497,0.886311457212475,0.894900857787663
439,0.886857832756056,0.894262058872221,0.886734213818821,0.89446449579323,0.886570944714527,0.894557982064276,0.886445129788086,0.894762643657603
440,0.886987469816492,0.894128372960614,0.886864854589954,0.894329713138372,0.88670273617416,0.894421905057688,0.886577901599218,0.894625446811785
441,0.887115248994742,0.893996703266903,0.886993645947375,0.894196937149857,0.886833632372455,0.89428683714255,0.886709797457606,0.894489244175511
442,0.887242673283669,0.893865494678436,0.887122103751567,0.894064595037234,0.886963659080933,0.894152754247677,0.886840842819409,0.894354011983282
443,0.887370765538501,0.893733691813239,0.887251261587355,0.893931617217535,0.88709284266563,0.89401963166026,0.886971063735109,0.894219725828231
444,0.887497153093959,0.893603750727459,0.887378724507541,0.893800491209746,0.887221210040163,0.893887444072122,0.88710048680255,0.894086360708432
445,0.887623779949912,0.89347366624683,0.887506457543612,0.893669185031323,0.887348788621769,0.893756165623032,0.88722913912294,0.893953891070275
446,0.887748339878322,0.893345819337004,0.887632128158909,0.893540115614583,0.887475606290148,0.893625769941219,0.887357048259671,0.893822290849037
447,0.887872446352072,0.893218548178587,0.887757365774764,0.893411599550528,0.887601691348982,0.893496230181247,0.887484242199801,0.893691533506806
448,0.887995301222104,0.893092675465456,0.887881361057527,0.893284474236193,0.887727072489979,0.893367519059373,0.887610749318063,0.8935615920679
449,0.888118984019849,0.892966064479565,0.888006218795385,0.893156569719296,0.887851778759299,0.893239608886555,0.887736598343257,0.893432439151925
450,0.888240829334141,0.892841455566203,0.88812924103644,0.89303067150775,0.887975839526231,0.893112471599214,0.887861818326898,0.893304047004596
451,0.888362742432136,0.892716894566658,0.888252356592051,0.89290479472509,0.888099284454002,0.892986078787904,0.88798643861398,0.893176387526454
452,0.888484712980837,0.892592394019757,0.888375555233332,0.892778952926047,0.888222143472581,0.892860401723993,0.88811048881575,0.893049432299609
453,0.888605600258596,0.892469123779797,0.888497680383455,0.89265433833947,0.888344446753364,0.892735411384493,0.888233998784354,0.892923152612614
454,0.888726123716885,0.892346349042031,0.888619459883319,0.892530205395101,0.888466224685626,0.892611078475138,0.888356998589256,0.892797519483603
455,0.888846088690834,0.892224269673001,0.888740694927486,0.892406759574423,0.888587507854638,0.89248737345183,0.888479518495305,0.892672503681783
456,0.888965522818868,0.892102858479077,0.888861412111075,0.892283975144184,0.888708327021315,0.892364266540562,0.88860158894236,0.892548075747413
457,0.889085408290595,0.891981116305361,0.888982607935392,0.892160834944756,0.888828713103326,0.892241727755911,0.888723240526349,0.892424206010344
458,0.889204899827543,0.891859905366647,0.889103424466451,0.892038218813214,0.888948697157542,0.892119726918213,0.888844503981684,0.892300864607248
459,0.889323148829965,0.891740088631716,0.889222997744308,0.891917009448744,0.889068310363733,0.891998233669502,0.888965410164919,0.892178021497609
460,0.88944256283708,0.891619223451789,0.889343772116682,0.891794716881774,0.889187584009432,0.891877217488331,0.889085990039565,0.892055646478584
461,0.889560490005994,0.891499999405534,0.889463052633743,0.891674085848379,0.88930654947585,0.891756647703527,0.889206274661977,0.891933709198821
462,0.889678287916848,0.891381042000486,0.889582216086873,0.891553716481088,0.889425238224786,0.891636493507007,0.889326295168211,0.891812179171315
463,0.889797207010773,0.891261088760958,0.88970253396499,0.891432320366276,0.889543681786417,0.891516723965714,0.889446082761784,0.891691025785397
464,0.889914740142331,0.891142672371796,0.889821456611743,0.891312483666765,0.889661911747914,0.891397308032766,0.889565668702237,0.891570218317929
465,0.890031790432522,0.891024881360699,0.889939899034704,0.891193278533951,0.889779959742781,0.891278214557897,0.88968508429444,0.891449725943796
466,0.890149992981981,0.89090607033338,0.890059524246108,0.89107302489326,0.889897857440849,0.891159412297265,0.889804360878539,0.89132951774576
467,0.890268746103097,0.890786847004322,0.890179721541424,0.890952342888598,0.890015636538846,0.891040869922708,0.889923529820485,0.891209562723765
468,0.890386299574004,0.890668969216329,0.890298708348908,0.890833029812381,0.890133328751475,0.890922556030524,0.890042622503066,0.891089829803761
469,0.89050549916188,0.890549584254641,0.890419378863395,0.890712173655324,0.890250965802911,0.890804439149842,0.890161670317365,0.890970287846129
470,0.890623184908296,0.890431856976367,0.890538516697384,0.890593006916509,0.890368579418661,0.89068648775066,0.890280704654569,0.890850905653762
471,0.890741331855506,0.890313811440745,0.890658128305439,0.890473514168427,0.890486201317701,0.890568670251633,0.890399756898066,0.890731651979895
472,0.890858403495813,0.890196980966195,0.890776648326974,0.890355261608156,0.890603863204834,0.890450955027653,0.890518858415758,0.890612495535745
473,0.890976398225325,0.890079372320797,0.890896109880972,0.890236213437474,0.890721596763185,0.890333310417328,0.890638040552503,0.890493404998023
474,0.891095571743005,0.889960732740158,0.891016775390079,0.890116110012529,0.890839433646769,0.890215704730401,0.890757334622647,0.890374349016409
475,0.891213284514474,0.889843685750222,0.891135956552065,0.889997632749287,0.890957405473065,0.890098106255193,0.890876771902545,0.890255296221034
476,0.891331281342601,0.889726496759128,0.891255426720874,0.889879011407994,0.891075543815523,0.889980483266131,0.89099638362302,0.890136215230063
477,0.891450191098791,0.889608542523032,0.891375826786038,0.889759608364087,0.891193880195931,0.889862804031448,0.891116200961685,0.890017074657433
478,0.891570260964818,0.889489579485196,0.891497409572194,0.889639174570007,0.891312446076579,0.889745036821098,0.891236255035056,0.88989784312082
479,0.891690296108299,0.889370788851871,0.891618958452986,0.889518917779436,0.891431272852142,0.889627149914987,0.891356576890386,0.889778489249914
480,0.891810133788923,0.889252329349773,0.891740305150369,0.8893990025368,0.891550391841215,0.889509111611564,0.891477197497154,0.889658981695056
481,0.89193075842288,0.889133229403684,0.891862450581984,0.889278436980918,0.891669834277421,0.88939089023687,0.891598147738117,0.889539289136336
482,0.892051474229489,0.889014173159749,0.891984685784408,0.889157920403389,0.891789631300032,0.8892724541541,0.891719458399881,0.889419380293198
483,0.892172489341418,0.888894954132936,0.892107221285608,0.889037243057484,0.891909813944002,0.889153771773763,0.891841160162885,0.889299223934649
484,0.892294437728938,0.888774948909296,0.8922307023822,0.888915768331314,0.892030413129366,0.889034811564516,0.891963283590747,0.889178788890136
485,0.89241640818012,0.888655049591257,0.892354201023138,0.88879440825709,0.892151459649902,0.888915542064743,0.892085859118867,0.889058044061177
486,0.892538615855703,0.88853504292183,0.892477934570932,0.888672946517189,0.892272984160982,0.888795931894975,0.892208917042232,0.888936958433823
487,0.892660997042064,0.888414988954553,0.892601837069729,0.888551445129197,0.892395017166539,0.888675949771223,0.892332487502321,0.888815501092039
488,0.892785094371688,0.88829337990848,0.892727479045824,0.888428364099948,0.892517589005047,0.888555564519305,0.892456600473035,0.888693641232077
489,0.892909564112615,0.888171525922916,0.892853493643145,0.888305041929612,0.89264072983444,0.888434745090271,0.892581285745555,0.888571348177951
490,0.893034219702061,0.888049605661261,0.892979689151769,0.888181663433722,0.892764469615873,0.888313460577004,0.892706572912047,0.888448591398078
491,0.893160161635822,0.887926546293636,0.893107184621884,0.888057133977238,0.89288883809623,0.888191680232091,0.892832491348114,0.888325340523203
492,0.893286219856103,0.887803483417099,0.893234788745463,0.887932614154285,0.893013864789286,0.888069373487069,0.892959070193893,0.888201565365689
493,0.893414597563488,0.887678275946096,0.893364742651797,0.887805919274951,0.893139578955418,0.887946509973145,0.893086338333713,0.888077235940279
494,0.893542122919859,0.887553998770898,0.893493819188973,0.887680189371375,0.893266009579765,0.887823059543477,0.893214324374191,0.887952322486434
495,0.893670065733613,0.887429416491589,0.893623306320038,0.887554166329673,0.893393185348727,0.887698992297158,0.893343056620666,0.887826795492355
496,0.89379931280031,0.887303669306777,0.893754105475494,0.887426972549202,0.893521134624685,0.88757427860498,0.893472563051863,0.887700625720794
497,0.893929596839988,0.887177013966826,0.893885944942879,0.887298870571955,0.893649885418845,0.887448889137109,0.893602871292663,0.887573784236783
498,0.894061918254129,0.887048482161838,0.894019842312944,0.887168873639995,0.893779465362053,0.887322794892802,0.893734008584868,0.887446242437389
499,0.894193213313048,0.886921027859584,0.89415268185608,0.887039996520684,0.893909901673496,0.887195967232269,0.89386600175582,0.887317972083625
500,0.89432693238246,0.886791320119872,0.894287968529559,0.886908844103748,0.894041221127119,0.887068377910825,0.893998877184768,0.887188945334649
501,0.894463935602718,0.886658531275373,0.894426578049859,0.886774572831688,0.894173450015662,0.88693999911546,0.894132660766822,0.887059134784379
502,0.894599478916434,0.886527225727537,0.894563689816632,0.886641836877574,0.894306614112138,0.886810803503973,0.894267377874375,0.886928513500672
503,0.894734590872613,0.886396406331242,0.894700342717553,0.886509624479376,0.894440738628646,0.886680764246802,0.89440305331584,0.886797055067198
504,0.894870211228012,0.886265168102188,0.894837488321042,0.88637701300358,0.894575848172337,0.886549855071715,0.89453971129155,0.886664733628176
505,0.895007448505637,0.886132444753907,0.894976251776872,0.886242915840144,0.894711966698398,0.886418050311505,0.894677375346667,0.88653152393611
506,0.89514614415227,0.885998386560353,0.895116473310364,0.88610748581349,0.894849117459885,0.886285324954853,0.89481606832095,0.886397401402701
507,0.895285796635261,0.885863471536726,0.895257644858454,0.885971209842481,0.894987322954239,0.886151654700533,0.894955812295192,0.886262342153088
508,0.895427727579181,0.885726430087319,0.895401107944575,0.885832796827931,0.895126604866318,0.886017016015117,0.895096628534181,0.886126323083595
509,0.895569489162822,0.885589604858058,0.895544379033112,0.885694630881949,0.895266984007758,0.885881386194363,0.895238537425993,0.885989321923162
510,0.895713559194905,0.885450619447357,0.895689969712839,0.885554296579189,0.895408480252493,0.885744743428476,0.895381558417431,0.88585131729864
511,0.895857617563814,0.885311692666974,0.895835526421639,0.885414050593709,0.895551112468237,0.885607066871412,0.895525709945437,0.885712288804137
512,0.896003193750853,0.885171357438662,0.89598259816621,0.885272402754335,0.895694898443739,0.885468336714437,0.895671009364267,0.885572217074612
513,0.89615062872137,0.885029286227283,0.896131529915752,0.885129021078115,0.895839854811607,0.885328534264126,0.895817472868248,0.885431083863906
514,0.896299736718712,0.884885653840428,0.896282133603695,0.884984083989044,0.895985996966509,0.885187642025015,0.895965115409898,0.885288872127426
515,0.896452261672411,0.884738791320226,0.896436176124124,0.884835898415396,0.896133338978531,0.885045643787093,0.896113950613207,0.885145566109672
516,0.896603512762602,0.884593175883241,0.896588908010758,0.884689008790696,0.89628189350149,0.884902524718381,0.896263990681882,0.885001151436838
517,0.896756363824801,0.884446057926243,0.896743235829363,0.88454062701484,0.896431671675977,0.884758271462772,0.896415246302308,0.884855615214682
518,0.89691250937664,0.88429582047786,0.896900872000316,0.884389115048249,0.896582683026925,0.884612872243385,0.896567726541045,0.884708946131901
519,0.897066296946697,0.884147854917675,0.897056097024813,0.884239938487569,0.896734935355463,0.88446631697163,0.896721438736608,0.884561134569215
520,0.897222627645954,0.883997480099542,0.897213866613676,0.884088353584099,0.896888434624853,0.884318597362217,0.89687638838533,0.884412172714395
521,0.8973800308688,0.883846100623748,0.897372691929124,0.883935783866951,0.897043184840269,0.884169707054339,0.897032579021065,0.884262054683455
522,0.897537034421522,0.883695116515613,0.897531085076144,0.883783646404927,0.897199187922202,0.884019641739233,0.89719001208853,0.884110776648225
523,0.897695549668175,0.883542703496342,0.897690977348225,0.883630093801883,0.89735644357327,0.883868399294363,0.897348686810039,0.883958336970536
524,0.897855758816762,0.883388687677312,0.897852552173309,0.883474950668799,0.89751494913821,0.883715979924427,0.897508600045428,0.883804736343233
525,0.89802208330423,0.883228852706319,0.898020275343013,0.883313954351497,0.897674699456832,0.883562386309419,0.897669746144944,0.883649977938224
526,0.898185827778159,0.883071484378266,0.898185373635363,0.883155479903836,0.897835686709731,0.883407623759947,0.897832116794894,0.883494067561792
527,0.898349602317018,0.882914086389881,0.898350483000517,0.882997002588686,0.897997900256554,0.883251700380011,0.897995700855848,0.883337013817357
528,0.898523751699379,0.882746802195511,0.898526033676516,0.882828572255734,0.89816132646661,0.883094627237442,0.898160484193194,0.883178828275892
529,0.898690830523923,0.882586262028802,0.898694432167996,0.882666980817873,0.89832594854167,0.882936418542177,0.898326449499879,0.883019525654168
530,0.898858627770478,0.882425025422552,0.898863536220555,0.882504714106877,0.898491746330757,0.882777091832541,0.898493576111156,0.882859124001002
531,0.899026620575865,0.882263599495403,0.899032808259545,0.8823422887851,0.898658696136797,0.882616668169695,0.898661839811177,0.882697644891657
532,0.899195886575534,0.882100958347991,0.899203329720026,0.882178671890379,0.898826770514986,0.882455172340371,0.898831212631328,0.882535113630526
533,0.899366927067651,0.88193662494278,0.899375606065086,0.882013381889928,0.898995938062761,0.88229263306801,0.899001662640158,0.88237155946221
534,0.899536665137521,0.881773529685067,0.89954654228861,0.881849369368711,0.899166163201302,0.882129083232389,0.899173153724851,0.882207015791072
535,0.899707554903214,0.881609333620829,0.899718611794022,0.881684275030389,0.899337405948506,0.881964560097782,0.899345645364172,0.882041520409315
536,0.899879589912922,0.881444045223056,0.899891806203908,0.881518109214378,0.899509621683408,0.88179910554968,0.899519092392879,0.881875115733616
537,0.900054456226138,0.881276058319028,0.900067822769583,0.881349255269845,0.899682760902084,0.881632766340047,0.899693444757604,0.881707849050269
538,0.9002292115457,0.881108175428558,0.900243705315663,0.881180532386392,0.899856768965088,0.881465594341045,0.899868647264296,0.8815397727688
539,0.900405339870301,0.880938981091927,0.900420949819437,0.881010514085025,0.900031585836544,0.881297646807111,0.900044639317317,0.881370944683912
540,0.900584662882208,0.880766741383628,0.900601385781524,0.880837459548594,0.900207145815059,0.881128986645225,0.900221354650375,0.88120142824561
541,0.900761191733812,0.880597161557487,0.900778996141628,0.880667103791665,0.900383377256697,0.880959682693126,0.90039872104952,0.881031292837257
542,0.900938684304055,0.88042665967978,0.900957558424763,0.880495844603997,0.900560202290301,0.880789810005185,0.900576660068504,0.880860614061276
543,0.901116734810465,0.880255627663079,0.90113665752214,0.880324081818688,0.900737536525537,0.880619450145556,0.900755086736888,0.880689474032107
544,0.901296425778864,0.880083035829452,0.901317378997757,0.880150783026725,0.90091528875414,0.88044869148815,0.900933909261335,0.880517961675972
545,0.901474974323045,0.879911537701244,0.901496930397723,0.879978610999451,0.901093360644867,0.880277629522887,0.901113028720656,0.880346173036902
546,0.901652644411569,0.879740882517556,0.90167557976863,0.879807310953712,0.901271646432847,0.880106367167569,0.901292338755244,0.880174211588364
547,0.901830163898324,0.879570381479941,0.901854054296178,0.879636194186745,0.901450032604039,0.879935015084646,0.901471725251653,0.880002188549756
548,0.902006533521861,0.879400991361717,0.902031348464162,0.879466222054338,0.901628397575697,0.879763692001982,0.901651066023177,0.879830223206889
549,0.902182996714465,0.879231531877586,0.902208708794222,0.879296211630408,0.901806611373811,0.879592525036647,0.901830230487452,0.879658443235458
550,0.902358223160134,0.879063275789036,0.902384800725584,0.879127438661251,0.901984535308661,0.879421650020594,0.902009079342171,0.879486985026396
551,0.902532941077453,0.878895534032343,0.902560355897065,0.878959211536628,0.902162021649758,0.879251211826968,0.902187464240206,0.879315994011811
552,0.902707971761196,0.878727530821206,0.902736196416403,0.878790755203805,0.902338913301575,0.879081364695606,0.902365227465566,0.879145624990105
553,0.902881414150045,0.878561082490749,0.902910419158277,0.878623886574081,0.902515043481681,0.878912272556156,0.902542201611749,0.878976042448674
554,0.903053502313866,0.878395971297365,0.903083261673368,0.878458385306753,0.902690235403014,0.878744109347044,0.902718209264287,0.878807420882437
555,0.90322438732874,0.878232060986497,0.903254873529672,0.878294117201208,0.902864301962249,0.87857705932835,0.902893062689398,0.878639945106235
556,0.903394164112995,0.878069269244655,0.903425347885717,0.878131002232567,0.90303704543639,0.878411317386468,0.90306656353089,0.878473810558988
557,0.903560571812356,0.877909754924212,0.903592422673608,0.877971196534411,0.903208257189917,0.878247089328198,0.903238502517658,0.878309223597254
558,0.903725030427069,0.877752175152398,0.903757518792286,0.877813358998261,0.903377717395032,0.878084592161746,0.903408659184307,0.878146401775655
559,0.903887493661871,0.877596585179671,0.903920584963674,0.877657549929303,0.903545194767766,0.877924054361858,0.903576801607667,0.877985574111415
560,0.904046348455579,0.877444528030264,0.904080007973827,0.877505308865679,0.903710446322916,0.877765716116124,0.903742686162174,0.877826981330013
561,0.90420398387354,0.877293745440477,0.904238176128383,0.877354385010265,0.903873217151033,0.877609829549223,0.903906057297344,0.877670876088766
562,0.90435712603874,0.877147358991869,0.90439181567908,0.877207891847105,0.904033240220879,0.877456658921695,0.904066647340747,0.877517523174884
563,0.904507095822497,0.877004125938663,0.904542249854495,0.877064588723762,0.904190236211041,0.877306480799561,0.904224176330175,0.87736719967433
564,0.904653239966723,0.876864680712553,0.904688822114731,0.876925112320252,0.904343913374582,0.877159584190886,0.904378351878898,0.877220195107607
565,0.904795825361407,0.876728785652873,0.904831797402838,0.876789228797991,0.90449396744086,0.877016270645173,0.904528869078124,0.877076811528313
566,0.904932550096818,0.876598633871363,0.904968877779459,0.876659119691572,0.90464008155887,0.876876854311231,0.904675410441027,0.876937363580137
567,0.905065350645803,0.876472410842671,0.905101995266972,0.876532983657383,0.904781926286651,0.876741661948967,0.904817645892885,0.876802178507745
568,0.905191697210059,0.876352522892965,0.905228621314342,0.876413216207569,0.904919159631524,0.876611032890329,0.904955232812098,0.876671596116764
569,0.905313155019365,0.876237512727087,0.905350316743562,0.876298372767143,0.9050514271461,0.876485318944483,0.905087816127021,0.876545968677969
570,0.905427735437071,0.87612927185106,0.905465094940588,0.876190334507296,0.90517836208514,0.876364884242119,0.905215028473705,0.876425660770544
571,0.905535962846436,0.876027327674442,0.90557347859569,0.876088634797511,0.905299585628515,0.876250105013638,0.90533649041978,0.876311049059199
572,0.905638046994303,0.875931510593479,0.905675671676379,0.875993113716236,0.905414707175587,0.87614136929592,0.905451810759816,0.876202521999814
573,0.905732314105354,0.875843408326319,0.905770006427735,0.875905344431016,0.905523324716405,0.876039076562253,0.905560586887546,0.876100479468203
574,0.905819579852604,0.875762291543169,0.905857293850201,0.875824611173589,0.905625025285135,0.875943637270008,0.905662405250388,0.876005332306597
575,0.905898152082692,0.875689756952419,0.90593584779326,0.875752494820776,0.905719385501114,0.875855472320686,0.905756841891622,0.875917501782443
576,0.905968933153924,0.875625011014506,0.90600656208675,0.875688222472025,0.905805972202818,0.87577501242702,0.905843463085562,0.875837418954235
577,0.906030051461096,0.875569801182731,0.906067573833507,0.875633518907781,0.905884343179915,0.875702697381977,0.905921826070842,0.875765523939202
578,0.906081417962795,0.875524241266718,0.906118793930589,0.875588500792388,0.90595404800833,0.875638975224739,0.905991479886779,0.875702265077938
579,0.906122723558779,0.875488649012432,0.906159909638651,0.875553491117701,0.906014628992969,0.875584301298983,0.906051966317443,0.875648097991313
580,0.90615433614573,0.875462777780783,0.9061912734379,0.875528274228886,0.906065622222366,0.875539137199229,0.906102820947707,0.875603484525404
581,0.906174378732027,0.87544828796981,0.906211029777436,0.875514460001685,0.906106558739071,0.875503949601422,0.906143574335075,0.875568891580657
582,0.90618349634689,0.875444774708079,0.906219801179174,0.875511698606128,0.906136965829004,0.875479208974517,0.906173753300533,0.875544789822012
583,0.906180312236216,0.875453348633957,0.906216236909253,0.875521037913354,0.906156368432367,0.87546538817048,0.906192882341009,0.875531652267433
584,0.906164735679157,0.875474268479803,0.906200229994024,0.875542776912592,0.906164290677942,0.875462960890883,0.906200485165241,0.875529952753024
585,0.906136195662292,0.8755080825263,0.906171208328395,0.875577462524279,0.906160257541699,0.875472400029151,0.906196086354019,0.875540164273775
586,0.906094509053219,0.875554881729211,0.906128998982289,0.875625161002312,0.906143796629701,0.875494175888487,0.906179213144738,0.8755627572
587,0.906039169229525,0.875615220829753,0.906073089920147,0.875686440282956,0.906114440084149,0.875528754276617,0.906149397339141,0.875598197370586
588,0.905969621349294,0.875689677481727,0.906002922854995,0.875761885769967,0.90607172661026,0.875576594479685,0.906106177331909,0.875646944065398
589,0.905884325821696,0.875779877231729,0.905916947090193,0.875853147609295,0.906015203620306,0.875638147118939,0.906049100256436,0.875709447860507
590,0.905784481437604,0.87588447466121,0.90581637854641,0.875958838342232,0.905944429489765,0.875713851895272,0.905977724242745,0.875786148371276
591,0.905669975505691,0.876003575086215,0.905701103827509,0.876079062408656,0.905858975919029,0.875804135228183,0.905891620780944,0.875877471889911
592,0.905538831683975,0.876139244866836,0.905569136263274,0.876215912652508,0.905758430392481,0.875909407797314,0.905790377182081,0.875983828925619
593,0.90539224976454,0.876290212849886,0.905421686462838,0.876368095197293,0.905642398725149,0.876030061996386,0.905673599126557,0.876105611657212
594,0.90522702111847,0.876459791099805,0.905255531531299,0.876538953884419,0.905510507685377,0.876166469311076,0.905540913288545,0.87624319130971
595,0.905046588759624,0.876644405635616,0.905074131471078,0.876724874836125,0.90536240768022,0.87631897763413,0.90539197002311,0.876396915468241
596,0.904850718384786,0.876844297150853,0.904877245962216,0.876926106655871,0.905197775488488,0.876487908532791,0.90522644610096,0.876567105344332
597,0.904633553141161,0.877065465963081,0.90465900438055,0.877148687474266,0.905016317024609,0.876673554485365,0.905044047473955,0.876754053011419
598,0.904402965875469,0.877299849959616,0.904427308526693,0.877384493829535,0.90481777011474,0.876876176105506,0.904844512052834,0.876958018628165
599,0.904153309277827,0.877553212238905,0.90417648705334,0.877639334064276,0.90460190726489,0.877095999374442,0.90462761247689,0.877179227669828
600,0.903880598988342,0.877829600464394,0.903902557327881,0.877917261627727,0.904368538399275,0.877333212902933,0.904393158853795,0.87741786818947
601,0.903596419217611,0.878117230954834,0.903617125826168,0.878206439288411,0.90411751354565,0.877587965246221,0.904141001446338,0.877674088132268
602,0.90329179445405,0.878425217505907,0.90331118450978,0.87851603708812,0.903848725443123,0.877860362296444,0.90387103328154,0.87794799272744
603,0.902972060100311,0.878748154906858,0.902990093227156,0.878840612217468,0.903562112046863,0.878150464778135,0.903583192656572,0.87823964198337
604,0.90263364074871,0.87908966462445,0.902650270411182,0.879183800057518,0.903257658903295,0.878458285873187,0.903277465515033,0.878549048312366
605,0.902278275094219,0.879447989350202,0.902293464252371,0.879543830740728,0.902935401368786,0.878783789002295,0.902953887666602,0.878876174312048
606,0.901903982072121,0.879825130660898,0.901917689942769,0.879922712711362,0.902595426644583,0.879126885790114,0.902612546822814,0.879220930730598
607,0.90151406719628,0.880217751974719,0.90152625663866,0.880317102550325,0.902237875600827,0.879487434241307,0.902253584421743,0.879583174643094
608,0.901105584842919,0.880628826294393,0.901116210885391,0.880729984120586,0.901862944362882,0.879865237154246,0.901877197214873,0.879962707865658
609,0.900682665261657,0.881054192265057,0.900691689896362,0.881157185693894,0.901470885634047,0.880260040798305,0.901483638590164,0.880359275633378
610,0.900239492220489,0.881499711171023,0.90024686985982,0.881604578555439,0.901062009729915,0.880671533879477,0.901073219606602,0.880772565566748
611,0.899784818839809,0.881956571507938,0.899790516385759,0.882063335313722,0.900636685301251,0.881099346817447,0.900646309717087,0.881202206949742
612,0.899313432832159,0.88243002158047,0.899317402503709,0.882538721720519,0.90019533972431,0.881543051355206,0.900203337158559,0.881647770340629
613,0.898830114475872,0.882915258118801,0.898832322335993,0.883025917892678,0.899738459139909,0.882002160519888,0.899744788990703,0.882108767534196
614,0.898325500510919,0.88342169707417,0.898325907105195,0.883534342252095,0.899266588125432,0.882476128950661,0.899271210767369,0.882584651891216
615,0.897803979266425,0.883944927123576,0.897802559054788,0.884059567724299,0.898780328987105,0.882964353606332,0.898783205828065,0.883074819047823
616,0.897277586025686,0.884472855126443,0.897274298903892,0.884589528565668,0.898280340663435,0.883466174861775,0.898281434200404,0.883578608013898
617,0.896725817685166,0.885026074247698,0.896720594186237,0.885144832307968,0.89776733723452,0.883980877998486,0.897766611108222,0.884095302665747
618,0.896177145852261,0.885576007385632,0.896169964231578,0.885696866485389,0.897242086036046,0.884507695090432,0.897239505084165,0.884624133634273
619,0.895622523455063,0.886131736912528,0.895613321175699,0.886254756700232,0.896705405381047,0.885045807282158,0.896700935689836,0.885164280585547
620,0.895055247198745,0.88670000149423,0.895043993301791,0.886825187808153,0.896158161896924,0.885594347451602,0.896151770851002,0.88571487488627
621,0.894477604496555,0.887278509999946,0.894464300513762,0.887405833597237,0.895601267489719,0.886152403245692,0.895592923819852,0.886275002642145
622,0.893894096569212,0.887862745587552,0.893878740927489,0.887992193555312,0.895035675952079,0.886719020472231,0.895025349780759,0.886843708092683
623,0.893306141306201,0.888451286289546,0.893288716031815,0.888582869246785,0.894462379235779,0.887293206827246,0.894450042120406,0.887419997341604
624,0.892711165020552,0.889046714723918,0.892691646360317,0.8891804420222,0.893882403413853,0.887873935932735,0.89386802838736,0.888002842397729
625,0.892116211590618,0.889641976088322,0.892094587646692,0.889777853195689,0.893296804361429,0.888460151655719,0.893280365970174,0.88859118549728
626,0.89151935671515,0.890239000393164,0.891495607596239,0.890377037519785,0.892706663188006,0.88905077267587,0.892688137526779,0.889183943674846
627,0.890920035595733,0.890838357386021,0.890894150507444,0.890978548489878,0.892113081457235,0.889644697265646,0.892092446201251,0.8897800135469
628,0.890312239655775,0.891446063075538,0.89028420728105,0.891588387794276,0.89151717623312,0.890240808244029,0.891494410666859,0.890378276268978
629,0.889708743219862,0.892049326799933,0.889678566846877,0.892193777292159,0.890920074993908,0.890837978062586,0.890895160036701,0.890977602625201
630,0.889107654965235,0.892650038396995,0.889075305772983,0.892796642244574,0.890322910456756,0.89143507398077,0.890295828685027,0.891576858207056
631,0.888511905343424,0.893245270888774,0.88847736079606,0.893394046522606,0.889726815357496,0.892030963286151,0.889697551023575,0.89217490863709
632,0.887919010894122,0.893837512360169,0.88788225199816,0.89398846136248,0.889132917230415,0.892624518514643,0.889101456277866,0.892770624792579
633,0.887335053915329,0.894420682597799,0.887296083219362,0.894573793487305,0.888542333232998,0.893214622625789,0.888508663308428,0.893362887984212
634,0.886755167019681,0.894999648104108,0.886713976066697,0.895154907948173,0.887956165059941,0.893800174088796,0.887920275521257,0.893950595045462
635,0.886180882649395,0.895572877141824,0.88613747484606,0.895730259410322,0.887375493989515,0.894380091836239,0.887337375910634,0.894532663289551
636,0.885617127570126,0.896135443345398,0.885571511037688,0.896294931891002,0.886801376103556,0.894953320044142,0.886761022275579,0.895108035292698
637,0.885062653158093,0.896688592733651,0.885014822229573,0.89685018252819,0.886234837719998,0.895518832699556,0.886192242648877,0.895675683464754
638,0.884519291351572,0.897230496820377,0.884469246692451,0.897394175727481,0.885676871073994,0.89607563791954,0.885632030974744,0.896234614371118
639,0.883986428932007,0.897761767514931,0.883934170110458,0.897927519446542,0.885128430280376,0.896622781988822,0.8850813430679,0.896783872773204
640,0.883462261308196,0.898284203874802,0.883407784375682,0.898452007495101,0.884590427606533,0.89715935308706,0.884541092883139,0.897322545358347
641,0.882953746451651,0.898790860368564,0.882897066446147,0.898960696074576,0.884063730080765,0.897684484680626,0.884012149120472,0.897849764134085
642,0.882456339327426,0.899286267248992,0.882397444154353,0.89945813048642,0.883549156456957,0.898197358558075,0.883495332186705,0.898364709465959
643,0.881974851981946,0.89976562685797,0.881913750107883,0.89993950084455,0.883047474552031,0.89869720749284,0.882991411529917,0.898866612742356
644,0.881506257018606,0.900231954023952,0.881442941022563,0.900407827682541,0.882559398968145,0.899183317521186,0.882501103358822,0.89935475865444
645,0.881056151430613,0.900679672988627,0.880990639864973,0.900857523466591,0.882085589207135,0.899655029827909,0.882025068754524,0.899828487083632
646,0.880624182601469,0.901109135283324,0.880556488739771,0.901288944881136,0.881626648180285,0.900111742236706,0.881563912177746,0.900287194593583
647,0.880208834759006,0.901521851722395,0.880138970142903,0.901703593307537,0.881183121112213,0.900552910306423,0.881118180370357,0.900730335527819
648,0.879808775479251,0.901919146665473,0.879736751745661,0.902102784137481,0.880755494833594,0.900978048038444,0.880688361645887,0.901157422718356
649,0.87942738992203,0.902297652562056,0.879353238988166,0.902483143404546,0.880344197453602,0.901386728204366,0.880274885559951,0.901568027814386
650,0.879059215888025,0.902662789709189,0.878982929987533,0.902850113875876,0.879949598399403,0.901778582306587,0.879878122947897,0.901961781243705
651,0.878713241997629,0.903005634582119,0.878634870722549,0.903194748880722,0.87957200880687,0.902153300187661,0.879498386313857,0.902338371822716
652,0.878385747588522,0.903329878806227,0.878305306335013,0.903520766291408,0.879211682243845,0.902510629307089,0.879135930552534,0.902697546033685
653,0.878075139567623,0.903637103996192,0.877992637325796,0.903829739503721,0.878868815744843,0.902850373706632,0.878790953982603,0.903039106990347
654,0.877784115381454,0.903924641857677,0.877699589236536,0.904118982102079,0.878543551134085,0.903172392687281,0.878463599668635,0.903362913114993
655,0.87751089112848,0.904194257578766,0.877424363005549,0.904390270492199,0.878235976612112,0.903476599222606,0.878153957006768,0.903668876551785
656,0.877255588880416,0.904445832275532,0.87716708399812,0.904643482531048,0.877946128580042,0.90376295813444,0.877862063548203,0.903956961342238
657,0.877018583547867,0.904678998766435,0.876928132655776,0.904878249473538,0.877673993674717,0.904031484057639,0.877587907033762,0.904227181389636
658,0.876799180391906,0.904894444438288,0.876706807859601,0.905095263827901,0.877419510987554,0.904282239221098,0.877331427612306,0.904479598239579
659,0.876596340700231,0.90509319199286,0.876502059690119,0.905295554655517,0.877182574439855,0.90451533107228,0.877092520215784,0.904714318703894
660,0.87641052321091,0.905274793460932,0.876314354523609,0.905478670115726,0.876963035287592,0.904730909772235,0.876871037063891,0.90493149235493
661,0.876242642491051,0.905438361405496,0.876144623780699,0.905643715188207,0.876760704729241,0.904929165587522,0.876666790271946,0.905131308916652
662,0.876091006527248,0.905585554468824,0.875991152420688,0.905792364049378,0.876575356591095,0.905110326204622,0.876479554536355,0.905313995578114
663,0.875955700731493,0.905716297879904,0.8758540326365,0.905924534803732,0.876406730065544,0.905274653991353,0.87630906987319,0.905479814253855
664,0.875838166239617,0.905829217033101,0.875734747243445,0.906038825344769,0.876254532479072,0.905422443228507,0.876155044386604,0.905629058814436
665,0.875734030837552,0.905928528776891,0.875628830813118,0.906139517054803,0.8761184420682,0.905554017333525,0.876017157045294,0.905762052308942
666,0.875647598264493,0.906010140360963,0.875540709499449,0.906222426973023,0.87599811074312,0.905669726096426,0.875895060446765,0.905879144199685
667,0.875576304445447,0.906076526209144,0.875467771280788,0.906290070206344,0.875893166820469,0.905769942946566,0.875788383550823,0.905980707627677
668,0.875519480901058,0.906128351068765,0.875409340546426,0.906343112563729,0.875803217708398,0.905855062267058,0.875696734365456,0.906067136725729
669,0.875475935747484,0.906166741088293,0.875364188536351,0.906382705854537,0.875727852528876,0.90592549677192,0.875619702570016,0.906138843994246
670,0.875446119772853,0.906191327730716,0.875332809662262,0.906408448948331,0.875666644663918,0.905981674959261,0.8755568620624,0.906196257753026
671,0.875429468594322,0.906202675622463,0.87531464292537,0.906420907688456,0.875619154214202,0.906024038652041,0.875507773418677,0.906239819680626
672,0.87542532761189,0.906201415543286,0.875309019747085,0.9064207243998,0.875584930360261,0.906053040636221,0.875471986255344,0.906269982451095
673,0.875433213949523,0.906188023607261,0.875315451285262,0.906408379165247,0.875563513618077,0.906069142404473,0.875449041486019,0.906287207476275
674,0.875452651000746,0.906163010809303,0.875333477022257,0.906384370277096,0.875554437982523,0.906072812012003,0.875438473466038,0.906291962760213
675,0.875483116180213,0.906126889401897,0.875362570111221,0.906349214158017,0.875557232953593,0.906064522049566,0.875439812019843,0.906284720870767
676,0.875524006614842,0.906080282213235,0.875402135148287,0.906303527837108,0.875571425441773,0.906044747737292,0.875452584347554,0.906265957032045
677,0.875575193933903,0.906023247288552,0.875452010560304,0.906247396247167,0.875596541550219,0.906013965141684,0.875476316808358,0.906236147340028
678,0.875635386700164,0.905957205422871,0.875510959158561,0.906182195400061,0.875632108232609,0.905972649516904,0.875510536579579,0.906195767102508
679,0.875705631796006,0.90588091352127,0.875579946975566,0.906106749751346,0.875677654826645,0.905921273770385,0.875554773191408,0.906145289303375
680,0.875784092776539,0.905796377297843,0.87565720058841,0.906023010919618,0.875732714464137,0.905860307051836,0.875608559938214,0.906085183190321
681,0.875870483787943,0.905703862652824,0.875742435664998,0.905931245166268,0.8757968253595,0.905790213463797,0.875671435168259,0.906015912984139
682,0.875965036759995,0.905603075962733,0.875835857155542,0.905831182168319,0.875869531979244,0.905711450891182,0.875742943454404,0.905937936707035
683,0.876066227658298,0.905495633346064,0.875935971889915,0.905724411849115,0.875950386095704,0.905624469946563,0.875822636649036,0.905851705126721
684,0.876173722363186,0.905381858421059,0.876042444389219,0.905611260197594,0.876038947728815,0.905529713027375,0.875910074827029,0.905757660812463
685,0.876287722122777,0.905261503097824,0.876155454294301,0.905491498048205,0.876134785980202,0.905427613480794,0.876004827120994,0.905656237298853
686,0.876407934873563,0.905134854805071,0.876274702463696,0.905365418058297,0.876237479764228,0.90531859487163,0.876106472453472,0.905547858352625
687,0.876534225563929,0.905002037012489,0.876400049442934,0.905233146376103,0.876346618440943,0.9052030703483,0.876214600171003,0.905432937337601
688,0.876666505659889,0.904863126025478,0.876531404119612,0.905094760470254,0.876461802356094,0.905081442101733,0.876328810585216,0.905311876672603
689,0.876802962023288,0.904720027702242,0.876666986658241,0.904952137627975,0.876582643293486,0.904954100911888,0.876448715426266,0.905185067377038
690,0.876942503407026,0.904573876702297,0.876805725685075,0.904806397744378,0.876708764845094,0.904821425776522,0.876573938213969,0.905052888698752
691,0.877087424445714,0.904422225172032,0.876949865293031,0.904655137912235,0.876839802704342,0.90468378361677,0.876704114552087,0.904915707818755
692,0.877234704384394,0.904268247423444,0.877096418211333,0.904501503781843,0.876975404887943,0.904541529054151,0.876838892351131,0.904773879627409
693,0.877386876873346,0.904109256522163,0.877247878943235,0.904342841288698,0.877115231891623,0.90439500425367,0.876977931985032,0.904627746566759
694,0.877541326407127,0.903947995580407,0.877401660041602,0.904181869105011,0.877258956784984,0.90424453882779,0.877120906386896,0.904477638533762
695,0.877699269787735,0.903783171713227,0.877558964327662,0.904017305946716,0.877406265250579,0.90409044979616,0.877267501088953,0.904323872839326
696,0.877858983510793,0.903616586006622,0.877718085201493,0.903850939085758,0.877556855572144,0.903933041596185,0.877417414211628,0.904166754218225
697,0.878022059311452,0.903446553707338,0.87788059320576,0.90368110168523,0.877710438576757,0.903772606139665,0.877570356406492,0.904006574885117
698,0.878185704289165,0.903276000047611,0.878043722418949,0.903510696866487,0.877866737535463,0.903609422910954,0.877726050757667,0.903843614632127
699,0.87835183714624,0.903102900060942,0.87820937112269,0.903337717044727,0.878025488026723,0.903443759102289,0.877884232645999,0.903678140963632
700,0.878519655850321,0.902928086118773,0.878376736985211,0.903162995065978,0.878186437766818,0.903275869782166,0.878044649580168,0.903510409264125
701,0.878689143378367,0.902751569520272,0.878545802131123,0.902986542215486,0.878349346411087,0.903105998092862,0.878207060998595,0.903340662995265
702,0.878859287696753,0.902574405555064,0.878715563945032,0.902809406099425,0.878513985329693,0.90293437547344,0.878371238045844,0.90316913391844
703,0.879029926044191,0.902396758355485,0.878885861492648,0.902631750006122,0.878680137361332,0.902761221904799,0.878536963326937,0.902996042339402
704,0.879202511056616,0.902217097077053,0.879058130276603,0.902452056965655,0.878847596548109,0.902586746173555,0.878704030642801,0.902821597371771
705,0.879374287941796,0.90203830565972,0.879229634138525,0.902273196723767,0.879016167854544,0.902411146151795,0.878872244709827,0.902645997216428
706,0.879548368033205,0.901857117545863,0.879403462404257,0.90209191873425,0.879185666873485,0.902234609089915,0.879041420866294,0.902469429454037
707,0.879720796259804,0.90167767407053,0.87957568395035,0.901912347281744,0.879355919521457,0.902057311920027,0.879211384768205,0.902292071348144
708,0.879894499700201,0.901496904348469,0.879749210318527,0.901731422216191,0.879526761725789,0.90187942156759,0.879381972076878,0.902114090156534
709,0.880070678120602,0.901313544804886,0.87992522463706,0.901547892041343,0.879698039105646,0.901701095269125,0.879553028140411,0.901935643448701
710,0.880244838981531,0.901132303159314,0.88009926334217,0.901366443595102,0.879869606648917,0.901522480894092,0.87972440767098,0.901756879427486
711,0.880419612675242,0.900950422987054,0.880273952480968,0.90118432154293,0.88004132838671,0.901343717269145,0.879895974419717,0.90157793725313
712,0.88059204812678,0.900770991829332,0.880446351781604,0.901004609869621,0.880213077067051,0.9011649345032,0.880067600850773,0.90139894736815
713,0.880764186078418,0.900591870124305,0.880618490880618,0.900825176900745,0.880384733829198,0.900986254311881,0.880239167815967,0.901220031821619
714,0.880935139566415,0.900413983710415,0.880789477536118,0.900646954636957,0.880556187879851,0.900807790340077,0.880410564231318,0.901041304591566
715,0.881105336948441,0.900236883419197,0.880959735553167,0.900469496456465,0.880727336172381,0.900629648481484,0.880581686756565,0.900862871904387
716,0.881276235201292,0.900059040955093,0.881130713300334,0.900291277799543,0.880898083090065,0.900451927194145,0.880752439478683,0.900684832550265
717,0.881445540965099,0.899882859264132,0.881300124849128,0.900114697985037,0.881068340134207,0.900274717811113,0.880922733600258,0.900507278193723
718,0.881614388002769,0.899707151697885,0.881469106354346,0.899938565941392,0.881238025617878,0.900098104845489,0.881092487133469,0.90033029367858
719,0.88178207154166,0.899532655373275,0.881636954263367,0.899763619315992,0.881407064365941,0.899922166289195,0.881261624600337,0.900153957326636
720,0.881949818104976,0.899358085348692,0.881804891961795,0.899588573311861,0.881575387421893,0.899746973904928,0.881430076739768,0.899978341229566
721,0.882119360680197,0.899181625362581,0.881974646225851,0.899411612310891,0.881742931761989,0.899572593510843,0.881597780221871,0.899803511533546
722,0.882284003081635,0.899010293864533,0.882139536430296,0.899239756194269,0.881909640017013,0.899399085257589,0.881764677369907,0.899629528716244
723,0.882446954991476,0.898840733014168,0.882302778809328,0.899069636291593,0.88207546020201,0.899226503897403,0.881930715890179,0.89945644785588
724,0.882609141058949,0.898671969333236,0.88246528589869,0.898900288608322,0.882240345454197,0.899054899045023,0.882095848610094,0.899284318892111
725,0.882770701430798,0.898503856866569,0.882627189510495,0.89873157325324,0.882404253779231,0.898884315430259,0.882260033224568,0.899113186878586
726,0.882930563056246,0.898337522752367,0.882787416092209,0.898564619544609,0.88256714780595,0.8987147931421,0.882423232050886,0.898943092227041
727,0.883089580775086,0.898172073923581,0.882946823393982,0.89839852911835,0.88272899454964,0.898546367864296,0.88258541179209,0.898774070942883
728,0.883247516853775,0.898007760242231,0.883105173520433,0.898233552478097,0.882889765183866,0.898379071102395,0.882746543308911,0.898606154852226
729,0.883404569895715,0.897844375799334,0.883262666183694,0.898069482108291,0.88304943482084,0.898212930402256,0.882906601400224,0.898439371820408
730,0.88356220713951,0.897680385732282,0.883420770540415,0.8979047767916,0.883207982300272,0.898047969560072,0.883065564591989,0.898273745962045
731,0.883717348970278,0.897519017354348,0.883576403640778,0.897742676417353,0.883365389986626,0.897884208824025,0.88322341493458,0.898109297842691
732,0.883871348634928,0.89735885844888,0.88373092656406,0.897581758575579,0.883521643574665,0.897721665087638,0.883380137808393,0.89794604467222
733,0.884024369256455,0.897199738519394,0.883884500352685,0.89742185460285,0.883676731903159,0.89756035207499,0.88353572173762,0.897784000490071
734,0.884175253181679,0.897042871919826,0.884035962116958,0.897264187726848,0.883830646776602,0.897400280517937,0.88369015821201,0.8976231763425
735,0.884324825188676,0.896887398721351,0.884186138457568,0.897107893727488,0.883983382794762,0.897241458325497,0.88384344151647,0.897463580452001
736,0.884473976954276,0.896732387483287,0.884335921185441,0.896952037567938,0.884134937189897,0.8970838907456,0.883995568568313,0.897305218379094
737,0.884621595463831,0.896579005151735,0.884484191395881,0.896797795137529,0.884285309671427,0.896927580519382,0.884146538761967,0.897148093176664
738,0.8847683326581,0.896426573915345,0.884631605479285,0.896644482318275,0.884434502277862,0.896772528028243,0.88429635382093,0.896992205537059
739,0.884912003440011,0.89627738049301,0.884775968402379,0.896494403246125,0.884582519235788,0.896618731433859,0.884445017656772,0.89683755393215
740,0.885056865527037,0.896126977898003,0.884921559543426,0.896343075212263,0.884729366825673,0.896466186811385,0.88459253623497,0.896684134746586
741,0.885200030389784,0.895978384385368,0.885065470198842,0.89619354534948,0.884875053254299,0.896314888276058,0.884738917447334,0.896531942404439
742,0.885341368789425,0.895831741185497,0.885207573468024,0.896045953827741,0.885019588533571,0.896164828103423,0.88488417099084,0.89638096948949
743,0.885482141582263,0.89568573398247,0.885349138810566,0.895898973650919,0.885162984365497,0.896015996843411,0.885028308252609,0.89623120685935
744,0.885621901844932,0.895540830995175,0.885489714408354,0.895753079293682,0.885305254033117,0.895868383428486,0.885171342200832,0.896082643753674
745,0.885761009337902,0.895396660777641,0.885629662243773,0.895607895951479,0.88544641229714,0.895721975276091,0.885313287281411,0.89593526789665
746,0.885899048555017,0.895253659689922,0.88576856375586,0.895463864697087,0.885586475298093,0.895576758385612,0.885454159320098,0.895789065594022
747,0.886036052936945,0.895111796346143,0.885906453079752,0.895320953704093,0.88572546046374,0.895432717430071,0.885593975429904,0.895644021824842
748,0.886170800683535,0.89497234577826,0.886042097930708,0.895180453093381,0.885863386421577,0.895289835842776,0.885732753923587,0.895500120328175
749,0.886304991731823,0.89483354114948,0.886177212022872,0.895040575900932,0.886000272916172,0.895148095899132,0.885870514230976,0.895357343684964
750,0.886438480831032,0.894695535060825,0.886311645862948,0.894901478879599,0.886136140731161,0.89500747879382,0.886007276820947,0.89521567339527
751,0.886569698451387,0.894559962406931,0.886443813650308,0.894764818844572,0.886271011615685,0.894867964713551,0.886143063127844,0.895075089951083
752,0.886701115588036,0.894424259046339,0.886576211133575,0.894627997559212,0.886404908215069,0.894729532905591,0.886277895482141,0.894935572904901
753,0.886832188114331,0.8942889915951,0.88670828692167,0.894491590788001,0.886537854005561,0.894592161742249,0.886411797045154,0.894797100934282
754,0.886962834326495,0.894154249337534,0.886839958817952,0.894355689214845,0.886669873232937,0.894455828781522,0.886544791747625,0.89465965190254
755,0.887092882856395,0.894020213589406,0.8869710549493,0.89422047607367,0.886800990854786,0.89432051082407,0.886676904231976,0.89452320291578
756,0.887219723238479,0.893889590225472,0.887098935479353,0.894088697217459,0.8869312324863,0.894186183966707,0.886808159798083,0.894387730376446
757,0.887346832322378,0.893758782767797,0.887227117956691,0.893956701476606,0.887060624349406,0.894052823652574,0.886938584352367,0.894253210033549
758,0.887473419000628,0.893628609656198,0.887354798168288,0.893825322811955,0.887189193225063,0.893920404718162,0.887068204360072,0.894119617029752
759,0.887599173967333,0.893499394332325,0.887481660962521,0.893694891874455,0.887316966408566,0.893788901437348,0.887197046800533,0.893986925945455
760,0.887724628166513,0.89337059180886,0.887608244268108,0.893564854860973,0.88744397166771,0.893658287562596,0.887325139125308,0.893855110840057
761,0.887849988685087,0.893241991313065,0.887734758123648,0.89343499768058,0.887570237203648,0.893528536363475,0.887452509219008,0.893724145290527
762,0.887973366683327,0.89311554061515,0.887859287622904,0.893307302128966,0.887695791614321,0.893399620662634,0.88757918536269,0.893594002427436
763,0.888097591029261,0.892988331461077,0.887984701285503,0.893178809173161,0.887820663860296,0.893271512869388,0.887705196199662,0.893464654968594
764,0.888221263539159,0.892861802882542,0.888109580127687,0.893050984335337,0.8879448832329,0.893144185011024,0.887830570703582,0.893336075250416
765,0.888343112164991,0.892737263668994,0.888232631894552,0.892925162233903,0.8880684793245,0.893017608761986,0.887955338148702,0.893208235257155
766,0.888464090218419,0.892613736703239,0.888354823617914,0.892800347640789,0.888191482000824,0.892891755471039,0.888079528082156,0.893081106648125
767,0.888584804727618,0.892490600405386,0.888476770346465,0.892675907787596,0.888313921375185,0.892766596186556,0.888203170298141,0.892954660783034
768,0.888705443712788,0.892367664277931,0.888598661120361,0.892551650347628,0.888435827784505,0.892642101680016,0.888326294813911,0.892828868745542
769,0.888825264320088,0.892245689515567,0.888719739911288,0.89242835295246,0.888557231767022,0.892518242467856,0.888448931847439,0.89270370136516
770,0.888945519742743,0.892123399072332,0.888841280219416,0.892304713599868,0.888678164041564,0.892394988831756,0.88857111179666,0.892579129237589
771,0.889065160396943,0.892001864719074,0.888962215046068,0.892181826257686,0.88879865548831,0.892272310837489,0.888692865220185,0.892455122743618
772,0.889183470605942,0.891881815928652,0.88908181564582,0.892060436595606,0.888918737130904,0.892150178352407,0.888814222819385,0.892331652066669
773,0.889302988839591,0.891760672657129,0.889202663983029,0.891937910710982,0.889038440119856,0.892028561061693,0.888935215421744,0.892208687209084
774,0.889421486967442,0.891640699100391,0.889322492410196,0.891816561689921,0.889157795717118,0.891907428483437,0.889055873965399,0.892086198007271
775,0.889539901738354,0.89152094660051,0.889442252386255,0.891695422783232,0.889276835281746,0.891786749982661,0.889176229484762,0.891964154145761
776,0.889657382976301,0.891402276241444,0.889561078165845,0.891575373850724,0.889395590256568,0.891666494784359,0.889296313097145,0.891842525170308
777,0.889775174030101,0.89128343091176,0.889680234657152,0.891455130999477,0.889514092155767,0.891546631985641,0.889416155990301,0.891721280500078
778,0.8898925635246,0.891165129815876,0.889798996453204,0.891335430403776,0.889632372553291,0.891427130567078,0.889535789410797,0.891600389439042
779,0.890009985512832,0.891046935863458,0.889917804251723,0.891215826801993,0.889750463072023,0.891307959403307,0.889655244653136,0.891479821186631
780,0.890126883218562,0.890929409989762,0.890036090012404,0.891096894696738,0.889868395373616,0.89118908727299,0.889774553049554,0.891359544847745
781,0.89024365776498,0.890812148540306,0.890154261599345,0.890978221963869,0.889986201148931,0.891070482868207,0.88989374596041,0.891239529442188
782,0.890361074359722,0.89069438371624,0.890273098473899,0.890859023783918,0.890103912108989,0.890952114803339,0.8900128547651,0.891119743913605
783,0.890478567516624,0.890576683779599,0.890392023190631,0.890739883376031,0.890221559976374,0.890833951623544,0.890131910853413,0.891000157137999
784,0.890596146583126,0.890459039835535,0.890511044187186,0.890620793308624,0.890339176477003,0.890715961812864,0.89025094561726,0.890880737931891
785,0.890714115762672,0.890341148152749,0.890630471338312,0.890501443416898,0.890456793332213,0.890598113802071,0.890369990442709,0.890761455060211
786,0.890831064116707,0.890224416766988,0.890748864591452,0.890383276310812,0.890574442251056,0.890480375976294,0.890489076702243,0.890642277243969
787,0.890951702592165,0.89010415040888,0.890871028157634,0.890261486359245,0.890692154922774,0.890362716682516,0.890608235747185,0.890523173167805
788,0.891071987867778,0.889984379717006,0.89099283948036,0.89014020006581,0.890809963009357,0.890245104237001,0.89072749890021,0.890404111487454
789,0.891189991030602,0.889867018512131,0.891112324844345,0.890021384552631,0.890927898138115,0.890127506932722,0.890846897447871,0.89028506083723
790,0.89130707776052,0.889750705728751,0.891230877439761,0.889903642928936,0.891045991894215,0.890009893046869,0.890966462633089,0.89016598983757
791,0.891426771676872,0.88963194841619,0.891352093482304,0.889783395530153,0.891164275813085,0.889892230848488,0.891086225647509,0.890046867102732
792,0.891544832937226,0.889514945363309,0.89147164476663,0.889664944208274,0.891282781372639,0.889774488606347,0.891206217623675,0.889927661248696
793,0.891664759672995,0.889396235654713,0.891593096507658,0.889544749262442,0.891401539985236,0.889656634597071,0.89132646962694,0.889808340901352
794,0.891782765255868,0.889279557042609,0.89171258530168,0.889426638064437,0.891520582989303,0.889538637113647,0.891447012647045,0.889688874705045
795,0.89190154405147,0.889162248985821,0.891832859134557,0.889307886036443,0.891639941640568,0.889420464474341,0.891567877589293,0.88956923133155
796,0.892021883273704,0.889043537647744,0.891954722189029,0.889187700175282,0.8917596471028,0.889302085032132,0.891689095265241,0.889449379489539
797,0.892141429643298,0.888925735633694,0.892075770667311,0.889068452495844,0.891879730438,0.889183467184715,0.891810696382844,0.889329287934636
798,0.892262852471556,0.8888062201114,0.892198727605235,0.888947457595143,0.892000222595966,0.889064579385151,0.891932711535963,0.889208925480118
799,0.892383499835623,0.888687591032845,0.892320887189438,0.888827378995135,0.892121154403146,0.888945390153263,0.892055171193161,0.889088261008351
800,0.892504850214258,0.888568396899821,0.892443756843244,0.888706730844805,0.892242556550698,0.888825868087835,0.892178105685722,0.888967263483037
801,0.892626791104425,0.88844874694415,0.892567221973669,0.888585624939752,0.892364459581692,0.888705981879703,0.892301545194781,0.888845901962353
802,0.892749409030888,0.88832855496128,0.892691369406535,0.888463974851317,0.892486893877335,0.888585700325831,0.892425519737509,0.888724145613075
803,0.892873901389021,0.888206652299578,0.892817419766479,0.888340585745649,0.892609889642173,0.888464992344454,0.892550059152248,0.888601963725763
804,0.89299766724689,0.8880855714698,0.8929427184383,0.888218053257553,0.892733476888144,0.888343826991372,0.892675193082513,0.888479325731104
805,0.893122902979204,0.887963171259494,0.893069505600743,0.88809418484825,0.892857685417413,0.888222173477496,0.892800950959763,0.888356201217508
806,0.893248547668296,0.887840482568179,0.893196699081756,0.887970036485746,0.892982544803874,0.888100001187744,0.892927361984853,0.888232559950047
807,0.893376055215488,0.88771609160293,0.893325779944406,0.88784416328664,0.89310808437324,0.887977279701378,0.893054455108056,0.888108371890836
808,0.893503777429029,0.887591596000976,0.893455066337746,0.887718202406439,0.893234333181596,0.887853978813889,0.893182259007556,0.887983607220975
809,0.893632887283235,0.887465855833963,0.893585752992346,0.887590988889777,0.893361319992325,0.887730068560543,0.893310802066318,0.88785823636413
810,0.893762691248929,0.887339541307273,0.893717132498087,0.887463209108735,0.893489073251284,0.887605519241687,0.893440112347195,0.887732230011893
811,0.893891816075024,0.887213976175313,0.8938478036088,0.887336217997039,0.893617621060125,0.887480301449942,0.893570217566193,0.887605559151018
812,0.894023399378338,0.887086126606746,0.893980963684825,0.887206912316549,0.893746991147636,0.88735438609939,0.893701145063736,0.887478195092657
813,0.894155378874799,0.886957983888783,0.89411450968574,0.887077330078397,0.893877210838974,0.887227744456892,0.893832921773846,0.887350109503724
814,0.894287414267686,0.886829870778167,0.894248092565444,0.886947803416602,0.894008307022673,0.887100348175656,0.893965574191077,0.887221274440503
815,0.894421470319561,0.886699892052486,0.894383713730692,0.88681639494961,0.894140306115281,0.886972169331187,0.89409912833509,0.887091662384653
816,0.894557299237834,0.88656828643705,0.894521119273786,0.886683351104799,0.894273234023499,0.886843180459769,0.894233609712718,0.886961246281727
817,0.894693975062269,0.886435941622351,0.894659364615923,0.886549581497195,0.894407116103668,0.886713354599603,0.89436904327739,0.886829999582363
818,0.894830780939657,0.886303542227133,0.894797719985482,0.886415785292756,0.894541977118465,0.886582665334774,0.894505453385753,0.886697896286286
819,0.894968395086833,0.886170433457393,0.894936876063344,0.886281292538835,0.894677841190644,0.886451086842176,0.894642863751347,0.886564910989285
820,0.895106740921811,0.886036687182075,0.895076754106405,0.886146176387829,0.894814731753677,0.88631859394157,0.89478129739517,0.886431018933308
821,0.895247851506983,0.885900351331466,0.895219419759135,0.886008447921735,0.89495267149911,0.886185162148939,0.894920776592964,0.886296196059861
822,0.895388038108086,0.885764960603595,0.895361120196296,0.885871714024219,0.895091682320485,0.886050767733294,0.895061322819065,0.88616041906686
823,0.895531660088914,0.885626332316789,0.89550628707752,0.885731710776458,0.895231785253635,0.885915387777136,0.895202956686625,0.886023665469122
824,0.895674264809534,0.885488731484962,0.895650394706119,0.885592785436445,0.895373000413182,0.885779000240719,0.895345697884034,0.885885913662683
825,0.895818159633848,0.885349942117273,0.895795787813576,0.885452679342297,0.895515346925048,0.885641584030336,0.895489565107358,0.885747142993105
826,0.895964317800986,0.885209033948439,0.895943454135705,0.885310445700271,0.89565884285478,0.885503119070789,0.895634575988591,0.885607333827995
827,0.896111173030683,0.885067502570051,0.896091800880681,0.885167610084946,0.895803505131506,0.885363586382266,0.895780747019534,0.885466467633909
828,0.896260481163454,0.88492366534552,0.896242610005104,0.885022461248973,0.89594934946731,0.885222968161798,0.895928093471093,0.885324527057849
829,0.896409803737874,0.884779850314534,0.896393406937104,0.884877368154576,0.896096390271819,0.885081247869537,0.896076629307793,0.885181496013561
830,0.896561049129682,0.884634229690528,0.896546128540696,0.884730471277292,0.896244640561795,0.884938410320032,0.896226367097299,0.885037359772851
831,0.896712245980342,0.884488684766568,0.89669877509296,0.884583683062369,0.896394111865523,0.884794441778738,0.896377317914718,0.884892105062114
832,0.896865399737585,0.884341297528065,0.896853379594104,0.884435054170913,0.89654481412176,0.884649330063969,0.896529491241486,0.884745720164311
833,0.897020383379932,0.884192189230046,0.897009811045319,0.884284710118876,0.896696755573047,0.884503064654515,0.896682894858594,0.884598195026608
834,0.897176644245988,0.884041883777607,0.897167508147629,0.88413318495662,0.896849942653138,0.884355636803148,0.896837534733952,0.884449521373898
835,0.8973341511821,0.883890407196989,0.897326439953864,0.883980505090621,0.897004379868344,0.884207039656232,0.896993414903659,0.884299692828425
836,0.897492244222074,0.883738386050696,0.897485939001851,0.883827305462603,0.897160069672551,0.884057268379677,0.897150537346946,0.884148705035749
837,0.897652887890174,0.883583945327923,0.897647993694221,0.883671684621296,0.897317012335704,0.88390632029144,0.897308901854591,0.883996555797252
838,0.897814064489133,0.883429007929789,0.897810560273362,0.883515594084515,0.897475205805514,0.88375419500081,0.897468505890562,0.883843245209422
839,0.897974725739162,0.883274567482502,0.897972579675181,0.883360039144375,0.897634645562203,0.883600894554683,0.897629344446687,0.883688775810129
840,0.898138197809201,0.883117453432104,0.898137416430082,0.883201806290856,0.897795324466038,0.883446423591047,0.897791409890135,0.883533152732098
841,0.898302342150128,0.882959705592976,0.898302904146013,0.883042965037052,0.897957232597479,0.883290789499878,0.897954691803489,0.883376383863791
842,0.898470434560883,0.88279819858874,0.898472352790912,0.882880353892924,0.898120357089726,0.883134002591646,0.898119176817246,0.88321848001789
843,0.898635543986439,0.882639535029791,0.898638759377317,0.882720654120031,0.898284681953481,0.882976076273611,0.898284848434514,0.883059455107571
844,0.89880347494631,0.882478177755537,0.898807993938215,0.882558257816045,0.898450187893761,0.882817027234095,0.898451686847781,0.882899326330736
845,0.898973647280319,0.882314686235205,0.898979464783539,0.882393735869539,0.898616852118593,0.88265687563487,0.898619668747557,0.882738114362361
846,0.899142545411749,0.882152405818428,0.899149621562087,0.882230471049668,0.898784648139466,0.882495645311808,0.898788767122782,0.882575843555096
847,0.899313216506497,0.881988429819037,0.899321543595647,0.882065522249507,0.89895354556341,0.882333363983918,0.898958951052869,0.88241254214824
848,0.899484718266541,0.881823659598731,0.899494277118612,0.88189980215772,0.899123509876618,0.882170063470835,0.899130185491297,0.882248242485166
849,0.899657992586278,0.881657196639712,0.899668770890392,0.881732405114107,0.89929450221956,0.882005779918852,0.89930243104069,0.882082981239268
850,0.899832703207658,0.881489361467128,0.899844684800674,0.881563656218903,0.899466479153538,0.881840554035495,0.899475643719359,0.881916799648453
851,0.900007800314781,0.881321152560343,0.90002096231718,0.881394561797395,0.899639392418718,0.881674431332653,0.899649774719319,0.881749743758165
852,0.900184034182815,0.881151854012688,0.900198361938645,0.881224397992381,0.899813188683669,0.881507462378191,0.899824770155824,0.881581864672886
853,0.900360599963322,0.880982233995196,0.900376072618552,0.881053939247067,0.899987809286533,0.881339703055958,0.900000570808544,0.881413218816017
854,0.900537571225116,0.880812222443196,0.900554168763987,0.880883114386917,0.900163189967964,0.88117121483402,0.900177111854514,0.881243868197975
855,0.900715167006741,0.880641612383715,0.9007328699391,0.880711715429299,0.900339260596057,0.881002065040919,0.900354322593089,0.881073880692292
856,0.900892506418936,0.880471244961257,0.900911288480785,0.880540589639463,0.900515944883552,0.880832327149663,0.900532126163187,0.880903330319437
857,0.901069968890167,0.880300759926429,0.901089806593441,0.880369373502049,0.900693160097663,0.880662081069096,0.900710439253161,0.880732297538001
858,0.901249036852884,0.880128748336464,0.901269913334335,0.880196651643423,0.900870816762969,0.880491413442213,0.900889171803755,0.880560869542804
859,0.901426645847911,0.879958133484428,0.901448525262428,0.880025365094383,0.901048818357888,0.8803204179509,0.901068226704651,0.880389140569417
860,0.901607334139392,0.879784590900714,0.901630207899705,0.879851164938945,0.901227061005361,0.88014919562647,0.901247499485243,0.880217212204452
861,0.901783811543187,0.879615073898567,0.901807631823013,0.879681039587018,0.901405433158455,0.879977855165281,0.901426878000348,0.88004519370092
862,0.90196203461059,0.879443903317118,0.901986791369385,0.879509276026238,0.901583815281742,0.879806513248586,0.901606242111703,0.879873202297801
863,0.902139433052552,0.879273540182539,0.902165095633842,0.87933835340187,0.90176207952939,0.879635294865675,0.901785463366207,0.879701363542871
864,0.902317622492758,0.879102446760907,0.902344167109749,0.879166728727638,0.901940089421082,0.87946433363919,0.901964404671994,0.879529811617695
865,0.902493129040592,0.878933938211391,0.902520518537548,0.878997727301792,0.902117699516976,0.879293772151405,0.902142919973583,0.879358689663551
866,0.902667813005148,0.878766243972345,0.902696023277651,0.878829567530665,0.902294755093103,0.87912376227007,0.902320853927471,0.87918815010689
867,0.90284240803991,0.878598674881597,0.902871412978774,0.878661563088126,0.902471091818738,0.878954465472284,0.902498041579743,0.879018354982804
868,0.903015194028302,0.878432876451055,0.903044959112683,0.878495365646472,0.902646535437465,0.878786053164672,0.902674308047385,0.878849476254768
869,0.903185939374296,0.878269073530665,0.903216433036156,0.878331196867476,0.90282090145383,0.878618706997981,0.902849468205219,0.878681696128769
870,0.903354028769638,0.87810785915188,0.903385219416713,0.87816964878435,0.902993994827663,0.878452619173999,0.903023326380533,0.878515207359729
871,0.903521263798359,0.87794752769469,0.903553122155778,0.878009016579765,0.90316560967836,0.878287992742524,0.903195676057701,0.878350213547948
872,0.903687308065569,0.877788411162026,0.903719798233032,0.877849638741785,0.903335529001599,0.878125041885887,0.903366299595272,0.878186929423063
873,0.903851382773812,0.877631259162095,0.903884468112111,0.877692264929991,0.903503524401219,0.877963992188318,0.90353496795824,0.878025581112826
874,0.904011380609412,0.877478082656733,0.904045027367553,0.877538899570498,0.903669355839151,0.877805080887255,0.903701440468426,0.877866406393771
875,0.90416879438534,0.877327471502402,0.90420297510201,0.877388130550881,0.903832771406581,0.877648557103413,0.903865464576101,0.877709654920633
876,0.904323131663019,0.877179907857634,0.904357813351826,0.877240445123264,0.903993507119711,0.877494682046263,0.904026775656262,0.87755558843111
877,0.904472697191373,0.877037011629469,0.904507844957714,0.877097460580787,0.904151286743719,0.877343729191291,0.904185096833138,0.877404480922387
878,0.904621617130384,0.876894883753293,0.90465719539446,0.876955291745875,0.904305821648777,0.877195984425209,0.904340138836802,0.877256618795565
879,0.904766039665456,0.876757196029546,0.9048020040046,0.876817608749648,0.904456810702181,0.877051746155037,0.904491599895923,0.877112300963924
880,0.904905414289662,0.876624478143902,0.904941730561582,0.876684929790603,0.904603940200887,0.876911325376774,0.90463916567099,0.876971838920732
881,0.905044339244864,0.876492402737783,0.90508096923053,0.876552951587761,0.904746883848971,0.876775045699142,0.904782509232479,0.876835556762089
882,0.905171723641424,0.876371465516019,0.905208636828843,0.876432119205944,0.904885302784696,0.876643243317704,0.904921291088699,0.876703791160098
883,0.905293866500772,0.876255720867609,0.905331045046166,0.876316500553216,0.905018845662111,0.876516266934455,0.905055159268196,0.876576891281473
884,0.905410730593326,0.87614523563284,0.905448135602524,0.876206186624765,0.905147148792209,0.876394477617821,0.905183749461781,0.876455218646518
885,0.905521193176921,0.876041088836749,0.905558775818217,0.876102261076405,0.905269836348868,0.876278248597888,0.905306685229383,0.876339146923273
886,0.905625204330974,0.875943350226504,0.905662914698545,0.876004795104963,0.90538652064487,0.876167964991515,0.905423578277036,0.876229061651533
887,0.905721587122398,0.875853144154853,0.905759379230223,0.875914903622877,0.905496802483388,0.876064023451988,0.90553402880938,0.876125359891339
888,0.905810171429919,0.875770652410008,0.905848002184588,0.875832766640705,0.90560027159035,0.875966831737763,0.905637625963096,0.876028449790539
889,0.905891352954479,0.875695540602092,0.905929174284881,0.875758061633095,0.905696507133083,0.875876808194922,0.905733948326675,0.875938750066009
890,0.905963912736503,0.875628968539608,0.906001677743543,0.875691940789718,0.905785078330567,0.875794381148003,0.905822564551843,0.875856689393214
891,0.906027290695423,0.875571480503043,0.906064956041866,0.875634942657113,0.90586554516049,0.875719988194,0.905903034061856,0.875782705698909
892,0.906081569677029,0.875523042117924,0.906119088270053,0.875587042740917,0.905937459168116,0.875654075394541,0.905974907861637,0.875717245351977
893,0.906125974115739,0.875484398052263,0.906163299173082,0.875548981814902,0.906000364381671,0.875597096361519,0.906037729454505,0.875660762247686
894,0.906159809170971,0.875456206671144,0.906196897896908,0.875521409372917,0.906053798338641,0.875549511231795,0.906091035869857,0.875613716781
895,0.906183297196551,0.875438351044108,0.906220095875219,0.875504233813972,0.90609729322689,0.875511785527047,0.906134358805719,0.875576574704997
896,0.906195683454629,0.87543157348413,0.906232135800068,0.875498198443845,0.906130377144009,0.875484388895379,0.906167225889578,0.87554980587103
897,0.906195755350328,0.87543684722584,0.906231833905712,0.875504212412603,0.906152575477633,0.875467793731917,0.906189162060232,0.87553388284786
898,0.906183742202996,0.875454122860101,0.906219402315908,0.875522271780752,0.906163412408767,0.875462473676383,0.906199691072684,0.875529279417745
899,0.906159106265694,0.875483996559474,0.906194290787568,0.87555299558854,0.906162412539282,0.875468901986459,0.906198337127256,0.875536468948318
900,0.906121427166376,0.87552680701945,0.906156087135752,0.875596700478381,0.906149102643804,0.875487549786742,0.90618462662312,0.875555922640038
901,0.90607013757088,0.875583141283203,0.906104222123539,0.875653977769476,0.90612301354515,0.875518884194105,0.906158090035423,0.875588107650065
902,0.906004837391811,0.875653387397509,0.906038297444662,0.875725211899159,0.90608368211128,0.87556336632152,0.906118263913945,0.875633485094594
903,0.905924347911208,0.875738786545341,0.905957125011467,0.875811664112366,0.906030653370467,0.875621449163629,0.906064693000004,0.875692507932947
904,0.905829821030276,0.875838050256,0.905861877353809,0.875912001196607,0.905963482739974,0.875693575368762,0.905996932456887,0.87576561873815
905,0.905719863475663,0.875952646030791,0.905751147341784,0.876027718904375,0.905881738362074,0.875780174903598,0.905914550207624,0.875853247360158
906,0.905593834909326,0.876083226631483,0.905624293190885,0.876159474334536,0.905785003539641,0.875881662618198,0.905817129372352,0.87595580848951
907,0.905450707976271,0.876230839477704,0.905480285040759,0.876308320441692,0.905672879261923,0.87599843572083,0.90570427079585,0.876073699130805
908,0.905292579386086,0.876393287729269,0.905321236706877,0.876472024062818,0.905544986809384,0.876130871173683,0.905575595654134,0.876207295997129
909,0.905118828596637,0.876571209555122,0.905146519252823,0.876651237018579,0.905400970424766,0.876279323022325,0.905430748127251,0.876356952838282
910,0.904928819097538,0.876765260448904,0.904955493481085,0.8768466227038,0.905240500035727,0.876444119673546,0.905269398123627,0.876522997717464
911,0.904720338990541,0.876977704398677,0.904745942133278,0.877060460216802,0.905063274012678,0.876625561137963,0.905091244039567,0.876705730252804
912,0.904495605044613,0.877206265332643,0.904520099479428,0.877290443053459,0.904869021943656,0.876823916255542,0.904896015535758,0.876905418841895
913,0.90425284555264,0.877452746098098,0.904276183168751,0.877538392071211,0.904657507406439,0.877039419923857,0.904683476310943,0.877122297889158
914,0.903993763697819,0.877715409270438,0.904015904531581,0.877802554736279,0.904428530716459,0.877272270350489,0.904453426851333,0.877356565057474
915,0.903716569599079,0.877996073270635,0.903737464781791,0.878084765004767,0.904181931627648,0.877522626352476,0.904205707132872,0.877608378566959
916,0.903420770679349,0.878295236077774,0.90344037432256,0.878385517548317,0.903917591961984,0.877790604727002,0.903940199252117,0.877877854565129
917,0.903103414906514,0.878615884529179,0.903121675865195,0.878707809361219,0.90363543814243,0.878076277718675,0.903656829960402,0.878165064593777
918,0.902769102171149,0.878953355502566,0.902785985900343,0.879046947014939,0.903335443603017,0.878379670609615,0.903355573075043,0.87847003317881
919,0.902418735450644,0.879306733439283,0.902434194291079,0.879402029347923,0.903017631049206,0.878700759459227,0.903036451740697,0.878792735569925
920,0.902053289331637,0.8796750375895,0.902067270778209,0.879772080866255,0.902682074541323,0.87903946902087,0.902699540513663,0.879133095657339
921,0.901668294023194,0.880062784888405,0.901680738277537,0.880161632307721,0.902328901373831,0.879395670862655,0.90234496724187,0.879490984092822
922,0.901268159381669,0.880465530009522,0.901279033427295,0.880566202075458,0.901958293723554,0.87976918171926,0.901972914713675,0.879866216641916
923,0.900851151447341,0.880885021631604,0.900860414181069,0.880987551820645,0.901570490040662,0.880159762100955,0.901583622049249,0.880258552793543
924,0.900416716305953,0.881321820177396,0.900424329315943,0.881426238787997,0.901165786157361,0.880567115184896,0.9011773858095,0.880667694652078
925,0.899967423875625,0.881773339902381,0.899973356662975,0.881879666947396,0.9007445360907,0.880990886012271,0.900754560798936,0.881093286135447
926,0.899500219970051,0.882242655221735,0.899504430530723,0.882350925076155,0.900307152517885,0.881430661012932,0.900315560540838,0.881534912500907
927,0.899017053871992,0.882727807440991,0.899019509362118,0.882838041736195,0.899854106904761,0.881885967876816,0.899860857405422,0.881992100217816
928,0.898516842484513,0.883229885278367,0.898517503390856,0.883342112762296,0.899385929270903,0.882356275788761,0.89939098237439,0.882464317203971
929,0.898010120158325,0.883738304562945,0.898008962301154,0.883852538983393,0.898903207577818,0.882840996040184,0.898906524428416,0.882950973439009
930,0.897486932169636,0.884263067686845,0.897483890807605,0.884379367483493,0.898406586730248,0.883339483027652,0.898408129547495,0.883451421964889
931,0.896951735225547,0.884799707111514,0.896946779415619,0.884918087464728,0.897896767184283,0.883851035644627,0.897896499317919,0.883964960279724
932,0.896405351958619,0.885347398214177,0.896398453903121,0.885467872607591,0.897374503160068,0.884374899068616,0.897372389143634,0.8844908321272
933,0.89584700707766,0.885906920737337,0.895838136024346,0.886029505380245,0.896840600461097,0.884910266941737,0.89683660606396,0.885028229679573
934,0.8952793106197,0.886475658523253,0.89526844269199,0.886600362896365,0.896295913906465,0.88545628393831,0.896290006184091,0.885576296107858
935,0.894703799959182,0.887052071187484,0.894690908716914,0.887178909471518,0.895741344386962,0.886012048708618,0.895733491729219,0.886134128528345
936,0.894123496633998,0.887633132112542,0.894108557683007,0.887762118980161,0.895177835560327,0.886576617183513,0.895168007737629,0.886700781310081
937,0.893535636533259,0.888221615521284,0.893518617454087,0.888352769287658,0.894606370205447,0.887149006220089,0.894594538412556,0.887275269723561
938,0.892946149681862,0.888811583423246,0.892927041997772,0.888944900416568,0.894027966259506,0.887728197564393,0.894014103156811,0.887856573906573
939,0.892345081429902,0.889413010213104,0.89232385098424,0.889548499966402,0.893443672566216,0.888313142103094,0.893427752318321,0.888443643119085
940,0.891746748482434,0.890011559002437,0.89172341452328,0.890149189877946,0.892854564366974,0.888902764372219,0.892836562678442,0.889035400255294
941,0.891140256757296,0.89061813539679,0.891114785644774,0.890757922119478,0.89226173857022,0.889495967287709,0.89224163271833,0.889630746577562
942,0.890536422769734,0.891221914071957,0.89050882010605,0.89136383985013,0.891666308837248,0.890091637059542,0.891644077701636,0.890228566633962
943,0.889930743962956,0.891827399785689,0.889900985030207,0.891971476040996,0.891069400525195,0.89068864824869,0.891045024614263,0.890827733318694
944,0.889328277259633,0.892429535002029,0.889296354231697,0.892575758634222,0.890472145529902,0.891285868924228,0.890445607003902,0.891427113032672
945,0.888729793217805,0.893027549431423,0.888695693572362,0.893175923446134,0.889875677072696,0.891882165876529,0.889846959763407,0.892025570900186
946,0.888131595267028,0.893625142464742,0.88809529715931,0.893775666698292,0.889281124475953,0.892476409841719,0.889250213902886,0.892621975996807
947,0.887534247496011,0.894221750580351,0.887495742480424,0.89437440511661,0.888689607972403,0.893067480692384,0.888656491355491,0.893215206543505
948,0.886945279155641,0.894809843131499,0.88690457929926,0.894964605189174,0.888102233592736,0.893654272550016,0.888066899861479,0.89380415502245
949,0.886366695905548,0.89538741238874,0.886323796288866,0.895544287624886,0.88752008817492,0.894235698775744,0.887482527973987,0.894387733171023
950,0.885790662435912,0.895962289647396,0.885745524523975,0.896121292565521,0.886944234537044,0.894810696797584,0.886904440228321,0.894964876812253
951,0.885227575457076,0.896524091656256,0.885180215186312,0.89668519482386,0.886375706853209,0.895378232734625,0.886333672514345,0.8955345504821
952,0.884678617348757,0.897071634960106,0.884629040932781,0.89723483128952,0.885815506269297,0.895937305781378,0.88577122768877,0.896095751816764
953,0.884138251019732,0.897610449848844,0.884086439671414,0.897775737389365,0.885264596792225,0.896486952318639,0.88521807146101,0.896647515666383
954,0.883610418741992,0.898136603534688,0.883556386514697,0.898303947241795,0.884723901482705,0.897026249720859,0.884675128582605,0.897188917905097
955,0.883088601821182,0.89865659548414,0.883032334383865,0.898825971587426,0.884194298977603,0.897554319833923,0.884143279366352,0.897719078911362
956,0.882583292590455,0.899159956104133,0.88252482902784,0.89933131465764,0.883676620363824,0.89807033210141,0.883623356557058,0.898237166696577
957,0.882094832845024,0.899646338753379,0.882034188344482,0.899819668024427,0.883171646421265,0.898573506321787,0.88311614257149,0.898742399664479
958,0.881620213866833,0.900118743036075,0.881557377096376,0.900294044045109,0.882680105247955,0.899063115023415,0.882622367120641,0.89923404898817
959,0.881163893688307,0.900572730165664,0.881098883738025,0.900749978237092,0.882202670275974,0.899538485448783,0.882142705222924,0.899711440596171
960,0.880721313575639,0.901012838689323,0.880654123185877,0.901192020143848,0.881739958682338,0.899999001143753,0.881677775612483,0.900173956763329
961,0.880295779074717,0.901435777562395,0.880226429199633,0.901616855317859,0.881292530194703,0.900444103152003,0.881228139542481,0.900621037306699
962,0.879889520422288,0.901839326024365,0.879818043053237,0.902022264256919,0.880860886287581,0.90087329081892,0.880794299979082,0.901052180390709
963,0.879494300395659,0.902231669257988,0.879420665570134,0.90241646488809,0.880445469760908,0.901286122213153,0.880376701177946,0.901466942949775
964,0.879123078837602,0.902599930642923,0.879047357683996,0.902786520187367,0.880046664689142,0.9016822141776,0.879975728631443,0.901864940740175
965,0.878768995315656,0.902950920532284,0.878691189976772,0.903139298124473,0.879664796725822,0.902061242024929,0.879591709371495,0.902245848036265
966,0.878433498135904,0.903283205181321,0.878353625383515,0.903473345534078,0.879300133745579,0.90242293889562,0.879224912610073,0.902609396989024
967,0.878116420150437,0.903596951599132,0.878034500109763,0.903788824319752,0.878952886803077,0.902767094799052,0.878875550696788,0.902955376667486
968,0.877814887130709,0.903895003557446,0.877730915451492,0.904088590300995,0.878623211386224,0.903093555360294,0.878543780370946,0.903283631805686
969,0.877533198776467,0.904173106505947,0.877447217518598,0.904368360472977,0.878311208939288,0.903402220296971,0.878229704283678,0.90359406127953
970,0.877269643418037,0.904432952219294,0.877181671950464,0.90462984989086,0.878016928630225,0.903693041651876,0.877933372764462,0.903886616339248
971,0.877024395913281,0.90467437073107,0.876934454352795,0.904872887396914,0.877740369335636,0.903966021807928,0.877654785805454,0.90416129862404
972,0.876798670434207,0.904896172266067,0.876706797291657,0.905096271330431,0.877481481816258,0.904221211312564,0.877393895236498,0.90441815798603
973,0.876588695861737,0.90510206806639,0.876494881155176,0.905303743548274,0.877240171055699,0.904458706538846,0.877150607063564,0.904657290150793
974,0.876396953552492,0.905289625514593,0.876301229361536,0.905492838384834,0.877016298735357,0.904678647210352,0.876924783943512,0.904878834241546
975,0.876223214586386,0.90545907649726,0.876125615870059,0.905663790789106,0.876809685818935,0.904881213816435,0.876716247768593,0.905082970193607
976,0.876066589840782,0.905611298357988,0.875967140380098,0.905817486982613,0.876620115220721,0.905066624943678,0.876524782334868,0.905269916084931
977,0.875927860430742,0.905745545937941,0.87582660794252,0.905953163917317,0.876447334532854,0.905235134548317,0.876350136069734,0.90543992540754
978,0.875804691819442,0.905864094624654,0.875701643043352,0.906073125939495,0.876291058788005,0.905387029193231,0.876192024794987,0.905593284303425
979,0.875697638543562,0.905966420596799,0.875592822071788,0.90617683003027,0.876150973235282,0.905522625271637,0.876050134503231,0.905730308787093
980,0.87560609484257,0.906053119950962,0.875499535818668,0.906264876585224,0.876026736108757,0.905642266238158,0.875924124127001,0.905851341975415
981,0.875530540360315,0.906123763495837,0.875422295310226,0.906336814637788,0.875917981369594,0.905746319866221,0.875813628281594,0.905956751343757
982,0.875468983350228,0.906180248578357,0.875359051059842,0.906394586355349,0.875824321404532,0.905835175549085,0.875718259964341,0.906046926025689
983,0.875422284669567,0.906221806828864,0.875310716403869,0.906437380928205,0.875745349665196,0.905909241659983,0.875637613194774,0.90612227417179
984,0.875388776076411,0.906249979097858,0.875275555043535,0.906466793486936,0.875680643234489,0.90596894298516,0.875571265581963,0.906183220381299
985,0.875369700008255,0.90626374827332,0.875254930883376,0.906481711238955,0.875629765308105,0.906014718241741,0.875518780807016,0.906230203218591
986,0.875363641489794,0.906264434763277,0.87524738384257,0.906483495185839,0.875592267580902,0.906047017690713,0.87547971101051,0.906263672824753
987,0.875369918702799,0.906252719474018,0.875252221785932,0.906472832275644,0.875567692529573,0.906066300853563,0.875453599076252,0.906284088632802
988,0.875387925112465,0.906229188685397,0.875268824229004,0.906450318121225,0.875555575584658,0.906073034339545,0.875439980804428,0.906291917193549
989,0.875417331052364,0.90619410607655,0.875296828567366,0.906416241965559,0.875555447186471,0.906067689788998,0.875438386968693,0.9062876301175
990,0.875457859470892,0.906147752253783,0.87533595974069,0.906370881953077,0.875566834720958,0.906050741936705,0.875448345253216,0.906271702136828
991,0.875507951629603,0.906091903401487,0.875384763960383,0.906315929513313,0.875589264332815,0.906022666797945,0.875469382067014,0.906244609290042
992,0.875568347532447,0.906025596003386,0.875443888694167,0.906250501483664,0.875622262614478,0.905983939978658,0.875501024234148,0.9062068272308
993,0.875638381880482,0.905949532012622,0.875512670749284,0.906175296162067,0.875665358170649,0.90593503511004,0.875542800559484,0.906158829661169
994,0.875717009221447,0.905864828392738,0.875590095362473,0.906091404030749,0.875718083059107,0.905876422406823,0.875594243270726,0.906101086888604
995,0.875804973036284,0.905770629249135,0.875676865707819,0.90599800333618,0.875779974109375,0.905808567347667,0.87565488933831,0.906034064505066
996,0.875899046682718,0.905670405457804,0.875769845488574,0.905898488541465,0.875850574121692,0.905731929475233,0.875724281675587,0.905958222185863
997,0.8760005681945,0.905562663776586,0.875870323455185,0.905791410505045,0.875929432949342,0.905646961312867,0.875801970222356,0.905874012605127
998,0.876109794679195,0.905447091334875,0.875978522852128,0.905676485170587,0.876016108468036,0.905554107394211,0.875887512915433,0.905781880464265
999,0.876225760130056,0.905324698569726,0.876093485878703,0.905554714538678,0.876110167436496,0.905453803401582,0.875980476550409,0.905682261629216
1000,0.876346314873291,0.905197755725287,0.876213107341081,0.905428330177344,0.876211186252817,0.905346475408566,0.876080437539152,0.905575582371959
1001,0.876472647035452,0.905064970304565,0.87633854707045,0.905296065061362,0.876318751611461,0.905232539221946,0.876186982567931,0.905462258711409
1002,0.8766036617157,0.904927478012665,0.876468713857703,0.905159052340936,0.876432461066009,0.905112399817868,0.876299709161265,0.905342695848572
1003,0.876739385258775,0.90478522966741,0.87660362455718,0.905017250872069,0.876551923502934,0.904986450866958,0.876418226156758,0.905217287690718
1004,0.876879691739051,0.904638338878671,0.876743145912545,0.904870780114356,0.876676759531764,0.904855074343032,0.876542154096313,0.905086416459177
1005,0.877024571990548,0.904486798695572,0.876887262183906,0.904719637902413,0.876806601797065,0.904718640209984,0.876671125539117,0.904950452375347
1006,0.877173205269145,0.904331460580641,0.877035160835984,0.904564667741333,0.876941095217636,0.904577506181438,0.876804785301812,0.904809753419531
1007,0.877325275117171,0.904172644689406,0.877186529224732,0.904406186065846,0.877079897158266,0.904432017547822,0.876942790631207,0.904664665157213
1008,0.877480765688566,0.904010354053346,0.87734134885639,0.904244198135002,0.877222677539335,0.9042825070656,0.877084811314774,0.904515520627558
1009,0.877640021658927,0.903844213507134,0.877499955623123,0.904078335962255,0.877369118889354,0.904129294903536,0.877230529734083,0.904362640288961
1010,0.877800708168761,0.903676667411225,0.87766004031713,0.903911022257616,0.877518916345468,0.903972688641009,0.877379640866135,0.904206332016698
1011,0.877970258528809,0.903499897018395,0.877828952401734,0.903734506277994,0.877671777606688,0.903812983313561,0.877531852237413,0.904046891147857
1012,0.878151579477383,0.903310840105096,0.878009546512122,0.903545765121346,0.87782742284449,0.903650461501102,0.87768688383525,0.903884600568941
1013,0.878314256445834,0.903141419983646,0.878171742122597,0.90337644798473,0.877985584575158,0.903485393454336,0.877844467980923,0.903719730841749
1014,0.878479800779621,0.902969083828885,0.878336922441553,0.903204109110987,0.878146007498077,0.903318037255249,0.878004349168649,0.903552540363348
1015,0.878648333675251,0.902793651637295,0.878505125385319,0.903028651559573,0.878308448303908,0.903148639007701,0.878166283874439,0.903383275556178
1016,0.878817369168895,0.902617720237016,0.878673844557201,0.902852691100482,0.878472675456395,0.902977433054391,0.878330040338549,0.903212171084563
1017,0.878988675402429,0.902439437085112,0.878844832705363,0.902674381605942,0.878638468951272,0.902804642216701,0.878495398325003,0.903039450094147
1018,0.87916174007557,0.902259333472217,0.879017580659586,0.902494248667059,0.878805620055563,0.902630478054164,0.878662148861473,0.90286532447096
1019,0.87933570123861,0.902078309931494,0.879191240280216,0.902313179252792,0.878973931030289,0.902455141140511,0.878830093962538,0.902689995117113
1020,0.879507564746073,0.901899501797664,0.879362849490491,0.902134283606731,0.879143214839406,0.902278821353488,0.878999046339146,0.902513652240279
1021,0.879680471169947,0.901719615126332,0.879535536214846,0.901954276517848,0.879313294847569,0.902101698175846,0.879168829096877,0.902336475654379
1022,0.879854602705679,0.901538448634032,0.87970947012592,0.901772968117959,0.879484004509106,0.901923941005123,0.879339275425375,0.902158635089081
1023,0.88002675985981,0.901359351742203,0.879881467585276,0.901593697948007,0.879655187050382,0.901745709470031,0.879510228281168,0.901980290505928
1024,0.880199516440484,0.901179629046572,0.88005409459272,0.901413773707192,0.879826695147558,0.901567153751461,0.879681540065824,0.90180159241911
1025,0.880372284408524,0.900999889690085,0.880226759386812,0.901233808866532,0.879998390601523,0.901388414906299,0.879853072301287,0.901622682219069
1026,0.880547778548014,0.900817288125763,0.880402162044445,0.901050965368162,0.880170144011651,0.901209625192432,0.880024695304002,0.901443692497304
1027,0.880720623472863,0.90063745192386,0.880574949201177,0.900870859871974,0.880341834449844,0.901030908393473,0.880196287859289,0.90126474737093
1028,0.880892568993558,0.900458555424486,0.880746879524427,0.900691656340579,0.880513349136149,0.900852380141902,0.880367736897297,0.901085962805659
1029,0.881063398274423,0.900280820562334,0.880917734901674,0.900513579909359,0.880684583117137,0.900674148239459,0.880538937171677,0.900907446936053
1030,0.881232464314709,0.900104923340201,0.881086866296605,0.900337310791301,0.880855438948054,0.900496312973772,0.880709790942013,0.900729300382029
1031,0.881401348105872,0.899929206828479,0.881255846238168,0.900161196470936,0.881025826379639,0.900318967430312,0.880880207660908,0.900551616560705
1032,0.881569536620606,0.899754205972958,0.881424156510676,0.899985777165878,0.881195662050399,0.900142197798903,0.881050103666501,0.90037448199282
1033,0.881737131111273,0.899579816086673,0.881591897975011,0.899810947614402,0.881364869185009,0.899966083674118,0.88121940188109,0.900197976603039
1034,0.881903582275622,0.899406613534682,0.881758523669331,0.899637283003892,0.881533377299399,0.899790698348978,0.881388031516433,0.900022174013594
1035,0.882070200750044,0.899233226257029,0.881925344359367,0.899463407852604,0.881701121913022,0.899616109101497,0.881555927786211,0.899847141830764
1036,0.882235555079152,0.899061153371523,0.882090929229795,0.899290824142822,0.881868044268683,0.89944237747366,0.881723031626033,0.899672941923806
1037,0.882400594630604,0.898889403558182,0.882256230635393,0.899118535525476,0.882034091060256,0.899269559542523,0.881889289421321,0.89949963069602
1038,0.882564916853448,0.898718398591363,0.882420846041298,0.898946964959584,0.882199214168532,0.899097706183192,0.882054652743309,0.8993272593477
1039,0.882728028417364,0.898548657693689,0.882584283522128,0.898776632002595,0.882363370405383,0.898926863323491,0.88221907809335,0.89915587413078
1040,0.882889209626012,0.898380937490592,0.882745824723274,0.898608294540738,0.882526521266378,0.898757072190195,0.882382526655652,0.898985516595057
1041,0.883049040515542,0.898214632617531,0.882906050492975,0.898441345271236,0.882688632691917,0.898588369546745,0.882544964058534,0.8988162238259
1042,0.883208616623434,0.898048595676317,0.88306605424961,0.898274635515665,0.882849674836919,0.898420787922424,0.882706360144217,0.898648028673429
1043,0.883365879330996,0.897884983739411,0.883223769536243,0.898110335273796,0.883009621849059,0.89825435583299,0.882866688747159,0.898480959973154
1044,0.883525000104679,0.897719433270237,0.883383378774674,0.897944058114982,0.883168451655508,0.898089097992824,0.883025927480876,0.89831504275814
1045,0.883679371102859,0.897558861207954,0.883538251512258,0.897782761443155,0.883326145758091,0.897925035518661,0.883184057533182,0.898150298462754
1046,0.883833556214648,0.897398500984555,0.883692975159459,0.897621643254746,0.883482689036779,0.897762186125009,0.883341063469745,0.897986745118109
1047,0.883988202487662,0.897237669854294,0.883848192772497,0.89746002208604,0.883638069561364,0.897600564311386,0.883496933045825,0.897824397539327
1048,0.884139962872647,0.89707987327267,0.884000540028984,0.897301429731172,0.883792278411191,0.897440181541519,0.88365165702606,0.897663267504773
1049,0.884290685306545,0.896923185879923,0.884151877530411,0.897143923079969,0.883945309502768,0.897281046414677,0.883805229012122,0.897503363927418
1050,0.884440429832773,0.896767544225462,0.884302263928029,0.896987439448261,0.884097159425081,0.897123164829309,0.883957645278069,0.897344693018519
1051,0.88458854301992,0.896613634153642,0.884451040258394,0.896832671793844,0.884247827282418,0.896966540139184,0.884108904613209,0.897187258443801
1052,0.884734908570268,0.896461581111361,0.88459808924048,0.896679746641082,0.884397314544511,0.896811173302239,0.884259008172261,0.897031061472343
1053,0.884879094533195,0.896311839189289,0.884742975693502,0.896529122284822,0.884545624903769,0.896657063022329,0.884407959332621,0.896876101118382
1054,0.885023383810261,0.896162024743749,0.884887995722574,0.89637839415618,0.884692764139406,0.896504205884117,0.884555763558501,0.896722374276244
1055,0.885166407501167,0.896013567799176,0.885031766521061,0.896229009794179,0.884838739988232,0.896352596481304,0.884702428271734,0.896569875848624
1056,0.885309261042286,0.895865330060641,0.885175391728911,0.896079819039212,0.884983562021889,0.896202227538427,0.884847962729024,0.896418598868439
1057,0.885450524646495,0.895718796142166,0.885317441424668,0.895932321423968,0.885127241530317,0.896053090026452,0.884992377905411,0.896268534614473
1058,0.885589785776495,0.895574401559522,0.885457502752856,0.895786954802016,0.885269791411204,0.895905173272387,0.885135686383726,0.89611967272104
1059,0.885728070473624,0.895431078506664,0.885596611715258,0.895642638059298,0.885411226065229,0.895758465063132,0.88527790224983,0.895972001281889
1060,0.885865575751744,0.895288622276234,0.885734964829292,0.895499166179456,0.885551561296846,0.895612951743786,0.885419040993395,0.895825506948572
1061,0.886002222054523,0.895147118548824,0.885872479570115,0.89535662807782,0.885690814220407,0.895468618310646,0.885559119414016,0.895680175023491
1062,0.886137640235162,0.895006955253542,0.886008782660699,0.895215417325732,0.88582900317141,0.895325448499093,0.885698155532451,0.895535989547848
1063,0.886273762691193,0.894866125058481,0.886145825817451,0.895073500408148,0.885966147622647,0.895183424866597,0.885836168506753,0.895392933384698
1064,0.886407871177788,0.894727456758155,0.886280862129831,0.894933745502425,0.886102268105055,0.895042528871027,0.885973178553105,0.895250988297327
1065,0.886540612457033,0.894590284393885,0.886414547621569,0.894795475861542,0.886237386133057,0.894902740944501,0.886109206871147,0.895110135023151
1066,0.886672596181422,0.89445397582153,0.886547499733622,0.894658049310373,0.886371524134207,0.894764040562947,0.886244275573597,0.894970353343336
1067,0.88680299292213,0.894319393159838,0.886678877918858,0.894522342428326,0.886504705382926,0.89462640631158,0.886378407619965,0.894831622148336
1068,0.886933746232499,0.894184523812524,0.886810647316677,0.894386313443595,0.88663695393816,0.894489815946494,0.886511626754191,0.894693919499541
1069,0.887062193571996,0.894052128191972,0.886940110472339,0.894252768417724,0.88676829458476,0.894354246452536,0.886643957445996,0.894557222687203
1070,0.887190481487058,0.893919988257368,0.887069441499169,0.894119453305873,0.886898752778413,0.894219674097649,0.88677542483579,0.894421508284846
1071,0.88731829679547,0.893788428402872,0.887198322349462,0.893986698738512,0.887028354593957,0.894086074483865,0.886906054682956,0.894286752200306
1072,0.887444641799502,0.893658483043931,0.887325740474664,0.893855558568269,0.887157126676898,0.893953422595095,0.887035873317338,0.894152929723584
1073,0.88757168517235,0.89352791573498,0.887453894812677,0.89372375755322,0.887285096197976,0.893821692841899,0.887164907593783,0.894020015571671
1074,0.887696418127462,0.893399832151491,0.887579733003902,0.89359445774389,0.887412290810635,0.89369085910338,0.887293184849568,0.893887983930497
1075,0.887822083559567,0.893270893707805,0.887706545540576,0.893464259982298,0.887538738611215,0.893560894766362,0.887420732864571,0.893756808494164
1076,0.887946464147725,0.89314338422029,0.887832081603352,0.893335490987426,0.887664468101755,0.893431772761984,0.887547579824036,0.893626462501598
1077,0.888069188972032,0.893017688873195,0.887955963149723,0.893208545089625,0.887789508155239,0.893303465599873,0.887673754283785,0.893496918770773
1078,0.888192779970806,0.892891217250057,0.888080752517073,0.893080780804493,0.887913887983173,0.893175945400006,0.887799285137759,0.893368149730629
1079,0.88831443261172,0.892766849018248,0.8882035983652,0.892955136195559,0.888037637105335,0.893049183922414,0.88792420158774,0.893240127450832
1080,0.888435285733732,0.892643419076495,0.888325656502297,0.892830424323376,0.888160785321603,0.89292315259484,0.888048533115131,0.893112823669484
1081,0.888556374660697,0.892519867235098,0.888447979786665,0.892705562859326,0.888283362685709,0.892797822538485,0.888172309454685,0.892986209818919
1082,0.888677824887328,0.892396067225537,0.888570693595261,0.892580425690444,0.888405399480828,0.892673164591939,0.888295560570048,0.892860257049692
1083,0.888798838824682,0.89227283753603,0.888692984153698,0.892455851545743,0.88852692619687,0.892549149333438,0.888418316631019,0.892734936252886
1084,0.888918440154803,0.892151177037153,0.888813857265682,0.892332861474796,0.888647973509376,0.892425747101533,0.888540607992407,0.892610218080828
1085,0.889037729161005,0.892029964698389,0.888934434538411,0.892210308158656,0.888768572259915,0.892302928014279,0.888662465174385,0.89248607296634
1086,0.889156539992206,0.891909369437894,0.889054547256577,0.892088363701149,0.88888875343787,0.892180661987066,0.888783918844243,0.892362471140609
1087,0.889275043434467,0.891789218578808,0.889174367250722,0.891966853593343,0.889008548163525,0.892058918749159,0.888904999799431,0.892239382649786
1088,0.889393530966455,0.891669217439891,0.889294189661501,0.89184547831077,0.889127987672356,0.891937667859068,0.889025738951811,0.892116777370404
1089,0.889511013854802,0.891550369793794,0.889413004800458,0.891725266445054,0.88924710330043,0.891816878718824,0.889146167313017,0.891994625023698
1090,0.889629101405299,0.891431046585034,0.889532452868725,0.891604551464205,0.889365926470833,0.891696520587253,0.88926631598084,0.891872895188939
1091,0.889747275162638,0.891311773784984,0.889652004404572,0.891483872869415,0.889484488681023,0.891576562592345,0.889386216126543,0.891751557315843
1092,0.889865073603907,0.891193019192286,0.889771186385001,0.8913637122832,0.889602821491054,0.891456973742783,0.889505898983038,0.891630580736155
1093,0.889983418050537,0.891073854753422,0.889890938409126,0.891243120012241,0.88972095651255,0.89133772293873,0.889625395833824,0.891509934674476
1094,0.890100081531296,0.890956523887736,0.890008987464876,0.891124394159139,0.889838925398393,0.89121877898194,0.889744738002628,0.891389588258434
1095,0.89021742516947,0.890838650711222,0.890127743305616,0.891005100277672,0.889956759833007,0.891100110585288,0.889863956843649,0.891269510528252
1096,0.890334589176836,0.89072109937918,0.890246328428207,0.890886123517321,0.890074491523196,0.89098168638177,0.88998308373235,0.8911496704458
1097,0.890451409413165,0.890604034518782,0.890364571947496,0.890767635925951,0.890192152189436,0.890863474933077,0.89010215005671,0.891030036903214
1098,0.890568526588426,0.890486814323831,0.8904831270997,0.890648980482957,0.890309773557567,0.890745444737784,0.890221187208868,0.890910578731137
1099,0.890686377260627,0.890369003147422,0.890602438761864,0.890529711964461,0.890427387350799,0.890627564239259,0.890340226577085,0.890791264706668
1100,0.890804450034381,0.890251113000707,0.890721982538853,0.890410358076951,0.890545025281965,0.890509801833335,0.890459299537956,0.89067206356109
1101,0.890922655266338,0.890133233536777,0.890841665283684,0.890291012833852,0.890662719045962,0.890392125875835,0.890578437448799,0.89055294398743
1102,0.891040277088693,0.890016076778921,0.890960755496707,0.89017240651156,0.890780500312287,0.890274504690005,0.89069767164015,0.89043387464795
1103,0.891159372824782,0.889897596357691,0.891081355574674,0.890052440008503,0.890898400717616,0.890156906573944,0.890817033408294,0.890314824181616
1104,0.891276845576932,0.889780867690208,0.891200300401672,0.889934268402043,0.89101645185836,0.890039299808075,0.890936554007771,0.89019576121162
1105,0.891395113186564,0.889663489799195,0.891320058724161,0.889815430191278,0.891134685283102,0.889921652662755,0.89105626464377,0.890076654353034
1106,0.891513657508336,0.889545976312046,0.891440101981688,0.889696451128894,0.891253132484876,0.889803933406069,0.891176196464357,0.88995747222065
1107,0.891634234996447,0.889426591114784,0.891562221927471,0.889575554512847,0.891371824893199,0.889686110311898,0.891296380552458,0.889838183437096
1108,0.891753454187969,0.889308683925538,0.891682949934657,0.889456180086881,0.89149079386579,0.889568151668318,0.891416847917528,0.88971875664128
1109,0.891874619141073,0.889188993218487,0.891805660622369,0.889334984346624,0.891610070679897,0.889450025786413,0.89153762948683,0.889599160497252
1110,0.891993850938851,0.889071339181406,0.891926392276861,0.889215883509845,0.891729686523176,0.88933170100957,0.891658756096261,0.889479363703542
1111,0.892114578940686,0.88895234398856,0.892048648208572,0.889095413238554,0.891849672484022,0.889213145723331,0.891780258480634,0.889359335003059
1112,0.892234861851217,0.888833915335885,0.892170446091639,0.888975528530146,0.891970059541302,0.88909432836588,0.891902167263353,0.889239043193624
1113,0.892356179193893,0.888714598979496,0.892293294386562,0.888854741254474,0.892090878553385,0.888975217439239,0.892024512945398,0.889118457139217
1114,0.892478184606059,0.888594734447537,0.892416837950966,0.888733401222121,0.892212160246419,0.888855781521258,0.892147325893544,0.88899754578201
1115,0.892600381049617,0.888474806039434,0.892540566352434,0.888612008229633,0.892333935201747,0.888735989278482,0.892270636327717,0.888876278155277
1116,0.892723656803884,0.888353943702616,0.89266538664028,0.888489670765618,0.892456233842387,0.888615809479967,0.892394474307434,0.888754623397263
1117,0.892848233882183,0.888231930811749,0.892791525211417,0.888366167936238,0.8925790864185,0.888495211012149,0.892518869717195,0.888632550766097
1118,0.892972135451059,0.88811069201763,0.892916960885678,0.888243475713429,0.892702522991735,0.888374162894842,0.892643852250789,0.888510029655835
1119,0.893096945954925,0.887988679731291,0.893043312453525,0.888120006619494,0.892826573418381,0.888252634298461,0.892769451394375,0.888387029613736
1120,0.893221760365722,0.887866773239177,0.89316965696493,0.887996660285696,0.89295126733121,0.888130594562576,0.892895696408274,0.888263520358852
1121,0.89334910619793,0.887742515405476,0.893298573874549,0.887870920326498,0.893076634119928,0.888008013215872,0.893022616307358,0.888139471802044
1122,0.89347666681994,0.887618155849558,0.893427695094231,0.887745095835056,0.893202702910125,0.887884859997642,0.893150239839937,0.888014854067522
1123,0.893604594112106,0.887493541375793,0.893557172605157,0.887619033551536,0.893329502540617,0.887761104880907,0.893278595465044,0.887889637516002
1124,0.89374605664643,0.887355919995775,0.893700434715907,0.887479691384948,0.893457061539069,0.887636718097271,0.893407711327993,0.887763792769619
1125,0.893876000117405,0.887229560987439,0.893831936931595,0.887351894377667,0.893585408095792,0.887511670163628,0.893537615234114,0.887637290738674
1126,0.894003415442661,0.887105714422121,0.893960826963544,0.887226715800184,0.893714570035589,0.887385931910845,0.893668334620534,0.887510102650365
1127,0.894132429190692,0.886980404270478,0.894091345392946,0.887100044409148,0.893844574787529,0.887259474514533,0.893799896525885,0.887382200079604
1128,0.894263290890608,0.886853399099233,0.89422374433251,0.886971643315569,0.893975449352522,0.887132269528037,0.893932327557814,0.887253554982054
1129,0.894395301710583,0.88672537266301,0.894357296343375,0.886842216676105,0.894107220268562,0.887004288917781,0.89406565385816,0.88712413972952
1130,0.894529581612463,0.886595243140481,0.89449313464932,0.88671066757391,0.894239913573504,0.886875505101104,0.894199901065664,0.886993927147825
1131,0.894664747096442,0.886464340990053,0.894629845603028,0.886578361050135,0.894373554765227,0.886745890986719,0.894335094276059,0.886862890557325
1132,0.894800892456276,0.886332570011484,0.894767525976306,0.886445199364919,0.894508168759042,0.88661542001796,0.894471257999413,0.886731003816187
1133,0.894938186419826,0.88619976498848,0.894906350866903,0.886311011275254,0.894643779842189,0.886484066218949,0.894608416114553,0.886598241366611
1134,0.895075121548484,0.886067370055852,0.89504478676563,0.886177270550785,0.894780411625263,0.886351804243862,0.894746591820424,0.886464578284132
1135,0.895215963929526,0.88593128748668,0.895187179048058,0.886039791063869,0.894918086990413,0.886218609429437,0.894885807584208,0.886329990330176
1136,0.895356919133238,0.885795160859671,0.895329661795352,0.885902296920444,0.895056828036133,0.886084457850907,0.895026085086053,0.886194454008028
1137,0.895497631735797,0.885659319925808,0.895471871111777,0.885765127659542,0.895196656018487,0.885949326381525,0.895167445160214,0.886057946622405
1138,0.895639829164264,0.885522106280375,0.89561556895902,0.885626585633176,0.895337591288566,0.885813192755868,0.895309907732449,0.885920446342792
1139,0.895783422518128,0.885383606065667,0.895760664274608,0.88548675903374,0.895479653226021,0.885676035637091,0.895453491753463,0.885781932270739
1140,0.895928926901233,0.885243324092401,0.895907677383593,0.885345146885392,0.895622860168447,0.885537834688338,0.895598215128231,0.885642384511307
1141,0.896074268579763,0.885103240876946,0.896054497359184,0.885203771025906,0.895767229336455,0.885398570648494,0.895744094640984,0.885501784248857
1142,0.896223033084826,0.884959922758268,0.89620476984056,0.885059131398693,0.895912776754204,0.885258225412484,0.895891145875677,0.88536011382738
1143,0.896373001530429,0.884815493641144,0.896356237388157,0.884913395236891,0.896059517165212,0.885116782116322,0.896039383131715,0.885217356835575
1144,0.896522793572582,0.884671264174955,0.896507496649248,0.8847678994224,0.896207463943217,0.884974225227117,0.896188819334739,0.885073498196891
1145,0.896677870872686,0.8845220134507,0.896664096073302,0.884617328218341,0.896356628997878,0.884830540638257,0.896339465942261,0.884928524264732
1146,0.896830972775302,0.884374680802168,0.89681866179454,0.884468745283981,0.896507022675114,0.884685715769976,0.896491332843921,0.88478242292305
1147,0.896983438037107,0.884227970448079,0.896972555403383,0.884320830065299,0.896658653651838,0.884539739675538,0.896644428256147,0.884635183692553
1148,0.897142527357489,0.88407495511837,0.897133146775476,0.884166535670592,0.896811528824884,0.884392603153249,0.89679875861101,0.884486797842727
1149,0.897299466385564,0.883924019730615,0.897291527708124,0.884014390641315,0.89696565319389,0.884244298864518,0.896954328439033,0.884337258509924
1150,0.897454305823228,0.883775093683565,0.897447750285297,0.883864323375997,0.897121029737919,0.884094821458206,0.897111140245741,0.884186560821709
1151,0.897612145969121,0.883623313172293,0.897606993957533,0.88371138217241,0.897277659285597,0.88394416770147,0.897269194381729,0.884034702027718
1152,0.897771286740518,0.883470309049136,0.897767528097328,0.88355722898057,0.897435540378536,0.883792336617328,0.897428488906016,0.88388168163723
1153,0.897931684796772,0.883316118249536,0.897929302434661,0.883401907686057,0.897594669127839,0.88363932962917,0.89758901944248,0.883727501563663
1154,0.898093666240267,0.883160427121893,0.898092646212614,0.883245101338951,0.897755039063456,0.883485150712421,0.897750779029153,0.883572166276239
1155,0.898257504201698,0.883002973721118,0.898257835901575,0.88308654506058,0.897916640976196,0.883329806553563,0.897913757960171,0.883415682958991
1156,0.898422329603596,0.88284458425747,0.898423992187374,0.882927076936033,0.898079462752197,0.883173306716722,0.898077943620177,0.883258061677328
1157,0.898587728517162,0.882685649255343,0.898590699053151,0.88276709047595,0.898243489199645,0.883015663817999,0.898243320310994,0.883099315552345
1158,0.898753848528456,0.882526025979784,0.898758108771019,0.882606438048737,0.898408701867593,0.882856893707734,0.898409869070382,0.882939460943047
1159,0.898921237810424,0.882365191986356,0.898926775987144,0.882444590002311,0.898575078856701,0.882697015660849,0.898577567482735,0.882778517636661
1160,0.899091539156357,0.882201582771034,0.89909835825443,0.882279966137388,0.898742594621755,0.882536052575427,0.898746389481554,0.882616509047157
1161,0.899262013256865,0.882037808979318,0.899270083234888,0.882115212479973,0.898911219765852,0.882374031179631,0.89891630514359,0.882453462422119
1162,0.899432535157069,0.881873982767756,0.899441829298282,0.881950438365462,0.899080920826146,0.882210982247084,0.899087280474557,0.882289409058052
1163,0.899604325895731,0.881708940578776,0.899614833397305,0.881784463389845,0.899251660051089,0.882046940820758,0.899259277186347,0.882124384524196
1164,0.899777561449791,0.881542517546213,0.899789270777958,0.881617123222615,0.899423395169127,0.88188194644541,0.899432252465704,0.881958428894877
1165,0.899955789469631,0.881371334118085,0.899968716774126,0.881445010328377,0.899596079148859,0.88171604340858,0.899606158734365,0.881791586990408
1166,0.900129118375491,0.881204817636036,0.900143187005349,0.881277648527192,0.899769659950695,0.88154928099009,0.899780943400718,0.881623908626472
1167,0.900304732782376,0.881036106400951,0.900319946477081,0.881108094059179,0.899944080270102,0.881381713719962,0.899956548603045,0.881455448871925
1168,0.900480380714192,0.880867360056518,0.900496719408029,0.880938529684412,0.900119277272587,0.881213401644619,0.900132910944516,0.881286268314852
1169,0.900657300747945,0.880697397837132,0.900674750849203,0.880767767661254,0.900295182320598,0.881044410601157,0.900309961220121,0.881116433336697
1170,0.900835179514511,0.880526521657531,0.900853720690577,0.880596116306197,0.900471720692637,0.880874812499432,0.900487624135805,0.880946016394174
1171,0.901012611102479,0.880356071668255,0.901032212122838,0.880424926450153,0.90064881129489,0.880704685611625,0.900665818020148,0.880775096308659
1172,0.901189746479863,0.880185903275586,0.901210381538104,0.880254047963835,0.900826366365811,0.880534114868866,0.900844454529005,0.880603758562608
1173,0.901367927615064,0.880014741230003,0.901389580920589,0.88008219586269,0.901004291174141,0.880363192164419,0.901023438343598,0.880432095602527
1174,0.901546449652324,0.879843262779284,0.901569096733918,0.879910055787251,0.90118248371098,0.880192016662838,0.901202666862675,0.880260207147887
1175,0.901723986886367,0.879672732611419,0.901747595384094,0.879738899641437,0.901360834376585,0.880020695114382,0.901382029889407,0.880088200505291
1176,0.901902577338029,0.879501210068085,0.901927130313402,0.879566772741802,0.90153922566272,0.879849342173897,0.901561409313856,0.879916190887068
1177,0.902079776078593,0.879331032152001,0.902105239871838,0.879396027152897,0.901717531831471,0.879678080723231,0.901740678791934,0.879744301733394
1178,0.902256882609244,0.879160961047627,0.902283234488116,0.879225415222439,0.901895618591599,0.879507042196114,0.901919703421908,0.879572665036845
1179,0.902433203259013,0.878991664845918,0.902460415479894,0.879055609413368,0.902073342773618,0.879336366904322,0.902098339419656,0.879401421668214
1180,0.902609642389403,0.878822286697167,0.902637691113899,0.87888575005954,0.902250552004943,0.879166204363768,0.902276433794011,0.879230721702229
1181,0.902786180599682,0.878652852611122,0.902815038948712,0.878715866679085,0.902427084386613,0.878996713619022,0.902453824023714,0.87906072474167
1182,0.902961802777489,0.878484335405426,0.902991439217303,0.878546936155898,0.902602768173263,0.878828063564582,0.902630337737629,0.878891600238212
1183,0.903137383075654,0.878315906893076,0.903167772550378,0.87837812611052,0.902777421458193,0.878660433261053,0.902805792400085,0.878723527808149
1184,0.903307752977747,0.87815249629223,0.903338854656666,0.878214373817724,0.902950851865565,0.878494012244193,0.902979995003378,0.878556697540946
1185,0.903476696104593,0.877990499825076,0.903508493910298,0.878052056961018,0.903122856251972,0.878329000824593,0.903152741769664,0.878391310298407
1186,0.903643343523486,0.877830761966665,0.903675809988725,0.877892029426303,0.903293220419799,0.878165610375556,0.903323817864688,0.878227578001994
1187,0.903807109231865,0.877673850126154,0.903840209540295,0.877734863768482,0.903461718845045,0.878004063606521,0.903492997125997,0.878065723905671
1188,0.903970332278352,0.877517549996811,0.904004034495962,0.877578347713668,0.903628114422457,0.877844594819168,0.9036600418085,0.877905982851383
1189,0.904129231924562,0.877365472036598,0.90416348853824,0.877426098340486,0.903792158231077,0.877687450143109,0.903824702350477,0.877748601504095
1190,0.90428570473098,0.877215817989507,0.904320480296937,0.877276310360835,0.903953589323519,0.877532887747842,0.903986717163363,0.877593838563047
1191,0.904439007193951,0.877069310419842,0.904474263117153,0.877129708670206,0.904112134542538,0.877381178027417,0.904145812448844,0.877441964945691
1192,0.90458696219385,0.876928026845902,0.904622658585617,0.876988366150557,0.904267508368652,0.877232603754029,0.904301702047069,0.877293263940517
1193,0.904733428346334,0.876788319415213,0.904769532420227,0.876848641135038,0.904419412802853,0.877087460196529,0.904454087319975,0.877148031324745
1194,0.904873603481946,0.876654761959111,0.904910069719242,0.876715105328378,0.904567537288632,0.876946055199611,0.904602657073978,0.87700657544267
1195,0.905009292480706,0.876525651477006,0.905046085056325,0.876586052655026,0.904711558677764,0.876808709219223,0.904747087526469,0.876869217240176
1196,0.905139570124035,0.876401882888248,0.905176650433392,0.876462378928818,0.904851141244534,0.876675755309542,0.90488704232079,0.87673629025078
1197,0.90526415647285,0.87628373726928,0.905301484828743,0.876344366227028,0.904985936753223,0.876547539056661,0.905022172594529,0.876608140528346
1198,0.905383328344837,0.876170973864934,0.905420862443671,0.876231779192259,0.905115584583903,0.876424418453979,0.905152117106162,0.876485126521458
1199,0.905497834289114,0.876062915875627,0.905535525513371,0.876123953423632,0.905239711921681,0.876306763714104,0.905276502425201,0.876367618884263
1200,0.905603126153851,0.8759638524954,0.905640932256149,0.876025148653297,0.905357934014704,0.876194957012008,0.905394943191149,0.876256000218528
1201,0.905701748895606,0.875871410301786,0.905739633904983,0.875933001196444,0.905469854506263,0.876089392154048,0.905507042446614,0.876150664741522
1202,0.905793482694421,0.875785829277479,0.905831402391864,0.875847762414336,0.905575065846438,0.875990474167443,0.905612392050002,0.87605201787431
1203,0.905876998236577,0.875708374701337,0.905914906936134,0.875770692264489,0.905673149788663,0.875898618804812,0.905710573173203,0.87596047574507
1204,0.905952432589169,0.875638948369325,0.905990283636655,0.875701697312875,0.905763677976586,0.875814251958394,0.905801156889601,0.875876464602059
1205,0.906018674763677,0.875578603233971,0.906056424863425,0.875641820980255,0.905846212626448,0.875737808978743,0.905883704857682,0.875800420131005
1206,0.906076265311503,0.875526885381326,0.906113865716844,0.875590625201595,0.905920307310039,0.875669733892811,0.905957770105248,0.875732786671869
1207,0.906124222411899,0.875484732219157,0.906161624606549,0.875549042188762,0.905985507843034,0.875610478516642,0.90602289791908,0.875674016330172
1208,0.906161703464955,0.875452935345126,0.906198865131336,0.875517850783345,0.906041353283169,0.875560501458195,0.906078626844491,0.875624567978425
1209,0.906189251131434,0.875431098473305,0.906226116163199,0.875496688272335,0.906087377042325,0.875520267006247,0.90612448979882,0.875584906143616
1210,0.906205328504727,0.875420600365522,0.90624185370264,0.875486899460865,0.906123108116018,0.875490243901847,0.906160015302407,0.875555499777217
1211,0.906209798762315,0.875421645415669,0.906245936680567,0.875488702126969,0.906148072433269,0.875470903989386,0.906184728829972,0.875536820904797
1212,0.906201966930288,0.875434779301132,0.906237688066237,0.875502603191614,0.906161794329024,0.875462720745068,0.906198154284602,0.875529343153011
1213,0.906181679928847,0.875460312320276,0.90621693466622,0.875528958665605,0.906163798140551,0.875466167681396,0.906199815595748,0.875533540152597
1214,0.906148461431528,0.875498689462017,0.906183200056162,0.875568209365575,0.906153609928268,0.875481716627179,0.906189238441694,0.87554988381689
1215,0.906102007233731,0.875550178573196,0.906136184430692,0.875620611762476,0.906130759320428,0.875509835883664,0.906165952095918,0.875578842496457
1216,0.906041590048478,0.875615555827448,0.906075152557504,0.875686958329853,0.906094781479958,0.875550988258474,0.906129491395633,0.875620879011549
1217,0.905966828007016,0.875695187306855,0.905999724901909,0.875767609769317,0.906045219190453,0.875605628980366,0.906079398829509,0.875676448565376
1218,0.905876745622845,0.875790082310983,0.905908920097697,0.875863586901842,0.905981625057001,0.875674203499112,0.906015226740248,0.875745996542536
1219,0.905769845276434,0.875901785293132,0.905801232348523,0.875976449985081,0.905903563816028,0.875757145176339,0.905936539636184,0.875829956198419
1220,0.905649808303379,0.876026376739291,0.905680388725639,0.876102186634148,0.905810614746811,0.87585487287465,0.905842916604566,0.875928746246934
1221,0.905514171640449,0.876166436467891,0.905543894228203,0.876243435736354,0.905702374175683,0.875967788454028,0.905733953817526,0.876042768355555
1222,0.905361988796704,0.876322944512223,0.905390795357112,0.876401193425401,0.905578458062244,0.876096274186194,0.905609267120046,0.876172404558375
1223,0.905193013472857,0.876496143906477,0.905220851042926,0.876575695472246,0.905438504655166,0.876240690099324,0.905468494687505,0.87631801459958
1224,0.905006672932455,0.876686611341077,0.905033490247599,0.876767516401335,0.90528217720341,0.876401371267328,0.905311299738606,0.876479933221551
1225,0.904803798787367,0.87689348291134,0.904829553181882,0.876975776211292,0.905109166706893,0.876578625059633,0.905137373287727,0.876658467413546
1226,0.904583292581121,0.877117875790672,0.904607933270716,0.877201605241022,0.904919194688897,0.876772728369179,0.904946436918962,0.876853893638692
1227,0.904344370061346,0.877360584231992,0.904367844084072,0.877445801799323,0.904712015970824,0.876983924838049,0.904738245562454,0.877066455058692
1228,0.904089936005576,0.877618645542239,0.904112207785427,0.877705372434484,0.904487421428245,0.877212422101742,0.904512590251964,0.877296358777296
1229,0.903815889263014,0.877896226994684,0.903836896899401,0.877984528036372,0.904245240705736,0.877458389074636,0.904269300841143,0.877543773125072
1230,0.903524204365158,0.87819132254891,0.903543903826933,0.878281235019743,0.903985344866585,0.877721953300536,0.904008248654598,0.877808825009387
1231,0.903215261356054,0.878503544496446,0.903233609742268,0.878595103265288,0.903707648952309,0.878003198393378,0.903729349048659,0.878091597354677
1232,0.902882862160532,0.878839164016374,0.902899790123572,0.878932446377459,0.903412114425951,0.878302161594109,0.903432563855827,0.878392126659043
1233,0.902530269038293,0.879194877090239,0.902545736829287,0.879289915380948,0.903098751472416,0.878618831470503,0.903117903686138,0.878710400693921
1234,0.902169852962113,0.879558182473859,0.902183859156472,0.879654945223892,0.902767621128692,0.878953145787041,0.902785430058286,0.879046356373999
1235,0.901792088340533,0.879938697897681,0.901804555021986,0.880037263821883,0.902418837216708,0.879304989572143,0.902435257333233,0.87939987782462
1236,0.901394526179699,0.880338903615516,0.90140538237176,0.88043934416786,0.902052568051805,0.879674193409736,0.902067554423293,0.879770794673727
1237,0.900981301003202,0.880754637154532,0.900990516769817,0.880856969909236,0.901669037900436,0.880060531981573,0.901682546250273,0.880158880594714
1238,0.900552043235799,0.881186270655238,0.900559588469148,0.88129051644788,0.901268528161697,0.880463722885689,0.901280514927286,0.880563852125612
1239,0.900106867973881,0.881633689996178,0.900112711938763,0.881739871918611,0.900851378248727,0.880883425754975,0.900861800640242,0.880985367788566
1240,0.899644693262504,0.88209798575561,0.899648801823775,0.882206131451284,0.900417986147792,0.88131924169802,0.900426802206854,0.881423027531789
1241,0.886672954836019,0.865838800039454,0.865219691031852,0.925350216084531,0.899968808635149,0.881770713082178,0.899975977293217,0.881876372513914
1242,0.886487413028808,0.854377311327038,0.833141115112451,0.968532791711515,0.899504361134376,0.882237323676138,0.899509842270658,0.882344885248049
1243,0.888315435480969,0.850831758293868,0.805190694282103,0.998596242374283,0.899025217199875,0.882718499166305,0.899028971698565,0.882827990119835
1244,0.8859014610116,0.854962870355991,0.783457508159095,1.01462947158872,0.898532007615639,0.88321360805791,0.898533997422261,0.883325054290414
1245,0.878683977517529,0.86378032782253,0.767354704685769,1.02191625240425,0.898025419102034,0.883721962968092,0.898025607278699,0.883835388991553
1246,0.867854959473867,0.87557964566042,0.756348739743741,1.02372892058143,0.897506192627343,0.884242822314213,0.897504543406696,0.884358251216189
1247,0.854667571071911,0.889602533642341,0.750144782748462,1.02171900392534,0.896975121324978,0.884775392396492,0.896971600162646,0.884892845803452
1248,0.840127444684547,0.905440430473041,0.748419098042551,1.0168705373555,0.89643304802166,0.885318829869686,0.896427621646976,0.885438327912905
1249,0.825141920906592,0.922537791173504,0.750766077137821,1.01000328192015,0.895880862386284,0.885872244594073,0.895873498851101,0.885993805878239
1250,0.810266805838272,0.940491236623914,0.756655510386494,1.00169553251498,0.895319497713702,0.886434702851528,0.895310166439098,0.886558344426196
1251,0.795749537152262,0.959008445856857,0.765602503611895,0.992275612679437,0.894749927362096,0.88700523090801,0.894738599182775,0.887130968242049
1252,0.781881301641899,0.977519131965503,0.776988422765527,0.982133787642913,0.894173160866911,0.887582818899508,0.894159808073128,0.887710665858643
1253,0.768997023667939,0.995268922855112,0.790000618301124,0.971712282017767,0.893590239758467,0.888166425014304,0.893574836135307,0.888296393841862
1254,0.75706267913936,1.01193854892316,0.804077720106586,0.961065446653511,0.893002233114205,0.888754979940629,0.892984753978052,0.888887081241575
1255,0.746381214904769,1.02676273629807,0.818330191208882,0.950545818434309,0.892410232880018,0.889347391545237,0.89239065511207,0.889481634273575
1256,0.736814330277148,1.03964859129421,0.832452061087899,0.939972007019406,0.891815348998219,0.889942549745372,0.891793651074919,0.890078941194958
1257,0.728987721722656,1.04966021010723,0.845502501908466,0.929843048229564,0.891218704382301,0.890539331533945,0.891194866402564,0.890677877332756
