step,T1,T2,T3,T4,T1_ref,T2_ref,T3_ref,T4_ref
1,0.461926486317075,1.78052476230567,1.78041077551638,0.0801343637850365,0.890621429780757,0.891136606115714,0.890595433489892,0.891277310223587
2,0.0781639708664672,1.77999615564762,1.78157930154967,0.0806846344828743,0.890024658573628,0.89173324011057,0.889996487383878,0.891876104820414
3,0.995488135678439,1.78053063770711,1.7802322133173,0.0800732559168395,0.889429521546759,0.892328102779504,0.889399160554374,0.892473128721971
4,1.78136772218234,1.78056394357835,1.77975762898693,0.0801497590999312,0.88883714168839,0.892920071227886,0.888804577687201,0.893067257379459
5,1.77802113435209,1.78109959165671,1.78304502659454,0.0796463411550104,0.888248629053081,0.893508035541615,0.888213850544533,0.893657379236072
6,1.78073140332654,0.841160946789602,1.78035486155333,0.100633786391113,0.887665075736608,0.89409090381228,0.887628072936248,0.894242400755451
7,1.78075440840475,0.0796246652400643,1.78025759166282,1.78100776479944,0.887087551004124,0.894667607009068,0.887048315844533,0.894821251296816
8,1.78052098798004,0.0801297709200075,0.272109967241874,1.78051865157371,0.88651709661172,0.8952371036573,0.886475622741934,0.895392887796613
9,1.78057669964203,0.0798020290357469,0.498401435663019,1.78082395997105,0.88595472235894,0.895798384286015,0.88591100514038,0.895956299219089
10,1.7814499934669,0.0798924067497306,1.77941475721739,1.78070653890908,0.885401401906704,0.896350475610162,0.885355438405685,0.896510510741366
11,1.78309547248881,0.569456922877842,1.77842605620367,1.78066810841835,0.884858068891586,0.896892444416456,0.884809857868476,0.897054587642018
12,1.78141883750228,0.612952868321396,1.77920026010505,1.78070293762872,0.884325613363553,0.89742340112577,0.884275155258674,0.897587638866039
13,1.78067958213811,0.603640177802468,1.7333144275427,1.78062368896377,0.883804878570148,0.8979425030091,0.883752175486517,0.898108820243219
14,1.78024273985961,0.718090981310292,1.47505661173544,1.78052725591106,0.883296658105774,0.898448957038419,0.88324171378881,0.898617337341245
15,1.7805292155732,0.783151408699141,1.24227813916344,1.7804652390736,0.882801693440303,0.898942022358227,0.882744513254629,0.899112447939307
16,1.78057679333428,0.85999829873809,1.1303298284798,1.50246035017749,0.882320671836743,0.899421012368026,0.882261262740219,0.899593464112459
17,1.78071832791248,0.908829785241073,1.14118346820987,1.04106977446867,0.881854224663221,0.899885296410478,0.881792595178367,0.900059753921463
18,1.78072024798008,0.967117973854101,1.27866207098094,0.699600308495453,0.88140292610023,0.900334301064297,0.881339086283198,0.900510742707188
19,1.78044919790118,0.991387004435983,1.44109152219226,0.536388726238697,0.880967292239839,0.900767511045162,0.880901253647096,0.900945913992829
20,1.78088470491114,0.998379614949637,1.46329580426096,0.27359804012176,0.880547780569639,0.901184469721885,0.880479556222543,0.901364810001193
21,1.78067670964157,1.00395671012303,1.47846477763378,0.149751594872924,0.880144789830505,0.901584779258747,0.880074394177945,0.901767031797968
22,1.78024331664947,1.03390728964544,1.55525549931344,0.0808693554494844,0.879758660233866,0.901968100398307,0.879686109113148,0.902152239075266
23,1.78027989513334,1.0336849043556,1.75429380926381,0.164480015312637,0.879389674021187,0.902334151901982,0.879314984617349,0.902520149592764
24,1.77961900272432,0.941091002727018,1.7822110280885,0.34804399184108,0.879038056345724,0.902682709668324,0.878961247149467,0.902870538296357
25,1.7805312384352,0.752857522734743,1.72749867146432,0.347828715816658,0.878703976454397,0.903013605551158,0.878625067218804,0.903203236136503
26,1.78100891888585,0.574012027255031,1.58854823575301,0.330392289712149,0.878387549145787,0.903326725901571,0.878306560842021,0.90351812861025
27,1.77737988576998,0.428012258260828,1.38353336788791,0.320887967263935,0.878088836478877,0.903622009859121,0.878005791251026,0.903815154052326
28,1.73430641071752,0.32314300334998,1.15182620946019,0.317608971507597,0.877807849706134,0.903899447418678,0.87772277082538,0.904094301701709
29,1.7816491643258,0.245038714501738,0.0801384055106115,0.0800695764344057,0.877544551403915,0.904159077299911,0.877457463222196,0.904355609570702
30,1.78183704260729,0.41395854010661,0.0797420512426965,0.0800702612633632,0.877298857772945,0.904400984646654,0.877209785676269,0.904599162143755
31,1.78080334634178,0.543243980015538,0.0798474612505586,0.0801422899147186,0.877070641081713,0.90462529858334,0.876979611443277,0.904825087933233
32,1.50988786437152,0.520207931259951,0.0800905992369757,0.162386447419457,0.876859732226032,0.904832189655215,0.876766772359305,0.905033556918844
33,1.09599846087426,0.471238612257394,0.296743451490324,0.528891803303054,0.876665923378752,0.90502186717837,0.876571061490652,0.905224777896791
34,0.581584858257592,0.470206843179493,1.07589740129088,1.16481358718502,0.876488970704545,0.905194576524668,0.876392235848842,0.905398995763718
35,0.154462897280599,0.545873100994582,1.76759964558917,1.7806041915844,0.876328597115857,0.905350596365449,0.876230019146939,0.905556488759352
36,0.0812730360852072,0.468836903205042,1.7791184525079,1.78046928125508,0.876184495047514,0.90549023589656,0.876084104574616,0.905697565690396
37,0.0798405839677569,0.706204917640772,1.78156305632249,1.78057518127606,0.876056329228929,0.905613832065729,0.875954157570951,0.905822563156702
38,0.0800886578278519,1.10178471479166,1.78052274197317,1.78065762571134,0.875943739434529,0.905721746821693,0.875839818575513,0.905931842799147
39,0.274064875329401,1.70488209337449,1.78020437962777,1.78026670070895,0.875846343194665,0.905814364402796,0.875740705740051,0.906025788586918
40,0.78407947882621,1.7807104957731,1.7804647904516,1.73101099730632,0.875763738451072,0.905892088680998,0.875656417584796,0.90610480416019
41,0.997794966452739,1.78052948170765,1.40625045595091,1.5784834367534,0.87569550614269,0.905955340575492,0.875586535585195,0.906169310242368
42,1.15842835405717,1.78028299559051,1.42935865884423,1.35804271863567,0.875641212709416,0.90600455554834,0.875530626676654,0.906219742134332
43,1.14871718889143,1.78089661925335,1.30074280722095,1.31256131802045,0.875600412503135,0.906040181192809,0.8754882456666,0.906256547301369
44,1.02330987048585,1.78051447385681,1.16367022917161,1.22250354290318,0.875572650097028,0.906062674923381,0.875458937544873,0.906280183061765
45,0.877347294132877,1.76612550488986,1.05434249456595,1.32324242619958,0.875557462485818,0.906072501774793,0.875442239685099,0.906291114384441
46,0.808320915305237,1.67817915742971,0.860288948473825,1.32705102421554,0.875554381171142,0.906070132315919,0.875437683931226,0.906289811801416
47,0.762851797293861,1.63394537046386,0.650222537589322,1.30846608971897,0.875562934127731,0.906056040682813,0.875444798564872,0.906276749439459
48,0.735424395749128,1.50376255235582,0.574730655103126,1.35275345212934,0.875582647647388,0.906030702733914,0.875463110150522,0.906252403173906
49,0.639579855853544,1.32313064219413,0.545629147283618,1.45078466771174,0.875613048059083,0.90599459432911,0.875492145256832,0.906217248906367
50,0.583912504639282,1.24247643164045,0.463267590103078,1.49077392130395,0.875653663324565,0.905948189733255,0.875531432053464,0.906171760966902
51,0.503407965467438,1.16791764807372,0.356021141881756,1.57858360944138,0.87570402450998,0.905891960143643,0.875580501783936,0.906116410640186
52,0.542835769396351,1.31457380175784,0.156972481077134,1.49530623435219,0.875763667134886,0.905826372340074,0.875638890115855,0.906051664814293
53,0.590954477952282,1.44061227259032,0.086907055876418,1.3892087498759,0.875832132400876,0.905751887455265,0.875706138370765,0.905977984749864
54,0.580229865487912,1.47648783266968,0.0800569514259527,1.37984248602763,0.87590896830275,0.905668959862709,0.875781794636517,0.905895824966755
55,0.503974206864881,1.37274418090785,0.0798369375485395,1.42417434235824,0.875993730625756,0.905578036178425,0.875865414765707,0.90580563224461
56,0.353553661442487,1.06957583028905,0.18938554478035,1.61587522529564,0.876085983832966,0.905479554372557,0.875956563264225,0.905707844733334
57,0.282195882407849,0.922220392665361,0.236993280723145,1.60289212806849,0.876185301847241,0.905373942986362,0.876054814074375,0.905602891168986
58,0.245721934008475,0.83106238385877,0.247416480848206,1.54898834844895,0.876291268732603,0.905261620449778,0.876159751257371,0.905491190190293
59,0.236741745807044,0.791216329022118,0.166937783047698,1.619632751371,0.876403479280051,0.90514299449451,0.876270969580268,0.905373149750732
60,0.23053541958401,0.751566834962821,0.136749344279274,1.64803261314158,0.876521539503084,0.905018461657423,0.876388075012549,0.905249166620953
61,0.224286030149831,0.75640489457471,0.199440551050039,1.4310280192878,0.876645067048257,0.90488840686885,0.876510685137735,0.905119625976167
62,0.209095399070218,0.732753151147717,0.249978561582984,1.40586998125484,0.8767736915262,0.904753203120449,0.876638429485425,0.90498490106312
63,0.209859183803137,0.687851041415906,0.28674075292804,1.39261496820419,0.876907054768508,0.904613211207167,0.876770949789161,0.904845352941216
64,0.230036145950642,0.65536782855685,0.32376961207885,1.36267127312724,0.87704481101586,0.904468779537952,0.876907900175509,0.904701330292442
65,0.268487120328408,0.649112512968177,0.37122492921674,1.31703148049637,0.877186627042668,0.904320244009941,0.877048947289624,0.904553169294786
66,0.323114187359416,0.67080279367985,0.435175600148511,1.26271659117287,0.877332182223414,0.90416792794093,0.877193770362475,0.90440119355401
67,0.391025207641013,0.717623253992918,0.51695210710701,1.2064302063039,0.877481168545705,0.904012142055138,0.877342061224745,0.904245714088724
68,0.469677087278712,0.787014687190684,0.615976355612309,1.1505694976449,0.877633290574875,0.903853184517387,0.877493524272266,0.904087029363939
69,0.554899860536878,0.874700468493324,0.727920395775226,1.09702817986236,0.877788265374833,0.903691341011064,0.877647876387634,0.903925425368425
70,0.641410504751111,0.973314761803268,0.845084128938649,1.04782337122413,0.87794582238956,0.903526884855386,0.877804846822473,0.903761175731423
71,0.726121242097536,1.07921627762811,0.962011150776884,1.00119895065576,0.878105703289537,0.903360077157765,0.877964177044571,0.903594541874472
72,0.804826818167651,1.18433453421291,1.07026786400854,0.957716952833796,0.878267661787095,0.903191166997219,0.878125620553917,0.903425773194339
73,0.875199007149583,1.28282497377742,1.16410250433114,0.916606061656478,0.87843146342447,0.903020391635087,0.878288942671412,0.903255107273271
74,0.935406829171355,1.36874586859603,1.23890743569978,0.877581794160336,0.878596885338129,0.90284797674947,0.87845392030381,0.903082770113005
75,0.9842401789488,1.4367247762098,1.29186983391851,0.840945585509832,0.878763716002671,0.902674136690081,0.878620341688216,0.902908976389229
76,1.02205155070219,1.48539048851701,1.32346094330315,0.805781671998688,0.878931754957413,0.902499074750424,0.878788006119228,0.902733929723387
77,1.04927424556717,1.50492830463323,1.3349277328461,0.771604070300779,0.879100812518517,0.902322983454415,0.878956723661595,0.902557822968968
78,1.06740300665924,1.49642460558234,1.32893912793683,0.737770311822906,0.879270709479319,0.902146044854819,0.879126314851048,0.902380838509622
79,1.07712881738829,1.48989755529211,1.30799938254923,0.707838175308609,0.879441276801282,0.901968430841037,0.879296610385728,0.902203148566664
80,1.08005909667033,1.47892229273087,1.27578176045072,0.682470242398959,0.879612355297826,0.901790303454041,0.879467450810464,0.902024915513747
81,1.07794228248972,1.45193877595127,1.23592255056704,0.662748061862504,0.879783795313057,0.901611815206402,0.879638686195921,0.901846292196642
82,1.07282891455602,1.40408305011999,1.19122144937944,0.650377681750367,0.879955456397246,0.901433109405557,0.87981017581448,0.901667422256298
83,1.0662676648216,1.34366604656879,1.14487947295985,0.644799893181753,0.880127206980741,0.901254320478665,0.879981787814519,0.90148844045349
84,1.05951335101306,1.27883913118039,1.10015639005439,0.644390453324082,0.880298924047804,0.901075574297531,0.880153398894603,0.901309472993567
85,1.05371135479806,1.2135879983678,1.05854899517918,0.648701183631201,0.880470492811724,0.900896988502255,0.880324893978921,0.901130637849942
86,1.0497306969029,1.14970281555299,1.02092647254689,0.658106728270125,0.880641806392404,0.900718672822414,0.880496165895186,0.900952045085129
87,1.04799077528599,1.08952830703445,0.988624881840215,0.672442681321248,0.880812765497477,0.900540729394724,0.88066711505603,0.900773797168276
88,1.04862203187317,1.03381438027089,0.961873400850179,0.69162927846786,0.880983278107885,0.900363253076233,0.880837649144852,0.90059598928825
89,1.05147803627522,0.983004031338597,0.940576635438001,0.715326191716542,0.881153259168717,0.900186331752266,0.881007682806909,0.90041870966148
90,1.05622834900334,0.936798793739576,0.924204007219311,0.743280893753117,0.881322630286024,0.900010046638403,0.881177137346358,0.900242039833852
91,1.06213462158764,0.896093919433528,0.912549060928057,0.774058684513076,0.881491319430185,0.899834472575903,0.881345940429836,0.900066054976063
92,1.06844437911727,0.860494512480312,0.904847114013265,0.80677974770477,0.88165926064634,0.899659678320078,0.881514025797092,0.899890824171928
93,1.07434165326663,0.829643972115948,0.900314977999198,0.840364589890089,0.881826393772296,0.89948572682119,0.881681332979078,0.899716410699235
94,1.07915579747236,0.802492914613564,0.898099345310151,0.87438775025329,0.881992664164244,0.899312675497552,0.881847807023833,0.899542872302802
95,1.08205153816067,0.779399989432302,0.897585125460514,0.906970683163433,0.882158022430559,0.899140576500556,0.882013398230437,0.899370261459474
96,1.08246675843263,0.759926298552988,0.898129638227294,0.937145558955679,0.882322424173865,0.898969476971431,0.882178061891223,0.899198625634862
97,1.0800372839052,0.743637442581849,0.89919072948774,0.964127796023633,0.882485829741536,0.898799419289594,0.882341758042403,0.899028007531677
98,1.07459401455406,0.73014884169565,0.900363115677145,0.987349396496286,0.88264820398469,0.898630441312502,0.882504451223183,0.898858445329577
99,1.06615869515728,0.719266375473675,0.901367457786276,1.00630228724044,0.882809516025738,0.898462576606959,0.882666110243424,0.898689972916475
100,1.05475648753403,0.710523176549479,0.902139465813957,1.02114584584216,0.882969739034493,0.898295854671884,0.882826707959841,0.898522620111315
101,1.04099860754267,0.70444878807532,0.90248277265374,1.03099081489973,0.883128850012782,0.898130301152577,0.882986221060707,0.898356412878343
102,1.02534677489437,0.700921124618891,0.902440487884342,1.03607973945357,0.883286829587512,0.897965938046542,0.883144629859002,0.898191373532957
103,1.00812298432174,0.699722259398412,0.902210329224755,1.03693668614704,0.883443661812091,0.89780278390097,0.883301918093896,0.898027520939208
104,0.990106544968761,0.700891351613679,0.901887744297447,1.03392102978623,0.883599333976068,0.897640854002018,0.883458072740461,0.897864870699104
105,0.971438730622195,0.704433916425484,0.901775544102758,1.0274876322612,0.883753836422866,0.897480160555993,0.88361308382745,0.897703435333828
106,0.953219005706273,0.710291323220736,0.901896154543952,1.01827959280193,0.883907162375438,0.89732071286264,0.88376694426301,0.897543224457058
107,0.935678265319369,0.718467771711374,0.902466356157296,1.00678154909248,0.884059307769677,0.897162517480685,0.883919649668124,0.897384244940549
108,0.919421296683796,0.728743182857746,0.903560285679647,0.993716975674358,0.884210271095378,0.897005578385832,0.884071198217616,0.897226501072168
109,0.904666478558718,0.740988336278084,0.905280355886252,0.979581250996343,0.884360053244567,0.896849897121412,0.884221590488509,0.897069994706588
110,0.891537941454128,0.755074221723698,0.907688005832061,0.964764740014094,0.88450865736699,0.896695472941891,0.88437082931553,0.896914725408843
111,0.880113579844352,0.770832187632987,0.910775226187516,0.949595119465569,0.884656088732528,0.896542302949454,0.884518919653556,0.896760690590955
112,0.870359567428187,0.78815359609187,0.914502427945073,0.934240049383709,0.88480235460035,0.896390382223875,0.884665868446771,0.896607885641854
113,0.862344030672573,0.806638900045707,0.918696050688382,0.919062420382052,0.884947464094554,0.896239703945905,0.884811684504325,0.896456304050824
114,0.856278369976057,0.825234008886364,0.922960084713908,0.904909181343535,0.885091428086099,0.896090259514399,0.884956378382267,0.896305937524668
115,0.851865345997726,0.843814217562598,0.927152531235882,0.891671194425226,0.885234259080781,0.895942038657396,0.885099962271525,0.896156776098857
116,0.848513048881603,0.863622348987934,0.931471222735131,0.878083486569859,0.885375971113044,0.895795029537394,0.885242449891717,0.896008808242847
117,0.846736842052212,0.881038444524416,0.934938497935832,0.866892178030715,0.885516579645405,0.895649218851021,0.885383856390568,0.895862020959811
118,0.846015023970699,0.897275778153926,0.937688588821133,0.856871024739164,0.885656101473258,0.895504591923338,0.88552419824871,0.895716399881
119,0.846085035065534,0.912255198038754,0.939629326325873,0.847818595450073,0.885794554634864,0.895361132796988,0.885663493189662,0.895571929354939
120,0.846775296840467,0.925818859128823,0.940660734753811,0.839678864397453,0.885931958326291,0.895218824316394,0.885801760094753,0.895428592531695
121,0.84796323180813,0.93751841823959,0.940677930118129,0.83267194706858,0.886068332821112,0.895077648207234,0.885939018922807,0.895286371442395
122,0.849559745821801,0.947291504238543,0.939651294468182,0.82677241627222,0.886203699394638,0.894937585151378,0.886075290634363,0.895145247074233
123,0.85147069286502,0.954900442012979,0.937609876308618,0.822127903606002,0.88633808025251,0.894798614857505,0.886210597120239,0.895005199441137
124,0.853662021352567,0.960444892258487,0.934613086820198,0.818675769629197,0.886471498463427,0.894660716127587,0.886344961134245,0.894866207650311
125,0.856106336195691,0.963977348165629,0.9307632588463,0.81642469912236,0.88660397789584,0.89452386691943,0.886478406229853,0.894728249964837
126,0.858804457947036,0.965597304911223,0.926175184929361,0.815380907660476,0.886735543158423,0.894388044405463,0.886610956700639,0.894591303862517
127,0.861723515432154,0.965396883899,0.921037654040299,0.815579747066229,0.88686621954413,0.894253225027946,0.88674263752432,0.894455346091144
128,0.864859493831393,0.963554337992182,0.91552103200522,0.817000270260674,0.886996032977678,0.894119384550788,0.886873474310203,0.894320352720366
129,0.868184341038031,0.960293410508122,0.90982813738813,0.819583685280233,0.88712500996628,0.893986498108115,0.887003493249898,0.894186299190327
130,0.871710700571812,0.955838772463603,0.904090347037199,0.823260350582941,0.887253177553469,0.893854540249789,0.887132721071101,0.894053160357227
131,0.875432614387861,0.950407020778953,0.898437111635815,0.8279498344942,0.887380563275847,0.893723484984002,0.887261184994321,0.893920910535981
132,0.879366906810242,0.944150888727206,0.892935189447537,0.833606309647265,0.887507195122615,0.893593305817116,0.887388912692376,0.893789523540111
133,0.883453334022432,0.937279310183173,0.887713394697905,0.84010664620416,0.887633101497741,0.893463975790897,0.88751593225252,0.893658972719037
134,0.887512309588513,0.930159242027352,0.882994604015269,0.847142180881061,0.887758311184601,0.893335467517275,0.887642272141064,0.893529230992892
135,0.891525711482652,0.922887845166084,0.878770249438938,0.854626685184495,0.887882853312988,0.893207753210771,0.887767961170343,0.893400270885001
136,0.895506009461687,0.915467255373081,0.874981081830289,0.862546147290368,0.888006757328333,0.893080804718733,0.8878930284679,0.893272064552173
137,0.899373480385602,0.908020927220917,0.871649290565386,0.87074645104659,0.888130052963022,0.892954593549491,0.88801750344777,0.893144583812911
138,0.902894989193825,0.900955377945246,0.86892041582636,0.878755426175306,0.888252770209684,0.892829090898566,0.888141415783731,0.893017800173673
139,0.906051330741976,0.894242072021475,0.866724698698228,0.886538731171465,0.888374939296323,0.892704267673053,0.888264795384403,0.892891684853303
140,0.908825804684662,0.887841402473706,0.864995231805917,0.894070764411746,0.888496590663207,0.892580094514279,0.888387672370089,0.892766208805749
141,0.911086283376443,0.882001789789696,0.863764604516395,0.901015144061364,0.888617754941364,0.892456541818858,0.888510077051244,0.892641342741168
142,0.912814201699797,0.876711493055476,0.86298542786017,0.907325201928262,0.888738462932616,0.892333579758249,0.888632039908463,0.892517057145531
143,0.913992672170606,0.871980917140204,0.862621374198702,0.912938883806863,0.888858745591026,0.892211178296908,0.888753591573897,0.892393322298828
144,0.914606034423327,0.867857143334869,0.862649781081018,0.917767587342512,0.888978634005672,0.892089307209147,0.888874762813975,0.892270108291981
145,0.914655487478332,0.864379825736329,0.863050648644132,0.921745853067017,0.889098159384642,0.891967936094784,0.888995584513374,0.892147385042541
146,0.914161120074014,0.861613015039018,0.86380107859492,0.924796635790824,0.889217353040168,0.891847034393687,0.889116087660097,0.892025122309283
147,0.913162295362186,0.859521568088589,0.864882671388968,0.926964351376323,0.889336246374799,0.891726571399291,0.889236303331622,0.891903289705769
148,0.911713251375636,0.858117355239479,0.866271014673706,0.92825409192196,0.889454870868539,0.891606516271182,0.889356262681983,0.89178185671299
149,0.909861136104844,0.857377039192549,0.867959017795783,0.928716719091987,0.889573258066852,0.891486838046833,0.889475996929746,0.891660792691136
150,0.907701273234667,0.857308712079885,0.86989771949762,0.928379402653799,0.889691439569466,0.891367505652561,0.88959553734676,0.891540066890619
151,0.905291080120912,0.857873419513655,0.872076276271379,0.92731815390062,0.889809447019879,0.891248487913808,0.889714915247633,0.891419648462392
152,0.902702034601407,0.859031175198415,0.874467926627554,0.925610811759845,0.889927312095509,0.891129753564807,0.889834161979827,0.891299506467659
153,0.900009571342608,0.860732603202549,0.877036570735728,0.923342204689168,0.890045066498399,0.891011271257705,0.889953308914329,0.891179609887056
154,0.897288249612071,0.862915811636572,0.879738842833275,0.920604827851829,0.8901627419464,0.890893009571236,0.890072387436784,0.891059927629366
155,0.894582101691234,0.865529350290075,0.88255140876135,0.917471588846241,0.890280370164771,0.890774937019003,0.890191428939057,0.890940428539851
156,0.891966306800713,0.868484485799847,0.885410342398783,0.914048797569956,0.890397982878113,0.89065702205745,0.890310464811116,0.890821081408264
157,0.889490509852524,0.871701049769351,0.888266166708453,0.910424169482472,0.890515611802571,0.890539233093582,0.890429526433193,0.890701854976625
158,0.887189243433156,0.875103627392559,0.89107521556132,0.906672899131817,0.890633288638226,0.890421538492526,0.890548645168132,0.890582717946824
159,0.885103581802309,0.878596559687537,0.893778327612411,0.902884916821227,0.890751045061621,0.890303906584976,0.890667852353863,0.890463638988114
160,0.88324607041073,0.882116222955812,0.896340893986364,0.899111924009429,0.890868912718335,0.890186305674622,0.890787179295936,0.890344586744583
161,0.88161245367968,0.885637962639496,0.898744420963267,0.895364227529757,0.890986923215547,0.890068704045597,0.890906657260035,0.890225529842654
162,0.880259763890051,0.889001579841153,0.900896084707214,0.89178704763655,0.891105108114513,0.889951069970053,0.891026317464406,0.890106436898704
163,0.879187553920336,0.89214682142397,0.902770122707136,0.888423369723014,0.891223498922892,0.8898333717159,0.891146191072138,0.889987276526846
164,0.878385785793537,0.895038133650079,0.904353400226706,0.88529359651268,0.891342127086842,0.889715577554795,0.891266309183208,0.889868017346971
165,0.877857879115463,0.897610661510157,0.905618500961683,0.882451027817583,0.891461023982828,0.889597655770456,0.891386702826241,0.889748627993104
166,0.877596884230079,0.899830355951556,0.906556062339715,0.879921460598652,0.891580220909052,0.889479574667365,0.891507402949889,0.889629077122153
167,0.877586974052736,0.901706463596854,0.907175489162884,0.877690038890969,0.891699749076454,0.889361302579933,0.891628440413779,0.889509333423124
168,0.87782665727776,0.903168872084332,0.907464683052743,0.875829415637505,0.891819639599179,0.889242807882206,0.891749845978937,0.88938936562687
169,0.878299395021792,0.904224777619836,0.907441905953692,0.874335663374425,0.891939923484477,0.889124058998185,0.891871650297625,0.889269142516459
170,0.878987019327331,0.904891624306664,0.907130814819758,0.873197963493183,0.89206063162191,0.889005024412843,0.891993883902503,0.889148632938234
171,0.879874707931418,0.905190601097783,0.906555245279686,0.872403342507875,0.892181794771826,0.888885672683902,0.892116577195044,0.889027805813646
172,0.880939439126839,0.905133536589828,0.905747049575955,0.871952755482864,0.892303443552998,0.888765972454475,0.892239760433124,0.88890663015193
173,0.88216758999378,0.904746488018977,0.904732654640218,0.871829973889026,0.892425608429346,0.888645892466642,0.892363463717687,0.888785075063735
174,0.883529572505069,0.904057815596295,0.903552967568291,0.872020110696082,0.892548319695669,0.888525401576037,0.892487716978415,0.888663109775759
175,0.88500851619392,0.903098782451215,0.902237210766909,0.87250082246758,0.892671607462275,0.888404468767564,0.892612549958312,0.888540703646508
176,0.886582783550941,0.90190221694066,0.900817631956941,0.873247772427942,0.892795501638442,0.888283063172305,0.892737992197099,0.888417826183248
177,0.888213563175736,0.900512618822301,0.899341275966758,0.874225285140905,0.892920031914597,0.888161154085724,0.892864073013339,0.888294447060266
178,0.889869649929239,0.898972052999997,0.897845874135562,0.875395824999868,0.893045227743127,0.888038710987275,0.892990821485184,0.888170536138511
179,0.891526820334995,0.8973171543566,0.896360010464544,0.87672395287399,0.893171118317711,0.887915703561497,0.893118266429651,0.888046063486751
180,0.893166796467991,0.89557711213825,0.894904306931677,0.878178927705126,0.893297732551073,0.887792101720718,0.893246436380314,0.887920999404309
181,0.89475241627939,0.8937983569296,0.893515362783493,0.879712687285985,0.893425099051049,0.887667875629467,0.893375359563306,0.887795314445533
182,0.896266941527374,0.89200495741536,0.892208723975681,0.88129579135304,0.893553246094851,0.887542995730705,0.893505063871519,0.887668979446068
183,0.897689449229211,0.890224720133176,0.891002605293148,0.882894553225066,0.893682201601409,0.887417432774008,0.893635576836888,0.887541965551082
184,0.898986120305178,0.888501707051987,0.889926351038287,0.884459137610873,0.893811993101677,0.887291157845792,0.893766925600627,0.88741424424555
185,0.900131750000116,0.886871793759269,0.889000654542352,0.885946952770863,0.893942647706771,0.887164142401753,0.8938991368813,0.887285787386723
186,0.901129910451155,0.885332958016297,0.888219811802161,0.887352060884801,0.894074192073804,0.887036358301596,0.894032236940598,0.887156567238921
187,0.901964924329411,0.883912443264014,0.887595887536611,0.88864133395306,0.894206652369295,0.886907777846244,0.894166251546668,0.887026556510769
188,0.902625064177907,0.882635128359758,0.887137969582065,0.889784801305785,0.894340054230001,0.886778373817623,0.894301205934888,0.886895728395041
189,0.903117173982384,0.881496195489717,0.886839565104245,0.890782212245705,0.894474422721025,0.8866481195212,0.894437124765897,0.886764056611238
190,0.9034453902001,0.880495623062622,0.88669752798964,0.89162987598042,0.894609782291054,0.886516988831406,0.894574032080771,0.886631515451053
191,0.903610622972659,0.879640768153913,0.886712468140692,0.892318058245752,0.894746156724573,0.886384956240111,0.894711951253158,0.886498079826889
192,0.903610091173703,0.878972981336018,0.886886054846606,0.892807210305075,0.894883569090882,0.886251996908304,0.894850904938229,0.886363725323587
193,0.903459983396826,0.878463792208182,0.887208159755742,0.893123250319234,0.895022041689758,0.886118086721157,0.894990915018264,0.886228428253529
194,0.903166387960405,0.878095120331812,0.887678749325315,0.893282099521658,0.895161595993582,0.885983202346636,0.895132002544712,0.886092165715284
195,0.902760585481923,0.877898880822081,0.888264042482187,0.893260337941487,0.895302252585767,0.885847321297837,0.895274187676536,0.885954915655996
196,0.902257077071279,0.877852049902831,0.888955869307786,0.893079827619308,0.895444031095277,0.885710421999243,0.895417489614667,0.885816656937664
197,0.901665073607397,0.877936965769032,0.889750166894347,0.892757883148447,0.895586950127073,0.885572483857071,0.895561926532372,0.88567736940754
198,0.900998048376426,0.87814312473855,0.890636959868794,0.892305970998059,0.895731027188282,0.885433487333924,0.895707515501345,0.885537033972811
199,0.900279337408026,0.878457945407172,0.891594597694578,0.891738827254796,0.895876278609881,0.885293414027934,0.89585427241332,0.885395632679771
200,0.899538338598003,0.878862291360015,0.892593956134004,0.891077925400928,0.896022719463709,0.8851522467566,0.896002211897007,0.8852531487977
201,0.898784399952935,0.879344010738484,0.893627676444722,0.890334532478045,0.896170363474562,0.885009969645522,0.896151347230112,0.885109566907619
202,0.898035732299256,0.879885368700326,0.894677080130387,0.889526796434775,0.896319222927291,0.884866568222342,0.896301690246355,0.884964872996266
203,0.897307856778427,0.880469624398563,0.895725817363719,0.888671102587114,0.896469308568374,0.884722029515831,0.896453251236977,0.884819054555204
204,0.896619088236894,0.881076940104589,0.896753322644178,0.887787229169388,0.896620629502159,0.884576342160728,0.896606038846897,0.884672100685678
205,0.895975663302776,0.881696895586526,0.89775251189468,0.886883798510807,0.89677319308124,0.884429496508248,0.896760059965024,0.884524002209152
206,0.895394256964137,0.882309362863548,0.898703079647629,0.885980916751163,0.896927004790871,0.884281484742617,0.896915319608592,0.884374751783851
207,0.894884517521353,0.882900243845821,0.899592780267255,0.885091700240273,0.897082068127178,0.884132301003824,0.897071820801302,0.884224344027527
208,0.894454345717425,0.883456694762491,0.900410896425745,0.884228254834693,0.897238384468933,0.883981941516821,0.897229564445023,0.884072775646669
209,0.894108257697068,0.883969471286145,0.901150764321914,0.883398871103832,0.89739595294268,0.883830404727388,0.897388549184854,0.88392004557237
210,0.893855169913476,0.884423351505829,0.901799432210616,0.882619632740545,0.89755477028099,0.883677691444887,0.897548771267304,0.883766155103079
211,0.893697075228045,0.884811318529008,0.902352951937177,0.881897446052488,0.897714830673622,0.883523804992117,0.897710224391395,0.883611108054452
212,0.893632955992804,0.885130523219662,0.902811428735323,0.881234853053663,0.897876125611391,0.883368751362477,0.897872899552462,0.8834549109165
213,0.893663449604619,0.885374650721795,0.903171971735866,0.880639555959421,0.898038643722542,0.883212539384643,0.898036784878467,0.883297573018254
214,0.893786845397549,0.885540274319348,0.903434855454183,0.880116370307841,0.898202370601423,0.883055180894948,0.898201865458616,0.883139106700114
215,0.893999285929817,0.885628400964683,0.903604150102913,0.879664824623285,0.898367288629295,0.882896690917648,0.898368123164115,0.882979527494086
216,0.894296042106221,0.885639348809729,0.903683911343625,0.879286374366627,0.898533376787107,0.882737087853224,0.898535536460895,0.882818854312054
217,0.894671198266806,0.885575258915165,0.903680018887379,0.878980433396391,0.898700610460081,0.882576393674899,0.898704080214151,0.882657109642233
218,0.895117352274869,0.885439663772114,0.903599876529017,0.878745224305461,0.898868961233991,0.882414634133455,0.898873725484579,0.882494319753952
219,0.89562827183565,0.8852372891888,0.903451050898698,0.878576527676354,0.89903839668303,0.882251838970496,0.899044439316209,0.882330514910835
220,0.896197501100561,0.884972783194235,0.903241126632234,0.878470323935091,0.899208880149173,0.882088042140197,0.899216184515739,0.882165729592488
221,0.896809791061627,0.884653802397677,0.902983441816459,0.878422583692862,0.89938037051302,0.881923282039611,0.899388919423354,0.882000002724718
222,0.897456787367238,0.884286901249701,0.902687652557663,0.878426822783962,0.899552821956084,0.881757601747523,0.899562597674995,0.881833377918289
223,0.89814369088646,0.883872068424659,0.90235347283709,0.878479035954565,0.899726183714566,0.881591049271831,0.899737167956131,0.881665903716201
224,0.898841701583309,0.883425916152865,0.902004250260152,0.878569093670192,0.899900399824695,0.881423677805371,0.899912573747096,0.881497633849392
225,0.899530207075699,0.882962131138976,0.901658726269779,0.878685638823833,0.900075408859757,0.881255545990064,0.900088753060129,0.881328627500753
226,0.900213285313899,0.882480535294301,0.901316790916198,0.878824799767759,0.900251143659,0.881086718189192,0.900265638168293,0.881158949577255
227,0.900874380041316,0.881988492877632,0.900988053592135,0.878986085040357,0.900427531048662,0.880917264767561,0.900443155326542,0.880988670989953
228,0.901505715723859,0.881496415574035,0.900684426506469,0.879154482057456,0.900604491555437,0.880747262379229,0.90062122448522,0.880817868941534
229,0.902110109591548,0.881006643416345,0.900407602538504,0.879322581063803,0.900781939112773,0.880576794262412,0.900799758996419,0.880646627221026
230,0.902683691760965,0.880523820408175,0.900162349719485,0.879484267021403,0.900959780760487,0.880405950541081,0.900978665313661,0.880475036505184
231,0.903218442805098,0.880054404218293,0.899956032758881,0.879633158034208,0.90113791633826,0.880234828532682,0.901157842685472,0.880303194665976
232,0.90369825029571,0.87961180072037,0.89980106283384,0.879758939308932,0.901316238173681,0.880063533061311,0.901337182843528,0.880131207083511
233,0.904135945970618,0.879184477397441,0.899690357427897,0.879867103800381,0.901494630765625,0.879892176775565,0.901516569686145,0.879959186963611
234,0.90451367399822,0.878789670443706,0.899635457199357,0.879946299863888,0.901672970463863,0.879720880470159,0.901695878958026,0.879787255659137
235,0.904839958211801,0.87841948317846,0.899632580628137,0.879999657531519,0.901851125145922,0.879549773410302,0.901874977927266,0.879615542994047
236,0.905108084297268,0.878082660167566,0.899684849658962,0.880021971267736,0.90202895389236,0.879378993657663,0.902053725060802,0.879444187589016
237,0.905322268080329,0.877776131422135,0.899790320683506,0.880014250582528,0.902206306661762,0.879208688396606,0.902231969699608,0.879273337187314
238,0.905484244817709,0.877500139536881,0.899947372651823,0.879976426395138,0.90238302396692,0.879039014259261,0.902409551735083,0.879103148979468
239,0.905597099391959,0.877252498877918,0.900154767203752,0.87990924040841,0.902558936553829,0.878870137647771,0.902586301288295,0.878933789925098
240,0.905662239017589,0.877035410246476,0.900409523038107,0.879812457468964,0.902733865085292,0.878702235051924,0.902762038393849,0.8787654370701
241,0.905683573230262,0.876850385790242,0.900705377305727,0.879687296999485,0.902907619831142,0.87853549336019,0.902936572690405,0.878598277857194
242,0.905665007904713,0.876691705534468,0.901043061395674,0.879535356762678,0.903080000367238,0.878370110161959,0.903109703119996,0.878432510427654
243,0.905612004263445,0.876559417943568,0.90141432824757,0.879359658488693,0.903250795285649,0.878206294038609,0.903281217638567,0.878268343911836
244,0.905531063298826,0.8764516121943,0.901811580107361,0.879163431541779,0.90341978191859,0.878044264840809,0.903450892940293,0.878105998705899
245,0.905425007184223,0.876365005282357,0.902234454402457,0.878947775243197,0.903586726078954,0.87788425394923,0.903618494198533,0.877945706731904
246,0.905298560028954,0.876297447807898,0.902677746282106,0.878715390303721,0.903751381820449,0.877726504515644,0.903783774826422,0.877787711678267
247,0.905161074737358,0.87624632503225,0.90312873334014,0.878472030971303,0.903913491220623,0.877571271681136,0.903946476260383,0.877632269217286
248,0.90501825222517,0.876208678861991,0.903581336592043,0.878220855301649,0.904072784190261,0.877418822767939,0.90410632777005,0.877479647196252
249,0.904872671718225,0.876182250332007,0.904033659280875,0.877963278091088,0.904228978312876,0.877269437441158,0.904263046298338,0.877330125798415
250,0.904730452487309,0.876164264251269,0.904477586383889,0.877703630874736,0.904381778718264,0.877123407836448,0.904416336335596,0.87718399766986
251,0.904596761343824,0.876152122734003,0.90490658346811,0.877445434352991,0.904530877994284,0.876981038649433,0.904565889832052,0.877041568008085
252,0.9044732941185,0.876144357155227,0.905319200169175,0.877189617881805,0.904675956141282,0.876842647182496,0.904711386152924,0.876903154607911
253,0.904360223418091,0.876140256400045,0.905716132375393,0.876935828294664,0.904816680573752,0.876708563344306,0.90485249208083,0.876769087860085
254,0.90426833193302,0.87613546968588,0.906080432716323,0.876693623055269,0.90495270617405,0.876579129597297,0.904988861870291,0.8766397106978
255,0.904196991650909,0.87612976732624,0.906414121222244,0.876461751267248,0.905083675403123,0.876454700848104,0.905120137359305,0.876515378486118
256,0.904147627172746,0.876122313508637,0.906714401443546,0.876242097893016,0.905209218473413,0.876335644275836,0.905245948143126,0.876396458849201
257,0.90412012889178,0.876113046238458,0.906981474605652,0.876034539528513,0.905328953589155,0.876222339092915,0.905365911815521,0.876283331430058
258,0.904116801889144,0.876100816894909,0.907210663173978,0.875842283340159,0.905442487259464,0.876115176233139,0.905479634282831,0.876176387577478
259,0.904139306554399,0.876084586142457,0.907397708693482,0.875668691049665,0.90554941468958,0.876014557961551,0.905586710156268,0.876076029954728
260,0.904186069470116,0.876065390905225,0.907545189627802,0.87551193161203,0.905649320255695,0.875920897400717,0.905686723227841,0.875982672064625
261,0.904256640976886,0.876043193958656,0.907651058445688,0.87537441646038,0.905741778068753,0.875834617968026,0.905779247035299,0.875896737685576
262,0.904349465938646,0.876018274924833,0.907714924001194,0.87525779209888,0.905826352632456,0.875756152718741,0.905863845521343,0.875818660213358
263,0.904462069557048,0.875991672853994,0.907738484808862,0.875161946732373,0.905902599600621,0.875685943589705,0.905940073792241,0.875748881903487
264,0.904591104681836,0.875964621425652,0.907723879735797,0.875086981658702,0.905970066638736,0.875624440538809,0.906007478980685,0.875687853009345
265,0.904735746751371,0.87593851993979,0.907672527600787,0.875031255015425,0.906028294394279,0.875572100575685,0.90606560121748,0.875636030811478
266,0.904890177019344,0.875914671989829,0.907587682522381,0.874996000083183,0.906076817579969,0.875529386679437,0.906113974716199,0.875593878533922
267,0.905053489796479,0.875894218394939,0.90747021889547,0.874980384794248,0.906115166173612,0.875496766599764,0.906152128974488,0.875561864143881
268,0.905219493430282,0.875878780199784,0.90732470169744,0.874984443214266,0.906142866737629,0.875474711538356,0.906179590095105,0.875540459031674
269,0.905383381030987,0.875869863280586,0.907155138690359,0.875007563950779,0.906159443860682,0.875463694708186,0.906195882229093,0.875530136568545
270,0.905543492780688,0.87586871141543,0.906962554685693,0.875049289473208,0.906164421722989,0.875464189769069,0.90620052914269,0.875531370540737
271,0.905694685533119,0.875876870221997,0.906751287356158,0.875108905116703,0.906157325786061,0.875476669138783,0.906193055908695,0.875544633459123
272,0.905836212691187,0.875895430612489,0.906520862217215,0.875186649442394,0.906137684606529,0.87550160218005,0.906172990721969,0.875570394744687
273,0.905959885611379,0.8759260501468,0.906279325704253,0.875280925298417,0.906105031772684,0.8755394532648,0.90613986683766,0.875609118791297
274,0.906063059463837,0.875969811434307,0.906028410805001,0.875391587400902,0.906058907961023,0.875590679718365,0.906093224629481,0.875661262908422
275,0.906143676906484,0.876027717353834,0.905769130019256,0.875518693646259,0.905998863108857,0.875655729647604,0.906032613764057,0.875727275147787
276,0.906197399601439,0.876100747856044,0.905505837559894,0.875661209406026,0.905924458697531,0.875735039658366,0.905957595485902,0.875807592019403
277,0.906222712195872,0.876189827074097,0.905238614288684,0.875819669715901,0.90583527013929,0.875829032469269,0.905867745006051,0.875902636103936
278,0.906217831145983,0.876295925813931,0.904967717988209,0.875994654901876,0.905730889259251,0.875938114430351,0.9057626539858,0.876012813569994
279,0.906177919041492,0.876419158483398,0.904700704300244,0.876183269908174,0.905610926862205,0.876062672956836,0.90564193310526,0.876138511606574
280,0.906102977159481,0.876560688277574,0.904434142013832,0.876387870412794,0.905475015372285,0.876203073890014,0.905505214704779,0.876280095782675
281,0.905991483649893,0.876720327447607,0.904171241588294,0.876606968639188,0.905322811531757,0.876359658798938,0.905352155485447,0.876437907347816
282,0.905842848136231,0.876898857496896,0.903910691693412,0.876841767001189,0.905153999143415,0.876532742238499,0.905182439253186,0.876612260488977
283,0.905656859699126,0.877096092274381,0.903653636842996,0.877091576174324,0.904968291839312,0.876722608981113,0.904995779689119,0.876803439561259
284,0.905432943626103,0.877312995321259,0.903398169342965,0.877358019594849,0.904765435856834,0.876929511241027,0.904791923127249,0.877011696311252
285,0.905172177277001,0.877548780206076,0.903145385462196,0.877639771279367,0.904545212801487,0.877153665911882,0.904570651318771,0.87723724711376
286,0.904874953303001,0.877803822820125,0.902893857831644,0.877937582437509,0.904307442374222,0.877395251839684,0.904331784160858,0.877480270244053
287,0.904543374039998,0.878077379213445,0.902643031261799,0.878250715049752,0.904051985039731,0.877654407154777,0.904075182366341,0.87774090320924
288,0.904178495136808,0.878369703841354,0.902390922070566,0.878579920418368,0.903778744610924,0.877931226687595,0.903800750049454,0.878019240163553
289,0.903782591988393,0.878680308762626,0.902136028331141,0.878924962494001,0.903487670723759,0.878225759494022,0.903508437201853,0.878315329433383
290,0.903357093283591,0.879009356453791,0.901876248337285,0.879286397401653,0.903178761175856,0.878538006516932,0.90319824203228,0.878629171178648
291,0.902902916786129,0.87935733765332,0.901609321893631,0.879665110853314,0.902852064101803,0.878867918411001,0.902870213142809,0.878960715217579
292,0.902424407900814,0.879722796580731,0.901333869314432,0.880059566197739,0.902507679957901,0.87921539355805,0.90252445151438,0.879309859042217
293,0.901922277882993,0.880106525471623,0.901047323623912,0.880470827594558,0.902145763289242,0.879580276300023,0.902161112274523,0.879676446051705
294,0.901400600986144,0.880507298308074,0.900748087379018,0.880897585052666,0.90176652425252,0.879962355416198,0.901780406220659,0.880060264029993
295,0.900860671443866,0.880925574958147,0.900433842228905,0.881340363047277,0.901370229868923,0.880361362870289,0.901382601073311,0.880461043893625
296,0.90030564852115,0.881360644372112,0.900102913481109,0.881798310738826,0.900957204982715,0.880776972851842,0.900968022434825,0.880878458733991
297,0.899737956755041,0.881812227113387,0.899753535110362,0.882270970906882,0.900527832902863,0.881208801134544,0.900537054430968,0.881312123176697
298,0.899160472824435,0.882279668897662,0.899384320072766,0.882757416950678,0.90008255570719,0.881656404772005,0.900090140014837,0.881761593078585
299,0.898572848373537,0.882764283199672,0.898993112927529,0.883258785358484,0.899621874191049,0.882119282148984,0.899627780915112,0.8822263655804
300,0.897981911799508,0.883262575785447,0.898580476952031,0.883771032107827,0.899146347445443,0.882596873403159,0.899150537213549,0.882705879530184
301,0.897386237371606,0.8837764557311,0.898144257997762,0.884295790019442,0.898656592052809,0.88308856122923,0.898659026539924,0.883199516289191
302,0.896788271166245,0.884304906294325,0.897684367743562,0.884831634313462,0.898153280892256,0.883593672073532,0.898153922876231,0.883706600928508
303,0.896187676328539,0.884848917424049,0.897199497821037,0.885379176209661,0.89763714155,0.884111477723473,0.89763595496587,0.884226403820661
304,0.895591647008999,0.885403374496181,0.89669299338184,0.885932867856211,0.897108954334842,0.884641197291901,0.897105904327661,0.884758142626344
305,0.895000238853292,0.885968348826921,0.896164911655661,0.886492495862011,0.896569549902861,0.885181999592269,0.89656460287888,0.885300984672092
306,0.894411564096845,0.886545294039592,0.895614499146054,0.887059245638679,0.896019806499951,0.885733005895943,0.89601293017593,0.885854049710269
307,0.893827385092642,0.887132360306395,0.895043809477492,0.887631117349948,0.895460646835301,0.886293293058587,0.895451810285755,0.886416413048269
308,0.893244581715242,0.887732305083917,0.894450782686356,0.88821054894773,0.894893034603377,0.886861896998035,0.894882208305573,0.886987109029343
309,0.892666840180619,0.888341014567775,0.893839796134777,0.888793552502545,0.894317970676333,0.887437816501755,0.89430512655285,0.887565134843132
310,0.892095977182154,0.88895567684314,0.8932143470815,0.889377611817073,0.893736488992943,0.888020017337792,0.893721600451629,0.888149454639789
311,0.891533130742259,0.889573660172757,0.892578097255314,0.889960558036247,0.893149652174094,0.888607436639174,0.893132694145247,0.888739003917661
312,0.890973137011983,0.89019968822751,0.891927112191905,0.89054679724932,0.892558546898433,0.889198987528165,0.892539495869072,0.889332694150882
313,0.89041972907849,0.890827769948699,0.891268683139433,0.891131287375228,0.891964279075009,0.88979356394355,0.891943113120086,0.889929417620063
314,0.889870318952218,0.891454396416345,0.890607227329753,0.891715641881408,0.89136796885244,0.890390045631408,0.891344667662879,0.890528052406511
315,0.889326720598962,0.892077014971163,0.889946613981289,0.892296808817131,0.890770745506408,0.890987303257571,0.890745290413861,0.891127467508158
316,0.888786769901305,0.892700504305403,0.889282545087997,0.892876430387366,0.890173742248905,0.891584203598357,0.890146116247144,0.891726528033765
317,0.888251818979355,0.893323209850579,0.888617811404286,0.893452029090912,0.889578091003781,0.892179614765013,0.889548278766645,0.892324100430834
318,0.887722482049343,0.893942680695542,0.887955985204979,0.894021870142097,0.888984917193568,0.892772411416917,0.888952905089411,0.89291905770223
319,0.88719950862442,0.89455556159613,0.88730152027028,0.894584110419432,0.888395334582416,0.893361479918654,0.888361110685036,0.893510284566659
320,0.886681199800157,0.895162049923485,0.886654661264704,0.895140001644017,0.887810440219227,0.893945723396959,0.887773994315229,0.894096682518912
321,0.886166761475081,0.895761363777438,0.8860166717067,0.895689855809542,0.88723130952363,0.89452406665479,0.887192633116256,0.894677174747189
322,0.885656867203231,0.896350727674864,0.885391030815342,0.896232309788054,0.886658991555569,0.895095460901839,0.886618077864987,0.895250710866745
323,0.885147766683018,0.896933833773808,0.884773817378325,0.896771316635037,0.886094504506719,0.895658888263209,0.886051348466824,0.895816271431598
324,0.884644364678768,0.897502442589025,0.884174498918326,0.897300807606537,0.885538831449014,0.896213366031003,0.885493429700782,0.896372872189023
325,0.884144830231144,0.898057746215371,0.883591823414177,0.897822672863182,0.884992916372135,0.89675795062696,0.88494526725362,0.896919568044948
326,0.883654254884124,0.898592473063736,0.883033729744583,0.898331239996476,0.88445766053807,0.897291741248032,0.884407764071101,0.897455456712147
327,0.883170332569256,0.899109381277434,0.882496944688799,0.898829325934592,0.883933919176762,0.897813883170876,0.883881777050467,0.897979682017186
328,0.882694557653785,0.899606842179489,0.881982945298003,0.899315632597244,0.88342249854261,0.898323570695497,0.883368114093873,0.898491436846354
329,0.882223391344735,0.900089012514908,0.881487032425588,0.899794211012619,0.882924153347161,0.898820049712708,0.882867531538132,0.898989965715226
330,0.881761722624191,0.900550539636208,0.881014672990658,0.900260157180337,0.882439584578839,0.899302619884545,0.882380731971649,0.899474566951008
331,0.881307895873111,0.900993417944844,0.880563489454487,0.900715507855911,0.881969437716105,0.899770636431255,0.881908362444924,0.899944594481263
332,0.880862056992479,0.9014178293632,0.880132995553396,0.901160440405352,0.881514301336026,0.90022351152286,0.881451013076635,0.900399459227022
333,0.880429907010521,0.901818971292423,0.879727779554689,0.901589583715235,0.881074706116024,0.900660715277537,0.881009216053055,0.90083863010253
334,0.88001089801823,0.902198312476545,0.87934594284892,0.902003921899804,0.880651124222531,0.901081776373089,0.880583445014547,0.901261634627865
335,0.8796040408541,0.902557589069506,0.878985373613566,0.902404807285497,0.880243969076498,0.90148628228152,0.880174114819108,0.901668059164513
336,0.879211843579703,0.902895667289071,0.878646869072896,0.902790115678673,0.879853595482312,0.90187387914022,0.879781581669473,0.902057548787318
337,0.878834552890009,0.903213358909576,0.878329310667903,0.903159909546972,0.879480300103489,0.902244271276325,0.879406143587199,0.902429806809459
338,0.87847151724416,0.903512053550078,0.87803105646219,0.903515069505979,0.879124322265863,0.902597220403576,0.879048041214421,0.902784593979721
339,0.878126228500348,0.903790321310509,0.877753233008315,0.903852463343731,0.878785845066612,0.902932544513306,0.878707458921622,0.90312172737374
340,0.877796830667387,0.904050427346706,0.877493415854222,0.904174049570489,0.878464996765558,0.903250116483134,0.878384526197866,0.903441079002768
341,0.877487782744619,0.904290568157486,0.877253149869698,0.904475704050061,0.878161852433662,0.903549862428427,0.878079319298397,0.90374257416506
342,0.877195249008346,0.904514086312278,0.877029066978799,0.904761176246535,0.877876435832536,0.903831759822722,0.877791863123435,0.904026189566058
343,0.87692290676457,0.904719692518927,0.876822299887501,0.905027004139076,0.877608721498073,0.904095835413989,0.87752213330125,0.904291951234282
344,0.87666931333684,0.904909198784707,0.876631023734995,0.90527457784345,0.877358637000959,0.904342162963985,0.877270058448295,0.904539932260169
345,0.876438120921018,0.90508147508174,0.876456319151356,0.905500372100115,0.87712606535687,0.904570860837885,0.877035522579164,0.904770250385062
346,0.876228532189892,0.905237833023388,0.876296952326937,0.905705070227818,0.876910847559461,0.904782089471079,0.876818367639511,0.904983065467263
347,0.876039576264901,0.905379394951108,0.876151902152404,0.905889495713119,0.876712785209938,0.904976048739361,0.876618396135677,0.905178576851353
348,0.875869885016578,0.905507438200036,0.876019983911991,0.906054851445139,0.876531643217857,0.905152975257839,0.876435373835693,0.905357020666149
349,0.87572142094378,0.905621455511439,0.875901818574188,0.906199130923931,0.876367152548959,0.90531313963278,0.876269032517437,0.905518667075507
350,0.875592583618516,0.905722824752045,0.875796144198633,0.906323741155968,0.876219012997141,0.905456843689273,0.876119072741046,0.905663817504866
351,0.875483483890897,0.905811779296077,0.875702864477995,0.906428444323681,0.876086895959152,0.905584417696134,0.875985166624169,0.905792801864968
352,0.875392953407098,0.905889271199722,0.875621136074297,0.90651423006767,0.875970447192187,0.905696217607873,0.875866960600204,0.905905975792574
353,0.875320933471585,0.905955462634482,0.875550929626951,0.906581035999824,0.875869289536244,0.905792622341851,0.875764078141408,0.90600371792634
354,0.875266345390408,0.906011220169334,0.875491466635215,0.906629758234738,0.875783025584847,0.905874031107041,0.875676122430443,0.906086427234237
355,0.875230364423631,0.906055101680747,0.87544438740893,0.90665931350203,0.875711240289504,0.905940860799011,0.875602678965733,0.906154520407177
356,0.875210851660263,0.906088573841373,0.875408230612281,0.906671640418399,0.875653503485052,0.90599354347399,0.875543318087776,0.906208429331684
357,0.875206916968557,0.906111883215151,0.875382799376813,0.906667561106246,0.875609372324771,0.906032523913112,0.875497597415286,0.906248598652746
358,0.875217739838942,0.906125260384824,0.875367887331917,0.906647845775231,0.875578393615871,0.906058257286265,0.87546506418175,0.906275483436243
359,0.875242552477715,0.906128836084295,0.875363366277424,0.906613244437802,0.875560106047615,0.906071206923268,0.875445257464667,0.906289546938713
360,0.875280532701091,0.90612263671217,0.875369182946095,0.906564612167329,0.875554042305867,0.906071842198579,0.875437710301244,0.90629125849065
361,0.875330507752708,0.906106569399711,0.875385350212318,0.906503275280914,0.875559731069396,0.906060636534216,0.875441951685888,0.906281091498026
362,0.875391861420966,0.906080787147571,0.875411634388263,0.906429861255146,0.875576698884623,0.906038065524217,0.875457508446135,0.906259521565358
363,0.875463531073799,0.906045318496657,0.875447887249177,0.906345588500266,0.875604471916775,0.906004605182638,0.875483906995035,0.906227024742347
364,0.875545116199564,0.906000172594892,0.875493994517982,0.906250894349163,0.875642577576615,0.905960730315966,0.875520674959091,0.906184075894936
365,0.875635144530696,0.905945422206114,0.87554969452222,0.906147540723412,0.875690546022963,0.9059069130197,0.875567342682015,0.906131147200583
366,0.875733403026796,0.905880981741858,0.875614935387551,0.906035804464975,0.875747911542182,0.90584362129794,0.875623444605437,0.906068706766558
367,0.875838747869443,0.905807016018035,0.87568936170401,0.905917080178004,0.875814213806654,0.905771317803971,0.875688520528598,0.905997217369272
368,0.875950303044791,0.905723666697287,0.875772643243866,0.905792463248349,0.875888999015,0.905690458699063,0.875762116749783,0.905917135311857
369,0.876068168319199,0.905630762223945,0.875864814185167,0.905661912346001,0.875971820917445,0.905601492626104,0.875843787092884,0.905828909396623
370,0.876192417238623,0.905528055378206,0.875965975953224,0.905525433363669,0.87606224173026,0.905504859794155,0.875933093823009,0.905732980008459
371,0.87631940096115,0.905417391089184,0.876074045806152,0.905387291669061,0.876159832943633,0.905400991169515,0.876029608455529,0.905629778304808
372,0.87645168697488,0.905297132827216,0.876190559672482,0.905244686540391,0.876264176027734,0.905290307768618,0.876132912463262,0.90551972550749
373,0.876594603660534,0.905163107372168,0.87631947668395,0.905091842797331,0.876374863041924,0.905173220047722,0.876242597886809,0.905403232291383
374,0.876733728983152,0.905026337711384,0.876449893405369,0.904944692031993,0.876491497152363,0.905050127384222,0.876358267853229,0.905280698264752
375,0.876876097334269,0.904881080481399,0.876587303461242,0.904795664504954,0.876613693063292,0.904921417644237,0.876479537008391,0.905152511535904
376,0.877019316214747,0.904730214223257,0.87672899315661,0.904647235894357,0.876741077367437,0.904787466831088,0.876606031868393,0.905019048360776
377,0.877168863865471,0.904568505552511,0.876879769951629,0.904493706160305,0.87687328882092,0.904648638809239,0.876737391095471,0.904880672866024
378,0.877316418677436,0.90440511368892,0.877031234572688,0.904343583377148,0.877009978548073,0.904505285098325,0.876873265703769,0.904737736842247
379,0.877468678738651,0.904232858414424,0.877189931515223,0.904190051625165,0.877150810181465,0.904357744731953,0.877013319200303,0.904590579602021
380,0.877620379254471,0.904058318218014,0.877349985608116,0.90403826031115,0.87729545994234,0.904206344176088,0.877157227666285,0.904439527897563
381,0.877775212847295,0.903877396729059,0.877515100523311,0.903884498406932,0.877443616666529,0.904051397301949,0.877304679783898,0.904284895892935
382,0.877931400885833,0.903692728535332,0.877682994946734,0.903730383502624,0.877594981780726,0.903893205408532,0.877455376813402,0.904126985185931
383,0.878088422168497,0.90350556504731,0.877852703319466,0.903576222854916,0.877749269233841,0.903732057290048,0.877609032525278,0.903966084874904
384,0.878249367057505,0.903312093791289,0.878027578808257,0.903419031781784,0.877906205387935,0.903568229343775,0.87776537309192,0.903802471666042
385,0.878409195126056,0.903119829941563,0.878201295140004,0.903263230668792,0.878065528873028,0.903401985714027,0.877924136943173,0.903636410016809
386,0.878572191881648,0.902923346505121,0.878378660453521,0.903104690254944,0.878226990409854,0.903233578468169,0.87808507458978,0.90346815231146
387,0.878735362635013,0.902727260453311,0.878555831834023,0.902945947980549,0.878390352604401,0.903063247800851,0.878247948418581,0.903297939064802
388,0.878899804708898,0.902530561831743,0.878733845818963,0.902785768828228,0.878555389717841,0.902891222262834,0.878412532463077,0.903125999150588
389,0.87906627625246,0.902332537231929,0.87891342009647,0.902623297427539,0.878721887415249,0.902717719011036,0.878578612152737,0.902952550051163
390,0.879233057109964,0.902136001023665,0.879092295985066,0.90245987615791,0.878889642496231,0.902542944076659,0.878745984044205,0.902777798125213
391,0.879402386936027,0.901938248518872,0.879272942294266,0.902293264062873,0.879058462610417,0.902367092648459,0.878914455537323,0.902601938890685
392,0.879570451150859,0.901744742395816,0.879450783628109,0.902126772554584,0.879228165960493,0.902190349368456,0.879083844578674,0.902425157320186
393,0.879739631649056,0.901552536235576,0.879628509456835,0.901958032700299,0.879398580995291,0.902012888637612,0.879253979355155,0.902247628146359
394,0.879910316021404,0.901361203433443,0.879806546677846,0.901786591814745,0.879569546095196,0.901834874929169,0.879424697979835,0.90206951617496
395,0.880081431328525,0.901172251573809,0.879983651132188,0.901613351941921,0.879740909251967,0.901656463107589,0.879595848172208,0.901890976603541
396,0.880253022273792,0.900985733178374,0.880159862971412,0.901438163384809,0.879912527744871,0.90147779875117,0.879767286934728,0.901712155343857
397,0.880424415479969,0.900802438961118,0.880334505537177,0.901261636657082,0.880084267814836,0.90129901847666,0.879938880227337,0.901533189346259
398,0.88059621937371,0.900621594318846,0.880508301105041,0.901083142333875,0.880256004338174,0.901120250264288,0.880110502641553,0.901354206924557
399,0.880768170414035,0.900443387167973,0.880681058475307,0.900902953110377,0.88042762050126,0.900941613781854,0.880282037075471,0.901175328079934
400,0.88094052035308,0.90026742839778,0.880853121528565,0.900720823473372,0.880599007477394,0.900763220706631,0.880453374410945,0.900996664822708
401,0.881114347212097,0.900092496801987,0.881025650405919,0.900535620149479,0.880770064106944,0.900585175043999,0.880624413194017,0.900818321490827
402,0.8812878072824,0.89992029627652,0.881196907429225,0.900349374950718,0.880940696581723,0.900407573441834,0.880795059319574,0.90064039506415
403,0.881459711569809,0.899751701597975,0.881365877455261,0.900163521475023,0.881110818134453,0.90023050549984,0.880965225721053,0.90046297547367
404,0.881629700823448,0.899586692635708,0.881532383659805,0.899978639473378,0.88128034873402,0.90005405407307,0.88113483206594,0.900286145904957
405,0.881801906494977,0.899421225979014,0.8817004947547,0.899790178956037,0.881449214787152,0.899878295569046,0.881303804457663,0.900109983095189
406,0.881970645478926,0.899260111637755,0.881864933825955,0.899604780182267,0.881617348847042,0.899703300237934,0.881472075144422,0.899934557623278
407,0.882139499953109,0.899099829921839,0.882029222617439,0.899418542327671,0.881784689329354,0.899529132455345,0.881639582235373,0.899759934192608
408,0.88230605808828,0.898942187231409,0.882191198889744,0.899234432440415,0.881951180235961,0.899355850997415,0.881806269424546,0.899586171906077
409,0.882472799557073,0.898784771302511,0.882353281542943,0.89904973658833,0.882116770886696,0.899183509307868,0.881972085722754,0.89941332453313
410,0.882639524325577,0.898627502549058,0.882515365230323,0.898864842587513,0.882281415659345,0.899012155756861,0.882136985197725,0.899241440768573
411,0.882804798792586,0.89847126712611,0.882676213286036,0.898681662788713,0.882445073738022,0.898841833891445,0.882300926722617,0.899070564483025
412,0.882973305764636,0.898311826934454,0.882840285917774,0.898494864728974,0.882607708870035,0.898672582677548,0.882463873733005,0.898900734964889
413,0.883134384092612,0.89815791761543,0.882997682406974,0.898317244864338,0.882769289131295,0.898504436733419,0.8826257939924,0.898731987153795
414,0.883292923880202,0.898005102450418,0.883153043368843,0.898143304182793,0.882929786700289,0.898337426554531,0.882786659366317,0.898564351865509
415,0.883452518631936,0.89785030328633,0.883309716015637,0.897968828737699,0.883089177640568,0.898171578729963,0.882946445604863,0.898397856008327
416,0.88360918258298,0.897696913907392,0.883463925169648,0.89779854523192,0.883247441691713,0.898006916150329,0.883105132133774,0.898232522791019
417,0.883764181551549,0.897543641530299,0.883616900882344,0.897631154745798,0.88340456206867,0.897843458207339,0.883262701853833,0.898068371922408
418,0.883917642467343,0.897390312793263,0.883768754441091,0.89746658651594,0.883560525269354,0.897681220985105,0.88341914094853,0.89790541980271
419,0.884069798298517,0.897236667124303,0.883919698081407,0.897304642481398,0.88371532089037,0.897520217443348,0.883574438699845,0.897743679706759
420,0.884220578509737,0.897082750704003,0.884069646646002,0.897145449445402,0.883868941450708,0.897360457592632,0.883728587311991,0.897583161959287
421,0.884370334452062,0.896928223141929,0.88421892289134,0.896988653048925,0.884021382223226,0.897201948661837,0.883881581742938,0.897423874102423
422,0.88451855751227,0.896773635699047,0.884366998843467,0.896834800420314,0.884172641073746,0.897044695258013,0.884033419543552,0.897265821055594
423,0.884665629823081,0.896618675312147,0.88451422018317,0.896683456759203,0.884322718307563,0.896888699518857,0.884184100704127,0.897109005268041
424,0.88481131701628,0.896463698434605,0.884660316348233,0.896534806722455,0.884471616523157,0.896733961257978,0.884333627508128,0.89695342686413
425,0.884955756707816,0.896308695735056,0.884805386629707,0.89638862524194,0.884619340472902,0.896580478103199,0.884482004392919,0.896799083781697
426,0.885099074056997,0.896153684262855,0.884949518604211,0.896244684769992,0.884765896930551,0.896428245628078,0.884629237817263,0.896645971903624
427,0.885241967153815,0.895998035844825,0.885093381817954,0.896102193310013,0.884911294565284,0.896277257476902,0.884775336135381,0.89649408518288
428,0.885384435186628,0.895841909729692,0.885236942136345,0.895961039205497,0.885055543822077,0.896127505483353,0.884920309477331,0.896343415761237
429,0.885526069549191,0.895685970288503,0.885379754130733,0.895821466298537,0.885198656808197,0.895978979783082,0.885064169635499,0.896193954081903
430,0.885664824810859,0.895532862124023,0.885519708718529,0.895685190994729,0.885340647185571,0.895831668920413,0.885206929956976,0.896045688996271
431,0.885802930609411,0.8953801719139,0.885659066513271,0.895549948928258,0.885481530068828,0.895685559949393,0.885348605241592,0.895898607865035
432,0.88593967205076,0.895228912457312,0.885797077599274,0.895416257152514,0.885621321928779,0.895540638529422,0.885489211645391,0.895752696653864
433,0.886075184176288,0.895079121940092,0.885933865682063,0.895283816139692,0.885760040501134,0.895396889015662,0.885628766589334,0.895607940023877
434,0.886209679720165,0.894930722935884,0.88606964088648,0.895152268719688,0.88589770470022,0.895254294544461,0.88576728867301,0.895464321417118
435,0.886343417083108,0.894783570712519,0.886204664151663,0.895021223914623,0.886034334537509,0.895112837113983,0.885904797593149,0.895321823137244
436,0.886478062557472,0.894635838230529,0.886340638307373,0.894889005922451,0.88616995104474,0.894972497660264,0.886041314066724,0.895180426425642
437,0.886609770431376,0.894492249888596,0.886473628310083,0.894758993116434,0.886304576201437,0.894833256128891,0.886176859758449,0.89504011153316
438,0.886740563107502,0.894350564605867,0.886605727467188,0.894629161720017,0.886438232866619,0.894695091542497,0.886311457212475,0.894900857787663
439,0.886870984345756,0.894210195229304,0.886737508373378,0.894498935465018,0.886570944714527,0.894557982064276,0.886445129788086,0.894762643657603
440,0.887000118483895,0.894072263970434,0.886868043632922,0.894369105833728,0.88670273617416,0.894421905057688,0.886577901599218,0.894625446811785
441,0.887128086400008,0.893936686592376,0.886997471468117,0.894239492594334,0.886833632372455,0.89428683714255,0.886709797457606,0.894489244175511
442,0.887255555887133,0.893802737990462,0.887126491253671,0.894109404930821,0.886963659080933,0.894152754247677,0.886840842819409,0.894354011983282
443,0.887382521433084,0.893670440222513,0.887255109626396,0.893978819580436,0.88709284266563,0.89401963166026,0.886971063735109,0.894219725828231
444,0.887509628360744,0.893539114346471,0.887383999789429,0.893847055160249,0.887221210040163,0.893887444072122,0.88710048680255,0.894086360708432
445,0.887635123180459,0.893410604360418,0.887511371342817,0.893715930687766,0.887348788621769,0.893756165623032,0.88722913912294,0.893953891070275
446,0.887760133948336,0.893283678599449,0.887638392155913,0.893584312905705,0.887475606290148,0.893625769941219,0.887357048259671,0.893822290849037
447,0.887885140456014,0.893157786814096,0.887765564926327,0.893451737649371,0.887601691348982,0.893496230181247,0.887484242199801,0.893691533506806
448,0.888008605711784,0.893034388621303,0.887891303847467,0.893319960737031,0.887727072489979,0.893367519059373,0.887610749318063,0.8935615920679
449,0.888131332106249,0.892912578186605,0.888016428961539,0.89318822064781,0.887851778759299,0.893239608886555,0.887736598343257,0.893432439151925
450,0.888253296448409,0.892792268761085,0.888140909487315,0.893056656168969,0.887975839526231,0.893112471599214,0.887861818326898,0.893304047004596
451,0.888375465181296,0.892672432722145,0.888265735668819,0.89292428580427,0.888099284454002,0.892986078787904,0.88798643861398,0.893176387526454
452,0.888495433386311,0.892555213335018,0.888388388608751,0.892794012691206,0.888222143472581,0.892860401723993,0.88811048881575,0.893049432299609
453,0.888615994698205,0.892437873023879,0.88851174742889,0.892662765840854,0.888344446753364,0.892735411384493,0.888233998784354,0.892923152612614
454,0.888735523172083,0.892321816430417,0.888634102335519,0.892532549302025,0.888466224685626,0.892611078475138,0.888356998589256,0.892797519483603
455,0.888854979680146,0.892206031374573,0.888756420908941,0.892402406809332,0.888587507854638,0.89248737345183,0.888479518495305,0.892672503681783
456,0.888973520493723,0.892091177875173,0.888877793040093,0.892273468033145,0.888708327021315,0.892364266540562,0.88860158894236,0.892548075747413
457,0.889091865402831,0.891976489353169,0.888998935958848,0.892145035180235,0.888828713103326,0.892241727755911,0.888723240526349,0.892424206010344
458,0.889209843650983,0.891862029606653,0.889119641674114,0.892017430248996,0.888948697157542,0.892119726918213,0.888844503981684,0.892300864607248
459,0.889327369894824,0.891747785637231,0.889239787174205,0.891890879393407,0.889068310363733,0.891998233669502,0.888965410164919,0.892178021497609
460,0.889445405286078,0.891632798444264,0.889360343255691,0.891764380984618,0.889187584009432,0.891877217488331,0.889085990039565,0.892055646478584
461,0.889563827159853,0.891517106908218,0.889481150973743,0.891638186356244,0.88930654947585,0.891756647703527,0.889206274661977,0.891933709198821
462,0.889680811285381,0.891402336532202,0.889600279936454,0.891514479772033,0.889425238224786,0.891636493507007,0.889326295168211,0.891812179171315
463,0.889798161335234,0.891286764146438,0.889719575324298,0.891391291567972,0.889543681786417,0.891516723965714,0.889446082761784,0.891691025785397
464,0.889914855326935,0.891171348054026,0.889837968113263,0.891269778801684,0.889661911747914,0.891397308032766,0.889565668702237,0.891570218317929
465,0.890032060264693,0.891054961643057,0.889956644387798,0.891148694050365,0.889779959742781,0.891278214557897,0.88968508429444,0.891449725943796
466,0.890149005873355,0.890938347106205,0.890074801492277,0.891028885422182,0.889897857440849,0.891159412297265,0.889804360878539,0.89132951774576
467,0.890266892078214,0.890820333413561,0.890193654737738,0.89090909567581,0.890015636538846,0.891040869922708,0.889923529820485,0.891209562723765
468,0.89038473270535,0.890701905490183,0.890312193664523,0.890790354962982,0.890133328751475,0.890922556030524,0.890042622503066,0.891089829803761
469,0.890502449869614,0.890583173260088,0.890430343755028,0.890672710411787,0.890250965802911,0.890804439149842,0.890161670317365,0.890970287846129
470,0.890619521860322,0.89046471677749,0.890547596139829,0.890556617270487,0.890368579418661,0.89068648775066,0.890280704654569,0.890850905653762
471,0.890737602111628,0.890344909084528,0.890665631168499,0.890440363150529,0.890486201317701,0.890568670251633,0.890399756898066,0.890731651979895
472,0.890856309454342,0.890224186925175,0.890784079478339,0.890324268832325,0.890603863204834,0.890450955027653,0.890518858415758,0.890612495535745
473,0.890975300802037,0.890102963917313,0.890902621145299,0.890208588624186,0.890721596763185,0.890333310417328,0.890638040552503,0.890493404998023
474,0.891093320785058,0.889982619845617,0.891020047166205,0.890094402854166,0.890839433646769,0.890215704730401,0.890757334622647,0.890374349016409
475,0.891213325575622,0.889860133734681,0.891139321105907,0.889978833784096,0.890957405473065,0.890098106255193,0.890876771902545,0.890255296221034
476,0.891332947790886,0.889738046209283,0.891258130888171,0.8898640050595,0.891075543815523,0.889980483266131,0.89099638362302,0.890136215230063
477,0.891452840201903,0.88961575406342,0.891377169741019,0.889749180959109,0.891193880195931,0.889862804031448,0.891116200961685,0.890017074657433
478,0.891571638321457,0.889494759275862,0.891495141078207,0.889635497527308,0.891312446076579,0.889745036821098,0.891236255035056,0.88989784312082
479,0.891691386927656,0.889372967636901,0.891614100926629,0.889520980771872,0.891431272852142,0.889627149914987,0.891356576890386,0.889778489249914
480,0.891811962614528,0.889250559655996,0.891733958152263,0.889405666837,0.891550391841215,0.889509111611564,0.891477197497154,0.889658981695056
481,0.891932660844249,0.889128337441942,0.891854060227399,0.889290095524312,0.891669834277421,0.88939089023687,0.891598147738117,0.889539289136336
482,0.892054359157924,0.88900544084997,0.891975317334129,0.889173361977884,0.891789631300032,0.8892724541541,0.891719458399881,0.889419380293198
483,0.892175752563276,0.888883272613246,0.892096478566497,0.88905658138735,0.891909813944002,0.889153771773763,0.891841160162885,0.889299223934649
484,0.89229780879918,0.888760866745543,0.892218541558025,0.888938780392246,0.892030413129366,0.889034811564516,0.891963283590747,0.889178788890136
485,0.892419973202795,0.888638817429776,0.892340982548648,0.888820422649402,0.892151459649902,0.888915542064743,0.892085859118867,0.889058044061177
486,0.892542709531453,0.888516670076238,0.892464289667058,0.888701024124696,0.892272984160982,0.888795931894975,0.892208917042232,0.888936958433823
487,0.892666264782533,0.888394189460248,0.892588731227431,0.888580313313985,0.892395017166539,0.888675949771223,0.892332487502321,0.888815501092039
488,0.892789853888436,0.888272174351897,0.892713530413896,0.888459016326321,0.892517589005047,0.888555564519305,0.892456600473035,0.888693641232077
489,0.892914188739817,0.888149910324967,0.892839417309849,0.888336431288256,0.89264072983444,0.888434745090271,0.892581285745555,0.888571348177951
490,0.893039359059124,0.888027302299594,0.892966487589212,0.888212469916335,0.892764469615873,0.888313460577004,0.892706572912047,0.888448591398078
491,0.893165118106762,0.887904581142351,0.893094485534237,0.88808738722975,0.89288883809623,0.888191680232091,0.892832491348114,0.888325340523203
492,0.893291193262356,0.887781989598672,0.893223117959299,0.887961484444018,0.893013864789286,0.888069373487069,0.892959070193893,0.888201565365689
493,0.893418064797148,0.887659032221449,0.893352863525315,0.88783431697847,0.893139578955418,0.887946509973145,0.893086338333713,0.888077235940279
494,0.893545671488581,0.887535736690624,0.893483636155701,0.887705995782483,0.893266009579765,0.887823059543477,0.893214324374191,0.887952322486434
495,0.893673943914943,0.887412132493509,0.893615332279135,0.887576653001452,0.893393185348727,0.887698992297158,0.893343056620666,0.887826795492355
496,0.893802472178579,0.887288565697843,0.893747482896403,0.887446786624047,0.893521134624685,0.88757427860498,0.893472563051863,0.887700625720794
497,0.893931489427521,0.88716476906206,0.893880289978415,0.887316232725747,0.893649885418845,0.887448889137109,0.893602871292663,0.887573784236783
498,0.894061400472227,0.887040319565351,0.894014139599436,0.887184642645382,0.893779465362053,0.887322794892802,0.893734008584868,0.887446242437389
499,0.894190894579018,0.886916400079133,0.894147594079877,0.887053483043758,0.893909901673496,0.887195967232269,0.89386600175582,0.887317972083625
500,0.89432145617551,0.886791577491574,0.894282178373725,0.886921267972631,0.894041221127119,0.887068377910825,0.893998877184768,0.887188945334649
501,0.894453576167757,0.886665362676025,0.894418374968386,0.886787547230735,0.894173450015662,0.88693999911546,0.894132660766822,0.887059134784379
502,0.894586675744823,0.886538255605965,0.894555515873183,0.88665302064598,0.894306614112138,0.886810803503973,0.894267377874375,0.886928513500672
503,0.894720837189319,0.886410137115534,0.89469363180182,0.88651769003689,0.894440738628646,0.886680764246802,0.89440305331584,0.886797055067198
504,0.894855954018246,0.886281070952119,0.894832561857229,0.886381742138293,0.894575848172337,0.886549855071715,0.89453971129155,0.886664733628176
505,0.894992530952536,0.886150556753588,0.894972797525136,0.88624471251917,0.894711966698398,0.886418050311505,0.894677375346667,0.88653152393611
506,0.895130158103457,0.886018950748929,0.895113865298986,0.886107090507655,0.894849117459885,0.886285324954853,0.89481606832095,0.886397401402701
507,0.895270261744096,0.88588489510483,0.895257225986067,0.885967454096471,0.894987322954239,0.886151654700533,0.894955812295192,0.886262342153088
508,0.895410292745381,0.885750757624251,0.895400169134785,0.88582848579746,0.895126604866318,0.886017016015117,0.895096628534181,0.886126323083595
509,0.895553086594253,0.885613856405055,0.895545626969266,0.8856873163407,0.895266984007758,0.885881386194363,0.895238537425993,0.885989321923162
510,0.895696682387408,0.885476033398406,0.895691540221938,0.885545966286107,0.895408480252493,0.885744743428476,0.895381558417431,0.88585131729864
511,0.895841713540541,0.88533667988823,0.895838545624665,0.885403814107034,0.895551112468237,0.885607066871412,0.895525709945437,0.885712288804137
512,0.895988101111519,0.885195872182088,0.895986556437255,0.885260938765286,0.895694898443739,0.885468336714437,0.895671009364267,0.885572217074612
513,0.896135571816279,0.885053874658561,0.89613529350291,0.885117600389153,0.895839854811607,0.885328534264126,0.895817472868248,0.885431083863906
514,0.89628422254309,0.884910603497857,0.896284864244405,0.884973681348856,0.895985996966509,0.885187642025015,0.895965115409898,0.885288872127426
515,0.896434542197403,0.884765602932552,0.896435776068984,0.884828680254728,0.896133338978531,0.885045643787093,0.896113950613207,0.885145566109672
516,0.896586382486662,0.884619027954784,0.896587892514135,0.884682713549931,0.89628189350149,0.884902524718381,0.896263990681882,0.885001151436838
517,0.896738953513161,0.884471651586688,0.896740443865927,0.884536495513679,0.896431671675977,0.884758271462772,0.896415246302308,0.884855615214682
518,0.896892071906038,0.884323667301791,0.896893283425311,0.884390139781479,0.896582683026925,0.884612872243385,0.896567726541045,0.884708946131901
519,0.89704662441646,0.884174239288692,0.897047330484376,0.884242751027881,0.896734935355463,0.88446631697163,0.896721438736608,0.884561134569215
520,0.897203235877605,0.884022783968109,0.89720323304107,0.8840936984996,0.896888434624853,0.884318597362217,0.89687638838533,0.884412172714395
521,0.897360747492492,0.883870440446214,0.897359878906386,0.88394401362705,0.897043184840269,0.884169707054339,0.897032579021065,0.884262054683455
522,0.897519474422917,0.883716920359559,0.897517624850723,0.883793333983116,0.897199187922202,0.884019641739233,0.89719001208853,0.884110776648225
523,0.897679507140492,0.883562153283674,0.897676602938986,0.883641514616847,0.89735644357327,0.883868399294363,0.897348686810039,0.883958336970536
524,0.897842362954464,0.883404688006286,0.897838343739153,0.883487094910629,0.89751494913821,0.883715979924427,0.897508600045428,0.883804736343233
525,0.898005112874408,0.883247377389665,0.898000013640717,0.883332726776112,0.897674699456832,0.883562386309419,0.897669746144944,0.883649977938224
526,0.898168881913021,0.883089141287313,0.898162773720075,0.883177290961101,0.897835686709731,0.883407623759947,0.897832116794894,0.883494067561792
527,0.898333857461959,0.882929809492672,0.898326845541224,0.883020567833487,0.897997900256554,0.883251700380011,0.897995700855848,0.883337013817357
528,0.898499765614855,0.88276965694486,0.898491995502261,0.882862766334071,0.89816132646661,0.883094627237442,0.898160484193194,0.883178828275892
529,0.898666620930645,0.882608676963631,0.898658272872796,0.882703828935519,0.89832594854167,0.882936418542177,0.898326449499879,0.883019525654168
530,0.898835415952859,0.882445919430221,0.898826688202221,0.88254279306733,0.898491746330757,0.882777091832541,0.898493576111156,0.882859124001002
531,0.899004540482447,0.882282941500723,0.898995677346122,0.88238113142624,0.898658696136797,0.882616668169695,0.898661839811177,0.882697644891657
532,0.899175681138323,0.882118120434539,0.899166941653257,0.88221722627515,0.898826770514986,0.882455172340371,0.898831212631328,0.882535113630526
533,0.899346860308579,0.881953358145344,0.899338532358005,0.88205292439205,0.898995938062761,0.88229263306801,0.899001662640158,0.88237155946221
534,0.899519121152346,0.881787647002498,0.899511506072869,0.881887220747692,0.899166163201302,0.882129083232389,0.899173153724851,0.882207015791072
535,0.899691881865548,0.88162154121213,0.899685285144753,0.881720669063725,0.899337405948506,0.881964560097782,0.899345645364172,0.882041520409315
536,0.899865814557056,0.881454391814743,0.899860546126082,0.881552630025493,0.899509621683408,0.88179910554968,0.899519092392879,0.881875115733616
537,0.900039533686038,0.881287516962725,0.900035884291632,0.88138444799268,0.899682760902084,0.881632766340047,0.899693444757604,0.881707849050269
538,0.900214574315802,0.881119441427956,0.900212844029261,0.881214656581918,0.899856768965088,0.881465594341045,0.899868647264296,0.8815397727688
539,0.90038945755149,0.88095157035066,0.900389905611241,0.881044716377612,0.900031585836544,0.881297646807111,0.900044639317317,0.881370944683912
540,0.900565498538813,0.880782640350539,0.900568389880431,0.880873373296965,0.900207145815059,0.881128986645225,0.900221354650375,0.88120142824561
541,0.900741602070971,0.88061368831674,0.900747152113688,0.880701732637806,0.900383377256697,0.880959682693126,0.90039872104952,0.881031292837257
542,0.900918458016258,0.8804440480497,0.900926871269192,0.880529153578594,0.900560202290301,0.880789810005185,0.900576660068504,0.880860614061276
543,0.901095079102534,0.880274651380157,0.901106499657249,0.880356649097853,0.900737536525537,0.880619450145556,0.900755086736888,0.880689474032107
544,0.901271912380381,0.880105064625449,0.901286462733379,0.880183820397921,0.90091528875414,0.88044869148815,0.900933909261335,0.880517961675972
545,0.901449192183743,0.879935060852343,0.901466967586767,0.880010479995473,0.901093360644867,0.880277629522887,0.901113028720656,0.880346173036902
546,0.901626931657895,0.879764623924434,0.901647989494965,0.879836662137881,0.901271646432847,0.880106367167569,0.901292338755244,0.880174211588364
547,0.901805768670158,0.87959314461642,0.901830148829847,0.879661783193987,0.901450032604039,0.879935015084646,0.901471725251653,0.880002188549756
548,0.901983471917012,0.879422739795006,0.902011092153162,0.879488104432932,0.901628397575697,0.879763692001982,0.901651066023177,0.879830223206889
549,0.902160456608852,0.879253008883383,0.902191210490442,0.879315253395444,0.901806611373811,0.879592525036647,0.901830230487452,0.879658443235458
550,0.90233690979884,0.87908377724948,0.902370668426985,0.879143078914131,0.901984535308661,0.879421650020594,0.902009079342171,0.879486985026396
551,0.902513489812348,0.878914424536128,0.902550114391292,0.878970969138584,0.902162021649758,0.879251211826968,0.902187464240206,0.879315994011811
552,0.902688641038292,0.878746436147578,0.902727908067736,0.878800498836647,0.902338913301575,0.879081364695606,0.902365227465566,0.879145624990105
553,0.902862703054038,0.878579492579331,0.902904370732282,0.87863136254136,0.902515043481681,0.878912272556156,0.902542201611749,0.878976042448674
554,0.90303599816204,0.878413296711631,0.903079811978771,0.878463270096331,0.902690235403014,0.878744109347044,0.902718209264287,0.878807420882437
555,0.903208709943935,0.878247685089509,0.903254396203719,0.878296071723492,0.902864301962249,0.87857705932835,0.902893062689398,0.878639945106235
556,0.903379422851184,0.878084016210943,0.903426656633526,0.878131170571323,0.90303704543639,0.878411317386468,0.90306656353089,0.878473810558988
557,0.903548066789745,0.87792236572203,0.903596514044147,0.877968642236292,0.903208257189917,0.878247089328198,0.903238502517658,0.878309223597254
558,0.90371526188006,0.877762157129802,0.903764594899244,0.877807894981187,0.903377717395032,0.878084592161746,0.903408659184307,0.878146401775655
559,0.903878229482237,0.877606051179652,0.903928095939735,0.877651599594819,0.903545194767766,0.877924054361858,0.903576801607667,0.877985574111415
560,0.904039977695554,0.877451195375624,0.904090057680146,0.877496867101924,0.903710446322916,0.877765716116124,0.903742686162174,0.877826981330013
561,0.904198134781657,0.877299869874684,0.90424810436074,0.877345967667602,0.903873217151033,0.877609829549223,0.903906057297344,0.877670876088766
562,0.904353107535138,0.877151699955774,0.904402658415772,0.877198503743953,0.904033240220879,0.877456658921695,0.904066647340747,0.877517523174884
563,0.904503944781685,0.877007606524681,0.904552793643606,0.877055362203281,0.904190236211041,0.877306480799561,0.904224176330175,0.87736719967433
564,0.904651562232655,0.876866735721871,0.904699436898847,0.87691567472676,0.904343913374582,0.877159584190886,0.904378351878898,0.877220195107607
565,0.904794967547608,0.876730050027116,0.904841625432075,0.876780367768353,0.90449396744086,0.877016270645173,0.904528869078124,0.877076811528313
566,0.904933729024053,0.876597974330726,0.904978961755545,0.876649829012444,0.90464008155887,0.876876854311231,0.904675410441027,0.876937363580137
567,0.905068871390842,0.87646955770558,0.905112467828773,0.876523110392044,0.904781926286651,0.876741661948967,0.904817645892885,0.876802178507745
568,0.905197191850527,0.876347846868929,0.905239050925069,0.876403147211576,0.904919159631524,0.876611032890329,0.904955232812098,0.876671596116764
569,0.905321027394817,0.876230647131088,0.905361016148668,0.87628778190416,0.9050514271461,0.876485318944483,0.905087816127021,0.876545968677969
570,0.905437789520698,0.876120419147991,0.905475876913561,0.87617937844971,0.90517836208514,0.876364884242119,0.905215028473705,0.876425660770544
571,0.905549563305104,0.876015221224886,0.905585669764429,0.876076048260784,0.905299585628515,0.876250105013638,0.90533649041978,0.876311049059199
572,0.905653733271294,0.875917530258313,0.905687891731224,0.87598016625172,0.905414707175587,0.87614136929592,0.905451810759816,0.876202521999814
573,0.905750403074546,0.875827260637118,0.905782676046673,0.875891628567829,0.905523324716405,0.876039076562253,0.905560586887546,0.876100479468203
574,0.905840051780723,0.875743992461073,0.905870490069381,0.875810035325202,0.905625025285135,0.875943637270008,0.905662405250388,0.876005332306597
575,0.905921058703454,0.875669252898568,0.905949793929617,0.875736848297355,0.905719385501114,0.875855472320686,0.905756841891622,0.875917501782443
576,0.905994073848246,0.875602469516875,0.906021218644085,0.875671523943605,0.905805972202818,0.87577501242702,0.905843463085562,0.875837418954235
577,0.906057752277609,0.875544905329639,0.906083483136615,0.875615277341334,0.905884343179915,0.875702697381977,0.905921826070842,0.875765523939202
578,0.906112009035332,0.87549666733804,0.906136510057346,0.875568220891782,0.90595404800833,0.875638975224739,0.905991479886779,0.875702265077938
579,0.906156390895311,0.87545820383926,0.906179859481484,0.875530802494167,0.906014628992969,0.875584301298983,0.906051966317443,0.875648097991313
580,0.906190273441927,0.87543011141848,0.906212926751486,0.875503611385391,0.906065622222366,0.875539137199229,0.906102820947707,0.875603484525404
581,0.906213407933045,0.875412665864358,0.906235458681194,0.875486939868049,0.906106558739071,0.875503949601422,0.906143574335075,0.875568891580657
582,0.90622506145491,0.875406544815224,0.90624673793342,0.875481457870282,0.906136965829004,0.875479208974517,0.906173753300533,0.875544789822012
583,0.90622491676396,0.875412090777889,0.906246437292867,0.87548752786634,0.906156368432367,0.87546538817048,0.906192882341009,0.875531652267433
584,0.906212481552357,0.875429785225768,0.906234056986688,0.875505644485324,0.906164290677942,0.875462960890883,0.906200485165241,0.875529952753024
585,0.906187343879393,0.875460007346335,0.906209171934871,0.87553619838134,0.906160257541699,0.875472400029151,0.906196086354019,0.875540164273775
586,0.906148917027217,0.875503399900854,0.906171180965639,0.875579860097862,0.906143796629701,0.875494175888487,0.906179213144738,0.8755627572
587,0.906096933840139,0.875560182205815,0.906119791932822,0.8756368620625,0.906114440084149,0.875528754276617,0.906149397339141,0.875598197370586
588,0.906030871340066,0.875630891753575,0.906054459277948,0.875707763896776,0.90607172661026,0.875576594479685,0.906106177331909,0.875646944065398
589,0.905950084548592,0.875716191133841,0.905974517762566,0.875793249776371,0.906015203620306,0.875638147118939,0.906049100256436,0.875709447860507
590,0.905854474576797,0.875816156869893,0.905879829628984,0.875893415483919,0.905944429489765,0.875713851895272,0.905977724242745,0.875786148371276
591,0.905743882896005,0.875930941956388,0.905770195836159,0.876008435795849,0.905858975919029,0.875804135228183,0.905891620780944,0.875877471889911
592,0.905617410793045,0.876061474994651,0.905644697572586,0.876139260859276,0.905758430392481,0.875909407797314,0.905790377182081,0.875983828925619
593,0.905474873447519,0.876207939780437,0.905503114235778,0.876286091322147,0.905642398725149,0.876030061996386,0.905673599126557,0.876105611657212
594,0.905315648998878,0.876370972252677,0.905344794607404,0.876449580064829,0.905510507685377,0.876166469311076,0.905540913288545,0.87624319130971
595,0.90513949449541,0.876550819382999,0.905169459392133,0.876629988346705,0.90536240768022,0.87631897763413,0.90539197002311,0.876396915468241
596,0.904947732684738,0.876746133666759,0.904978370679446,0.876825977638811,0.905197775488488,0.876487908532791,0.90522644610096,0.876567105344332
597,0.904735964015946,0.876961399689306,0.904767151413842,0.877042061825799,0.905016317024609,0.876673554485365,0.905044047473955,0.876754053011419
598,0.904510067751727,0.877190645980143,0.904541590610035,0.877272242511641,0.90481777011474,0.876876176105506,0.904844512052834,0.876958018628165
599,0.904265516012507,0.877438475268823,0.904297163511703,0.877521160862202,0.90460190726489,0.877095999374442,0.90462761247689,0.877179227669828
600,0.904004015326351,0.877703165062862,0.904035552320669,0.8777870808385,0.904368538399275,0.877333212902933,0.904393158853795,0.87741786818947
601,0.903723885674796,0.877986422785361,0.903755065894159,0.878071718908378,0.90411751354565,0.877587965246221,0.904141001446338,0.877674088132268
602,0.90342613987133,0.878287231217162,0.90345670213645,0.878374043437371,0.903848725443123,0.877860362296444,0.90387103328154,0.87794799272744
603,0.903110563591539,0.878605813030889,0.903140234296044,0.878694274434295,0.903562112046863,0.878150464778135,0.903583192656572,0.87823964198337
604,0.90277778702041,0.878941537289286,0.902806286808038,0.879031770490386,0.903257658903295,0.878458285873187,0.903277465515033,0.878549048312366
605,0.902427566209665,0.879294654589434,0.902454613065637,0.87938677839938,0.902935401368786,0.878783789002295,0.902953887666602,0.878876174312048
606,0.902057689413035,0.879667400211779,0.902082994142901,0.879761541310287,0.902595426644583,0.879126885790114,0.902612546822814,0.879220930730598
607,0.901671855562486,0.88005604722425,0.90169516105427,0.880152282540329,0.902237875600827,0.879487434241307,0.902253584421743,0.879583174643094
608,0.901267938352918,0.880462739089315,0.90128897791753,0.880561159632305,0.901862944362882,0.879865237154246,0.901877197214873,0.879962707865658
609,0.900847608193619,0.880885792484197,0.900866142250615,0.880986463285245,0.901470885634047,0.880260040798305,0.901483638590164,0.880359275633378
610,0.900407584105258,0.881328512589893,0.900423357773257,0.8814315155845,0.901062009729915,0.880671533879477,0.901073219606602,0.880772565566748
611,0.899954478806803,0.881784234666555,0.899967326696073,0.881889577854571,0.900636685301251,0.881099346817447,0.900646309717087,0.881202206949742
612,0.899487580274219,0.882253667648721,0.899497343347455,0.882361373099166,0.90019533972431,0.881543051355206,0.900203337158559,0.881647770340629
613,0.899001205236409,0.882742532724062,0.899007677398708,0.882852664305701,0.899738459139909,0.882002160519888,0.899744788990703,0.882108767534196
614,0.898500860269223,0.883245283273989,0.898503934348177,0.88335783217907,0.899266588125432,0.882476128950661,0.899271210767369,0.882584651891216
615,0.897984505779019,0.883763962492684,0.897984079409568,0.883878927746292,0.898780328987105,0.882964353606332,0.898783205828065,0.883074819047823
616,0.89745907061873,0.88429158723895,0.897455147032855,0.884408916573663,0.898280340663435,0.883466174861775,0.898281434200404,0.883578608013898
617,0.896921978299158,0.88483073821912,0.896914539984982,0.884950418158665,0.89776733723452,0.883980877998486,0.897766611108222,0.884095302665747
618,0.896376723334401,0.885377895222163,0.896365807186577,0.885499894723646,0.897242086036046,0.884507695090432,0.897239505084165,0.884624133634273
619,0.895818405991498,0.885937980224781,0.895804010361282,0.886062299211732,0.896705405381047,0.885045807282158,0.896700935689836,0.885164280585547
620,0.895250456381577,0.886507541496077,0.895232651581201,0.886634137383585,0.896158161896924,0.885594347451602,0.896151770851002,0.88571487488627
621,0.89467875625727,0.887080658202668,0.894657699826664,0.887209457192313,0.895601267489719,0.886152403245692,0.895592923819852,0.886275002642145
622,0.894093948068481,0.887666722008538,0.894069703373359,0.887797718456734,0.895035675952079,0.886719020472231,0.895025349780759,0.886843708092683
623,0.893504606548088,0.888257119903715,0.893477349354502,0.888390245308037,0.894462379235779,0.887293206827246,0.894450042120406,0.887419997341604
624,0.892902967175593,0.888859633565722,0.89287281468589,0.88899486540597,0.893882403413853,0.887873935932735,0.89386802838736,0.888002842397729
625,0.892307516480786,0.889455711027323,0.892274756927061,0.889592947666321,0.893296804361429,0.888460151655719,0.893280365970174,0.88859118549728
626,0.891703555107022,0.890060083237796,0.891668322312753,0.89019934441304,0.892706663188006,0.88905077267587,0.892688137526779,0.889183943674846
627,0.891088933407943,0.890674906081807,0.891051364441902,0.890816194729305,0.892113081457235,0.889644697265646,0.892092446201251,0.8897800135469
628,0.890476683310826,0.891287120662936,0.890437026500911,0.891430370595735,0.89151717623312,0.890240808244029,0.891494410666859,0.890378276268978
629,0.889871807406053,0.89189171221462,0.889830303643195,0.892036893069315,0.890920074993908,0.890837978062586,0.890895160036701,0.890977602625201
630,0.889265373192961,0.89249762194503,0.889222166230585,0.892644783372646,0.890322910456756,0.89143507398077,0.890295828685027,0.891576858207056
631,0.888659602070412,0.893102635988453,0.888614843860305,0.893251804189878,0.889726815357496,0.892030963286151,0.889697551023575,0.89217490863709
632,0.888055270144417,0.89370598198455,0.888009117739383,0.893857168076428,0.889132917230415,0.892624518514643,0.889101456277866,0.892770624792579
633,0.887458490809076,0.894301557193304,0.887411109131178,0.894454753574033,0.888542333232998,0.893214622625789,0.888508663308428,0.893362887984212
634,0.886873387494675,0.894885252812384,0.886824911105808,0.895040467139661,0.887956165059941,0.893800174088796,0.887920275521257,0.893950595045462
635,0.886293546068965,0.895463478665733,0.886244052435029,0.895620765929655,0.887375493989515,0.894380091836239,0.887337375910634,0.894532663289551
636,0.885716559294516,0.896038643598686,0.885666119005598,0.896198045734167,0.886801376103556,0.894953320044142,0.886761022275579,0.895108035292698
637,0.885148736372918,0.896604466749222,0.885097432380502,0.896765975235898,0.886234837719998,0.895518832699556,0.886192242648877,0.895675683464754
638,0.884593886016654,0.897157162831465,0.88454177380929,0.897320767065828,0.885676871073994,0.89607563791954,0.885632030974744,0.896234614371118
639,0.884052323339869,0.897696428661982,0.883999412918394,0.897862142583448,0.885128430280376,0.896622781988822,0.8850813430679,0.896783872773204
640,0.88351805855456,0.898228234800869,0.883464322709336,0.898396105371405,0.884590427606533,0.89715935308706,0.884541092883139,0.897322545358347
641,0.882999706718371,0.898744021715552,0.882945121863947,0.898914032681311,0.884063730080765,0.897684484680626,0.884012149120472,0.897849764134085
642,0.88249039181015,0.899250636579834,0.882434892876812,0.899422814204573,0.883549156456957,0.898197358558075,0.883495332186705,0.898364709465959
643,0.881998495224934,0.899739757502865,0.881942018797021,0.899914069568514,0.883047474552031,0.89869720749284,0.882991411529917,0.898866612742356
644,0.881522595431977,0.90021280764239,0.881465041642409,0.900389243768512,0.882559398968145,0.899183317521186,0.882501103358822,0.89935475865444
645,0.881060982150041,0.900671493903521,0.881002224984939,0.900850054321059,0.882085589207135,0.899655029827909,0.882025068754524,0.899828487083632
646,0.880613272069464,0.90111620399552,0.880553173905646,0.901296877138779,0.881626648180285,0.900111742236706,0.881563912177746,0.900287194593583
647,0.880180428781641,0.901545987454438,0.880118846581522,0.901728741440126,0.881183121112213,0.900552910306423,0.881118180370357,0.900730335527819
648,0.879769945262716,0.901953414001022,0.879706762946723,0.902138164379906,0.880755494833594,0.900978048038444,0.880688361645887,0.901157422718356
649,0.87937735083579,0.90234292496185,0.879312404317153,0.902529638948121,0.880344197453602,0.901386728204366,0.880274885559951,0.901568027814386
650,0.879001096703059,0.902716059564548,0.878934206264856,0.902904707911953,0.879949598399403,0.901778582306587,0.879878122947897,0.901961781243705
651,0.878641093499125,0.903072907906339,0.878572084423393,0.903263441866917,0.87957200880687,0.902153300187661,0.879498386313857,0.902338371822716
652,0.878300429431473,0.903410407409804,0.878229166909076,0.903602740288486,0.879211682243845,0.902510629307089,0.879135930552534,0.902697546033685
653,0.877978445408573,0.903729209889042,0.877904791028299,0.903923263499132,0.878868815744843,0.902850373706632,0.878790953982603,0.903039106990347
654,0.877675113734968,0.904029339793401,0.877598934055603,0.904225037828123,0.878543551134085,0.903172392687281,0.878463599668635,0.903362913114993
655,0.877390271432306,0.904310954346641,0.877311441379477,0.904508220553509,0.878235976612112,0.903476599222606,0.878153957006768,0.903668876551785
656,0.877124701044816,0.904573272911618,0.877043126149398,0.904772022180126,0.877946128580042,0.90376295813444,0.877862063548203,0.903956961342238
657,0.876875404677722,0.904819256812059,0.876790945950465,0.905019430632538,0.877673993674717,0.904031484057639,0.877587907033762,0.904227181389636
658,0.876646844870246,0.905044480799656,0.876559487028425,0.90524597333366,0.877419510987554,0.904282239221098,0.877331427612306,0.904479598239579
659,0.87643588368007,0.905252040753883,0.876345561815416,0.905454785612881,0.877182574439855,0.90451533107228,0.877092520215784,0.904714318703894
660,0.87624344444017,0.90544101646354,0.876150140615131,0.905644939509723,0.876963035287592,0.904730909772235,0.876871037063891,0.90493149235493
661,0.876069603418778,0.905611325430677,0.875973336953728,0.905816354234787,0.876760704729241,0.904929165587522,0.876666790271946,0.905131308916652
662,0.875911613083326,0.905765666919175,0.875812336372159,0.905971762395099,0.876575356591095,0.905110326204622,0.876479554536355,0.905313995578114
663,0.875770877722097,0.905902646872099,0.875668624534818,0.906109751298122,0.876406730065544,0.905274653991353,0.87630906987319,0.905479814253855
664,0.875648025733446,0.906021641683495,0.875542904972558,0.906229693193831,0.876254532479072,0.905422443228507,0.876155044386604,0.905629058814436
665,0.875542101159096,0.906123588875221,0.875434220545583,0.906332546733758,0.8761184420682,0.905554017333525,0.876017157045294,0.905762052308942
666,0.875451378514057,0.906210168185152,0.875340785302121,0.906420022854758,0.87599811074312,0.905669726096426,0.875895060446765,0.905879144199685
667,0.875376404961209,0.906280846407456,0.875263213487041,0.906491578544406,0.875893166820469,0.905769942946566,0.875788383550823,0.905980707627677
668,0.875316615179798,0.906336171123452,0.875200954925444,0.906547771865229,0.875803217708398,0.905855062267058,0.875696734365456,0.906067136725729
669,0.875271715328949,0.906376436836098,0.875153744267611,0.906588902663332,0.875727852528876,0.90592549677192,0.875619702570016,0.906138843994246
670,0.875240896548493,0.906402419157618,0.875120750461364,0.906615767659462,0.875666644663918,0.905981674959261,0.8755568620624,0.906196257753026
671,0.875224076240568,0.906414237147267,0.875101946219736,0.906628476040372,0.875619154214202,0.906024038652041,0.875507773418677,0.906239819680626
672,0.875220630521236,0.90641252692845,0.875096722988649,0.906627665531814,0.875584930360261,0.906053040636221,0.875471986255344,0.906269982451095
673,0.875229776345562,0.906397996160842,0.875104229149533,0.906614081598434,0.875563513618077,0.906069142404473,0.875449041486019,0.906287207476275
674,0.875251066157391,0.90637115598502,0.875124062744426,0.906588214924973,0.875554437982523,0.906072812012003,0.875438473466038,0.906291962760213
675,0.875284106848266,0.906332336923496,0.875155794903161,0.906550421609063,0.875557232953593,0.906064522049566,0.875439812019843,0.906284720870767
676,0.875327975253844,0.906282565826711,0.875198550096465,0.906501691879729,0.875571425441773,0.906044747737292,0.875452584347554,0.906265957032045
677,0.875382283877247,0.906222190389326,0.875251910402269,0.906442389625492,0.875596541550219,0.906013965141684,0.875476316808358,0.906236147340028
678,0.875446781074797,0.906151426897853,0.875315595127653,0.906372749588475,0.875632108232609,0.905972649516904,0.875510536579579,0.906195767102508
679,0.875521180621666,0.906070547834985,0.875389303409611,0.906293051543537,0.875677654826645,0.905921273770385,0.875554773191408,0.906145289303375
680,0.875604282654535,0.905980844894714,0.875471846672096,0.906204550315288,0.875732714464137,0.905860307051836,0.875608559938214,0.906085183190321
681,0.875695718005933,0.905882686782945,0.875562841562959,0.906107609598606,0.8757968253595,0.905790213463797,0.875671435168259,0.906015912984139
682,0.875795759089404,0.90577574188611,0.875662534015971,0.906001919929151,0.875869531979244,0.905711450891182,0.875742943454404,0.905937936707035
683,0.875902872265908,0.905661650426575,0.875769384434898,0.905889080723243,0.875950386095704,0.905624469946563,0.875822636649036,0.905851705126721
684,0.876016522047064,0.905540970710909,0.875882843204979,0.905769633883732,0.876038947728815,0.905529713027375,0.875910074827029,0.905757660812463
685,0.876137377524893,0.905412957321127,0.876003556710581,0.905642859401863,0.876134785980202,0.905427613480794,0.876004827120994,0.905656237298853
686,0.876264843098224,0.905278230345969,0.876130911282843,0.90550936773356,0.876237479764228,0.90531859487163,0.876106472453472,0.905547858352625
687,0.876397419296898,0.905138386272896,0.876263395193114,0.905370712579366,0.876346618440943,0.9052030703483,0.876214600171003,0.905432937337601
688,0.876534929830052,0.904993603994796,0.876400820491624,0.905227061180852,0.876461802356094,0.905081442101733,0.876328810585216,0.905311876672603
689,0.876677542837115,0.904843689235131,0.876543341308846,0.905078223505185,0.876582643293486,0.904954100911888,0.876448715426266,0.905185067377038
690,0.876824921603266,0.904688986970743,0.876690606296383,0.904924538220967,0.876708764845094,0.904821425776522,0.876573938213969,0.905052888698752
691,0.876975275100107,0.904531390754569,0.876840816121499,0.90476785925468,0.876839802704342,0.90468378361677,0.876704114552087,0.904915707818755
692,0.877129858432557,0.904369562064418,0.876995216431885,0.904606865097003,0.876975404887943,0.904541529054151,0.876838892351131,0.904773879627409
693,0.877287918608018,0.904204283797887,0.877153044175223,0.904442328549485,0.877115231891623,0.90439500425367,0.876977931985032,0.904627746566759
694,0.877448157470232,0.904036919104917,0.877312998811492,0.904275589177709,0.877258956784984,0.90424453882779,0.877120906386896,0.904477638533762
695,0.877612398301196,0.903865538249055,0.877476892437871,0.904104737683803,0.877406265250579,0.90409044979616,0.877267501088953,0.904323872839326
696,0.877779296939273,0.903691543616888,0.877643377058204,0.903931162438089,0.877556855572144,0.903933041596185,0.877417414211628,0.904166754218225
697,0.877947757270499,0.903516081541271,0.877811362601965,0.90375599283326,0.877710438576757,0.903772606139665,0.877570356406492,0.904006574885117
698,0.878117257883755,0.903339690946387,0.877980336897101,0.903579760309202,0.877866737535463,0.903609422910954,0.877726050757667,0.903843614632127
699,0.87828889955509,0.903161206947005,0.878151396237741,0.903401310190017,0.878025488026723,0.903443759102289,0.877884232645999,0.903678140963632
700,0.878461083433169,0.902982286044227,0.878322953671881,0.903222298103798,0.878186437766818,0.903275869782166,0.878044649580168,0.903510409264125
701,0.878635531570033,0.902801119453711,0.878496720947755,0.903040924607913,0.878349346411087,0.903105998092862,0.878207060998595,0.903340662995265
702,0.87881143803759,0.902618532872646,0.878671897858168,0.90285802105102,0.878513985329693,0.90293437547344,0.878371238045844,0.90316913391844
703,0.878986926040295,0.902436469809804,0.878846634657124,0.902675534947874,0.878680137361332,0.902761221904799,0.878536963326937,0.902996042339402
704,0.879162067140622,0.90225484563758,0.879021017768682,0.902493386110806,0.878847596548109,0.902586746173555,0.878704030642801,0.902821597371771
705,0.879338227945143,0.902072225577665,0.879196406556509,0.902310145456537,0.879016167854544,0.902411146151795,0.878872244709827,0.902645997216428
706,0.879515943341657,0.901888036811094,0.879373330830857,0.90212525051568,0.879185666873485,0.902234609089915,0.879041420866294,0.902469429454037
707,0.87969382589861,0.901703703304053,0.879550423895787,0.901940144271019,0.879355919521457,0.902057311920027,0.879211384768205,0.902292071348144
708,0.87987263468448,0.901518425768307,0.879728449960072,0.901754031690144,0.879526761725789,0.90187942156759,0.879381972076878,0.902114090156534
709,0.880049763742191,0.901334892899238,0.879904843854061,0.901569629334282,0.879698039105646,0.901701095269125,0.879553028140411,0.901935643448701
710,0.880226578480753,0.901151681211953,0.880080973502822,0.901385511082828,0.879869606648917,0.901522480894092,0.87972440767098,0.901756879427486
711,0.880403093695446,0.900968762090567,0.880256858837437,0.901201659559137,0.88004132838671,0.901343717269145,0.879895974419717,0.90157793725313
712,0.880579071983318,0.900786368428863,0.88043227025,0.901018323398338,0.880213077067051,0.9011649345032,0.880067600850773,0.90139894736815
713,0.880755691258741,0.900603266182092,0.880608381243371,0.900834271516311,0.880384733829198,0.900986254311881,0.880239167815967,0.901220031821619
714,0.880931066521855,0.900421396948019,0.880783327222298,0.90065147691172,0.880556187879851,0.900807790340077,0.880410564231318,0.901041304591566
715,0.881104890413063,0.90024107453996,0.880956813795949,0.900470265248214,0.880727336172381,0.900629648481484,0.880581686756565,0.900862871904387
716,0.881277654570198,0.900061784475068,0.881129335174197,0.900290123637174,0.880898083090065,0.900451927194145,0.880752439478683,0.900684832550265
717,0.881450537682113,0.899882294467262,0.881302064862998,0.900109818181142,0.881068340134207,0.900274717811113,0.880922733600258,0.900507278193723
718,0.881622613135791,0.899703558441529,0.881474079376274,0.899930322027832,0.881238025617878,0.900098104845489,0.881092487133469,0.90033029367858
719,0.881792081381857,0.899527448935605,0.88164358682268,0.899753527715007,0.881407064365941,0.899922166289195,0.881261624600337,0.900153957326636
720,0.881960930563682,0.899351899687431,0.881812574591471,0.899577353986064,0.881575387421893,0.899746973904928,0.881430076739768,0.899978341229566
721,0.882127736831494,0.899178393793087,0.881979614737525,0.899403295570539,0.881742931761989,0.899572593510843,0.881597780221871,0.899803511533546
722,0.88229432469802,0.899005029679954,0.882146530410757,0.899229441556943,0.881909640017013,0.899399085257589,0.881764677369907,0.899629528716244
723,0.882460445871644,0.898832063145234,0.882313066933155,0.899056053849317,0.88207546020201,0.899226503897403,0.881930715890179,0.89945644785588
724,0.882623923306571,0.898661777475767,0.882477034312353,0.898885423632577,0.882240345454197,0.899054899045023,0.882095848610094,0.899284318892111
725,0.882785865965651,0.89849302671708,0.882639544039449,0.898716390777038,0.882404253779231,0.898884315430259,0.882260033224568,0.899113186878586
726,0.882946699296598,0.898325371163961,0.882801018413928,0.898548507750998,0.88256714780595,0.8987147931421,0.882423232050886,0.898943092227041
727,0.883106407845851,0.898158833097808,0.882961433652358,0.898381792086335,0.88272899454964,0.898546367864296,0.88258541179209,0.898774070942883
728,0.883264557013035,0.897993878522893,0.88312034298286,0.898216703135735,0.882889765183866,0.898379071102395,0.882746543308911,0.898606154852226
729,0.883422971873497,0.897828599514787,0.883279580735828,0.898051324391158,0.88304943482084,0.898212930402256,0.882906601400224,0.898439371820408
730,0.883579463047559,0.897665305110745,0.883436926468846,0.897887957447182,0.883207982300272,0.898047969560072,0.883065564591989,0.898273745962045
731,0.883733089878308,0.897505007410045,0.883591422380822,0.89772759578767,0.883365389986626,0.897884208824025,0.88322341493458,0.898109297842691
732,0.883887337483685,0.897344052821952,0.883746590243578,0.897566573892929,0.883521643574665,0.897721665087638,0.883380137808393,0.89794604467222
733,0.884038712491035,0.897186121544137,0.883898885919204,0.897408561729308,0.883676731903159,0.89756035207499,0.88353572173762,0.897784000490071
734,0.884190966723695,0.897027283802244,0.884052100178626,0.89724961791191,0.883830646776602,0.897400280517937,0.88369015821201,0.8976231763425
735,0.884341920236466,0.89686983725119,0.884204016535016,0.897092031582323,0.883983382794762,0.897241458325497,0.88384344151647,0.897463580452001
736,0.884489852296625,0.896715613709434,0.884352883839334,0.896937618282646,0.884134937189897,0.8970838907456,0.883995568568313,0.897305218379094
737,0.884636499915693,0.896562802827174,0.884500462674702,0.896784550956813,0.884285309671427,0.896927580519382,0.884146538761967,0.897148093176664
738,0.88478216657552,0.896411088889376,0.884647059012674,0.896632505752501,0.884434502277862,0.896772528028243,0.88429635382093,0.896992205537059
739,0.884927112116425,0.896260205309557,0.884792929658348,0.896481209121166,0.884582519235788,0.896618731433859,0.884445017656772,0.89683755393215
740,0.885071989369474,0.896109475432053,0.884938728775244,0.896329974875165,0.884729366825673,0.896466186811385,0.88459253623497,0.896684134746586
741,0.885215342518116,0.895960434377331,0.885082975517747,0.896180338053945,0.884875053254299,0.896314888276058,0.884738917447334,0.896531942404439
742,0.885356006098984,0.895814314443311,0.88522448944572,0.89603353149111,0.885019588533571,0.896164828103423,0.88488417099084,0.89638096948949
743,0.885495975744627,0.895669034344503,0.885365297394881,0.895887452496281,0.885162984365497,0.896015996843411,0.885028308252609,0.89623120685935
744,0.885635308885479,0.895524532207752,0.885505458524231,0.895742036979887,0.885305254033117,0.895868383428486,0.885171342200832,0.896082643753674
745,0.885774024658981,0.895380790200687,0.885644989356427,0.895597267649812,0.88544641229714,0.895721975276091,0.885313287281411,0.89593526789665
746,0.885911829631963,0.89523811688473,0.885783591657716,0.895453458509922,0.885586475298093,0.895576758385612,0.885454159320098,0.895789065594022
747,0.886048188078626,0.895097071319674,0.88592072553176,0.895311179875804,0.88572546046374,0.895432717430071,0.885593975429904,0.895644021824842
748,0.886182879239156,0.89495788240891,0.886056173112562,0.895170669285889,0.885863386421577,0.895289835842776,0.885732753923587,0.895500120328175
749,0.886316962878273,0.89481944909347,0.886191011915308,0.895030810246575,0.886000272916172,0.895148095899132,0.885870514230976,0.895357343684964
750,0.886449873799703,0.894682351326175,0.886324673661681,0.894892201634663,0.886136140731161,0.89500747879382,0.886007276820947,0.89521567339527
751,0.886582427337985,0.894545743167612,0.886457985063062,0.894753988818292,0.886271011615685,0.894867964713551,0.886143063127844,0.895075089951083
752,0.886712999599881,0.894411294764055,0.886589307258668,0.894617893295257,0.886404908215069,0.894729532905591,0.886277895482141,0.894935572904901
753,0.886844130944204,0.894276385322709,0.886721213492178,0.894481238921295,0.886537854005561,0.894592161742249,0.886411797045154,0.894797100934282
754,0.886973251187602,0.894143652315411,0.886851107941987,0.89434674394623,0.886669873232937,0.894455828781522,0.886544791747625,0.89465965190254
755,0.887102570650035,0.894010820113308,0.886981230270011,0.894212084929781,0.886800990854786,0.89432051082407,0.886676904231976,0.89452320291578
756,0.887231279476307,0.893878713642078,0.88711076524596,0.894078120043559,0.8869312324863,0.894186183966707,0.886808159798083,0.894387730376446
757,0.887359261416876,0.893747446498863,0.887239597971329,0.893944983063845,0.887060624349406,0.894052823652574,0.886938584352367,0.894253210033549
758,0.887485942010486,0.89361760200783,0.887367151031141,0.893813289031275,0.887189193225063,0.893920404718162,0.887068204360072,0.894119617029752
759,0.887610765872493,0.893489744106304,0.887492866391507,0.893683630799486,0.887316966408566,0.893788901437348,0.887197046800533,0.893986925945455
760,0.887735734368555,0.893361821268202,0.887618777197408,0.893553899685689,0.88744397166771,0.893658287562596,0.887325139125308,0.893855110840057
761,0.887859256855202,0.893235453972006,0.887743271240182,0.893425775223872,0.887570237203648,0.893528536363475,0.887452509219008,0.893724145290527
762,0.887982185150802,0.893109767914441,0.887867212082678,0.89329837034393,0.887695791614321,0.893399620662634,0.88757918536269,0.893594002427436
763,0.888105653869511,0.892983600104657,0.887991753088556,0.893170495598817,0.887820663860296,0.893271512869388,0.887705196199662,0.893464654968594
764,0.888228508003454,0.892858126086453,0.888115718358774,0.893043374933478,0.8879448832329,0.893144185011024,0.887830570703582,0.893336075250416
765,0.888350859040117,0.892733230989371,0.888239219010367,0.892916903260867,0.8880684793245,0.893017608761986,0.887955338148702,0.893208235257155
766,0.888471455001219,0.892610193638206,0.88836097998208,0.892792399712298,0.888191482000824,0.892891755471039,0.888079528082156,0.893081106648125
767,0.888591930653105,0.892487347973808,0.888482668628291,0.892668150373672,0.888313921375185,0.892766596186556,0.888203170298141,0.892954660783034
768,0.888713398677108,0.892363558288434,0.888605421020258,0.892542989849374,0.888435827784505,0.892642101680016,0.888326294813911,0.892828868745542
769,0.888833504584761,0.892241228168085,0.888726828662722,0.892419388264996,0.888557231767022,0.892518242467856,0.888448931847439,0.89270370136516
770,0.888952756882101,0.892119844467549,0.888847404506521,0.892296822376116,0.888678164041564,0.892394988831756,0.88857111179666,0.892579129237589
771,0.889071634738391,0.891998922958609,0.888967639020426,0.892174788813448,0.88879865548831,0.892272310837489,0.888692865220185,0.892455122743618
772,0.889190439140247,0.891878160893397,0.889087838670708,0.892052972606779,0.888918737130904,0.892150178352407,0.888814222819385,0.892331652066669
773,0.889308565994523,0.891758179490584,0.889207380187425,0.891932003509095,0.889038440119856,0.892028561061693,0.888935215421744,0.892208687209084
774,0.889427409178834,0.891637564512215,0.889327686787412,0.891810436043875,0.889157795717118,0.891907428483437,0.889055873965399,0.892086198007271
775,0.889545302292286,0.8915180199973,0.889447045727077,0.89168999922445,0.889276835281746,0.891786749982661,0.889176229484762,0.891964154145761
776,0.889662836994609,0.891398952225431,0.889566057426913,0.891570080877411,0.889395590256568,0.891666494784359,0.889296313097145,0.891842525170308
777,0.889780134187862,0.891280244900676,0.889684845055003,0.89145055089336,0.889514092155767,0.891546631985641,0.889416155990301,0.891721280500078
778,0.889897041285519,0.89116206008209,0.889803249124094,0.891331563266487,0.889632372553291,0.891427130567078,0.889535789410797,0.891600389439042
779,0.890014133519815,0.891043820747007,0.889921856680039,0.89121252221573,0.889750463072023,0.891307959403307,0.889655244653136,0.891479821186631
780,0.890130931510447,0.890926020526584,0.890040171348287,0.891093919430275,0.889868395373616,0.89118908727299,0.889774553049554,0.891359544847745
781,0.890247444429897,0.89080865742364,0.890158197870557,0.89097574324295,0.889986201148931,0.891070482868207,0.88989374596041,0.891239529442188
782,0.890363727965404,0.89069168112957,0.890275991278854,0.89085793207073,0.890103912108989,0.890952114803339,0.8900128547651,0.891119743913605
783,0.890480109514549,0.89057476639042,0.89039388625158,0.890740145802685,0.890221559976374,0.890833951623544,0.890131910853413,0.891000157137999
784,0.890596619511326,0.890457888214679,0.890511911480046,0.890622350633398,0.890339176477003,0.890715961812864,0.89025094561726,0.890880737931891
785,0.890713765426541,0.890340541866007,0.890630584893711,0.890504025879978,0.890456793332213,0.890598113802071,0.890369990442709,0.890761455060211
786,0.890830582155958,0.890223702986813,0.89074891122533,0.890386158270608,0.890574442251056,0.890480375976294,0.890489076702243,0.890642277243969
787,0.890947686447827,0.890106756219407,0.8908675221363,0.890268114826083,0.890692154922774,0.890362716682516,0.890608235747185,0.890523173167805
788,0.891064767793423,0.889990014696857,0.89098609969804,0.890150208806737,0.890809963009357,0.890245104237001,0.89072749890021,0.890404111487454
789,0.891182370623835,0.889872936187664,0.891105202908727,0.890031882371047,0.890927898138115,0.890127506932722,0.890846897447871,0.89028506083723
790,0.891300177007803,0.889755839239749,0.891224504921864,0.889913458786758,0.891045991894215,0.890009893046869,0.890966462633089,0.89016598983757
791,0.891418769131239,0.889638145765951,0.891344602103029,0.889794345266567,0.891164275813085,0.889892230848488,0.891086225647509,0.890046867102732
792,0.891537952316745,0.889520050270136,0.891465293774046,0.889674741364063,0.891282781372639,0.889774488606347,0.891206217623675,0.889927661248696
793,0.891657246601037,0.889402026636,0.891586086037802,0.889555137361901,0.891401539985236,0.889656634597071,0.89132646962694,0.889808340901352
794,0.891775850548427,0.889284860652996,0.891706157912279,0.889436347068013,0.891520582989303,0.889538637113647,0.891447012647045,0.889688874705045
795,0.891895556393815,0.889166779208387,0.891827352648872,0.889316545315208,0.891639941640568,0.889420464474341,0.891567877589293,0.88956923133155
796,0.892015732836863,0.889048402145843,0.89194902533345,0.889196374140111,0.8917596471028,0.889302085032132,0.891689095265241,0.889449379489539
797,0.892137053790375,0.888929064156762,0.892071863725509,0.889075156527789,0.891879730438,0.889183467184715,0.891810696382844,0.889329287934636
798,0.892258667159012,0.888809596540184,0.892194992091358,0.888953762722551,0.892000222595966,0.889064579385151,0.891932711535963,0.889208925480118
799,0.89238020265503,0.888690352571344,0.892318029353924,0.888832572070285,0.892121154403146,0.888945390153263,0.892055171193161,0.889088261008351
800,0.892502266285109,0.888570731811559,0.892441599774851,0.888710970385225,0.892242556550698,0.888825868087835,0.892178105685722,0.888967263483037
801,0.892624451463631,0.888451123908445,0.892565289448877,0.888589369190612,0.892364459581692,0.888705981879703,0.892301545194781,0.888845901962353
802,0.892748248063864,0.888330072229923,0.892690625602703,0.888466267087573,0.892486893877335,0.888585700325831,0.892425519737509,0.888724145613075
803,0.892871673853747,0.888209499099348,0.892815574521204,0.888343672283438,0.892609889642173,0.888464992344454,0.892550059152248,0.888601963725763
804,0.892995257505687,0.888088878756547,0.892940675047374,0.888221055421633,0.892733476888144,0.888343826991372,0.892675193082513,0.888479325731104
805,0.893119908793348,0.887967322734123,0.893066862569772,0.888097499350322,0.892857685417413,0.888222173477496,0.892800950959763,0.888356201217508
806,0.893245192464613,0.887845248468614,0.893193689771586,0.88797344755168,0.892982544803874,0.888100001187744,0.892927361984853,0.888232559950047
807,0.893372336559289,0.88772146129865,0.893322411387944,0.887847674806346,0.89310808437324,0.887977279701378,0.893054455108056,0.888108371890836
808,0.893499857146406,0.887597392558007,0.893451502063725,0.887721680058931,0.893234333181596,0.887853978813889,0.893182259007556,0.887983607220975
809,0.893628864329837,0.887471959983708,0.893582095237008,0.887594356722638,0.893361319992325,0.887730068560543,0.893310802066318,0.88785823636413
810,0.893757502092643,0.887346951715839,0.893712288870794,0.887467562555688,0.893489073251284,0.887605519241687,0.893440112347195,0.887732230011893
811,0.893887268256857,0.887220912323529,0.893843618184613,0.887339796905531,0.893617621060125,0.887480301449942,0.893570217566193,0.887605559151018
812,0.894016925452089,0.88709503442954,0.893974818175877,0.887212289859253,0.893746991147636,0.88735438609939,0.893701145063736,0.887478195092657
813,0.89414889921019,0.886966972637157,0.894108372228108,0.887082626124888,0.893877210838974,0.887227744456892,0.893832921773846,0.887350109503724
814,0.894280889710195,0.886838948025304,0.89424192142772,0.886953098030914,0.894008307022673,0.887100348175656,0.893965574191077,0.887221274440503
815,0.894414874494598,0.886709046460565,0.894377484911955,0.886821744730064,0.894140306115281,0.886972169331187,0.89409912833509,0.887091662384653
816,0.89454841590579,0.886579619964174,0.894512565104608,0.886690981596614,0.894273234023499,0.886843180459769,0.894233609712718,0.886961246281727
817,0.894684137481092,0.886448132593407,0.894649846182529,0.886558207093584,0.894407116103668,0.886713354599603,0.89436904327739,0.886829999582363
818,0.894820427347537,0.886316142798946,0.894787678373047,0.886425013744562,0.894541977118465,0.886582665334774,0.894505453385753,0.886697896286286
819,0.894957310660841,0.886183623314308,0.894926083641592,0.886291372111483,0.894677841190644,0.886451086842176,0.894642863751347,0.886564910989285
820,0.895095608989718,0.886049781610427,0.895065903085396,0.886156466274013,0.894814731753677,0.88631859394157,0.89478129739517,0.886431018933308
821,0.895236876543585,0.885913122912777,0.895208723251867,0.886018770338678,0.89495267149911,0.886185162148939,0.894920776592964,0.886296196059861
822,0.895377777424243,0.885776867502786,0.895351128862631,0.885881562352135,0.895091682320485,0.886050767733294,0.895061322819065,0.88616041906686
823,0.895520388940797,0.885639007312932,0.895495240269557,0.885742792894539,0.895231785253635,0.885915387777136,0.895202956686625,0.886023665469122
824,0.895663153540673,0.885501045939955,0.895639471733341,0.885603976800575,0.895373000413182,0.885779000240719,0.895345697884034,0.885885913662683
825,0.895808217861567,0.885360914823697,0.895786016070773,0.885463004559964,0.895515346925048,0.885641584030336,0.895489565107358,0.885747142993105
826,0.895953300485556,0.885220816408304,0.895932545598138,0.885322101538819,0.89565884285478,0.885503119070789,0.895634575988591,0.885607333827995
827,0.896099848668766,0.885079354925845,0.896080536081855,0.885179844103042,0.895803505131506,0.885363586382266,0.895780747019534,0.885466467633909
828,0.896247244778608,0.884937128080739,0.896229359540622,0.885036828439791,0.89594934946731,0.885222968161798,0.895928093471093,0.885324527057849
829,0.896397528223063,0.884792176544897,0.896381093304309,0.884891063441475,0.896096390271819,0.885081247869537,0.896076629307793,0.885181496013561
830,0.896548309868578,0.884646803822358,0.896533299553241,0.884744877243896,0.896244640561795,0.884938410320032,0.896226367097299,0.885037359772851
831,0.896699769894434,0.884500831933847,0.89668616101891,0.884598082628987,0.896394111865523,0.884794441778738,0.896377317914718,0.884892105062114
832,0.896853103368563,0.884353111904453,0.896840899680145,0.884449505936931,0.89654481412176,0.884649330063969,0.896529491241486,0.884745720164311
833,0.897007858067056,0.884204081060902,0.896997056707139,0.884299583789604,0.896696755573047,0.884503064654515,0.896682894858594,0.884598195026608
834,0.897164082722736,0.884053692522506,0.89715468076872,0.88414826477642,0.896849942653138,0.884355636803148,0.896837534733952,0.884449521373898
835,0.897320749699747,0.883902929694443,0.897312727432177,0.883996541596598,0.897004379868344,0.884207039656232,0.896993414903659,0.884299692828425
836,0.897478338900223,0.88375132742199,0.897471688412642,0.883843937905899,0.897160069672551,0.884057268379677,0.897150537346946,0.884148705035749
837,0.897637644389654,0.88359812439723,0.897632374447205,0.883689677363544,0.897317012335704,0.88390632029144,0.897308901854591,0.883996555797252
838,0.897797996324018,0.883443962632176,0.897794104069874,0.883534411623528,0.897475205805514,0.88375419500081,0.897468505890562,0.883843245209422
839,0.897959329595011,0.883288900822633,0.897956810155129,0.883378202061289,0.897634645562203,0.883600894554683,0.897629344446687,0.883688775810129
840,0.89812313357036,0.883131513150683,0.898122006105547,0.883219600616698,0.897795324466038,0.883446423591047,0.897791409890135,0.883533152732098
841,0.898286990794936,0.882974109872196,0.898287234064622,0.88306096028332,0.897957232597479,0.883290789499878,0.897954691803489,0.883376383863791
842,0.898451976642755,0.882815653615248,0.898453587452946,0.882901229680891,0.898120357089726,0.883134002591646,0.898119176817246,0.88321848001789
843,0.89861738038896,0.882656819512061,0.898620347772843,0.882741097303234,0.898284681953481,0.882976076273611,0.898284848434514,0.883059455107571
844,0.898784895376773,0.882495987580276,0.898789235399594,0.882578917290738,0.898450187893761,0.882817027234095,0.898451686847781,0.882899326330736
845,0.898952495379332,0.882335091183659,0.898958190487771,0.882416666323266,0.898616852118593,0.88265687563487,0.898619668747557,0.882738114362361
846,0.899122212140255,0.882172185151383,0.899129273975493,0.882252370069193,0.898784648139466,0.882495645311808,0.898788767122782,0.882575843555096
847,0.899292210588974,0.882009019397925,0.899300620952381,0.882087819514689,0.89895354556341,0.882333363983918,0.898958951052869,0.88241254214824
848,0.899463533651299,0.881844591814007,0.899473288571442,0.881922001534717,0.899123509876618,0.882170063470835,0.899130185491297,0.882248242485166
849,0.899636226830328,0.881678857598049,0.899647321820184,0.881754877184232,0.89929450221956,0.882005779918852,0.89930243104069,0.882082981239268
850,0.899809617452596,0.881512454688903,0.899822035518843,0.881587105936871,0.899466479153538,0.881840554035495,0.899475643719359,0.881916799648453
851,0.899983769998105,0.881345316119376,0.899997493915033,0.881418627301946,0.899639392418718,0.881674431332653,0.899649774719319,0.881749743758165
852,0.900159267381106,0.881176883485785,0.900174287189084,0.88124887887043,0.899813188683669,0.881507462378191,0.899824770155824,0.881581864672886
853,0.900335033806921,0.881008181000811,0.900351322564826,0.881078911022359,0.899987809286533,0.881339703055958,0.900000570808544,0.881413218816017
854,0.900511497658055,0.880838795673941,0.900529033129186,0.880908309699835,0.900163189967964,0.88117121483402,0.900177111854514,0.881243868197975
855,0.90069004685823,0.880667404503582,0.900708822472581,0.880735735940687,0.900339260596057,0.881002065040919,0.900354322593089,0.881073880692292
856,0.900867459478396,0.880497082126878,0.90088742362622,0.880564322061378,0.900515944883552,0.880832327149663,0.900532126163187,0.880903330319437
857,0.901045106670193,0.880326512175693,0.90106622641983,0.880392733101562,0.900693160097663,0.880662081069096,0.900710439253161,0.880732297538001
858,0.901223531582205,0.880155179848857,0.901245781699972,0.880220446253481,0.900870816762969,0.880491413442213,0.900889171803755,0.880560869542804
859,0.901402244376209,0.879983557140425,0.901425590325235,0.880047944537097,0.901048818357888,0.8803204179509,0.901068226704651,0.880389140569417
860,0.901579945931099,0.879812885409294,0.901604336496545,0.879876487360642,0.901227061005361,0.88014919562647,0.901247499485243,0.880217212204452
861,0.901759124219497,0.879640789631408,0.90178453439366,0.879703672730146,0.901405433158455,0.879977855165281,0.901426878000348,0.88004519370092
862,0.901936460288603,0.879470448775753,0.901962828232331,0.879532714025675,0.901583815281742,0.879806513248586,0.901606242111703,0.879873202297801
863,0.902114974831756,0.879298975450863,0.902142268730498,0.879360695226072,0.90176207952939,0.879635294865675,0.901785463366207,0.879701363542871
864,0.902292631978692,0.879128326384771,0.902320798268484,0.879189590026474,0.901940089421082,0.87946433363919,0.901964404671994,0.879529811617695
865,0.902472373457892,0.878955693645736,0.902501380105569,0.879016573698221,0.902117699516976,0.879293772151405,0.902142919973583,0.879358689663551
866,0.902646992837659,0.878787976350036,0.902676750095399,0.878848581425681,0.902294755093103,0.87912376227007,0.902320853927471,0.87918815010689
867,0.90282096915749,0.878620881733554,0.902851436164256,0.878681279722164,0.902471091818738,0.878954465472284,0.902498041579743,0.879018354982804
868,0.902994169040208,0.87845455309992,0.903025306540329,0.878514806791094,0.902646535437465,0.878786053164672,0.902674308047385,0.878849476254768
869,0.903166681655534,0.878288918422824,0.903198446231835,0.878349091593181,0.90282090145383,0.878618706997981,0.902849468205219,0.878681696128769
870,0.903337460571753,0.878124989628412,0.903369799434468,0.878185146886994,0.902993994827663,0.878452619173999,0.903023326380533,0.878515207359729
871,0.903507422577568,0.877961898609519,0.903540288304879,0.878022099549969,0.90316560967836,0.878287992742524,0.903195676057701,0.878350213547948
872,0.903673916561233,0.877802190520406,0.903707252051029,0.87786248763693,0.903335529001599,0.878125041885887,0.903366299595272,0.878186929423063
873,0.903837393010818,0.877645437410243,0.90387115352442,0.877705869128891,0.903503524401219,0.877963992188318,0.90353496795824,0.878025581112826
874,0.903998658555848,0.877490879292646,0.904032807769497,0.877551477803273,0.903669355839151,0.877805080887255,0.903701440468426,0.877866406393771
875,0.90415820056605,0.87733806745499,0.90419270190053,0.87739886583034,0.903832771406581,0.877648557103413,0.903865464576101,0.877709654920633
876,0.904313480567396,0.877189439879946,0.904348290378234,0.87725046141826,0.903993507119711,0.877494682046263,0.904026775656262,0.87755558843111
877,0.904465531513284,0.877044017502055,0.904500615829394,0.877105279284492,0.904151286743719,0.877343729191291,0.904185096833138,0.877404480922387
878,0.904614030815128,0.876902122665363,0.904649357764941,0.876963637423242,0.904305821648777,0.877195984425209,0.904340138836802,0.877256618795565
879,0.90475936043431,0.87676340763072,0.904794899653156,0.876825188194865,0.904456810702181,0.877051746155037,0.904491599895923,0.877112300963924
880,0.904899930984096,0.876629401250134,0.904935651862801,0.876691451781053,0.904603940200887,0.876911325376774,0.90463916567099,0.876971838920732
881,0.905036719019609,0.876499188357545,0.905072596195479,0.876561513395358,0.904746883848971,0.876775045699142,0.904782509232479,0.876835556762089
882,0.905167310391417,0.876375076563371,0.905203320972393,0.876437667052773,0.904885302784696,0.876643243317704,0.904921291088699,0.876703791160098
883,0.905292999722487,0.876255848958375,0.905329127734064,0.876318697663915,0.905018845662111,0.876516266934455,0.905055159268196,0.876576891281473
884,0.905412642543033,0.876142608522064,0.905448872720986,0.876205705035767,0.905147148792209,0.876394477617821,0.905183749461781,0.876455218646518
885,0.905526653519151,0.876034982714696,0.90556297137573,0.87609832085804,0.905269836348868,0.876278248597888,0.905306685229383,0.876339146923273
886,0.905633839101774,0.875934118248099,0.905670230059071,0.875997689697108,0.90538652064487,0.876167964991515,0.905423578277036,0.876229061651533
887,0.905734140778667,0.875840089449456,0.905770591677911,0.875903887894515,0.905496802483388,0.876064023451988,0.90553402880938,0.876125359891339
888,0.90582655338315,0.875753858338598,0.905863052272092,0.87581787590481,0.90560027159035,0.875966831737763,0.905637625963096,0.876028449790539
889,0.905911461420381,0.875675089659277,0.905947995799687,0.875739325653828,0.905696507133083,0.875876808194922,0.905733948326675,0.875938750066009
890,0.905987939824041,0.875604672187686,0.90602449503628,0.875669128681578,0.905785078330567,0.875794381148003,0.905822564551843,0.875856689393214
891,0.906055669637366,0.875542928738035,0.906092229331814,0.875607612805612,0.90586554516049,0.875719988194,0.905903034061856,0.875782705698909
892,0.90611472054825,0.875489836038041,0.906151264190386,0.875554765249868,0.905937459168116,0.875654075394541,0.905974907861637,0.875717245351977
893,0.906163652722625,0.875446738378252,0.906200158244202,0.875511928319065,0.906000364381671,0.875597096361519,0.906037729454505,0.875660762247686
894,0.906202663856132,0.875413498368648,0.906239106141633,0.875478974889482,0.906053798338641,0.875549511231795,0.906091035869857,0.875613716781
895,0.906231084380866,0.875390760492078,0.906267434583751,0.875456554524663,0.90609729322689,0.875511785527047,0.906134358805719,0.875576574704997
896,0.906248534978857,0.875378918496454,0.906284759316262,0.875445069668258,0.906130377144009,0.875484388895379,0.906167225889578,0.87554980587103
897,0.906254407079369,0.875378550785358,0.906290468235491,0.875445102063673,0.906152575477633,0.875467793731917,0.906189162060232,0.87553388284786
898,0.906248305204267,0.875390078482445,0.906284159773381,0.87545708327296,0.906163412408767,0.875462473676383,0.906199691072684,0.875529279417745
899,0.90622975480537,0.875413901814484,0.906265359044722,0.87548140792979,0.906162412539282,0.875468901986459,0.906198337127256,0.875536468948318
900,0.906198302187318,0.875450544092236,0.906233602172398,0.875518618323254,0.906149102643804,0.875487549786742,0.90618462662312,0.875555922640038
901,0.906153597993656,0.875500320911412,0.906188536931855,0.875569030034312,0.90612301354515,0.875518884194105,0.906158090035423,0.875588107650065
902,0.906094988666068,0.875563917169438,0.906129500849777,0.875633341080949,0.90608368211128,0.87556336632152,0.906118263913945,0.875633485094594
903,0.906021533607217,0.875642310018287,0.906055542790159,0.875712544500631,0.906030653370467,0.875621449163629,0.906064693000004,0.875692507932947
904,0.905934256179071,0.875734345146411,0.905967702248566,0.87580544790994,0.905963482739974,0.875693575368762,0.905996932456887,0.87576561873815
905,0.905831771562211,0.875841482630828,0.905864574989288,0.8759135424904,0.905881738362074,0.875780174903598,0.905914550207624,0.875853247360158
906,0.905713776424416,0.87596402136259,0.905745853704131,0.876037130366536,0.905785003539641,0.875881662618198,0.905817129372352,0.87595580848951
907,0.905580010407903,0.876102216106191,0.905611276493066,0.876176464807627,0.905672879261923,0.87599843572083,0.90570427079585,0.876073699130805
908,0.905429718104129,0.876256836392317,0.905460081126215,0.876332322939139,0.905544986809384,0.876130871173683,0.905575595654134,0.876207295997129
909,0.905263169250999,0.876427591239214,0.905292542789455,0.876504401166862,0.905400970424766,0.876279323022325,0.905430748127251,0.876356952838282
910,0.905079622225624,0.876615234270844,0.90510791308876,0.876693460448959,0.905240500035727,0.876444119673546,0.905269398123627,0.876522997717464
911,0.904878228050274,0.876820627035911,0.904905336475085,0.876900369665826,0.905063274012678,0.876625561137963,0.905091244039567,0.876705730252804
912,0.904659623138823,0.877043111609898,0.904685460847799,0.877124450996703,0.904869021943656,0.876823916255542,0.904896015535758,0.876905418841895
913,0.904423306690317,0.877283193070738,0.904447782647458,0.877366211251502,0.904657507406439,0.877039419923857,0.904683476310943,0.877122297889158
914,0.904169935711384,0.877540199368587,0.904192967906849,0.877624964189743,0.904428530716459,0.877272270350489,0.904453426851333,0.877356565057474
915,0.903897692864144,0.877815973695414,0.903919181750204,0.877902576644869,0.904181931627648,0.877522626352476,0.904205707132872,0.877608378566959
916,0.903608696341262,0.878108366415003,0.903628570405249,0.87819686082851,0.903917591961984,0.877790604727002,0.903940199252117,0.877877854565129
917,0.903300818294531,0.878419531204815,0.903318986770328,0.878509996467534,0.90363543814243,0.878076277718675,0.903656829960402,0.878165064593777
918,0.902973422820429,0.878750110202201,0.90298979594035,0.878842624662163,0.903335443603017,0.878379670609615,0.903355573075043,0.87847003317881
919,0.90262901232795,0.879097573488755,0.902643536205532,0.879192170600914,0.903017631049206,0.878700759459227,0.903036451740697,0.878792735569925
920,0.90226817588848,0.879461325124489,0.902280804623022,0.879558031198292,0.902682074541323,0.87903946902087,0.902699540513663,0.879133095657339
921,0.901883428718145,0.879848914327053,0.901894044667385,0.879947844854127,0.902328901373831,0.879395670862655,0.90234496724187,0.879490984092822
922,0.901485601882023,0.880249423896954,0.901494209984885,0.880350547652449,0.901958293723554,0.87976918171926,0.901972914713675,0.879866216641916
923,0.901071360444908,0.88066621051897,0.901077931086458,0.880769543382599,0.901570490040662,0.880159762100955,0.901583622049249,0.880258552793543
924,0.900636797389776,0.881103207548567,0.90064126057405,0.881208816027898,0.901165786157361,0.880567115184896,0.9011773858095,0.880667694652078
925,0.900185065269682,0.881557244407632,0.900187393092952,0.881665147627807,0.9007445360907,0.880990886012271,0.900754560798936,0.881093286135447
926,0.899718464315673,0.882026007206339,0.899718659143757,0.882136194022262,0.900307152517885,0.881430661012932,0.900315560540838,0.881534912500907
927,0.899242545860036,0.882503915094831,0.899240652044459,0.882616335536614,0.899854106904761,0.881885967876816,0.899860857405422,0.881992100217816
928,0.898749812467358,0.882998500567076,0.898745794019589,0.883113201666218,0.899385929270903,0.882356275788761,0.89939098237439,0.882464317203971
929,0.898242927762681,0.883507093004598,0.898236777226075,0.883624090934765,0.898903207577818,0.882840996040184,0.898906524428416,0.882950973439009
930,0.897726586794296,0.88402498183312,0.897718345161204,0.884144243226043,0.898406586730248,0.883339483027652,0.898408129547495,0.883451421964889
931,0.897185374346446,0.8845676357879,0.897174969162347,0.884689252798022,0.897896767184283,0.883851035644627,0.897896499317919,0.883964960279724
932,0.896644903455636,0.885109366972493,0.896632483036911,0.885233190721636,0.897374503160068,0.884374899068616,0.897372389143634,0.8844908321272
933,0.896088283787343,0.885667106460061,0.896073847555387,0.885793162886725,0.896840600461097,0.884910266941737,0.89683660606396,0.885028229679573
934,0.895524032869403,0.88623231959874,0.895507637257919,0.886360572036748,0.896295913906465,0.88545628393831,0.896290006184091,0.885576296107858
935,0.894945490804508,0.886811680867882,0.894927147792725,0.886942142085765,0.895741344386962,0.886012048708618,0.895733491729219,0.886134128528345
936,0.894360112387068,0.887397724393272,0.894339891695389,0.88753034281666,0.895177835560327,0.886576617183513,0.895168007737629,0.886700781310081
937,0.893770371786489,0.88798797153466,0.893748348430109,0.888122694135569,0.894606370205447,0.887149006220089,0.894594538412556,0.887275269723561
938,0.893171089481284,0.888587607999454,0.89314728952583,0.88872443653234,0.894027966259506,0.887728197564393,0.894014103156811,0.887856573906573
939,0.892568410842237,0.889190485580534,0.892542892484153,0.889329382790221,0.893443672566216,0.888313142103094,0.893427752318321,0.888443643119085
940,0.891957270500508,0.889801673746953,0.891930056550185,0.889942639221936,0.892854564366974,0.888902764372219,0.892836562678442,0.889035400255294
941,0.891341837877827,0.890417003693895,0.891312974393262,0.890560005392113,0.89226173857022,0.889495967287709,0.89224163271833,0.889630746577562
942,0.890729789599141,0.891028798761156,0.890699349158698,0.891173773684338,0.891666308837248,0.890091637059542,0.891644077701636,0.890228566633962
943,0.890115903019319,0.891642280989869,0.890083900664071,0.8917892290219,0.891069400525195,0.89068864824869,0.891045024614263,0.890827733318694
944,0.889509857002422,0.89224777925418,0.889476334438299,0.892396664075095,0.890472145529902,0.891285868924228,0.890445607003902,0.891427113032672
945,0.888899108022182,0.892857832080439,0.888864024278255,0.893008701941392,0.889875677072696,0.891882165876529,0.889846959763407,0.892025570900186
946,0.888292870192694,0.893463239620677,0.888256238018833,0.893616068137503,0.889281124475953,0.892476409841719,0.889250213902886,0.892621975996807
947,0.887686544130646,0.894068598457065,0.887648350421387,0.894223379312689,0.888689607972403,0.893067480692384,0.888656491355491,0.893215206543505
948,0.887083115645122,0.894670929103611,0.887043360006457,0.894827630787742,0.888102233592736,0.893654272550016,0.888066899861479,0.89380415502245
949,0.886481260662763,0.895271554363363,0.886439927710581,0.8954301515725,0.88752008817492,0.894235698775744,0.887482527973987,0.894387733171023
950,0.885897720642425,0.895853762796608,0.885854860185541,0.896014161054051,0.886944234537044,0.894810696797584,0.886904440228321,0.894964876812253
951,0.88532585013273,0.896424186789456,0.885281426653696,0.896586386434553,0.886375706853209,0.895378232734625,0.886333672514345,0.8955345504821
952,0.884758990886518,0.896989474970146,0.884712905678556,0.897153525377303,0.885815506269297,0.895937305781378,0.88577122768877,0.896095751816764
953,0.884205312648597,0.897541482432476,0.884157518855518,0.897707365828287,0.885264596792225,0.896486952318639,0.88521807146101,0.896647515666383
954,0.883661161690017,0.898083855954366,0.88361158814896,0.898251568454734,0.884723901482705,0.897026249720859,0.884675128582605,0.897188917905097
955,0.883129972629347,0.898613172220226,0.883078567718854,0.898782683092343,0.884194298977603,0.897554319833923,0.884143279366352,0.897719078911362
956,0.882615139668265,0.899126047507837,0.882561867366006,0.899297312421744,0.883676620363824,0.89807033210141,0.883623356557058,0.898237166696577
957,0.88210476063535,0.899634347189414,0.882049483104998,0.899807394082972,0.883171646421265,0.898573506321787,0.88311614257149,0.898742399664479
958,0.881615443033529,0.900121518599211,0.881558158862884,0.900296259140506,0.882680105247955,0.899063115023415,0.882622367120641,0.89923404898817
959,0.881139373331621,0.900595344661711,0.88108000263632,0.900771760294186,0.882202670275974,0.899538485448783,0.882142705222924,0.899711440596171
960,0.880675776877077,0.901056596082179,0.880614217662696,0.901234677353473,0.881739958682338,0.899999001143753,0.881677775612483,0.900173956763329
961,0.880234715403225,0.901495247985268,0.880170961257307,0.901674926253731,0.881292530194703,0.900444103152003,0.881228139542481,0.900621037306699
962,0.879812947213938,0.901914526473137,0.879746947633175,0.902095780252125,0.880860886287581,0.90087329081892,0.880794299979082,0.901052180390709
963,0.879409154672183,0.902315744505593,0.879340831177777,0.902498572677486,0.880445469760908,0.901286122213153,0.880376701177946,0.901466942949775
964,0.879021772625279,0.902700459249293,0.878951029130056,0.902884864180516,0.880046664689142,0.9016822141776,0.879975728631443,0.901864940740175
965,0.878653292951211,0.903066188112714,0.878580077643808,0.90325214201909,0.879664796725822,0.902061242024929,0.879591709371495,0.902245848036265
966,0.878302453142266,0.903414181707989,0.878226706455861,0.90360166352688,0.879300133745579,0.90242293889562,0.879224912610073,0.902609396989024
967,0.877969699777724,0.903743990426852,0.877891375532138,0.903932974417992,0.878952886803077,0.902767094799052,0.878875550696788,0.902955376667486
968,0.877655239768555,0.904055402089204,0.877574302997534,0.904245862321315,0.878623211386224,0.903093555360294,0.878543780370946,0.903283631805686
969,0.877360140314483,0.904347350746673,0.877276582989476,0.904539256839225,0.878311208939288,0.903402220296971,0.878229704283678,0.90359406127953
970,0.877084902000447,0.904619335330428,0.876998733916298,0.904812660552066,0.878016928630225,0.903693041651876,0.877933372764462,0.903886616339248
971,0.876828621872458,0.904872248370082,0.876739840999283,0.905066982348704,0.877740369335636,0.903966021807928,0.877654785805454,0.90416129862404
972,0.876590257251346,0.905107118477543,0.876498846244286,0.90530326388957,0.877481481816258,0.904221211312564,0.877393895236498,0.90441815798603
973,0.876370455950833,0.905323299141567,0.876276426602589,0.905520849769773,0.877240171055699,0.904458706538846,0.877150607063564,0.904657290150793
974,0.876169883127224,0.905520130130978,0.87607328410895,0.905719071326961,0.877016298735357,0.904678647210352,0.876924783943512,0.904878834241546
975,0.875987842897826,0.905698298108815,0.875888721513174,0.905898626317142,0.876809685818935,0.904881213816435,0.876716247768593,0.905082970193607
976,0.875822555764881,0.90585955157645,0.875720918706703,0.906061290030714,0.876620115220721,0.905066624943678,0.876524782334868,0.905269916084931
977,0.875675098788202,0.906002829962036,0.875571004442752,0.906205980733081,0.876447334532854,0.905235134548317,0.876350136069734,0.90543992540754
978,0.875544791765986,0.906128798710577,0.875438300926001,0.906333371550506,0.876291058788005,0.905387029193231,0.876192024794987,0.905593284303425
979,0.87543243682637,0.906236685738946,0.875323666005277,0.906442668204032,0.876150973235282,0.905522625271637,0.876050134503231,0.905730308787093
980,0.875336990255326,0.906327521360429,0.875226041142888,0.906534916790637,0.876026736108757,0.905642266238158,0.875924124127001,0.905851341975415
981,0.875257962550945,0.906401799149321,0.875144938173785,0.906610613239722,0.875917981369594,0.905746319866221,0.875813628281594,0.905956751343757
982,0.875194035671328,0.906460791885612,0.875078994747698,0.906671060908179,0.875824321404532,0.905835175549085,0.875718259964341,0.906046926025689
983,0.875145555632663,0.906504195392916,0.87502860922022,0.906715922207565,0.875745349665196,0.905909241659983,0.875637613194774,0.90612227417179
984,0.875111970235433,0.906532566621755,0.874993242035541,0.906745747240285,0.875680643234489,0.90596894298516,0.875571265581963,0.906183220381299
985,0.875092370107764,0.906546770192163,0.87497194837695,0.906761429214842,0.875629765308105,0.906014718241741,0.875518780807016,0.906230203218591
986,0.875086511439434,0.906547084378058,0.874964511504524,0.906763223622288,0.875592267580902,0.906047017690713,0.87547971101051,0.906263672824753
987,0.875093839894401,0.906534067880118,0.874970381420444,0.906751683407789,0.875567692529573,0.906066300853563,0.875453599076252,0.906284088632802
988,0.875113792626957,0.906508280446119,0.874988989604673,0.906727369698073,0.875555575584658,0.906073034339545,0.875439980804428,0.906291917193549
989,0.875145901489881,0.906470171562465,0.875019854227501,0.906690741274656,0.875555447186471,0.906067689788998,0.875438386968693,0.9062876301175
990,0.875189552623296,0.906420393306056,0.875062374597967,0.906642427520135,0.875566834720958,0.906050741936705,0.875448345253216,0.906271702136828
991,0.875244224753647,0.90635946766397,0.875116024195814,0.90658294677355,0.875589264332815,0.906022666797945,0.875469382067014,0.906244609290042
992,0.875309375164045,0.90628794446398,0.875180254262349,0.906512844101717,0.875622262614478,0.905983939978658,0.875501024234148,0.9062068272308
993,0.875383935943066,0.906206961404759,0.87525400768679,0.906433222409252,0.875665358170649,0.90593503511004,0.875542800559484,0.906158829661169
994,0.875468081624184,0.906116269448018,0.87533742808546,0.906343866035855,0.875718083059107,0.905876422406823,0.875594243270726,0.906101086888604
995,0.875560516093036,0.90601724567514,0.875429225644803,0.906246117112799,0.875779974109375,0.905808567347667,0.87565488933831,0.906034064505066
996,0.875661334950325,0.905909747187908,0.875529476966058,0.906139849181021,0.875850574121692,0.905731929475233,0.875724281675587,0.905958222185863
997,0.875769952146785,0.905794374253392,0.875637587598371,0.90602565554898,0.875929432949342,0.905646961312867,0.875801970222356,0.905874012605127
998,0.875886082051231,0.905671407053699,0.875753261626119,0.905903814395873,0.876016108468036,0.905554107394211,0.875887512915433,0.905781880464265
999,0.876009247785815,0.905541333640789,0.875876014156926,0.905774805221644,0.876110167436496,0.905453803401582,0.875980476550409,0.905682261629216
1000,0.876138004383775,0.905405677749142,0.87600440034791,0.905640119148718,0.876211186252817,0.905346475408566,0.876080437539152,0.905575582371959
1001,0.876273069424952,0.905263656490353,0.876139123066272,0.905498990952526,0.876318751611461,0.905232539221946,0.876186982567931,0.905462258711409
1002,0.876412879502373,0.905116910159562,0.876278615285632,0.905353037279866,0.876432461066009,0.905112399817868,0.876299709161265,0.905342695848572
1003,0.876559340898487,0.90496340367885,0.876424763754363,0.905200256570355,0.876551923502934,0.904986450866958,0.876418226156758,0.905217287690718
1004,0.87670939811263,0.904806350384683,0.876574513604368,0.905043820887173,0.876676759531764,0.904855074343032,0.876542154096313,0.905086416459177
1005,0.876863922970151,0.904644822977706,0.876728728666405,0.904882809110936,0.876806601797065,0.904718640209984,0.876671125539117,0.904950452375347
1006,0.877021727080147,0.904480058521383,0.87688621760699,0.904718448545413,0.876941095217636,0.904577506181438,0.876804785301812,0.904809753419531
1007,0.87718340971312,0.904311415111312,0.877047571156169,0.904550104938219,0.877079897158266,0.904432017547822,0.876942790631207,0.904664665157213
1008,0.877348175308383,0.904139713924513,0.877211988794514,0.904378597746479,0.877222677539335,0.9042825070656,0.877084811314774,0.904515520627558
1009,0.877514600149683,0.90396643628213,0.877378048749636,0.90420540210683,0.877369118889354,0.904129294903536,0.877230529734083,0.904362640288961
1010,0.877683625873681,0.903790586540594,0.87754668687307,0.904029529616934,0.877518916345468,0.903972688641009,0.877379640866135,0.904206332016698
1011,0.877855890162477,0.903611483875435,0.877718530624384,0.903850307978462,0.877671777606688,0.903812983313561,0.877531852237413,0.904046891147857
1012,0.878029459097806,0.903431133746198,0.877891649417321,0.903669745793931,0.87782742284449,0.903650461501102,0.87768688383525,0.903884600568941
1013,0.878205072345377,0.903248757023047,0.878066779711813,0.903487066958781,0.877985584575158,0.903485393454336,0.877844467980923,0.903719730841749
1014,0.878380949303502,0.903066196840207,0.878242151045026,0.903304122006573,0.878146007498077,0.903318037255249,0.878004349168649,0.903552540363348
1015,0.878558214561272,0.902882274304475,0.878418884951566,0.903119734728119,0.878308448303908,0.903148639007701,0.878166283874439,0.903383275556178
1016,0.878736395057452,0.902697467972152,0.878596510156048,0.902934393539823,0.878472675456395,0.902977433054391,0.878330040338549,0.903212171084563
1017,0.878915577738216,0.902511675569424,0.878775113693223,0.902748004404202,0.878638468951272,0.902804642216701,0.878495398325003,0.903039450094147
1018,0.879095293148734,0.902325372403574,0.878954230980997,0.902561053845155,0.878805620055563,0.902630478054164,0.878662148861473,0.90286532447096
1019,0.879275012898138,0.902139095982756,0.879133341931036,0.902374090805141,0.878973931030289,0.902455141140511,0.878830093962538,0.902689995117113
1020,0.879454411701335,0.901953173943073,0.879312129810353,0.902187452852812,0.879143214839406,0.902278821353488,0.878999046339146,0.902513652240279
1021,0.879634250882108,0.901766806934422,0.879491354989327,0.902000343609046,0.879313294847569,0.902101698175846,0.879168829096877,0.902336475654379
1022,0.87981436509584,0.901580153512774,0.879670855731365,0.901812933167334,0.879484004509106,0.901923941005123,0.879339275425375,0.902158635089081
1023,0.879994687484627,0.901393270931022,0.87985057014453,0.901625289990976,0.879655187050382,0.901745709470031,0.879510228281168,0.901980290505928
1024,0.880174190250622,0.90120721387264,0.880029485099303,0.901438486111028,0.879826695147558,0.901567153751461,0.879681540065824,0.90180159241911
1025,0.880352664932072,0.901022191951938,0.880207403329974,0.901252739171871,0.879998390601523,0.901388414906299,0.879853072301287,0.901622682219069
1026,0.880529783511221,0.90083853968671,0.880384007089742,0.901068391028036,0.880170144011651,0.901209625192432,0.880024695304002,0.901443692497304
1027,0.880707087288154,0.900654652117502,0.880560832038091,0.900883831138983,0.880341834449844,0.901030908393473,0.880196287859289,0.90126474737093
1028,0.880883479949101,0.900471654998913,0.880736790988946,0.900700202471795,0.880513349136149,0.900852380141902,0.880367736897297,0.901085962805659
1029,0.881058423164658,0.900290101363091,0.880911355589215,0.900518068187266,0.880684583117137,0.900674148239459,0.880538937171677,0.900907446936053
1030,0.881232222524615,0.900109671159263,0.881084836237048,0.900337109110554,0.880855438948054,0.900496312973772,0.880709790942013,0.900729300382029
1031,0.881405371922856,0.89992984671637,0.881257728411193,0.900156807927521,0.881025826379639,0.900318967430312,0.880880207660908,0.900551616560705
1032,0.881577312419244,0.899751204178097,0.881429478465856,0.89997774753102,0.881195662050399,0.900142197798903,0.881050103666501,0.90037448199282
1033,0.881747974364513,0.899573814871993,0.881600021199988,0.899800000629704,0.881364869185009,0.899966083674118,0.88121940188109,0.900197976603039
1034,0.881917485734049,0.899397545505426,0.881769487743519,0.899623432675605,0.881533377299399,0.899790698348978,0.881388031516433,0.900022174013594
1035,0.88208577911626,0.899222466781281,0.881937813175236,0.899448113020751,0.881701121913022,0.899616109101497,0.881555927786211,0.899847141830764
1036,0.882252856214605,0.899048578773183,0.882105001018109,0.899274038901392,0.881868044268683,0.89944237747366,0.881723031626033,0.899672941923806
1037,0.882418950720955,0.898875639949509,0.882271286306267,0.899100964653734,0.882034091060256,0.899269559542523,0.881889289421321,0.89949963069602
1038,0.882585259624965,0.898702399578489,0.882437868784491,0.898927635730016,0.882199214168532,0.899097706183192,0.882054652743309,0.8993272593477
1039,0.882749467937024,0.898531281533977,0.882602426033378,0.898756472795055,0.882363370405383,0.898926863323491,0.88221907809335,0.89915587413078
1040,0.882912731028576,0.898361089635179,0.882766119414474,0.898586267868295,0.882526521266378,0.898757072190195,0.882382526655652,0.898985516595057
1041,0.883073241040974,0.89819372843741,0.882927131234394,0.898418912464511,0.882688632691917,0.898588369546745,0.882544964058534,0.8988162238259
1042,0.883232176666271,0.89802797754554,0.883086646294864,0.898253172971721,0.882849674836919,0.898420787922424,0.882706360144217,0.898648028673429
1043,0.883389563930901,0.897863816598559,0.883244687473516,0.898089019840684,0.883009621849059,0.89825435583299,0.882866688747159,0.898480959973154
1044,0.883546412175547,0.897700192070447,0.883402267650025,0.897925393226968,0.883168451655508,0.898089097992824,0.883025927480876,0.89831504275814
1045,0.883701589484036,0.897538299167435,0.883558236907046,0.897763479379103,0.883326145758091,0.897925035518661,0.883184057533182,0.898150298462754
1046,0.883855991704537,0.897377209207204,0.883713494700152,0.897602339211772,0.883482689036779,0.897762186125009,0.883341063469745,0.897986745118109
1047,0.884008482760596,0.897218126490979,0.883866885588688,0.897443165512336,0.883638069561364,0.897600564311386,0.883496933045825,0.897824397539327
1048,0.884160091061977,0.897059984233387,0.884019445803055,0.897284879249606,0.883792278411191,0.897440181541519,0.88365165702606,0.897663267504773
1049,0.884310113332221,0.896903531064769,0.884170457008643,0.897128219347643,0.883945309502768,0.897281046414677,0.883805229012122,0.897503363927418
1050,0.884458961816331,0.896748346493569,0.884320331020875,0.896972754310288,0.884097159425081,0.897123164829309,0.883957645278069,0.897344693018519
1051,0.884606988022052,0.896594070894231,0.884469418828811,0.896818114539238,0.884247827282418,0.896966540139184,0.884108904613209,0.897187258443801
1052,0.884754960305403,0.896439906427795,0.884618493876766,0.896663490809403,0.884397314544511,0.896811173302239,0.884259008172261,0.897031061472343
1053,0.884901452801226,0.896287359123247,0.884766098598055,0.89651038853943,0.884545624903769,0.896657063022329,0.884407959332621,0.896876101118382
1054,0.885045714489696,0.896137232122728,0.884911461714372,0.896359608830172,0.884692764139406,0.896504205884117,0.884555763558501,0.896722374276244
1055,0.885188070201967,0.895989196307598,0.885054911825984,0.896210814712084,0.884838739988232,0.896352596481304,0.884702428271734,0.896569875848624
1056,0.885329207261698,0.895842536927691,0.885197147734745,0.896063281777158,0.884983562021889,0.896202227538427,0.884847962729024,0.896418598868439
1057,0.885469822717094,0.895696527648793,0.885338874455629,0.895916274487541,0.885127241530317,0.896053090026452,0.884992377905411,0.896268534614473
1058,0.885608907638406,0.895552224682748,0.885479057322038,0.895770865088852,0.885269791411204,0.895905173272387,0.885135686383726,0.89611967272104
1059,0.885748054257759,0.89540797429308,0.885619309071753,0.895625376643635,0.885411226065229,0.895758465063132,0.88527790224983,0.895972001281889
1060,0.885884612540412,0.895266536866487,0.885756927143124,0.895482621507209,0.885551561296846,0.895612951743786,0.885419040993395,0.895825506948572
1061,0.886020561698162,0.895125860875324,0.885893922276119,0.895340515679502,0.885690814220407,0.895468618310646,0.885559119414016,0.895680175023491
1062,0.886155225293539,0.894986646732638,0.886029606663848,0.895199777668138,0.88582900317141,0.895325448499093,0.885698155532451,0.895535989547848
1063,0.886289801240476,0.894847653386149,0.886165195275761,0.895059145567505,0.885966147622647,0.895183424866597,0.885836168506753,0.895392933384698
1064,0.886422538855805,0.894710689514043,0.886298904793269,0.894920483411424,0.886102268105055,0.895042528871027,0.885973178553105,0.895250988297327
1065,0.88655438260065,0.89457477915735,0.886431693812332,0.894782802815872,0.886237386133057,0.894902740944501,0.886109206871147,0.895110135023151
1066,0.886685866711518,0.894439368368995,0.886564106495791,0.89464554185362,0.886371524134207,0.894764040562947,0.886244275573597,0.894970353343336
1067,0.886815956843447,0.894305517452703,0.886695091642284,0.894509805762251,0.886504705382926,0.89462640631158,0.886378407619965,0.894831622148336
1068,0.886945702869478,0.894172143493895,0.886825715486954,0.894374492797275,0.88663695393816,0.894489815946494,0.886511626754191,0.894693919499541
1069,0.887074005773004,0.894040369097431,0.886954864595291,0.894240774589382,0.88676829458476,0.894354246452536,0.886643957445996,0.894557222687203
1070,0.887202937162768,0.893908066104601,0.887084642176339,0.894106466740712,0.886898752778413,0.894219674097649,0.88677542483579,0.894421508284846
1071,0.887330099958895,0.893777681897973,0.887212618959771,0.893974112921238,0.887028354593957,0.894086074483865,0.886906054682956,0.894286752200306
1072,0.887457127489674,0.893647540753181,0.887340453080974,0.893841999719586,0.887157126676898,0.893953422595095,0.887035873317338,0.894152929723584
1073,0.887583511445324,0.893518156306833,0.88746763433041,0.89371066780048,0.887285096197976,0.893821692841899,0.887164907593783,0.894020015571671
1074,0.887708594053699,0.893390193576534,0.887593499828871,0.893580820647948,0.887412290810635,0.89369085910338,0.887293184849568,0.893887983930497
1075,0.887832542124426,0.89326347728073,0.887718224332239,0.893452288149322,0.887538738611215,0.893560894766362,0.887420732864571,0.893756808494164
1076,0.887956279198683,0.893137061390774,0.887842749856502,0.89332409872194,0.887664468101755,0.893431772761984,0.887547579824036,0.893626462501598
1077,0.888079114565203,0.893011643660708,0.887966380490467,0.893196982017404,0.887789508155239,0.893303465599873,0.887673754283785,0.893496918770773
1078,0.88820199139763,0.89288625832827,0.888090074939257,0.893069953683454,0.887913887983173,0.893175945400006,0.887799285137759,0.893368149730629
1079,0.88832331474976,0.892762524087169,0.888212219519196,0.892944691649551,0.888037637105335,0.893049183922414,0.88792420158774,0.893240127450832
1080,0.888445215016008,0.892638270079064,0.888334978774402,0.892818968004274,0.888160785321603,0.89292315259484,0.888048533115131,0.893112823669484
1081,0.888565623717013,0.892515597876219,0.888456258582546,0.89269494694031,0.888283362685709,0.892797822538485,0.888172309454685,0.892986209818919
1082,0.888686389057877,0.892392625820206,0.888577937957128,0.892570701631228,0.888405399480828,0.892673164591939,0.888295560570048,0.892860257049692
1083,0.888806653565838,0.892270224901395,0.888699150725064,0.89244712538705,0.88852692619687,0.892549149333438,0.888418316631019,0.892734936252886
1084,0.888926114698268,0.892148703481768,0.888819591191878,0.892324535558734,0.888647973509376,0.892425747101533,0.888540607992407,0.892610218080828
1085,0.889045265333644,0.892027562102831,0.888939764335983,0.8922024174543,0.888768572259915,0.892302928014279,0.888662465174385,0.89248607296634
1086,0.889163983809092,0.891906926928974,0.8890595500706,0.892080893585544,0.88888875343787,0.892180661987066,0.888783918844243,0.892362471140609
1087,0.889282615886682,0.891786449169007,0.889179302818333,0.891959603047442,0.889008548163525,0.892058918749159,0.888904999799431,0.892239382649786
1088,0.889401088211519,0.891666207260376,0.889298949334647,0.891838619367951,0.889127987672356,0.891937667859068,0.889025738951811,0.892116777370404
1089,0.889519522790604,0.891546082088779,0.889418614634699,0.891717814427151,0.88924710330043,0.891816878718824,0.889146167313017,0.891994625023698
1090,0.889637652842373,0.891426351372133,0.889538026354077,0.891597460453015,0.889365926470833,0.891696520587253,0.88926631598084,0.891872895188939
1091,0.889755301031994,0.891307202997898,0.88965700270248,0.891477735653783,0.889484488681023,0.891576562592345,0.889386216126543,0.891751557315843
1092,0.889872964444157,0.891188138822827,0.889776053112627,0.891358122068179,0.889602821491054,0.891456973742783,0.889505898983038,0.891630580736155
1093,0.889990887514699,0.891068917727725,0.88989542869197,0.891238362727598,0.88972095651255,0.89133772293873,0.889625395833824,0.891509934674476
1094,0.890107727173937,0.890950913462767,0.89001374826091,0.891119832947309,0.889838925398393,0.89121877898194,0.889744738002628,0.891389588258434
1095,0.890224770248874,0.890832828032736,0.890132330009047,0.89100120606777,0.889956759833007,0.891100110585288,0.889863956843649,0.891269510528252
1096,0.890341240137823,0.890715456530173,0.890250375914195,0.890883270833787,0.890074491523196,0.89098168638177,0.88998308373235,0.8911496704458
1097,0.890457460747792,0.890598478637781,0.890368214570098,0.890765690406426,0.890192152189436,0.890863474933077,0.89010215005671,0.891030036903214
1098,0.890574266085246,0.890481057376334,0.890486702937724,0.890647605247006,0.890309773557567,0.890745444737784,0.890221187208868,0.890910578731137
1099,0.890691199246026,0.89036366374888,0.890605365110183,0.890529481083395,0.890427387350799,0.890627564239259,0.890340226577085,0.890791264706668
1100,0.890807523230186,0.890247051006113,0.890723430931368,0.890412072145397,0.890545025281965,0.890509801833335,0.890459299537956,0.89067206356109
1101,0.890923726935472,0.890130732383807,0.890841399514459,0.890294874554804,0.890662719045962,0.890392125875835,0.890578437448799,0.89055294398743
1102,0.89104066502877,0.890013853475014,0.890960152699555,0.890177009208526,0.890780500312287,0.890274504690005,0.89069767164015,0.89043387464795
1103,0.891158105375602,0.889896655313443,0.891079445017657,0.890058713509208,0.890898400717616,0.890156906573944,0.890817033408294,0.890314824181616
1104,0.891275287193717,0.88977990731688,0.891198478709579,0.889940768974379,0.89101645185836,0.890039299808075,0.890936554007771,0.89019576121162
1105,0.891392931864942,0.889662892077191,0.891317992675755,0.889822438804988,0.891134685283102,0.889921652662755,0.89105626464377,0.890076654353034
1106,0.891510759644822,0.889545891976687,0.89143769377455,0.889704008493943,0.891253132484876,0.889803933406069,0.891176196464357,0.88995747222065
1107,0.891629363377171,0.889428319899425,0.891558189333845,0.889584874414589,0.891371824893199,0.889686110311898,0.891296380552458,0.889838183437096
1108,0.891748029337264,0.889310886757178,0.891678734218882,0.889465769719708,0.89149079386579,0.889568151668318,0.891416847917528,0.88971875664128
1109,0.891867073372487,0.889193278872316,0.891799647468286,0.889346376636594,0.891610070679897,0.889450025786413,0.89153762948683,0.889599160497252
1110,0.891986007378997,0.889075975745929,0.89192042006195,0.889227196508259,0.891729686523176,0.88933170100957,0.891658756096261,0.889479363703542
1111,0.892106270796801,0.888957556573825,0.892042536992352,0.889106762878089,0.891849672484022,0.889213145723331,0.891780258480634,0.889359335003059
1112,0.892227584312539,0.888838297824855,0.892165704771454,0.888985367588602,0.891970059541302,0.88909432836588,0.891902167263353,0.889239043193624
1113,0.89234810519173,0.888720000972589,0.892288007825299,0.888864903439152,0.892090878553385,0.888975217439239,0.892024512945398,0.889118457139217
1114,0.892470318727027,0.888600226095696,0.892412007346271,0.888742842995348,0.892212160246419,0.888855781521258,0.892147325893544,0.88899754578201
1115,0.892591967597036,0.888481172635744,0.892535375458164,0.888621487985287,0.892333935201747,0.888735989278482,0.892270636327717,0.888876278155277
1116,0.892714371756169,0.888361542622109,0.892659467493896,0.888499503514257,0.892456233842387,0.888615809479967,0.892394474307434,0.888754623397263
1117,0.89283766050237,0.888241204988427,0.892784417928727,0.888376761242189,0.8925790864185,0.888495211012149,0.892518869717195,0.888632550766097
1118,0.892961067182976,0.888120894908698,0.892909433345903,0.888254049143386,0.892702522991735,0.888374162894842,0.892643852250789,0.888510029655835
1119,0.893085698981382,0.887999530213154,0.893035649082095,0.888130252798911,0.892826573418381,0.888252634298461,0.892769451394375,0.888387029613736
1120,0.893212114554357,0.887876566427623,0.893163636408925,0.888004816937665,0.89295126733121,0.888130594562576,0.892895696408274,0.888263520358852
1121,0.893338860427648,0.887753398704427,0.893291896291727,0.887879226543074,0.893076634119928,0.888008013215872,0.893022616307358,0.888139471802044
1122,0.8934659738387,0.887629975388415,0.89342046263448,0.887753453705214,0.893202702910125,0.887884859997642,0.893150239839937,0.888014854067522
1123,0.893593328673947,0.887506405591748,0.893549211054106,0.887627623515907,0.893329502540617,0.887761104880907,0.893278595465044,0.887889637516002
1124,0.893721093448103,0.887382516405393,0.893678320584807,0.887501562329206,0.893457061539069,0.887636718097271,0.893407711327993,0.887763792769619
1125,0.893851003067491,0.887256632763436,0.893809569465541,0.887373531191454,0.893585408095792,0.887511670163628,0.893537615234114,0.887637290738674
1126,0.89398062689401,0.887131085220045,0.893940472843011,0.887245972662852,0.893714570035589,0.887385931910845,0.893668334620534,0.887510102650365
1127,0.894112982776367,0.887002961374986,0.894074110192699,0.887115878699397,0.893844574787529,0.887259474514533,0.893799896525885,0.887382200079604
1128,0.894245435433404,0.886874789823767,0.894207793834513,0.886985883900926,0.893975449352522,0.887132269528037,0.893932327557814,0.887253554982054
1129,0.894377977169926,0.886746562506766,0.894341516237921,0.886855995182446,0.894107220268562,0.887004288917781,0.89406565385816,0.88712413972952
1130,0.894512828806475,0.886616139481246,0.894477548472613,0.886724000299958,0.894239913573504,0.886875505101104,0.894199901065664,0.886993927147825
1131,0.894647066160075,0.886486328172061,0.894612918209878,0.88659279276245,0.894373554765227,0.886745890986719,0.894335094276059,0.886862890557325
1132,0.894782450006744,0.886355425813137,0.894749422200415,0.886460622673437,0.894508168759042,0.88661542001796,0.894471257999413,0.886731003816187
1133,0.894919237405674,0.886223184572167,0.894887329084373,0.886327230527271,0.894643779842189,0.886484066218949,0.894608416114553,0.886598241366611
1134,0.895057422030273,0.886089608809405,0.895026634556645,0.886192622701737,0.894780411625263,0.886351804243862,0.894746591820424,0.886464578284132
1135,0.89519745398099,0.885954263209088,0.895167797455184,0.886056357646141,0.894918086990413,0.886218609429437,0.894885807584208,0.886329990330176
1136,0.895337332874282,0.885819071258305,0.895308786671823,0.885920391100135,0.895056828036133,0.886084457850907,0.895026085086053,0.886194454008028
1137,0.895478429648908,0.885682707510109,0.895451002483719,0.885783364094093,0.895196656018487,0.885949326381525,0.895167445160214,0.886057946622405
1138,0.895621453191788,0.88554449088427,0.895595173286336,0.885644573902858,0.895337591288566,0.885813192755868,0.895309907732449,0.885920446342792
1139,0.89576534154615,0.885405447997597,0.895740222921068,0.885505050705772,0.895479653226021,0.885676035637091,0.895453491753463,0.885781932270739
1140,0.895910885502512,0.885264816454512,0.895886958188899,0.885364013330565,0.895622860168447,0.885537834688338,0.895598215128231,0.885642384511307
1141,0.896057245048963,0.885123409554425,0.896034529485031,0.885222268387342,0.895767229336455,0.885398570648494,0.895744094640984,0.885501784248857
1142,0.896204327341774,0.884981317968724,0.89618284672624,0.88507989024865,0.895912776754204,0.885258225412484,0.895891145875677,0.88536011382738
1143,0.896352808063227,0.88483789177199,0.896332602957297,0.884936207165657,0.896059517165212,0.885116782116322,0.896039383131715,0.885217356835575
1144,0.89650280860421,0.884693018952486,0.896483925433599,0.884791091278256,0.896207463943217,0.884974225227117,0.896188819334739,0.885073498196891
1145,0.896653213203281,0.88454778182095,0.896635679230105,0.884645615031791,0.896356628997878,0.884830540638257,0.896339465942261,0.884928524264732
1146,0.896804881517707,0.884401352445327,0.896788741891161,0.884498929619875,0.896507022675114,0.884685715769976,0.896491332843921,0.88478242292305
1147,0.896957923795161,0.88425362976367,0.896943228279085,0.884350918449113,0.896658653651838,0.884539739675538,0.896644428256147,0.884635183692553
1148,0.897113403134085,0.884103594490457,0.897100221669346,0.884200543970023,0.896811528824884,0.884392603153249,0.89679875861101,0.884486797842727
1149,0.897270698364565,0.883951855545144,0.897259085545621,0.884048406519596,0.89696565319389,0.884244298864518,0.896954328439033,0.884337258509924
1150,0.897428123583757,0.883800043678376,0.897418094942922,0.883896134394205,0.897121029737919,0.884094821458206,0.897111140245741,0.884186560821709
1151,0.89758604235946,0.883647805500765,0.897577621336724,0.883743357980693,0.897277659285597,0.88394416770147,0.897269194381729,0.884034702027718
1152,0.897745668056442,0.883493971947892,0.897738908369669,0.883588886402608,0.897435540378536,0.883792336617328,0.897428488906016,0.88388168163723
1153,0.89790642611612,0.883339101967426,0.897901368164201,0.883433275848882,0.897594669127839,0.88363932962917,0.89758901944248,0.883727501563663
1154,0.898068475997577,0.883183045504877,0.898065157838728,0.883276369653574,0.897755039063456,0.883485150712421,0.897750779029153,0.883572166276239
1155,0.898231252982689,0.883026348192251,0.898229694611971,0.883118716624278,0.897916640976196,0.883329806553563,0.897913757960171,0.883415682958991
1156,0.898396737208953,0.882867109091095,0.898396998587899,0.882958386113433,0.898079462752197,0.883173306716722,0.898077943620177,0.883258061677328
1157,0.898562858707585,0.882707322988737,0.898564945464663,0.882797402979451,0.898243489199645,0.883015663817999,0.898243320310994,0.883099315552345
1158,0.898729848552072,0.882546764456128,0.898733761900153,0.882635542473781,0.898408701867593,0.882856893707734,0.898409869070382,0.882939460943047
1159,0.898897379508496,0.882385743719893,0.898903110187244,0.882473122965624,0.898575078856701,0.882697015660849,0.898577567482735,0.882778517636661
1160,0.899066423202105,0.88222332713683,0.899073981174066,0.882309195806425,0.898742594621755,0.882536052575427,0.898746389481554,0.882616509047157
1161,0.899236575932161,0.882059902288337,0.899245956041863,0.882144163097774,0.898911219765852,0.882374031179631,0.89891630514359,0.882453462422119
1162,0.8994081773412,0.881895143181917,0.899419372538047,0.881977702008686,0.899080920826146,0.882210982247084,0.899087280474557,0.882289409058052
1163,0.899580877094537,0.881729383573861,0.899593863226207,0.881810165910519,0.899251660051089,0.882046940820758,0.899259277186347,0.882124384524196
1164,0.899754594280843,0.881562696907933,0.899769336494074,0.881641643679807,0.899423395169127,0.88188194644541,0.899432252465704,0.881958428894877
1165,0.899928835998866,0.881395548445948,0.899945282236443,0.881472626199221,0.899596079148859,0.88171604340858,0.899606158734365,0.881791586990408
1166,0.900103589150812,0.881227943879241,0.90012168242887,0.881303132730834,0.899769659950695,0.88154928099009,0.899780943400718,0.881623908626472
1167,0.900279268979096,0.881059482640953,0.90029895682511,0.881132764205475,0.899944080270102,0.881381713719962,0.899956548603045,0.881455448871925
1168,0.900455943531987,0.880890097579276,0.900477168758854,0.880961465915151,0.900119277272587,0.881213401644619,0.900132910944516,0.881286268314852
1169,0.90063304101046,0.880720329676494,0.900655728383784,0.88078981094594,0.900295182320598,0.881044410601157,0.900309961220121,0.881116433336697
1170,0.900810872519223,0.880549877255401,0.900834946024081,0.880617506444072,0.900471720692637,0.880874812499432,0.900487624135805,0.880946016394174
1171,0.900989154914134,0.880379006287396,0.90101452915134,0.880444840443273,0.90064881129489,0.880704685611625,0.900665818020148,0.880775096308659
1172,0.901167553704214,0.880208030217855,0.901194134447221,0.880272149487383,0.900826366365811,0.880534114868866,0.900844454529005,0.880603758562608
1173,0.901346047221523,0.880036964889427,0.90137373831683,0.880099462343491,0.901004291174141,0.880363192164419,0.901023438343598,0.880432095602527
1174,0.901524831963552,0.8798656205792,0.901553538669953,0.879926595746897,0.90118248371098,0.880192016662838,0.901202666862675,0.880260207147887
1175,0.90170371069297,0.879694183619683,0.901733334054573,0.879753751774339,0.901360834376585,0.880020695114382,0.901382029889407,0.880088200505291
1176,0.901882855954986,0.87952248835674,0.901913296828201,0.879580773124403,0.90153922566272,0.879849342173897,0.901561409313856,0.879916190887068
1177,0.902061600043297,0.879351169411827,0.902092752261876,0.879408317064421,0.901717531831471,0.879678080723231,0.901740678791934,0.879744301733394
1178,0.902239759968201,0.879180398587037,0.902271518301344,0.879236565025552,0.901895618591599,0.879507042196114,0.901919703421908,0.879572665036845
1179,0.902418126100292,0.879009423864344,0.902450393297416,0.879064757579935,0.902073342773618,0.879336366904322,0.902098339419656,0.879401421668214
1180,0.902595726409464,0.878839174552238,0.902628401297938,0.878893841896751,0.902250552004943,0.879166204363768,0.902276433794011,0.879230721702229
1181,0.90277205878143,0.878670128802133,0.902805043475743,0.87872430291122,0.902427084386613,0.878996713619022,0.902453824023714,0.87906072474167
1182,0.902947037013347,0.878502370141404,0.902980241758038,0.878556220367281,0.902602768173263,0.878828063564582,0.902630337737629,0.878891600238212
1183,0.903121749598165,0.878334866063326,0.903155092429666,0.878388551562796,0.902777421458193,0.878660433261053,0.902805792400085,0.878723527808149
1184,0.90329362606353,0.878170076179148,0.903327028588964,0.878223764087877,0.902950851865565,0.878494012244193,0.902979995003378,0.878556697540946
1185,0.903464147246464,0.878006589139323,0.903497542294107,0.878060432574125,0.903122856251972,0.878329000824593,0.903152741769664,0.878391310298407
1186,0.903633173778954,0.877844549094033,0.903666499563807,0.877898695857697,0.903293220419799,0.878165610375556,0.903323817864688,0.878227578001994
1187,0.903799676483104,0.877684948752828,0.903832879712058,0.877739538233479,0.903461718845045,0.878004063606521,0.903492997125997,0.878065723905671
1188,0.903963137069527,0.877528290635681,0.903996176784369,0.877583447304507,0.903628114422457,0.877844594819168,0.9036600418085,0.877905982851383
1189,0.904125451940704,0.877372773758741,0.904158288282847,0.877428624326211,0.903792158231077,0.877687450143109,0.903824702350477,0.877748601504095
1190,0.90428401203861,0.877220907998473,0.904316619706237,0.877277553566001,0.903953589323519,0.877532887747842,0.903986717163363,0.877593838563047
1191,0.904440517801304,0.877071077921004,0.904472874906667,0.877128622120811,0.904112134542538,0.877381178027417,0.904145812448844,0.877441964945691
1192,0.904591290604815,0.876926813821101,0.90462340237921,0.876985305639467,0.904267508368652,0.877232603754029,0.904301702047069,0.877293263940517
1193,0.904738422153033,0.876786122820505,0.904770299368971,0.876845614712654,0.904419412802853,0.877087460196529,0.904454087319975,0.877148031324745
1194,0.904882459755301,0.876648501674227,0.904914113033488,0.876709050569594,0.904567537288632,0.876946055199611,0.904602657073978,0.87700657544267
1195,0.905022234766988,0.876515089202732,0.905053682825769,0.876576730363675,0.904711558677764,0.876808709219223,0.904747087526469,0.876869217240176
1196,0.905155716167803,0.876387840133643,0.905186996771706,0.876450559784278,0.904851141244534,0.876675755309542,0.90488704232079,0.87673629025078
1197,0.905284820115608,0.876264939507006,0.905315972129578,0.876328742812647,0.904985936753223,0.876547539056661,0.905022172594529,0.876608140528346
1198,0.905407504427203,0.876148355508164,0.90543857737066,0.876213208178329,0.905115584583903,0.876424418453979,0.905152117106162,0.876485126521458
1199,0.905523388206157,0.876038465512976,0.905554439008946,0.87610431422738,0.905239711921681,0.876306763714104,0.905276502425201,0.876367618884263
1200,0.905633473376757,0.87593433635031,0.905664558683496,0.876001144695168,0.905357934014704,0.876194957012008,0.905394943191149,0.876256000218528
1201,0.905736663505655,0.875837035602643,0.905767840549871,0.875904749098379,0.905469854506263,0.876089392154048,0.905507042446614,0.876150664741522
1202,0.905832942311381,0.875746604946108,0.90586426916137,0.875815167300462,0.905575065846438,0.875990474167443,0.905612392050002,0.87605201787431
1203,0.905920809492623,0.875664485134395,0.905952342990152,0.875733810283166,0.905673149788663,0.875898618804812,0.905710573173203,0.87596047574507
1204,0.906001312411474,0.87558971648893,0.906033113018646,0.875659740128502,0.905763677976586,0.875814251958394,0.905801156889601,0.875876464602059
1205,0.906072857050679,0.875523824449515,0.906104976712263,0.875594459488788,0.905846212626448,0.875737808978743,0.905883704857682,0.875800420131005
1206,0.906135515792129,0.875466771099858,0.906168005671169,0.875537935907713,0.905920307310039,0.875669733892811,0.905957770105248,0.875732786671869
1207,0.906188077191253,0.875419702906665,0.906220974465049,0.87549130171132,0.905985507843034,0.875610478516642,0.90602289791908,0.875674016330172
1208,0.906231087651058,0.875382154369266,0.906264434238941,0.875454112512228,0.906041353283169,0.875560501458195,0.906078626844491,0.875624567978425
1209,0.906263859256917,0.875354800487566,0.906297685779482,0.875427047265726,0.906087377042325,0.875520267006247,0.90612448979882,0.875584906143616
1210,0.906285866618564,0.875338169526273,0.906320192831589,0.875410639478784,0.906123108116018,0.875490243901847,0.906160015302407,0.875555499777217
1211,0.906296508364355,0.87533284823334,0.906331339158418,0.87540548071614,0.906148072433269,0.875470903989386,0.906184728829972,0.875536820904797
1212,0.906295314844601,0.875339308188608,0.906330643115177,0.875412051539511,0.906161794329024,0.875462720745068,0.906198154284602,0.875529343153011
1213,0.906281804163512,0.875358006515933,0.906317604517515,0.875430818917783,0.906163798140551,0.875466167681396,0.906199815595748,0.875533540152597
1214,0.906255578397744,0.875389347672608,0.906291813353107,0.875462201129362,0.906153609928268,0.875481716627179,0.906189238441694,0.87554988381689
1215,0.906216145812879,0.875433838312244,0.906252767333302,0.875506719640689,0.906130759320428,0.875509835883664,0.906165952095918,0.875578842496457
1216,0.906162691418222,0.875492335555844,0.906199644577531,0.875565246190407,0.906094781479958,0.875550988258474,0.906129491395633,0.875620879011549
1217,0.906095630888716,0.875564310778985,0.906132823911167,0.875637265556729,0.906045219190453,0.875605628980366,0.906079398829509,0.875676448565376
1218,0.906013973190194,0.875650816684578,0.906051307414442,0.875723848553572,0.905981625057001,0.875674203499112,0.906015226740248,0.875745996542536
1219,0.905917115116459,0.875752465955653,0.905954479687952,0.875825623677667,0.905903563816028,0.875757145176339,0.905936539636184,0.875829956198419
1220,0.905804998160302,0.875869292177417,0.905842265610564,0.875942638569033,0.905810614746811,0.87585487287465,0.905842916604566,0.875928746246934
1221,0.905677444065492,0.87600146235757,0.905714472235417,0.876075075052887,0.905702374175683,0.875967788454028,0.905733953817526,0.876042768355555
1222,0.905533902871261,0.876149533967308,0.905570536616457,0.876223506533205,0.905578458062244,0.876096274186194,0.905609267120046,0.876172404558375
1223,0.905373301872031,0.876314603610962,0.905409371864727,0.87638904668215,0.905438504655166,0.876240690099324,0.905468494687505,0.87631801459958
1224,0.905196821396127,0.876495439472946,0.905232156540769,0.876570465943846,0.90528217720341,0.876401371267328,0.905311299738606,0.876479933221551
1225,0.905001643048896,0.876694928706643,0.905036045043684,0.876770680897221,0.905109166706893,0.876578625059633,0.905137373287727,0.876658467413546
1226,0.904791230493477,0.876909508638166,0.904824526593456,0.876986107849997,0.904919194688897,0.876772728369179,0.904946436918962,0.876853893638692
1227,0.904562694878113,0.877142127367383,0.904594680923023,0.877219729009605,0.904712015970824,0.876983924838049,0.904738245562454,0.877066455058692
1228,0.904316983626194,0.877391811859104,0.904347464019811,0.877470567914339,0.904487421428245,0.877212422101742,0.904512590251964,0.877296358777296
1229,0.904052058955561,0.877660631961471,0.904080815756967,0.877740717212237,0.904245240705736,0.877458389074636,0.904269300841143,0.877543773125072
1230,0.903770659288543,0.877945796475766,0.903797515548874,0.878027354285372,0.903985344866585,0.877721953300536,0.904008248654598,0.877808825009387
1231,0.903470395447437,0.878249726471431,0.903495147269701,0.878332929031687,0.903707648952309,0.878003198393378,0.903729349048659,0.878091597354677
1232,0.903153119745711,0.87857053918163,0.903175595911055,0.878655535560381,0.903412114425951,0.878302161594109,0.903432563855827,0.878392126659043
1233,0.902814916761296,0.878912196776043,0.902834896706568,0.878999182458002,0.903098751472416,0.878618831470503,0.903117903686138,0.878710400693921
1234,0.902461974442423,0.879268432962747,0.90247934624594,0.879357514598689,0.902767621128692,0.878953145787041,0.902785430058286,0.879046356373999
1235,0.902090367342287,0.879643211615861,0.902104969519527,0.879734547588153,0.902418837216708,0.879304989572143,0.902435257333233,0.87939987782462
1236,0.901702779242335,0.880033820085562,0.901714499991596,0.880127531858683,0.902052568051805,0.879674193409736,0.902067554423293,0.879770794673727
1237,0.901293318302955,0.880446202088897,0.901301965402053,0.880542485915144,0.901669037900436,0.880060531981573,0.901682546250273,0.880158880594714
1238,0.900871906955094,0.880870348714081,0.900877469221315,0.880969246013687,0.901268528161697,0.880463722885689,0.901280514927286,0.880563852125612
1239,0.900431634223698,0.881313219531583,0.900434005177972,0.881414867986137,0.900851378248727,0.880883425754975,0.900861800640242,0.880985367788566
1240,0.899975502513672,0.881771790024465,0.899974632677836,0.881876281552742,0.900417986147792,0.88131924169802,0.900426802206854,0.881423027531789
1241,0.890918576522752,0.87353321179401,0.881224496493149,0.901807705085224,0.899968808635149,0.881770713082178,0.899975977293217,0.881876372513914
1242,0.885401012954984,0.867124849383858,0.860137694980317,0.925843413305086,0.899504361134376,0.882237323676138,0.899509842270658,0.882344885248049
1243,0.881397405080218,0.864900779688678,0.839526419824748,0.947897350979656,0.899025217199875,0.882718499166305,0.899028971698565,0.882827990119835
1244,0.877005853209555,0.866314373044524,0.820219631140112,0.966729992537683,0.898532007615639,0.88321360805791,0.898533997422261,0.883325054290414
1245,0.871508096117912,0.870456216900688,0.802671596049626,0.982361369070531,0.898025419102034,0.883721962968092,0.898025607278699,0.883835388991553
1246,0.864760589595592,0.876746702947085,0.787531572818592,0.994667876016115,0.897506192627343,0.884242822314213,0.897504543406696,0.884358251216189
1247,0.856956822230428,0.884705594148216,0.7747876930256,1.00409150887634,0.896975121324978,0.884775392396492,0.896971600162646,0.884892845803452
1248,0.848342854106063,0.894091243057765,0.764565238287672,1.01083853974479,0.89643304802166,0.885318829869686,0.896427621646976,0.885438327912905
1249,0.839238570606897,0.904624385756657,0.757199967430888,1.01495928964838,0.895880862386284,0.885872244594073,0.895873498851101,0.885993805878239
1250,0.829766599955257,0.916292682836341,0.75258190761542,1.0167486315245,0.895319497713702,0.886434702851528,0.895310166439098,0.886558344426196
1251,0.820200513113289,0.928819102388019,0.750765389973779,1.01641010950663,0.894749927362096,0.88700523090801,0.894738599182775,0.887130968242049
1252,0.810622985334432,0.942113436831964,0.751669390350909,1.01413659985832,0.894173160866911,0.887582818899508,0.894159808073128,0.887710665858643
1253,0.801125982215347,0.955990417452402,0.755183470486283,1.01009848811212,0.893590239758467,0.888166425014304,0.893574836135307,0.888296393841862
1254,0.791683240768195,0.970355320479125,0.761195791447363,1.00437245160571,0.893002233114205,0.888754979940629,0.892984753978052,0.888887081241575
1255,0.782606247187215,0.984553282834828,0.769279928378995,0.9973367032703,0.892410232880018,0.889347391545237,0.89239065511207,0.889481634273575
1256,0.773823962761159,0.998457233303848,0.779217626979112,0.989013201756128,0.891815348998219,0.889942549745372,0.891793651074919,0.890078941194958
1257,0.765527063989918,1.01155956954836,0.790582622038487,0.979616996124344,0.891218704382301,0.890539331533945,0.891194866402564,0.890677877332756
1258,0.757820680357046,1.02355420239566,0.80320627011417,0.96912186714162,0.891218704382301,0.890539331533945,0.891194866402564,0.890677877332756
1259,0.750711341746801,1.03409205087974,0.81667587898556,0.957650260159429,0.8902575,0.8902575,0.8902575,0.8902575
1260,0.744281168507471,1.04285517117706,0.830491535767038,0.9455127315411,0.8902575,0.8902575,0.8902575,0.8902575
1261,0.738571402932632,1.0495463237203,0.844064330547723,0.933005319192294,0.8902575,0.8902575,0.8902575,0.8902575
1262,0.733540957723802,1.0540961154323,0.857034965420059,0.920262678275469,0.8902575,0.8902575,0.8902575,0.8902575
1263,0.729263444687351,1.05642672103254,0.869025190393758,0.907528569706569,0.8902575,0.8902575,0.8902575,0.8902575
1264,0.725822661464778,1.05656788357051,0.879795807993594,0.895011025029338,0.8902575,0.8902575,0.8902575,0.8902575
1265,0.723457414388082,1.05452480914937,0.889016960645323,0.88311677717534,0.8902575,0.8902575,0.8902575,0.8902575
1266,0.722281398627859,1.05049326279448,0.896693259353723,0.872007332498454,0.8902575,0.8902575,0.8902575,0.8902575
1267,0.722592054845461,1.04464693952179,0.902634624523179,0.862164526090301,0.8902575,0.8902575,0.8902575,0.8902575
1268,0.724553547327561,1.03726825899757,0.906977835076544,0.853780434775343,0.8902575,0.8902575,0.8902575,0.8902575
1269,0.72836029990903,1.02865385546009,0.909851625614069,0.847116375048085,0.8902575,0.8902575,0.8902575,0.8902575
1270,0.734216523286176,1.01908195985233,0.911406431417682,0.842427402863871,0.8902575,0.8902575,0.8902575,0.8902575
1271,0.742290761980405,1.00885336918079,0.911802184656764,0.839959591985582,0.8902575,0.8902575,0.8902575,0.8902575
1272,0.752730494247855,0.998202550891979,0.911212000651,0.839890733718796,0.8902575,0.8902575,0.8902575,0.8902575
1273,0.765555819718434,0.987406082989641,0.909823513197305,0.842319895007427,0.8902575,0.8902575,0.8902575,0.8902575
1274,0.780817244239718,0.976577376859382,0.9077602606402,0.84730317065573,0.8902575,0.8902575,0.8902575,0.8902575
1275,0.798209232250846,0.966006495978893,0.905233311536165,0.854664483425014,0.8902575,0.8902575,0.8902575,0.8902575
1276,0.817720800314633,0.955589900799199,0.902227859534615,0.864352646788106,0.8902575,0.8902575,0.8902575,0.8902575
1277,0.838904860854745,0.945430459912198,0.898835262926341,0.876017059937362,0.8902575,0.8902575,0.8902575,0.8902575
1278,0.861466669671207,0.935403145668192,0.894995265541983,0.889375320493259,0.8902575,0.8902575,0.8902575,0.8902575
1279,0.8849269077185,0.925414869675538,0.890658051616557,0.903999347519458,0.8902575,0.8902575,0.8902575,0.8902575
1280,0.908910124860764,0.915246200438599,0.885673194613091,0.919528210124812,0.8902575,0.8902575,0.8902575,0.8902575
1281,0.932633183304786,0.904897529709255,0.880069313444629,0.935280036141467,0.8902575,0.8902575,0.8902575,0.8902575
1282,0.955334701288094,0.894352070063241,0.873878499247481,0.950581548975197,0.8902575,0.8902575,0.8902575,0.8902575
1283,0.97640070942823,0.88353164281071,0.867081185585644,0.964885073003297,0.8902575,0.8902575,0.8902575,0.8902575
1284,0.995404871671035,0.872307204666699,0.859608663044309,0.977808837631544,0.8902575,0.8902575,0.8902575,0.8902575
1285,1.0120676624299,0.860544010922742,0.85138506921284,0.989106119144475,0.8902575,0.8902575,0.8902575,0.8902575
1286,1.02577781457252,0.84847691478427,0.842662254239651,0.998265532916614,0.8902575,0.8902575,0.8902575,0.8902575
1287,1.03595966709873,0.836514315997026,0.833854383667097,1.00480770487535,0.8902575,0.8902575,0.8902575,0.8902575
1288,1.04276497370045,0.824605763400975,0.824977936012034,1.00888054598145,0.8902575,0.8902575,0.8902575,0.8902575
1289,1.04607912671092,0.813155487467801,0.816423474912668,1.01040666197696,0.8902575,0.8902575,0.8902575,0.8902575
1290,1.04614433966807,0.802326960716082,0.808391344314713,1.0096146518251,0.8902575,0.8902575,0.8902575,0.8902575
1291,1.04317690528229,0.792481336558041,0.801244538024979,1.00670465702712,0.8902575,0.8902575,0.8902575,0.8902575
1292,1.03747431228144,0.784075466529208,0.795419164635309,1.00192720141625,0.8902575,0.8902575,0.8902575,0.8902575
1293,1.02944727406466,0.777455844903225,0.79126612894083,0.995629455049821,0.8902575,0.8902575,0.8902575,0.8902575
1294,1.01955174949695,0.772964457873364,0.789125672664614,0.988186184813876,0.8902575,0.8902575,0.8902575,0.8902575
1295,1.00810949099555,0.770888815925104,0.789331451584944,0.979873281281274,0.8902575,0.8902575,0.8902575,0.8902575
1296,0.995771232784594,0.77156641420453,0.792138454461625,0.971157456596036,0.8902575,0.8902575,0.8902575,0.8902575
1297,0.982928765135219,0.775174858493671,0.797729606826166,0.962318601768855,0.8902575,0.8902575,0.8902575,0.8902575
1298,0.969981503105465,0.781792029292544,0.806177288392197,0.953622775000131,0.8902575,0.8902575,0.8902575,0.8902575
1299,0.957182173312303,0.79142347300962,0.81749636287534,0.945207178372583,0.8902575,0.8902575,0.8902575,0.8902575
1300,0.944657422754364,0.804009104536381,0.831640768901741,0.937092867624007,0.8902575,0.8902575,0.8902575,0.8902575
1301,0.932418133818741,0.819426595170093,0.848502597756374,0.929193965660194,0.8902575,0.8902575,0.8902575,0.8902575
1302,0.920712295906482,0.837134394995691,0.867506320465274,0.921590118058706,0.8902575,0.8902575,0.8902575,0.8902575
1303,0.909313822259749,0.856878340250019,0.888413770558224,0.913993787864718,0.8902575,0.8902575,0.8902575,0.8902575
1304,0.898211695877537,0.878004195638512,0.910554140458865,0.906286615276456,0.8902575,0.8902575,0.8902575,0.8902575
1305,0.887299387945858,0.899848699234105,0.933246113934576,0.89828755226183,0.8902575,0.8902575,0.8902575,0.8902575
1306,0.876750213940278,0.92128229688184,0.955316504436792,0.890076931982888,0.8902575,0.8902575,0.8902575,0.8902575
1307,0.865999313440331,0.942199536976332,0.976647693043776,0.881116186159814,0.8902575,0.8902575,0.8902575,0.8902575
1308,0.85514207026399,0.961639649306323,0.996235283921385,0.871476405606345,0.8902575,0.8902575,0.8902575,0.8902575
1309,0.844049380715007,0.979142487221946,1.01356220228869,0.861043557635953,0.8902575,0.8902575,0.8902575,0.8902575
1310,0.83271688763378,0.994254505135163,1.02810770417268,0.849834546713834,0.8902575,0.8902575,0.8902575,0.8902575
1311,0.821505308902435,1.00628120601153,1.03912319623585,0.838253515025994,0.8902575,0.8902575,0.8902575,0.8902575
1312,0.810293923643793,1.01538503006967,1.04668125738891,0.82620832561248,0.8902575,0.8902575,0.8902575,0.8902575
1313,0.799528029525203,1.02127087742379,1.05046409020873,0.814220672815317,0.8902575,0.8902575,0.8902575,0.8902575
1314,0.789513021314947,1.02404701336246,1.05055452568635,0.802661592020846,0.8902575,0.8902575,0.8902575,0.8902575
1315,0.780367230017166,1.02414732121972,1.04731470684907,0.791655179248979,0.8902575,0.8902575,0.8902575,0.8902575
1316,0.772480154717656,1.02184820772686,1.04100735357068,0.781625054466863,0.8902575,0.8902575,0.8902575,0.8902575
1317,0.76647022499068,1.01739013971675,1.03200924216094,0.773322355609815,0.8902575,0.8902575,0.8902575,0.8902575
1318,0.762666287872007,1.01121969405552,1.02075042479506,0.76705984838572,0.8902575,0.8902575,0.8902575,0.8902575
1319,0.761483447924608,1.00384268753181,1.00792657962966,0.763367233257815,0.8902575,0.8902575,0.8902575,0.8902575
1320,0.763253054321823,0.995637627627198,0.99391329535998,0.762526036242397,0.8902575,0.8902575,0.8902575,0.8902575
1321,0.768274833726118,0.987006175052766,0.979256233930387,0.764873296766119,0.8902575,0.8902575,0.8902575,0.8902575
1322,0.776662029332346,0.978354173911484,0.964573241505398,0.770595887540151,0.8902575,0.8902575,0.8902575,0.8902575
1323,0.78853814066279,0.969865158648423,0.95016159701599,0.779810489799949,0.8902575,0.8902575,0.8902575,0.8902575
1324,0.80390453063762,0.961638709945981,0.936256665894664,0.792516923071832,0.8902575,0.8902575,0.8902575,0.8902575
1325,0.822759707204519,0.953588205027496,0.922874834980811,0.808689625350542,0.8902575,0.8902575,0.8902575,0.8902575
1326,0.844375535294176,0.945890659742309,0.910455747267878,0.827690477510935,0.8902575,0.8902575,0.8902575,0.8902575
1327,0.868361775427082,0.938313551760454,0.898864265095635,0.849124107422314,0.8902575,0.8902575,0.8902575,0.8902575
1328,0.893970674482194,0.930679770805493,0.888040257905151,0.872265240028101,0.8902575,0.8902575,0.8902575,0.8902575
1329,0.920701788487921,0.922581749090287,0.8776122911965,0.896606834179578,0.8902575,0.8902575,0.8902575,0.8902575
1330,0.947087895819607,0.914098755482852,0.867757146578625,0.920765847174124,0.8902575,0.8902575,0.8902575,0.8902575
1331,0.973417641756339,0.904338290070734,0.857513196274871,0.94501152103147,0.8902575,0.8902575,0.8902575,0.8902575
1332,0.997914706793694,0.893646397511306,0.847246078036653,0.967690414325633,0.8902575,0.8902575,0.8902575,0.8902575
1333,1.01983454570927,0.881914361501288,0.836799915878017,0.988160669488609,0.8902575,0.8902575,0.8902575,0.8902575
1334,1.03862320362574,0.869034428582076,0.8259998856447,1.00598441888995,0.8902575,0.8902575,0.8902575,0.8902575
1335,1.05360912844097,0.855192436517194,0.814935291440323,1.02061501599284,0.8902575,0.8902575,0.8902575,0.8902575
1336,1.06443797259077,0.840566363647452,0.803692742879759,1.03182606834605,0.8902575,0.8902575,0.8902575,0.8902575
1337,1.07084479467939,0.825521347926147,0.792527556714594,1.03946273732028,0.8902575,0.8902575,0.8902575,0.8902575
1338,1.07275360600249,0.810548700388266,0.781807113379067,1.04352305227233,0.8902575,0.8902575,0.8902575,0.8902575
1339,1.07050533300258,0.795725527107138,0.771634490572087,1.0444907074286,0.8902575,0.8902575,0.8902575,0.8902575
1340,1.06420439981245,0.782226935749724,0.762873692273338,1.04231722706647,0.8902575,0.8902575,0.8902575,0.8902575
1341,1.05437015905245,0.770144541055524,0.75572509667724,1.03764591220545,0.8902575,0.8902575,0.8902575,0.8902575
1342,1.04173511189566,0.760384195138023,0.750831310333386,1.0309506142726,0.8902575,0.8902575,0.8902575,0.8902575
1343,1.02702731928104,0.753347231552534,0.748564107127372,1.02285405564417,0.8902575,0.8902575,0.8902575,0.8902575
1344,1.01088385393132,0.749382079596482,0.749309712768063,1.01391784308684,0.8902575,0.8902575,0.8902575,0.8902575
1345,0.993791454355024,0.748880419867326,0.753512917253396,1.00454534633873,0.8902575,0.8902575,0.8902575,0.8902575
1346,0.976582768462436,0.752197821710546,0.761388427349816,0.995225659890159,0.8902575,0.8902575,0.8902575,0.8902575
1347,0.959737371502289,0.759525923000477,0.773118513476917,0.98622632206026,0.8902575,0.8902575,0.8902575,0.8902575
1348,0.943606439346494,0.770929195846985,0.788776837384682,0.977689279193479,0.8902575,0.8902575,0.8902575,0.8902575
1349,0.927884455514868,0.786428189318992,0.808842884893548,0.96954957262181,0.8902575,0.8902575,0.8902575,0.8902575
1350,0.913188486678877,0.804958896483941,0.832556736948664,0.962424272686388,0.8902575,0.8902575,0.8902575,0.8902575
1351,0.89942743743252,0.826956753098008,0.859581027583237,0.955382029596731,0.8902575,0.8902575,0.8902575,0.8902575
1352,0.887789951603028,0.852459201217867,0.887896836684697,0.947343050532948,0.8902575,0.8902575,0.8902575,0.8902575
1353,0.877760041381238,0.879778448638807,0.916874965906078,0.938687855039464,0.8902575,0.8902575,0.8902575,0.8902575
1354,0.867753334605024,0.907924067373969,0.947106891607472,0.929421455507627,0.8902575,0.8902575,0.8902575,0.8902575
1355,0.857489060435566,0.935904035533587,0.977548773199197,0.919221684219424,0.8902575,0.8902575,0.8902575,0.8902575
1356,0.846890883036393,0.962825681854304,1.0069383707163,0.907744304889705,0.8902575,0.8902575,0.8902575,0.8902575
1357,0.83629663417176,0.987170998006631,1.03339402414887,0.895186219663074,0.8902575,0.8902575,0.8902575,0.8902575
1358,0.825367563181811,1.00861809613467,1.05634025523918,0.881198594436917,0.8902575,0.8902575,0.8902575,0.8902575
1359,0.814071102448443,1.02655022119692,1.07495636368906,0.865862423933078,0.8902575,0.8902575,0.8902575,0.8902575
1360,0.802448261599839,1.04060780081687,1.08870651713016,0.849372626732011,0.8902575,0.8902575,0.8902575,0.8902575
1361,0.790697010703645,1.05058448284834,1.09723404052387,0.832106675482185,0.8902575,0.8902575,0.8902575,0.8902575
1362,0.779105036534859,1.05651947859549,1.10045880499813,0.814524494992007,0.8902575,0.8902575,0.8902575,0.8902575
1363,0.767986137094767,1.05872081984404,1.09858607458259,0.79705981439144,0.8902575,0.8902575,0.8902575,0.8902575
1364,0.75781341395656,1.05754821615121,1.09193998014465,0.780316944097646,0.8902575,0.8902575,0.8902575,0.8902575
1365,0.749165432241788,1.0534401366222,1.08101720931417,0.765025396641208,0.8902575,0.8902575,0.8902575,0.8902575
1366,0.742597673127261,1.04697236457794,1.06647554988593,0.751824836721094,0.8902575,0.8902575,0.8902575,0.8902575
1367,0.73870476490498,1.03878774096362,1.04928194707326,0.741548229841257,0.8902575,0.8902575,0.8902575,0.8902575
1368,0.737979941090589,1.02949557470874,1.02999559713059,0.734504146201311,0.8902575,0.8902575,0.8902575,0.8902575
1369,0.740832030143656,1.01980516085714,1.00984235544814,0.73137011223182,0.8902575,0.8902575,0.8902575,0.8902575
1370,0.74780707751695,1.01004361370374,0.989150427268637,0.732488765954905,0.8902575,0.8902575,0.8902575,0.8902575
1371,0.759230237352864,1.0006794415041,0.968694671751455,0.738157548307388,0.8902575,0.8902575,0.8902575,0.8902575
1372,0.777329750504048,0.994106353910303,0.947378920606405,0.74597335780891,0.8902575,0.8902575,0.8902575,0.8902575
1373,0.801207215279651,0.989847828452397,0.92613683135489,0.756574561934322,0.8902575,0.8902575,0.8902575,0.8902575
1374,0.828669640001807,0.98586682660891,0.906793895330031,0.772012864218832,0.8902575,0.8902575,0.8902575,0.8902575
1375,0.857757652124478,0.98026407893783,0.890851619344952,0.79375598125636,0.8902575,0.8902575,0.8902575,0.8902575
1376,0.886612298340974,0.971572356489401,0.879518973388615,0.822230955850883,0.8902575,0.8902575,0.8902575,0.8902575
1377,0.91468782400784,0.959363783113051,0.872507567333522,0.856412812806804,0.8902575,0.8902575,0.8902575,0.8902575
1378,0.943031344941861,0.944101799089936,0.867854124830736,0.894433950233041,0.8902575,0.8902575,0.8902575,0.8902575
1379,0.971664974864464,0.927914227675816,0.863669563290938,0.932217760770621,0.8902575,0.8902575,0.8902575,0.8902575
1380,1.0022490825976,0.91357686123964,0.856385290610096,0.96587457609539,0.8902575,0.8902575,0.8902575,0.8902575
1381,1.03248349351216,0.900118448276085,0.846649870611061,0.994915459668982,0.8902575,0.8902575,0.8902575,0.8902575
1382,1.06038755006966,0.885922244361414,0.835231412561484,1.01998784017375,0.8902575,0.8902575,0.8902575,0.8902575
1383,1.08377489609098,0.870623444493635,0.823007431561848,1.04053816943382,0.8902575,0.8902575,0.8902575,0.8902575
1384,1.10217065037603,0.853629053808829,0.80992245872321,1.05695188531945,0.8902575,0.8902575,0.8902575,0.8902575
1385,1.11449193723841,0.835560687437079,0.79656473972959,1.06857167903561,0.8902575,0.8902575,0.8902575,0.8902575
1386,1.12092599445216,0.816418328145443,0.78288503249947,1.07582793779093,0.8902575,0.8902575,0.8902575,0.8902575
1387,1.12119142255185,0.797221457540699,0.769613847596968,1.07852891199883,0.8902575,0.8902575,0.8902575,0.8902575
1388,1.11570504694646,0.778570359055298,0.757192165340137,1.07714233073688,0.8902575,0.8902575,0.8902575,0.8902575
1389,1.10510890968868,0.76110517475924,0.746127763531244,1.07230112357451,0.8902575,0.8902575,0.8902575,0.8902575
1390,1.09014593445885,0.745454201149336,0.736981075918013,1.0647103569435,0.8902575,0.8902575,0.8902575,0.8902575
1391,1.07181356783516,0.732586102332846,0.730489020890543,1.05508333456459,0.8902575,0.8902575,0.8902575,0.8902575
1392,1.05093499297907,0.7230321241287,0.727231991827618,1.04414967066345,0.8902575,0.8902575,0.8902575,0.8902575
1393,1.02868669957511,0.717533680624876,0.727789069464632,1.03268906427367,0.8902575,0.8902575,0.8902575,0.8902575
1394,1.00598159592167,0.716584972641878,0.73264217081999,1.02132528481726,0.8902575,0.8902575,0.8902575,0.8902575
1395,0.981766876347251,0.71825936396027,0.744472323554591,1.0122486431485,0.8902575,0.8902575,0.8902575,0.8902575
1396,0.955378787116544,0.72121418400442,0.765020294274211,1.00711789396653,0.8902575,0.8902575,0.8902575,0.8902575
1397,0.929504660002814,0.72818741444877,0.791599303286387,1.00408113772293,0.8902575,0.8902575,0.8902575,0.8902575
1398,0.906356760378878,0.741983312499313,0.821757173047392,1.00079720464118,0.8902575,0.8902575,0.8902575,0.8902575
1399,0.889332039159243,0.765026249092643,0.851665649841015,0.994590810540987,0.8902575,0.8902575,0.8902575,0.8902575
1400,0.878388735378927,0.797006389427446,0.880887045738602,0.984706034631156,0.8902575,0.8902575,0.8902575,0.8902575
1401,0.873084975444271,0.836711178400727,0.909074761580916,0.97066279694755,0.8902575,0.8902575,0.8902575,0.8902575
1402,0.872345149535085,0.881771233482202,0.936115611581998,0.952655217586559,0.8902575,0.8902575,0.8902575,0.8902575
1403,0.873729220631616,0.929111640456465,0.962976522465014,0.931745599310053,0.8902575,0.8902575,0.8902575,0.8902575
1404,0.873530264541093,0.974445325712319,0.991388459811236,0.910513228095967,0.8902575,0.8902575,0.8902575,0.8902575
1405,0.867032384197167,1.01191478463664,1.02329717636626,0.893528839428379,0.8902575,0.8902575,0.8902575,0.8902575
1406,0.855739921386546,1.04195218674632,1.05553357737219,0.878865357326225,0.8902575,0.8902575,0.8902575,0.8902575
1407,0.841898383217878,1.06518337586374,1.08429510599777,0.864604262129001,0.8902575,0.8902575,0.8902575,0.8902575
