state_1_error,state_2_error,state_3_error,state_4_error,state_5_error,state_6_error,state_7_error,state_8_error,state_9_error,state_10_error,state_11_error,state_12_error,state_13_error,state_14_error,state_15_error,state_16_error
1.5,0,0.48,0,0.5,0.075,2.1891397605774,1.33915731894735e-16,90,7.79090147260369e-19,0.012732800391837,0.749452631063528,0.810501429780757,0.811016606115714,0.810475433489892,0.811157310223588
1.49992499743585,0.00999983292909027,0.48298418507016,0.00750174453643863,0.499974763437736,0.209455082506225,2.1877401131698,0.00823721453757704,90.8584187302663,0.00729386834181178,0.070390132583274,0.747811945178982,0.55326109558616,0.259454473992623,0.257743267203468,0.640677174138478
1.49969848195549,0.0199984750574453,0.487914159925895,0.0152740863181953,0.499866012662161,0.275568712420411,2.15271102864035,0.266258447162963,91.7096291404691,0.0544318325511451,0.534383554317173,0.737489863394567,0.598119790521043,0.239623683337796,0.242930530541406,0.715592208862188
1.49930170395939,0.0299929068568687,0.493780094388053,0.0249860495164366,0.499518884185639,0.304902520263682,2.0656896103284,1.2749082294639,92.5506128567649,0.108264663102672,1.31055073971253,0.725430961378887,0.45981749678703,0.521247979934107,0.525793231494086,0.758212453273134
1.49866001355381,0.03997537915446,0.49984694782912,0.0406401355381047,0.498567169480279,0.29488724007269,1.85461123963166,3.22143031704637,93.3701888794986,0.290958257168096,2.1354124969299,0.685744856626674,0.00753443127669473,0.680139703425589,0.685414118284083,0.782628022340153
1.49759675403217,0.049924376451322,0.50531552647768,0.0681307927916738,0.495896457962441,0.247059209385851,1.33347970014759,6.06952690999149,94.1423176443469,0.653025427751161,2.87819133199515,0.607420316229623,0.38421708028081,0.769762991621379,0.776579209770008,0.796785274849174
1.4958220961264,0.0597858360337795,0.509596483424652,0.112238471660757,0.489439181709696,0.180599254246712,0.343582318176292,9.73188859142357,94.8639024814987,1.10380379758834,3.54227875884293,0.500541494437083,0.605753045141076,0.596421799216258,0.828246354830558,0.800119725963242
1.49299182813195,0.0694635311199997,0.512598679333725,0.174230737333519,0.477114921218886,0.119487450760764,1.10365338312887,14.0619589821832,95.5467396827676,1.43257578550905,3.99114030972306,0.358315493753244,0.731642678656099,0.129959799808651,0.857115196908038,0.394330175333787
1.48869340239791,0.0788128543045172,0.514321738002948,0.25920418894013,0.456437499876001,0.0534871821866068,2.69323581548352,18.6725432713183,96.196552892113,1.39402718168208,3.99402113714819,0.218927797002333,0.802942360208839,0.282111463936208,0.633352939880693,0.162165370848595
1.48253960276502,0.0876828977483625,0.514924812696578,0.35790186083809,0.429736601991605,0.0113551102895932,4.13758958711071,23.0321071749026,96.7961952614764,1.28111761056764,3.52820155323223,0.121712797225754,0.84338828882659,0.514972391983579,0.133217161498295,0.476114372040292
1.47429942717305,0.095965897924824,0.514890773767592,0.468999346040158,0.397331779053792,0.0147604002224795,5.38456432186304,26.7015170157438,97.3036041403201,1.12285335878976,2.80477159731532,0.047179826244989,0.866680535094076,0.646763533072203,0.210936130288406,0.653224127782293
1.46363056849138,0.103515093626301,0.514248829545677,0.601723659857818,0.35602185356974,0.052027357243456,6.25314404926771,29.5677079558831,97.6412901169058,0.792839288372154,2.1101859793998,0.0460586004644423,0.880653678284876,0.596197972496123,0.50880661598959,0.752982304394251
1.45008520738301,0.110148699065611,0.51271015746025,0.755888059219834,0.306145963934327,0.103658133438233,6.56419814499529,31.7243084124439,97.7465160452852,0.404023827963808,1.51499139935065,0.14227889425519,0.888648476937819,0.469283355140264,0.677253031826562,0.80909904656558
1.43329336488774,0.115724802917165,0.510050512965128,0.925277771050376,0.250878950461352,0.163095894901619,6.25959825313502,33.2648893422165,97.5948986031446,0.00307451633820484,0.987734274295214,0.237362919871725,0.892881843973618,0.39180443245716,0.761730723190728,0.840562588242812
1.41301452647331,0.120173013096488,0.506168761919666,1.10356978929886,0.194002503940737,0.225140156655154,5.32535288181394,34.2326195614907,97.1828100895125,0.404140232583539,0.489351121029684,0.328733091519448,0.895224148730772,0.320760123392088,0.734528059789169,0.858082495177496
1.38912890526882,0.12349896306831,0.501050498518043,1.28512095638186,0.139218716774661,0.286367957899563,3.81649965635561,34.62139382557,96.535846473957,0.747813560672505,0.0146612456327402,0.406992897114012,0.896740551457536,0.244349642477952,0.61589845367184,0.86774237036068
1.36161986505265,0.125776381067364,0.494731890511099,1.46501778362571,0.0896399706597646,0.34472951937729,1.86038194412137,34.3914786085245,95.7135818366605,1.00387075718335,0.537564570143157,0.469611178872336,0.897858147325533,0.169425169025851,0.476378677925035,0.801948316171961
1.33057533227038,0.127136448114543,0.4872997934052,1.63776096733778,0.0478281981414333,0.397158615477455,0.359834319733657,33.5274990907585,94.7957071663866,1.13468873965205,1.03018828678238,0.527067539480595,0.898722695166848,0.100729113265259,0.380492940859014,0.594078594411777
1.29618736433953,0.127750357943927,0.478902373996797,1.79904432221165,0.0150613239962986,0.441360481748932,2.62953328917217,32.0951230069917,93.8510360168038,1.1190983028903,1.42240479936048,0.595426738224575,0.89941685853641,0.0373762054576637,0.366724531649349,0.301080441417728
1.2586902653486,0.12779602727028,0.469681648272146,1.94893112751472,0.00916577521149381,0.480262832525802,4.76000215038343,30.2340050401533,92.910696546714,0.981670030723859,1.67436470355763,0.683989421812152,0.899903379150854,0.0144563972037908,0.428169929732394,0.0342216337760411
1.21829706711864,0.127433364549838,0.459701406912506,2.08851639287338,0.0259236795855896,0.517241804758174,6.63168100796566,28.1054886113156,91.9659163045865,0.761440312172226,1.78993769994652,0.794413912202514,0.900430106209666,0.0490274613907884,0.492576932394868,0.215123532311375
1.17522574186929,0.126801854463733,0.449015121777695,2.21674940590425,0.0362854419252625,0.550833181215893,8.16219014775976,25.8587863450179,90.9798639497867,0.462053965089423,1.78551964748241,0.925687371728398,0.900891815785242,0.0710257656190696,0.536743949279824,0.430593533887662
1.12969742237719,0.12601388421874,0.437684627145679,2.33451088458371,0.0418649568064679,0.582097989683649,9.28609269668969,23.617950840973,89.9027866154021,0.102187848780575,1.68676965030511,1.0734921744749,0.901150832132267,0.0925261260107367,0.585625948275642,0.59033144921246
1.08190139833089,0.125146965701828,0.425724748182556,2.4440202850621,0.0444918347904452,0.614715735340159,9.96433305755399,21.4869284437785,88.6827246399612,0.286752522434712,1.50819253832054,1.234520284376,0.901382651254517,0.109115887024881,0.677326234154577,0.669512761046367
1.03197182248776,0.1242414276649,0.413047087426388,2.54812287549615,0.0460348974761439,0.65439693429978,10.2079376355016,19.5535188230522,87.2717712428994,0.647494737128592,1.27539970476975,1.40584294203318,0.901469473275832,0.0922572330567004,0.771706447749756,0.648174677445345
0.980011450131011,0.123300742842305,0.399503017652499,2.64676627501748,0.0482913672442804,0.700369884351308,10.0782069534485,17.85746440289,85.6393505969921,0.946443303377806,1.04695372764341,1.58280068837566,0.901814488175648,0.0126627836907605,0.813240463187564,0.60806533714696
0.926152529827162,0.122294833729465,0.385037283117053,2.73761826092033,0.0527657566526031,0.745307386736307,9.64569649003735,16.3837054385839,83.7716443512822,1.18993433214566,0.861698323098254,1.76656380133059,0.902398927610824,0.111967824326396,0.787759042952511,0.590763146138112
0.870569335708182,0.121168771899556,0.369739153303037,2.81899031902442,0.060412106326197,0.782700334337487,8.96003872261417,15.0806888370094,81.6650391566697,1.40007725273313,0.748526406848484,1.9554898970448,0.901830321988366,0.250287313478937,0.693619689833326,0.586313549805054
0.813461728021881,0.119854675518502,0.353807303182064,2.88994847491083,0.0715766032876567,0.808081875035502,8.03923407004133,13.8711336816004,79.3248545416189,1.60162340994952,0.725979008220669,2.14497952351168,0.888598498565242,0.37920926181667,0.544828012632536,0.586174837068816
0.755048620171,0.11828457948841,0.337532214886503,2.94881798781084,0.0857484805466734,0.813946300226447,6.86310271936886,12.6636818368404,76.7634054404002,1.85132789816027,0.820510184397414,2.32570786045372,0.888487623781541,0.489568024836568,0.121722638323153,0.654409457501028
0.69561141938448,0.116416889062661,0.321484219928444,2.9928080566015,0.101261200484668,0.786748330490701,5.26590465447533,11.3095429906222,74.007966454746,2.28604336657782,1.08579091329251,2.4823141899177,0.89567631773454,0.513586294228932,0.278099161965069,0.728685389008696
0.635409880878468,0.114222432171166,0.306175113227128,3.02565308087504,0.118535830882856,0.742414285507329,3.02865008814505,9.70881891518439,71.0707057066417,2.86449927760935,1.42837038606124,2.61869546061544,0.899557180637096,0.46794702325206,0.503828614236892,0.770691159189458
0.574653450493326,0.111660377013785,0.291836106445324,3.04816568015759,0.13799078070291,0.690094062436886,0.00746605675267659,7.87202637946407,67.931212723113,3.5309167823785,1.78590892634781,2.73797553821155,0.826984828036304,0.428190323139934,0.631142953452681,0.771804818146355
0.513559718444858,0.108691443227613,0.278625442047568,3.0592297148584,0.159215504574532,0.63016452601158,3.90735569717197,5.8826356142179,64.5532925220039,4.17448127448695,2.11808976763285,2.83581332200589,0.629854361745821,0.422847641475122,0.643799857858418,0.659337387498708
0.45236901107849,0.105277342086825,0.266635812977455,3.05740028615779,0.182828254369154,0.570679030286301,8.57234760387042,3.87326050178082,60.9087637823591,4.62278672837254,2.38561074770669,2.90555271253484,0.312982723621675,0.428116537160136,0.406062257361039,0.365272768159207
0.391381520808258,0.101347325784174,0.255674710022436,3.03767971406789,0.211116292887139,0.529960318932015,13.667104488436,2.03141568130614,57.0064099731113,4.667402836538,2.51831425462926,2.94590199059515,0.071336484547416,0.410068770888219,0.0519689243998797,0.0793396941550462
0.331027786965661,0.0968011620336064,0.24526216119206,2.99355802554928,0.243829258370075,0.513982530838662,18.6721211340522,0.555935053543329,52.9194921753515,4.25921081965018,2.50380549157733,2.95811103328583,0.375017134292135,0.410027908911831,0.420797371198739,0.425472393969551
0.271796863316308,0.0915965843589571,0.235052027184915,2.92564657375299,0.276314305360548,0.508368847531708,23.1312227597025,0.449613222191982,48.7545469109865,3.56476503104607,2.39934881026216,2.95227402502621,0.558015158988046,0.35648836522227,0.631549707237199,0.620909686706393
0.214151502274414,0.0857705371017609,0.224879763135381,2.83513885328199,0.30557721750747,0.510344264862736,26.7744691361872,0.967546083635925,44.6216779375499,2.74661567461847,2.21151729569001,2.92782627685224,0.661484619622486,0.178970485168764,0.750704190092906,0.731284177628229
0.158539353045166,0.0794081270635832,0.214568232405407,2.72193098312165,0.329749175502378,0.523696522722493,29.4916649529159,1.0031782875975,40.6396664843193,1.9334268880628,1.92102294957099,2.87951956285445,0.664520835628246,0.156178129009413,0.817764966022028,0.79349029699795
0.105438914695599,0.0726216340834838,0.203804010670737,2.58403793673299,0.347785989798301,0.556215545288428,31.3200939974033,0.56118891706854,36.9290032252518,1.23994201508607,1.5383777522631,2.80997849762811,0.490712211768832,0.457685101515066,0.855684662102521,0.814402267631288
0.0553177352107512,0.065543743872682,0.19219899880285,2.42584907800032,0.358781519637993,0.605829603287076,32.4003254421376,0.311023021649641,33.5435517763725,0.722602191378629,1.16419031157033,2.73940381672896,0.251865822848951,0.639123807034272,0.763211701714828,0.772453858058415
0.00846367664211978,0.0583163295503544,0.179537213370182,2.25855887439299,0.362922039821587,0.660869983438803,32.9379380677477,1.51544241325401,30.4582083872251,0.407222752040706,0.847203704934587,2.67222403253007,0.0413176204423708,0.741480823373465,0.668917050100512,0.66334158886926
0.0349989689450716,0.051062990886234,0.165753330032509,2.08753570567498,0.361655764078316,0.717314323552485,33.1379373056504,2.98231626090438,27.6318224171794,0.258050087102422,0.559757702473488,2.61609325624482,0.0968555913559629,0.799433573319116,0.579808554699172,0.557419205656071
0.0750417821663671,0.0438742989260604,0.150863874732174,1.91734532418465,0.356768875754759,0.770501798741091,33.1589947112162,4.67447926897122,25.0329176617346,0.226688494147738,0.293777115118533,2.56352336368341,0.137401159209985,0.832133836457513,0.472990701414829,0.465620995289912
0.111722828051279,0.0368042887640157,0.134987309490368,1.75155049513496,0.350062877163698,0.815704478246431,33.1117051718133,6.57305204814581,22.6479479259075,0.267949776160483,0.0339372447693461,2.50598151455664,0.0987364256057081,0.846296130909931,0.360233903979349,0.430384496781262
0.145134279648198,0.0298739949740229,0.118294984417326,1.59062076878617,0.343030510910703,0.851597706556177,33.0518297796808,8.66010673046324,20.4743298658086,0.333349816399134,0.206656156515633,2.43553839810558,0.0361113524445612,0.826283869245506,0.223894336813453,0.425677529552751
0.17538883081809,0.0230771794821565,0.10100421999655,1.43599305365437,0.336871643089823,0.875197760874055,33.0071107452058,10.8974525669974,18.5006047611456,0.41824427356327,0.404422930346327,2.35137727454269,0.021958641346954,0.790026470004317,0.0594736436342799,0.418228472339375
0.202617358366002,0.0163888253400938,0.0833775263625077,1.28786344508965,0.332241446755781,0.885240761144745,33.0104204067051,13.2311776442949,16.7053620348819,0.525307795492494,0.545925405663751,2.25420288131467,0.0697605914136756,0.723820503973268,0.0872215090062307,0.424630288147177
0.226936941802327,0.00977660624478582,0.0656777008055658,1.14493459817065,0.32924298515549,0.882615235750643,33.0741008370937,15.5983298012016,15.0578017752096,0.618624120577631,0.620486459549249,2.14848321886806,0.12964849932857,0.613983717859461,0.189074284316557,0.464068250656723
0.248443666385931,0.00320969433944635,0.0481526467350495,1.00646527418483,0.327654141383529,0.867899532798157,33.1578017892625,17.9306030874513,13.5188224213367,0.660486485971791,0.625512198368226,2.03608987602452,0.19300039856992,0.503779304028033,0.275540528595869,0.511378507108934
0.267220060119399,0.00333627155565908,0.0310342296111947,0.871793654909727,0.327072579108429,0.842174146308053,33.2039193033868,20.160653054834,12.0483696460013,0.656770531042299,0.567312764408352,1.9163224630428,0.257283591585877,0.411413788760509,0.36340437853081,0.566487529706633
0.283339036292791,0.00987679612780962,0.0145320692699901,0.740617780279885,0.327027285493517,0.8065589151912,33.1609738887942,22.221690308522,10.6088735486943,0.621825377299258,0.449261465184402,1.78608822355678,0.29800361752334,0.381593778992281,0.479111775495641,0.592787562565867
0.29686283859076,0.0164174289750472,0.00117511286051408,0.612059264012809,0.326985607568529,0.763087948236013,33.0374592863598,24.0574857205957,9.17557602071539,0.634466783050105,0.297090494138742,1.64339008894847,0.300543496384115,0.426973886565498,0.602082887541599,0.563210172275109
0.307828038268442,0.0229518261679865,0.0159567566573495,0.484506673235252,0.326279537866256,0.714384273433327,32.9225476529962,25.6429479562674,7.74874430246088,0.725704110576298,0.14128693927617,1.49145843868708,0.296790598536566,0.483923319028907,0.685356553125383,0.525947968556146
0.316243459232589,0.0294588748404909,0.0297255029818573,0.357212239515447,0.324118124682784,0.661706849079253,32.9092155519229,26.9771628797402,6.34426074280011,0.863853811929827,0.0107086430128211,1.33295593588272,0.318141300600867,0.492355904072339,0.733588041154507,0.516068382912067
0.322126973553214,0.0359017149946499,0.0423911360767419,0.231562599545404,0.319740638803181,0.603872082945085,33.0308272504657,28.0582714113609,4.97346466197025,0.978729211501518,0.175381902208524,1.170669496164,0.384313772802288,0.39571937268457,0.729894330144961,0.571483541690771
0.325526459385165,0.042229731134208,0.0538396788023501,0.109106974204931,0.312569772770513,0.539829761344191,33.2063138528192,28.8630567779465,3.62431056931641,0.981384696598097,0.376121581034957,1.00895107926514,0.465561544995878,0.251826019334563,0.697217291678308,0.628198580793301
0.326522767084983,0.0483843143980115,0.0639396771426374,0.00853293896804574,0.302391579868339,0.469011709931124,33.304801656092,29.3631929686576,2.27366479603556,0.880876639481165,0.601714323219844,0.851919189503709,0.532225195360155,0.123211527788081,0.669030012083988,0.642769307930606
0.325222873054391,0.0543056960629759,0.0725587780796509,0.120568569238775,0.289257305925523,0.392046318570636,33.2275598300793,29.5398165744472,0.904436967640561,0.709434272488296,0.846596396055277,0.699909476348848,0.5777523131123,0.026131354319225,0.674537070751531,0.663343533445981
0.32173317162174,0.0599351418930941,0.0795950757203059,0.227593220452784,0.273208666585383,0.311076443938338,32.910591480227,29.3620389614696,0.499669332521912,0.492013515179538,1.12644000237814,0.547833025543835,0.60658218227768,0.0455537583912387,0.698159390164728,0.693500594423896
0.31615281685807,0.0652155674289289,0.0849857147362756,0.329386956567854,0.254426508891641,0.227499908810379,32.3176244909435,28.7901785032588,1.94960697953889,0.248917302773379,1.42890538077603,0.396722711914331,0.6257309925978,0.0909231334455789,0.698192451712593,0.652133356490684
0.308601755350644,0.070096986776142,0.0886786826566838,0.424686087150169,0.233337979458948,0.141578737338344,31.4591739516854,27.8200758816982,3.42805941667401,0.00675542448158598,1.70893267633184,0.253305755361223,0.641944902633989,0.122682769709213,0.674435339098599,0.59004496029341
0.299204857837265,0.0745342039305895,0.0906467347841277,0.514023010336651,0.210026469044262,0.0552925115506258,30.3621240844499,26.4720262349197,4.90028762386231,0.242784899130484,1.96506642712561,0.117540500693411,0.653122751719688,0.15683297842649,0.643281993367827,0.547635339845767
0.288080162594142,0.0784844298442011,0.0908974088327567,0.597456540373398,0.184673769534194,0.0299441452599234,29.0399104041792,24.761794093214,6.33421334909255,0.505495323046127,2.20569085794895,0.0105459477552514,0.653618742163021,0.191992276658163,0.609719226308309,0.513228980235634
0.275346733269741,0.0819090244978592,0.0894642832205382,0.674898497895108,0.157489836303012,0.112839997083296,27.500137643117,22.7005163886114,7.70215865912995,0.777522500746716,2.43382307346913,0.13019693609525,0.640051862232026,0.218406418919987,0.571848059140256,0.476457977244701
0.261124159504065,0.0847727103900063,0.0864098767177869,0.746399528690063,0.128585162323842,0.191739316513565,25.7545369592314,20.3016877491787,8.97768179339368,1.04905383910555,2.64554969286337,0.240284942649279,0.610536137651715,0.227818155455767,0.524494708776379,0.432841361522226
0.245530434002403,0.087041202873421,0.0818340829076819,0.812013020379882,0.0979611743587391,0.264603539529164,23.8225232083744,17.5874578294112,10.1339241318708,1.30935169918325,2.83323656379562,0.339864803671379,0.566928958970415,0.216692911796251,0.46555776694176,0.384623397324284
0.228684226132661,0.0886795031679631,0.0758805167146387,0.871597363050028,0.0655508190762103,0.329104525825807,21.7289982689678,14.5915204104192,11.1442829278084,1.54899811929349,2.98774968690328,0.428188948696571,0.510153320662484,0.183889244419421,0.392341772486412,0.333367362164552
0.210710228181801,0.0896510054351025,0.0687416164494248,0.924678233214189,0.0312667047644081,0.382690290643218,19.5013350522347,11.3610171432102,11.9839860630578,1.75982102142008,3.09889237944253,0.504529383773615,0.441053901751071,0.128910592208755,0.302992022609188,0.280176848202228
0.19174796642252,0.089918537409672,0.0606588132227746,0.970182146837548,0.00480707395103708,0.42320421823276,17.1668054704237,7.95692723824533,12.6318663846632,1.93620001556267,3.15832173200884,0.568661622632994,0.365438818764768,0.057355768133782,0.203449645705099,0.228630481542563
0.17196421297129,0.0894490950496913,0.0519100515179436,1.00652977712596,0.0423604175421414,0.449069338737676,14.7497988328569,4.45090099901866,13.0722006792474,2.07436589775525,3.15970497325615,0.62074797843084,0.285347448839194,0.0284997723457798,0.0959430264419541,0.178733700678419
0.151560694765154,0.0882183511869479,0.0427976176236825,1.03181893706851,0.0808110952980586,0.459550297782665,12.2722159357998,0.923079054381388,13.2956837451141,2.17179837715816,3.09900811288389,0.661303038472914,0.205232722077967,0.122667318344197,0.0128406020351171,0.13134458044221
0.130778322997326,0.0862165667221826,0.0336276892266166,1.04410096669536,0.11929865347677,0.454968465728283,9.75439340462564,2.54211536120158,13.3003642941904,2.2272985871641,2.97539725930383,0.691204526336771,0.128204051094594,0.219745448136113,0.117184419724349,0.0864265443451072
0.109894439819975,0.0834532978921994,0.0246901886768169,1.04173668544442,0.156771064110761,0.436601965502295,7.21720851754587,5.86025644028515,13.0923345999177,2.24045340983446,2.79083982452868,0.711526786691794,0.0565669941715459,0.314607573263611,0.212062884467685,0.043538328363112
0.0892134866920722,0.0799604006552007,0.0162400414890934,1.02370107418781,0.192059308752996,0.406696372169037,4.68440892406669,8.95135110994964,12.6862595010488,2.21227259679766,2.55081525135531,0.723543329906409,0.00653348270984377,0.400187434192504,0.291587666163127,0.00324160285097608
0.0690522946672769,0.0757931790564539,0.00847997790221588,0.989804723899159,0.22402129761984,0.368106264315992,2.183871928155,11.7448357885838,12.1055124251974,2.14484239574792,2.26341076125296,0.728550981894464,0.0603849923842491,0.472898656184441,0.35351498033459,0.0351422863036385
0.0497223978917474,0.071028425563225,0.00155271029172555,0.940772195397188,0.251659026917628,0.323981410880526,0.251329899295341,14.1827443140906,11.3815659703393,2.04153706878231,1.93867353643343,0.727720852343703,0.103898390711112,0.526587936361357,0.39621326418903,0.0715157609022102
0.0315118956122959,0.0657608574269134,0.00446373211256401,0.878199484154523,0.274195156062914,0.277562541463086,2.58430905229467,16.2228853803927,10.5526518629096,1.90746906125471,1.5884883572595,0.721805300306846,0.137631490572354,0.557525548365729,0.420286214875447,0.106706132053617
0.0146698116581347,0.0600978884517193,0.00955360404623962,0.804336999848144,0.291148312848345,0.231722681633749,4.77641630507654,17.8402572451269,9.66135104311792,1.74782859105059,1.22453679792503,0.71138533809771,0.162166831300717,0.571900765467373,0.426868280706571,0.140268186191834
0.000602925530269971,0.0541532072736189,0.0137489794968967,0.721696734602591,0.302363469781816,0.188369717175925,6.7878861946698,19.0245374625246,8.75074460773721,1.56540716476547,0.855280155424089,0.697640192360802,0.178236195271333,0.57593595044938,0.418034450492168,0.170950395935254
0.0141566939493891,0.0480409968778518,0.0171127187769509,0.632880733676778,0.307934409007222,0.148735557100137,8.5794438696508,19.7766658620743,7.86060523080366,1.36303129288142,0.487961793503556,0.681776295812436,0.187041035582225,0.568851464764509,0.396721281404756,0.197596283653206
0.0258941927478386,0.0418715756441465,0.0197284254162321,0.540503686801695,0.308146856527296,0.113694337280274,10.1166985154884,20.1077544107301,7.02444751470545,1.14554055323911,0.130603516358701,0.664532801092075,0.190145342548928,0.547114370393405,0.365861335941384,0.219005373602177
0.0357697145031971,0.0357479353123155,0.0216947409183075,0.447087488583994,0.303441304673403,0.0838792207425185,11.3751141799464,20.0393295203434,6.26718493492934,0.919661663726289,0.207652684370805,0.646164792825232,0.189107101085289,0.50979101245693,0.327934399232936,0.234483891757354
0.0437853513083185,0.0297630697458278,0.0231191328177369,0.354851462881444,0.294367666970358,0.0594949502016906,12.3427268814025,19.6024592292381,5.60370532590505,0.692122347198103,0.518965065598693,0.626735683526767,0.185520946572108,0.461057079723917,0.28668541149097,0.244016618400244
0.0499834817227153,0.0239983855864252,0.024108457225167,0.265599982934913,0.281524476622479,0.0402948074125043,13.0196812958955,18.8345260189597,5.03902758141233,0.468410776943441,0.79818240936776,0.60627171272485,0.180815447109364,0.405776367211368,0.245119562695361,0.248102615749123
0.0544386711859154,0.0185232260427496,0.0247618273943668,0.18076581159353,0.265514663246832,0.0258059768534174,13.4160065507413,17.7762272614554,4.56974409256671,0.252862605993772,1.04178831291071,0.584790454944794,0.176077536731504,0.346330277089324,0.204458483418363,0.246905750731063
0.0572506420160335,0.0133950908002129,0.025167309144958,0.101427117837906,0.246914598040122,0.015378071735672,13.5491814893036,16.4701306080677,4.18601816138114,0.0488498215159834,1.24768768148036,0.562324602475958,0.172265290203733,0.286045339264641,0.166591287772361,0.240554854974627
0.0585374187158685,0.00866038951271031,0.0253983946775347,0.0283498758351002,0.226255460675639,0.00822387795567013,13.4415472163842,14.9591746737959,3.87389944623435,0.141072909874025,1.4151645628077,0.538932758159994,0.169997881863265,0.227177416206718,0.132722436720863,0.229168177806923
0.0584298238802718,0.00435541063376577,0.0255121369240262,0.037941732520693,0.20401785332908,0.00349369208287961,13.1180946298097,13.2856654332688,3.61746987563866,0.315066495469026,1.54466311238077,0.514702843668258,0.169567133497183,0.171698088154461,0.103720689733357,0.213155503340671
0.0570673882590893,0.000507282036600332,0.0255487952626992,0.0970856973881835,0.180640158259829,0.000385563504070888,12.6047992765745,11.4906928689613,3.40058515563448,0.471530631700627,1.63682944565335,0.489740034445508,0.171075721819871,0.119438548972921,0.0793612620590888,0.192323734945591
0.054595644608886,0.00286527696190919,0.0255333962371218,0.148842597984858,0.156524926886621,0.00183188190850175,11.9278575723156,9.61443615834869,3.2080535149637,0.609191215117558,1.69269632194384,0.464174539336661,0.174276147395197,0.071483156688358,0.0598020195010469,0.167431361753477
0.0511639103564966,0.00575129927495388,0.0254771503235381,0.193067683337975,0.132046910575232,0.00379851124307889,11.1128710232124,7.69564022378404,3.02658965544819,0.727228506713837,1.71394166050204,0.438165558184576,0.178721092024478,0.0281928096778979,0.0447770588503168,0.13922566169702
0.0469236513901736,0.00814712288024055,0.0253797626068215,0.229688877197353,0.107563349153665,0.00601969184350339,10.1843684730794,5.77108072242188,2.84541275847044,0.82539644847844,1.70299523881044,0.411895137246146,0.18370806506923,0.00985438988181553,0.0338849184579367,0.109131526749143
0.0420271038597326,0.0100561133880557,0.0252323487353191,0.258701593266794,0.0834204698046202,0.00884777794279697,9.16555597322957,3.87498579187012,2.65654963362197,0.903486780113013,1.66224493394811,0.385563040890046,0.188726403589035,0.0437408356694455,0.0263535971563289,0.0771621813952136
0.0366258733300528,0.011488471460357,0.0250205489737696,0.280175462327622,0.0599555192674757,0.0124779168540755,8.07884330475364,2.03931236383554,2.4548016371509,0.9614064150241,1.59414558775514,0.359380703645634,0.193024255331909,0.073472394415828,0.021566561377363,0.0445798414201748
0.0308693268929749,0.0124610389779058,0.0247276453733981,0.294267054722499,0.037494674583799,0.0169527584561367,6.9458623683319,0.293237450574644,2.23769583078433,0.999481239548842,1.50162239382107,0.33356338689016,0.195903842710838,0.0992060806571358,0.0188850008283777,0.0125744945026335
0.024902724104736,0.0129970262024232,0.0243374658286786,0.30123248254948,0.0163473900438433,0.0221786496924384,5.78744089968187,1.33738283355835,2.00529629644734,1.01839476249489,1.38793836982292,0.308319565692741,0.196787454645884,0.121189118292262,0.0176924503785207,0.0177534363328345
0.018865132146769,0.0131255973153164,0.0238368475906661,0.301435803548365,0.00320199528748621,0.0279542992448846,4.62357779545867,2.83041515571535,1.75988385055682,1.01908751755041,1.25653027154171,0.283843659627025,0.195250917119173,0.139792263030509,0.0174454263759036,0.0455887870835742
0.0128872397553998,0.0128812745745688,0.0232174534689116,0.295350365893411,0.020903543737715,0.0340040677473539,3.47334296462027,4.1677065549335,1.50554012506351,1.00293582292756,1.11102784796643,0.260290219418888,0.191220949371758,0.15508620345855,0.0176754315374952,0.0698085387871732
0.00708923046142784,0.0123031632290111,0.0224768916248883,0.283551345563383,0.0365502669179817,0.0400165110405596,2.35463432046074,5.33526512586688,1.24766545566571,0.971159700943223,0.9548807065279,0.237813976077905,0.184243156258796,0.167890413712766,0.0181175320212343,0.0908281699113761
0.00157887532976242,0.0114340184111679,0.0216191038217597,0.266702245509341,0.0499851721941478,0.0456724856563765,1.28450954753432,6.32299093846605,0.992404625282653,0.925020842723318,0.791462146914468,0.216550211877761,0.17448322890664,0.178123310583497,0.0185125249633503,0.107846891871996
0.0035500494413947,0.0103191873721641,0.0206542258990142,0.245534940106266,0.0611067556605027,0.0506797068798624,0.278622240168425,7.12477061865672,0.746144580082462,0.866316739294541,0.624213025016562,0.196574155495014,0.16245147671947,0.185691857261458,0.0187022545035191,0.120359493360968
0.00821889557274857,0.00900548050328653,0.019597819828536,0.2208266771555,0.0698699105207908,0.0547858928609156,0.649381987201639,7.73842355599851,0.515017392869325,0.796964186978298,0.456482831263827,0.177936850492102,0.148192442911346,0.190759740757885,0.0186670807135804,0.128480146945316
0.0123647801447385,0.00754005690776915,0.0184698275640339,0.193370814365257,0.0762845592693003,0.0578187123918364,1.48807456932937,8.16543963344402,0.304431445495888,0.718993524776945,0.29127413287967,0.160639973334325,0.132692943529675,0.193387963762704,0.0184588607533185,0.132407928559126
0.0159406697127092,0.00596936661094727,0.0172929343609645,0.163958041570139,0.0804104515346411,0.0596579447653871,2.22855688419348,8.41054457009308,0.118736492925222,0.634366738187719,0.131470185528644,0.144680575904252,0.11563402785048,0.193589413949455,0.0181921239619769,0.132351601279145
0.0189151349994924,0.0043382138874366,0.0160916665347248,0.133351930612027,0.0823515211021131,0.0602574999857598,2.86441815985125,8.48156167656798,0.0390696534279428,0.544992772729728,0.0203425128185459,0.130032843574508,0.0980238881047716,0.19144545002768,0.0179941254751456,0.12882186399306
0.0212715774063355,0.00268893867426945,0.014890631810387,0.102271335053623,0.0822490088184579,0.0596431862369197,3.39185043155817,8.38888539111755,0.167429642661277,0.452799710756465,0.161882575433973,0.116648157328056,0.0801231210866932,0.186880134919601,0.0180034814128566,0.122130057193933
0.0230072276404115,0.00106074732345918,0.0137133308261772,0.0713773126743401,0.0802736682212477,0.0579053988722054,3.80960989165044,8.14519392713449,0.266234665245634,0.359650151888936,0.291205253380257,0.10446146588203,0.0626194599115683,0.180008207782535,0.0183520087514143,0.112890519584638
0.0241318686954999,0.000510798381961775,0.0125807988785592,0.0412633294336354,0.0766179546947654,0.0551967641423273,4.11885855277785,7.76492948754282,0.336685021252849,0.267287601802244,0.406850263829503,0.0933877688177892,0.0460384722328441,0.17099114697478,0.0191494838051131,0.101724641686747
0.0246664552563595,0.00199414533232001,0.0115105732620367,0.0124530587192484,0.0714892495965704,0.0517107941637238,4.32288936367176,7.26380357295042,0.381068194645851,0.17728257553974,0.507766259829655,0.0833334327382051,0.0307287665102157,0.16000406207295,0.0204821621730494,0.0891850928165637
0.0246417189425543,0.00336198961893597,0.0105160640310079,0.0145992560146724,0.0651042447655153,0.0476640921953296,4.42678078952623,6.65838501652896,0.402493870669934,0.0909891287810209,0.593305568139068,0.0742008245005354,0.016976554045004,0.147334298042327,0.0223764995519494,0.0758348336375405
0.0240968030409184,0.00459141830551757,0.00960627996103713,0.0395058845526047,0.0576848420691898,0.0432754025212568,4.43703214229501,5.96574591344305,0.404612806633799,0.00959616243100958,0.663026037747059,0.0658991652016181,0.00477708280260192,0.13304540454133,0.0248581491177353,0.0619107435719655
0.0230779596871568,0.00566397971829435,0.00878594932073462,0.0619435326365008,0.0494547300653504,0.0387527355148869,4.36134719722993,5.20346838923559,0.391387373853175,0.0656922007927524,0.716301871124567,0.0583581165150593,0.00607403828171627,0.116778298797013,0.0280087800876542,0.0472457401531744
0.0216372594572533,0.00656568419632941,0.00805577271972269,0.0816540419517383,0.0406357532389899,0.0342920213358082,4.20853526248766,4.38979860642708,0.366893936628935,0.133875002810803,0.752882343260567,0.0515095227639401,0.0152153144622723,0.0993983924499422,0.0315835201032973,0.0326732165904394
0.0198312972576027,0.00728694166402855,0.0074127889127541,0.0984419205554924,0.0314461726218725,0.0300545056323702,3.98792390875073,3.54269389507258,0.335004150780882,0.194670246570433,0.773831945526666,0.0452630085444474,0.0222777214623003,0.0828066766054472,0.0350658276798729,0.0195901042968457
0.0177199751061961,0.00782246838578637,0.00685111756793055,0.112173031244096,0.0220967209638155,0.0261890710856632,3.70877616386344,2.67889056119917,0.299130340834933,0.247290061570685,0.779282923167552,0.039569946097969,0.0282740545424157,0.0635335537800894,0.0391483933915406,0.005405153588941
0.0153652701587869,0.0081710954343116,0.00636202588082047,0.122772541584437,0.0127891469732291,0.0228085417982921,3.3813782657745,1.81586025396565,0.262363670206395,0.290940318594232,0.769250714423931,0.0343966804561329,0.0327216394221598,0.0446908395639545,0.043020657944067,0.00774317510971756
0.0128300672881916,0.00833559422087837,0.00593523419862052,0.130225295493013,0.00371461729005426,0.0199644756600669,3.01594589096745,0.970066825699151,0.227186542699856,0.325725659326356,0.745190603590185,0.0296898769734313,0.0357660737880068,0.0267060861923246,0.0464578959166104,0.0196663522195889
0.0101769576022618,0.00832241890504049,0.00555982809847322,0.134575244598885,0.00495008644532249,0.0176682249456325,2.62226155084784,0.156369966281443,0.19540456511674,0.351871627138505,0.70865837562476,0.0254061621650174,0.0376305898725631,0.00985378276756754,0.0492938086070172,0.0303779436663465
0.00746708982390698,0.00814139398650793,0.00522501653633656,0.135922173479465,0.0130452812747784,0.0158992232007253,2.20964524451534,0.612017538986921,0.168180226475537,0.369600324776576,0.661126744954785,0.0215131882427779,0.038532170611574,0.00591283320847769,0.0514281459225383,0.0400893519049286
0.00475908875153597,0.0078053461010188,0.00492070311430937,0.134418002899179,0.0204307000807336,0.0146070847181796,1.78701743563716,1.32344443300646,0.146103427950478,0.379228488683278,0.604096852759593,0.0179844224781663,0.0386596267362054,0.0201999306770869,0.0527304139997675,0.0487031551748898
0.0021080545636929,0.00732969328701605,0.00463804489046582,0.13026248084203,0.0269879757315397,0.0137204262411809,1.36278685182244,1.96794409634665,0.129260926263212,0.381155669023529,0.539118942590473,0.0147989495850221,0.0381428082913499,0.0329503439561512,0.0531086264199058,0.0562891427402632
0.000435341625334207,0.00673198476168824,0.00436976897556351,0.123697774766727,0.0326225357462008,0.0131529629465911,0.94482377568749,2.53727300096694,0.117330751103707,0.375913318882309,0.467818471660687,0.0119376763172385,0.0371232440022988,0.0438207700204435,0.0525215854959362,0.0627077635687648
0.00282564215618714,0.00603141217673875,0.00411042391016092,0.115001832646801,0.037264920882426,0.0128113371641025,0.540289953566021,3.02504340318896,0.10967642148592,0.364168937530363,0.391884127919924,0.00938178476444279,0.0356940987083243,0.0527181537896321,0.0509689469063631,0.0679406298285775
0.00502324153543721,0.0052482996810308,0.00385641073434873,0.104480554644061,0.0408713466345249,0.0126048469632052,0.155560845318112,3.4267463979603,0.105453735640445,0.346653737727074,0.31298123848615,0.00711297028989866,0.0339320329142671,0.0596063149653182,0.0485069968577156,0.0719752996621864
0.00699486255144371,0.00440359285541392,0.00360586740247459,0.0924594549964867,0.0434233320271719,0.0124513934479612,0.20381917369791,3.73972045785184,0.103715157472241,0.324109645746172,0.232727326277151,0.00511431758903874,0.0318553208409548,0.0645486945187654,0.0451708970059224,0.0748320807166096
0.00871386433260135,0.00351836168221442,0.0033584514214724,0.079275263916237,0.0449267053285176,0.0122816398156211,0.533132911405554,3.96309707512099,0.103505437112979,0.297297345625555,0.152680641774458,0.00336898185232881,0.0295001736602045,0.0675832021573164,0.0410749638472021,0.0764869195493129
0.0101603844420416,0.00261332901839295,0.00311505757892716,0.0652677662177513,0.0454100351155891,0.0120413822470173,0.828532088706896,4.09773656879397,0.103940163350948,0.267008119841435,0.0743388551024719,0.00185948298411431,0.0268730256790236,0.0687860099586634,0.0363256053101176,0.0769189726469166
0.011321320926435,0.00170843581555358,0.00287749150055749,0.0507719481859689,0.0449225651599672,0.011694379120504,1.08706559561498,4.14614379986378,0.104266939343332,0.234059015279061,0.000915115317581906,0.000566784657156483,0.0240158906112649,0.068297382279039,0.031120134617093,0.076140820157187
0.0121901638094666,0.000822452468379087,0.00264809533150745,0.0361109389123806,0.0435316341875156,0.0112229875401734,1.3067037076749,4.11230828883328,0.103905885899833,0.199268917644439,0.0718531814515703,0.000529453391787171,0.020945968511743,0.066300708192423,0.0256259258415693,0.0741926227088153
0.0127666961516312,2.73541765272167e-05,0.00242938600175946,0.0215899939819307,0.0413197604273907,0.0106273227421084,1.48631461204608,4.0015136684668,0.102469902745421,0.16342127039226,0.137448726879272,0.00145026413981664,0.0177043842607949,0.063045125867962,0.020041432420971,0.0711735847175682
0.0130565872429725,0.000825494073044775,0.00222372970072582,0.00749182905994372,0.038381591469072,0.00992117127353701,1.62560707729766,3.82011626046765,0.0997654574531301,0.12724419933132,0.1968253555571,0.00221582790243519,0.0142729656828636,0.0587020949989292,0.0144520508198636,0.0671300372980217
0.0130709039207652,0.00155846666757842,0.00203312041730863,0.00592708549398213,0.0348209525696639,0.00912708605300931,1.72506338734722,3.57545496680136,0.0957787953043306,0.0914284906435745,0.249107625453044,0.00284396116447355,0.0105785356592983,0.0533154562669826,0.00885410248023411,0.062002830750376
0.0128255497199127,0.00221491650278138,0.00185902198283627,0.0184401575621377,0.0307480808378666,0.00827612112599976,1.78588689546715,3.27581098031828,0.0906504224129732,0.0566077729522026,0.293624790380226,0.00335174439455593,0.00675699209615799,0.0472320196968832,0.00349246335045517,0.0560324983747
0.0123406386070967,0.0027857344478035,0.00170221203297416,0.0298531869048069,0.0262769290082452,0.00740468423708703,1.80989758206256,2.9300268914925,0.0846368418217382,0.0233140155949206,0.33008213104227,0.00375581139304343,0.00293706856525544,0.0407752695288105,0.00145566628245752,0.0494790962813718
0.0116398361056888,0.00326410636351582,0.00156273507180271,0.0400052829314445,0.0215226454874817,0.00654872852003324,1.79941151279391,2.54716451960106,0.0780680388615839,0.00800133542738811,0.35836937283099,0.00407070531906339,0.000856269925815667,0.0340644315577195,0.00597081045145098,0.0424344404348618
0.0107496892209572,0.00364551387033385,0.00143994150571725,0.048769273365367,0.016599290427234,0.00574186201214834,1.75718150174559,2.13644376647807,0.0713075899871413,0.0368841678429868,0.378285997411388,0.00430808948964995,0.00470359467039494,0.0269818640999977,0.010145584164077,0.034755150338862
0.00969894604467347,0.00392769042004781,0.0013325536106501,0.0560523259548309,0.0116176221939949,0.00501236050092874,1.68638577798779,1.70730703774778,0.064715765194729,0.0629630589323409,0.38981262667368,0.00447757890319206,0.00841025176482968,0.0198969318099913,0.0138339798158489,0.026839858723969
0.00851786617575201,0.00411053444913345,0.0012388094365986,0.0617960259385117,0.00668307433392025,0.00438001916612632,1.59046466280815,1.2690238247675,0.0586139027055466,0.0860155851336016,0.39328090771751,0.00458702741779737,0.0118474070546321,0.0130390977296047,0.016981049790439,0.0189670735814997
0.00723754135383431,0.00419598560322265,0.0011566268292047,0.065975362625155,0.00189407293073324,0.00385796525334076,1.47300992567477,0.830447801088157,0.0532582675775759,0.105843120780387,0.38905327123882,0.00464218967184882,0.0150294520230502,0.00632118174120466,0.0196518785947566,0.0110737458054255
0.00588924049389886,0.00418786883441102,0.00108373562695396,0.0685973993333179,0.00265953646878264,0.00345078381035609,1.33775910126062,0.400027933457839,0.0488229990630843,0.122311601687628,0.377596122043934,0.00464711659503664,0.0178335909391957,4.88856037351715e-05,0.0218204550997921,0.00344662018532671
0.00450378370311805,0.0040917083562616,0.00101787030951894,0.0696996162633682,0.00689787349864193,0.00315387946664346,1.18847740927138,0.0144138113749962,0.0453906247525775,0.135394598611411,0.35955988925504,0.00460455853827585,0.0201884549812338,0.00596445675190527,0.0234983614257811,0.00373953411022576
0.00311095667841149,0.00391451744218863,0.000956929715857369,0.06934753207102,0.0107520615924443,0.00295581199259785,1.02887274619055,0.405827359430524,0.0429519268947124,0.145125095633685,0.335674022339574,0.00451627058590148,0.0220547655696793,0.0113839728877545,0.0247145748432769,0.0103850975127118
0.00173897770973455,0.00366457020624344,0.000899095439094388,0.067631870475633,0.0141650031343854,0.00284000462943114,0.862547767177065,0.768001281742347,0.041413199341684,0.151582434271292,0.306716097648775,0.00438340689720879,0.0234027091248236,0.0162660013509162,0.0254969079299391,0.0163960644588227
0.000414024507343957,0.00335116029281624,0.000842916527574622,0.0646654182365811,0.0170919110815008,0.00278671397662034,0.692960518122306,1.09561177062966,0.0406091612206512,0.154875805621498,0.273491615283929,0.00420688010040576,0.0242146309556267,0.0205987010338212,0.0258671541249638,0.0217219995765141
0.000840173782603371,0.00298435111847861,0.000787358240911029,0.0605796687139171,0.0195006291517012,0.00277405851120976,0.52338917776318,1.38426118289767,0.0403200478682291,0.155180799479751,0.236863491687865,0.00398775882881475,0.024481797724785,0.024287936130359,0.0258512851319338,0.0262296529424776
0.00200267458719738,0.00257472277190174,0.000731829732761868,0.0555211402194764,0.0213716075343994,0.0027800876694067,0.35685524627684,1.63054766793585,0.0402921776506521,0.152721181668252,0.197724911671412,0.00372753807036996,0.0242149577075895,0.0273267107926103,0.0254679340096751,0.0298974341335762
0.00305558353674112,0.00213312293951928,0.000676162230978994,0.0496474837688968,0.0226975595023327,0.00278475456811553,0.196093364890308,1.83207110280981,0.0402592406274381,0.147758098654683,0.156962461103387,0.00342832421165046,0.0234545891782817,0.0296862414220603,0.0247514259030094,0.0326937603615413
0.00398423811473424,0.00167042723242972,0.00062055951143003,0.043123586910606,0.0234828584095065,0.00277100053698523,0.0435189251405802,1.98742316249024,0.0399628566765512,0.140556880897066,0.115445098728611,0.00309305214271727,0.0222135831529858,0.031390241581669,0.0236960106241292,0.0346494165517819
0.00477731388623799,0.0011973135263631,0.000565527676879896,0.0361177410798765,0.0237427653196432,0.00272585169510638,0.0987634777147208,2.09615884282904,0.0391708423035972,0.131402514387844,0.0740066247004784,0.00272549248337911,0.0205661417448456,0.0324232936008185,0.022344671783434,0.0357699792677699
0.00542685561582515,0.000724053349254627,0.000511786173053697,0.0287979849372145,0.0235024743894218,0.00264096456753883,0.228995237180657,2.15874990182169,0.0376922799706221,0.120606083303668,0.0334330565797543,0.00233024202303,0.0185723980294813,0.0327978825594393,0.0207203651487676,0.036094592235563
0.00592823769049174,0.000260324514604005,0.00046017444771862,0.0213286977575229,0.0227959602544758,0.00251266100808364,0.345772698150334,2.17652689684253,0.0353886188126171,0.108481566069162,0.00554603458099276,0.00191269274260242,0.0162935290521349,0.0325371104509135,0.0188438263899463,0.0356773120171008
0.00628005929976035,0.000184952048812415,0.000411560554947399,0.0138674895379716,0.0216647213056011,0.0023416858355523,0.448042443517701,2.15161167387295,0.0321804120721733,0.0953402253402709,0.0422655323895212,0.00147893683194178,0.0137937791229891,0.0316713925663381,0.016738640203989,0.0345812437374126
0.0064839806817799,0.000603749619760174,0.000366756195097184,0.0065624237787959,0.0201564539276669,0.00213288466129764,0.535092405274411,2.08683271881141,0.0280494455924984,0.0814888824372268,0.0761547118749567,0.00103539294294247,0.011161244133497,0.0302563170577997,0.0144546168654256,0.0328984718754236
0.0065445080847011,0.00098904612328865,0.000326442777627167,0.00045030995602624,0.0183237026318312,0.00189416623174272,0.606539411274092,1.9856184533074,0.023036319334706,0.0672228353596539,0.10671728472448,0.000588889846676266,0.00843945195932783,0.0283259035768655,0.012004032259067,0.0306881174514525
0.00646873615705481,0.00133490753420207,0.00029112097687134,0.00704836589791813,0.0162225011504184,0.00163560563602502,0.66230790332187,1.85192322658637,0.0172353573663932,0.0528217089853021,0.133536496094389,0.000146421883591874,0.00569646741798535,0.0259426054835296,0.00943038790683204,0.0280382551102201
0.00626605422592297,0.00163654421925541,0.000261075218594198,0.0131248532359493,0.0139110362878687,0.00136857264194858,0.702606605082556,1.69011912973174,0.0107859376689427,0.0385465005377808,0.156301165773223,0.000285256271912282,0.002998583688962,0.0231814509808408,0.00678491543196613,0.0250435375907325
0.00594782478201034,0.00189034103918395,0.000236358237792333,0.0185895070974377,0.0114483609939417,0.00110469480216246,0.727901852375445,1.50488173881539,0.00386161934437487,0.0246377682445654,0.174789237232554,0.000699608473299695,0.000389708765928254,0.020104110767718,0.00410392417976391,0.0217759938111712
0.00552704243097952,0.00209386228845532,0.000216795741081688,0.0233694828065084,0.00889316758458359,0.000854889368579026,0.738888883254219,1.30108936209107,0.00334150751849441,0.011309454971422,0.188884596427173,0.00109078948052338,0.00207187785138174,0.0168074312830059,0.00145122846181633,0.0183391861956158
0.00501798092516138,0.00224583295048231,0.00020201007231524,0.0274097321097087,0.00630265478416603,0.000628396813727367,0.73645398134276,1.08368563758841,0.0106175917157326,0.00126058525978927,0.19860188297909,0.00145428283203763,0.00433416836588896,0.0134019264309879,0.00110323859729056,0.0148441864170694
0.00443583745023381,0.00234609837893851,0.000191457649933002,0.0306729203088383,0.00373149302356506,0.000432680732313728,0.721639047818789,0.857568641043538,0.0177625691138031,0.0129083751210393,0.203981771405595,0.00178547949111896,0.00641555396373794,0.00987674963399077,0.00357549297519677,0.0112680243142443
0.00379638077146258,0.00239556406016472,0.000184466629355229,0.0331391775859992,0.00123087469675342,0.000272895530350578,0.695631111457219,0.62758243171617,0.0245823180711924,0.0234913177239869,0.205124845767689,0.00208046711557447,0.00827275088352519,0.00634414502877356,0.00589413061136457,0.00771482791417466
0.00311560596756454,0.00239611727659006,0.000180289789334265,0.0348056267594419,0.00115234492072432,0.000151419680630746,0.65972276680854,0.398394220731572,0.0309020870010733,0.0329076135455258,0.202250571248141,0.00233685229127634,0.00987631287171831,0.00290701133684201,0.00800047004235582,0.00427557027071046
0.00240940295997723,0.00235053296242449,0.000178157691643532,0.0356854810221501,0.00337636366162342,6.82160331511583e-05,0.61527247586652,0.174384814188522,0.0365739047943833,0.0410831056562504,0.195642510583118,0.0025529405508945,0.0112227750813272,0.000385179213695741,0.00987081800489242,0.000984274286319753
0.00169324618086124,0.00226236672587032,0.000177323639503846,0.0358068633997694,0.00540499876383939,2.10413461535219e-05,0.563680110918334,0.0404063965671928,0.0414808639000461,0.0479698144078264,0.185635671636744,0.00272779386727745,0.0123042988413185,0.00346385782254299,0.0114715036883437,0.00210371398983555
0.000981909920439394,0.00213583798875738,0.000177106862865206,0.0352114110095105,0.00720810700419309,5.57125366487665e-06,0.506353095926114,0.242352454289513,0.0455395226852484,0.0535592291925953,0.172636248682703,0.00286201895641625,0.0131156244504285,0.00624771057403384,0.0127672333105399,0.00491526718297541
0.000289214278998862,0.0019757063960385,0.000176927061638077,0.0339526115089159,0.00876184274670436,1.63605095499092e-05,0.444674298306237,0.428299431349645,0.0487001637801153,0.0578503211033155,0.15705815612748,0.00295603346307433,0.0136681498186854,0.00875400545165628,0.0137679047065933,0.00748375179982175
0.000372194419871352,0.00178714425912185,0.000176320006581965,0.0320940685942338,0.0100488003527765,4.71614589556413e-05,0.380005840497999,0.595557412307287,0.0509451578943556,0.0608578143808307,0.139332295021615,0.00301068638866747,0.0139628458577811,0.0109225982743828,0.0144537257877095,0.00975207058850847
0.000991028209230055,0.00157560720292782,0.000174952611535883,0.0297076986516148,0.0110580458011231,9.12346468410485e-05,0.31365749898627,0.741946008114597,0.0522862501998637,0.0626295723407227,0.119927931231138,0.0030279832727384,0.0140072355617396,0.0127173863155058,0.0148205800611184,0.0116847693151485
0.0015575044129198,0.00134670585278274,0.00017262584023392,0.0268717832232811,0.0117849755673096,0.000142020180215877,0.246858378146492,0.865822418809794,0.0527605570611955,0.0632375480750804,0.0993251518980336,0.00301076584284243,0.0138168805939231,0.0141242347885863,0.0148785096468866,0.0132638433436799
0.00206345306805969,0.00110608198704976,0.000169266120190081,0.0236689827903696,0.012231017938987,0.000193588616566986,0.180740510834058,0.966082024747994,0.0524256424346097,0.0627612659690069,0.07799350781877,0.00296190961735487,0.0134012244205766,0.0151527751039374,0.0146416010802175,0.0144981723753145
0.0025023849670395,0.000859291687184127,0.000164908992344226,0.0201843952068886,0.0124032440012149,0.000241030161239872,0.116336309629391,1.042140157644,0.0513546518034696,0.0612912166694859,0.0563828360738528,0.00288466199173365,0.0127842861530084,0.0158095447101773,0.0141362366489368,0.0153830505199589
0.00286952175221655,0.000611697102162356,0.000159676669962749,0.0165037087869865,0.0123138872535025,0.000280568622419056,0.0545672905987931,1.09390953871015,0.0496310590578506,0.0589243774179053,0.0349227394593471,0.00278225373925745,0.0119750130178977,0.0161095605314704,0.0133812948639767,0.0159286095498744
0.00316179008017514,0.00036836861564804,0.000153754333758083,0.0127114542658061,0.0119797961357979,0.000309741752833895,0.00375695564659506,1.12177392995457,0.0473444474285791,0.0557647425620891,0.0140120886142777,0.00265808042964438,0.0110015939098342,0.0160753950737277,0.0124129875140846,0.0161437030503273
0.00337778212793749,0.000133998510694289,0.00014736284591943,0.00888940043810316,0.0114218246718886,0.000327412154666404,0.0579465912136876,1.12654777979208,0.0445860245539981,0.051923090065867,0.00598813874789322,0.00251571684304214,0.00988627026394817,0.0157343927838272,0.0112641993760907,0.0160451826359079
0.00351768578241929,8.71725615221308e-05,0.000140734450098323,0.00511512493824517,0.0106641686963981,0.000333515698144257,0.107432195617665,1.10943671823129,0.0414453858268151,0.0475090591710439,0.0247460277743221,0.00235839834980894,0.00863837219830332,0.0151078120509905,0.00995627372201502,0.0156483928412937
0.00358318769797622,0.000291415629890657,0.000134093039208527,0.00146072232106353,0.00973368681367805,0.000328955348228702,0.151760343942579,1.07200514975953,0.0380085973646139,0.042632009975973,0.0419651898867071,0.00218916619604381,0.00728366290264826,0.0142277989862822,0.0085248008405312,0.0149758844117539
0.00357735199340392,0.000475559775111156,0.000127635605450482,0.00200832690614083,0.00865920924202672,0.000315486657955083,0.190593001320709,1.01612659531372,0.0343562414876812,0.0374027253461267,0.0574001957831673,0.00201111749353844,0.00585512644375363,0.0131342317790322,0.00701104913702988,0.0140584964853742
0.00350447846647317,0.000637024570994238,0.000121517533959503,0.00523406716856034,0.00747083914741727,0.000295468085855594,0.223706203366252,0.943921059521574,0.0305618089132228,0.031930739954028,0.0708644855575346,0.00182742403747893,0.00438778831445796,0.0118716390986918,0.00545641347501158,0.0129338340216005
0.0033699450160608,0.000773838653632342,0.00011584384064367,0.00816673709425886,0.00619926721913429,0.000271505742974826,0.250985301225172,0.857694075232517,0.0266909439944451,0.0263208704962645,0.0822121604657791,0.00164096969813282,0.00289531667065535,0.0104643448291404,0.00388095491839102,0.011625630717258
0.00318003860386279,0.000884644848135663,0.00011066700801754,0.010765260620983,0.00487511549895624,0.000246230952383616,0.272417186431375,0.759893185228027,0.0228019171589006,0.0206715101071405,0.0913480906592932,0.00145451608671171,0.00141522551065887,0.00896056065570272,0.0023241764883013,0.010179372380587
0.00294177824409469,0.00096869257994936,0.000105988309004879,0.0129975366936066,0.00352832411780474,0.000222085645111267,0.288081603783335,0.653041741213557,0.0189456174244907,0.015073566170173,0.0982315594758482,0.0012707298443197,2.68693486434879e-05,0.00739580892605651,0.000812864642707578,0.00863203177262994
0.0026627344420409,0.00102581856097128,0.000101763761638951,0.0148405168961624,0.0021875929210417,0.000201130899897872,0.298142160301224,0.539689795520692,0.0151663881325215,0.00961124979660874,0.102852322999959,0.00109187870121952,0.00141971459619183,0.005787531133849,0.000640381523134059,0.00700584120098735
0.00235084849239858,0.00105641679613178,9.79128504734472e-05,0.0162801533276107,0.000879869604126587,0.000184950314812193,0.302838841098474,0.422384288491688,0.0115035584083961,0.00436232332380642,0.105231253177776,0.000919863823354794,0.0027407008240351,0.00416489032643708,0.002014029251029,0.00533448535799508
0.00201425401537109,0.00106139880631817,9.43290332534596e-05,0.0173112146459224,0.000370113251435739,0.000174538287875531,0.30247835201141,0.303617889558266,0.00799218348706309,0.00060729383387402,0.105453594670333,0.000756660986231728,0.00394586383874329,0.00258629984414216,0.00326990551101769,0.00367943028199702
0.00166110433150529,0.00104214543051706,9.08919747993897e-05,0.0179368742794122,0.00154020975108698,0.000170296770861986,0.297420397488574,0.185757027055562,0.00466290027265504,0.00524108162195022,0.10364543916536,0.000604031471880762,0.00502644943850106,0.00106443748464069,0.00440063038217897,0.00206068221219746
0.00129940996105998,0.00100045207474875,8.74787878729633e-05,0.0181681372369127,0.00261115370768936,0.000172086015911829,0.288070654281284,0.0710165806615672,0.00154304439035994,0.00948859789057107,0.0999505626855274,0.000463306895958249,0.00597098032226762,0.000384165567522632,0.00539695648072613,0.000501656729158251
0.00093688835898742,0.000938468626796696,8.39746798347862e-05,0.0180231871370531,0.00356679669905383,0.000179233732241477,0.274871789949885,0.0385698184715679,0.00134276872959723,0.013312279846032,0.0945519455519608,0.000335763233616504,0.00675579981171659,0.00171976806173579,0.00624061553759492,0.000953391837339668
0.000580827956512708,0.000858635476782887,8.0282824635014e-05,0.0175265993893464,0.00439425151176273,0.000190646392994431,0.25828791651671,0.141196780262641,0.0039731190416071,0.0166881064307038,0.0876648844300563,0.000222623962002955,0.0073728520012043,0.00292302949778245,0.00692636991889239,0.00228023302629266
0.000237969212173172,0.000763617709657161,7.63310583313803e-05,0.0167084411667712,0.00508393701215842,0.000204981311225066,0.23879352944557,0.235309613992568,0.00632988110978885,0.0196004421859114,0.0795137563960163,0.00012485287290287,0.00782353467486419,0.00398827542246827,0.00745637726206916,0.00346858189732568
8.55959073495227e-05,0.000656239090177091,7.20752483471809e-05,0.0156033406355801,0.00562956110042279,0.000220809011114126,0.216871425788249,0.319603017664722,0.00839772400372969,0.0220275589316488,0.0703084365812198,4.24557287115324e-05,0.00811726112786304,0.00494130266815851,0.00783372066346155,0.00453499562509208
0.000384506129823547,0.000539416478512078,6.75000922428781e-05,0.0142495915813963,0.00602810223723316,0.000236670216426496,0.193017291020285,0.393010928306491,0.010163309650593,0.0239625741131365,0.0602763184480422,2.44703253676204e-05,0.00824406242816966,0.00573247765392593,0.00805484827469638,0.00543328298642476
0.000654195002666835,0.000416095210311829,6.26188360036695e-05,0.0126882191699985,0.00627970312699866,0.000251211105711274,0.167711818149291,0.454739887405898,0.0116172707896331,0.0254234453655021,0.0496630451556239,7.52443852101714e-05,0.00821437886367549,0.00634769791353607,0.00813217124760179,0.00615208382341093
0.000890935735456511,0.000289188006942442,5.74701007917122e-05,0.0109620034537192,0.00638744140606051,0.000263228078496686,0.141412054828316,0.504270099999013,0.0127548006865994,0.0264106270220211,0.038702403744373,0.000110755120278472,0.00802347751743104,0.00683085318630106,0.00804452788704646,0.00671891652647405
0.00109186677075501,0.000161518418319351,5.21144837656307e-05,0.00911453295585118,0.00635712815502448,0.000271768699942443,0.114578432106021,0.541340471388231,0.0135740767746046,0.0269265496976082,0.0276223615177708,0.000132291482026758,0.00768843854576162,0.00715491674328128,0.00781364454985367,0.00711529863613258
0.00125499876258073,3.57682021393524e-05,4.66281140385494e-05,0.00718929176283045,0.00619708364531418,0.000276235836476083,0.0876495661265328,0.565945298218378,0.0140778079620443,0.0269997378044324,0.0166423002140138,0.000140381270400503,0.00723104037450117,0.00731698896073341,0.00746102873204746,0.00734281549850313
0.00137920384920565,8.55697068999905e-05,4.1095646733047e-05,0.00522880995383868,0.0059178107790431,0.000276366067130149,0.061025301927345,0.578316571167895,0.0142740467477709,0.0266658765112444,0.00596219186490525,0.000135569223428111,0.0066675640281405,0.00732846808527665,0.00699933751009929,0.00741381088418847
0.00146418881461396,0.00020023125771873,3.5604039190007e-05,0.0032739016486919,0.00553163482017377,0.000272181968607635,0.0350666983425522,0.578902798738674,0.01417613696313,0.0259579423364714,0.00423357236381409,0.000118871096075002,0.0060072002298861,0.0072010212054433,0.00643219060550215,0.00733854694657821
0.00151045373805858,0.000306214141715389,3.02372154695751e-05,0.00136297088614978,0.00505234569277516,0.000263959555366941,0.0101016859873611,0.568354689795055,0.013802364129945,0.0249058912266307,0.0137710314046432,9.18986018367263e-05,0.00525921593963763,0.00694309801139359,0.00576333372027271,0.00712408724414404
0.00151923727284498,0.000401803541278389,2.50712310270185e-05,0.000468629326825454,0.00449484322620583,0.000252206693047027,0.0135734429172262,0.547507281781528,0.0131756257581891,0.0235443611503852,0.022504055689478,5.61510901153084e-05,0.00445342335422227,0.00657152809252037,0.00502330176963239,0.00679201366533955
0.00149245009294985,0.000485590760752497,2.01701495931017e-05,0.00218912651783709,0.00387478028603772,0.000237599084337806,0.0356996657267364,0.51734294103403,0.0123231476045293,0.0219119362100389,0.0303141070340232,1.31075739266406e-05,0.00360583132247638,0.00609906876924593,0.00422534145330766,0.00635509353822683
0.00143259901108428,0.000556484731366713,1.55834768289509e-05,0.00377074008979128,0.00320820829705989,0.000220905121576964,0.0560560334230051,0.478965397303815,0.0112758806474786,0.0200481817860117,0.0371056417983226,3.56615915125258e-05,0.00273456921570536,0.00554112712436905,0.00338671837076943,0.00582957402961704
0.00134270382942048,0.000613716522042118,1.13449270480181e-05,0.00518999603667958,0.00251123353878949,0.000202926925341518,0.0744596239428922,0.433573096784004,0.0100678067933012,0.0179928968825679,0.0428047108458193,8.84553592769288e-05,0.00185391130374168,0.00491151351222086,0.0025202381861853,0.005228565457291
0.00122620883201563,0.000656837134661359,7.47247396049033e-06,0.00642794884839049,0.00179969052658541,0.000184418712231238,0.0907648981484459,0.382432267526709,0.00873513345058855,0.015786474766225,0.0473680880347267,0.000143823470695692,0.000986923770629811,0.0042321980775456,0.00165220235138241,0.00457635038467008
0.00108689095212133,0.000685709014565772,3.96980880301712e-06,0.00747028673389771,0.00108884136756149,0.000166057894243538,0.104863589459356,0.326842276726648,0.0073154687049274,0.0134686604668116,0.0507742025985854,0.000200249329192825,0.000142574984301702,0.00351449772805756,0.000790158851427192,0.00388181261371212
0.000928766848775631,0.000700491825552985,8.2813098645218e-07,0.00830734581182346,0.00039310242787205,0.000148403871779154,0.11668286191144,0.268116248570554,0.0058468487047442,0.0110779766944443,0.0530216789496552,0.000256220669234752,0.000663952461008699,0.00277587424250159,4.8305805371518e-05,0.00316244885639416
0.000756000444459004,0.000701623037487442,1.97104445964769e-06,0.00893404484357252,0.000274199863177671,0.000131864029657466,0.126183838101062,0.207554244257443,0.00436684755829448,0.00865170220343592,0.0541329386058888,0.000310389248878273,0.00141962336496204,0.00203256718532829,0.000847839384161331,0.00243396434360577
0.00057281269172027,0.000689793984823828,4.45270608417925e-06,0.00934972878882989,0.00090103685112794,0.000116677957361533,0.133359874438508,0.14641729278117,0.00291170532157105,0.00622531734897402,0.0541532661845376,0.000361661908294397,0.00211224101303475,0.00130105475696107,0.00159264700978934,0.0017130477434335
0.000383395332945291,0.000665922158709642,6.64517196380388e-06,0.00955792745833395,0.00147684674327381,0.00010295242837019,0.138234638238635,0.0859048881627437,0.00151551272606096,0.00383260943902131,0.0531414960744945,0.000408841189546316,0.0027363449411395,0.000590182285111651,0.00227767440109672,0.00100553892156652
0.000191830097718615,0.00063112046218694,8.57761605277396e-06,0.00956605943507916,0.00199266997137032,9.06581583038912e-05,0.140860430171944,0.0271417006594453,0.000209338984751448,0.00150520836891873,0.0511719650582644,0.000450855776507719,0.00328224203080618,8.51822073935082e-05,0.0028892913052776,0.00032682561750752
2.01433079538571e-06,0.000586664111976831,1.02772275069052e-05,0.00938508010788353,0.00244124728181372,7.96298673392815e-05,0.141315616224833,0.0288437202187567,0.000979314810669675,0.000728402028202052,0.0483383142811992,0.000487094360139328,0.00374246634950903,0.000711499228297163,0.00341553790010451,0.000308201517861151
0.000182405657921825,0.000533956034881933,1.17669798562758e-05,0.00902906359085254,0.00281707216120136,6.96257078970502e-05,0.139701810949356,0.0811368374014738,0.00202692337804571,0.0028422363576651,0.0447443931712713,0.000517027981165707,0.00411437271418236,0.00128226755883409,0.00385338437954219,0.000894615367227125
0.000358092458651815,0.000474491609949945,1.30645962351794e-05,0.00851474850113554,0.00311640581006412,6.03650229245439e-05,0.136142119998243,0.128944851781013,0.00291443066386739,0.00481264636365051,0.0405003620958134,0.000540144049766877,0.00439562889018075,0.00179059494739287,0.00419897308483397,0.00142566767709684
0.000522066146777411,0.000409823428333178,1.41819444264835e-05,0.00786106398632902,0.00333725998596623,5.15457051129542e-05,0.130778669350761,0.171604643743844,0.00362745878230653,0.00661965404180249,0.0357241313029501,0.000556297974327269,0.0045855298244013,0.00222947936527929,0.00444803078308387,0.00189205821291971
0.000671743177084405,0.000341526761652444,1.51249500500716e-05,0.00708863515614855,0.00347934283891027,4.28849259857811e-05,0.123769264078277,0.208590036996973,0.00415622388381976,0.00824642909394083,0.0305372670787915,0.000565510908490718,0.00468498848491505,0.00259605583255929,0.00460125990811289,0.00229100274994343
0.000804965286450132,0.000271166452728844,1.58943535711886e-05,0.00621928194753063,0.00354397248148325,3.41500030462544e-05,0.115285222714475,0.239513243749458,0.00449555748254871,0.00967896374018356,0.0250615469749777,0.000567897077440427,0.00469651949879435,0.00288859113347151,0.00466034198079901,0.00261971925634352
0.000920018429051761,0.00020026579797805,1.64868960802478e-05,0.00527552464180092,0.00353396467051287,2.5176627157425e-05,0.105508984079393,0.264124156273428,0.0046447460429837,0.0109062056978266,0.0194173232398198,0.000563671549819567,0.00462356051117174,0.00310673387371596,0.00462857935977401,0.00287698689298754
0.00101564194734016,0.000130277915258659,1.68968344584908e-05,0.00428010339312468,0.00345349702241771,1.58824043281769e-05,0.0946313968486888,0.282307266607925,0.00460720460485154,0.0119210478420096,0.0137210157661917,0.000553378560562201,0.00447328733505969,0.00325215004870061,0.00451108503167053,0.00306124995913137
0.0010910283620843,6.25600493983081e-05,1.71176647948412e-05,0.00325552260876116,0.00330795129587913,6.2747057091167e-06,0.0828479730750704,0.294075491481436,0.00438978466184793,0.0127201957210281,0.00808223181273955,0.000537859122984652,0.00425329766519189,0.00332849609591779,0.00431492533085231,0.00317412770221015
0.00114581438775985,1.64878863839757e-06,1.71438774356769e-05,0.00222362983139157,0.00310373921806201,3.55794493342443e-06,0.0703569660191953,0.299562373738272,0.0040024244586325,0.0133007975410192,0.00260539926640707,0.000517483986138878,0.00396306890021936,0.00333674442771892,0.00404505055862847,0.00322058937273872
0.00118006381453406,6.12466169287451e-05,1.69724804260918e-05,0.0012052216408085,0.00284812139973911,1.34522135749604e-05,0.0573598297837795,0.299015665807454,0.00345837385876731,0.013662619626728,0.00261339100392168,0.000492674753740929,0.00361447625237821,0.00328287064698896,0.0037110723986491,0.00320265225987748
0.00119424285382819,0.000115283595379267,1.6604470358228e-05,0.000219690100858982,0.00254901948886327,2.31723109433979e-05,0.0440561543173733,0.292782438406321,0.00277292367968765,0.0138128405725758,0.00749693881543992,0.000465009391801663,0.00323169699008585,0.00318084281651543,0.00332933521430856,0.0031246199886007
0.00118918915796806,0.000162973321337412,1.60460022107234e-05,0.000715253113045433,0.00221482332695627,3.24516473694386e-05,0.0306383104895722,0.281290822221005,0.00196198074066994,0.0137574521120747,0.0119710329993929,0.000435147588861429,0.00279742210922496,0.00302259241541003,0.00289677267329214,0.0029917595080502
0.00116607570061089,0.000203700266741325,1.53086480827458e-05,0.00158383205267343,0.00185419849048141,4.10128189262532e-05,0.0172973184430262,0.265054740766987,0.00104398749823786,0.0135000498086736,0.0159606516778511,0.000402649176018732,0.00231702089566155,0.00281141094187121,0.00242089352708807,0.00280832080598536
0.00112636947491263,0.00023702336222442,1.44096477255884e-05,0.00237245777174644,0.00147589335944642,4.85665586389544e-05,0.00422099818449992,0.244662219475258,3.95697290976311e-05,0.0130510505239707,0.0194140868988464,0.000368076534208728,0.0018224504543487,0.00256731938704435,0.00192427234554249,0.0025837624247248
0.0010717859456213,0.000262675788858191,1.33719497779072e-05,0.00306988946571374,0.00108855533219443,5.4838382679695e-05,0.00841413643343937,0.220744899394062,0.0010307434837413,0.012425774785469,0.02229971581146,0.000332459945511232,0.00132097360319328,0.00229572238859055,0.00141622762129778,0.00232498792043478
0.00100424122832876,0.000280561246151501,1.22236204399551e-05,0.0036673123187998,0.000700561555749157,5.95930628110447e-05,0.0204448772629133,0.193964265425822,0.00214678690735626,0.0116406853092735,0.0245940122246536,0.000296523412813221,0.000819248512685444,0.00200031718868832,0.000904043707643187,0.00203600612866095
0.000925803121593849,0.000290746932224195,1.09969333197402e-05,0.0041583750132913,0.000319858858210231,6.26477018719068e-05,0.0317237312211839,0.164999735536396,0.00328918977420968,0.0107160569229398,0.0262897370256555,0.000261599375549926,0.0003357656804861,0.00169473445327861,0.000401808577357388,0.00172603174360286
0.000838641968896492,0.000293453461678195,9.72718453939869e-06,0.00453916409837796,4.61796759497202e-05,6.38847292735722e-05,0.0421222035049496,0.134527853792892,0.00444057588502062,0.00967326895380904,0.0273949430331077,0.000229124559246396,0.000123304410762137,0.00138579664382332,8.26794190987856e-05,0.00140376391740016
0.000744982666568639,0.000289042171429776,8.45132361027012e-06,0.0048081210267138,0.000390872535860176,6.3256379845042e-05,0.0515301530155577,0.103209936588422,0.00558557765488303,0.00853222014697392,0.0279252608348826,0.00020005425558195,0.000556272129214164,0.00107707831592718,0.000544589369733339,0.00107628601343723
0.00064705863463721,0.000278000298804315,7.20659452768668e-06,0.00496593274572843,0.00070832582741992,6.07786449874914e-05,0.0598538370015703,0.0716868680372955,0.00671013199782109,0.00731101530518151,0.0278969365840546,0.000174306951178316,0.000968419176086477,0.00076509669565028,0.000981836558304083,0.000747794041779604
0.000547068059300049,0.000260924374055005,6.02921970571657e-06,0.00501541388674243,0.000993516400398131,5.65430165481301e-05,0.0670148371150486,0.0405730459421238,0.00780096430782189,0.00602849697733262,0.027345834537949,0.000152688425827496,0.00133143371640998,0.000474963119943661,0.00137862308258352,0.000431688104920669
0.000447132957828389,0.000238502256414308,4.95295487490388e-06,0.0049613319719729,0.00124233886350505,5.0694578634658e-05,0.0729516786384232,0.0104330701638835,0.00884721643870026,0.00470369292546698,0.0263114129069784,0.000135184393053767,0.00166219830348169,0.000191084203294944,0.00173731518252507,0.000127023066860188
0.00034926212159192,0.000211494480722552,4.00818443113682e-06,0.00481021046201435,0.00145163642336676,4.34317134434536e-05,0.0776194598128817,0.0182136793185917,0.00983879284182138,0.00335546175622105,0.0248401423441798,0.00012200889407743,0.00194062430275865,6.73716107415512e-05,0.00204885904100183,0.00015738416355271
0.000255318071342936,0.000180715103290874,3.22086106607777e-06,0.00457011305104094,0.00161921258950187,3.49910534496178e-05,0.0809905376408282,0.0449086068460902,0.0107676806783739,0.00200305414528478,0.0229847814756945,0.00011312395041696,0.00217362362692775,0.000307708942002161,0.00231144928084759,0.000420000624210104
0.000166988643425681,0.000147012574028382,2.61195391215718e-06,0.00425040482373185,0.00174382261472322,2.56361657295923e-05,0.0830550553326872,0.0692541317137877,0.0116270382600324,0.00066534435799667,0.0208015977995959,0.000108470806150895,0.00235297506647791,0.000520693338206257,0.00252199036088674,0.000656414794393712
8.57634107844785e-05,0.000111250904232252,2.19696176162465e-06,0.003861503978005,0.00182514875974343,1.56466690546947e-05,0.0838205895782483,0.0909212090127215,0.0124119049103408,0.000639565446862872,0.0183518318244322,0.000108215958759705,0.00247853440647194,0.000705235049648922,0.00267929420892576,0.000864459264120043
1.29152234189522e-05,7.42915619633688e-05,1.98575138965484e-06,0.00341462103204604,0.00186375413596374,5.30498115988709e-06,0.0833116267902581,0.109651676684351,0.0131192874114513,0.00189495814367934,0.0156978294836778,0.000112721295901785,0.00254954874564473,0.000858133426764995,0.00278492141776499,0.00104328845595836
5.05130339287785e-05,3.69764472848422e-05,1.98262300854513e-06,0.00292149917880891,0.00186102105710678,5.11791162226272e-06,0.0815685938093119,0.125258391516938,0.013748292225456,0.00308471813315113,0.0129004507791202,0.000121959913942982,0.00257029631120342,0.000983506832096914,0.00283809268093271,0.00119223853871253
0.000103716560585942,1.12201235080711e-07,2.18667422524632e-06,0.00239416245156088,0.00181908124085428,1.53742757089265e-05,0.0786485025022415,0.137622538635023,0.0142992335698351,0.00419229067627037,0.0100189157667737,0.000135092558038064,0.00254334988046478,0.00108401916494305,0.00283668275760185,0.00130964269191358
0.000146131801880944,3.55440532660012e-05,2.59227070187329e-06,0.00184467142187278,0.00174074163358806,2.52359587673556e-05,0.0746246126102965,0.146692054636706,0.0147733178180891,0.00520463479137497,0.00711075789999634,0.000152118208256502,0.00246899788951049,0.00115235677025405,0.00279090294674667,0.00139826468569737
0.00017743485619004,6.92973593581225e-05,3.18947792188329e-06,0.00128489435450158,0.00162939576580168,3.45060520577367e-05,0.069582486593176,0.152479012265842,0.0151736968162204,0.00611021949516102,0.00423150363933196,0.000172881028715655,0.00235146207125514,0.00119391083962683,0.00269740129389973,0.00145644705405223
0.000197535464074639,0.000100525684825548,3.96481480868793e-06,0.000726291981275495,0.0014889262551544,4.30259893599849e-05,0.0636209257724604,0.155057205856265,0.0155045380221282,0.00689741093409101,0.00143432172215097,0.000196594148310081,0.00219422526059321,0.00121031265651672,0.00255815419375893,0.00148474173385749
0.000206566791086438,0.000128688713544212,4.90193270363815e-06,0.000179713939520376,0.00132360519193359,5.06642136811758e-05,0.0568507111227502,0.154557549095325,0.0157709085753062,0.00755826769415962,0.00123408024508256,0.000223056755136286,0.00200320524403186,0.00120070712058418,0.00238483348140361,0.00148819390221677
0.000204871412201157,0.000153334608476108,5.98211680780114e-06,0.000344774199408537,0.00113799105421192,5.7317781607738e-05,0.0493904557006579,0.151159462118635,0.0159793608751511,0.0080876878495727,0.00373337884024473,0.000252268309749226,0.00178336792709122,0.00116805161088285,0.00218070299125794,0.00146835616155827
0.000192984165447774,0.000174104703661193,7.1849701779314e-06,0.000838034121196374,0.000936825317950973,6.29246610098777e-05,0.0413658239722656,0.145085843506885,0.0161375186662232,0.00848009115026472,0.00602510855083942,0.000283480584245654,0.00153745509833636,0.00111627531966241,0.00194224722595593,0.00142338017375299
0.000171612267695354,0.000190736137220981,8.48921348406417e-06,0.00129198772749911,0.000724929903821947,6.74537459370711e-05,0.0329104169370045,0.136600804464061,0.0162532902440791,0.00873124162115026,0.0080753886387547,0.000315757255956672,0.00127185994253731,0.00104726739731364,0.0016778130981463,0.00135714155012556
0.000141612927292645,0.000203062449416813,9.87310261391094e-06,0.00169972957713677,0.000507106817597303,7.08870519089827e-05,0.0241626749667979,0.126000814317458,0.0163349980140469,0.00884099852329475,0.00986002967340203,0.00034867946086159,0.000994415783741598,0.000963290735072841,0.00139871528051816,0.00127517780184372
0.000103969105788915,0.000211012233166996,1.13147014951798e-05,0.00205559851417403,0.000288044300674251,7.32274642005343e-05,0.0152621225170732,0.113604357100986,0.0163915497611952,0.00881135338661284,0.0113610885072933,0.00038176890135877,0.000709492868074535,0.000867462060807012,0.00110683808575163,0.00117818654703605
5.97641683219852e-05,0.000214605977693516,1.27923599571034e-05,0.00235522111935776,7.22296952125334e-05,7.44983443852765e-05,0.00634824230136011,0.0997466695451341,0.0164320216905049,0.00864560705368184,0.0125654019942782,0.000414360168624617,0.000422389478002549,0.000762590484673753,0.000807419367423901,0.00106874625427866
1.0155860817207e-05,0.000213951233251741,1.42849584955362e-05,0.00259553407912871,0.000136130779823718,7.47252673737597e-05,0.0024416273505003,0.0847722838193825,0.016465531061353,0.00834993159473178,0.0134683043689112,0.000446127786629669,0.000140033212864377,0.000651443409036445,0.000510609768603065,0.000952324493874945
4.3649841262372e-05,0.000209236281682679,1.57718231048598e-05,0.00277477262427261,0.000333180296818836,7.39254555383317e-05,0.0109757751735555,0.0690242332052816,0.0165014694127276,0.00793359121455377,0.014074618905104,0.000477282777103127,0.000131651374145281,0.000536605791979339,0.00022573855087793,0.000834281576788665
0.000100424270905952,0.00020072258716286,1.72328513260434e-05,0.00289242269289686,0.00051546591046675,7.21556091134168e-05,0.0191298881303626,0.0528376742593506,0.0165493508980456,0.00740465535060661,0.0143871876637876,0.00050705078001323,0.000393979149112766,0.000420424076806092,5.91408865835419e-05,0.000706937323473045
0.000158940604529922,0.000188736205167128,1.86493074133542e-05,0.00294917631269681,0.00067998980823164,6.94749523698773e-05,0.0267854432394743,0.036542791785504,0.0166177583889193,0.0067726499491239,0.0144140367584059,0.000534801109988603,0.000639066379156117,0.000305469490591515,0.000328557173754129,0.000579401989904249
0.000217997437626627,0.000173658231512275,2.00034736410615e-05,0.00294686916970688,0.000824251161016087,6.59348336457949e-05,0.0338334133652774,0.0204533134974951,0.0167147796547967,0.00604979244972374,0.014171636467865,0.000560322560891668,0.000862921889653423,0.000194128230799784,0.000578679679429595,0.000453558064627324
0.000276440743165685,0.000155914589915818,2.12786838102996e-05,0.00288838617583237,0.000946271005638433,6.15852445036563e-05,0.0401762795363744,0.00486011326839459,0.0168479248335731,0.00524972242668882,0.0136816804446708,0.000583654787633558,0.0010621137582647,8.81215084141962e-05,0.000803313548941698,0.000333307676578687
0.000333183753592703,0.000135965459536536,2.24593451086941e-05,0.0027775481712175,0.00104460372608262,5.64904246578429e-05,0.0457295081427218,0.00997370518552877,0.0170241356828568,0.00438647967772404,0.0129676432918959,0.000604673731464223,0.00123547710484673,1.1184325038327e-05,0.00100399855330846,0.000217299839168406
0.000387224474837966,0.000114294570313311,2.35313882398502e-05,0.00261899174842856,0.00111833996837146,5.07383603796513e-05,0.050421764341833,0.0238128691931269,0.0172492899076979,0.00347416829660439,0.012052988295995,0.000622856686035789,0.00138119937844983,0.000102415857844429,0.0011809274640231,0.000104869136365093
0.000437660807081297,9.13984914119315e-05,2.44825416541028e-05,0.00241804935741613,0.00116710387940938,4.44113334786694e-05,0.0541955965300474,0.0364516494407697,0.0175279595501841,0.00252770043096308,0.0109655065439852,0.000638127650344655,0.00149714645667753,0.000184472658119939,0.00132643160324197,1.94624189220338e-06
0.000483703164241511,6.77760917421333e-05,2.53021705763912e-05,0.00218061636975242,0.00119103753724148,3.76013247333357e-05,0.0570086550705654,0.0477190357240456,0.0178637640026905,0.00156245230599849,0.0097350984115803,0.000650422326997968,0.00158218109919672,0.000256359118276706,0.00144237238287614,9.32962260510317e-05
0.000524684333650827,4.39184326302966e-05,2.59817132266527e-05,0.00191301185449549,0.00119077487114067,3.04212876163362e-05,0.0588342268704691,0.0574786139088215,0.0182589490707042,0.000593992638934381,0.00839148137733756,0.000659393798183583,0.00163528779560229,0.000317413881834927,0.00152853871308489,0.000180972139110391
0.000560066575830742,2.02992349287445e-05,2.65149588017932e-05,0.00162184110205166,0.00116741013371419,2.29901376380959e-05,0.0596617928668741,0.0656290032614626,0.0187142130220545,0.00036206505545783,0.00696552360403536,0.000664819305265851,0.00165643993779296,0.000367274759877523,0.00158317410127651,0.000259149253816426
0.000589445961585611,2.63394412397533e-06,2.6898104247608e-05,0.00131385654805966,0.00112245800406124,1.54312439428622e-05,0.0594972586626309,0.0721050437228885,0.0192288431760376,0.00129028493382627,0.00548886917874378,0.000666614300557478,0.00164580146456417,0.00040573883770112,0.00160613576797886,0.000327286247491565
0.000612553928124093,2.44676462419213e-05,2.71297949818727e-05,0.000995819977037959,0.00105780492876406,7.86087248401401e-06,0.0583625598758876,0.076877623175321,0.0198008833525725,0.00217693951131449,0.00399229332459829,0.000665086572555929,0.00160773118153612,0.00043370453999414,0.00159825690738136,0.000383017130722085
0.000629256149139445,4.48294004676275e-05,2.7211028633678e-05,0.000674372167632609,0.000975653540602528,4.07541315819437e-07,0.0562941824256117,0.0799520718800423,0.0204275058412511,0.00300843707617133,0.00250544192269808,0.000660380569539765,0.00154009468886929,0.000450926124473949,0.00156112475674786,0.000429288553483009
0.000639548875735807,6.33934600841046e-05,2.71454768029367e-05,0.000355910447228991,0.000878463687237874,6.79940573801441e-06,0.0533437607579273,0.081366286547302,0.0211046986525877,0.00377262043003216,0.00105534089034668,0.000652657338783502,0.00144862929613498,0.00045868605355559,0.00149812623536438,0.000465170604838083
0.000643552937690028,7.98853493251817e-05,2.69393393506068e-05,4.64780814850019e-05,0.000768892558232481,1.36302664734134e-05,0.0495759508981012,0.0811872297605743,0.0218275857922932,0.00445824777720217,0.000332810926489298,0.000642084518518438,0.00133251479404695,0.00045717022194891,0.00141000558285731,0.000492038660251382
0.000641505649696894,9.40851989739699e-05,2.6601445874852e-05,0.000248335894127705,0.000649733239019901,1.99555424590103e-05,0.0450688193294251,0.0795094484186704,0.0225903344031739,0.00505451782947994,0.00163536908690689,0.000628796102032814,0.00119467590587741,0.000447274740068893,0.00129916393508511,0.00051014311649622
0.000633750792024435,0.000105829840229277,2.61430870135415e-05,0.000523487784631127,0.000523852331477226,2.56609910030542e-05,0.0399122424228489,0.0764516941885743,0.0233863507926408,0.0055535764292713,0.00283291918580281,0.000613026420296592,0.00104113454122556,0.000430176149587513,0.00117107748760803,0.000520130304619837
0.000620726951491068,0.000115013665341446,2.55776924394935e-05,0.000774550843636257,0.000394129535627341,3.06445039203879e-05,0.0342048338701131,0.0721518197060414,0.024208552656842,0.00594936444314531,0.00390915186991386,0.000595049341675757,0.000873518350373748,0.000406690899096729,0.00102742588492044,0.000522665351562757
0.000602954612070716,0.000121588305406928,2.49205844838896e-05,0.000997769966122108,0.000263399579952694,3.48224161918209e-05,0.0280524846066821,0.0667633052764732,0.0250494768246245,0.00623847383234049,0.00485221189232829,0.000575035777987898,0.000697875288412697,0.000377700126079406,0.000875182683017339,0.000519592725384599
0.000581022327839964,0.000125561188858925,2.4188594013097e-05,0.00119009782212698,0.000134399083591585,3.8123109780977e-05,0.0215656888325921,0.0604502915912896,0.0259013918597549,0.00641778762382764,0.00565153518742584,0.000553265720779073,0.000512834191026879,0.000344225683347577,0.000711599015127851,0.00051025864943377
0.000555572290957596,0.000126993069389736,2.33998459927554e-05,0.00134922231920032,9.71539964184087e-06,4.04931663188779e-05,0.0148602750027307,0.0533871677129225,0.0267564993567492,0.00648543048954734,0.00629907156971588,0.000530040046166746,0.000323932111095493,0.000307166937575931,0.000542927107022306,0.000496317769536292
0.000527285428378432,0.000125994552112874,2.25732754597363e-05,0.00147358285000621,0.000108260881724331,4.190461875829e-05,0.00805423425874275,0.0457530629303739,0.0276070242220119,0.00644280163073625,0.00679198904411864,0.000505514597842316,0.000135680608803534,0.000267248434590028,0.00037451135906319,0.000479338753404557
0.000496866396280327,0.000122721755024868,2.17281597733043e-05,0.00156236478665606,0.000217374970543693,4.23498043369552e-05,0.00126495321224322,0.0377270954812911,0.0284453193166289,0.00629269509158293,0.00712993334137485,0.000479952624412805,4.98547122728121e-05,0.000225654864307478,0.000207081705132617,0.000459085166892192
0.00046502882837185,0.000117371250952458,2.08837139930029e-05,0.00161548105776116,0.000315741331352093,4.18443175092403e-05,0.00539212587431424,0.0294858120427055,0.0292640613332454,0.00603992454865897,0.0073159391293244,0.000453468933253043,0.000228703103637651,0.000182503277698753,4.66414987494446e-05,0.000437767060979644
0.000432481080783864,0.000110174405355323,2.00585990826063e-05,0.00163353958088247,0.000401769766946447,4.04272317963139e-05,0.0118063744431857,0.021198463030194,0.0300560850625515,0.00569158919826447,0.00735681836819734,0.000425868955846953,0.000398425286436521,0.000137814230944611,0.000102778805774473,0.000417012329647859
0.000399912789350809,0.000101391285335428,1.92705305667173e-05,0.00161779604908724,0.000474182745087648,3.81511900533205e-05,0.0178734754500064,0.0130245917458571,0.0308144975990119,0.00525454143424672,0.00725901556202858,0.000397638325212446,0.00055757967715464,9.46196792931397e-05,0.000246582822375441,0.000392840765587876
0.000367982406812351,9.13042548046361e-05,1.85360071092155e-05,0.00157010471040814,0.000532030457456201,3.50889954997546e-05,0.0234953834674937,0.00511424225027547,0.031533323802887,0.00473752515955823,0.0070320804053273,0.000368852795178398,0.000703243867653747,5.0741937742349e-05,0.000374394963560731,0.000370673045662628
0.000337305797214249,8.02113269872673e-05,1.78698804940147e-05,0.00149285882277303,0.000574697897155696,3.13290706289993e-05,0.0285835511348195,0.00239707549236276,0.0322069212978586,0.0041509384595748,0.00668809474933838,0.000339651102923555,0.000832851730490525,8.52115512839369e-06,0.000488402571723889,0.00034799839944033
0.000308446153520769,6.84194751980338e-05,1.72851182840272e-05,0.00138892017815623,0.000601903462421671,2.69726719968888e-05,0.0330599351406477,0.00938943151760907,0.0328304166585079,0.00350616625120302,0.00624064900132161,0.000310031263843991,0.000945582187099059,3.33038756922255e-05,0.000583852261216489,0.000327513256941137
0.0002819053750589,5.62380295295872e-05,1.67925535035085e-05,0.00126154312552043,0.000613691097571978,2.21303197519146e-05,0.0368585617647065,0.0157605780932981,0.0333994069421276,0.00281545291181707,0.00570455906583147,0.000280048863480431,0.0010395523458524,7.33502467136216e-05,0.000661537328122463,0.000307847933055161
0.000258117018660409,4.39723003935466e-05,1.64007408256506e-05,0.00111429394970353,0.000610416032222505,1.69198558757216e-05,0.039926346619186,0.0214266132493839,0.0339100970447672,0.00209158573992374,0.00509556931798747,0.000249367569407521,0.0011158621810432,0.000113571140410329,0.000717682062728708,0.000291915461812287
0.000237440884606421,3.19175438971975e-05,1.61158405551642e-05,0.000950968102394839,0.000592724600277816,1.14610534379944e-05,0.042223896704669,0.0263228328559642,0.0343589111488973,0.00134763370228996,0.00442960338617416,0.000217981062426209,0.00117196894318561,0.000151438635885404,0.000755273400792289,0.000276592854419166
0.000220159265695186,2.03533806766854e-05,1.59416243965538e-05,0.000775507150820948,0.000561529679071859,5.87349921936375e-06,0.0437258621841589,0.030403281925268,0.0347430881095572,0.00059671569824188,0.00372253205075439,0.000185928237779631,0.00120897098668171,0.00018808907830703,0.000772695797688461,0.000263405154442453
0.000206474843599036,9.53874070513949e-06,1.58794915788851e-05,0.00059191715601406,0.000517982359955982,2.73813369866538e-07,0.0444212368961227,0.0336406925727012,0.0350605120187771,0.00014799432061692,0.00299020176835486,0.000153413141649295,0.00122550715502212,0.000222105311250109,0.000771557097198117,0.000250697296232505
0.000196510202790323,2.92583998751095e-07,1.59285574140577e-05,0.000404188642333353,0.000463439706428814,5.22602433251917e-06,0.0443135191609203,0.0360259993242071,0.0353099642658088,0.000873638430845142,0.00224807817222587,0.00012049354149446,0.00122369095982522,0.000254840481534235,0.000751013169027703,0.000240014916511488
0.00019030891437799,8.93570949611622e-06,1.60857604977194e-05,0.000216220059430339,0.000399429315456334,1.05210458446608e-05,0.0434204031336596,0.0375675623333858,0.0354907859691327,0.00156788423785394,0.00151095829578368,8.71791457609516e-05,0.001203806512728,0.000285790178592205,0.00071252094993679,0.000230601725702217
0.000187838103165472,1.6217695411519e-05,1.63460257505132e-05,3.1746114243919e-05,0.000327611519745863,1.55147918939336e-05,0.0417732900049458,0.0382899721530525,0.0356028783048438,0.00221926768356911,0.000792559969011722,5.33071290298448e-05,0.00116840285874564,0.000316034491594452,0.000656529431116271,0.000223421100878252
0.000188992385696141,2.19998112201691e-05,1.67024390876902e-05,0.000145727232048809,0.000249740446025493,2.01199139931441e-05,0.0394162543957321,0.0382323992342588,0.0356462486693345,0.00281760992385724,0.000105134794338328,1.82621678552763e-05,0.00112070937974751,0.000346958523485541,0.000583627783883212,0.000219687452705952
0.000193599024092661,2.61790215994595e-05,1.71464578369029e-05,0.000312979245401412,0.000167625011923356,2.4261905115508e-05,0.036404947078947,0.0374467873238179,0.0356208302948746,0.00335345429840548,0.000540230016747512,1.79850922481517e-05,0.00105852674405149,0.000375672058808507,0.000497919503198441,0.000215893700778791
0.000201424139648854,2.86886944874387e-05,1.7668172601959e-05,0.000467124366083538,8.30902351605101e-05,2.78775599191622e-05,0.0328058804963448,0.0359962411893835,0.0355270657103566,0.00381874513301047,0.00113409359539767,5.56979749901654e-05,0.000987054091466821,0.000404753884164499,0.000399463946056389,0.000214612726338936
0.000212179845326954,2.94985459433905e-05,1.82565286397374e-05,0.000605653296177844,2.06016403131448e-06,3.09165738383438e-05,0.0286947382916865,0.0339528314711024,0.0353653998997565,0.00420669167113018,0.00166852749713862,9.49055017399614e-05,0.000905311725889368,0.000431979180068209,0.000292058577710752,0.000213244553813663
0.000225532107791082,2.8613854817644e-05,1.88995937648873e-05,0.000726465485313244,8.6079408105233e-05,3.33406479937903e-05,0.0241551739278321,0.0313957732421456,0.0351366604453868,0.00451208490824358,0.00213734339531325,0.000135782049084043,0.000817814208560974,0.000459184029383386,0.000176579015484957,0.000213630583267177
0.000241109171446485,2.60739875106442e-05,1.95847878691202e-05,0.000827892212455716,0.000167310766998607,3.51238593719466e-05,0.0192768798997813,0.0284091599702575,0.0348416221312333,0.00473130202429774,0.00253605574990668,0.000178471601313346,0.000725288512904432,0.000485284422647947,5.60771890157907e-05,0.000214538144957199
0.000258510345213514,2.19502920342229e-05,2.02991393914997e-05,0.000908710239838573,0.000244217551556236,3.62526753967252e-05,0.014154028510673,0.0250800568642653,0.0344811993157251,0.0048622334956449,0.00286177618376183,0.000223008025101112,0.00063007023694206,0.000510390968154528,6.7288421167766e-05,0.000216078734639025
0.000277314977089826,1.63434247696381e-05,2.10295253236792e-05,0.000968146793461938,0.000315409737910333,3.67255727993232e-05,0.00888350523402787,0.0214965474795159,0.0340564286623415,0.00490433423218179,0.00311319506726026,0.000269300002933459,0.000533535900943516,0.000533837239399149,0.000190798173280382,0.000217623008720746
0.000297091440911723,9.38018289486919e-06,2.17628941097114e-05,0.00100587586524295,0.000379666683880342,3.65502748373991e-05,0.00356299316954517,0.0177457855645732,0.0335682743891084,0.00485910696289216,0.00329091672888133,0.000317972914266385,0.0004419622424775,0.000558897190732321,0.000314886429630401,0.000222729004774047
0.000317405950639449,1.20993028249194e-06,2.24864661394486e-05,0.00102200441458335,0.000435954948038997,3.57482791261549e-05,0.0017110969125824,0.0139120691698097,0.0330172016630381,0.00472894371298066,0.00339642469612188,0.000368445253676852,0.00034854038418719,0.00057847186899207,0.00043210005114469,0.000224200341441883
0.000337831032943381,7.99929448774828e-06,2.31880062129264e-05,0.00101705329443041,0.000483442637201292,3.43498778450496e-05,0.0068445188377243,0.0100759368659739,0.0324045574964157,0.00451790574197686,0.00343266973647441,0.000420609944578598,0.000262384565224427,0.000598294043782976,0.000545107762442543,0.000228257893422068
0.000357953557180268,1.80649160435309e-05,2.38559531406946e-05,0.000991930574783431,0.000521509045910584,3.23935080266402e-05,0.0117476914663083,0.00631215431239394,0.0317311481302357,0.00423177169839859,0.00340405032488987,0.000474718882861103,0.000183009483890273,0.000616436392514186,0.000650737515060062,0.000233226864513436
0.000377382142177307,2.87940954981081e-05,2.44796020570925e-05,0.0009478969684803,0.000549748859125565,2.99254229693263e-05,0.0163372447565738,0.00268857305392095,0.0309972935283499,0.00387760466312048,0.00331598786563354,0.000531383774313721,0.00011482306991295,0.000635425473982099,0.000749895150946478,0.000242004710307997
0.000395753817773903,3.99880418942011e-05,2.50492672153602e-05,0.000886525782339914,0.00056797177910467,2.70032032813478e-05,0.0205373969658542,0.000734751502639955,0.0302028413901774,0.00346297748652061,0.00317417939625424,0.000589415171037611,4.79723509769769e-05,0.000645340220561952,0.000832871090433618,0.000244905632107217
0.000412739856118005,5.14462818907713e-05,2.55565097040389e-05,0.000809660921402666,0.00057619908520401,2.36915886201033e-05,0.0242804758527929,0.00390569094868624,0.0293495499981501,0.00299638145990753,0.00298491916958649,0.000647195188886562,1.18600415417447e-05,0.000649850307184341,0.000901675493741427,0.000246077269622114
0.000428050742269148,6.29708274081653e-05,2.59942057706519e-05,0.000719371749900305,0.000574656336461199,2.00570910546261e-05,0.0275086255001587,0.0067810328268947,0.0284398106570381,0.00248773753192709,0.00275557680934068,0.000704819538242196,5.81773775818473e-05,0.000653915166345942,0.000959989942397987,0.000250856193317328
0.000441440185591446,7.43701417250248e-05,2.63565954837786e-05,0.00061790263767951,0.000563760586660356,1.61704269217022e-05,0.0301751978809562,0.00932714757276185,0.0274752429943916,0.0019476090343279,0.00249385386789137,0.000762375246291747,9.35643031984013e-05,0.000654561836760603,0.00100477168465696,0.000256609202737401
0.00045270809862985,8.54628078491571e-05,2.6639364416936e-05,0.000507620895897058,0.000544103744815116,1.21042002886457e-05,0.0322452879900807,0.011519906773576,0.0264567566488494,0.0013867724707439,0.00220748521904967,0.000821126689455554,0.000111129035547552,0.000658461764018958,0.00104248149900665,0.000270103219178419
0.00046170253697686,9.6080835195321e-05,2.6839671681711e-05,0.000390964913166904,0.000516433084249868,7.9344483180227e-06,0.0336960227477523,0.013344402286846,0.0253833999242549,0.000815979340056306,0.00190392555171749,0.000881323355740649,0.00011951283914946,0.000657134649631796,0.00106522338446025,0.000283242316848065
0.000468320613630002,0.000106072555064417,2.69562304480164e-05,0.000270393848318659,0.00048162985207878,3.73966195979514e-06,0.0345165803870163,0.0147943784389133,0.024254722082322,0.000245915239603639,0.00159026057112743,0.000941593843241328,0.000121440948999574,0.000647890265205842,0.00107059470279702,0.000293598003980877
0.000472508427651341,0.000115305074615761,2.69893178375114e-05,0.000148339206865199,0.000440686435812132,4.02698824147896e-07,0.0347082821715936,0.0158717533922389,0.0230718647581162,0.00031277656583108,0.00127332993251965,0.00100002056006587,0.000118114937536107,0.000629694779341827,0.00105783650246349,0.000300264491034041
0.000474260041321894,0.000123666256771689,2.69407214108508e-05,2.71583258732132e-05,0.000394681819702314,4.41994207775465e-06,0.0342843530546241,0.0165860081179824,0.0218368822153687,0.000850295724521774,0.000959441001630477,0.00105743134212299,9.8285727550107e-05,0.000615454708534191,0.00104068233930421,0.000315378701873259
0.000473615565908414,0.000131066198695122,2.68136385302986e-05,9.0907881262571e-05,0.000344756179907313,8.24282657198305e-06,0.0332689966113643,0.0169532150259792,0.020550148782771,0.00135728201318213,0.000654404992528741,0.00111371882059919,7.3225427624557e-05,0.000593869427630955,0.0010083179989987,0.000328117982572818
0.000470658442963234,0.000137438197380078,2.66126129934152e-05,0.000203773474575267,0.000292084974608864,1.18068144894512e-05,0.0316971513431441,0.0169953855854923,0.0192127654213866,0.00182510001385132,0.000363365730916837,0.00116841223361241,3.95857573768366e-05,0.000569943653702887,0.000966822733390993,0.000342915180215675
0.000465511992478795,0.000142739196887656,2.63434120344463e-05,0.000309541785340936,0.000237853231826679,1.5054335077036e-05,0.0296133585178202,0.0167394144654493,0.0178259783184416,0.00224627984868231,9.07925183211891e-05,0.00122067046556273,2.95407623651656e-06,0.00054031087756945,0.000913549561426086,0.000354918142416949
0.000458335336270155,0.00014694972802703,2.60128674564042e-05,0.000406533157981037,0.000183230514688049,1.79364832764151e-05,0.0270697667025993,0.0162161322614423,0.0163915503041032,0.00261599442486681,0.000159792386992751,0.00127104402557698,4.23221309030497e-05,0.000514218488994356,0.0008592295608707,0.0003712621010592
0.000449318866151849,0.000150073363484524,2.56287132365252e-05,0.000493302318232424,0.000129347826186843,2.04117412503924e-05,0.0241234765610959,0.0154589841201324,0.0149099257519859,0.00293080640389609,0.00038566620248635,0.00132019712247744,9.15967442853827e-05,0.000487386229489961,0.000800349524747279,0.000388035402505538
0.000438679444634493,0.000152135734992492,2.51994426306856e-05,0.00056864909523336,7.72767163863541e-05,2.244587150671e-05,0.0208360471110619,0.014503279286427,0.0133813629564622,0.00318725306289948,0.000584689808709835,0.00136773588772898,0.000142171426744331,0.000457052931009505,0.000734995460488275,0.000403360841494838
0.000426655407433696,0.000153183148788774,2.47341502979115e-05,0.00063162786091096,2.80100222463386e-05,2.40132425557565e-05,0.0172735742902364,0.0133854502218887,0.0118069531136821,0.00338188271604545,0.000755353259615564,0.00141245847725979,0.000191203784034366,0.000420691144629837,0.000661501167266487,0.000415248610683538
0.000413501385146064,0.000153280833893578,2.4242353503845e-05,0.000681555942766032,1.75555077452372e-05,2.50970915846721e-05,0.0135062414493219,0.0121421646531138,0.0101889573220539,0.00351227804683401,0.000897053302853914,0.00145400822532138,0.000241866164422011,0.000383521273612408,0.000586453170520751,0.000428215959990097
0.000399482992640365,0.000152510871163206,2.37338141967358e-05,0.000718017767463844,5.86335121450232e-05,2.56898143284473e-05,0.00960670596192235,0.0108091210894609,0.00852942339539812,0.00357747392897177,0.00101005246846144,0.00149292264428569,0.000293998618092539,0.00034717774203441,0.00051245270108613,0.000443057835998073
0.000384871494609529,0.000150969871801909,2.32183467953062e-05,0.00074086324985926,9.45588976760114e-05,2.5793982818656e-05,0.00564862821303295,0.00942022649071007,0.00682997255693673,0.00357753319300347,0.00109511902256173,0.00152922437529068,0.000343961952505856,0.000309258352066411,0.000437638603716817,0.000456683252677559
0.000369938548163251,0.000148766464471539,2.27056286621341e-05,0.00075020184867642,0.000124796163540553,2.54196780181959e-05,0.00170524476997956,0.00800698548959567,0.0050918082898347,0.00351435488178542,0.00115377115405121,0.00156469511838753,0.000398866114626473,0.000279918982696414,0.000373434793172533,0.000477404752553645
0.000354951124401648,0.000146018649780755,2.22050402076679e-05,0.000746390107299252,0.000148944113528893,2.45884239207794e-05,0.00215256369349845,0.00659775340850389,0.00331442297527488,0.00339028523275352,0.00118762396937997,0.0015989052489469,0.000444255352630929,0.000243990975949626,0.000304170260436498,0.000490350399276251
0.000340166714689394,0.000142851083104634,2.17254239002207e-05,0.000730017087285817,0.00016673895783853,2.3330554339826e-05,0.00585636004440144,0.00521802320909246,0.00149905825905826,0.00320854407799899,0.00119853091995673,0.00163100075784406,0.000485343239603919,0.000209243171691242,0.000238562232649286,0.000501623327267109
0.000325828844676579,0.000139392309320863,2.12749319656869e-05,0.000701886885266054,0.0001780554266399,2.16866752941747e-05,0.00934179054776089,0.00388995478148076,0.000351940338765984,0.00297326707750772,0.00118856944525212,0.00165871463653844,0.000511120551181077,0.000165035497140087,0.000165840045444177,0.000500169620410662
0.000312162978664432,0.000135772003256332,2.08608209563144e-05,0.000662997976886986,0.000182905408816603,1.97031070274384e-05,0.01254944641605,0.00263239878182722,0.00223307953987132,0.0026899789666887,0.00116019514158522,0.00168065713107846,0.000530542119532185,0.000123133342713744,9.87582592610892e-05,0.000495826313522851
0.000299372871757297,0.00013211826572776,2.04893911234239e-05,0.000614518045955303,0.000181433245235674,1.74302875228238e-05,0.0154269516589499,0.00146030701893509,0.00413826842281146,0.00236560001163236,0.0011162106089246,0.00169656533444962,0.0005417792007959,8.27465164677799e-05,3.66642308901044e-05,0.000486897195455804
0.000287637478569858,0.00012855505431264,2.0165913416581e-05,0.000557754357523352,0.000173907286112884,1.49187075699497e-05,0.0179301342338989,0.000384639246711667,0.00606165810864136,0.00200794201579446,0.00105957001536381,0.00170823101974438,0.00055368968970182,5.38938553362733e-05,1.00771842133085e-05,0.000482449043971767
0.000277108480864596,0.000125199811711135,1.98946191085625e-05,0.000494121344612616,0.000160708589644398,1.2224776698308e-05,0.0200238542607596,0.000587617546427728,0.00799932724223382,0.00162490582534469,0.000993014542035412,0.0017159383216937,0.000555204903991524,2.51060734516306e-05,5.35027396902921e-05,0.000470952951263981
0.000267908468206901,0.000122161336631066,1.96785685290246e-05,0.000425108670749699,0.00014231838032791,9.40622513513623e-06,0.0216818602980434,0.00145284809624613,0.00994681393660306,0.00122438161808835,0.000919081217079371,0.00171993419227057,0.000552297767319132,2.65567609558648e-06,8.73129370365655e-05,0.00045829765003802
0.00026012974417311,0.000119537912877027,1.95196934377195e-05,0.000352250051443154,0.000119304542415599,6.51879641161424e-06,0.0228869936703711,0.00221058698048852,0.0119005314304655,0.000814307845972027,0.000840168730314759,0.00172129624732653,0.000545414140141531,1.31379468517601e-05,0.000111400689285501,0.000444674264367562
0.000253833755976762,0.000117415722416331,1.94187821018765e-05,0.000277092289160646,9.23068404104499e-05,3.62314832345889e-06,0.0236311901064024,0.00286310861196282,0.0138572156488933,0.000402618627747682,0.00075840290346507,0.00171887271083859,0.000524748105311224,3.19571132176844e-05,0.000135865827983417,0.000419978831357026
0.000249051132817923,0.000115867561376076,1.93753964048415e-05,0.000201165572885242,6.20214742879099e-05,7.78126831704751e-07,0.0239154835557357,0.00341488530716753,0.0158115645471326,2.88016738140373e-06,0.000675688090361701,0.00171151537303871,0.000496322945153671,4.81732147481484e-05,0.000155222560752288,0.000389976233767353
0.000245782305000164,0.000114951871211522,1.9388000069398e-05,0.000125954991823329,2.91849829126001e-05,1.96536973520733e-06,0.0237496938012069,0.003872282695419,0.017757924793305,0.000394879652523861,0.000593704784146687,0.00169979349463445,0.000464859005359419,5.79171812593593e-05,0.000165865814878874,0.000359021783809643
0.000243998674713808,0.000114712095780456,1.94540824027811e-05,5.28740440246256e-05,5.44214005476773e-06,4.55929662036836e-06,0.0231518521762317,0.00424317510458978,0.0196913488407168,0.000766490170908464,0.000513854300036417,0.00168393155559432,0.000427260201593893,6.46979785421387e-05,0.000171671172152332,0.000323687313965593
0.000243644292079237,0.000115176365282466,1.95702040814982e-05,1.67593352846385e-05,4.10917074574191e-05,6.96009504842776e-06,0.0221477175069096,0.00453647210069267,0.0216068636260255,0.00111144197716318,0.000437244809674091,0.00166408936513496,0.000385869683361295,6.72613381613729e-05,0.000171724017321462,0.000285923313428249
0.000244637982921958,0.000116357501130593,1.97321303803122e-05,8.17438633367029e-05,7.70035686949999e-05,9.13217142384237e-06,0.0207698369051264,0.00476169441222533,0.0235000383770777,0.00142446724081632,0.000364683241632488,0.00164115615276161,0.000343809439170562,6.39120145610184e-05,0.000164668316933958,0.000248445316687662
0.000246875862758067,0.000118253325103818,1.99349565346285e-05,0.000141012483930919,0.000112440277070636,1.10421419284024e-05,0.0190565748890043,0.00492857478776017,0.0253672111553198,0.00170074223015491,0.00029673550803447,0.00161505974880705,0.000296141289168217,5.97629037770719e-05,0.000155926197926703,0.000206101075612364
0.00025023417361858,0.000120847253756579,2.01731642095471e-05,0.000193647090376697,0.00014670100109504,1.26649266468937e-05,0.0170515293170326,0.00504668388763663,0.0272045185281562,0.00193652958035807,0.000233708933788108,0.00158625212183128,0.000249119052960323,5.07450458222536e-05,0.000141733961598223,0.00016471703927512
0.000254572382415441,0.000124109159086061,2.04407915693761e-05,0.000238889919090018,0.000179134080443621,1.39777121671431e-05,0.0148022294002498,0.00512511384736399,0.0290085946040812,0.00212854755219064,0.000175717773404565,0.00155427369873373,0.000196141968451635,4.31936225699925e-05,0.000128676974244346,0.00011759780031384
0.000259736476662997,0.000127996468002822,2.07314859501651e-05,0.000276151875525654,0.000209148474096754,1.49690503129934e-05,0.0123595735061442,0.00517219911260816,0.0307755519638754,0.00227499356619821,0.000122653935020089,0.00151972560194158,0.000147182815971814,3.0401266579827e-05,0.000110299295368432,7.42559958429867e-05
0.000265562386960738,0.000132455472811877,2.10387578372107e-05,0.000305016682821846,0.000236223093765031,1.56318685244766e-05,0.00977587757292936,0.00519529920181222,0.0325025848967474,0.00237482019436716,7.42570950952124e-05,0.00148280299229098,9.58999745634959e-05,1.83288126127668e-05,9.27411644636722e-05,2.83424692599787e-05
0.000271879453116908,0.000137422807444887,2.13560069359797e-05,0.000325241437566737,0.000259914376572745,1.59656882419285e-05,0.00710451364120438,0.00520063778293692,0.0341867293845551,0.0024278214856238,3.01584051848897e-05,0.00144369941398548,4.70804687894288e-05,4.35011216393111e-06,7.35196126931958e-05,1.55958070615636e-05
0.00027851387667388,0.000142827061964168,2.16766796594658e-05,0.000336754687188134,0.000279862347746795,1.59717284038408e-05,0.00439865710145102,0.00519319857054358,0.0358252770277915,0.00243425229642983,1.00882556721762e-05,0.00140191479175611,4.7554017551521e-06,6.42461282607254e-06,5.78862751023923e-05,6.2988941825326e-05
0.000285292111409596,0.000148590502876411,2.19942622463609e-05,0.000339652251999722,0.000295795333425553,1.56561053649834e-05,0.00171101397718913,0.00517664924185167,0.0374145983984644,0.0023951701495596,4.69873843351679e-05,0.00135688814259249,5.54792436735507e-05,1.60221956689854e-05,4.38944455857238e-05,0.000109860555766561
0.000292044146243065,0.000154630873289541,2.23024680419126e-05,0.000334190286865765,0.000307532913114861,1.5035103600014e-05,0.000907757470690382,0.00515332800929446,0.0389509676381841,0.00231310706470322,8.10985950574182e-05,0.00130887622020082,0.000102382375199994,2.54331689989451e-05,3.05760161457558e-05,0.000153570200534414
0.000298606603941431,0.000160863222846974,2.25954293284758e-05,0.000320773736764091,0.000314985929347644,1.41346165473677e-05,0.00341054168581984,0.00512430269784786,0.0404313168713827,0.00219172974271378,0.000112971879792404,0.00125872096031421,0.000143216267608604,3.55689903377421e-05,1.69626038118986e-05,0.000191870819380657
0.000304825572112533,0.000167201711894049,2.28678174813979e-05,0.000299941583067564,0.000318154081416722,1.2979124537113e-05,0.00575462850826524,0.00508949232332827,0.0418534000604691,0.00203480002981358,0.000143094418270073,0.00120655662025126,0.000182134482487495,4.27886363283392e-05,6.71107288219286e-06,0.000228726418239567
0.000310559126239118,0.000173561354593288,2.31148060616526e-05,0.000272350881867667,0.00031712238874454,1.15983197775393e-05,0.00790173299495106,0.00504779814224255,0.0432149531945631,0.0018465637193366,0.000171876830031411,0.00115263422293743,0.000215892982867727,4.8944028398612e-05,2.16502992189671e-06,0.000260872557311886
0.000315679524168333,0.000179859680069117,2.33322248979206e-05,0.000238759886358186,0.000312056377465675,1.00254995977211e-05,0.0098188477460007,0.00499729040930151,0.0445142117172957,0.00163178456166649,0.000199646907409723,0.00109727586489949,0.000245521536946125,5.27758378232601e-05,8.46929839437571e-06,0.000289190680713647
0.000320075047541168,0.000186018280560474,2.3516598843587e-05,0.000200009518046274,0.000303195652327004,8.29886894838927e-06,0.0114786020967387,0.00493539679885645,0.0457497676692191,0.00139555954517948,0.000226630676352648,0.00104092416650314,0.000269637828221647,5.50451737819646e-05,1.31192703874961e-05,0.000312216000765142
0.00032365146368929,0.000191964218668572,2.36652470635423e-05,0.000157004232322067,0.000290846291788938,6.45738860215184e-06,0.0128596266777429,0.00485911768823592,0.0469207515730418,0.00114311967735632,0.000252946987891491,0.000983900627319012,0.000289455400511507,5.46094264244346e-05,1.50503076228325e-05,0.000330987921699388
0.000326333101430931,0.000197631272439214,2.37762821049259e-05,0.000110692404791946,0.000275372260063411,4.54420142756429e-06,0.0139465695650817,0.00476522935070833,0.0480266014525877,0.000879702006411233,0.000278609056451358,0.000926569670754662,0.000304071063166989,5.22252343480023e-05,1.51928501526122e-05,0.0003445418893534
0.000328063540202317,0.000202961003110735,2.38486042716257e-05,6.20478746936048e-05,0.000257186415587307,2.5852777066071e-06,0.0147301439807435,0.00465049356082672,0.0490669903525861,0.0006105962183306,0.000303502539407563,0.000868611303470712,0.000317438878554399,4.41564628984592e-05,9.69772574288541e-06,0.000356380519128896
0.000328805928530018,0.000207903635747797,2.3881549176652e-05,1.20500774342669e-05,0.00023674046795108,6.11459713917295e-07,0.0152071615282525,0.00451185881270117,0.0500410516464894,0.000341074791508858,0.000327410613131194,0.00080996621973195,0.000325995928645018,3.38032985068848e-05,2.27835914212715e-06,0.000363091256086578
0.00032854289930806,0.000212418730805686,2.38752316856772e-05,3.83348190852728e-05,0.000214514537455412,1.33640669146284e-06,0.0153804270572726,0.00434666505531909,0.0509482375615118,7.62540063895476e-05,0.000350034393171285,0.000751023674632978,0.000330046755707691,2.11583121045855e-05,6.98309640811967e-06,0.000364862163301005
0.000327276131092402,0.000216475647432157,2.38305615098966e-05,8.8171294496231e-05,0.000191006587821285,3.21929247557029e-06,0.0152584485569331,0.00415281634465134,0.0517883889200006,0.000179093709742517,0.000370996824973397,0.000692110416464109,0.000330054801087165,6.28622232645704e-06,1.79451536996833e-05,0.000362077184677956
0.000325025568737702,0.000220053794353692,2.37492071830658e-05,0.000136570811849757,0.000166721886878718,5.00067238197455e-06,0.0148549648916068,0.00392892259965504,0.0525616583396256,0.000420633744413935,0.000389860118136161,0.000633476244930931,0.00032659710664984,1.07984217124768e-05,3.05450826573184e-05,0.000355242558436664
0.000321828335343888,0.00022314267384782,2.36335253895881e-05,0.000182706358990092,0.000142162869480877,6.6487322134684e-06,0.0141884378387069,0.00367441539168458,0.0532684160825989,0.000644446365533109,0.000406136575537992,0.000575297487590665,0.000320166284645151,3.00333384360973e-05,4.46975744591294e-05,0.000344777568656918
0.000317737370780558,0.00022574172738854,2.34864297259385e-05,0.000225825271637281,0.000117819436597499,8.14105069496529e-06,0.0132816393047656,0.00338965313436457,0.0539092010714184,0.000846848899472007,0.000419278577565458,0.00051776569671691,0.00031078993688971,5.11318753069201e-05,6.01147024777982e-05,0.000330569394053959
0.000312819823373278,0.000227859988832124,2.33112409138148e-05,0.000265261329755795,9.41593357153825e-05,9.45571456660577e-06,0.0121612442182768,0.00307600787571025,0.0544847395244245,0.00102484820988948,0.000428753023846026,0.000461032839771836,0.00029930971826575,7.37085423659911e-05,7.6425023055493e-05,0.000313621754207127
0.000307155220564903,0.000229515552829795,2.31117115796486e-05,0.000300444052702076,7.1619616360763e-05,1.0574469416158e-05,0.0108568854300866,0.00273584917081999,0.0549958937623045,0.00117607937426589,0.000434049538698118,0.000405265376299035,0.000285792599665102,9.72685174650545e-05,9.3182812481607e-05,0.00029396627331757
0.000300833482264729,0.000230734884730133,2.28919199736222e-05,0.000330905763182898,5.05990906250475e-05,1.14802710536044e-05,0.0094005120377495,0.0023725354661657,0.05544366883245,0.00129891992380008,0.000434723452886336,0.000350526126402184,0.000271354040181082,0.000121725808510997,0.000110383578148299,0.000272920386834685
0.000293952815917153,0.000231551990675094,2.26562347414028e-05,0.000356285769574416,3.14521350580077e-05,1.21654340498323e-05,0.00782554343744598,0.0019903381080781,0.0558291284839945,0.00139211929294451,0.000430354392674252,0.00029699936297789,0.000255219728099831,0.000146139771867282,0.000127166605658147,0.000249588412681412
0.000286617547594625,0.0002320074734391,2.24091057992037e-05,0.000376333441432786,1.44831092037112e-05,1.26247236893889e-05,0.00616651815039609,0.001594422148086,0.0561535525397766,0.00145509851431186,0.000420614744491428,0.000244774085464861,0.000238897222551326,0.000170663646507307,0.000143819104858389,0.000225779538269411
0.000278935907215061,0.000232147485400125,2.21550749630595e-05,0.000390908747603114,5.79116548049541e-08,1.28579109985039e-05,0.00445811292046603,0.00119068674476394,0.0564182568680391,0.0014878894842503,0.000405272547615427,0.000193962006209136,0.000221931331901626,0.000194389307866083,0.000159561056683688,0.000201049370855966
0.000271017832692788,0.000232022612312477,2.18985985067643e-05,0.000399980597705518,1.19781180697998e-05,1.28725263195822e-05,0.00273468575688058,0.00078567535634127,0.0566247638312043,0.00149093889579409,0.000384179459122214,0.000144789801871825,0.000204508793697156,0.000216757077518004,0.000173987022983102,0.000175724699676305
0.000262972816085449,0.000231686704383671,2.16439786615563e-05,0.000403624044893025,2.11441287446545e-05,1.26738378447289e-05,0.001029586796682,0.000386412639008088,0.0567747634988315,0.00146551048691966,0.000357357178802401,9.72187080464648e-05,0.000188341213060994,0.000238315574588088,0.000187819832476066,0.000151864378301392
0.000254907832380136,0.000231195680628238,2.1395447521888e-05,0.000402014518609606,2.74823346852471e-05,1.22642411612556e-05,0.000625808119514266,1.49172462069399e-07,0.0568697161825531,0.00141357925535842,0.000324997155135086,5.08876625762156e-05,0.000174508724023026,0.000259456122267299,0.000201598528050351,0.000130782327260826
0.000246925416615973,0.000230606346684703,2.11570325117094e-05,0.000395418837720818,3.09772782876028e-05,1.16725580169424e-05,0.00220245996392941,0.000365792230336909,0.0569109779580647,0.00133677327079374,0.000287277482986712,6.46181025854009e-06,0.000157304398418545,0.000275221815098869,0.000210563281166087,0.000106298389809356
0.000239121910236229,0.000229975242672764,2.09320879984709e-05,0.000384189010969815,3.16710754755256e-05,1.09178449445579e-05,0.0036733468486248,0.000704017485197796,0.0569008285408078,0.00123743181261694,0.000244566448006873,3.60274183334175e-05,0.000143843101174324,0.000290782862882422,0.000219997095170399,8.6424145700259e-05
0.000231585828277314,0.000229357505459715,2.07239581453411e-05,0.000368753871547056,2.96613092677922e-05,9.97606673716622e-06,0.0050150231991473,0.00100752759790467,0.0568405069304127,0.00111928177603309,0.000197542790629598,7.88395408723996e-05,0.000144201222357032,0.000315089830115856,0.000238690267771458,8.21272197191192e-05
0.000224396468263111,0.00022880581792295,2.05364145540177e-05,0.000349601999218963,2.50938807580536e-05,8.88897437203995e-06,0.00620835865958944,0.0012700346011177,0.056728746638402,0.000984944699619059,0.000146772806900551,0.000121023722613689,0.000127396792922951,0.000320052489398925,0.000239530646616637,6.00843354080505e-05
0.000217622864835842,0.000228369504027937,2.03713228790203e-05,0.000327272335367113,1.81595670837864e-05,7.73307921335398e-06,0.00723620596038548,0.0014854631607969,0.0565684374689237,0.000836439373245435,9.27955002853319e-05,0.000160012680720301,0.000114335272552224,0.000324295123580898,0.000240684074369835,4.29739948994978e-05
0.000211322799629432,0.000228093627386183,2.02298692342229e-05,0.000302348116178186,9.09224776934892e-06,6.53513732365441e-06,0.00808500679038601,0.00164846673194004,0.0563629795578797,0.000677377607282715,3.64975591500023e-05,0.000195667844513303,0.000100120866731834,0.00032237160834947,0.000237114167229269,2.58387469596055e-05
0.000205542070677023,0.000228018201214542,2.01127160888159e-05,0.000275443002342501,1.83769233214059e-06,5.29531599870181e-06,0.00874545032336643,0.00175468604767828,0.0561159303328323,0.000511526537438009,2.11801252446159e-05,0.000229358909814459,9.68601937247904e-05,0.0003267373860949,0.000240648074040339,2.14078182955157e-05
0.000200314017092751,0.000228177528753815,2.00206352694021e-05,0.000247185562320618,1.43315729303484e-05,4.04670160732146e-06,0.00921257792588343,0.00180091824390493,0.0558289701945562,0.00034263642944732,7.91679732448473e-05,0.000260549548063427,8.52456661166734e-05,0.000317334319032025,0.000232498751894572,9.70104218023238e-06
0.000195659374230495,0.000228599721476153,1.9953311022558e-05,0.000218206942501853,2.80693809856514e-05,2.81509809975378e-06,0.00948558181276421,0.0017851882247181,0.0555057763626689,0.000174052336703919,0.000136442674506437,0.000289232446770926,8.23918486082542e-05,0.000312827616894107,0.000230107394766366,8.34256982806814e-06
0.000191586321237169,0.000229306331655632,1.99103363824893e-05,0.000189128469831046,4.2716986756175e-05,1.62401580222626e-06,0.00956733415933095,0.0017067493364626,0.0551487262153345,9.08734768779107e-06,0.000191933097527758,0.000315379945151073,7.5485341431758e-05,0.000299346127744737,0.000220606354949027,4.2795085791747e-06
0.00018809081603921,0.0002303121528201,1.98905630197643e-05,0.000160549862891324,5.79334328955072e-05,4.94210263518591e-07,0.00946446465951142,0.00156620643367909,0.0547612073928955,0.000149281854456247,0.000244617186134064,0.000339116299956532,7.40518267552392e-05,0.000287977262916739,0.000214187197695836,7.09764580575367e-06
0.000185157121421753,0.000231625146154157,1.98927029220197e-05,0.000133038782736905,7.3377817274789e-05,5.624388248332e-07,0.00918666076671221,0.00136539855341442,0.0543456198190177,0.000298419183868544,0.000293550359859642,0.000360965385617695,7.31680691612446e-05,0.000273499002146571,0.000205997504411748,1.17871128716418e-05
0.000182758552828011,0.00023324651404999,1.99150548589877e-05,0.000107120919717096,8.87161897486499e-05,1.52164363298457e-06,0.00874658686535514,0.00110744897615909,0.0539044741274377,0.00043575748143398,0.000337738082995297,0.000380581256318013,7.20618727488853e-05,0.000255400526056437,0.000195516197704193,1.75115507496937e-05
0.000180858397863304,0.000235170899666071,1.99555854509814e-05,8.32723434770477e-05,0.000103627439091036,2.38468238002165e-06,0.00815946494670247,0.000796699084175673,0.0534402246177038,0.000559527620709707,0.000376470786422965,0.000399114395718048,7.75289102492582e-05,0.00024227833457735,0.000190435861666005,3.08262052388653e-05
0.000179410979785466,0.000237386701513853,2.00122985321016e-05,6.19118494378235e-05,0.000117809407477742,3.12924122947145e-06,0.00744228238405829,0.000438491468404814,0.052954090584409,0.000667760080265565,0.00040889119520315,0.000416015079808263,7.71796670312463e-05,0.000219756090792722,0.000177648687090359,3.94647390038472e-05
0.000178362868480386,0.000239876508705605,2.00825817091577e-05,4.33956513143374e-05,0.000130983834066067,3.74549095877308e-06,0.00661429164187102,3.93775767340689e-05,0.0524486458316857,0.000759038190357043,0.000434337921257752,0.000431427462324219,8.20917611417116e-05,0.000201733148619709,0.000169568935377007,5.40719731243477e-05
0.000177654174074782,0.00024261762313138,2.01638914165692e-05,2.80124239619428e-05,0.000142901231900472,4.22685960783931e-06,0.00569571270187529,0.000393305929000334,0.0519254571376644,0.000832394557984444,0.000452305005926952,0.000445461033239114,8.44443999734601e-05,0.000179330820973878,0.000158025669658168,6.68406194141991e-05
0.000177219937491202,0.000245582679228473,2.02533851472175e-05,1.59802613918236e-05,0.000153344793243915,4.56344369186013e-06,0.00470787309850733,0.000851389869538832,0.05138671485565,0.000887050733490709,0.000462345873707835,0.000457834796887491,8.75237596477119e-05,0.000157061905894706,0.000146926937003689,8.0768808577103e-05
0.000176991556774198,0.000248740327963959,2.03482049137005e-05,7.44518835915642e-06,0.000162133447755619,4.76158400458671e-06,0.00367245473823605,0.00132614919897563,0.0508343555860001,0.000922961331373282,0.000464322770373683,0.00046915331564773,9.27384633532258e-05,0.000137185828926634,0.000138128513481384,9.70037412914015e-05
0.000176898232609357,0.00025205597648037,2.04456127510522e-05,2.48092429133706e-06,0.000169124256955866,4.82000947465977e-06,0.00261093155256409,0.00180853623446169,0.0502697606856471,0.000940194279932878,0.000458140471841064,0.000479308377008048,9.58460119243609e-05,0.000115066839309064,0.000127282785620131,0.000111224287805634
0.000176868403026109,0.000255492566296978,2.0542840319715e-05,1.0905559647556e-06,0.000174213635012688,4.74840795212927e-06,0.00154448835993329,0.0022892501555065,0.0496945415379908,0.000939303475772795,0.000443926401833168,0.000488791346822726,0.000102187627948336,9.75451032387831e-05,0.000120413825174692,0.000128429024203403
0.000176831132005617,0.000259011367916395,2.06373521920433e-05,3.20855107127649e-06,0.000177338348650746,4.54324230268754e-06,0.000493347120458255,0.00275903174615531,0.0491096902536565,0.000920872084821771,0.000421824284745676,0.000496979070192805,0.000102825716014165,7.44962308865116e-05,0.000108144049308256,0.000139663234980159
0.000176717453910902,0.000262572792362303,2.0726414503125e-05,8.70434880062554e-06,0.000178475438463777,4.20641858164816e-06,0.000522973590257828,0.00320863744033002,0.0485174969070251,0.000885823021119417,0.000392150266925229,0.000503480985257487,0.000104664429544488,5.45485009509905e-05,9.8120553629788e-05,0.000151454884961932
0.000176461626641311,0.000266137187777349,2.08075929579721e-05,1.73869321956621e-05,0.000177641435660958,3.75894475082572e-06,0.00148658688267746,0.00362924357570792,0.0479197356427945,0.000835761605057232,0.000355559123508414,0.00050906221328445,0.000108107750773079,3.85304060143143e-05,9.09308428098665e-05,0.000164006564742136
0.000176002285161125,0.000269665614854198,2.08788468369914e-05,2.90106729168293e-05,0.000174890725372856,3.2155322733235e-06,0.00238159724497339,0.00401266500726328,0.0473174581595621,0.000772343384452375,0.000312762701881904,0.000513918579946038,0.000110426569584599,2.35209478613996e-05,8.37675115824554e-05,0.000174465946783053
0.000175283465470022,0.000273120579905139,2.09383709015576e-05,4.32823293913254e-05,0.000170312997688382,2.5883374506902e-06,0.0031940757821601,0.00435143596117538,0.0467117479531767,0.000697291235760562,0.000264537654386037,0.000517984472135413,0.000112101112903606,1.02705907566447e-05,7.72081386234413e-05,0.000183173290856153
0.00017425548478367,0.000276466712421986,2.09846120624579e-05,5.98682033884357e-05,0.000164030398165038,1.88856401160675e-06,0.00391221318324679,0.00463894704531812,0.0461037420162648,0.000612468471231336,0.000211761134009773,0.000521041807132416,0.000112056859932652,2.19040164817219e-06,7.02144818854888e-05,0.000188894715193899
0.000172875675296114,0.000279671381514413,2.10162572595873e-05,7.84018801984754e-05,0.000156194086849859,1.13221405068087e-06,0.00452645407211316,0.00486958167046344,0.0454947658322166,0.000519894321795464,0.000155419484149492,0.000523150708187758,0.000112163136404053,1.16643839023212e-05,6.47493364906992e-05,0.000193413882765281
0.000171108957556898,0.000282705237646508,2.10323653500044e-05,9.84922608647798e-05,0.000146980392019269,3.37934863495204e-07,0.00502966498665021,0.00503884755007934,0.044885854094552,0.000421678859281208,9.65794229950863e-05,0.000524513211604627,0.00011191255133558,1.86432862934183e-05,6.02807102437763e-05,0.00019613425641174
0.000168928251837563,0.000285542674281714,2.1032366537943e-05,0.000119731901964126,0.000136586521352067,4.74547191708918e-07,0.00541715602749079,0.00514345956868816,0.0442777843670613,0.000319927106023185,3.63401209096219e-05,0.000525401711437945,0.000111979065174017,2.24434588155242e-05,5.74405880153783e-05,0.000197720037421245
0.000166314720270067,0.000288162199416409,2.10161349796234e-05,0.000141705471025766,0.000125225919370142,1.2788718784934e-06,0.00568663821449166,0.00518136999429299,0.0436707683387622,0.000216674945052436,2.4210374367839e-05,0.000526590402552929,0.000114386354507223,2.10885462650356e-05,5.8173479699275e-05,0.00020030938900617
0.000163257845969045,0.000290546715643103,2.09840436373732e-05,0.000163997322819465,0.000113123966461737,2.0586280570084e-06,0.00583811962700022,0.00515176286200577,0.0430641868218137,0.000113892659649087,8.39774905860777e-05,0.00052817677940814,0.00011473071685919,1.92123918260068e-05,5.79895962331545e-05,0.000199274072776312
0.000159755365159775,0.000292683715019559,2.09366307950543e-05,0.000186199133248466,0.000100513399364954,2.81122168842296e-06,0.0058738319638032,0.0050551428669305,0.0424579044688563,1.35310779526344e-05,0.000141830739797962,0.000529331466749494,0.000111517002380546,1.83897394572252e-05,5.5341154910904e-05,0.000193014790710544
0.000155813041245234,0.000294565376377509,2.08744457479426e-05,0.000207917822028447,8.7629310193571e-05,3.53592266089109e-06,0.00579818387381802,0.00489339806929117,0.0418528328919994,8.25142803359905e-05,0.000196639337706882,0.000529146985617457,0.000105521347266269,1.79452337344399e-05,5.09194080813291e-05,0.00018238274258775
0.00015144428060665,0.000296188559817834,2.07982324118561e-05,0.000228783531989296,7.47037688038632e-05,4.20435458460544e-06,0.00561754465544614,0.00466968682876455,0.0412501135994428,0.00017277747185747,0.000247531320323562,0.000528772189022475,0.000105859993647872,9.20212671839948e-06,5.3547406388188e-05,0.000177358360840318
0.000146669612221095,0.000297554706575331,2.07093173061335e-05,0.000248454112039775,6.19626538067575e-05,4.8105523988845e-06,0.00533982529327681,0.00438815055921775,0.0406494435960263,0.000255722755026593,0.000293540543991271,0.000527812784101855,9.94860662398844e-05,5.0460370268901e-06,5.03324375047409e-05,0.000163837679808765
0.000141516084470661,0.000298669678801877,2.06089095071693e-05,0.000266621372764786,4.96209480658205e-05,5.34857474522588e-06,0.00497467686332444,0.00405422173248037,0.0400518297268419,0.00033003173283154,0.000333813360072505,0.000526031880913491,9.58771922258128e-05,3.36386880694928e-06,5.03991287350569e-05,0.0001523188484156
0.000136016522600424,0.000299543492113696,2.04984972993483e-05,0.000283016090177668,3.78787576902906e-05,5.81202586497076e-06,0.00453294079579972,0.00367423389219404,0.0394578068121335,0.000394646178128506,0.000367638464927805,0.00052332842159869,8.9657909176255e-05,1.058815823618e-05,4.83766403289732e-05,0.000137059661411976
0.000130208716316638,0.00030018998822201,2.03796327225003e-05,0.000297411927361879,2.69177847179725e-05,6.18895985700363e-06,0.00402651195599401,0.00325540306801177,0.0388681934884077,0.000448850497559494,0.000394515834380899,0.000520139490242877,8.66789911553312e-05,2.18550892451264e-05,4.98256671073172e-05,0.00012469739926313
0.000124134529272624,0.00030062643377049,2.0254220114202e-05,0.000309627900207166,1.68986007499927e-05,6.46324029547618e-06,0.00346778783066946,0.00280543012095921,0.0382827609587741,0.000492272659610753,0.000414162216146222,0.000517332035564755,8.55653557410019e-05,3.55693626770126e-05,5.33006830096827e-05,0.000113884914870521
0.000117838985484453,0.000300873082114017,2.01243620217006e-05,0.000319529064512714,7.95903715278268e-06,6.63355472348137e-06,0.00286951238677276,0.00233243122170289,0.0377007021988548,0.000524527459409056,0.000426271008679452,0.000514873373500591,8.30479163734799e-05,4.83953250983715e-05,5.5537020300922e-05,0.000101147235856969
0.000111369335233147,0.000300952696225876,1.99922028996102e-05,0.000327028187314893,2.11616314860219e-07,6.68205255059673e-06,0.00224465931723494,0.00184488663414157,0.0371210907184144,0.000545721717141094,0.000430875413681669,0.000514061325102289,8.89282222039656e-05,6.92885779638441e-05,6.59670343375884e-05,9.75411139150228e-05
0.000104774105096017,0.000300890031757373,1.98602128214098e-05,0.000332083749537748,6.25617113558796e-06,6.63241917191193e-06,0.00160590415212659,0.00135122530458875,0.0365415740082241,0.000555553900641736,0.000427704438451224,0.000513381185154593,7.94000815835805e-05,7.5543479397866e-05,6.13621541477594e-05,7.68036027963825e-05
9.81021965512641e-05,0.000300711335382564,1.97298101705101e-05,0.000334701147676197,1.13840706933432e-05,6.524042550346e-06,0.000966571215535597,0.000860706401383333,0.0359637703891094,0.00055369582452582,0.000416462007540266,0.000510361783892743,6.97846696543492e-05,8.11651052189388e-05,5.64749381007923e-05,5.62452111839695e-05
9.14019073995354e-05,0.000300443753334934,1.96022611116398e-05,0.000334934832181721,1.51422421698078e-05,6.34006075110605e-06,0.000339477507337537,0.000382468211427063,0.0353895569702466,0.000541083183147077,0.000397748258605685,0.000506516902609555,6.72259458142088e-05,9.25653077912258e-05,5.81605051195311e-05,4.40511155042067e-05
8.47199990745562e-05,0.000300114744164581,1.94791667658123e-05,0.00033288277406951,1.75286062535362e-05,6.08233060507557e-06,0.000263821535879609,7.50995893814464e-05,0.0348190862782653,0.000518613302198729,0.000372142657508543,0.000502104086681721,6.17249441423606e-05,0.000100032704319353,5.66256516393304e-05,2.93202277237281e-05
7.81008756054469e-05,0.000299751543774485,1.93618390973427e-05,0.000328682469882269,1.85676489822817e-05,5.76349414189992e-06,0.000832708010504775,0.000504067010594019,0.0342531679622896,0.000487101266394405,0.00034018597529754,0.000496766740735288,5.69552545179874e-05,0.000106977828627008,5.5456514154284e-05,1.61934545990228e-05
7.1585822631115e-05,0.000299380638103308,1.92514447254766e-05,0.000322507453571097,1.83095294780111e-05,5.3891118547561e-06,0.00135770783602883,0.000897176319835712,0.0336925623314224,0.000447589363353706,0.000302601996033797,0.00049072446970394,5.3051794037029e-05,0.00011336648775595,5.47606127718758e-05,4.96061489152488e-06
6.52123350399769e-05,0.000299027270139862,1.91490367935643e-05,0.000314562446582789,1.68280387701225e-05,4.96465833954574e-06,0.00183064753747602,0.00124800078611709,0.0331377809362573,0.000401222088612774,0.000260209155331047,0.000484261554637266,5.02749797302027e-05,0.000119345222567735,5.47887317624562e-05,3.99049454702372e-06
5.90135441442818e-05,0.000298714989759641,1.90555492927125e-05,0.000305078190594221,1.42182734572671e-05,4.49729142959487e-06,0.00224473876663332,0.00155104914389891,0.0325890485002847,0.000349197366634889,0.000213886392752161,0.000477594648386093,4.81777178975573e-05,0.000124395872097005,5.51041786980289e-05,1.10607245661365e-05
5.3017750527351e-05,0.000298465252816182,1.8971766182041e-05,0.000294306133660216,1.05941158712597e-05,3.99380508504799e-06,0.00259461508183668,0.00180183235064996,0.0320463766012325,0.000292749631872562,0.000164561044725238,0.000471003752305077,4.72439240937206e-05,0.000128963993300757,5.61994331770288e-05,1.56765047057972e-05
4.72480647788487e-05,0.000298297073259235,1.88983163500467e-05,0.000282512869238083,6.08534815665918e-06,3.46488870991979e-06,0.00287635566125481,0.00199692363255425,0.0315095524237597,0.000233120437091681,0.000113186692175207,0.000464514090904866,4.61141885840233e-05,0.000131641801872195,5.67402868517641e-05,1.92317038452128e-05
4.17221596642481e-05,0.000298226734496754,1.88355950885288e-05,0.000269974716861299,8.34790732068269e-07,2.92089942535712e-06,0.00308747524572664,0.00213398172664949,0.0309784409344402,0.00017155123871123,6.07364904283703e-05,0.000458177550882899,4.56048932172548e-05,0.000133267452523622,5.75597966748775e-05,2.08410934398051e-05
3.64521297375742e-05,0.000298267558600407,1.87838022396303e-05,0.000256972240976427,5.00480404960757e-06,2.37256861194968e-06,0.00322691404100565,0.00221178694252701,0.0304528428736606,0.000109273415721377,8.19414551317052e-06,0.00045199761387027,4.50434461717331e-05,0.000133168800830696,5.80112428321122e-05,2.11991880844087e-05
3.144446094272e-05,0.000298429739981732,1.87429151554674e-05,0.000243784870480934,1.1273938366696e-05,1.83039953345621e-06,0.00329500272332499,0.00223024684645859,0.0299326344470573,4.74813658317617e-05,4.34684079597368e-05,0.000445961204038337,4.47022369274297e-05,0.000131689859434569,5.83965374132411e-05,2.00446605805871e-05
2.67001052773885e-05,0.000298720242262185,1.87127195319103e-05,0.000230685723852431,1.78095720134164e-05,1.30314693383426e-06,0.00329339722107532,0.00219038240421262,0.0294176875845837,1.26921746521694e-05,9.3312864071781e-05,0.000440131484669537,4.47198673515503e-05,0.000129068781589359,5.88882168858218e-05,1.72843297390202e-05
2.22146563017001e-05,0.000299142759136228,1.86928627488037e-05,0.000217936764683624,2.44482481341068e-05,7.94648732774239e-07,0.00322497657613994,0.00209428314297652,0.0289077086583473,7.0222947522682e-05,0.000140475793867282,0.000434870215168914,4.62696080946179e-05,0.000126692316758881,6.0702298935067e-05,1.18134951779814e-05
1.79786175225072e-05,0.000299697737053961,1.86829397141874e-05,0.000205784313555224,3.10292285286284e-05,3.08055741526925e-07,0.00309370030880499,0.00194502849102842,0.0284019457210508,0.000124191415082634,0.000184167070287518,0.000430534235263735,4.87324654562249e-05,0.000124036718085252,6.32545432914799e-05,4.35824655675709e-06
1.39777561963816e-05,0.000300382459776927,1.86824494545768e-05,0.000194455040686159,3.73974666517118e-05,1.49437708166222e-07,0.00290450365687099,0.0017466194875131,0.0278994248927537,0.000173748417532586,0.000223642391171248,0.000427135157892167,5.08895886481842e-05,0.000119918702536248,6.53531685528286e-05,3.75989464707072e-06
1.01935336365155e-05,0.000301191191353634,1.86906552970267e-05,0.000184152228477785,4.3406580764932e-05,5.58022474853037e-07,0.00266325560168701,0.00150394702167906,0.0273996051708753,0.000218016190176798,0.00025811984736231,0.000423680706382656,4.87532775714783e-05,0.000110105552759476,6.30104822266775e-05,8.49366821598085e-06
6.60360730131426e-06,0.000302115375653278,1.87064345802401e-05,0.000175052568027523,4.8921165987037e-05,9.09434807086495e-07,0.00237672980528168,0.00122276591489939,0.0269031165390262,0.000256348941403188,0.000287008656296339,0.000419923300212899,4.81997379739862e-05,0.000101277276441825,6.21857534205406e-05,1.54796235848353e-05
3.18238979180041e-06,0.000303143878041978,1.87286486015292e-05,0.000167303406865993,5.38192867266252e-05,1.20239150915025e-06,0.00205221809296548,0.000909424699914441,0.0264103367326534,0.000288314982577705,0.000309899907565761,0.000415986523859824,4.72474813918433e-05,9.14472879144368e-05,6.09043914500118e-05,2.26065655447583e-05
9.83437170587464e-08,0.000304263277885797,1.87560952089605e-05,0.000161020928827305,5.79945165897211e-05,1.43421687172351e-06,0.00169741395782538,0.00057075774594349,0.0259217292037632,0.000313583118307177,0.000326474286068641,0.000411794285584022,4.62832125437407e-05,8.12234950664514e-05,5.95760984192228e-05,3.00982219759716e-05
3.26882048873323e-06,0.000305458193554653,1.878755090301e-05,0.000156289057735126,6.13574123493332e-05,1.60544808608387e-06,0.00132024553885917,0.000213943158728122,0.0254377612496274,0.000331983921519291,0.000336555589941216,0.000407425366735159,4.57019363201416e-05,7.12317810965812e-05,5.86184056178274e-05,3.81751197683355e-05
6.36061926595488e-06,0.000306711634510237,1.88218306276244e-05,0.00015315900316204,6.38366831481885e-05,1.71936781281912e-06,0.000928689930394107,0.00015365686242333,0.0249587358063238,0.000343503940502873,0.000340108642323693,0.000403089681290769,4.58347202919596e-05,6.20157938334698e-05,5.83792152039075e-05,4.69981082933391e-05
9.40601799781504e-06,0.000308005371382425,1.88578781485926e-05,0.000151649627281425,6.53797443066206e-05,1.78836761667578e-06,0.000530572077866581,0.000524669165682351,0.024484458087982,0.000348354598814181,0.000337300742396157,0.000399672388340599,4.96349192636858e-05,5.69841909554558e-05,6.18485427977822e-05,5.93082722964988e-05
1.24373555085988e-05,0.000309320315071804,1.88948245019027e-05,0.000151748230682536,6.59534793482075e-05,1.80696970360217e-06,0.000133402809671441,0.000891859582702471,0.0240140308966643,0.000346622456689109,0.000328206144972341,0.00039653344820928,4.81351258464491e-05,4.63799902276074e-05,5.99712249551576e-05,6.61995904779333e-05
1.54864097384744e-05,0.000310636910001327,1.89315609009366e-05,0.00015341170403127,6.55441257842171e-05,1.77047363837668e-06,0.000255399618107804,0.00124803080991295,0.023547921917721,0.000338493133603568,0.000312997784302476,0.000393046877686987,4.71718810023392e-05,3.68302386236641e-05,5.86509650851719e-05,7.3203238573738e-05
1.85838039200026e-05,0.000311935516233652,1.89670660499797e-05,0.000156567968429999,6.41570304154293e-05,1.68792059632161e-06,0.000628890954228795,0.00158632079204139,0.0230865078361001,0.000324460951228845,0.000292127523031979,0.000389618754135179,4.76018622892482e-05,2.9445066099365e-05,5.87516840253599e-05,8.09931332711455e-05
2.1758448312148e-05,0.000313196788945258,1.90004864923932e-05,0.000161118234072166,6.1816252766328e-05,1.56421852737232e-06,0.000980786852181826,0.00190038411589842,0.0226297925430704,0.000305062809159142,0.000266109601946937,0.000386223818695131,4.7109545153301e-05,2.181030915549e-05,5.79195952953304e-05,8.71575413036174e-05
2.50370337239736e-05,0.000314402042808748,1.9031025658478e-05,0.000166939853783021,5.85634413614866e-05,1.40253748846797e-06,0.0013054663793656,0.00218445411756484,0.0221780209366604,0.000280877761588534,0.00023551798430713,0.000382642398907007,4.62437937664983e-05,1.46203879326512e-05,5.66970001413258e-05,9.21285721221521e-05
2.84435852293541e-05,0.00031553358969838,1.90579926708789e-05,0.000173889451583253,5.44564090171895e-05,1.21101751683617e-06,0.00159806605406111,0.00243344840777857,0.021731477155921,0.000252589400362011,0.000201030757063063,0.000379062923012707,4.64234566990296e-05,9.47490452607447e-06,5.6506959056235e-05,9.72363211889649e-05
3.19990812971405e-05,0.000316575046589551,1.9080885470979e-05,0.000181806328429568,4.95675878978419e-05,9.98929217913003e-07,0.0018545759630671,0.00264306566455994,0.0212900853439615,0.000220930393940798,0.000163384665978313,0.000375756849891384,4.72341307056201e-05,5.9695176489738e-06,5.69153651390764e-05,0.000102004049267967
3.57211436154969e-05,0.000317511609949417,1.90993884949808e-05,0.000190516136578722,4.39821406316432e-05,7.76812340105848e-07,0.00207185950284779,0.00280983307777351,0.0208534192662524,0.000186648623129626,0.000123340770097215,0.000373142149931172,4.96673904424316e-05,5.15004286349985e-06,5.89118455062154e-05,0.000107415167101221
3.96238009798822e-05,0.00031833029116346,1.91133629021678e-05,0.000199834513398556,3.77961519442416e-05,5.4764365728377e-07,0.00224765567864672,0.00293113852717824,0.0204207351111005,0.000150477006243834,8.16808080331272e-05,0.000370895257207349,4.96260475596477e-05,2.75647548197977e-06,5.83296725105154e-05,0.000109222308223633
4.37173262659574e-05,0.000319020114632362,1.91226811692147e-05,0.000209570910241874,3.1114359463541e-05,3.15014848817352e-07,0.00238054435914491,0.00300528086323311,0.0199918977553119,0.000113151499608441,3.9199012048647e-05,0.000368780607759689,5.01649288455752e-05,1.97406863222671e-06,5.82556426038661e-05,0.000110554315943534
4.80081512281849e-05,0.000319572266544332,1.9127359149218e-05,0.000219532360824393,2.40478704787161e-05,8.79982511720057e-08,0.0024699632102291,0.00303145956310638,0.0195665976958536,7.54108554503272e-05,3.31958491141607e-06,0.000367136452407268,5.19898058003454e-05,3.50203478949318e-06,5.93979927395738e-05,0.00011215968549938
5.24988536317883e-05,0.000319980202052927,1.9127564731658e-05,0.000229527001552321,1.67121689383515e-05,1.30440727677539e-07,0.00251618906351301,0.00300977387491767,0.0191442838766406,3.79875740473006e-05,4.50612436657914e-05,0.000365655517997721,5.15419379206739e-05,3.69491319374138e-06,5.81267562430599e-05,0.000110304649999393
5.71882155628867e-05,0.000320239710020931,1.91234778841309e-05,0.000239367780008215,9.2246490472625e-06,3.37971679503779e-07,0.0025203173444796,0.00294128490169322,0.0187250062177254,1.58148108358159e-06,8.52337709291162e-05,0.000364006489787017,5.11785258697772e-05,4.8921986224304e-06,5.68325411766102e-05,0.000107518576099142
6.20713560888775e-05,0.000320348925678005,1.91153685726864e-05,0.000248875980556451,1.70221443653029e-06,5.29567929855035e-07,0.00248419749232731,0.00282793179300872,0.0183088797593128,3.31650308666558e-05,0.000123112319421779,0.000362185795822756,5.0799231947618e-05,6.92529562507094e-06,5.54122358034093e-05,0.000103761243916312
6.71399295950614e-05,0.000320308299169514,1.91036173533554e-05,0.000257884353709659,5.7409403799169e-06,6.97868895685461e-07,0.00241035487536238,0.00267245205376328,0.0178958958339588,6.56996186628655e-05,0.000158077322851252,0.000360554884114628,5.2290968281854e-05,1.15719157962602e-05,5.57918320001072e-05,0.00010114886510959
7.23823823188252e-05,0.000320120521513201,1.90887247906169e-05,0.000266239712161664,1.29951356514918e-05,8.42876536871762e-07,0.00230190224166918,0.00247829186053958,0.017485775959878,9.5461046750942e-05,0.000189456962446134,0.000358591730299451,5.01771518162109e-05,1.33486404459982e-05,5.23805038337155e-05,9.38489469715087e-05
7.77842601720757e-05,0.000319790413943033,1.9071159378159e-05,0.000273805728412069,1.99575595111745e-05,9.6053007350716e-07,0.00216253724663184,0.00224969200182638,0.0170789890425829,0.000122024897961952,0.000216752442761356,0.000356444162455505,5.12135827825944e-05,1.87705395089388e-05,5.2095058911239e-05,8.93086463821247e-05
8.33285693047636e-05,0.000319324769619045,1.90515315210416e-05,0.000280464939225622,2.65339165261003e-05,1.04698808690851e-06,0.00199631589647507,0.00199134333273756,0.0166753286839215,0.000145057679348876,0.000239568786466481,0.00035427241668845,5.10251493706093e-05,2.34508446210757e-05,5.04756303708609e-05,8.28935529597619e-05
8.89961671430295e-05,0.000318732171490921,1.9030471668291e-05,0.000286120223237041,3.26398638996334e-05,1.10049862359074e-06,0.00180763690062922,0.00170843510309743,0.0162747684300754,0.00016428591358532,0.000257570926740027,0.00035209688726423,5.18747720200663e-05,2.9483330450164e-05,4.98529230334999e-05,7.71868342234194e-05
9.47661830049684e-05,0.000318022777789473,1.90086539950673e-05,0.000290696020546877,3.82023495983097e-05,1.12070099775319e-06,0.00160111313294552,0.00140649003879737,0.0158771236041981,0.000179509034193719,0.000270504061659172,0.000349816342197329,5.16543230675293e-05,3.47075618795101e-05,4.80893170994312e-05,7.00217998687025e-05
0.000100616457499259,0.000317208085859555,1.8986738027138e-05,0.000294139152266837,4.3160732669828e-05,1.10754464896501e-06,0.00138151497578986,0.00109132645341593,0.0154824444986451,0.000190617763909334,0.000278224847596622,0.000347410582365759,5.20869796208911e-05,4.06740978877718e-05,4.69756142785771e-05,6.34210280496816e-05
0.000106523995034469,0.000316300674243375,1.89653954287827e-05,0.000296419166810558,4.74676079842279e-05,1.06095180757437e-06,0.00115362900017043,0.000768864808992119,0.0150906423124823,0.000197603795355987,0.000280717631710177,0.000344964057240438,5.25259495365304e-05,4.66436078114807e-05,4.58769081465027e-05,5.68177329729469e-05
0.000112465416738539,0.000315313933432759,1.89452826742098e-05,0.000297528129388436,5.10892533356899e-05,9.82331753426879e-07,0.000922178462195677,0.00044503670945296,0.0147016341857974,0.000200519021962886,0.000278038431030816,0.00034241332583218,5.27147582681797e-05,5.2263979674172e-05,4.45583768515778e-05,5.00630574082894e-05
0.000118417406178739,0.000314261788700754,1.8927032250593e-05,0.000297480093812696,5.40059506833335e-05,8.71835368981833e-07,0.000691733436739591,0.000125665844291672,0.014315289129914,0.000199527733296345,0.000270397696396234,0.000340088595440213,5.45309217374612e-05,5.92575756298563e-05,4.49704528080463e-05,4.53125485447847e-05
0.000124357138919673,0.00031315842052837,1.89112783131051e-05,0.000296309961512864,5.62118178631943e-05,7.30192736567159e-07,0.000466587538459394,0.000183720691821655,0.0139309704061306,0.000194860231578985,0.0002580943818817,0.00033835517328018,5.70358188876074e-05,6.66395190833668e-05,4.61763955709182e-05,4.16423672002786e-05
0.000130262684500143,0.00031201799260272,1.88986030882354e-05,0.000294071982073763,5.77143246374492e-05,5.62859694033802e-07,0.000250744189306823,0.000477892015778275,0.0135480334012012,0.000186709155343154,0.000241359305837237,0.000336608198008237,5.62458015745948e-05,7.04554749223485e-05,4.41339543446606e-05,3.48845761719563e-05
0.000136113380270975,0.000310854387659987,1.88894672705775e-05,0.000290838488513412,5.85341061091482e-05,3.73769414863112e-07,4.79304352478816e-05,0.000751861966957237,0.0131666497195365,0.000175362130447064,0.000220562731284537,0.000334703859058594,5.67764560797102e-05,7.51117850438243e-05,4.3593075445103e-05,3.01101797842707e-05
0.000141890177264736,0.000309680948867741,1.88842788582111e-05,0.000286698141743202,5.87042734393542e-05,1.66348530936111e-07,0.000138560558786842,0.00100116013723846,0.0127868170795847,0.00016118952948649,0.000196193588288249,0.000332574635425187,5.60745407048868e-05,7.80370591438873e-05,4.19839952722212e-05,2.4718051564343e-05
0.000147575944394657,0.00030851024111378,1.88833683092415e-05,0.000281753695937859,5.82693982092083e-05,5.64194412577823e-08,0.000305899375911843,0.00122187043867947,0.0124087179315495,0.000144605331031068,0.000168811220701361,0.000330393945845942,5.67707579023358e-05,8.17764451643832e-05,4.20057102173965e-05,2.15419717681797e-05
0.000153155726304269,0.000307353833161161,1.88870134354424e-05,0.000276119527097163,5.7284267903919e-05,2.91165474050614e-07,0.00045177880507031,0.00141075136975406,0.0120322173841886,0.000126046079234259,0.000139011504860911,0.000328217765051986,5.67680839738127e-05,8.42351012981801e-05,4.15461882782298e-05,1.84330199392013e-05
0.000158616949633719,0.000306222107368859,1.88954187014811e-05,0.000269919031818722,5.58125241972053e-05,5.34819652536767e-07,0.000574409712245765,0.00156523427300636,0.0116571770854088,0.000105958981729521,0.000107417649855807,0.000326379741017013,5.85441261634623e-05,8.78621795457057e-05,4.3127107638985e-05,1.79734445361346e-05
0.000163949577127606,0.000305124096943721,1.89087298438917e-05,0.000263281970032447,5.3925161355349e-05,7.83714013352643e-07,0.000672535359168558,0.00168348170714501,0.011283020397186,8.47901332024802e-05,7.46555488794001e-05,0.000324951502318815,5.94129413725719e-05,8.99819891649889e-05,4.40415201020672e-05,1.74128552359321e-05
0.000169146208257927,0.000304067354693238,1.89270083306159e-05,0.000256341828258289,5.1698978917554e-05,1.03357470704335e-06,0.000745411273515719,0.00176434879341195,0.0109094147581781,6.2976311787952e-05,4.13407184621656e-05,0.000323658885570344,5.94303498222537e-05,9.06475585322752e-05,4.43574648004708e-05,1.68276519784127e-05
0.000174202128217019,0.000303057852263366,1.89502336143121e-05,0.000249233265880999,4.92150229027526e-05,1.2804515293896e-06,0.000792800854046737,0.00180739130066567,0.0105364108667323,4.0958657188562e-05,8.10174677636985e-06,0.00032206436091925,5.78143840014311e-05,8.90733950208444e-05,4.33001845714376e-05,1.54509026946137e-05
0.000179115305821317,0.000302099911563936,1.89783135267074e-05,0.00024208956406413,4.65569480410932e-05,1.52137415089515e-06,0.000814965606333084,0.0018128760209008,0.0101643546203324,1.91567148746818e-05,2.44435579321162e-05,0.000320473982839797,5.82933513039174e-05,8.90433304139293e-05,4.46115199914665e-05,1.69897411077535e-05
0.000183886341041562,0.000301196169170792,1.90111027424944e-05,0.000235040158192978,4.38093549686481e-05,1.75364274891676e-06,0.000812624862763008,0.00178177970471862,0.00979297652966435,2.03867642009331e-06,5.57097103048854e-05,0.000319310702087183,5.93028901233472e-05,8.90178772711137e-05,4.67091487076354e-05,1.98292887219065e-05
0.00018851836477069,0.000300347573626292,1.90484006326042e-05,0.000228208336737756,4.10561850782017e-05,1.97452429061273e-06,0.000786924119102292,0.0017157417319907,0.00942179785356641,2.22591650238118e-05,8.51454137632025e-05,0.000318580405564095,5.9893330956684e-05,8.8077151014776e-05,4.86288602293827e-05,2.29758164825844e-05
0.000193016894332224,0.000299553414176534,1.90899578151882e-05,0.000221709110203361,3.83791708363224e-05,2.1820997588573e-06,0.000739411275347054,0.00161702389027457,0.00905063454087069,4.11411259052621e-05,0.0001122094686959,0.000317656643319841,5.77167935017497e-05,8.38778878038404e-05,4.80160456863832e-05,2.40864084886105e-05
0.000197389647515964,0.000298811380932795,1.91354866418969e-05,0.000215647199245828,3.58562217092073e-05,2.37379654643988e-06,0.000671998285609797,0.00148846263513608,0.00867977701535315,5.84207867528076e-05,0.000136484317130373,0.000317062370060461,5.94545362715415e-05,8.32917332107552e-05,5.1502620588062e-05,2.95704852522061e-05
0.000201646320157199,0.000298117654913277,1.91846487889169e-05,0.000210115471414918,3.3560178724714e-05,2.54812551432615e-06,0.000586836774110656,0.00133335302700049,0.00830862616290023,7.38574570385176e-05,0.000157589234139114,0.000316894117273814,5.90393582773352e-05,8.01846988701671e-05,5.30225894029845e-05,3.34721673329597e-05
0.000205798335756679,0.000297467020738518,1.92370916141105e-05,0.000205193596191755,3.15576088938119e-05,2.70442166651341e-06,0.000486342132012635,0.0011554356840977,0.00793705710541891,8.72250118422874e-05,0.000175173396875023,0.000316835412187799,5.84736527136087e-05,7.66607677089581e-05,5.45383226603358e-05,3.76397671392192e-05
0.000209858568856344,0.000296853004444819,1.92924572286479e-05,0.000200946833998294,2.99076437704458e-05,2.84361777927455e-06,0.00037313222441185,0.000958817931749497,0.00756526757819728,9.83294074321129e-05,0.000188935957124398,0.000316292360777626,5.51721070355393e-05,7.01546242867224e-05,5.3447478695734e-05,3.949451190155e-05
0.000213841046921626,0.000296268033113001,1.93504073970896e-05,0.000197425082926306,2.86608453353362e-05,2.96525654108759e-06,0.00024998157359674,0.00074790022280715,0.00719404513909181,0.000107080049660513,0.000198720669282174,0.00031541516291872,5.40933057567861e-05,6.58078194136769e-05,5.46299047594623e-05,4.36654200947073e-05
0.000217760637551009,0.000295703614644482,1.94105765241037e-05,0.000194662442154825,2.78585212498822e-05,3.0680367631708e-06,0.000119674544230896,0.000527204431046781,0.00682353922425054,0.000113469762493989,0.000204494178891797,0.000314755369787589,5.42144215385232e-05,6.26343276549646e-05,5.70294105186608e-05,4.90719247382421e-05
0.000221632732472277,0.000295150525803645,1.94725889228753e-05,0.000192677244218675,2.75324312633898e-05,3.15256833380295e-06,1.50289730140646e-05,0.000301302655499143,0.00645354154123381,0.000117491981076549,0.000206242825861496,0.000314320399411816,5.37379767424628e-05,5.88523167901478e-05,5.88247200963288e-05,5.39124120612078e-05
0.000225472933662624,0.000294599006753438,1.95360851815707e-05,0.000191472224655542,2.77044023014802e-05,3.218826409912e-06,0.000151408645595695,7.47685731481526e-05,0.00608388558780049,0.00011918858760698,0.000204029974516358,0.000314301343636803,5.45679982976166e-05,5.64521143776586e-05,6.18707916595351e-05,5.99127521211384e-05
0.000229296745088065,0.000294038961516918,1.96007100867757e-05,0.00019103493965833,2.83862600441026e-05,3.26888200437303e-06,0.000286846676447958,0.000147916119426339,0.00571419520885753,0.000118621873617221,0.00019796442561534,0.000314490308940596,5.36948792067005e-05,5.24403206098034e-05,6.31335035140568e-05,6.409941531893e-05
0.000233119275171556,0.000293460157933856,1.96661642120066e-05,0.000191338399248564,2.95797524202321e-05,3.3043829925361e-06,0.000418838161397906,0.00036241375467046,0.0053444878222928,0.000115899233970341,0.000188230223792205,0.000314809566589858,5.3616790577582e-05,4.94020060959333e-05,6.50586893365945e-05,6.87674292086937e-05
0.000236954954147162,0.000292852428609547,1.97321690391661e-05,0.000192341948687558,3.12767473326786e-05,3.32715372802772e-06,0.000545065400002083,0.000564635794065673,0.0049746779634469,0.000111174345728356,0.000175090772536381,0.0003152198219733,5.29870960092049e-05,4.60309020414718e-05,6.62618724258657e-05,7.25329443960199e-05
0.000240817272101512,0.000292205864094619,1.97984908754112e-05,0.000193992442541702,3.34596364028189e-05,3.33883828999848e-06,0.000663426807422498,0.000750813268202767,0.00460479447587967,0.000104632531094732,0.000158869056677037,0.000315732251229994,5.29246659162208e-05,4.34906074450181e-05,6.7824623002144e-05,7.63984760356884e-05
0.000244718542670386,0.000291510997474598,1.98649147780117e-05,0.000196225629295776,3.6101895836943e-05,3.33990179862687e-06,0.000772078548951901,0.000917566208510559,0.00423469515561732,9.64926017161497e-05,0.000139945658326413,0.000316563255303159,5.37213790465785e-05,4.20996996487455e-05,7.00099242513241e-05,8.05880937030379e-05
0.000248669696242432,0.000290758974561656,1.99312475974711e-05,0.000198967701593111,3.91689427079178e-05,3.33317447820392e-06,0.000869455098559663,0.00106195579155641,0.00386408809939162,8.69787226044074e-05,0.000118731853182126,0.000317569205939394,5.3539682498438e-05,4.00514957267228e-05,7.0944312432486e-05,8.32655242177793e-05
0.000252680105421732,0.000289941706732022,1.99973622738714e-05,0.000202136983052492,4.26189057865928e-05,3.32064198267645e-06,0.000954271527096321,0.00118152677607317,0.00349291552771955,7.63307760047663e-05,9.56703600219662e-05,0.000318731325019639,5.41281961848883e-05,3.91017902233726e-05,7.23649936780202e-05,8.60938576165982e-05
0.000256757445265599,0.000289052008160096,2.00631476428015e-05,0.0002056456916949,4.64035703565957e-05,3.30273734548692e-06,0.00102554462940635,0.00127433624632598,0.00312093360039947,6.48044459496227e-05,7.12300320104241e-05,0.000320241337319893,5.53906013512906e-05,3.91629181122344e-05,7.4159445769495e-05,8.89527377755384e-05
0.00026090758917563,0.000288083711229681,2.01285089671543e-05,0.000209401747977678,5.04695256573484e-05,3.2810702637609e-06,0.00108259602274024,0.00133897711094524,0.00274773626812675,5.26548078635711e-05,4.58942219904585e-05,0.000322116073075251,5.65867243659257e-05,3.95078636454826e-05,7.55666053945392e-05,9.1098365047948e-05
0.000265134541359568,0.000287031758977485,2.01933996231141e-05,0.000213310621650753,5.47593099425592e-05,3.25885476308574e-06,0.00112504663601216,0.00137460146486051,0.00237300555675366,4.01343808047177e-05,2.01586683015037e-05,0.000324164625073287,5.71785497142097e-05,3.9610366603049e-05,7.60315251454591e-05,9.19892714602577e-05
0.000269440406592658,0.000285892274884403,2.02578340822157e-05,0.000217277217373857,5.92125127143045e-05,3.23788465701746e-06,0.00115281028361704,0.00138093193907567,0.00199661016987873,2.74915415528574e-05,5.48859574365027e-06,0.000326358040510233,5.83147429352726e-05,4.05850808968822e-05,7.67226874489602e-05,9.27726838229059e-05
0.000273825397294092,0.000284662610180897,2.03218445449238e-05,0.000221207682010394,6.3766993406475e-05,3.2190224897588e-06,0.00116608138850958,0.00135823744883783,0.00161832449691662,1.49653337207311e-05,3.05751034430576e-05,0.000328758059615908,5.96578657111602e-05,4.20876061540953e-05,7.73022326147066e-05,9.3131522998835e-05
0.000278287875534022,0.000283341365707179,2.03854876967835e-05,0.000225011114515561,6.83601319825672e-05,3.20382828816745e-06,0.00116531827970518,0.00130732189008787,0.00123789852174095,2.78128996579714e-06,5.46426339402793e-05,0.000331327050259067,6.09602303411894e-05,4.38573959471444e-05,7.75275389481855e-05,9.28470585507268e-05
0.000282824428579131,0.000281928389393671,2.04488633352984e-05,0.000228601197162059,7.29300507445463e-05,3.19560605700764e-06,0.0011512239516554,0.00122951178543551,0.000855193710279993,8.84878747188456e-06,7.72445613702842e-05,0.000333829215982906,6.13756470727589e-05,4.50541222580814e-05,7.65472339029349e-05,9.11068207801735e-05
0.000287429976377873,0.000280424749720565,2.05121446505974e-05,0.000231897778345647,7.74167376643153e-05,3.19725409425597e-06,0.00112472585212407,0.00112664322747761,0.000470379711386695,1.97340566606107e-05,9.7972024055315e-05,0.000336060361651624,6.16519100943291e-05,4.63698570282167e-05,7.51539993668615e-05,8.87174453614303e-05
0.000292097909639633,0.000278832687961916,2.05755349320658e-05,0.000234828301004963,8.17630968567573e-05,3.20867734325547e-06,0.0010869407830946,0.00100099009925904,8.36964055993491e-05,2.97150320705202e-05,0.000116487897627391,0.000338098957220256,6.26167054385007e-05,4.85641790258784e-05,7.42316556012756e-05,8.65802882900057e-05
0.000296820253102237,0.000277155548530694,2.06392556356683e-05,0.000237328870817177,8.59161431161215e-05,3.23480415793942e-06,0.00103914167976366,0.000855204433232609,0.000304594135991846,3.86442738500012e-05,0.000132455276317146,0.000339519062856342,6.14055683568759e-05,4.88554608327751e-05,7.08626016505676e-05,8.18607780890268e-05
0.000301587849676987,0.00027539768750473,2.07036328796484e-05,0.000239345423672765,8.98277233016276e-05,3.27597865958096e-06,0.00098274102442117,0.00069232110629804,0.000693707478886026,4.64143901448351e-05,0.000145634398464316,0.00034031767255871,6.17116967639442e-05,5.07388677069009e-05,6.88986270834802e-05,7.83861024240551e-05
0.00030639056645676,0.000273564370022572,2.0768909172908e-05,0.000240834494919961,9.34552446081316e-05,3.32577514317034e-06,0.000919219209659145,0.00051555935624031,0.00108333323056361,5.29677734175886e-05,0.000155914602612515,0.000341092390504338,6.3927872627878e-05,5.45485357527076e-05,6.87867021208488e-05,7.66304824154629e-05
0.000311217508929984,0.000271661650787847,2.08352186377159e-05,0.000241763400698924,9.67624676699308e-05,3.38166813494689e-06,0.000850087227776085,0.000328243403968444,0.00147372475609696,5.82595877088637e-05,0.000163195276795997,0.000342055663470675,6.61531534249526e-05,5.84363144982003e-05,6.85984051217448e-05,7.47284727738995e-05
0.000316057238416989,0.000269696241900652,2.0902682981605e-05,0.000242110457200129,9.97199318982234e-05,3.4434975873382e-06,0.000776878289485644,0.000133817103086865,0.00186517867737434,6.22606225131771e-05,0.000167399647278452,0.000343198628018238,6.84368017325188e-05,6.24151604271539e-05,6.84257632616037e-05,7.2804269590554e-05
0.000320897993942582,0.000267675374041487,2.09714222565438e-05,0.000241865118042361,0.000102305303752576,3.51163116391051e-06,0.000701120983189431,6.42097152396147e-05,0.00225797119803895,6.49665321120999e-05,0.000168505889504997,0.000344457885467608,7.04410725976823e-05,6.61248631870226e-05,6.79699674569489e-05,7.06007914050844e-05
0.000325727914713303,0.00026560665141695,2.10415519943385e-05,0.000241027929649862,0.000104503565566572,3.5840611002369e-06,0.000624308454158944,0.00026233194594206,0.00265235617917702,6.64044615253467e-05,0.000166572751536035,0.00034595956395056,7.3146150488701e-05,7.04644870970217e-05,6.82897584711739e-05,6.91893740553118e-05
0.000330535258904252,0.000263497904137933,2.11131430287725e-05,0.000239610140955748,0.000106307188575738,3.66019958317199e-06,0.000547863098360549,0.000457142048366241,0.00304874412205553,6.66218526441978e-05,0.000161704949171521,0.000347696526847463,7.5383328920875e-05,7.42873294368174e-05,6.82259946870323e-05,6.74645025207088e-05
0.000335308612884666,0.000261357039248233,2.11862321461975e-05,0.000237633268186821,0.000107715897794902,3.73347566774707e-06,0.00047311562241856,0.000645380614476006,0.00344763259030794,6.56963835795309e-05,0.000154095679777106,0.000350146316930144,7.99927242544074e-05,8.0279834611563e-05,7.07343102440694e-05,6.83385975724926e-05
0.000340037088489509,0.000259191896430311,2.12607555343247e-05,0.000235128085674052,0.000108736850811558,3.80872126072573e-06,0.000401274630698146,0.000824028208477643,0.00384991367848086,6.3702941929734e-05,0.000143909081822303,0.000352849673637023,8.09697875748805e-05,8.26819775018306e-05,6.96912691008356e-05,6.58587431240365e-05
0.000344710500300605,0.000257010102020949,2.13367796280117e-05,0.000232134135242479,0.000109383901226418,3.88231100154068e-06,0.000333443678190965,0.000990230910984871,0.00425579319645108,6.07417151467848e-05,0.00013139344016207,0.000356034083553447,8.50573134340005e-05,8.79173151286938e-05,7.20429653957577e-05,6.68165938249032e-05
0.000349319533812897,0.000254818941627155,2.14142114891569e-05,0.000228698619632151,0.000109677433760669,3.95289671338561e-06,0.000270567169797077,0.00114149257811064,0.00466612316810176,5.69291608590699e-05,0.000116839892689763,0.000359734225647557,8.71572269228738e-05,9.10886575339331e-05,7.26107672147647e-05,6.61903360573701e-05
0.000353855884584364,0.000252625230659942,2.14930339121899e-05,0.000224875254247414,0.000109643842104962,4.02305272317882e-06,0.000213445553293556,0.00127561373615948,0.00508132320207825,5.23827749246786e-05,0.000100540492858309,0.000363682274313826,8.9103082812847e-05,9.39395261216891e-05,7.32938126655203e-05,6.58393584220818e-05
0.000358312379647119,0.000250435203537513,2.15732330803853e-05,0.000220723244551135,0.000109314765031315,4.0924500517292e-06,0.000162720515277347,0.00139075441565277,0.00550171544332958,4.72331517426668e-05,8.2834426575279e-05,0.000367839502837197,9.06933642588204e-05,9.62639660851972e-05,7.39149193407229e-05,6.56033992693095e-05
0.000362683074098924,0.000248254414367155,2.16548027540675e-05,0.000216305973499864,0.000108726475608917,4.1625058706668e-06,0.000118868731191035,0.00148546686610146,0.00592750424452958,4.16153239542335e-05,6.40779897747475e-05,0.000372032655827415,9.14328091515815e-05,9.75792963454625e-05,7.39925144073172e-05,6.50237970433176e-05
0.000366963321890124,0.000246087652284066,2.1737771026098e-05,0.000211689738798482,0.000107919040063076,4.23435851618081e-06,8.22020196165271e-05,0.00155871026677114,0.00635866066644733,3.5666556868498e-05,4.46429777481751e-05,0.000376113915117382,9.17540766282032e-05,9.82986761187687e-05,7.39792191700728e-05,6.45405478545413e-05
0.000371149821497441,0.000243938874856187,2.18221591865575e-05,0.00020694248481512,0.000106935384702411,4.30543953418294e-06,5.28676522036038e-05,0.00160987405928562,0.00679510491578496,2.9523006769184e-05,2.4913138324173e-05,0.000380217901932489,9.27172741679305e-05,9.94458668279741e-05,7.49486505385866e-05,6.51847019262908e-05
0.000375240635297369,0.000241811159525485,2.19079197847361e-05,0.000202132411363021,0.000105820480236218,4.37299333333474e-06,3.08530436931939e-05,0.00163879149733666,0.00723697664688188,2.33153055182028e-05,5.26649853442585e-06,0.000384497037703657,9.37536292825447e-05,0.000100482112433853,7.63227672565536e-05,6.63919391347134e-05
0.000379235180561044,0.000239706670389972,2.19949950541753e-05,0.00019732657592475,0.000104620567493607,4.4400012224749e-06,1.59980717790344e-05,0.00164571999582641,0.00768439458903013,1.71681004053148e-05,1.39338519050056e-05,0.000388689877993231,9.32504983194304e-05,9.98629410838836e-05,7.64763116777312e-05,6.65929267461562e-05
0.000383134194165691,0.000237626641931388,2.20834306119411e-05,0.000192589708980617,0.000103382176955769,4.51214196255101e-06,8.00893768826516e-06,0.00163131325448507,0.00813698988612796,1.11990439991386e-05,3.23376635156906e-05,0.00039234937096938,9.14126040970631e-05,9.77965579649354e-05,7.56076417558482e-05,6.59684630155422e-05
0.000386939675868336,0.000235571384398559,2.21733365637355e-05,0.000187983219042898,0.000102151003934015,4.58800068124654e-06,6.47135073234102e-06,0.001596608303589,0.00859407903392099,5.51106913982349e-06,4.96186144824801e-05,0.000395549841818443,9.04769432308328e-05,9.64574114988848e-05,7.59350819924398e-05,6.66285792556565e-05
0.000390654811602609,0.000233540309772851,2.22647175498469e-05,0.00018356413391174,0.000100971068588668,4.65948287821372e-06,1.08671732175518e-05,0.00154300849813084,0.00905537417429768,1.88778908708569e-07,6.54894184506649e-05,0.000398849186186823,9.13538182039098e-05,9.67440976235023e-05,7.83366069161406e-05,6.93950004964083e-05
0.00039428387450946,0.000231531970523058,2.23574527020709e-05,0.000179383936268818,9.98842668761546e-05,4.72602238557607e-06,2.05928646774228e-05,0.00147224491879273,0.00952107228933988,4.69083908990457e-06,7.96891940279994e-05,0.000402270901551038,9.11667952617767e-05,9.58964215643787e-05,7.99149597096038e-05,7.14804661386959e-05
0.000397832105349272,0.000229544108916402,2.24514698679013e-05,0.000175487844126576,9.89295186816508e-05,4.78932127884191e-06,3.49756612539931e-05,0.00138633020555394,0.00999115479310736,9.06293577910986e-06,9.19906537435004e-05,0.000405698879062222,9.09306644985008e-05,9.49166196895224e-05,8.16489679286159e-05,7.38032049487636e-05
0.000401305581772649,0.000227573725478103,2.25466990899648e-05,0.000171914216851365,9.81419920049464e-05,4.84862504662731e-06,5.32931884383751e-05,0.00128751588449347,0.0104656000535536,1.28802267364698e-05,0.000102212081605525,0.000409200766911588,9.08780561938993e-05,9.40501504045343e-05,8.37325617875084e-05,7.65282521876243e-05
0.000404711076307573,0.000225617160474867,2.26429951268869e-05,0.00016869417042531,9.75523935412559e-05,4.89410799726919e-06,7.47939444647019e-05,0.00117824330742425,0.0109447065085365,1.61193701464593e-05,0.000110235099443808,0.000413495219496351,9.3902303193949e-05,9.61151086299461e-05,8.89997763680039e-05,8.23427830254353e-05
0.000408055905920857,0.000223670185033442,2.27400705712366e-05,0.000165850802260059,9.71870949347808e-05,4.93157276272582e-06,9.87160648842182e-05,0.00106109317930325,0.0114293740531036,1.8754412180922e-05,0.000115950317321482,0.00041819610078464,9.32554768818816e-05,9.46048477989958e-05,9.07111262720139e-05,8.47983135562336e-05
0.000411347767894976,0.000221728090381679,2.2837874717796e-05,0.00016339920056585,9.70674145271411e-05,4.96857097244396e-06,0.000124295622953454,0.000938744549282286,0.0119195798576916,2.07701402806001e-05,0.000119285491115194,0.000422815841663038,9.24983733147089e-05,9.29832888311166e-05,9.23580002115676e-05,8.72072934801071e-05
0.000414594582493599,0.000219785797741734,2.29363947690242e-05,0.000161346522360994,9.7209061207526e-05,5.00427573676965e-06,0.000150788062485568,0.000813917883814192,0.0124151924013264,2.21753740757909e-05,0.000120238806927339,0.000427444072139183,9.21304235939058e-05,9.17508492848107e-05,9.43865876094074e-05,8.99735323478534e-05
0.000417804332941585,0.000217837969814227,2.3035601920407e-05,0.000159691918670934,9.76221842404756e-05,5.03891868519624e-06,0.000177485736112278,0.000689316080533195,0.0129161726901022,2.29899409692914e-05,0.000118853625097802,0.000432084451323422,9.15965215315673e-05,9.03863484609246e-05,9.61999590228801e-05,9.25112704829312e-05
0.000420984907432809,0.000215879122356877,2.31354838529096e-05,0.000158426804171774,9.83113127762669e-05,5.07317283034159e-06,0.000203729966718304,0.000567573443610271,0.0134224394760628,2.32431058234035e-05,0.000115214445800833,0.000436710519850558,9.11042727997913e-05,8.91045097936027e-05,9.79618420510198e-05,9.49632785450794e-05
0.000424143949332101,0.000213903737498078,2.32359937504256e-05,0.000157535401228315,9.92752568038102e-05,5.10089417504744e-06,0.000228921651991325,0.000451210175572878,0.0139340767239178,2.29781332437971e-05,0.000109454609669612,0.000441774186400679,9.26591093761697e-05,8.98526905169783e-05,0.000101630245071149,9.91889496743115e-05
0.000427288716975505,0.000211906374883108,2.33369885362933e-05,0.000156994959927936,0.000100507622376345,5.12460416050853e-06,0.000252529738212601,0.000342591545796786,0.0144515837257923,2.22386422042434e-05,0.0001017298087314,0.000447123577278719,9.25290521369693e-05,8.90407225517809e-05,0.000103453220167249,0.000101595721601178
0.000430425950439184,0.000209881773473808,2.34383966652985e-05,0.000156776679487436,0.000101996745432209,5.14092636459684e-06,0.000274096231966314,0.000243888375459114,0.0149752136565362,2.1076795964296e-05,9.2228638179627e-05,0.000453030084523243,9.46819907319263e-05,9.05033653423315e-05,0.000107355927148389,0.000105927675021267
0.000433561758199419,0.000207824954644775,2.3540061682148e-05,0.000156846138452682,0.000103726304278684,5.15369709382096e-06,0.000293240642964372,0.000157049782677065,0.0155056013271292,1.95460215379266e-05,8.11655835436971e-05,0.000459255516376156,9.45816113951947e-05,8.98758947979195e-05,0.000108776196412363,0.000107815679495582
0.000436701510713622,0.000205731309512847,2.36419714927383e-05,0.000157164257568065,0.00010567555356944,5.16576621228948e-06,0.000309664774082814,8.37572170314869e-05,0.0160428491444606,1.77026834965822e-05,6.87777541121745e-05,0.000465634595117559,9.5185859973701e-05,9.00121467010129e-05,0.000110642973563668,0.000110055702904899
0.000439849758398503,0.000203596685528273,2.37441103971836e-05,0.000157688166788961,0.000107819783413177,5.17824468211636e-06,0.000323152474860075,2.54083454533593e-05,0.0165871089817463,1.56068193053052e-05,5.53272932332788e-05,0.000472105562672742,9.52624606223029e-05,8.9727525207639e-05,0.000111696736455058,0.000111437707599471
0.000443010163577839,0.000201417459018804,2.38464857229559e-05,0.000158372151677355,0.000110130848479273,5.18921715239595e-06,0.000333569413827717,1.69081064097131e-05,0.0171384614697118,1.33190843299271e-05,4.10890611002336e-05,0.00047880808053774,9.64547015571693e-05,9.06018843163103e-05,0.000113570459861156,0.000113525126129166
0.000446185452655845,0.000199190597628518,2.39490815756582e-05,0.000159168382469876,0.000112577968797267,5.20320588534573e-06,0.000340858911390819,4.24214563051838e-05,0.0176970907357054,1.08969844680666e-05,2.63525836432799e-05,0.000485427987574616,9.58322994577543e-05,8.98163313569622e-05,0.000113304395721103,0.000113483443177187
0.000449377383833438,0.00019691370688768,2.40519725447363e-05,0.000160028193776474,0.000115128100504458,5.21761540379917e-06,0.000345040021689719,5.07031155439187e-05,0.0182628302108725,8.39638567732271e-06,1.14014391951606e-05,0.000492142832386189,9.71873615406293e-05,9.10102404882984e-05,0.000114714629558921,0.000114973232105298
0.000452586740693373,0.00019458506953185,2.41551478625812e-05,0.00016090276959857,0.000117746831928389,5.23402739459333e-06,0.000346195686791279,4.16379204626908e-05,0.018835848769741,5.86891609566726e-06,3.47616050019872e-06,0.000498826873540359,9.71114522722027e-05,9.09044182467733e-05,0.000114362062158535,0.000114701215283564
0.000455813337172151,0.000192203664850621,2.42586531222777e-05,0.000161744278765252,0.000120398893842633,5.24952553951352e-06,0.000344470056762257,1.5444820897212e-05,0.0194160848022694,3.36138805825401e-06,1.80095868837736e-05,0.000505668912804624,9.88334296198046e-05,9.25920040871775e-05,0.000115518961544714,0.000115812718635699
0.000459056047512063,0.000189769180254151,2.4362441297221e-05,0.000162506576705912,0.000123048974995821,5.26384737870034e-06,0.000340053887569623,2.73668863974564e-05,0.0200038317253139,9.1491071961236e-07,3.19361894336977e-05,0.000512666315429899,9.97436518923589e-05,9.35610224416239e-05,0.000115556237847869,0.000115792171618168
0.000462312846603918,0.000187282004125322,2.4466494306985e-05,0.000163146116946122,0.000125662307981167,5.27555781060229e-06,0.000333180402407636,8.59879140212448e-05,0.0205992566412481,1.43554579942354e-06,4.50142695831261e-05,0.000519903059849169,0.000101629877076514,9.55186350236614e-05,0.000116305033319053,0.000116405177621792
0.000465580870537718,0.000184743209325045,2.45707597417155e-05,0.000163622581260792,0.000128205396163594,5.28680963524097e-06,0.000324112809361518,0.000159346644905187,0.0212026502059521,3.6613506802698e-06,5.70148059361383e-05,0.000527211242810077,0.000102382624742048,9.64326238275248e-05,0.000115646066743857,0.000115625105643558
0.000468856487294333,0.000182154521038758,2.46752545596252e-05,0.000163899677599888,0.000130646531084744,5.29868433320202e-06,0.000313139481152798,0.00024610854229338,0.0218140149387305,5.74038341219247e-06,6.7736365355002e-05,0.000534496794761474,0.000103450547621953,9.76822980346403e-05,0.000115079427030373,0.000114900060196432
0.00047213538541091,0.000179518276853585,2.47799623958045e-05,0.000163945819412703,0.000132956284148722,5.3076069996133e-06,0.00030055913115359,0.000344734635354953,0.0224334629925571,7.6574994473997e-06,7.70202204197871e-05,0.000541976881256123,0.000105355971261378,9.97584477088198e-05,0.000115168712673586,0.000114778957701622
0.000475412671698816,0.000176837375396643,2.48847840411681e-05,0.000163734470623011,0.000135108064257983,5.30942753368402e-06,0.000286669038143643,0.000453529605666079,0.0230614033415234,9.40377783254575e-06,8.4739479614248e-05,0.000549907052610099,0.00010799169629816,0.000102550300288939,0.000115837774119498,0.000115196932267581
0.000478682975886269,0.00017411521549926,2.49895201969164e-05,0.000163244544071128,0.000137078475255736,5.29674831269145e-06,0.00027175575220993,0.000570681846211803,0.0236986133259161,1.09760026618976e-05,9.08078731058221e-05,0.000558774289144748,0.000112503909599382,0.000107150099778019,0.000118289025727303,0.000117316785807509
0.000481940559757588,0.000171355627410885,2.50938860175687e-05,0.000162460178422252,0.000138847952006971,5.27539343712913e-06,0.000256088323436385,0.000694295445986558,0.0243461920406527,1.23753916466111e-05,9.51297120244492e-05,0.000568169411340858,0.000113954210834155,0.000108817583151732,0.000117526908442023,0.000116350285139344
0.000485179422509585,0.000168562792248528,2.51978164396149e-05,0.000161371203926786,0.000140400891171566,5.25416943539248e-06,0.00023992671001348,0.000822337196722348,0.0250043775176824,1.3607793255765e-05,9.76332130540429e-05,0.000577491549490661,0.00011442005308071,0.000109534832550939,0.000115714428446823,0.000114380505508493
0.000488393421222533,0.000165741163327127,2.53013356581455e-05,0.000159973557501525,0.000141725730606113,5.23425234745523e-06,0.000223507987614337,0.000952718463106597,0.0256730512712672,1.46847481611211e-05,9.83119522105676e-05,0.000586640861153565,0.000114846361692345,0.000110196725109035,0.000113862791691677,0.000112381444991594
0.000491576391990822,0.000162895383205464,2.54044326979397e-05,0.00015826920554296,0.000142815102298077,5.20996779081184e-06,0.000207034583428844,0.00108337518706031,0.0263521978071187,1.5621460567301e-05,9.72144117538966e-05,0.000595966425488093,0.000116788027615611,0.000112287583834303,0.000113594071517786,0.000111912062465302
0.0004947222663787,0.00016003019812294,2.55070015382497e-05,0.000156265529554278,0.000143666101335704,5.18308240925192e-06,0.000190668196347125,0.00121232126740849,0.0270421259053425,1.64354478363321e-05,9.43974853571845e-05,0.000605309893047634,0.000116862643319005,0.00011256160459161,0.000111501537600422,0.000109707429885031
0.000497825175513444,0.000157150368138348,2.56090425125866e-05,0.000153975202677126,0.000144280148398346,5.1571612263851e-06,0.000174537479350826,0.00133762469013437,0.0277426936780356,1.71453773678598e-05,8.99399058766036e-05,0.00061440494265208,0.000116655430890233,0.000112535941268921,0.000109237469618662,0.000107354911942581
0.000500879556649236,0.000154260583873134,2.57105569398952e-05,0.000151416086326295,0.000144662750132973,5.12915528526336e-06,0.000158732046716962,0.00145747015389154,0.0284537229032489,1.77705151725625e-05,8.39680880228601e-05,0.000623429282302246,0.000117184684483962,0.00011318403846805,0.000107874137597053,0.000105882488719566
0.000503880251490729,0.000151365385979041,2.58114501934248e-05,0.000148610664821858,0.000144823363779578,5.0929640070807e-06,0.000143298690213384,0.00157021555390693,0.0291753671492055,1.83294242893938e-05,7.66384612656545e-05,0.00063276310331245,0.000118842021274213,0.000114881505482556,0.000107836632380454,0.000105696603957206
0.000506822591047618,0.000148469087534853,2.59115458074444e-05,0.000145585174226137,0.000144775307348688,5.05051322549632e-06,0.000128244269460054,0.00167441267331424,0.0299080607368297,1.88401517281479e-05,6.81103825193874e-05,0.000642258500425597,0.000118692341575688,0.000114816192783418,0.000106179092684511,0.000103974848207788
0.000509702463874051,0.000145575699321387,2.60107823053524e-05,0.000142369150248234,0.00014453537009651,5.00739416317564e-06,0.000113546936301921,0.00176878411864715,0.0306517801470137,1.93193251853459e-05,5.85548471304792e-05,0.000651538406188812,0.000117544499734112,0.000113765086450779,0.000103750821604631,0.000101529517655963
0.000512516380129169,0.000142688866174856,2.61091481357223e-05,0.00013899515791943,0.000144123266876461,4.96143975788066e-06,9.91569463226741e-05,0.00185225933774823,0.0314062980435813,1.9780422921986e-05,4.81725187930979e-05,0.000660734890360448,0.000117342222251016,0.000113591717989303,0.000102537833019611,0.000100257249422975
0.000515261522834543,0.000139811810992096,2.62066220719781e-05,0.000135497544152263,0.000143561550322913,4.92280312976157e-06,8.49989112364425e-05,0.00192400609421651,0.0321714019643095,2.02361030104963e-05,3.716730640764e-05,0.000669169742398057,0.000112621087913323,0.000109062089656553,9.70571743736937e-05,9.49091299662363e-05
0.000517935776839007,0.000136947282644462,2.63034144645236e-05,0.000131912493431696,0.000142874729220255,4.88862717056004e-06,7.09865645775196e-05,0.00198340044687994,0.0329459898102083,2.06934304270291e-05,2.57573438612047e-05,0.000677011548993633,0.000111376227549531,0.000107838613074396,9.53619029581132e-05,9.3180637720236e-05
0.00052053776405292,0.000134097524796983,2.63995210918466e-05,0.000128276955245699,0.000142088983149158,4.85575699167573e-06,5.70120520909185e-05,0.00203010275255195,0.0337297198713884,2.11558376584057e-05,1.41674203230826e-05,0.000684434604453887,0.000108142643657216,0.000104690208296621,9.19680899269526e-05,8.98239393296585e-05
0.000523066842677666,0.0001312642427993,2.649501940577e-05,0.000124627741236949,0.000141231736710323,4.82703667258055e-06,4.2963959352861e-05,0.00206401485722416,0.034521914635964,2.16236784306438e-05,2.61356877661462e-06,0.000691240130774817,0.000104900892978432,0.000101519551019336,8.88600529185268e-05,8.67316763096815e-05
0.000525523103000136,0.000128448587113916,2.65900032734301e-05,0.000121001017067135,0.000140331030846541,4.80529612438552e-06,2.87316128090312e-05,0.00208528287568399,0.035321815141657,2.20932215421086e-05,8.6914825640546e-06,0.000697242157010391,0.000100292721517237,9.70323331546119e-05,8.46771580242933e-05,8.26003661709152e-05
0.000527907347060541,0.000125651145830963,2.66846101986129e-05,0.000117431842657945,0.000139414891685563,4.78685336566254e-06,1.42128923765826e-05,0.00209428590690825,0.0361284868009469,2.25560298061637e-05,1.95493316273131e-05,0.000702655604510216,9.7131069659917e-05,9.39216296212964e-05,8.22127974182685e-05,8.00894784798167e-05
0.000530221061539216,0.000122871950713699,2.67788523635737e-05,0.000113953358032548,0.000138510931894931,4.76844281023514e-06,6.85430598271474e-07,0.00209163479025108,0.0369414130749093,2.30002580313666e-05,2.97757321006311e-05,0.000707665723669315,9.35020218140181e-05,9.03626139617808e-05,7.95434627494096e-05,7.73603634548481e-05
0.000532466370116058,0.000120110488482594,2.68727446761652e-05,0.000110596094056281,0.000137645931141017,4.75161312171735e-06,1.60369171948024e-05,0.0020781451105496,0.037760049039314,2.34116367995103e-05,3.91989854096435e-05,0.000712173928442139,8.92854042978675e-05,8.62457524722915e-05,7.65312336667989e-05,7.42791733895354e-05
0.000534645980001081,0.000117365724154661,2.69662747902633e-05,0.000107387920808444,0.000136845145615849,4.72804549125905e-06,3.189130547815e-05,0.00205481697582415,0.0385839237255116,2.37726983226043e-05,4.76804131339052e-05,0.000716648451312696,8.72613340328066e-05,8.422117522211e-05,7.59042593073689e-05,7.3436255017767e-05
0.000536763121233186,0.000114636134060042,2.70593114939377e-05,0.000104352804717212,0.000136132310517512,4.70660520074384e-06,4.82733174740565e-05,0.00202281409621972,0.0394129441071631,2.40649381031273e-05,5.50765176750324e-05,0.000720588256633126,8.09815749095444e-05,7.81563025401555e-05,7.12584043879305e-05,6.87445446442281e-05
0.000538821463909045,0.000111919739944066,2.71519747472304e-05,0.00010151125877006,0.0001355288199959,4.68620930220431e-06,6.51649335678875e-05,0.0019834325818041,0.040246195689406,2.42683094708389e-05,6.12824399082793e-05,0.000724036127918604,7.7136492599772e-05,7.44113268007496e-05,6.91700015773566e-05,6.64444285528587e-05
0.0005408250518113,0.000109214162283156,2.72442477962098e-05,9.88796062892372e-05,0.000135053597467738,4.6702686997413e-06,8.25172810697599e-05,0.00193807450879065,0.0410831762193496,2.43618078380043e-05,6.62129508706717e-05,0.000726806986855899,7.04881881348207e-05,6.80176367102714e-05,6.44378922827205e-05,6.16048526138613e-05
0.000542778211497286,0.000106516670073331,2.73362308966796e-05,9.64702583970412e-05,0.000134722595593162,4.65154409015622e-06,0.000100239263317687,0.00188821719013976,0.0419230000638078,2.43252616420669e-05,6.98279326946313e-05,0.000729231868178415,6.67497619842861e-05,6.43797602748464e-05,6.26493103599302e-05,5.95084851205963e-05
0.000544685476915774,0.000103824244317985,2.74277999849915e-05,9.42910318029178e-05,0.000134548871946361,4.63100051817378e-06,0.000118210179032791,0.00183537720927167,0.0427653934836347,2.41391877311538e-05,7.20995157599599e-05,0.000731238444098281,6.04812820870215e-05,5.83578700875664e-05,5.8419981429858e-05,5.50720743265343e-05
0.000546551489267522,0.000101133633776951,2.75190242409185e-05,9.23451510753126e-05,0.000134542416159567,4.61674907743792e-06,0.000136264771201255,0.00178109067876944,0.0436095088052845,2.37854514342104e-05,7.30065975710938e-05,0.000732412331554744,5.34994118343013e-05,5.1667440445935e-05,5.34996886483174e-05,4.99508388929204e-05
0.000548380914935143,9.84414222835461e-05,2.76099972738031e-05,9.0631951810749e-05,0.000134709709439351,4.60228485060776e-06,0.000154201291837859,0.0017268799352369,0.0444543896783547,2.32492933091074e-05,7.25860429841851e-05,0.000732996661016005,4.77076552158895e-05,4.60861529391066e-05,4.97118061425494e-05,4.58529915939865e-05
0.000550178364387977,9.57440971138812e-05,2.77006906006516e-05,8.91462834675671e-05,0.000135054042118721,4.58990690621608e-06,0.000171789840125748,0.00167421588874094,0.0452993369911766,2.25185822115925e-05,7.08836287164494e-05,0.000732858568112782,4.02876094901528e-05,3.89764450524632e-05,4.42598837085972e-05,4.0167785199885e-05
0.000551948303472383,9.30381120283208e-05,2.77911613950632e-05,8.78791810927093e-05,0.000135575352365136,4.5762677959027e-06,0.000188769144891383,0.0016244990588932,0.0461433878108721,2.15853527760654e-05,6.79743041105112e-05,0.000732054262778892,3.38163683978321e-05,3.27270896780529e-05,3.96324229532397e-05,3.52105170225991e-05
0.000553694982584618,9.03199547248601e-05,2.78813497764929e-05,8.68178236765327e-05,0.000136270454590026,4.56209496334237e-06,0.000204858110294739,0.00157902757767289,0.0469857617334408,2.0445627046103e-05,6.39484214671818e-05,0.00073050212160386,2.61090856360502e-05,2.53127000491293e-05,3.3659870484648e-05,2.89786277225534e-05
0.000555422358707425,8.7586206120871e-05,2.79712871045223e-05,8.59459535685336e-05,0.000137133153927715,4.54943821202869e-06,0.000219755327384767,0.00153898260353476,0.047825422180897,1.90998344275637e-05,5.89093510405848e-05,0.000728057316809694,1.82036828927368e-05,1.7682237584804e-05,2.73270935009506e-05,2.23824441459852e-05
0.00055713403474833,8.48336005885852e-05,2.80609844076629e-05,8.52444208142566e-05,0.000138154365752874,4.53629228215624e-06,0.000233148609181676,0.0015054043185823,0.0486612835264709,1.75536573547704e-05,5.29851098656966e-05,0.000724698691335735,1.00617507997613e-05,9.7909171286048e-06,2.05675269365768e-05,1.53621001548476e-05
0.000558833203240461,8.20590801947074e-05,2.81504330128524e-05,8.46913778380087e-05,0.000139322464526415,4.52373318789168e-06,0.000244722124308839,0.00147917342769085,0.0494922043774805,1.58178265384155e-05,4.63126438003877e-05,0.000720320615750114,1.33276253821979e-06,1.32050876144874e-06,1.30157361624139e-05,7.59750180023833e-06
0.00056052259791084,7.92598429981139e-05,2.82396371962257e-05,8.42629685919305e-05,0.000140623492518199,4.50904458007551e-06,0.000254163056993986,0.0014609988725727,0.0503169260107345,1.39080555167288e-05,3.90426533072551e-05,0.000714874110357644,7.48941066197606e-06,7.31186608293743e-06,5.13417214809131e-06,5.12938338914637e-07
0.000562204458048443,7.64333862993127e-05,2.83285473228201e-05,8.39335326289214e-05,0.000142041598942932,4.49420470118034e-06,0.000261170169537866,0.00145140550757758,0.0511341453027526,1.18454085680356e-05,3.1328947611169e-05,0.000708244710922568,1.70196113411514e-05,1.66249496293958e-05,3.69131297095482e-06,9.47309981669253e-06
0.000563880496315949,7.35775405347749e-05,2.84171867037664e-05,8.36763120978801e-05,0.000143559324021048,4.47974889096481e-06,0.000265460443203487,0.00145073163605965,0.0519423971371273,9.65550900788161e-06,2.33294926079899e-05,0.000700321000373205,2.68613635702186e-05,2.63073528429247e-05,1.30850504892477e-05,1.89825632396223e-05
0.000565551884600834,7.06904986926271e-05,2.85055409325885e-05,8.34639866831854e-05,0.000145157968988063,4.46391451899841e-06,0.000266776895409259,0.00145912282493739,0.0527401291453711,7.36816691098956e-06,1.52062718479142e-05,0.000691020049641167,3.71057728408841e-05,3.64360749728343e-05,2.31418268963335e-05,2.91108831728115e-05
0.000567219244766326,6.77708360158347e-05,2.85936030519629e-05,8.3268923503188e-05,0.000146818085183686,4.45020799159923e-06,0.000264896205070272,0.00147653356797096,0.0535256995261244,5.01841334882036e-06,7.11689293607203e-06,0.000680273154791466,4.76652893426355e-05,4.68767579393514e-05,3.37743506604316e-05,3.97104108507129e-05
0.000568882649934599,6.48175218087577e-05,2.8681404515174e-05,8.30641335390347e-05,0.000148519727765306,4.43399633653918e-06,0.000259635590548594,0.00150273288957178,0.0542973754337591,2.64204206074555e-06,7.84715234630404e-07,0.000667940957937874,5.88526376443799e-05,5.80715624759476e-05,4.52891712031667e-05,5.1222257892003e-05
0.000570541642042066,6.18299252324039e-05,2.87688551190435e-05,8.28233356144903e-05,0.0001502429968816,4.41434066136837e-06,0.000250855056415782,0.00153730783517298,0.0550532679799527,2.78628719991404e-07,8.35267094676136e-06,0.000653942771234095,7.02565863208715e-05,6.94959554453645e-05,5.72695704254e-05,6.30983525392592e-05
0.000572195247274365,5.88078093661792e-05,2.88559093788443e-05,8.25214561631094e-05,0.000151968418302617,4.39235798746496e-06,0.000238466721563355,0.00157967971547312,0.0557914326463951,2.02970031595663e-06,1.54527998267959e-05,0.000638196629751731,8.2138473508464e-05,8.14562044567646e-05,6.99602205518346e-05,7.56309647689246e-05
0.00057384200832411,5.5751320103159e-05,2.89424938202387e-05,8.21352742366721e-05,0.000153677250170348,4.36439754802898e-06,0.000222435596389615,0.00162911545050766,0.0565097681073234,4.24272399123389e-06,2.19648169710648e-05,0.000620483932886606,9.49335577378196e-05,9.44168561357595e-05,8.37736218775031e-05,8.92677934417607e-05
0.000575480022901198,5.26609672205636e-05,2.90284742783253e-05,8.16434752887729e-05,0.000155351929928327,4.33068079203069e-06,0.000202780222423909,0.00168474212847964,0.0572059436800016,6.31815314109847e-06,2.77820122159596e-05,0.000600707111051646,0.000107877840007653,0.000107551957515772,9.79343857220316e-05,0.000103160941829716
0.000577106983647324,4.9537597082816e-05,2.91137733943181e-05,8.10269639825445e-05,0.000156976398708597,4.29530013083823e-06,0.000179581027281983,0.00174557141330129,0.0578776418118883,8.21174306624454e-06,3.28119374506473e-05,0.000578951795249805,0.000120632115480301,0.000120513185107307,0.000112081419433085,0.000116941811186599
0.000578720228303631,4.63823604177627e-05,2.919836382409e-05,8.02694637224155e-05,0.000158536304373014,4.25699178382977e-06,0.000152980468240598,0.00181052037876045,0.058522575774648,9.88552403133509e-06,3.69825352103548e-05,0.00055505256776911,0.000134470906393735,0.000134634923573795,0.000127446356060323,0.000131926845614361
0.000580316798363789,4.31966755709556e-05,2.92821583143255e-05,7.93575643031619e-05,0.000160019300452674,4.21354466736967e-06,0.000123173274094198,0.00187842581420314,0.0591381741301756,1.13057638973184e-05,4.02416280713865e-05,0.00052880244065423,0.000148861320229621,0.000149354447060324,0.000143471683274887,0.000147531266740164
0.000581893496108599,3.99821857515192e-05,2.93650399068035e-05,7.82808145732283e-05,0.000161415266866527,4.16302625023957e-06,9.04060644142885e-05,0.00194806851814741,0.0597216531420559,1.24422770090513e-05,4.25556600058812e-05,0.000499947338181261,0.000164347657923836,0.000165223395784841,0.000160667918029711,0.000164288276263247
0.000583446945244814,3.67407129669428e-05,2.9446851369519e-05,7.7031785975179e-05,0.000162716474698343,4.10419663852968e-06,5.49722838617036e-05,0.00201819178831048,0.0602699079644625,1.32689049348207e-05,4.39092643479983e-05,0.000468242341925662,0.000180574985371718,0.000181865424060623,0.000178652646260713,0.000181802479108706
0.000584973649700116,3.34742085109641e-05,2.95274640618182e-05,7.56058572653207e-05,0.000163917755550413,4.04316782394443e-06,1.72148301203131e-05,0.00208753399513612,0.0607798559389146,1.3757138016958e-05,4.4303301949945e-05,0.000434213234270953,0.000194284930843724,0.000195943887186023,0.000194151385990105,0.00019671014167244
0.000586470053415944,3.01847019424373e-05,2.9606823090722e-05,7.40019540350911e-05,0.000165016385679839,3.97263701905348e-06,2.24753815839166e-05,0.00215485783567556,0.0612486732340598,1.3899276524246e-05,4.37592379198201e-05,0.000396793820953811,0.00021471664948669,0.000216879234512746,0.000216324103339494,0.000218445952071322
0.000587932609244612,2.68742516104092e-05,2.96847121457056e-05,7.22214819306455e-05,0.000166012331966892,3.89853190704836e-06,6.36953110588025e-05,0.00221892341947225,0.0616723197295004,1.3681078227287e-05,4.23190128871435e-05,0.000356757396502205,0.000227571218944456,0.000230098150976965,0.000230894917271129,0.000232370826181549
0.000589357822247116,2.35448901009794e-05,2.97611542694476e-05,7.0268773272042e-05,0.000166908067248506,3.82405719132062e-06,0.000105985436362254,0.00227861251372285,0.0620484605041693,1.30965676479501e-05,4.00376193961209e-05,0.000314364161150382,0.000244241283680058,0.000247184214881679,0.000249185813587349,0.000250100302659262
0.00059074231599987,2.01985771284274e-05,2.9836100915448e-05,6.81509995921203e-05,0.000167708457807281,3.74736900926598e-06,0.000148881289035461,0.0023328606949663,0.0623740806061145,1.21557678926647e-05,3.69888099578213e-05,0.000269372971084203,0.000259918044757335,0.000263245805518397,0.000266363775521916,0.000266711866118152
0.000592082880628508,1.68371515065213e-05,2.99095047779918e-05,6.58777407149536e-05,0.000168420669470815,3.66658575877421e-06,0.000191912702874962,0.00238070278753585,0.0626461784828826,1.08750500250475e-05,3.32584432628982e-05,0.000221404966448846,0.000278192214455686,0.000281912086501412,0.000285991938479779,0.000285842666494451
0.0005933765202224,1.34622873706469e-05,2.99812633473007e-05,6.34606632566592e-05,0.000169053991796453,3.58077769153919e-06,0.000234620965723793,0.00242126052286175,0.0628611283441711,9.27694326753628e-06,2.89437816761526e-05,0.000170245175590056,0.000296125512216805,0.000300197134254998,0.000305111498761224,0.00030448909242109
0.000594620489712261,1.0075453501901e-05,3.0051285871302e-05,6.09131812617791e-05,0.00016961961892531,3.49068906228822e-06,0.000276557703191408,0.00245378064095541,0.0630153522291638,7.38858263260813e-06,2.41508387884507e-05,0.000115942042245631,0.000314283293623152,0.000318663793313467,0.000324270195330545,0.00032321647780853
0.000595812327655043,6.67787805119779e-06,3.01194968583829e-05,5.82501653733358e-05,0.000170130377594835,3.39768296998832e-06,0.000317293802893748,0.00247764334956282,0.0631053437215104,5.24375966922661e-06,1.89927678138132e-05,5.87225570644057e-05,0.000331443014939148,0.000336069397285033,0.000342226035701665,0.000340777893232169
0.000596949881834341,3.2705187570925e-06,3.01858508175989e-05,5.54876343384081e-05,0.000170600426155909,3.30269955181595e-06,0.00035642672110771,0.00249237882975113,0.0631279092086987,2.88330556299746e-06,1.35862476030191e-05,1.25678326690082e-06,0.000348630193649058,0.000353443229200612,0.000359993033467343,0.000358211433872158
0.000598031329858584,1.45960363046038e-07,3.02502910485281e-05,5.2642524950991e-05,0.000171044921905783,3.20277879267694e-06,0.000393595909011989,0.00249764134970435,0.0630795432465592,3.56069214749793e-07,8.03746888183854e-06,6.50055074354894e-05,0.000370477716724604,0.00037545089969715,0.000382213726112135,0.000380212210929987
0.00059905519250103,3.57120629249086e-06,3.03127102414535e-05,4.97320346295738e-05,0.000171479779023265,3.09912846936655e-06,0.00042849568821808,0.00249317615254392,0.0629557260375845,2.28689943139356e-06,2.46682902180217e-06,0.000132251185857801,0.000388292178188698,0.000393320359588945,0.000400155503333166,0.000397965964674452
0.000600020334355245,7.00518900156877e-06,3.03730591102447e-05,4.6773414240836e-05,0.000171921297623334,2.99291688933556e-06,0.000460864563675187,0.00247890738735058,0.0627527949455854,4.99179808358717e-06,3.01015691025162e-06,0.000202864179054574,0.000408062789859498,0.000413084483063653,0.00041983699632786,0.000417549760187708
0.000600925963571086,1.04482051899446e-05,3.04312857921651e-05,4.37836364237942e-05,0.000172385808571596,2.88476401304194e-06,0.000490500812175009,0.00245487455325668,0.0624667742073907,7.70095047122923e-06,8.28555884984164e-06,0.000276792468058451,0.000426229377064047,0.000431154587149596,0.000437684396425997,0.000435366239768253
0.000601771622045,1.3900875744155e-05,3.04873492142921e-05,4.07791292358628e-05,0.000172889332581971,2.77298304575402e-06,0.000517264665974676,0.00242123721155767,0.0620936404128808,1.03561414371543e-05,1.32721075240139e-05,0.000355074920045939,0.000450443810861567,0.00045523292305627,0.000461402346290551,0.000459169486548117
0.000602557171354823,1.73641365393551e-05,3.05411760221919e-05,3.77752380970597e-05,0.000173447323665143,2.65998687166979e-06,0.000541086301838439,0.00237821258302004,0.0616282680730982,1.28971409803674e-05,1.78648122369576e-05,0.000436802975068318,0.000465855655741865,0.000470372471394476,0.000476061644831827,0.000473942291848828
0.000603282766213464,2.08392241015931e-05,3.0592794623141e-05,3.47860042675674e-05,0.000174074304635785,2.55017842711036e-06,0.000561949745469767,0.00232624753150033,0.0610680184734712,1.52629607100058e-05,2.19535166012478e-05,0.000520014142870617,0.000477642721253724,0.000481790523455206,0.000486889442944949,0.000484946914034778
0.000603948829666079,2.43276524103386e-05,3.06422612594837e-05,3.182421902094e-05,0.000174783442726534,2.44086543414734e-06,0.000579905563299727,0.00226590764140851,0.0604108591557444,1.73995937917205e-05,2.54930619346932e-05,0.000606359011036006,0.000499331088159916,0.000503097035104538,0.000507522808450456,0.000505876345440748
0.000604556024560221,2.78311837249023e-05,3.0689557080521e-05,2.890090899417e-05,0.000175586394701499,2.33089296934608e-06,0.000595079066612881,0.00219770021340167,0.0596522343762901,1.92555656297812e-05,2.84355095538126e-05,0.0006965283312238,0.000517257001994675,0.000520555449706195,0.000524222681420272,0.000522927316485511
0.000605105214300794,3.13517969184884e-05,3.07346820074272e-05,2.60251678330797e-05,0.000176493110329967,2.22080937144209e-06,0.000607654114828207,0.0021222192474085,0.0587880848177476,2.07824590986978e-05,3.07299542124904e-05,0.000790479513806841,0.000537705965980129,0.000540488144074591,0.000543340580887786,0.000542465272410309
0.000605597424346405,3.48916507395269e-05,3.077764366477e-05,2.32040031455244e-05,0.000177511603941749,2.11306711740689e-06,0.000617871064328379,0.00204010617637163,0.0578143832576064,2.19325988894641e-05,3.23209749801094e-05,0.000886522993430727,0.000546626442987197,0.00054878514976775,0.000550759899324738,0.000550329021300366
0.000606033798200567,3.8453042886466e-05,3.08185224584534e-05,2.04422846364627e-05,0.000178647698040046,2.00997250557333e-06,0.000626017500652611,0.00195218518985052,0.0567301717686724,2.26642427266009e-05,3.31690174700632e-05,0.000982853088075886,0.000554335923207638,0.000555827183893576,0.000556905830470633,0.000556964836741169
0.000606415555612694,4.20383636008659e-05,3.08574159588737e-05,1.77427064944197e-05,0.000179904808601861,1.91237248636789e-06,0.00063242789998187,0.00185933901121646,0.0555355850538992,2.29460464653112e-05,3.32618000816586e-05,0.00107816369628733,0.000555537186740729,0.000556312509082946,0.000556479217662442,0.000557054247029232
0.000606743947988209,4.56500464142834e-05,3.08944316644855e-05,1.51057962682888e-05,0.000181283827417777,1.81895411925648e-06,0.000637474928621822,0.00176249811149975,0.0542319917106481,2.27616901244734e-05,3.26232996040923e-05,0.00117314175310002,0.000563778133427895,0.000563855996583484,0.000563145080900052,0.000564272135050281
0.000607020215963594,4.92905173010705e-05,3.09296313507623e-05,1.25299070345142e-05,0.000182783124912156,1.72805606503401e-06,0.000641561029914876,0.00166247088330556,0.0528188945633641,2.21054251833618e-05,3.12910814398559e-05,0.00126875824527262,0.00057115232028726,0.000570531120706597,0.000568966630256962,0.000570656393565128
0.000607245545300339,5.29621449726209e-05,3.09630694350638e-05,1.00112148902903e-05,0.000184398603152058,1.64061308413621e-06,0.00064510473536383,0.0015600593110167,0.0512964122810869,2.09709633321939e-05,2.92703288348427e-05,0.00136270512615355,0.000567602474519591,0.000566260311756439,0.000563852469705139,0.000566095380997056
0.000607421025558219,5.66671910302158e-05,3.09948120753578e-05,7.54400846780107e-06,0.00018612364014059,1.55511350380388e-06,0.000648533392363958,0.00145611361479022,0.0496666390351631,1.93695783327364e-05,2.66273701342336e-05,0.00145651264129709,0.000577138676085109,0.000575135641457614,0.000571996320022028,0.000574788860498554
0.00060754761427062,6.040776036767e-05,3.10248788712997e-05,5.12075480741531e-06,0.000187949236529539,1.47051485574479e-06,0.00065227229899606,0.00135126106060993,0.0479286106933146,1.73208465711964e-05,2.34327706831339e-05,0.00155066576497165,0.000579566304572898,0.000576918376901214,0.000573106899086628,0.000576418499873887
0.000607626101441161,6.41857558432574e-05,3.10532848184497e-05,2.73232565560499e-06,0.000189864207323309,1.38584816045118e-06,0.000656731122768543,0.00124607408765446,0.0460818797060539,1.48525798705401e-05,1.97724034479933e-05,0.00164686937285474,0.000594385247665308,0.000591156848939178,0.00058681268251215,0.000590608808443194
0.000607657080455848,6.80028365742796e-05,3.10800252572019e-05,3.68161347713558e-07,0.000191855414746811,1.30189620710375e-06,0.000662293305806518,0.00114095833940181,0.0441244394191948,1.19917053813936e-05,1.56903607793964e-05,0.00174139330428613,0.000581564508519095,0.000577758470008183,0.000572900787866981,0.000577126364117886
0.00060764092113863,7.18603806299234e-05,3.1105124768116e-05,1.98342422565861e-06,0.000193907892014844,1.21870447576666e-06,0.000669310100504313,0.00103651450768229,0.0420604114720237,8.77689969264689e-06,1.12668322772343e-05,0.0018334422655063,0.000581711860547229,0.000577411203311673,0.000572212816690065,0.000576807143341629
0.000607577750917798,7.57594500599597e-05,3.1128583878548e-05,4.33497701975497e-06,0.000196005080616957,1.13492997505515e-06,0.000678090231477965,0.00093304475088346,0.0398900291907443,5.26575782644529e-06,6.64651940206554e-06,0.00192794270447205,0.000596520233291931,0.000591810159589201,0.000586448068860435,0.000591335692289308
0.000607467439359022,7.97007638886679e-05,3.11503862500118e-05,6.69969512555324e-06,0.000198129311183848,1.0504429891478e-06,0.000688881981708403,0.000830558267394263,0.0376096691728619,1.51420103615129e-06,1.9116785473193e-06,0.00202413377579935,0.00059594587450329,0.000590889284342144,0.000585431500123801,0.000590532881023287
0.000607309588074756,8.36846793085232e-05,3.1170519809498e-05,9.09111496594488e-06,0.00020026209584767,9.65299666949582e-07,0.000701868846962706,0.000729185444677893,0.0352204683954307,2.42238025367057e-06,2.8973243993511e-06,0.00211625296392959,0.000576665385146224,0.000571339730152554,0.000565851799956052,0.000571085544742278
0.000607103526916397,8.77111767741421e-05,3.11889682773625e-05,1.15228397326245e-05,0.00020238428134628,8.79182627117059e-07,0.000717171699011399,0.000629184043850607,0.0327286308342651,6.47899808657241e-06,7.68886377816407e-06,0.0022035764019005,0.000564951728401542,0.000559449849160676,0.000554091645947219,0.000559361616961684
0.000606848315085395,9.17798495804062e-05,3.12057090132711e-05,1.40082853379107e-05,0.000204476377208829,7.91792464288621e-07,0.000734841077815775,0.000530613195052056,0.0301384412719216,1.05829514304065e-05,1.23566128824235e-05,0.00228794583577219,0.000555654197990307,0.000550073106854954,0.000544968106369281,0.000550173167730983
0.000606542747621397,9.58899013261717e-05,3.12207145913845e-05,1.65604090801748e-05,0.000206518965847835,7.03010041486207e-07,0.000754848023160396,0.000433377024435117,0.0274528494174561,1.46607477225447e-05,1.6819918153289e-05,0.00237022603994419,0.000548124351662072,0.000542557409451749,0.000537810959949536,0.000542849193432504
0.000606185367356016,0.000100040150853707,3.12339530246231e-05,1.91914192059946e-05,0.000208493040611823,6.12149429896069e-07,0.000777081975091016,0.000337293185793398,0.0246745970611108,1.86387231905975e-05,2.10228445206712e-05,0.0024489910469272,0.000531028949357637,0.000525580980629936,0.00052124951499477,0.000526027554949349
0.000605774482737687,0.000104229043220862,3.12453671025281e-05,2.19125048428956e-05,0.000210380266100374,5.17368894170644e-07,0.000801353724450357,0.00024225761614414,0.0218097220085599,2.24419096956486e-05,2.49273682446198e-05,0.00252042810212982,0.000501194014507544,0.000495979402226343,0.000492101571133219,0.000496533603763005
0.000605308189972842,0.000108454665205295,3.12548681600244e-05,2.47336973170087e-05,0.000212163186001146,4.18240249488999e-07,0.000827402391128391,0.000148244498480828,0.0188674966375803,2.60021769262903e-05,2.84746388793562e-05,0.00258446510418187,0.000477787273372998,0.000472882057523383,0.000469562092208609,0.000473553575425556
0.000604784397541414,0.000112714765529279,3.12623819442859e-05,2.76637025283244e-05,0.000213825507052512,3.16416658319163e-07,0.00085489952136976,5.50618324955959e-05,0.0158547305883633,2.92613635558945e-05,3.15960851026559e-05,0.00264454318125984,0.000465253007217004,0.000460709841882068,0.000458054152458254,0.000461510022636835
0.000604200855142567,0.00011700678150818,3.12678646128273e-05,3.07096361513923e-05,0.000215352433767191,2.12338900781872e-07,0.00088344913604188,3.76648439062869e-05,0.0127749849262115,3.21624886026618e-05,3.42555030450921e-05,0.00270142843246168,0.000448793099514622,0.000444691582753176,0.000442729047489321,0.000445575043376278
0.000603555187507432,0.000121327871587695,3.12712588712571e-05,3.38768659236544e-05,0.000216730902912021,1.04437943418412e-07,0.000912592745269992,0.000130281903785037,0.00963300503947298,3.46495583175495e-05,3.64414562535054e-05,0.00275289632023035,0.000423588990504209,0.000420015622746184,0.000418747904886385,0.000420927883977629
0.000602844929979529,0.00012567495148337,3.12724703279699e-05,3.71689619310944e-05,0.00021794972617506,8.97991772608187e-09,0.000941821724799592,0.000223033364930467,0.00643632183488664,3.66751901654102e-05,3.81421312133593e-05,0.00279692891076755,0.000393640886127034,0.00039066129372034,0.000390101470735926,0.000391568740595538
0.000602067564142938,0.000130044733009427,3.12713972394629e-05,4.0587762865904e-05,0.000218999726268321,1.25897093056215e-07,0.000970590063079539,0.000316153503610514,0.00319305951421311,3.82112403022465e-05,3.93290239561993e-05,0.00283544473338193,0.000374090540145922,0.000371698615643234,0.000371925699343301,0.000372620407191104
0.000601220553515081,0.000134433766198261,3.12679799630011e-05,4.41331420759916e-05,0.000219873939605042,2.46738147441361e-07,0.000998321884293642,0.000409981437045969,9.09648660953589e-05,3.92313903890214e-05,4.00031992788593e-05,0.00286798740591021,0.00034569336687118,0.000343951697647782,0.000344916486177183,0.000344823877661993
0.000600301383133495,0.000138838484861487,3.12621408382618e-05,4.78031935628176e-05,0.000220567705804697,3.69755558671248e-07,0.00102442176045524,0.000504786266828232,0.00340865962346908,3.97228016026435e-05,4.01677317271604e-05,0.00289557636241711,0.000326515987063458,0.000325390275300985,0.000327143862068113,0.000326224538794495
0.000599307593992071,0.000143255253208879,3.12538480384816e-05,5.15941124003966e-05,0.000221078748438353,4.95547573045596e-07,0.00104828428224924,0.000600892704390991,0.0067547026440578,3.96782409404349e-05,3.98441384288229e-05,0.00291750916308964,0.000297946901267276,0.000297480849545728,0.000299941816978233,0.000298214758626125
0.000598236822062947,0.000147680413957851,3.12430214468584e-05,5.55003053077791e-05,0.000221407177370903,6.2595613894989e-07,0.00106931007546944,0.000698486451061343,0.0101213736632628,3.90977661675888e-05,3.90682036962488e-05,0.00293217975289861,0.000267315282513225,0.00026750373520279,0.000270628792062633,0.000268111489464595
0.000597086830739224,0.000152110335224498,3.12295764313131e-05,5.9514642741218e-05,0.00022155541381047,7.5958951216426e-07,0.00108691897332984,0.000797693367701111,0.0135004619616205,3.79987743296957e-05,3.78650285171051e-05,0.0029402195144439,0.000239978756254255,0.000240772846590631,0.000244548274015099,0.000241254813283298
0.000595855540683532,0.000156541456318188,3.12134755684479e-05,6.36285434637562e-05,0.000221528148453276,8.93443931199167e-07,0.00110055852854974,0.000898654188550432,0.0168850871448291,3.64100722283473e-05,3.6262168143248e-05,0.00294304210328555,0.00021669256701462,0.000218024279799223,0.00022243398625077,0.000218384201777888
0.000594541057826525,0.000160970332581667,3.1194740861773e-05,6.78320794355869e-05,0.000221332279936981,1.02495543920222e-06,0.00110971167231868,0.00100152204862228,0.0202698360109036,3.43674763503041e-05,3.42979580494601e-05,0.0029415718980369,0.000195097565178548,0.000196899772685222,0.000201903370262824,0.000197135142215199
0.000593141700228728,0.000165393678636633,3.11733961704252e-05,7.21139057305864e-05,0.000220976819913121,1.15891475209462e-06,0.00111391095097523,0.00110637359019017,0.0236489572383328,3.19087810264822e-05,3.20465232345746e-05,0.0029332345775257,0.000160508513379121,0.000162804804144212,0.000168209070735337,0.000162852074557573
0.000591656023775533,0.000169808408244876,3.11493460778411e-05,7.64617799286493e-05,0.000220472599840205,1.2979446170347e-06,0.00111276375891448,0.00121306110420029,0.0270132253308684,2.90833684979915e-05,2.95716876511573e-05,0.00291667261007467,0.000127276092131035,0.000129983777328646,0.000135734964535783,0.000129859685151779
0.000590082834658778,0.000174211667539004,3.11225174054464e-05,8.08629022676921e-05,0.000219831997483877,1.43852174680492e-06,0.00110595117600427,0.00132139763478048,0.03035384031048,2.59522475945596e-05,2.69109912548991e-05,0.00289325691614517,9.89591065864159e-05,0.000101960021742009,0.000108039386611525,0.000101699256918941
0.00058842120033975,0.000178600864328027,3.10929228721779e-05,8.53039673658351e-05,0.000219068774007625,1.57611538001423e-06,0.00109322642947534,0.00143122047986288,0.0336638257024306,2.25804879607442e-05,2.4105404124097e-05,0.00286454097527822,7.48145633037156e-05,7.79868335800682e-05,8.43652353099689e-05,7.76189248922199e-05
0.000586670458883054,0.000182973693999638,3.10606355589105e-05,8.97712010311802e-05,0.000218197894294336,1.71079687721898e-06,0.00107442121013709,0.00154235185669082,0.0369373065486518,1.90369254655473e-05,2.1218707621222e-05,0.00283038521571355,4.78446707948832e-05,5.11182805779109e-05,5.76725182526161e-05,5.06423561661418e-05
0.000584830225986321,0.000187328160778599,3.1025698908449e-05,9.42507223222477e-05,0.000217235210513811,1.8435072542955e-06,0.00104946217423239,0.00165451200190667,0.040167716283378,1.53945485287357e-05,1.8314782626136e-05,0.00279039794578251,2.08372901709941e-05,2.41163793069932e-05,3.07662717137225e-05,2.35579984894096e-05
0.000582900393261365,0.000191662591936953,3.09881551134872e-05,9.87288409494136e-05,0.000216197126842732,1.97388409808874e-06,0.0010183718719973,0.0017673576960262,0.0433484138780027,1.17285144338272e-05,1.5444678824552e-05,0.0027446738160839,5.66693696302245e-06,2.48349513565227e-06,4.19450635935625e-06,3.08776413238121e-06
0.000580881122685728,0.000195975645925661,3.09480581641708e-05,0.000103192250039519,0.000215100308501082,2.10103382775051e-06,0.000981268412862775,0.00188050375878619,0.0464729605826172,8.11403521249562e-06,1.2653180889435e-05,0.00269347788143148,3.11144142515207e-05,2.81320173971533e-05,2.14815078087849e-05,2.87395318330219e-05
0.000578772837236841,0.000200266314827779,3.09054718148349e-05,0.000107628164307788,0.000213961410383601,2.22559472831674e-06,0.000938365018484547,0.00199352880919579,0.0495351405837387,4.62668632309474e-06,9.98767861183289e-06,0.00263676455085782,5.71002337662607e-05,5.44036883005639e-05,4.78660862167635e-05,5.49791576446301e-05
0.000576576207044432,0.000204533920946048,3.08604771224186e-05,0.000112024796713212,0.000212796731834441,2.34218781390572e-06,0.000889966643154514,0.00210598485312461,0.0525290405343598,1.33332338531317e-06,7.46936216913102e-06,0.00257572442242948,7.72244213919082e-05,7.49685922558641e-05,6.84862499912287e-05,7.54394926184565e-05
0.000574292129354781,0.000208778107630203,3.08132435244968e-05,0.000116371009163702,0.000211622089836772,2.45395963478778e-06,0.000836454170346903,0.00221745148899455,0.0554499373146461,1.69340336382098e-06,5.1457886875092e-06,0.00250993757443119,0.000102306829198096,0.000100509835774143,9.42685863369874e-05,0.00010086585606528
0.000571921715056156,0.000212998827121225,3.07638267329491e-05,0.000120656866951369,0.000210452444485976,2.56185962425881e-06,0.000778310803224037,0.00232741627358868,0.0582920599108219,4.38751593061138e-06,3.05301157582476e-06,0.00243937214778855,0.000124301002377702,0.000123072947627589,0.000117058137992898,0.000123255012681844
0.000569466259142004,0.000217196319528656,3.07123239355889e-05,0.000124873752218119,0.0002093016203632,2.66524862733986e-06,0.00071609109172932,0.00243538027946946,0.0610502896724277,6.69266337166172e-06,1.20968393756138e-06,0.00236440403536708,0.000146075526953782,0.000145475141070772,0.000139741948761873,0.000145442736736334
0.000566927217033442,0.000221371088804545,3.06587999241437e-05,0.000129014292760909,0.000208182131893164,2.76703671465983e-06,0.000650421892138313,0.00254083106980378,0.0637195668254984,8.55494049422433e-06,3.57902060141302e-07,0.00228494417261693,0.000167888001186056,0.000167954324624797,0.000162568282354059,0.00016767321477984
0.000564306174913876,0.000225523873420841,3.06033212105206e-05,0.000133072935457723,0.000207104854479112,2.86032390092728e-06,0.000581987634533457,0.00264326588548989,0.0662951753813595,9.94295091648743e-06,1.66100658824039e-06,0.00220211920472779,0.000184337611451091,0.000185197722536223,0.000180027454866893,0.000184603879810674
0.00056160481387213,0.000229655612631718,3.05461199436863e-05,0.000137045529590846,0.000206079034766715,2.9415419704748e-06,0.000511494562278454,0.0027422690423957,0.068773862230109,1.08298624026435e-05,2.70535279106414e-06,0.0021166146795577,0.000200295118351401,0.000201978423181259,0.000197056366028847,0.000201045557198465
0.000558824886380593,0.000233767414355046,3.04873911292081e-05,0.000140929125743428,0.000205112260550644,3.01703429261835e-06,0.000439689054182771,0.00283742850541097,0.0711524758396014,1.1181419535284e-05,3.46769878472979e-06,0.00202811001463266,0.000217517202262374,0.00021999329588418,0.000215432972479168,0.000218712820368117
0.000555968188876266,0.000237860519478772,3.04271847400006e-05,0.00014472237683516,0.000204210184964859,3.09215734892176e-06,0.000367361099934294,0.00292830667011687,0.0734274744202733,1.09757786078915e-05,3.93790108282541e-06,0.0019365143180673,0.000233964868272873,0.000237225206834335,0.000233051013158403,0.000235578366376554
0.000553036525755557,0.000241936260607922,3.03655404381153e-05,0.000148425902493921,0.000203376298734348,3.16050104189058e-06,0.000295311349839075,0.00301450259493377,0.0755956854674525,1.02206931939407e-05,4.14831585668872e-06,0.00184264993464234,0.000246777005034504,0.000250890686493532,0.000246952677937284,0.000248843337711913
0.000550031673124174,0.00024599601962555,3.03026489878455e-05,0.000152041692804028,0.000202612108808453,3.21922221351023e-06,0.000224316206568287,0.00309570701950299,0.0776549540641494,8.93009509231021e-06,4.12503315602025e-06,0.00174706758691223,0.000258731474386265,0.000263667795404987,0.00025997236876385,0.000261219974200144
0.000546955355376744,0.000250041189623518,3.02386877499838e-05,0.000155573032067424,0.000201917202849122,3.26922581941891e-06,0.000155135593877721,0.00317165187931695,0.07960346684159,7.11988359788924e-06,3.88193846432086e-06,0.00165003196732416,0.000269488592327227,0.000275221094903411,0.000271746870440737,0.000272378945877394
0.000543809217640856,0.000254073136114863,3.01738182066913e-05,0.000159024495582527,0.000201289255801262,3.31257862376533e-06,8.85028452539165e-05,0.00324210957394159,0.0814397352832882,4.81440688044494e-06,3.43439881999273e-06,0.00155178790497867,0.000279414658324706,0.00028587941973901,0.000282637399569463,0.000282661577404419
0.000540594800796157,0.000258093159182238,3.01081717246632e-05,0.000162402012913176,0.000200724033452448,3.34735836074462e-06,2.51138385374535e-05,0.00330689370665116,0.0831625643217249,2.05172216268245e-06,2.80994900068651e-06,0.00145269272180693,0.000287727311434116,0.000294909667757581,0.000291808524764736,0.000291330621927099
0.000537313516079552,0.000262102456447311,3.0041918699597e-05,0.000165712406125673,0.000200215602538967,3.37694625461571e-06,3.43908932428254e-05,0.00336587559800287,0.0847711879426454,1.1251745816206e-06,2.02896996736278e-06,0.00135300520532866,0.000295441528600171,0.000303210953667588,0.000300315176432919,0.000299314727026045
0.000533966632007665,0.00026610209134964,2.9975069516297e-05,0.000168963202008376,0.00019975646456083,3.41098833027409e-06,8.9424516684569e-05,0.00341895462628821,0.0862650474856399,4.66993751916505e-06,1.10117732407371e-06,0.00125293306974394,0.000302144009259542,0.00031035618754971,0.000307723660108561,0.000306194514447133
0.000530555255491061,0.000270092960917956,2.990753685439e-05,0.000172163195174713,0.000199337442991165,3.44409895161601e-06,0.000139468927595048,0.00346607155375792,0.087643916166982,8.5169494735533e-06,6.7097882741271e-08,0.00115286335325937,0.000307235860448674,0.000315911214343934,0.00031334891683521,0.000311510127929848
0.000527080309737693,0.000274075764700732,2.98393942093078e-05,0.000175321589873823,0.000198948119098818,3.47544802456468e-06,0.000184096638895787,0.00350724206455221,0.0889080460845602,1.25963178301022e-05,1.03870840133941e-06,0.00105318914818986,0.000311070904789768,0.000320059994759814,0.000317604921602266,0.000315484887521089
0.000523542531939869,0.000278050983799794,2.97706669369902e-05,0.000178448057450042,0.000198577007465006,3.50184225224315e-06,0.000222967759394189,0.00354252790046098,0.090058074099311,1.68366398982952e-05,2.18518127191591e-06,0.000954179545644918,0.000313994565815934,0.000323284569788695,0.00032079502960658,0.000318583199237721
0.000519942463252931,0.000282018861137823,2.97014525814099e-05,0.000181552145347708,0.000198211934042625,3.5295571803734e-06,0.000255835709049465,0.00357204008365396,0.0910949639605227,2.11657876759564e-05,3.35530611837893e-06,0.000856238308908353,0.000315218258586936,0.000324577474697163,0.000322188193521589,0.000319842154880123
0.000516280456918983,0.000285979391231428,2.96316242534012e-05,0.000184643396598627,0.000197840154290863,3.56499598912208e-06,0.000282547700572624,0.00359591750330932,0.0920202000569832,2.5510317451271e-05,4.53482654422244e-06,0.000759761717541219,0.000315298413765652,0.00032463336310995,0.000322300447346047,0.000319932282501267
0.000512556672071396,0.000289932308076724,2.95610730776108e-05,0.000187731589994078,0.000197448421229041,3.60161974077844e-06,0.000303047456283316,0.00361433791657537,0.0928355906594189,2.97943635807589e-05,5.69092833498791e-06,0.000664909443319206,0.000314892632406583,0.000324182040395415,0.00032177761037766,0.000319570460926566
0.00050877107425995,0.000293877078995863,2.94898643675712e-05,0.000190826230595242,0.000197023380070938,3.63001016753794e-06,0.000317372182783312,0.00362751845944672,0.0935430268368933,3.39450413321915e-05,6.79149894481507e-06,0.000571680724475554,0.000314377487173001,0.000323605719659614,0.000321010305021407,0.000319142209410428
0.000504923446418504,0.000297812906824679,2.9418174498419e-05,0.000193935887064178,0.000196552041310361,3.65336413489514e-06,0.00032564906206561,0.00363570338884676,0.0941444787381529,3.78912977228201e-05,7.82511713057904e-06,0.000480379453948965,0.000312157346402664,0.000321139108174218,0.00031843933019049,0.000316918008338773
0.000501013409706985,0.000301738739911683,2.93460218978581e-05,0.000197068332825068,0.000196021910514377,3.67849173216195e-06,0.000328098665887197,0.00363915286202764,0.0946424102135193,4.15650769985729e-05,8.78932017324245e-06,0.000391397656513859,0.000308853447284152,0.000317469670349402,0.00031468566384274,0.000313571373144472
0.000497040434588092,0.000305653281649554,2.92733913747067e-05,0.000200230906529764,0.000195420994241191,3.69989605711329e-06,0.000325025241381009,0.00363813753599974,0.095039523425508,4.4907467770987e-05,9.67033473970452e-06,0.000304661041274357,0.00030617951844536,0.000314449337924794,0.000311460886132986,0.000310923170549482
0.000493003854012741,0.000309555003809581,2.9200384092043e-05,0.000203429729648485,0.000194738264890582,3.71973227381028e-06,0.000316803053719137,0.00363293375121425,0.0953384206829933,4.78624335090195e-05,1.04627383101085e-05,0.000220407956870172,0.000301609925088986,0.000309365696297692,0.000306265409325324,0.000306293598306473
0.000488902893105214,0.000313442169553757,2.91269348973167e-05,0.000206669620554156,0.000193963850566081,3.7471008425688e-06,0.000303884025360298,0.0036238266231117,0.0955422655802087,5.03770785481072e-05,1.1171131635429e-05,0.000139168533140888,0.000295498189771815,0.000302613202838864,0.000299462507919235,0.000300064421852819
0.000484736689043253,0.000317312855314555,2.90528985020799e-05,0.000209954663045742,0.000193088924902829,3.77711015862869e-06,0.000286784358283004,0.00361110333572593,0.0956545668800417,5.24141574687213e-05,1.1789812852497e-05,6.08205522644178e-05,0.000290516140225461,0.00029705026816107,0.000293730518611035,0.000295050554389609
0.000480504307006857,0.000321164973407284,2.89783127302989e-05,0.000213287791342831,0.000192105998042202,3.80179241375733e-06,0.000266056970820417,0.00359503964555889,0.0956784497063648,5.39473540087389e-05,1.23121634205293e-05,1.49313138895213e-05,0.000285864680146575,0.000291826646492521,0.000288288709831774,0.000290406638207674
0.000476204769362054,0.000324996302607961,2.89032736355832e-05,0.000216670268597285,0.000191009260840591,3.82584487715332e-06,0.000242289093097402,0.0035759010563334,0.0956169713112352,5.49510780169209e-05,1.27453648411744e-05,8.77626105573182e-05,0.000279134154716698,0.000284393961089702,0.000280747244109647,0.000283605813335308
0.000471837088425353,0.000328804522439663,2.88277099964596e-05,0.000220101992213673,0.000189794541137267,3.85625706723902e-06,0.000216107997896277,0.00355394969043246,0.095473772391223,5.54074218763547e-05,1.3101636901762e-05,0.000157240100656542,0.000271421954203932,0.000275929281633447,0.000272218074643393,0.000275801314220669
0.000467400289161368,0.000332587244422422,2.87514916776921e-05,0.000223581816036933,0.000188459209166325,3.89137820838714e-06,0.000188161285300033,0.00352943549240887,0.0952527409097023,5.53145792588748e-05,1.33873595652857e-05,0.000223403786149046,0.000264162788754851,0.000267961972541086,0.000264149173304196,0.00026849359509562
0.000462893430980937,0.00033634204368771,2.86745692779089e-05,0.00022710738814169,0.000187002285345739,3.92673299259849e-06,0.000159093832099363,0.00350258733769925,0.0949575619098445,5.46824936831563e-05,1.36069892718617e-05,0.000286462578361624,0.000257266153007363,0.000260404735930808,0.000256463774074178,0.000261585711193835
0.000458315635034845,0.000340066493764613,2.85969106104123e-05,0.000230674770960115,0.000185424646417409,3.9691223742977e-06,0.00012954099194367,0.00347361711395799,0.0945919215547832,5.35243281590308e-05,1.37728406153746e-05,0.000345955427964006,0.00024770525253226,0.000250085194483551,0.000246151101072845,0.00025191897430199
0.00045366611353681,0.000343758202674738,2.85183315440474e-05,0.000234279092983292,0.000183728723306797,4.01776174836777e-06,0.000100130354390171,0.0034427310465876,0.0941600780517338,5.18654617655038e-05,1.38941027996303e-05,0.000401906946648545,0.000239634888699269,0.000241379702571765,0.000237375719259192,0.000243825918023521
0.000448944183657041,0.000347414841562643,2.84387764384331e-05,0.00023791454201344,0.000181918481621579,4.06721097874485e-06,7.14504668377617e-05,0.00341010742580156,0.0936658647037194,4.97430086870273e-05,1.39761781652713e-05,0.000454627260072171,0.000231736779446878,0.000232912807487495,0.000228831209672209,0.000235929641181243
0.000444149291515039,0.000351034177609399,2.83582053086651e-05,0.00024157402699454,0.000179999558778121,4.12232386835798e-06,4.40485924271965e-05,0.00337590709757792,0.0931130891067388,4.71974258468648e-05,1.40302539562102e-05,0.000503783450965134,0.000222014326711206,0.000222600874870027,0.000218534021977246,0.000226149187274594
0.000439281032400096,0.000354614104353557,2.82765224373094e-05,0.000245249998314268,0.000177978803557799,4.17544962130756e-06,1.84274274132656e-05,0.00334027879576676,0.0925057710121034,4.42785558220614e-05,1.40619773454503e-05,0.000549885751213286,0.000215403678179404,0.000215613106499979,0.000211421324036287,0.000219620390599418
0.000434339157274755,0.0003581526639026,2.81938695949613e-05,0.000248934182352556,0.0001758643416091,4.21974452731455e-06,4.9810858335792e-06,0.00330333317015012,0.091847024229664,4.10420014797361e-05,1.40763658298092e-05,0.000593399907905745,0.000208757817521832,0.000208661236803964,0.000204357938099031,0.000213064392908802
0.00042932359236314,0.00036164807437844,2.81103889001599e-05,0.000252617395512023,0.000173665600745165,4.26062323959087e-06,2.58075105476683e-05,0.00326516511314207,0.0911399297247775,3.75451665667192e-05,1.40848369439249e-05,0.000634004970011426,0.000200437486824523,0.000200036901751188,0.000195715173540667,0.000204773376549561
0.00042423445322104,0.000365098752885373,2.80260647960162e-05,0.000256289965546774,0.00017139299135438,4.30664385994706e-06,4.37417095622366e-05,0.00322586849693036,0.0903881187514815,3.38504282933e-05,1.40993327418255e-05,0.000671175840372573,0.000190543665607112,0.000189853987976663,0.000185598538800957,0.000194850185302742
0.0004190720494055,0.000368503331170777,2.79407856955682e-05,0.000259942303646288,0.00016905746934559,4.35496846423744e-06,5.85416707948502e-05,0.0031855330743785,0.0895955366270494,3.00237956538614e-05,1.41242710027696e-05,0.000705154685537668,0.000182415598176999,0.000181597606518591,0.000177337246868081,0.000186763924926225
0.000413836882557472,0.000371860665147383,2.78545288101562e-05,0.000263564604023714,0.000166670578915173,4.40680436533669e-06,7.00460153505951e-05,0.00314423164614304,0.0887657371333136,2.61344577836807e-05,1.41614510463066e-05,0.000735886547480136,0.00017283637389931,0.000171920511692014,0.000167722690157857,0.000177166173599974
0.0004085296500691,0.000375169845102108,2.77672455877287e-05,0.000267147375160814,0.000164244037191619,4.45497569095954e-06,7.81700179891995e-05,0.00310203571635467,0.087902334871538,2.22484661625528e-05,1.42088431102048e-05,0.000763914089975948,0.000166281412294023,0.000165474438681423,0.000161211840543074,0.000170706859681791
0.000403151234748655,0.000378430195727475,2.76791119915298e-05,0.000270681389499983,0.000161789650535815,4.4911949298454e-06,8.2913460034608e-05,0.00305899107145043,0.0870079959079449,1.84294603996398e-05,1.42629495377133e-05,0.000789866494289859,0.00016060618839564,0.000160023079113447,0.000155664964631708,0.000165153430160658
0.000397702704343361,0.000381641279656453,2.75903296247382e-05,0.000274157348727044,0.000159319408926661,4.52325604340109e-06,8.4351884899674e-05,0.00301513986233168,0.0860852108100242,1.47447993629517e-05,1.43246456136212e-05,0.00081327318972918,0.000152192535267992,0.000151802505496401,0.000147476456767603,0.000156741208181987
0.000392185309586734,0.000384802897987258,2.75008667565135e-05,0.00027756643220489,0.000156845039455344,4.56127128187211e-06,8.26271129727752e-05,0.00297054869359432,0.0851373088665933,1.12604331848856e-05,1.43946992369262e-05,0.000833515346587599,0.000142601717129431,0.000142430719081377,0.000138194499536892,0.000147091381910602
0.00038660046734651,0.000387915079197998,2.74106213749015e-05,0.000280900934036987,0.000154377475809431,4.59973950493742e-06,7.79472276209875e-05,0.00292529296354486,0.0841678032831383,8.02961271273481e-06,1.44682048319675e-05,0.000851059369842366,0.000135440304248058,0.000135645128639839,0.000131398323432563,0.000139952664693466
0.000380949737855074,0.000390978061698521,2.73197126829938e-05,0.000284154165328121,0.000151926795773027,4.62465285885894e-06,7.05859066201967e-05,0.00287942826995986,0.0831792318376741,5.09419958373689e-06,1.45368946216154e-05,0.000866962569289753,0.000131384807073198,0.000132137653098385,0.000127752374084467,0.000136026836983327
0.000375234808245972,0.000393992278272637,2.72284786990706e-05,0.000287320014785708,0.000149502416716851,4.63266304427667e-06,6.08753436233226e-05,0.00283299238383121,0.0821731598011555,2.49670284252977e-06,1.45939601260379e-05,0.000881547407934224,0.000126963477518061,0.000128297092620744,0.00012379541595986,0.000131700521103673
0.00036945748016004,0.000396958341554288,2.7137260070198e-05,0.00029039331377767,0.000147112781143321,4.6211567691079e-06,4.91966199211783e-05,0.00278602858114879,0.081151021987853,2.73710964701354e-07,1.46349178844138e-05,0.000895120827508811,0.000124131781699899,0.000126138070580817,0.00012146748862496,0.000129007399901848
0.000363619649600855,0.000399877022840611,2.70464047233965e-05,0.000293369571853552,0.000144765445729778,4.60057380884116e-06,3.59723626070837e-05,0.00273858287441104,0.0801140740462523,1.53604226870541e-06,1.46561704150588e-05,0.000907078538114559,0.000117389305649418,0.000119949541974695,0.000115283817200273,0.000122222375937286
0.00035772329370376,0.000402749233648136,2.69559719747736e-05,0.000296245465430056,0.000142466658860363,4.57865740369212e-06,2.16555313824462e-05,0.00269073930419713,0.0790645822697523,2.90367833893943e-06,1.46538346754155e-05,0.000917012291508812,0.000111132962922422,0.000114277181063271,0.000109606839306609,0.000115921740670988
0.000351770441090249,0.000405575994322893,2.68660051430114e-05,0.00029901905693408,0.000140221117397366,4.55347456301824e-06,6.72099323202586e-06,0.00264258861027652,0.078004731804759,3.81756882198252e-06,1.46221070866544e-05,0.000925171753106246,0.0001055769474817,0.0001093334261969,0.000104634254132763,0.000110328926809511
0.000345763147948208,0.000408358404938025,2.67765826487132e-05,0.000301689511486458,0.000138032101196728,4.52402079730019e-06,8.34506337764677e-06,0.00259422519951463,0.0769364467950514,4.27379962719285e-06,1.45534645736821e-05,0.00093172486921772,0.000100331333822035,0.000104704378263043,9.99658464124753e-05,0.000105037625106386
0.000339703475049635,0.000411097615927392,2.66878380599245e-05,0.000304257291594334,0.000135901299962216,4.48233309684187e-06,2.3054141086983e-05,0.00254574566018775,0.0758613164922539,4.28108935079956e-06,1.44416383557611e-05,0.000937334121446254,9.79552976887454e-05,0.000103031673995169,9.81428190394151e-05,0.00010271450769006
0.000333593463259119,0.000413794797160083,2.66000551019108e-05,0.000306723711778312,0.000133829122162199,4.42933542084412e-06,3.69232573069149e-05,0.0024972355262519,0.0747802046024016,3.8492834346614e-06,1.42802454835764e-05,0.000942039858808918,9.38999213996317e-05,9.95895996234175e-05,9.46250097155765e-05,9.86208440491021e-05
0.000327435120095143,0.000416451114948146,2.65133637882276e-05,0.000309090910766474,0.000131814717824474,4.37474214515232e-06,4.94854989418864e-05,0.00244880580742914,0.0736944642815426,2.98905650952842e-06,1.40633546641504e-05,0.000945280371073165,8.83301269770653e-05,9.45366989961727e-05,8.9567829613113e-05,9.29297921048455e-05
0.000321230399063621,0.000419067703769427,2.64277406438751e-05,0.000311362187914166,0.000129855724585848,4.32235181554996e-06,6.0299283801707e-05,0.00240058998193503,0.0726059267846692,1.72414424321945e-06,1.37879612642534e-05,0.000946907632450311,8.30049799237509e-05,8.96865424431237e-05,8.4714404177233e-05,8.74784821272012e-05
0.000314981175690399,0.00042164563539282,2.63431860905161e-05,0.000313542058207772,0.000127948220368934,4.26461392202815e-06,6.89564876685788e-05,0.00235271934848511,0.0715162003219546,9.31097310510198e-08,1.34547783255182e-05,0.000947555293322966,8.04803465870307e-05,8.76835852978708e-05,8.26073398365601e-05,8.49348631720703e-05
0.000308689226145464,0.000424185890071871,2.62598776221701e-05,0.000315635782557555,0.000126087105597084,4.19700591136607e-06,7.50880099843223e-05,0.00230530210279581,0.0704260685361705,1.86163166643039e-06,1.30645841761486e-05,0.0009476353265781,7.81348653418057e-05,8.58012297380029e-05,8.06256494647606e-05,8.25666599847397e-05
0.000302356217564581,0.000426689337548414,2.61779409231888e-05,0.000317648948073179,0.00012426648473951,4.13094465540054e-06,7.83731012187841e-05,0.00225845195264578,0.0693364090382282,4.10099833736285e-06,1.26150625988988e-05,0.000946452090218208,7.24078107461334e-05,8.03335362417057e-05,7.52074717805806e-05,7.66609190494538e-05
0.000295983699189928,0.000429156719811252,2.60972631722645e-05,0.000319587982517744,0.000122479301305045,4.06885417481018e-06,7.85485653583376e-05,0.00221230957157194,0.0682489314950436,6.57719697305915e-06,1.21094301279399e-05,0.000943948325236699,6.86656158815913e-05,7.68481660319287e-05,7.1711670496466e-05,7.28207233953171e-05
0.000289573083973149,0.000431588627018087,2.60177862181354e-05,0.000321459836225779,0.000120717643705359,4.01231997354534e-06,7.54081961273197e-05,0.00216700020324521,0.0671650095362769,9.23612511913265e-06,1.15527980544296e-05,0.000940100983709335,6.35641377901841e-05,7.18668417640789e-05,6.67895726964574e-05,6.75606352056324e-05
0.000283125642470239,0.000433985484459831,2.59394009396452e-05,0.000323271980489093,0.000118972791515404,3.95619341758691e-06,6.88099924432827e-05,0.00212264676879453,0.0660861259023233,1.20204555469168e-05,1.09535977017121e-05,0.000935353621547508,6.14334478026279e-05,6.98902560094528e-05,6.4773745039548e-05,6.54014724162932e-05
0.000276642491011225,0.000436347535701764,2.5862202712057e-05,0.000325032199701925,0.000117235442425589,3.89113374438255e-06,5.86691614904985e-05,0.00207933354763357,0.0650128516405552,1.48714389839534e-05,1.03233506645421e-05,0.000930438116273913,6.09166147589324e-05,6.95073725682782e-05,6.43086407072779e-05,6.49284385504378e-05
0.000270124592338106,0.000438674837488606,2.57863428121397e-05,0.000326747944525363,0.000115496341291377,3.82541732842079e-06,4.49632496054806e-05,0.00203712443559133,0.0639454391107354,1.77326124780054e-05,9.66809900188742e-06,0.000924863097346129,5.71219631615438e-05,6.56244998180622e-05,6.04953148650722e-05,6.10358916249831e-05
0.000263572762407405,0.000440967261665537,2.57117219601977e-05,0.000328426630711864,0.000113746099059397,3.76674617119654e-06,2.77440128524984e-05,0.00199610161251268,0.0628850355699795,2.05478793113252e-05,8.99653068893794e-06,0.000918190943237696,5.35119595084232e-05,6.18470140504312e-05,5.68073597503327e-05,5.73421966144627e-05
0.000256987667485609,0.000443224489967364,2.56382156980095e-05,0.000330075730985868,0.000111975173686329,3.71240139304674e-06,7.12690380901105e-06,0.0019563312960527,0.0618327826174765,2.32622619007473e-05,8.32359645009523e-06,0.000910694034739812,5.10187627328351e-05,5.91515349790406e-05,5.41833138758552e-05,5.48245120334245e-05
0.000250369826890307,0.000445446014940676,2.55657745964477e-05,0.000331702418024826,0.000110174241904126,3.65879147139203e-06,1.67158834961803e-05,0.0019178494021231,0.0607894390295565,2.58237667342062e-05,7.66441262991038e-06,0.000902688101673765,4.93428705427013e-05,5.72313374443967e-05,5.23265224462444e-05,5.31704519192155e-05
0.000243719621426775,0.000447631147103333,2.54943904232086e-05,0.000333313329799245,0.000108334472648353,3.60635759873162e-06,4.35575114684515e-05,0.00188066673178799,0.0597555273800049,2.81834143180649e-05,7.03192479099141e-06,0.000894203786898529,4.74060359272332e-05,5.49669791009011e-05,5.01595086426221e-05,5.12536697094834e-05
0.000237037303655097,0.000449779024889962,2.54240892703095e-05,0.00033491475412406,0.000106447394445985,3.54557149909174e-06,7.31213451793962e-05,0.00184476958034804,0.0587313580808826,3.02999502531303e-05,6.44386925858359e-06,0.000885980034564859,4.90366698733258e-05,5.63577404375515e-05,5.15356309406245e-05,5.30710412108837e-05
0.000230323006821354,0.000451888624083185,2.53550924451673e-05,0.000336512094352703,0.000104505459411763,3.47701076919282e-06,0.000105096567907321,0.00181009682797928,0.0577163771698408,3.21341728280932e-05,5.91355796112497e-06,0.000878043880406798,4.8586270510409e-05,5.5516303860581e-05,5.07855116060885e-05,5.27232206291028e-05
0.000223576767624856,0.000453958781941433,2.52874129695879e-05,0.000338109684346888,0.000102502297551876,3.41661153241413e-06,0.000139119213511973,0.00177659581322125,0.0567107852078742,3.36462085372271e-05,5.44668314958474e-06,0.000869352495763143,4.48590596379139e-05,5.12014889008094e-05,4.67139767141855e-05,4.89617830665701e-05
0.000216798541300633,0.00045598821510584,2.52208824458311e-05,0.000339711542010068,0.000100432006039097,3.35585165039953e-06,0.000174780644066873,0.00174421779694034,0.0557154265405491,3.48129212550878e-05,5.06117703104672e-06,0.000860579094156211,4.60541549462956e-05,5.19843458510749e-05,4.75757903271035e-05,5.03507024350869e-05
0.000209988210109535,0.000457975531372501,2.51555713888241e-05,0.000341320565352743,9.82900098372985e-05,3.29771232908393e-06,0.000211663492104131,0.00171286056174751,0.0547301217010219,3.56135148831204e-05,4.76737305145705e-06,0.000851542470014677,4.3479029768867e-05,4.88023569905627e-05,4.46324001013298e-05,4.781141027832e-05
0.000203145609358524,0.000459919260248132,2.50914064761076e-05,0.000342938928410641,9.60726511738952e-05,3.23439415467197e-06,0.000249323290056018,0.001682426010843,0.0537552339678718,3.60378902451313e-05,4.57818317940381e-06,0.000842842434224611,4.600468849425e-05,5.09224909619466e-05,4.68150808422552e-05,5.06029672815433e-05
0.000196270537657806,0.000461817866891812,2.50286146064038e-05,0.000344567803247653,9.37775077381464e-05,3.15984120963231e-06,0.000287326231276713,0.00165275923834283,0.0527898594578899,3.6082605992547e-05,4.50440583302583e-06,0.000834942198145561,4.74606708044112e-05,5.19123819998635e-05,4.79208933006348e-05,5.22789604955332e-05
0.000189362784653757,0.000463669785498722,2.49673008496654e-05,0.000346206968651397,9.14038615038859e-05,3.08987319205811e-06,0.000325227885944715,0.0016237117581514,0.0518335474809818,3.57394212608904e-05,4.5414764996872e-06,0.000826756999644074,4.46317187521306e-05,4.84247305970742e-05,4.47198466274612e-05,4.94783529327858e-05
0.000182422153819251,0.000465473448529208,2.4907255982809e-05,0.000347855437472511,8.89520667897437e-05,3.03117548507148e-06,0.000362567956132163,0.00159517135687539,0.0508870816789015,3.5012279259709e-05,4.68928439838895e-06,0.000817849438201568,4.25051419699063e-05,4.56794944134753e-05,4.22432707368747e-05,4.74116014955728e-05
0.000175448474490247,0.000467227304784767,2.48482991875854e-05,0.000349511528932478,8.64234969088495e-05,2.97870839972847e-06,0.00039890313503583,0.00156701376197317,0.0499511043705192,3.39194306589209e-05,4.95319482565759e-06,0.000808582677403968,4.15116174771191e-05,4.413999169528e-05,4.09307786291002e-05,4.65281128260164e-05
0.00016844161827001,0.000468929842613042,2.47903641463765e-05,0.000351172700925662,8.38207256173285e-05,2.92620061179139e-06,0.000433820749372656,0.001539094778145,0.0490257976608595,3.24853493554387e-05,5.33525126540299e-06,0.000799392853381597,4.18095612212399e-05,4.39776754632693e-05,4.09431636747559e-05,4.69877190761858e-05
0.000161401515758719,0.000470579613162436,2.47335259531134e-05,0.000352835619929492,8.11474253540057e-05,2.8649059086866e-06,0.000466945618662769,0.00151125096049801,0.048110771914061,3.07393265989758e-05,5.83628329314106e-06,0.000790910476432982,4.42595619797315e-05,4.60909552898459e-05,4.3148405503568e-05,4.96826433247222e-05
0.000154328172835005,0.000472175252846041,2.46779903985139e-05,0.000354496014357109,7.84085520533773e-05,2.79565832653206e-06,0.000497943775909741,0.00148330403330806,0.0472050901414626,2.871142982366e-05,6.44769004027462e-06,0.000783079965284594,4.50876065897221e-05,4.6552444971204e-05,4.37507598917142e-05,5.06671345260612e-05
0.0001472216901931,0.000473715510424744,2.46238028900336e-05,0.000356148723263172,7.56103384809415e-05,2.73215796564585e-06,0.000526511012975232,0.00145510933977763,0.0463084766562484,2.64330737486849e-05,7.14828854624441e-06,0.00077490441041328,4.24001236497551e-05,4.34010035349486e-05,4.08508947783437e-05,4.79630420914257e-05
0.000140082276506304,0.000475199267370163,2.45707839401366e-05,0.000357788257508429,7.27596335794722e-05,2.67562549910449e-06,0.000552375858938456,0.00142656795626135,0.045421594556234,2.39440808273881e-05,7.92734380173493e-06,0.000766300915779672,4.14234503367528e-05,4.20842903647856e-05,3.97160645017047e-05,4.70308714023426e-05
0.000132910252419238,0.000476625546938503,2.45188698930754e-05,0.00035940882998986,6.98638667740725e-05,2.61870739519388e-06,0.000575322116534197,0.00139757194497185,0.0445446229773835,2.12900061669351e-05,8.7807509076207e-06,0.00075779426153666,4.17124223810461e-05,4.21445449678703e-05,3.98981020290901e-05,4.74039365992995e-05
0.000125706058451081,0.000477993528026244,2.44681197369978e-05,0.000361004257026898,6.69311453349586e-05,2.55643286040108e-06,0.00059519156481007,0.00136800728330269,0.0436772466804191,1.85171412887673e-05,9.6984948031141e-06,0.000749731753203309,4.28460992037971e-05,4.31434064506186e-05,4.09699920236317e-05,4.86363340198581e-05
0.000118470261995185,0.000479302557308214,2.44186620610432e-05,0.00036256804322099,6.39701298344175e-05,2.48747727922549e-06,0.000611882273551211,0.00133776679092532,0.0428188719282476,1.5672072969541e-05,1.06643634736336e-05,0.000742200532713289,4.38737194657923e-05,4.40926127153185e-05,4.19736575607565e-05,4.9730827820671e-05
0.000111203562580986,0.000480552159141001,2.43706068863148e-05,0.000364093487730921,6.09899112797296e-05,2.41538643393213e-06,0.00062534595310416,0.00130676780557184,0.0419689950392731,1.28023750838834e-05,1.16554899245655e-05,0.000734922609987587,4.36613130910812e-05,4.38173316890111e-05,4.17686937893569e-05,4.95023534073935e-05
0.000103906794349573,0.000481742042334976,2.43239619912572e-05,0.000365573870091174,5.79997962564804e-05,2.3458817877825e-06,0.000635586196774319,0.00127496879239978,0.0411275716264887,9.95665573826146e-06,1.26459552850025e-05,0.000727442428333114,4.21322203987273e-05,4.22411817764257e-05,4.02789336959586e-05,4.78732314375119e-05
9.65809238268056e-05,0.00048287210108644,2.42786667523642e-05,0.000367002733582145,5.50089258562203e-05,2.27736712793414e-06,0.000642659191631414,0.00124236336120765,0.0402948787784951,7.18080615767007e-06,1.36200718145775e-05,0.00071987053804945,4.18610115567875e-05,4.20283595853332e-05,4.00928909564113e-05,4.75335428323787e-05
8.92270436259057e-05,0.000483942410195448,2.42347324821424e-05,0.000368373883831041,5.20262845934982e-05,2.20814050518048e-06,0.000646674515024955,0.00120895298800226,0.0394708953212458,4.5188534006943e-06,1.45618963230398e-05,0.000712306186903322,4.12655542284535e-05,4.15408184337718e-05,3.96148369149474e-05,4.68312780858016e-05
8.1846367049887e-05,0.000484953221604245,2.41921915526966e-05,0.000369681507106256,4.90605024832669e-05,2.1346654117127e-06,0.0006477912331779,0.00117475888085462,0.0386555404601025,2.0107968264056e-06,1.5457449499913e-05,0.000705012790510495,4.2067730590567e-05,4.25509773596122e-05,4.05717456407606e-05,4.75611867060133e-05
7.44402196504179e-05,0.000485904956036287,2.41511256049431e-05,0.000370920135676744,4.61199291208747e-05,2.06078680972666e-06,0.000646214411539512,0.00113981669500207,0.03784853373528,3.02541097330587e-07,1.62804883312405e-05,0.000697635652797068,4.0469734735038e-05,4.11361845243929e-05,3.9139519716902e-05,4.57608608106508e-05
6.70100308922672e-05,0.000486798195366234,2.41115436976358e-05,0.000372084984095467,4.32120942980563e-05,1.98101912184112e-06,0.000642190278776017,0.00110420274912554,0.0370499638548402,2.39057973304565e-06,1.70226438543294e-05,0.000690639526490511,4.23693430268157e-05,4.33681610135794e-05,4.12473649062939e-05,4.75845474672276e-05
5.95573193069021e-05,0.000487633664169818,2.40736020789001e-05,0.000373171790578608,4.0343984735014e-05,1.89715717488492e-06,0.00063600036719814,0.00106798093757789,0.0362592133267631,4.22257206100931e-06,1.76645811054213e-05,0.00068384308964059,4.13346305947471e-05,4.2616396179751e-05,4.04204686805798e-05,4.63251888359606e-05
5.20836828604154e-05,0.000488412220355783,2.40373496349644e-05,0.000374177024192734,3.7521678853264e-05,1.80777801171705e-06,0.000627957475275535,0.00103126168966476,0.0354762069385127,5.77478157590311e-06,1.81938365976381e-05,0.000677387096424564,4.27649526553164e-05,4.44289570632472e-05,4.20866867016922e-05,4.76138336517051e-05
4.45907816037927e-05,0.000489134832161287,2.40029513480788e-05,0.000375097922285073,3.47502802457156e-05,1.70942503534277e-06,0.000618397343270216,0.000994143762860921,0.0347002655158674,7.03127426876287e-06,1.86063395508744e-05,0.000671589879896517,4.41310356820157e-05,4.61961609755646e-05,4.36969989338065e-05,4.88159493322593e-05
3.70803241621087e-05,0.00048980256163178,2.39705745368468e-05,0.000375932418710145,3.20340110738782e-05,1.60351969505368e-06,0.000607673537373385,0.000956739913725126,0.0339306775251841,7.97691135768648e-06,1.88884264634842e-05,0.000666349455766435,4.5128839318842e-05,4.75977148819418e-05,4.49402638955654e-05,4.96149659631184e-05
2.95540527950888e-05,0.000490416545207983,2.39403383754944e-05,0.00037667921488127,2.93760994665992e-05,1.4942724381739e-06,0.000596152389430021,0.000919188261687128,0.0331669501554429,8.59970522155391e-06,1.90224591367014e-05,0.000661302054023372,4.46252251850021e-05,4.74634916707295e-05,4.4672089219544e-05,4.88366885990077e-05
2.20137276654153e-05,0.000490977973677809,2.39122441199058e-05,0.00037733783446936,2.6778736710531e-05,1.38891220027859e-06,0.000584207336021265,0.00088166864318357,0.0324092045336672,8.89135545114134e-06,1.89866450598548e-05,0.000655761750129769,4.19649817899881e-05,4.51163012534783e-05,4.22290776751488e-05,4.58102237861358e-05
1.44611087932178e-05,0.000491488068846246,2.38862062045264e-05,0.000377908818366857,2.42427224188269e-05,1.28450443623307e-06,0.000572210433719179,0.000844390288623728,0.0316580391154685,8.85987747181431e-06,1.8788903810657e-05,0.000650021742080398,4.19349112316114e-05,4.54556165475628e-05,4.24283254045754e-05,4.55233236235086e-05
6.89793617070222e-06,0.00049194805602959,2.38622410291267e-05,0.000378393541424771,2.17677770267821e-05,1.18049713615509e-06,0.000560520449857352,0.000807532862604589,0.030913492973223,8.51781822933817e-06,1.84338914095694e-05,0.000644094366104409,4.0433218623237e-05,4.42730633779531e-05,4.11319469398874e-05,4.37133072738183e-05
6.74085219032339e-07,0.000492359145144117,2.38403215699901e-05,0.000378794174458408,1.93525326946525e-05,1.07720009621948e-06,0.000549479818447658,0.000771289613327269,0.0301758994131841,7.88071545564572e-06,1.79232745643951e-05,0.000637927227576607,3.9658832796774e-05,4.3813389641767e-05,4.05510388559183e-05,4.2665733404168e-05
8.25330221776444e-06,0.000492722506299059,2.38204834051015e-05,0.000379113711915346,1.69943875744788e-05,9.68120276931272e-07,0.000539407890800903,0.000735831408927633,0.0294452202527166,6.97464240984197e-06,1.72818445937188e-05,0.000632231036276742,4.16300681714832e-05,4.61328122143279e-05,4.27183048569146e-05,4.44747306863613e-05
1.58381280241926e-05,0.000493039247747018,2.38028804295798e-05,0.000379355738681308,1.46898614918484e-05,8.51579552707538e-07,0.000530595361781266,0.000701283468271672,0.0287206569975376,5.82530954174962e-06,1.65226494883743e-05,0.00062721739182503,4.30085807828773e-05,4.78102097148936e-05,4.42641079150263e-05,4.56739340363166e-05
2.34270525560909e-05,0.000493310400313973,2.37876397610748e-05,0.000379524356394323,1.24346469405623e-05,7.29575804270244e-07,0.000523303163739188,0.000667771060259029,0.0280015301491614,4.45807300874961e-06,1.56486237110343e-05,0.000622727072770335,4.41146362468725e-05,4.91666574506944e-05,4.55101857086415e-05,4.65970077906386e-05
3.10186527548439e-05,0.000493536900690539,2.37748286560091e-05,0.000379624143562962,1.02237005906447e-05,6.07995236670544e-07,0.000517758898450831,0.000635427406715046,0.027287486359362,2.90039994895205e-06,1.46545748260472e-05,0.000618105830954896,4.24151512292692e-05,4.76111262472934e-05,4.39007099372057e-05,4.46326719498735e-05
3.86116021012239e-05,0.000493719577018714,2.37644033842521e-05,0.000379660206525689,8.0511232513486e-06,4.87826369618971e-07,0.000514152037772777,0.000604407493870095,0.0265788857344081,1.186691491072e-06,1.35562698180651e-05,0.000613288825983271,4.21369054820486e-05,4.74560328775908e-05,4.37050715834664e-05,4.4164619218745e-05
4.62046810804084e-05,0.000493859130924035,2.37563860796541e-05,0.000379638098973123,5.91021720071361e-06,3.62869833500645e-07,0.00051262975218335,0.000574815513398822,0.0258755462119199,6.42478061447771e-07,1.23989612755039e-05,0.000609147168021518,4.5050025607174e-05,5.05031797956024e-05,4.67105440491444e-05,4.70181100076239e-05
5.37967833182385e-05,0.00049395612575287,2.37508904323835e-05,0.000379563518458026,3.79398526116626e-06,2.34606913382396e-07,0.000513295577071082,0.000546692284104397,0.0251765284994968,2.54857663943994e-06,1.11988702170204e-05,0.000605515454507433,4.51849744004251e-05,5.06626380524233e-05,4.68813639166177e-05,4.70259666287554e-05
6.13869169585057e-05,0.000494010982993842,2.37479260178919e-05,0.000379442247066208,1.69515662579167e-06,1.07736867607788e-07,0.000516206726868197,0.000520097730866996,0.0244816627217286,4.49388239542577e-06,9.95788678639573e-06,0.000601792964020242,4.44268139876414e-05,4.98564347479746e-05,4.61232014852264e-05,4.61372283703243e-05
6.89742069087673e-05,0.000494023975262547,2.37474525426329e-05,0.000379280164273577,3.93852747485046e-07,1.71118704900275e-08,0.000521374486881235,0.000495086898245272,0.0237911234938154,6.4389574524131e-06,8.69757077762504e-06,0.000597937598606713,4.40153445258051e-05,4.93490391200169e-05,4.56947187499335e-05,4.56375794063435e-05
7.65578956878898e-05,0.000493995222042409,2.37494383619197e-05,0.000379083128294821,2.48073946405858e-06,1.41078403320671e-07,0.000528765410426387,0.000471680500806769,0.0231049613055616,8.34488152587575e-06,7.44852706112409e-06,0.000594167358439646,4.44182966254925e-05,4.96179602388347e-05,4.60703721426592e-05,4.60079532951241e-05
8.41373415270963e-05,0.000493924689549341,2.37538678407034e-05,0.000378856826010021,4.57308735087036e-06,2.6371648699508e-07,0.000538302832584877,0.000449861571974751,0.0224230485567772,1.01736472515482e-05,6.23295914776653e-06,0.000590418003448667,4.40882001877529e-05,4.90910287055391e-05,4.56840340178344e-05,4.56559935149148e-05
9.17120139048433e-05,0.000493812194177545,2.37607186719391e-05,0.000378606690368599,6.67831935107638e-06,3.86708758584597e-07,0.000549868338202687,0.000429587960061704,0.0217452822245635,1.18913808146496e-05,5.08153509056267e-06,0.000587074618363381,4.60549687409939e-05,5.08501415277252e-05,4.76037442225241e-05,4.76858020410642e-05
9.92814873705117e-05,0.000493657406982706,2.37700067189373e-05,0.000378337758938363,8.80345413175471e-06,5.09334042553267e-07,0.000563308065066116,0.000410768236702958,0.0210710759192647,1.34647988719133e-05,4.01232987136749e-06,0.000584027883809624,4.60675951901024e-05,5.05793987888303e-05,4.75271311831671e-05,4.77378023175934e-05
0.000106845432516239,0.00049345986399485,2.37817001187413e-05,0.000378054605162381,1.09550093870675e-05,6.29784648417675e-07,0.000578429298963337,0.00039331316548017,0.0204003479929381,1.48627290023208e-05,3.03533696942304e-06,0.000580956903165897,4.59147845331964e-05,5.01006222065614e-05,4.72689164606743e-05,4.76445856290031e-05
0.000114403606613023,0.000493218976146848,2.37957528517185e-05,0.000377761310655922,1.31389442498756e-05,7.47908688869536e-07,0.000595007252890594,0.00037711694481261,0.0197331372793928,1.60592263896823e-05,2.16968232980702e-06,0.000577860388734253,4.58530767237786e-05,4.96805512099074e-05,4.70946712302078e-05,4.76702710802135e-05
0.000121955843025046,0.000492934042064741,2.38121170745842e-05,0.000377461391516398,1.53605091305492e-05,8.63500893413804e-07,0.000612790588410452,0.000362051082158094,0.0190694922645311,1.703208176677e-05,1.43200328535723e-06,0.00057467811336287,4.55027172014955e-05,4.8940940213793e-05,4.66223672895838e-05,4.74252713739132e-05
0.000129502039313556,0.000492604263145013,2.38307442359531e-05,0.000377157744102963,1.76241722336587e-05,9.7708861526713e-07,0.000631506388655967,0.00034796701125523,0.0184094770004496,1.77649767840965e-05,8.41237196652633e-07,0.000571571493169221,4.60861332309825e-05,4.91248470376737e-05,4.70924268164419e-05,4.81514345693768e-05
0.000137042144271918,0.000492228759996993,2.38515986892285e-05,0.000376852583551579,1.99335184377994e-05,1.08883661974202e-06,0.000650867462920794,0.000334687925927256,0.0177529374747165,1.82452636380925e-05,4.10085526182657e-07,0.000568566143828997,4.62638791850489e-05,4.88832165265185e-05,4.71488264639497e-05,4.8479016927172e-05
0.000144576143848607,0.000491806590968702,2.38746406520107e-05,0.000376547409411288,2.22911878328229e-05,1.19849520498205e-06,0.000670574691530869,0.000322029556522652,0.017099840582592,1.8463708662818e-05,1.43504322525773e-07,0.000565527925050269,4.61353164501466e-05,4.83235875049504e-05,4.68945984525293e-05,4.85058317681863e-05
0.000152104046811041,0.000491336771306194,2.38998278854208e-05,0.000376243004258758,2.46988441275388e-05,1.30607893460144e-06,0.000690322582673797,0.000309803839896249,0.01645027739959,1.84164874201104e-05,4.54671316603428e-08,0.000562378678909403,4.58740920834533e-05,4.76290152288117e-05,4.65096281589972e-05,4.84063432891757e-05
0.000159625870433222,0.000490818292988915,2.3927121622247e-05,0.000375939436654149,2.71571483643901e-05,1.41195325779886e-06,0.00070980611930991,0.000297815931349544,0.0158043500171396,1.81060946960983e-05,1.21720184927815e-07,0.000559218817162366,4.61462028296111e-05,4.74770739584685e-05,4.66715679519059e-05,4.88523660631124e-05
0.000167141626212265,0.000490250144913995,2.39564916786339e-05,0.000375636059944839,2.966574582218e-05,1.51649784116414e-06,0.000728727880675723,0.000285858401191048,0.015161986778514,1.75400238230979e-05,3.7579457600953e-07,0.000556194109936403,4.67847876480798e-05,4.7704659938419e-05,4.72120396632913e-05,4.96683208469628e-05
0.000174651305600966,0.000489631333156604,2.39879140713217e-05,0.000375331518306488,3.22232781849799e-05,1.61997302831896e-06,0.00074680324504383,0.000273713408533234,0.0145228972266053,1.67308944238934e-05,8.11300734662734e-07,0.00055362111704621,4.86198799595217e-05,4.91486243059391e-05,4.89721499519202e-05,5.16868417430594e-05
0.000182154865923104,0.00048896090072803,2.40213684270518e-05,0.000375023758035109,3.48274156518479e-05,1.72242765432429e-06,0.000763765001923568,0.000261156050557498,0.0138865462552247,1.56923849318559e-05,1.41674159405414e-06,0.000551359409629637,4.92158573136559e-05,4.93695724119725e-05,4.94835663691351e-05,5.2438425153456e-05
0.000189652216893651,0.000488237946588144,2.40568340292846e-05,0.000374710086448515,3.74749020315853e-05,1.82384118527223e-06,0.000779363955027992,0.000247986065331197,0.0132526932442662,1.44421015170212e-05,2.17857510041025e-06,0.000549325613491802,5.01528306059429e-05,4.9957276662016e-05,5.03507597412467e-05,5.35183847890641e-05
0.000197143208607076,0.000487461643583709,2.40942911304831e-05,0.000374387244118091,4.01616172738574e-05,1.92437231995302e-06,0.000793375298560046,0.000234014342958493,0.0126210812752397,1.3001869053986e-05,3.08288724617731e-06,0.000547455855408274,5.06271785043477e-05,5.01132427528361e-05,5.07619082467103e-05,5.41134421250256e-05
0.000204627620868147,0.000486631255050662,2.4133722524633e-05,0.000374051474111514,4.28826423204357e-05,2.02396841268715e-06,0.000805602187421373,0.000219069025279005,0.01199151405001,1.13972591379913e-05,4.11773176475089e-06,0.000545858566596391,5.18276302435838e-05,5.10285664742094e-05,5.19220049423064e-05,5.54187843305742e-05
0.000212105153908466,0.000485746149918476,2.41751092939779e-05,0.000373698585503623,4.56323576115136e-05,2.12268771641877e-06,0.000815879755894244,0.000202986367430894,0.0113636224038851,9.6560933422955e-06,5.26684261391297e-06,0.000544570506904263,5.28021562743453e-05,5.17560093935554e-05,5.28652336651003e-05,5.64703779298847e-05
0.000219575420391312,0.000484805815737843,2.42184322025718e-05,0.000373324026569199,4.84045307455015e-05,2.22014558520778e-06,0.000824076712079064,0.00018562156626058,0.01073700321993,7.80805342818323e-06,6.5148590637637e-06,0.0005437742739961,5.47246137906354e-05,5.34653026206255e-05,5.47795563884401e-05,5.84453753046388e-05
0.000227037938939592,0.00048380986988783,2.42636612080016e-05,0.000372922955129473,5.11924371842977e-05,2.31591538742137e-06,0.000830097105291633,0.000166839024532884,0.0101109816509023,5.8838467321917e-06,7.84365060028935e-06,0.000543618046888461,5.6796152018368e-05,5.53617439186249e-05,5.68538430465448e-05,6.05356326992545e-05
0.000234492129027236,0.000482758067999467,2.43107647022178e-05,0.000372490314004104,5.39890009145921e-05,2.41044911515609e-06,0.00083388085524105,0.000146530165559606,0.00948488874849597,3.91454194301654e-06,9.22251101650659e-06,0.000543904613033774,5.78922227907341e-05,5.6331006269561e-05,5.79478097678665e-05,6.16095582133269e-05
0.000241937307776427,0.000481650309562376,2.43597351470282e-05,0.000372020948551932,5.67869395338844e-05,2.50595613641991e-06,0.000835404819641738,0.000124640947278156,0.00885851945955181,1.93210430810514e-06,1.06062939284127e-05,0.000543982193003112,5.66504271800605e-05,5.50287278696659e-05,5.66836345433641e-05,6.03045187008711e-05
0.000249372689678035,0.000480486641419087,2.44105982849518e-05,0.000371509780482837,5.95787810498682e-05,2.60193962761668e-06,0.000834683443566215,0.000101175054812809,0.00823219913761331,3.20782175658396e-08,1.19769114252724e-05,0.000544016192166319,5.74525853167529e-05,5.57910932439398e-05,5.75028083541484e-05,6.1020526490041e-05
0.000256797389152685,0.000479267260494631,2.44633501378377e-05,0.00037095187968994,6.23570506443349e-05,2.69753113296689e-06,0.000831765627113192,7.6132139351872e-05,0.00760574139952989,1.94781186273334e-06,1.33219377343903e-05,0.000544278771779871,5.83078343963095e-05,5.66469906772005e-05,5.83847860013975e-05,6.17578799498864e-05
0.000264210423778721,0.00047799251195968,2.45179755073988e-05,0.00037034250633261,6.51143925076078e-05,2.7914318411898e-06,0.000826733717945008,4.95285362201632e-05,0.00697878403691535,3.78671854621198e-06,1.46254897296777e-05,0.000545053460661249,6.05033218236128e-05,5.88619273061974e-05,6.0627274867775e-05,6.37998491809233e-05
0.000271610718674792,0.000476662885782742,2.45744340601206e-05,0.000369677157719295,6.78437352375008e-05,2.88374265342006e-06,0.000819700606483664,2.13928862363431e-05,0.0063506588554333,5.52149208970278e-06,1.58605912652585e-05,0.000546312420778683,6.17688086455015e-05,6.01962176249859e-05,6.19276980380334e-05,6.48738256751047e-05
0.000278997111897411,0.000475279009216956,2.4632713827577e-05,0.000368951652518934,7.05384314933777e-05,2.97677314697875e-06,0.000810810529312969,8.19564533558269e-06,0.00572102969274325,7.12539956386479e-06,1.69864099760116e-05,0.000547613935260982,6.15800257016685e-05,6.01339787077437e-05,6.17553702267903e-05,6.4461688637496e-05
0.000286368362331951,0.000473841637881112,2.46928441405281e-05,0.000368162280687701,7.31922878008384e-05,3.07140103199266e-06,0.000800236873615604,3.91039328797678e-05,0.00508999095045615,8.57577531959608e-06,1.79767639484039e-05,0.000548814069700587,6.16149404937261e-05,6.03209310742203e-05,6.18127678019276e-05,6.42482635275776e-05
0.000293723160152276,0.000472351645708802,2.47548619001225e-05,0.000367305885253022,7.5799709383359e-05,3.16858264173825e-06,0.000788175813095506,7.11739143847163e-05,0.00445768219375407,9.85359475242704e-06,1.88114596583709e-05,0.00054978653662624,6.09554126440592e-05,5.98522711822147e-05,6.11699552999223e-05,6.33227003157266e-05
0.00030106013850914,0.000470810012238143,2.48188054612353e-05,0.000366379939942041,7.8355690448853e-05,3.26537166278618e-06,0.000774841708638569,0.000104229285305655,0.00382424054688334,1.0946062162932e-05,1.94921190367868e-05,0.000550989955322545,6.28307480208257e-05,6.18859413344941e-05,6.30945311496101e-05,6.49038431661531e-05
0.000308377886062083,0.000469217809630496,2.48846568380312e-05,0.000365382492148791,8.0856087156092e-05,3.3632094324082e-06,0.000760458992087736,0.000138107788972202,0.00318929741805903,1.18408058518096e-05,1.99995669996136e-05,0.0005522282955161,6.23175997827019e-05,6.1598423816811e-05,6.25960876129428e-05,6.40885768117272e-05
0.000315674958345669,0.000467576183578733,2.49524785009836e-05,0.000364312219364948,8.3297621048764e-05,3.46544532507653e-06,0.000745267812802383,0.000172590884729016,0.00255313939734371,1.2527100831094e-05,2.03047980354178e-05,0.000553042329939024,6.12618177455726e-05,6.0792340555893e-05,6.15444497048534e-05,6.27223729405824e-05
0.000322949891940427,0.000465886337851162,2.50223503450719e-05,0.000363168557042659,8.5677762951028e-05,3.57016710188229e-06,0.000729515016687651,0.000207440468739926,0.00191617363665126,1.300269552017e-05,2.04117726927203e-05,0.000553701775477644,6.16722008394133e-05,6.14228498223568e-05,6.19764320999305e-05,6.28094068166885e-05
0.000330201219351789,0.000464149518083157,2.50943011679272e-05,0.000361951640889702,8.79949012554254e-05,3.6759567418887e-06,0.00071344435263783,0.0002424377015451,0.00127840982532525,1.32690515040593e-05,2.03259348056407e-05,0.000554394339172593,6.21598831614945e-05,6.21285937403293e-05,6.24826625842401e-05,6.29708378058202e-05
0.000337427482549224,0.000462366993289942,2.51683215881648e-05,0.000360662292516634,9.02482508831487e-05,3.7780758021938e-06,0.000697293735469475,0.000277376342507457,0.000639596552680551,1.33319240014899e-05,2.00647658801061e-05,0.000555676330011079,6.51179838840887e-05,6.5237119426409e-05,6.54835631830331e-05,6.55784025552775e-05
0.000344627245907336,0.000460540039014412,2.52443151118609e-05,0.000359301886304619,9.24380390941448e-05,3.87652441855013e-06,0.0006812891318656,0.000312082747003633,1.09606758944124e-06,1.31975873595938e-05,1.96279724176997e-05,0.00055752875967352,6.6624959698891e-05,6.69235892164499e-05,6.70052873597005e-05,6.67473920060724e-05
0.000351799106628914,0.00045866991660648,2.53222189172675e-05,0.000357872366235745,9.45653542359925e-05,3.97055224271581e-06,0.000665648649898503,0.000346366590096027,0.000644241874315462,1.28748253744827e-05,1.90179067763446e-05,0.000560004990162788,6.93230210963014e-05,6.97563085011454e-05,6.97250090357926e-05,6.90990553666726e-05
0.000358941706279037,0.000456757856919898,2.54019591010568e-05,0.000356376177025441,9.66322721703827e-05,4.06465287899893e-06,0.000650576185670614,0.000380044292150902,0.00129046679139705,1.2374739130135e-05,1.82262335085143e-05,0.000562606721290271,6.89539708208509e-05,6.95890467723448e-05,6.93337612500677e-05,6.84341640163622e-05
0.000366053740541439,0.000454805040223771,2.54835813333631e-05,0.000354816341888609,9.86416290606751e-05,4.16057308734452e-06,0.000636263792082096,0.000412898222479131,0.00193964329049947,1.17126180140483e-05,1.72590080391201e-05,0.000565135283129126,6.95406959636546e-05,7.03286348998633e-05,6.99098236499607e-05,6.87366615421681e-05
0.000373133971318773,0.000452812583058182,2.5567130135018e-05,0.000353196403871991,0.00010059706847626,4.2612427740979e-06,0.000622881324875994,0.000444729766537314,0.00259164662629878,1.09081268321454e-05,1.61284153612912e-05,0.00056728983358989,6.82594882390752e-05,6.92268986079991e-05,6.85962273020424e-05,6.72285160735475e-05
0.000380181236487032,0.000450781522591148,2.56526812467683e-05,0.000351520467776756,0.000102502715474961,4.36056617365843e-06,0.000610574645595618,0.000475352857287493,0.00324615182498431,9.98409898035582e-06,1.48742990620961e-05,0.000569653711479323,7.06161095886948e-05,7.16268825150523e-05,7.09660612440155e-05,6.9332749621509e-05
0.000387194459936957,0.000448712807762153,2.57401685479497e-05,0.000349792918405423,0.000104363457448214,4.45893447394152e-06,0.000599456897807092,0.00050465165719924,0.00390361334283425,8.96458811199215e-06,1.35193666974051e-05,0.00057217002370602,7.07081303327195e-05,7.17974056461124e-05,7.10398962628922e-05,6.92376558011354e-05
0.000394172655323377,0.00044660728342738,2.58295819333121e-05,0.000348018422279828,0.00010618460233433,4.55352113180874e-06,0.000589615175730187,0.000532515083041873,0.00456414389544964,7.87324051175948e-06,1.20897906084952e-05,0.000575077245420497,7.32316802224409e-05,7.42946063143624e-05,7.35710712244098e-05,7.15599759874008e-05
0.00040111493152778,0.000444465684350637,2.59208462431992e-05,0.000346201728287143,0.000107972038152826,4.64904026679924e-06,0.000581105898039644,0.000558874722472157,0.00522818794433011,6.73548305599917e-06,1.05971040108219e-05,0.000577931154649158,7.23942666669419e-05,7.35003571583626e-05,7.26981410520411e-05,7.06166233878092e-05
0.000408020493352756,0.000442288623935361,2.60140019139321e-05,0.000344347784569821,0.000109731756698678,4.74252303278577e-06,0.000573959548202624,0.000583654692231793,0.00589556418941125,5.57582484568695e-06,9.07135326775124e-06,0.000580982944642594,7.45752358265461e-05,7.55985057114827e-05,7.48815452148444e-05,7.26687402892168e-05
0.000414888645826117,0.000440076595409011,2.61089623474486e-05,0.00034246154587092,0.000111469971236261,4.8327861515568e-06,0.000568174225516071,0.000606843296971265,0.00656672938368799,4.41967134207399e-06,7.54368624603097e-06,0.000584324620948484,7.54688395779857e-05,7.64158663431047e-05,7.57640755995048e-05,7.34963056744364e-05
0.000421718791367265,0.000437829964782144,2.62057073738831e-05,0.000340547828590831,0.000113193081633767,4.92397973070324e-06,0.000563720635781656,0.00062844139420047,0.00724178882173849,3.29247245477542e-06,6.02996609840381e-06,0.000587584011629172,7.55158307605974e-05,7.63815537541124e-05,7.57921498282244e-05,7.35322863345544e-05
0.000428510428107043,0.000435548971543631,2.63042541681635e-05,0.000338611394897215,0.000114907288713939,5.01433991872968e-06,0.00056054262294125,0.000648469686033887,0.00792065155496554,2.21746347100328e-06,4.56031179003544e-06,0.000590902461846787,7.66300976450252e-05,7.73497885309116e-05,7.69051204857485e-05,7.46490683252166e-05
0.000435263148564125,0.000433233734743466,2.64044991382661e-05,0.000336656919858069,0.000116618384148642,5.0922169407136e-06,0.000558556077575567,0.000667008509583338,0.00860379297614471,1.21330856747073e-06,3.18316469808191e-06,0.000595234215483853,8.15660569364329e-05,8.19874738707815e-05,8.18866033373e-05,7.95287409980361e-05
0.000441976634584229,0.000430884258721287,2.65061708759617e-05,0.000334688505722713,0.000118332274724714,5.16273527285949e-06,0.000557650511440141,0.00068420561462468,0.00929246856419984,3.0215140033952e-07,1.91112183818565e-06,0.000600144831260641,8.21583124676062e-05,8.23970083037029e-05,8.24746273755395e-05,8.01991395273927e-05
0.000448650644552573,0.000428500430794565,2.66092108289762e-05,0.000332709868322345,0.000120054446027834,5.22980078204727e-06,0.000557696817479845,0.000700182466218323,0.00998692567030874,4.96525325522211e-07,7.54581304274193e-07,0.000605317319627929,8.40070988521457e-05,8.40004747286738e-05,8.43367289377062e-05,8.21244754362072e-05
0.000455285008195361,0.000426082035223985,2.67135565925614e-05,0.000330724304476671,0.00012178990535644,5.2975883895745e-06,0.000558547049935674,0.000715085767166824,0.0106874378979984,1.16520145542307e-06,2.71081150384628e-07,0.000610426370440842,8.34977608585863e-05,8.33050799685653e-05,8.38234046166564e-05,8.17850942614884e-05
0.000461879616687089,0.000423628761561767,2.68192351546848e-05,0.000328734775616568,0.000123542901520557,5.36242332097037e-06,0.00056003855209426,0.000729068183168507,0.0113938720417713,1.69202597876409e-06,1.14043828043642e-06,0.000615757921967608,8.57651667386383e-05,8.52768192873832e-05,8.6125582583918e-05,8.41744693304003e-05
0.000468434416019514,0.000421140221639416,2.69261636653972e-05,0.000326743643186189,0.000125317188163637,5.4272383056414e-06,0.000561995068691636,0.000742328457724299,0.0121065832493858,2.06523037451053e-06,1.83998493906434e-06,0.000621076499717987,8.52294978738177e-05,8.4527212724006e-05,8.56016882665456e-05,8.38593088786643e-05
0.000474949392898827,0.000418615957467394,2.7034395908565e-05,0.000324752747454249,0.000127115772518671,5.49384238408834e-06,0.000564232767239373,0.000755054998560774,0.0128253098863782,2.27626928649065e-06,2.36075481704207e-06,0.000626236896391741,8.57577822662714e-05,8.47962942576164e-05,8.61588162508475e-05,8.45946311676116e-05
0.000481424566494471,0.000416055460291331,2.71439488372938e-05,0.000322763414847937,0.000128940837114039,5.56187179445722e-06,0.000566561957680328,0.000767457521290564,0.013549946740305,2.32073109654471e-06,2.69197203849048e-06,0.000631260819610957,8.57581664271967e-05,8.45504634016114e-05,8.61885177749766e-05,8.4828931626979e-05
0.000487859977447491,0.000413458186588112,2.72547971027493e-05,0.000320776557346303,0.000130793528569734,5.62136192763796e-06,0.000568790639108454,0.00077976396648947,0.0142805605065327,2.20092478074692e-06,2.81466385960299e-06,0.00063688940300588,8.95334876206411e-05,8.79460949180233e-05,9.00341313506692e-05,8.87321213950409e-05
0.000494255678714306,0.000410823578319119,2.73667125290089e-05,0.000318792321894024,0.000132674393639176,5.67249653886381e-06,0.000570725845916708,0.000792246567392136,0.015018081847523,1.91800720367656e-06,2.72820197283127e-06,0.000643102659916905,9.09104522297532e-05,8.90313026618017e-05,9.14565961859237e-05,9.0306814789054e-05
0.000500611717701882,0.000408151071509266,2.74796197263782e-05,0.000316810122550137,0.000134583320287096,5.72356793107631e-06,0.000572181261301503,0.000805147128627625,0.0157627914360817,1.47265330174457e-06,2.44848270331346e-06,0.000649297586837461,9.10119746837523e-05,8.88957863642847e-05,9.15909994110287e-05,9.06417009992611e-05
0.000506928126014161,0.000405440114821798,2.75935237450398e-05,0.000314829008686845,0.000136519113479838,5.77232046373999e-06,0.000572979617426153,0.000818688536963383,0.0165146472557077,8.72702886154698e-07,1.97731199288662e-06,0.000655655227243257,9.26904304076048e-05,9.02926218547817e-05,9.33208140102559e-05,9.25005712099081e-05
0.000513204911977483,0.000402690190200006,2.77083343505069e-05,0.000312847536041327,0.000138479740129899,5.81562365024879e-06,0.000572953586703142,0.000833107094322295,0.0172740189480232,1.29110277888757e-07,1.31739188930641e-06,0.00066240883274099,9.44963892480777e-05,9.18271826821915e-05,9.51804581116322e-05,9.44718331490346e-05
0.000519442049377927,0.000399900827231625,2.78239393762814e-05,0.000310863723989918,0.000140462442593581,5.85298335327444e-06,0.00057194973768236,0.000848633936981044,0.0180413721154967,7.46024156244975e-07,4.80075071061098e-07,0.000669599226999107,9.64650433247227e-05,9.35366792080838e-05,9.72020068060742e-05,9.65839380125955e-05
0.000525639467192529,0.000397071617342259,2.79402513649885e-05,0.000308875035846645,0.000142463862402575,5.88994549226285e-06,0.000569831710265433,0.000865481280474701,0.0188170799966782,1.74023656355839e-06,5.11967673533231e-07,0.000676837650289641,9.64239323847371e-05,9.33328335327444e-05,9.71918501043723e-05,9.67288472952799e-05
0.000531797039185822,0.000394202225233342,2.80573271518314e-05,0.000306878572119862,0.00014447995277625,5.93144556491898e-06,0.000566485090201367,0.000883816827705677,0.0196009361481243,2.83884598427687e-06,1.63459385948972e-06,0.000683782612444062,9.6047839475033e-05,9.28302287028782e-05,9.68412047672729e-05,9.65266151151667e-05
0.000537914579614496,0.000391292404512744,2.8175239728867e-05,0.00030487130156831,0.000146505874672631,5.9737579510416e-06,0.000561816645069408,0.000903785602606179,0.0203926768894351,4.02341804964331e-06,2.87379919642824e-06,0.000690701376468761,9.71134340378432e-05,9.37385450370254e-05,9.79418799692544e-05,9.76935400532897e-05
0.000543991839960234,0.000388342011227949,2.82939715396946e-05,0.000302849917043768,0.000148536319707238,6.01524757370964e-06,0.000555753114024705,0.000925526949538349,0.0211924037003552,5.27498876663432e-06,4.20980423883333e-06,0.000697702014181734,9.78130406336097e-05,9.43197290970144e-05,9.86659687697289e-05,9.84735476452503e-05
0.000550028502664057,0.000385351010863899,2.84135241672701e-05,0.000300810866031176,0.000150565629306543,6.05770843147002e-06,0.000548244866073505,0.000949149739692121,0.0220001332850559,6.57467807504896e-06,5.61463199869744e-06,0.000704653606545147,9.81657079540676e-05,9.45937395538943e-05,9.90301957901618e-05,9.88824857214299e-05
0.000556024179099612,0.0003823194867969,2.85338763557075e-05,0.000298750677676041,0.000152587610011357,6.09342026589021e-06,0.000539264787169037,0.000974737470921778,0.022815973239921,7.90205745234176e-06,7.07178085019786e-06,0.000712100823022588,0.000101350599004624,9.76167150588125e-05,0.000102240562444456,0.000101997841776114
0.000561978410363206,0.000379247648385372,2.86548670418441e-05,0.000296665610075464,0.000154596089892933,6.12598494179051e-06,0.00052880443918503,0.00100236932114101,0.0236405966745416,9.23805142397758e-06,8.54893313220403e-06,0.000719791489958599,0.000101495289569264,9.77463013234203e-05,0.000102371273181245,0.000102131993315657
0.000567890660598591,0.000376135827297008,2.87765212516611e-05,0.000294551914868268,0.000156584822895045,6.16094227538777e-06,0.000516884587772367,0.00103205740967453,0.0244739374080375,1.05639760896348e-05,1.000976284685e-05,0.000727350559963535,0.0001018352353368,9.80913709154319e-05,0.000102687157204739,0.000102419951423793
0.000573760321585737,0.000372984481813443,2.88989045753585e-05,0.000292406021062175,0.000158547519598984,6.20170667295361e-06,0.00050354953270111,0.00106377530142777,0.0253157799947236,1.18614698651071e-05,1.14239139437575e-05,0.000734544461701681,0.000100940457706367,9.72758398058993e-05,0.00010174781695127,0.000101478246326114
0.000579586716498603,0.000369794195794193,2.90221145307079e-05,0.00029022477311258,0.000160477801627867,6.24209878677395e-06,0.000488865662116511,0.00109746124782999,0.0261657811666457,1.31128661886045e-05,1.27746387742732e-05,0.000741799330166493,0.000102738636922117,9.90683240756907e-05,0.000103513286480283,0.000103109136365687
0.000585369108248801,0.000366565678966424,2.91461112533753e-05,0.000288005109707168,0.000162369678156304,6.28399935109769e-06,0.000472913295416343,0.00113305039988736,0.027024134625996,1.43021353274939e-05,1.4034650912622e-05,0.000748968520538407,0.000102301043712338,9.87351035279804e-05,0.000103010521127489,0.000102539479565067
0.000591106700724042,0.000363299756994007,2.92709342366582e-05,0.000285744421232637,0.000164217341997397,6.32303849351645e-06,0.000455793532557511,0.00117043285767293,0.0278907053155325,1.5414641595644e-05,1.51842864841087e-05,0.000756350869482836,0.000104549153298716,0.000100998999746693,0.000105202000753035,0.000104537029405161
0.000596798650262298,0.000359997368763021,2.93964869793051e-05,0.000283440353840203,0.000166015503568206,6.35999194920078e-06,0.000437616992588969,0.00120949642821434,0.028765893723169,1.64376952327872e-05,1.62001473597642e-05,0.000763884725598463,0.00010493682904078,0.000101494568497396,0.000105503780813421,0.000104702890893371
0.000602444068555474,0.000356659552569139,2.95227626259109e-05,0.000281090972573783,0.000167759365915177,6.39538524950523e-06,0.000418511175816011,0.00125008582713949,0.0296497405217371,1.73603225074869e-05,1.70601396074777e-05,0.000771535416664748,0.000106260533996871,0.000102903493633733,0.00010673682166995,0.000105749063065486
0.000608042034863532,0.000353287438578875,2.96496869642837e-05,0.000278694910560207,0.000169444612229119,6.42488052608747e-06,0.000398610912990154,0.00129203596092422,0.0305425561997328,1.81739900028605e-05,1.77532149914957e-05,0.000779603861385536,0.000108373727853328,0.000105081911273674,0.000108754723470272,0.000107537667769164
0.000613591605038155,0.000349882236183707,2.97771360704413e-05,0.000276251160506669,0.000171067678953696,6.4494322933456e-06,0.000378056437988806,0.00133517236246617,0.0314448488978386,1.88721332552549e-05,1.82634944634018e-05,0.000788024502752782,0.000109714294793672,0.000106528631712677,0.000109983212723708,0.000108560285628112
0.000619091818965911,0.000346445218411096,2.99050396557199e-05,0.000273759183566535,0.000172625734166043,6.47142184156957e-06,0.000356995511983903,0.00137929440661205,0.0323569181725008,1.94502908964504e-05,1.85760890431645e-05,0.000796637985347515,0.000110746903230208,0.000107686426160991,0.000110892891438286,0.000109272095662805
0.000624541711940596,0.000342977708302272,3.00333334104508e-05,0.000271219088129215,0.0001741165925081,6.48793905391742e-06,0.000335578369605119,0.00142418861557595,0.033279045691708,1.99066143002875e-05,1.86874375086611e-05,0.00080564922912485,0.000112848951965727,0.000109872976126302,0.000112874075350988,0.000111010702384395
0.000629940326468792,0.000339481064638214,3.01619033358236e-05,0.000268631388603002,0.00017553895268968,6.50107438900094e-06,0.000313952289789681,0.00146964366869729,0.0342117106139108,2.02415335718269e-05,1.85911757044389e-05,0.000814911202747681,0.000113577485895022,0.000110740957079525,0.000113466110952198,0.000111416269426678
0.000635286719567141,0.000335956663386372,3.02907189038137e-05,0.00026599711751929,0.000176892318905386,6.51302662378617e-06,0.000292265240103669,0.001515428813373,0.0351550595905672,2.04575475475144e-05,1.8283555915391e-05,0.000824270941608418,0.00011437395580205,0.000111669951167626,0.000114123751313255,0.000111888264721305
0.000640579976402544,0.000332405884210907,3.04196971216975e-05,0.00026331810360769,0.000178176776626238,6.51431444499695e-06,0.000270656943693406,0.00156132314896151,0.036109443353299,2.05594510804421e-05,1.77791736388974e-05,0.000834379100132177,0.00011816967801459,0.000115469654883626,0.000117801312105481,0.000115264833263184
0.000645819222240718,0.000328830096092747,3.05486170188995e-05,0.000260596237248167,0.00017939353308255,6.51225598087557e-06,0.000249252640179595,0.0016071353599875,0.0370757497039217,2.05541161073798e-05,1.70755850727004e-05,0.000844719646061975,0.000117498649504943,0.000114973420409448,0.000116979393175232,0.000114330944444019
0.000651003621283563,0.000325230633384521,3.0677542607993e-05,0.000257833829584775,0.000180544596331045,6.51547101164496e-06,0.00022818067046905,0.00165262922417124,0.0380537339697426,2.04498423317309e-05,1.61711234411242e-05,0.000854698639362494,0.000116797825256421,0.000114435947830449,0.000116131621719529,0.000113383181237436
0.000656132392520492,0.000321608785789018,3.08065478238362e-05,0.000255033971871987,0.000181632476139393,6.51929938765006e-06,0.000207557545685277,0.00169757902004453,0.0390431056573188,2.02569294516791e-05,1.50859484757092e-05,0.000864622874214793,0.00011738579578402,0.000115117528113884,0.000116589145810919,0.000113698880401691
0.000661204821155614,0.000317965785870622,3.093560163836e-05,0.000252200118292856,0.000182660415088465,6.52048659044446e-06,0.000187480978009811,0.0017417945807003,0.04004396099334,1.99870917285791e-05,1.38405842183692e-05,0.000874686517587431,0.000118037232909041,0.000115839920798555,0.000117118001091265,0.000114094487363436
0.000666220262780071,0.000314302793268939,3.10646916041879e-05,0.000249335801615902,0.000183632483172547,6.52580665312652e-06,0.000168034436370781,0.00178510072830954,0.041056287247038,1.96535730592971e-05,1.24463894129179e-05,0.000884392840725445,0.000116299622542337,0.000114247657630018,0.000115251443338127,0.000112205116816311
0.000671178147965357,0.000310620881352919,3.11938894439479e-05,0.000246445221483538,0.00018455304898829,6.52751511397154e-06,0.000149289243434896,0.00182732775907086,0.0420797084578171,1.92687581427787e-05,1.09304172485405e-05,0.000894252867986889,0.000118237614559424,0.000116162313208101,0.000117095162539105,0.000113888136158646
0.000676077994237412,0.000306921031465568,3.1323090291524e-05,0.000243532475251884,0.000185427210964206,6.53058789337746e-06,0.000131292914654934,0.00186835946772387,0.0431145128123274,1.88472989208955e-05,9.31213967956049e-06,0.000903889940242819,0.000116125529679767,0.000114164814530082,0.000114878167969179,0.000111690669836073
0.000680919401009561,0.000303204117463984,3.14523593860638e-05,0.000240602079445207,0.000186260296879126,6.53049336278577e-06,0.000114083656707793,0.0019080766112102,0.044160284204961,1.84021069812301e-05,7.61817360646691e-06,0.000913595058487759,0.000117671919926843,0.000115657969549599,0.000116356626568281,0.000113050764938949
0.000685702062438009,0.000299470905600119,3.15815487523796e-05,0.000237658621655479,0.000187057973721261,6.52398496274464e-06,9.76749836037322e-05,0.00194642204876872,0.0452174177082413,1.7946471487304e-05,5.87756241071311e-06,0.000923562430397817,0.000117774947161586,0.000115742235769711,0.000116401259286469,0.000113049865852033
0.000690425763895108,0.000295722045781543,3.17104817213476e-05,0.000234706978826327,0.000187825950192677,6.49816382160273e-06,8.20640016327564e-05,0.00198337150363504,0.0462863913361282,1.74909131482348e-05,4.12355919313101e-06,0.000934658507260044,0.000123175699608957,0.000120894218203382,0.000121788519412025,0.000118183302692199
0.000695090385830266,0.000291958071093723,3.18387985329682e-05,0.000231751052472862,0.000188570660410392,6.47408598135335e-06,6.72264383938014e-05,0.00201895865186006,0.0473683858288868,1.70520914354495e-05,2.37039867356098e-06,0.000945434196200579,0.000117559149147572,0.000115447068390062,0.000116124514603966,0.000112742458685533
0.000699695878694451,0.000288179380909415,3.19668219530556e-05,0.000228794809861488,0.000189298450736508,6.46691883446349e-06,5.31500667805165e-05,0.00205314438650611,0.0484619111748143,1.66444859539848e-05,6.36629765720514e-07,0.000954861202957014,0.000114073768577083,0.000112027096232148,0.000112628139371074,0.000109390364501527
0.000704242282083767,0.000284386255307356,3.20947802652238e-05,0.000225842807820342,0.000190015141012412,6.4660703597702e-06,3.98066782097219e-05,0.00208593694964321,0.0495658294614171,1.6276505582121e-05,1.04131348501249e-06,0.000963622654757856,0.000112171099201808,0.000110103113624471,0.000110746952392882,0.000107590013284531
0.000708729724372192,0.000280578859092828,3.22227110469697e-05,0.000222899378760189,0.000190726405115027,6.46214140680168e-06,2.71508017339158e-05,0.00211740300611383,0.0506796818015226,1.59554735115264e-05,2.63365497838938e-06,0.000972292733088187,0.000111890771103185,0.000109714150946516,0.00011051470468193,0.000107370578356414
0.000713158416728144,0.000276757245288084,3.23505099901755e-05,0.000219968380663405,0.000191437781132731,6.4531402817064e-06,1.51236032243957e-05,0.00214765416609457,0.051803489515534,1.56890152904078e-05,4.11831582294506e-06,0.000980952522363743,0.000110922806201397,0.000108646053533556,0.000109609998517501,0.0001065095450975
0.00071752864382435,0.000272921359158129,3.24780527021229e-05,0.000217053446734061,0.000192154404030642,6.43382744554277e-06,3.65906410304369e-06,0.00217682664369086,0.052937299351193,1.54822096040577e-05,5.47455703069771e-06,0.000989917269696661,0.000111697519489917,0.000109235715952227,0.000110472568036979,0.000107340943388934
0.000721840758342696,0.00026907104670415,3.26051490537882e-05,0.000214157472649135,0.000192881211160734,6.41215757077318e-06,7.31550015052925e-06,0.00220508687774116,0.0540813766005502,1.53418433254127e-05,6.68578549700705e-06,0.000998635921368285,0.000108607749800371,0.000106104913881855,0.000107477330775319,0.000104482689158192
0.000726095163565921,0.000265206057980527,3.27318876294225e-05,0.000211282874026775,0.000193622696788409,6.39913567419825e-06,1.78659692474479e-05,0.0022325853181026,0.0552349077316605,1.52736813354936e-05,7.73709407836387e-06,0.00100636881597854,0.00010429246529875,0.00010178879648759,0.000103273409417182,0.000100466170567026
0.000730292311149405,0.000261326061018141,3.28584344311267e-05,0.000208432076348464,0.000194382557971218,6.3913004334365e-06,2.80558097183726e-05,0.00225948098063504,0.0563967643122204,1.52775367817822e-05,8.6126439192459e-06,0.00101331394384985,0.000101273135620805,9.8705396157972e-05,0.000100387066637286,9.7700183099958e-05
0.000734432699817766,0.000257430657434998,3.29847891977764e-05,0.000205607324585466,0.000195163752947036,6.37663484345796e-06,3.79512185218364e-05,0.00228596708149691,0.0575663905110385,1.53492397940132e-05,9.30056913401797e-06,0.00102019868205844,0.000100575020054339,9.78369880637597e-05,9.98406848821132e-05,9.71564602595398e-05
0.000738516865852246,0.000253519394377344,3.31108065358965e-05,0.0002028099003476,0.000195968889862341,6.36026432150605e-06,4.7618209787554e-05,0.00231226221595,0.0587437091911651,1.54879053178664e-05,9.79567116968227e-06,0.00102664926007501,9.67727307700228e-05,9.39873619240084e-05,9.61924583331442e-05,9.36379716656166e-05
0.000742545364205371,0.000249591772080171,3.32365212849517e-05,0.000200040684114888,0.000196799887181243,6.34515188935314e-06,5.71109411428855e-05,0.00233856710593708,0.0599279384939925,1.56906637173209e-05,1.00955176225142e-05,0.00103244360893762,9.34635038090104e-05,9.06057982629216e-05,9.30468313916633e-05,9.05840757917664e-05
0.000746518765938342,0.000245647260721737,3.33619237211646e-05,0.000197300284472235,0.000197657899341508,6.32802802809362e-06,6.64769564238784e-05,0.00236508819621785,0.0611184175982699,1.59512331175859e-05,1.02001086275932e-05,0.00103774935038814,9.035381932887e-05,8.74116782880741e-05,9.01067559306856e-05,8.77074665623923e-05
0.000750437650407942,0.000241685314304574,3.348691783156e-05,0.000194588983974953,0.00019854336105074,6.30154991981824e-06,7.57565054255874e-05,0.00239203786625229,0.062314741601168,1.62611526976381e-05,1.01134747182794e-05,0.00104296727909148,8.86530305039823e-05,8.55609742564933e-05,8.85799650092167e-05,8.61553601191334e-05
0.000754302596982059,0.000237705383919651,3.36113009871131e-05,0.000191906340676506,0.000199456215525473,6.2677480632406e-06,8.49817033250059e-05,0.00241963207883611,0.0635168225368903,1.66133271630157e-05,9.84302925562466e-06,0.00104792978614698,8.52058121380006e-05,8.20398923390142e-05,8.53031385219527e-05,8.29143233473939e-05
0.000758114171272251,0.000233706927595168,3.37349336101411e-05,0.000189251655949019,0.000200395715337531,6.2233516538307e-06,9.41705250352652e-05,0.00244806820932925,0.064724299805037,1.69986982477704e-05,9.39906988395994e-06,0.00105277552160243,8.30824094091298e-05,7.97794130023011e-05,8.33486010457518e-05,8.09046600729335e-05
0.00076187292040264,0.000229689423866253,3.38576272533864e-05,0.000186623473847791,0.000201360716115151,6.17679858477826e-06,0.000103329206331995,0.00247753388066735,0.0659369234365032,1.74098718438109e-05,8.79401311188778e-06,0.0010569795755252,7.75281862968047e-05,7.42485627087675e-05,7.79527977777805e-05,7.55999939731078e-05
0.000765579357173474,0.000225652378799901,3.39794110413294e-05,0.000184020181990097,0.000202349443714889,6.12985822597001e-06,0.000112444041201609,0.00250817624413279,0.0671536796429697,1.78374902069855e-05,8.04358828144537e-06,0.00106038771469541,7.28883886098597e-05,6.95856785158933e-05,7.34624911212789e-05,7.11242466142625e-05
0.000769233961874116,0.000221595340251013,3.41002513370992e-05,0.00018143990039865,0.000203359623130728,6.08245539748808e-06,0.000121488899382853,0.00254012580986719,0.0683736922108319,1.82711520430495e-05,7.16724756896249e-06,0.00106294905776738,6.71873364211928e-05,6.39105803322826e-05,6.78953282529093e-05,6.55959367796832e-05
0.000772837173747654,0.000217517905435449,3.42201310687962e-05,0.000178880576453377,0.000204388529919997,6.03108774696604e-06,0.000130422835577649,0.00257348397591918,0.069595956894249,1.86999996171195e-05,6.18795717612954e-06,0.00106476889048668,6.22495940580947e-05,5.89515806457275e-05,6.30735636487634e-05,6.07357416015919e-05
0.000776389388948528,0.000213419729570452,3.43389507320158e-05,0.000176339790169677,0.000205433180716641,5.97644813397913e-06,0.000139193096251673,0.00260832843045361,0.0708196255408615,1.91141862368826e-05,5.13064934768923e-06,0.00106573561913637,5.60622141709821e-05,5.28009394240581e-05,5.69797355274293e-05,5.46382256141342e-05
0.000779890951795315,0.00020930052932866,3.44566722934037e-05,0.000173814918654536,0.000206490368831691,5.91983171754906e-06,0.000147732122316998,0.00264469785261905,0.0720435812752298,1.95044981317968e-05,4.02141109226949e-06,0.00106569963905268,4.95841253401741e-05,4.63640478123306e-05,5.05715836093268e-05,4.82057536295155e-05
0.000783342152700817,0.000205160087091261,3.45732846183111e-05,0.000171303089644359,0.000207556794357133,5.86616643691307e-06,0.000155959512922243,0.00268259376051743,0.073266544064039,1.98627018948354e-05,2.88686349324621e-06,0.00106436201696847,4.15778544062828e-05,3.84775860516884e-05,4.26090840246474e-05,4.02773198482365e-05
0.000786743224233222,0.000200998252091078,3.46888605369244e-05,0.000168801573783461,0.000208629014501083,5.8135447674329e-06,0.00016378192821507,0.00272197489211443,0.0744869253531475,2.01801956831767e-05,1.75486565458412e-06,0.00106171635904462,3.40336645484607e-05,3.10066110293938e-05,3.50818707035572e-05,3.27132145209186e-05
0.000790094345388015,0.000196814942665879,3.48033929666869e-05,0.000166307577188773,0.000209703651153192,5.76126241441655e-06,0.000171098020163259,0.00276276883908098,0.075703234789286,2.04493439670867e-05,6.53580300030016e-07,0.00105771033424629,2.56578389132844e-05,2.27388708358145e-05,2.66943062350311e-05,2.43054254878139e-05
0.000793395637962435,0.000192610142797145,3.49169063738053e-05,0.000163818272177985,0.000210777496932157,5.71041035160591e-06,0.000177797691277539,0.002804863731532,0.0769138123710452,2.06638839928601e-05,3.89583405792371e-07,0.00105221302533776,1.68107337619183e-05,1.40086267016448e-05,1.78067437225371e-05,1.53898400477859e-05
0.000796647170088205,0.0001883838992221,3.50293792865664e-05,0.000161331192907788,0.000211847475490523,5.65335370751596e-06,0.000183765139287409,0.00284811353322428,0.0781169762467574,2.08175169300828e-05,1.3474211839181e-06,0.00104536835373081,8.51295513304429e-06,5.74453068058478e-06,9.44033183014614e-06,6.89494233907517e-06
0.00079984896009222,0.000184136316357442,3.5140685620938e-05,0.000158843565524092,0.000212911011878092,5.59527106441804e-06,0.000188881436693037,0.00289234264110205,0.0793111238984754,2.09068048480329e-05,2.1961542924151e-06,0.00103692665103594,1.5876665974135e-06,4.20188137795208e-06,7.55764597459851e-07,3.3150035043672e-06
0.000803000970468259,0.000179867545354262,3.52508579402055e-05,0.000156352907364876,0.000213965898342383,5.53719859516799e-06,0.000193022868038463,0.00293733446354592,0.0804942613914838,2.09290484616562e-05,2.91395847009691e-06,0.00102673509614337,1.17591395347727e-05,1.42643294271938e-05,1.10480258400658e-05,1.36758891716715e-05
0.000806103118682566,0.000175577777746849,3.53598652116371e-05,0.000153857010762259,0.000215010389328418,5.47751471814684e-06,0.000196065490885058,0.00298284423709348,0.0816643604536968,2.08822212421854e-05,3.4810071146002e-06,0.00101472801420666,2.25793654423656e-05,2.4962391988459e-05,2.20122792111699e-05,2.46998973978396e-05
0.000809155279322349,0.00017126723412253,3.54676684277688e-05,0.000151353886488625,0.000216043304016145,5.41444577630001e-06,0.000197886339134229,0.00302859927283987,0.0828192694936109,2.07655209009114e-05,3.88003206814799e-06,0.00100080811160652,3.38545940762325e-05,3.61404160689194e-05,3.34529131278405e-05,3.62278220893408e-05
0.000812157289286297,0.00016693615245772,3.55741988549152e-05,0.000148841667554023,0.000217064125001387,5.34945556321387e-06,0.000198365319169166,0.00307430226488952,0.0839567224132408,2.05797351969456e-05,4.0977020804335e-06,0.000984834835561665,4.59160827209759e-05,4.80703666968507e-05,4.56971846199972e-05,4.85221359334265e-05
0.000815108950298127,0.000162584774332564,3.56794249107839e-05,0.000146318820943736,0.000218072976090111,5.28138324999705e-06,0.000197386830206316,0.00311963369965972,0.0850742738921253,2.0326388984345e-05,4.12334091854684e-06,0.000966668368936774,5.85618768833562e-05,6.06183683412587e-05,5.85412667876151e-05,6.1447289829708e-05
0.000818010034879135,0.000158213331504897,3.57833219031267e-05,0.000143783759978422,0.000219070786283082,5.21790427786273e-06,0.000194841773667651,0.00316425718692374,0.0861693443012388,2.00092310752984e-05,3.95330011312284e-06,0.0009462058416706,7.18094055639495e-05,7.36583759713971e-05,7.19938626274619e-05,7.48595005377606e-05
0.000820860286212977,0.000153822029949846,3.58860207338996e-05,0.000141235433718523,0.000220059108450688,5.15824709979018e-06,0.000190630463857732,0.00320782738617018,0.0872392339633765,1.96316016455643e-05,3.58454253200115e-06,0.000923329502037773,8.56524729797581e-05,8.73665008667146e-05,8.60512405914671e-05,8.89441326842322e-05
0.000823659431551382,0.000149411038191272,3.5987558730799e-05,0.000138673063337702,0.000221040212814105,5.10065643496982e-06,0.00018466164955711,0.00324998881962232,0.0882811227326092,1.91972060367837e-05,3.01751709841022e-06,0.000897971464781433,9.9884851511467e-05,0.000101452084105835,0.000100498827224849,0.000103396030361913
0.000826407184141731,0.000144980471813883,3.60879586078777e-05,0.000136096165811228,0.000222017077035008,5.04133545675689e-06,0.000176854623310919,0.00329038304315236,0.0892920906569978,1.87101749857107e-05,2.25539664508619e-06,0.000869966764932117,0.00011500315359847,0.000116481683840153,0.000115832761578893,0.000118783194290595
0.000829103252118379,0.000140530380381809,3.61870967273692e-05,0.000133504705555287,0.000222993326972898,4.96958608119102e-06,0.000167136607351271,0.00332864068368354,0.0902688956942583,1.81737784261849e-05,1.29983498937426e-06,0.000838872494417164,0.000131942645103078,0.000133440259915352,0.000132988890599983,0.000136092769225771
0.000831747340751088,0.000136060732651988,3.62847507726638e-05,0.000130898090015041,0.000223973509329733,4.89583183040099e-06,0.000155444428302011,0.00336438739842452,0.0912079736235201,1.75958741234047e-05,1.72503974259566e-07,0.000804917912096581,0.000147325181007463,0.000148662060674321,0.000148558507432117,0.000151609465703917
0.000834339141877916,0.000131571399115571,3.63809937951043e-05,0.000128276033754982,0.000224962749526991,4.82568356334478e-06,0.00014173738636333,0.00339729206702352,0.0921061812502709,1.6983595930582e-05,1.10502783786e-06,0.000768146399996672,0.000163836910769599,0.000165055751938481,0.000165244629885652,0.000168274294027659
0.000836878347972858,0.000127062143689405,3.64758596329562e-05,0.000125638661462368,0.00022596663351715,4.75582879322367e-06,0.000125985693530737,0.00342703127214793,0.0929601351567236,1.63412340433798e-05,2.51695956291278e-06,0.000728317840152592,0.000181129550293146,0.000182252723239573,0.000182692286024078,0.000185711693492907
0.000839364653712593,0.000122532613285931,3.65693426025437e-05,0.000122986068731901,0.000226991261998266,4.68542859043131e-06,0.00010817059730273,0.00345329409371509,0.0937662506738399,1.56735910507298e-05,4.04109955105987e-06,0.000685315378776585,0.000198904495722907,0.000199938935512289,0.000200595534384673,0.00020359893684152
0.000841797756104601,0.000117982328601329,3.66614144842181e-05,0.000120318426342636,0.000228043130770628,4.61190971162706e-06,8.82849597942081e-05,0.00347578804218154,0.0945207627734522,1.49849392063571e-05,5.65446643912768e-06,0.000638854817331391,0.000217989051087497,0.000218969051727136,0.000219782439014216,0.000222794047841868
0.000844177354950792,0.000113410676932213,3.6752005962537e-05,0.000117635758209333,0.000229129088318014,4.53589566963564e-06,6.63318695082396e-05,0.00349423721202286,0.0952196235699277,1.42799250977946e-05,7.32726690421195e-06,0.000588901307769674,0.000236893420110573,0.000237800784489761,0.000238750186949521,0.000241738541820968
0.00084650314916801,0.000108816906100595,3.68410774411743e-05,0.000114938022987676,0.000230256193449296,4.45749582349275e-06,4.23281545290537e-05,0.00350840142298076,0.0958588089534249,1.3562569885597e-05,9.02890566806432e-06,0.000535342527873572,0.000256706593582234,0.000257555856186142,0.000258592154362192,0.000261563000008347
0.000848774836851307,0.000104200121866016,3.69285564321142e-05,0.00011222516408721,0.000231431578957664,4.3735554943608e-06,1.62990785590823e-05,0.00351805862516778,0.096433954911938,1.2835139883264e-05,1.07343615263142e-05,0.000477690975815848,0.000278419334653779,0.000279244354140729,0.000280302752493022,0.000283284650498206
0.000850992112699123,9.9559286991846e-05,3.70143238270781e-05,0.000109496816212973,0.00023266241211467,4.28464701372755e-06,1.17236033032279e-05,0.00352299935822292,0.0969402309390128,1.2100229517981e-05,1.24107455460286e-05,0.000415871186538963,0.000299703118905037,0.000300481785053708,0.000301537028956855,0.000304499155969862
0.000853154660920286,9.48932216226495e-05,3.70983012156767e-05,0.000106752356936607,0.000233955748162817,4.19235039179899e-06,4.1695731387869e-05,0.00352305797613633,0.0973729098551042,1.13600729263362e-05,1.40226890810585e-05,0.000349914679658503,0.000321354462166079,0.000322082354983988,0.000323096154586255,0.000326029289955398
0.000855262150713187,9.020060715631e-05,3.71804407861553e-05,0.000103990853407093,0.000235318394433359,4.0994295718022e-06,7.35626199516824e-05,0.00351811083874868,0.0977273444989442,1.06160967331971e-05,1.55324972859177e-05,0.000280132076628137,0.000341626180157539,0.000342271906091707,0.000343223502308088,0.000346091791688874
0.000857314230158002,8.54799927018091e-05,3.726073415522e-05,0.000101211214542068,0.000236756729914522,4.0044745521356e-06,0.000107259500461807,0.00350808200052065,0.0979991091168875,9.86761993289434e-06,1.69142320102511e-05,0.000206156513590128,0.000364462508325003,0.000365059228768505,0.000365887533728237,0.000368727791262624
0.000859310522448808,8.0729804752766e-05,3.73391365857678e-05,9.84118975807247e-05,0.000238276650311398,3.90913082322364e-06,0.000142719607111143,0.00349290752077572,0.0981833457244211,9.11390688240547e-06,1.81337108645322e-05,0.000128303761221082,0.000384552147960404,0.000385057493623053,0.000385745862167108,0.000388513875652863
0.00086125061561404,7.59483578350317e-05,3.74156544098447e-05,9.55910685548345e-05,0.000239883403103325,3.81287653547502e-06,0.000179865732552621,0.0034725849920533,0.0982757343392048,8.35331557806296e-06,1.91637923007831e-05,4.64082322363391e-05,0.000407051738248621,0.000407492865444947,0.000407987348840733,0.000410716180435311
0.000863134058979975,7.11338691845587e-05,3.74902324604687e-05,9.27466271231914e-05,0.00024158147097364,3.71182073628795e-06,0.000218623942239877,0.00344710219441721,0.0982711440695618,7.58249222511311e-06,1.99918911765167e-05,4.04718006190574e-05,0.0004324543995472,0.000432858828184446,0.000433109304057266,0.000435833045952849
0.000864960354747923,6.62844740940416e-05,3.75627706277193e-05,8.98758872584504e-05,0.000243374566173515,3.60734460860823e-06,0.000258921616040467,0.00341644265743033,0.0981637829758041,6.79943741659714e-06,2.05880599685911e-05,0.000132020716279602,0.00045465763453445,0.000454986007284441,0.000454976526043649,0.000457656741565837
0.000866728945681627,6.13982422998371e-05,3.76332427605153e-05,8.69756556448609e-05,0.000245265493639679,3.5036234071889e-06,0.000300673082923109,0.00338067246811164,0.0979489272980169,6.00264019670622e-06,2.0914036049955e-05,0.00022709988415115,0.000473584717315956,0.00047380297354116,0.000473519987460924,0.000476125808525629
0.000868439209160909,5.64731983671019e-05,3.77016347616888e-05,8.40427438724978e-05,0.000247255925567014,3.39350167447017e-06,0.000343790015366208,0.00333988500754217,0.0976219468017935,5.18699733241569e-06,2.09861191904775e-05,0.000328090579367224,0.000505959708540615,0.00050617713480694,0.000505561746310002,0.000508217919017673
0.000870090455415085,5.15073440410796e-05,3.77677767753326e-05,8.107325003609e-05,0.000249346547308515,3.27890930015839e-06,0.000388203477257902,0.00329404309437524,0.0971753248726883,4.34954251749231e-06,2.07836479983025e-05,0.000434251317137035,0.000525103505516933,0.000525209986742547,0.000524279289767948,0.000526871978839827
0.000871681908165112,4.64986774294796e-05,3.78316690519132e-05,7.80627416361868e-05,0.000251536949056053,3.16631702353132e-06,0.000433815810102434,0.00324329328336887,0.0966048917581209,3.48941233107338e-06,2.02642849788433e-05,0.000543333331339158,0.00054251611981071,0.000542497543944309,0.000541245013804703,0.000543764530060442
0.000873212702790838,4.14452181199954e-05,3.78933345142052e-05,7.50067965430423e-05,0.000253825389261664,3.05222317512066e-06,0.000480526020485118,0.0031878137148603,0.0959069330554997,2.60246800568845e-06,1.94458884271442e-05,0.000656714016629811,0.000567360527731431,0.000567265394098126,0.000565680781857147,0.00056818476891074
0.000874681883832995,3.63450331802295e-05,3.79527051750372e-05,7.19006442281289e-05,0.00025620889382727,2.93425817866899e-06,0.000528246156565912,0.00312767845897042,0.0950756854899236,1.68554623542959e-06,1.83436603397782e-05,0.000775283489983569,0.000591196281261697,0.000591018246361319,0.000589103297559901,0.000591586964555302
0.000876088395924901,3.1196260840638e-05,3.80097177039573e-05,6.87391026980011e-05,0.00025868331324097,2.81444197608449e-06,0.000576882851889522,0.00306297224226657,0.0941056311487287,7.37931538430217e-07,1.69466214040761e-05,0.000897988906126912,0.000610026595099233,0.000609739399565878,0.000607500109666592,0.000609934662105238
0.000877431076778068,2.59971345374921e-05,3.80643799833269e-05,6.55166412276142e-05,0.000261243265103406,2.69856667871327e-06,0.000626325716143345,0.00299388852991817,0.0929935167707713,2.39658819642121e-07,1.52235213589855e-05,0.00102139231781029,0.000614605751359076,0.000614146383860592,0.000611596602994036,0.000613912763192226
0.000878708652297222,2.07460088857969e-05,3.81167991447828e-05,6.22277728319215e-05,0.000263881977495661,2.5865987340612e-06,0.000676444427968282,0.00292078628649231,0.0917397127139855,1.24717478571462e-06,1.31875437301594e-05,0.0011450233248933,0.000626101434152537,0.000625514582017428,0.000622674926132438,0.000624916230816175
0.000879919740001567,1.54413878232507e-05,3.81670127598266e-05,5.8867025551454e-05,0.000266591331144705,2.47522999849425e-06,0.000727119376021787,0.00284392499827456,0.0903430226300812,2.28388731677469e-06,1.08775527401829e-05,0.00127005592322726,0.000637883211927481,0.000637186666100575,0.000634074175580257,0.000636249165154035
0.000881062846135539,1.00819497111382e-05,3.82150326290187e-05,5.54287530734471e-05,0.000269362014675367,2.36529804077679e-06,0.000778228207327952,0.00276355065306241,0.088802433979552,3.3454445561373e-06,8.29512848886729e-06,0.00139479085459071,0.000641338283308146,0.000640521211607292,0.000637142737292318,0.000639223219252694
0.00088213636561596,4.66657114027436e-06,3.82608566174003e-05,5.19076432430043e-05,0.000272183507498136,2.2503146909908e-06,0.000829643615010093,0.00267990774805124,0.0871172596520562,4.42850634490895e-06,5.50745076251073e-06,0.00152392432591486,0.000672125476038565,0.000671291723825185,0.000667697144169033,0.000669778456694359
0.000883138588626986,8.05650644253308e-07,3.83043507159453e-05,4.82982254539632e-05,0.000275044344707764,2.13228044107505e-06,0.000881254202413397,0.00259296082151154,0.0852814600058998,5.5257228624344e-06,2.51105864075736e-06,0.00165454415722155,0.000669324250432313,0.000668391670638036,0.000664565486189983,0.000666532989890944
0.000884067695002155,6.33538016127366e-06,3.83455072494598e-05,4.45952831833601e-05,0.000277932104185363,2.01283874089186e-06,0.000932907221470278,0.00250300417654325,0.0832963459356506,6.62907492375735e-06,6.87693833715392e-07,0.00178490626457373,0.000679823023290727,0.000678841938439367,0.000674848737482026,0.000676736499444219
0.000884921766298952,1.19230234637835e-05,3.83842701185966e-05,4.07940293956355e-05,0.000280833417282023,1.89060032405874e-06,0.000984453712930631,0.00241019125594935,0.0811610498063469,7.73138426193826e-06,4.0368195668751e-06,0.00191552986171961,0.000683178808055018,0.000682151578673462,0.00067803508213593,0.000679818123305087
0.00088569879139877,1.75687116739098e-05,3.84205794232706e-05,3.68900914965442e-05,0.000283734176944717,1.76412153454764e-06,0.00103573405721521,0.00231465799531232,0.078875310990209,8.82378369120356e-06,7.48270951634634e-06,0.00204777844312509,0.00069673507943846,0.000695699284462226,0.000691530752679803,0.000693221760024509
0.000886396677011625,2.32722879966313e-05,3.84543362061951e-05,3.28795650609906e-05,0.000286619745650196,1.63292938253068e-06,0.00108658482162389,0.00221638673403076,0.0764365185697969,9.89558600159939e-06,1.0982192041516e-05,0.00218173051647186,0.000703083143210548,0.000702044142480207,0.000697864550243343,0.000699434363225171
0.000887013256498648,2.90332992286119e-05,3.84854594359663e-05,2.87590674463226e-05,0.000289475134890471,1.49836882361309e-06,0.00113682157588298,0.00211541611728271,0.0738441634952475,1.09338423484272e-05,1.45166988898323e-05,0.00231474594828651,0.000700783014470518,0.000699747172695941,0.000695599081194653,0.000697017839120129
0.000887546302500208,3.485098960989e-05,3.85138843197463e-05,2.45259438724985e-05,0.000292285097387435,1.36012914118966e-06,0.0011862423948309,0.0020118331358821,0.0710997395615462,1.19269920932835e-05,1.80352282945218e-05,0.00244727201342154,0.000704785019007503,0.000703777217694435,0.000699741619008543,0.000701003944941103
0.000887993542110221,4.07242974651903e-05,3.85395319886239e-05,2.01782684533594e-05,0.000295034333174182,1.21809469463829e-06,0.00123463677436568,0.00190561566161197,0.0682034755224297,1.28621922552632e-05,2.14907673353713e-05,0.00257895933238339,0.000701914242746793,0.000700947832853238,0.000697072469343474,0.000698152703692667
0.000888352671543524,4.66518564012364e-05,3.85623283876146e-05,1.57149169024845e-05,0.00029770769755344,1.0721344943232e-06,0.00128177818986704,0.00179673919484697,0.065156569803167,1.3726701177531e-05,2.48339456343557e-05,0.00271059647926486,0.000706380018739905,0.000705475818023049,0.000701839808696203,0.00070272719252984
0.000888621373148935,5.2632000390386e-05,3.85821926844887e-05,1.11356133544079e-05,0.000300290414124493,9.222544019305e-07,0.00132742918258352,0.00168504862529533,0.0619583042818375,1.45079260100446e-05,2.80167629485763e-05,0.00284295974960058,0.000708679210108087,0.000707850923081343,0.000704507825194822,0.000705180299874208
0.000888797332330604,5.86627734037101e-05,3.85990524207624e-05,6.44095056711799e-06,0.000302768285276978,7.6914960873975e-07,0.00137133414017612,0.00157040149050726,0.0586091044127426,1.51908825967669e-05,3.10243022321605e-05,0.00297278128106493,0.000695005648662983,0.000694266935056254,0.000691230697182355,0.000691660164065855
0.000888878255591141,6.47419421423781e-05,3.86128487870341e-05,1.63246013988984e-06,0.000305127793550186,6.13237315885695e-07,0.00141321978277266,0.00145280792367124,0.0551135882077988,1.57626879131437e-05,3.38279819663417e-05,0.00309842675921068,0.000683041370784565,0.000682405520961327,0.000679742004267236,0.000679913521336561
0.000888861889783543,7.08670108105387e-05,3.86235244953514e-05,3.28735335919199e-06,0.000307356237041922,4.54264883070765e-07,0.0014528052789016,0.00133228670173379,0.0514774666536902,1.6209794958295e-05,3.64075194407166e-05,0.00321682219342512,0.000654208841577519,0.000653699757815041,0.000651408084183402,0.00065130619087006
0.000888746041360688,7.70352388310205e-05,3.86310187039385e-05,8.31504835055279e-06,0.000309441854720593,2.92525474190897e-07,0.00148980416517749,0.00120896500573722,0.0477096317246425,1.65225204781402e-05,3.87206141834878e-05,0.00332952422748323,0.000641725153473161,0.000641345209330124,0.00063951976852572,0.00063913114612546
0.000888528594994886,8.32436612488337e-05,3.86352796766243e-05,1.34462307204812e-05,0.000311374011648602,1.28162609580595e-07,0.00152393009333904,0.00108276934149765,0.0438150921846306,1.66917351177476e-05,4.07362566313876e-05,0.00343764573963168,0.000623269556370598,0.00062303516840545,0.00062167985505257,0.000620993754992027
0.000888207532523388,8.94891131563991e-05,3.8636258445468e-05,1.86756034775137e-05,0.00031314336078142,3.81221266498866e-08,0.00155489243654578,0.000953631819390842,0.0397992511020356,1.67100526572385e-05,4.2437803999788e-05,0.00354205976199151,0.000611941032463093,0.000611848006823235,0.000611010730887096,0.000610012337210253
0.000887780950415529,9.57682563995435e-05,3.86339275264547e-05,2.39969933057207e-05,0.000314741946106312,2.05269967093469e-07,0.00158239847651911,0.000821386786046385,0.0356654731434174,1.65735996661427e-05,4.38061332642074e-05,0.00364396102902864,0.000600882179091045,0.000600927436646415,0.000600633225354863,0.00059931314925854
0.000887247077069775,0.000102077608560458,3.86282809254901e-05,2.94034039047819e-05,0.000316163311790851,3.71830785314553e-07,0.00160615461679628,0.000685829852290216,0.0314164022460729,1.6281539955233e-05,4.48241592039423e-05,0.00374428211940048,0.000594330430668033,0.000594496317572357,0.000594792982265058,0.000593139056806025
0.000886604289160431,0.000108413573929628,3.86193281676217e-05,3.48869417641021e-05,0.000317402600721606,5.39653184875033e-07,0.0016258703817571,0.000546765667890183,0.0270550557066591,1.58326818584655e-05,4.55123219528109e-05,0.00383811702528813,0.000557157830647248,0.000557489573717262,0.00055826740067122,0.000556320249808562
0.000885851129652115,0.0001147724755136,3.86070096802804e-05,4.04389735044267e-05,0.000318456516809673,7.11354736102066e-07,0.00164127793753192,0.000404371018671948,0.0225929495589955,1.52288884328193e-05,4.5892219089726e-05,0.00392012779457995,0.000514989129152599,0.00051548619860553,0.000516749774239655,0.000514526512024327
0.000884986319000358,0.000121150585339527,3.85912582823167e-05,4.60504053243493e-05,0.000319323266456173,8.84933224407081e-07,0.00165213672699101,0.000258875297313233,0.0180431071297541,1.44781325887713e-05,4.59325623369203e-05,0.00399260304900062,0.000485251570274792,0.000485872783633434,0.000487699426043986,0.000485186149313588
0.000884008764737487,0.000127544155590562,3.85720528415234e-05,5.17115661521211e-05,0.000320002684261689,1.05981434916913e-06,0.00165822517748186,0.000110362713276752,0.0134154492475387,1.35882123799959e-05,4.56328356314723e-05,0.00405597682909198,0.000449022551304301,0.000449769530968536,0.000452111398089206,0.000449333746876168
0.000882917572737396,0.000133949451796775,3.85493676811066e-05,5.74123807673549e-05,0.000320496255900915,1.23515236936933e-06,0.00165934829682154,4.10265583045064e-05,0.00872077699014716,1.2569372559103e-05,4.50103625859646e-05,0.00411053621684088,0.000417643978064985,0.000418482366680073,0.00042134438421304,0.000418305013456743
0.000881712053158124,0.000140362785216036,3.85232070123642e-05,6.31424661350771e-05,0.000320807064255746,1.41008760871919e-06,0.00165533665647415,0.000195178763265308,0.00396873799424534,1.1435661718704e-05,4.40849866810197e-05,0.00415661730544747,0.000384098917634357,0.000385009169404205,0.000388352510468759,0.000385077276875423
0.000880391726834073,0.000146780544235114,3.84935691333244e-05,6.88911555075389e-05,0.00032093972104319,1.58609884447214e-06,0.00164605640382918,0.000351913787635845,0.000830164965930932,1.02047845154382e-05,4.28937392317683e-05,0.00419250533054794,0.000343702712448879,0.000344677865563137,0.000348430881771167,0.000344968583909422
0.000878956327475588,0.000153199223465184,3.84604613985484e-05,7.46479779837189e-05,0.000320900207555597,1.7573821149558e-06,0.00163141262692271,0.000511015574657148,0.00566518336654271,8.89666652543085e-06,4.14254150306274e-05,0.00422208511016442,0.00032460242742971,0.000325529903974275,0.000329826511651699,0.00032612276258992
0.000877405797722997,0.000159615450968043,3.84240106419131e-05,8.04022740762689e-05,0.000320695919540759,1.92472276401567e-06,0.00161132919973263,0.000672460560458729,0.0105302166191404,7.53494814275538e-06,3.9709167426915e-05,0.0042443855598957,0.000286875876161163,0.000287787057889011,0.000292459055377448,0.000288621338212391
0.000875740294296934,0.000166026016173215,3.83842590068184e-05,8.61435603429217e-05,0.000320335533977867,2.08930829424803e-06,0.00158578924266605,0.000836009160291144,0.0154150594406601,6.14659520024726e-06,3.7783205425343e-05,0.00425790934452774,0.000253852432377077,0.000254685298055835,0.00025974910005655,0.000255790108990572
0.000873960177857791,0.000172427892996957,3.83412985942577e-05,9.1861872301216e-05,0.000319828816806644,2.24700087703145e-06,0.00155481582232644,0.0010014560600931,0.0203106809637322,4.7575563531121e-06,3.5646550443514e-05,0.00426464792068038,0.000226880311048006,0.000227562757243005,0.000233053607662681,0.000228975170622814
0.000872066005526362,0.000178818261514391,3.82952631814426e-05,9.75474151104772e-05,0.000319186620925671,2.40138782679755e-06,0.00151847211298607,0.00116862154943103,0.0252089735312819,3.39929999585402e-06,3.33424471226501e-05,0.00426232613423527,0.000184152628394774,0.000184715392816392,0.00019045697880371,0.000186389042463486
0.000870058526959205,0.000185194528208615,3.82461536307943e-05,0.000103190923412377,0.000318420666042873,2.55755011745185e-06,0.00147689816195619,0.00133709756288702,0.0300974675933431,2.10572384890974e-06,3.09234116668503e-05,0.00424818538772143,0.000138693734006989,0.000139111684043458,0.000145042652523353,0.000141047710742748
0.000867938668044133,0.00019155434010959,3.81939297162681e-05,0.000108784026645437,0.000317543259138464,2.71535274298795e-06,0.00143029591157855,0.00150640151925952,0.03496254480599,9.05360366580229e-07,2.84104918041837e-05,0.00422242516884408,9.54329774824902e-05,9.5660301355438e-05,0.00010176393847694,9.78717489378278e-05
0.000865707512961444,0.000197895595052622,3.81385858807537e-05,0.00011431929017805,0.000316567152427172,2.87129606042769e-06,0.00137891122554041,0.00167608105857202,0.0397916501632992,1.77925645727592e-07,2.58153873864565e-05,0.00418668387011523,5.80681122592797e-05,5.80366561592216e-05,6.43294709720132e-05,6.053766279146e-05
0.000863366285816181,0.000204216449622374,3.80801824084731e-05,0.000119790104359002,0.000315505457040233,3.02406577673553e-06,0.00132302438527888,0.00184573857022623,0.0445739737738252,1.11866619665182e-06,2.31683299523992e-05,0.00414165528786981,2.05983442880253e-05,2.02753557012603e-05,2.66945548713649e-05,2.30484848426915e-05
0.000860916333701445,0.000210515324809202,3.80187920259178e-05,0.00012519085734522,0.000314371458702112,3.1719685553433e-06,0.00126295909974815,0.0020149608836425,0.0492991356806802,1.89117989119246e-06,2.05016863974363e-05,0.0040880681689407,1.35446485436397e-05,1.42153329989458e-05,7.68550109919719e-06,1.1171855285097e-05
0.000858359105054829,0.000216790907393571,3.79545352389155e-05,0.000130517002507713,0.000313178426841643,3.31283266175042e-06,0.00119907485074553,0.00218335476005799,0.0539578640913602,2.47105645540595e-06,1.78418644221599e-05,0.00402678478561136,4.56618525627173e-05,4.67270022560529e-05,4.0113243606088e-05,4.34166796380309e-05
0.000855696128640338,0.000223042148034813,3.78875668503031e-05,0.000135765067601185,0.000311939450335252,3.44525597331669e-06,0.00113176675686754,0.00235053599134289,0.0585416740583665,2.8344106347278e-06,1.52153387306796e-05,0.00395836549420026,7.62775129009574e-05,7.77783149445987e-05,7.11090828182659e-05,7.42041883194933e-05
0.00085292899181777,0.000229268255979798,3.78180544831075e-05,0.000140932649134534,0.000310667273659693,3.56996975633961e-06,0.00106146631168054,0.00251611477483927,0.0630424855954498,2.95727087140946e-06,1.26528329636479e-05,0.00388280495456095,0.000107608104717549,0.000109561429996519,0.000102898945646412,0.000105735234725568
0.000850059319097873,0.000235468690388096,3.77461287011105e-05,0.000146018450353808,0.000309374109049909,3.68965298484791e-06,0.000988645957530888,0.00267966466495096,0.0674519339168743,2.81682967872163e-06,1.01876157397873e-05,0.00379972030963283,0.000140030285045389,0.000142439324257837,0.000135854095071664,0.000138375097335497
0.000847088748707758,0.000241643147523229,3.76718745553895e-05,0.000151022434108972,0.000308071417584266,3.80517930057001e-06,0.000913815022388296,0.00284072857036659,0.0717613992270526,2.3969405244603e-06,7.8409497629179e-06,0.00370926973243524,0.000170943080744168,0.000173827779853863,0.000167340578901998,0.000169529758677567
0.000844018906421162,0.000247791543941389,3.75953942215457e-05,0.000155945886781139,0.000306769747138336,3.91381409332869e-06,0.000837502609471899,0.00299886970565152,0.0759628960314196,1.69042972640881e-06,5.61869556562483e-06,0.00361238199637559,0.000198373213626368,0.000201771954734253,0.00019535905137158,0.00019723997424459
0.000840851380443208,0.000253913997512845,3.75168464621378e-05,0.000160791217970052,0.000305478679807347,4.01416484384354e-06,0.000760244586146103,0.00315369571030386,0.0800495098501014,6.92733280574983e-07,3.53274513629522e-06,0.00350969438570159,0.000224565184146708,0.00022848514932361,0.000222174250166463,0.000223738328923639
0.000837587700792009,0.00026001080753818,3.74363789286125e-05,0.000165561822688315,0.000304206758115377,4.10889282749516e-06,0.000682587970663664,0.0033048161690081,0.0840146665772297,6.01544890705051e-07,1.60976382752344e-06,0.0034011794856883,0.000251172732029681,0.000255588130207207,0.000249453971469027,0.000250660475011988
0.000834229319098823,0.000266082432408887,3.73540764884162e-05,0.000170262184358921,0.000302961313960681,4.20019186736509e-06,0.000605092371518151,0.00345181916856615,0.0878517214136375,2.19262926423877e-06,1.28753071053714e-07,0.00328697210385775,0.000276559989357161,0.000281458183700289,0.000275532013623847,0.000276375940272855
0.000830777585228759,0.000272129463631698,3.72700362072376e-05,0.000174898037782228,0.000301748302902194,4.2831242075686e-06,0.000528313158630974,0.00359431505511869,0.0915546437321882,4.06853263211638e-06,1.68806208272407e-06,0.00316815628652289,0.00029745471657483,0.000302880854457954,0.000297080675770389,0.000297649544444556
0.000827233724878473,0.000278152598401915,3.71844606761318e-05,0.000179475902143872,0.000300572374023533,4.35615199566308e-06,0.000452782849046174,0.00373197916903957,0.095118676134403,6.21584894925493e-06,3.06386960341465e-06,0.00304535824079588,0.000317622672381779,0.000323545113177337,0.000317913448327656,0.00031820425707263
0.000823598826772409,0.000284152613830468,3.70975370658222e-05,0.000184003038372016,0.000299436837978673,4.41955040805797e-06,0.000379019996673395,0.0038644955017876,0.0985394303437481,8.62014635073237e-06,4.24406899345031e-06,0.00291893056413395,0.000336086420118176,0.000342491591528771,0.000337031045265279,0.000337075679709531
0.000819873828056039,0.000290130339509143,3.70094266963772e-05,0.000188487204579091,0.000298343653961253,4.47889951249447e-06,0.000307524715013106,0.00399155506489559,0.101812863327761,1.1266138412733e-05,5.20635043439396e-06,0.0027888435860145,0.000355308887090566,0.000362098219460427,0.00035692965040357,0.000356669160454071
0.000816059506268729,0.000296086630044379,3.69201434899935e-05,0.000192936716020109,0.00029729331800632,4.53952086564013e-06,0.00023878245817138,0.00411282355634099,0.104934775238283,1.41329259261966e-05,5.9343899932781e-06,0.00265519277801052,0.000373142414987759,0.000380262014206267,0.000375411727160158,0.000374862281197652
0.000812156466869718,0.000302022334595586,3.6829638726088e-05,0.000197360387959034,0.000296284803981972,4.60381402431209e-06,0.000173247866001687,0.00422798137354282,0.107901347270327,1.71910539493521e-05,6.42746511133295e-06,0.00251841972475408,0.000389300159212569,0.000396690256131538,0.000392175188449251,0.000391362824479713
0.000808165134325911,0.00030793826659381,3.67378718995059e-05,0.00020176758599616,0.000295315549481701,4.66556939515694e-06,0.000111332213625787,0.00433674902748871,0.11070944614457,2.04026229285014e-05,6.70734652895473e-06,0.00237940934155922,0.000401943196725041,0.000409638183202166,0.000405329947721245,0.000404399581311665
0.00080408574427504,0.000313835174601151,3.66449330704288e-05,0.000206167589906603,0.000294381712747815,4.72400079892799e-06,5.33911542900169e-05,0.00443891489664687,0.113356957985392,2.37299429650297e-05,6.78185166292158e-06,0.00223875938146767,0.000413351421150177,0.00042126573630441,0.000417213232955516,0.000416175378650796
0.000799918349978501,0.000319713718829495,3.65508413340265e-05,0.000210569444993036,0.000293478280100012,4.78375159781996e-06,2.67062023761257e-07,0.00453428308483792,0.11584221975301,2.71366349443131e-05,6.64316582889984e-06,0.00209683241142433,0.000423280058802433,0.00043133036337617,0.000427572365785833,0.000426446458827612
0.000795662823443344,0.000325574446844112,3.64555852070403e-05,0.000214982298952615,0.000292598987119197,4.84053212522484e-06,4.93856098398392e-05,0.00462268088802008,0.11816409154243,3.05816959014772e-05,6.30678148115689e-06,0.00195422502834086,0.000430860152763279,0.000439060770013211,0.000435491187041781,0.000434408725280111
0.000791318856307122,0.000331417770152054,3.63592604719631e-05,0.000219414841940546,0.000291736571733592,4.89296705578901e-06,9.37664962757984e-05,0.00470398578493043,0.120322136497289,3.40232313748722e-05,5.78547304222118e-06,0.00181145017633166,0.00043693799810296,0.000445211655281996,0.000441847323114142,0.000440843892998033
0.000786885973275586,0.000337243946662014,3.62619277842757e-05,0.000223875137366658,0.00029088293252294,4.94352079961902e-06,0.000133268418841925,0.00477810065204529,0.122316415524142,3.7419743781961e-05,5.083212329237e-06,0.00166892292307719,0.000441488007495328,0.000449761370626356,0.000446610388025959,0.000445727851717148
0.000782363543400555,0.000343053064348009,3.61636140715493e-05,0.000228370676068346,0.000290029195935293,4.99274117819748e-06,0.000167807756229715,0.00484495332431024,0.124147470625433,4.07291356666108e-05,4.21040886201297e-06,0.00152706595429619,0.000444505023547648,0.000452723681942047,0.000449764597537983,0.000449065070757926
0.00077775079229081,0.00034884502705973,3.60643681305284e-05,0.000232908315616509,0.000289165842665418,5.03719018450643e-06,0.000197359285288013,0.004904504028005,0.125816308976269,4.39097225060163e-05,3.18676189780057e-06,0.00138625160291306,0.000446207115473052,0.000454357685767626,0.000451516840743849,0.000451101251985997
0.000773046817346135,0.000354619543840973,3.59642976230923e-05,0.00023749389585076,0.00028828297719935,5.07753921258347e-06,0.000221955369379252,0.00495674778099303,0.12732434920887,4.69206284384393e-05,2.02560964031144e-06,0.00124685538109193,0.000446479726128879,0.000454473031676561,0.000451773197446048,0.000451664847575639
0.000768250610237553,0.000360376123532624,3.58634544068703e-05,0.000242132218814972,0.000287370472746462,5.11616952993121e-06,0.000241685649819932,0.00500170287169979,0.128673446425466,4.97224696110044e-05,7.36947448856662e-07,0.00110924414490932,0.000445450881486953,0.000453223974009487,0.000450656797718274,0.000450899836748064
0.000763361076536961,0.000366114071025381,3.57618631756651e-05,0.000246827060028376,0.000286418094223362,5.15392062326592e-06,0.000256694690086301,0.00503941235921485,0.12986585504698,5.22782935622269e-05,6.64718450109347e-07,0.000973754461809695,0.000443183923824142,0.000450681516428353,0.00044823059599497,0.000448870027869752
0.0007583770593107,0.000371832487552182,3.56594862342963e-05,0.000251580781903959,0.000285415774169129,5.19916138611021e-06,0.000267180830202419,0.00506994507328217,0.130904291649897,5.45519326739652e-05,2.17303295666806e-06,0.000840949336711749,0.000438670558551069,0.000445738096883752,0.000443503747308949,0.000444485209992296
0.000753297365909678,0.000377530274801308,3.55561400406934e-05,0.000256394837114204,0.000284353559211081,5.25051841331059e-06,0.00027339594214715,0.0050933950387443,0.131792079159074,5.6513404371021e-05,3.767185106026e-06,0.000711096849254411,0.000433790503757359,0.000440469986786374,0.000438328620977702,0.000439768164771093
0.000748120785591277,0.000383206138479364,3.54517210339189e-05,0.000261269292381572,0.000283221940469924,5.30997753116214e-06,0.000275633276033161,0.00510988860001563,0.132532775287713,5.81360123204156e-05,5.42700748070932e-06,0.00058461743539584,0.000426840351041347,0.000433024485585798,0.00043102784523863,0.000432894654688432
0.000742846120378671,0.000388858600069319,3.53460474304956e-05,0.000266203038785495,0.000282011943148863,5.37630331690075e-06,0.000274229165094942,0.00511958274004298,0.133130470036469,5.93984062076822e-05,7.13097068984377e-06,0.000461761991590204,0.000419513783980197,0.000425231633301548,0.00042328703220329,0.000425661288795065
0.000737472204872303,0.000394486007724182,3.52390335847108e-05,0.000271193807106607,0.000280715282890309,5.44490591805613e-06,0.000269549384385987,0.00512266082563347,0.133589366256352,6.02856518078219e-05,8.85394318859978e-06,0.00034261833770266,0.000411577515054828,0.000416834671241095,0.000414884980523333,0.0004178128010347
0.000731997931829653,0.000400086552677092,3.51306730914658e-05,0.000276238098938952,0.000279324560289951,5.51125538615638e-06,0.000261983520168898,0.00511932875708862,0.133913759434342,6.07875710937304e-05,1.05737658374558e-05,0.000227207487165315,0.000403472840725505,0.000408297168483229,0.000406271737975028,0.000409806651786693
0.000726422275754812,0.00040565828812178,3.50210505184467e-05,0.000281331221034908,0.000277833401519767,5.57162669868883e-06,0.000251937826574834,0.00510980878452069,0.134107931867533,6.08986695782762e-05,1.22715878356477e-05,0.000115525434215114,0.000395094336017032,0.000399500705273392,0.000397353480386164,0.000401524342649839
0.000720744318575939,0.000411199151846398,3.49102499501708e-05,0.000286467040247707,0.000276236694765952,5.63271220312134e-06,0.000239833657229061,0.00509433907106405,0.134176355139378,6.06150425559112e-05,1.39388191646508e-05,8.06983475809542e-06,0.000384385650947228,0.000388270392687851,0.000386090938838124,0.000390805634972291
0.00071496327523457,0.000416706991191673,3.47982275958891e-05,0.000291638634105418,0.000274530418994612,5.69333731983979e-06,0.000226107946503465,0.00507317743025578,0.134124031631877,5.9941328018425e-05,1.55611735523243e-05,9.51136875174674e-05,0.000374373890061119,0.000377811776208548,0.000375507987779744,0.000380818223315038
0.000709078507726613,0.000422179585054194,3.46849993384524e-05,0.000296837990217791,0.000272711864096109,5.75634902265365e-06,0.000211194645897059,0.00504659180512127,0.133955909789099,5.8887785085933e-05,1.71250874214952e-05,0.000193743619915532,0.000362467023086954,0.000365397658738664,0.00036302810784794,0.000368847579764631
0.000703089545673219,0.000427614670421406,3.45705668416407e-05,0.000302056712918553,0.000270779407606947,5.80983619943853e-06,0.000195522069434922,0.00501486386554445,0.133677088108491,5.74734711645961e-05,1.86094272452142e-05,0.000288450923879635,0.000353966399689876,0.000356603844587466,0.000353947695009516,0.000360428754678233
0.000696996093730196,0.000433009964903253,3.44551788082903e-05,0.000307285234709243,0.000268732953462303,5.85626665063066e-06,0.000179490984621626,0.00497826840156959,0.133291907335971,5.5719132828326e-05,2.00019023771508e-05,0.000379018951410459,0.000342274302677081,0.00034450019733645,0.000341694221580369,0.000348670634911952
0.000690798058458064,0.000438363199524505,3.43388900772013e-05,0.000312513350626431,0.000266573757458255,5.89999526563745e-06,0.000163494646374302,0.0049371040479148,0.132805424739429,5.36484561008252e-05,2.12949653360609e-05,0.000465168071225097,0.000330951279138403,0.000332825459025354,0.000329829230466094,0.000337287445427381
0.000684495552758291,0.000443672142318885,3.4221747991392e-05,0.000317730447522258,0.000264304353034872,5.94397531987478e-06,0.000147901961409639,0.00489167577663557,0.132222738286051,5.1291815145726e-05,2.24795440426223e-05,0.000546696281448766,0.000318200374961553,0.00031970518587876,0.000316566714002264,0.000324404671436018
0.000678088905343266,0.00044893462464235,3.41037352082907e-05,0.000322925742758551,0.000261928453055893,5.98656180415824e-06,0.000133054221776462,0.00484230053154598,0.131549190155578,4.86845649908276e-05,2.3544927577137e-05,0.000623709528154492,0.000306463800574641,0.000307698056367656,0.000304350145482024,0.000312566377166368
0.000671578660949468,0.000454148563342138,3.39849149377791e-05,0.000328088312118724,0.000259450944420647,6.02556828624423e-06,0.000119252041996015,0.00478929359868972,0.130789822168685,4.58661074803042e-05,2.44803093129801e-05,0.000696353104196801,0.000294518338898264,0.000295528132931544,0.000291964799499222,0.000300497476406481
0.000664965585754018,0.000459311985522515,3.38653049656301e-05,0.000333206926066643,0.000256877970370384,6.06895649722661e-06,0.000106757413319417,0.00473298060526332,0.129949840925141,4.28788878372359e-05,2.52792801147123e-05,0.000764105599482034,0.000280234838738069,0.000280977831407125,0.000277292057826339,0.000285981482862185
0.000658250668730709,0.00046442305111094,3.37447771863175e-05,0.000338270750257719,0.000254216554882225,6.11713112816381e-06,9.57949160732103e-05,0.00467370660970816,0.129034992098299,3.97677570031634e-05,2.59343740247019e-05,0.000826964846189493,0.000267020659579731,0.000267603022831797,0.00026373661442769,0.000272566175202549
0.000651435108486975,0.000469480067360695,3.36233314941481e-05,0.000343269632393506,0.000251474409148522,6.15846197367376e-06,8.65360998924979e-05,0.00461180615636004,0.128050491681405,3.657781392704e-05,2.64360293368206e-05,0.000885757482919525,0.000256540238813274,0.000257134971317741,0.000252962390634104,0.000261983466909532
0.000644520303699547,0.000474481504279645,3.35011500594007e-05,0.000348193549057352,0.000248660179515914,6.19284753886062e-06,7.90955241120585e-05,0.00454759619035486,0.127000797525549,3.33564117802588e-05,2.67788458375301e-05,0.000940532218185575,0.000244597041506589,0.000245202728769378,0.000240786939961546,0.000249866218458794
0.00063750784957417,0.000479426012316098,3.33783469836924e-05,0.000353033111041734,0.000245783123642818,6.21997346382519e-06,7.35402727751547e-05,0.00448140108124384,0.125890567968214,3.0150308325707e-05,2.69606963505115e-05,0.000991390526444758,0.000233780052785626,0.000234495367039345,0.000229796848718156,0.000238908683670713
0.000630399521609037,0.000484312431929146,3.32550447428304e-05,0.000357779503428246,0.000242853065652748,6.24592963346937e-06,6.98864756815967e-05,0.00441354042938556,0.124724329080691,2.70083611472637e-05,2.69821564441719e-05,0.00103799460612697,0.000220680396309514,0.000221468844840422,0.000216594666540892,0.000225565485980184
0.000623197263595721,0.000489139803642069,3.31312219188362e-05,0.00036242495426253,0.00023988003480635,6.27144278382563e-06,6.81045891221166e-05,0.00434434507781963,0.123507075031109,2.39765653034503e-05,2.68449265177842e-05,0.00108039736842774,0.000208933246442,0.000209897440134332,0.00020480553525315,0.000213619810272014
0.000615903162523246,0.000493907368651403,3.30069280360945e-05,0.000366962798287684,0.000236874115544239,6.29321502251812e-06,6.81138793438325e-05,0.0042741303148542,0.122243394929354,2.10974851865346e-05,2.65511911190022e-05,0.00111893335195007,0.00019772787220651,0.000198936176355136,0.000193619612451235,0.000202229493649342
0.000608519428473286,0.000498614569920508,3.28822642416959e-05,0.000371387448392491,0.000233845348312722,6.30790212730048e-06,6.97853009120807e-05,0.00420319761997598,0.120937549069595,1.84108817789791e-05,2.61044844514502e-05,0.00115394915964923,0.00018761376063714,0.000189149962809942,0.000183583361927808,0.000191967007313054
0.000601048371970281,0.000503261049517811,3.2757394733185e-05,0.00037569441629226,0.000230803601200924,6.31399697303969e-06,7.29441196142704e-05,0.00413183157531119,0.119593408836322,1.59541251031555e-05,2.55102819258467e-05,0.00118567367387196,0.000177786519783729,0.000179697987491734,0.000173893519537005,0.000181996609264434
0.000593492382407357,0.000507846644186571,3.2632474648242e-05,0.000379880312050829,0.000227758447486681,6.31392613119341e-06,7.73750384676276e-05,0.0040603064804084,0.118214735198603,1.3762998341569e-05,2.47762103402355e-05,0.00121406911264005,0.000167551776711128,0.000169853528412811,0.000163855875301655,0.000171597322611405
0.000585853905124667,0.000512371377563325,3.25075885481141e-05,0.000383942952959848,0.000224718966746973,6.31173741190427e-06,8.28275742640022e-05,0.00398889159203087,0.11680541675063,1.1869889172786e-05,2.39117815016079e-05,0.00123899087836965,0.000156852022245135,0.000159550330322999,0.000153409268923044,0.000160711187850104
0.00057813541513041,0.000516835447548769,3.23827857013903e-05,0.000387881624084208,0.000221693437781223,6.30445302120253e-06,8.90205092338247e-05,0.00391784477936155,0.11536931828994,1.02977880962669e-05,2.29281626779251e-05,0.00126080137513285,0.000147854263503389,0.000151027666699388,0.000144707659558319,0.000151594757112017
0.000570339387768515,0.000521239208875812,3.22582222720413e-05,0.000391696932283137,0.000218689289385954,6.28688078990747e-06,9.56452686093135e-05,0.00384739349229937,0.113909696296806,9.06283027079374e-06,2.18376962427408e-05,0.00128002065193394,0.000140104452834633,0.000143807716799449,0.000137293424437468,0.000143776936151863
0.000562468274426298,0.000525583156157583,3.21341388231922e-05,0.000395390668931128,0.000215713057472311,6.25544553130297e-06,0.00010237186608961,0.003777736555161,0.11242928766255,8.17718013618994e-06,2.06540040554523e-05,0.00129706124640194,0.000133443646901377,0.000137717589726583,0.000131003837701704,0.000137093174349845
0.000554524480003149,0.000529867905540882,3.20108002838104e-05,0.000398965620545422,0.000212770386226468,6.21361235700335e-06,0.000108855177224081,0.00370904984029707,0.110930543251875,7.65222967594285e-06,1.9392045081959e-05,0.00131184315812843,0.000125748390798264,0.000130547786034385,0.000123718125870198,0.000129334807686399
0.000546510343751416,0.000534094176102395,3.18883461738473e-05,0.000402425618017843,0.000209865867538406,6.16815938339621e-06,0.000114743081732295,0.00364150281172835,0.109416229494144,7.49558181762251e-06,1.80682721153819e-05,0.00132405953091891,0.000117259073292075,0.000122538184031296,0.000115668963252102,0.000120753639438198
0.000538428117383694,0.000538262766809905,3.17667860132431e-05,0.000405775562265065,0.000207002892417152,6.12563049399995e-06,0.000119683728889405,0.00357525719428029,0.107889442718064,7.70760592519421e-06,1.67001172574413e-05,0.00133341641452128,0.000107924858931185,0.000113627733369537,0.000106796474278026,0.00011129884229899
0.000530279942622669,0.000542374530444256,3.16460790861228e-05,0.000409021646331387,0.00020418336209943,6.0801534280952e-06,0.000123332155619167,0.00351045655283208,0.10635329307356,8.27447006980307e-06,1.53059428908836e-05,0.00134049538965941,0.00010153106362687,0.00010773408050857,0.0001008646701528,0.000104912051619666
0.000522067827538719,0.000546430344217308,3.15263463228632e-05,0.000412170841116999,0.000201407947507781,6.02828570070435e-06,0.000125354006113871,0.00344720052925181,0.104810053332691,9.17798487143222e-06,1.39034506799439e-05,0.00134568946630359,9.52112670636884e-05,0.000101879437884866,9.500930559736e-05,9.86098240031152e-05
0.000513793636018556,0.000550431087954051,3.14076778322736e-05,0.000415230622220597,0.000198676206876025,5.97472201169236e-06,0.000125434105573305,0.00338556948639227,0.103261952686391,1.04003086066062e-05,1.25097011271572e-05,0.00134881532517367,8.81201740531301e-05,9.51794234749226e-05,8.83815175102276e-05,9.15120047672024e-05
0.00050545907627142,0.000554377620053503,3.1290071936585e-05,0.000418209111849421,0.000195986403781712,5.92189444041658e-06,0.000123282771168494,0.0033256310970164,0.10171141821451,1.19170652003966e-05,1.11426885195838e-05,0.00134985633227835,8.14115573947172e-05,8.88233014796347e-05,8.21249928786294e-05,8.48207239948495e-05
0.00049706568788388,0.000558270750819712,3.11735366209653e-05,0.000421115028864993,0.00019333546943362,5.86620789815029e-06,0.00011863975887013,0.00326742682016218,0.100160661388372,1.36957525249834e-05,9.82117810149202e-06,0.00134921924571191,7.62401317808692e-05,8.400395192798e-05,7.7385150996645e-05,7.97390065040426e-05
0.000488614832908518,0.000562111217538019,3.10581520914788e-05,0.000423957315353274,0.000190719235107495,5.80668097331649e-06,0.000111278076723915,0.00321096436003036,0.0986114310684869,1.57008883265835e-05,8.56326773330043e-06,0.00134711861211051,7.12068147915579e-05,7.9264202668905e-05,7.27601686921764e-05,7.4809574922341e-05
0.000480107693931031,0.000565899664065173,3.09439794476951e-05,0.000426744984704186,0.000188132514955863,5.74482588271141e-06,0.000101010172478956,0.00315622933901871,0.0970653876628657,1.78947606150975e-05,7.38641561043654e-06,0.00134359362101061,6.6333367137128e-05,7.4621632364491e-05,6.82666492762829e-05,7.00543970952872e-05
0.000471545272975216,0.000569636620478042,3.0831060100045e-05,0.000429487063212108,0.000185569126369356,5.68069057960141e-06,8.7691420597832e-05,0.00310318536934396,0.0955241039154946,2.02360655192348e-05,6.30788979662927e-06,0.00133878696369699,6.20245076258241e-05,7.0492861549587e-05,6.43039009941004e-05,6.58945033727987e-05
0.000462928392883755,0.000573322484300975,3.07194427175972e-05,0.000432192403419074,0.000183022027695101,5.61403463789079e-06,7.12224159899416e-05,0.00305177113924669,0.0939889586584037,2.2680938371996e-05,5.34419235468861e-06,0.00133285709866654,5.81398224940299e-05,6.67294039972122e-05,6.07271843245938e-05,6.21827388913587e-05
0.000454257702624861,0.000576957504822895,3.06091778257134e-05,0.000434869519077452,0.000180483456217184,5.54473426968294e-06,5.1551400145566e-05,0.00300190208481667,0.0924611642785299,2.51839444976657e-05,4.51062348666431e-06,0.00132594942907371,5.47050301173968e-05,6.33564410669196e-05,5.75584277303642e-05,5.89445403349487e-05
0.000445533685225374,0.000580541769776732,3.05003303844309e-05,0.000437526477904737,0.000177945033081106,5.47095401552677e-06,2.86750670900184e-05,0.00295347016524498,0.0909417212014864,2.769871690961e-05,3.82132145917286e-06,0.00131832553773753,5.21894208530549e-05,6.08618589310606e-05,5.52641824900224e-05,5.66671997563883e-05
0.000436756667099858,0.000584075193570177,3.03930599230284e-05,0.000440170901313541,0.000175397782707809,5.38277968957501e-06,2.63530277141847e-06,0.00290633553830671,0.0894310991566256,3.0179184569211e-05,3.29014888046653e-06,0.00131081312537329,5.28656207341438e-05,6.16125770310783e-05,5.61179487713614e-05,5.77167524600242e-05
0.000427926830835146,0.000587557509135972,3.02876729501023e-05,0.000442809326236748,0.000172832745006291,5.28442686401065e-06,2.64839771338391e-05,0.00286032185972283,0.0879290277106959,3.25798213915275e-05,2.92710123231399e-06,0.00130324417208005,5.09831974582209e-05,5.96206059283455e-05,5.43616955382964e-05,5.60971204311977e-05
0.000419044239190147,0.000590988270960713,3.018428817958e-05,0.000445447396998144,0.000170240866408655,5.18090162476836e-06,5.854235403783e-05,0.00281525894705573,0.0864358396763284,3.4856396371552e-05,2.74059931915441e-06,0.00129540567914965,4.9788901764547e-05,5.82687409249605e-05,5.32464034908031e-05,5.51898706355747e-05
0.000410108851041979,0.000594366852244121,3.00829492028143e-05,0.000448089663959705,0.000167613266700672,5.08273747501509e-06,9.33496392404197e-05,0.00277097008567623,0.084952015789834,3.69645892951035e-05,2.73602366226283e-06,0.00128668452440178,4.53901430210735e-05,5.35038183204772e-05,4.88691034749023e-05,5.09354018626285e-05
0.00040112054570407,0.000597692451508092,2.99834447639036e-05,0.000450739700424085,0.000164941215757441,4.99666230417695e-06,0.000130657834438611,0.00272729750788722,0.0834789277197176,3.88628745037138e-05,2.91621430818789e-06,0.00127671424710241,4.13659798255139e-05,4.90638140890898e-05,4.48162561679233e-05,4.70638006883073e-05
0.000392079139790669,0.000600964094014889,2.98855420175492e-05,0.00045340011441064,0.000162216218617561,4.9216521846307e-06,0.00017017688845405,0.0026840777888666,0.0820179324282099,4.05147646005241e-05,3.28179811493259e-06,0.0012656371190457,3.77997028343513e-05,4.50447717263991e-05,4.11706909272391e-05,4.36601405876536e-05
0.000382984408506593,0.000604180639352525,2.97890784244359e-05,0.000456072480257586,0.000159430178437003,4.84939373161797e-06,0.00021158410229304,0.0026411357672675,0.0805700385735224,4.18901946202318e-05,3.83135327526249e-06,0.00125408472617344,3.67291802397807e-05,4.35799368524448e-05,3.99788091471898e-05,4.28465105651865e-05
0.00037383610790287,0.000607340792116218,2.96940471797846e-05,0.000458757022909428,0.000156575832056693,4.77808566604065e-06,0.00025453395243936,0.00259827841199824,0.0791355808420148,4.29612403019341e-05,4.55797527289942e-06,0.00124221907244881,3.5099413067563e-05,4.14873625048662e-05,3.81746471037614e-05,4.14316068487741e-05
0.000364634002533171,0.000610443120620419,2.96004362314584e-05,0.000461452779355942,0.000153646723098921,4.70472406351174e-06,0.000298652868600554,0.00255531909785215,0.07771486977124,4.37050306178361e-05,5.45317799096473e-06,0.00123029731601876,3.49562010603099e-05,4.09069944289353e-05,3.78182051278264e-05,4.15464187802916e-05
0.000355377888211605,0.000613486073501535,2.95082912478151e-05,0.000464157485088212,0.000150637472700055,4.63178197079861e-06,0.000343548954524863,0.0025120708547743,0.0763079288788808,4.4101834177337e-05,6.5046535031206e-06,0.00121818987869049,3.35021104116429e-05,3.89264219133878e-05,3.61023700888863e-05,4.0268619849293e-05
0.000346067618124946,0.000616468002880399,2.94175847108669e-05,0.000466867788427416,0.000147543703504449,4.55844621552459e-06,0.000388809507139755,0.00246836595138329,0.0749150234869106,4.41388857508101e-05,7.70002121205926e-06,0.00120600417920264,3.32774202449482e-05,3.82047811394726e-05,3.55876612493367e-05,4.02476277164832e-05
0.00033670312291989,0.000619387184128461,2.9328338664758e-05,0.000469579214516069,0.000144362230590528,4.48515737513921e-06,0.00043401590159514,0.00242404073410995,0.0735361647124111,4.38091702260057e-05,9.02442086316707e-06,0.00119374852279941,3.24494350105731e-05,3.68385577282915e-05,3.44355035594157e-05,3.95677773404879e-05
0.000327284433716546,0.000622241841791271,2.92405376076665e-05,0.000472286262978239,0.000141091101197144,4.41223216419984e-06,0.000478744381034262,0.00237895083610647,0.0721714738793454,4.3111443448158e-05,1.04606846098934e-05,0.00118143511357316,3.20557093497209e-05,3.59190912845309e-05,3.36952677738589e-05,3.93100963127502e-05
0.000317811700380144,0.000625030173204366,2.91542024424274e-05,0.000474982567084337,0.000137729560703764,4.33608712992195e-06,0.00052257751303475,0.00233296298692483,0.0708208863075466,4.20522426301737e-05,1.19924184755829e-05,0.00116934934008339,3.26714734656397e-05,3.6054819955722e-05,3.39516850585975e-05,4.00734148127135e-05
0.000308285208069359,0.000627750372833691,2.90694613274134e-05,0.000477660997804219,0.000134278054834458,4.24859842063086e-06,0.00056511507565715,0.00228594640528213,0.0694838638956086,4.06453270121217e-05,1.36052100465356e-05,0.00115810498337432,3.55378262135719e-05,3.854564407757e-05,3.64596045026033e-05,4.31515006648064e-05
0.000298705392767662,0.000630400657787633,2.89865698652747e-05,0.00048031351952682,0.000130738523916651,4.15071235677911e-06,0.000605980828539909,0.00223777158840399,0.0681593076963441,3.89055487141326e-05,1.52758231800366e-05,0.00114766292041812,3.68879992294069e-05,3.94695538994405e-05,3.74286937828705e-05,4.46045973637732e-05
0.000289072859740225,0.000632979299668324,2.89056375417651e-05,0.000482931309687351,0.000127114426591912,4.0538312169186e-06,0.000644810689335245,0.0021883561303281,0.0668466865461294,3.68488102664004e-05,1.69699836701093e-05,0.00113722942819228,3.55454762680507e-05,3.76095859404568e-05,3.56802372869502e-05,4.32015790626794e-05
0.000279388395308722,0.000635484652130813,2.88265420356204e-05,0.000485505165514488,0.000123410442429583,3.96688823833813e-06,0.000681254523956705,0.00213768044052392,0.0655464000626786,3.44989702316417e-05,1.86552267775926e-05,0.00112617424195138,3.30330953527413e-05,3.45663858626333e-05,3.27594008406873e-05,4.05383949009241e-05
0.000269652971184198,0.000637915172960635,2.87490669124146e-05,0.000488025786554269,0.000119632280024262,3.88978301650578e-06,0.000714992063370669,0.00208576559457903,0.0642592335844825,3.18894542836397e-05,2.03080207516679e-05,0.00111449542160824,3.11904658830686e-05,3.22677378395975e-05,3.05277335747034e-05,3.85422984703343e-05
0.000259867745046605,0.000640269443929364,2.86730766934085e-05,0.000490483891821158,0.000115786618692382,3.81487823541971e-06,0.000745748271642382,0.00203264495788406,0.0629856565258918,2.90596208394055e-05,2.19119694394379e-05,0.00110272486744689,3.12760755856178e-05,3.20283396947341e-05,3.02557978252294e-05,3.85286394127826e-05
0.000250034060507387,0.000642546191295335,2.85985678432077e-05,0.000492870125009204,0.000111881300151079,3.74069850511694e-06,0.000773299049439991,0.00197835811129621,0.0617256243595479,2.60501616047305e-05,2.34410752172169e-05,0.00109092300913283,3.05834053401233e-05,3.10369757664519e-05,2.92155794368032e-05,3.76639784520627e-05
0.000240153446850244,0.000644744307459644,2.85255596770284e-05,0.000495175404554571,0.000107924930823511,3.66015414096643e-06,0.000797467631668741,0.00192297288373503,0.0604790397156954,2.29032010952927e-05,2.48766177566237e-05,0.00107959949459774,3.26116310922497e-05,3.29276062732697e-05,3.09382659656743e-05,3.96068789926263e-05
0.000230227612342815,0.000646862865415043,2.84541853559084e-05,0.000497390776800111,0.000103927174123025,3.57907050207995e-06,0.000818130396300471,0.0018665669766852,0.059245341961472,1.96631351358052e-05,2.61830370465906e-05,0.00106827332097248,3.09474036613855e-05,3.10468261620622e-05,2.89623423413987e-05,3.76499742698044e-05
0.000220258440623455,0.000648901139505886,2.83843895174662e-05,0.000499507872904981,9.98982139701898e-05,3.49907871938226e-06,0.000835207549271813,0.0018092869475957,0.0580248269024066,1.63753852974079e-05,2.73326488966913e-05,0.00105680666754848,3.08105279830384e-05,3.08109596727224e-05,2.85583365557951e-05,3.72585115679946e-05
0.000210247974475219,0.00065085861030667,2.83161865004544e-05,0.000501519062331424,9.58486184838014e-05,3.41831736816456e-06,0.000848673484862766,0.00175129125153692,0.0568175003492962,1.30867404828741e-05,2.83082461409942e-05,0.0010453172465798,3.030345045274e-05,3.02560347651415e-05,2.78186477264963e-05,3.64532169840892e-05
0.000200198401525409,0.000652734973008662,2.82496258976472e-05,0.000503417574783338,9.17891500531176e-05,3.33078704610468e-06,0.000858555965548532,0.00169275417085776,0.0556232375567151,9.84227662512477e-06,2.91013361248885e-05,0.00103426206666979,3.19685667760083e-05,3.20113126967003e-05,2.93071901050768e-05,3.78938734163503e-05
0.000190112036291934,0.000654530139943543,2.81848582952549e-05,0.000505197409471747,8.77308868422744e-05,3.23900453545745e-06,0.00086493672854282,0.00163384986171295,0.0544414779211129,6.68929378146805e-06,2.96900560466384e-05,0.00102341123341848,3.14380969221872e-05,3.15586636036036e-05,2.86224360044329e-05,3.70141507288757e-05
0.000179991304272487,0.000656244246122872,2.81219227615814e-05,0.000506853585180544,8.3684839244369e-05,3.14525977937463e-06,0.000867946887945858,0.00157479879202673,0.0532721979915731,3.67362178958296e-06,3.00546168697305e-05,0.00101256882903211,3.12981235226495e-05,3.15683390017529e-05,2.83742668929499e-05,3.65235498220873e-05
0.000169838718281967,0.000657877642715188,2.80608948388661e-05,0.000508382341678826,7.96616155294139e-05,3.04499637632238e-06,0.000867766337787277,0.00151582885044048,0.0521152110469411,8.35097149643771e-07,3.01944032004113e-05,0.00100210594184447,3.24763528986027e-05,3.29934615462824e-05,2.94996850692675e-05,3.73974652845277e-05
0.000159656855102608,0.000659430889879742,2.80019129541564e-05,0.000509781005737842,7.56715541376241e-05,2.93966373852983e-06,0.000864620605905506,0.00145716419517625,0.050970041828279,1.78559647663528e-06,3.00994831428994e-05,0.000991886268986719,3.23609862484808e-05,3.31373380605404e-05,2.93665998729598e-05,3.69092753870204e-05
0.000149448333071678,0.00066090474939251,2.79450698013051e-05,0.000511048164688832,7.1724343578744e-05,2.82792554952283e-06,0.000858777423924298,0.00139904930710035,0.0498364425147048,4.15310153902801e-06,2.97682847058209e-05,0.000982030430286607,3.34558220348447e-05,3.45734144798771e-05,3.04974124051283e-05,3.76788945536388e-05
0.000139215786102542,0.000662300169390839,2.78904949810865e-05,0.000512183616550144,6.7829014513382e-05,2.71193505539669e-06,0.00085054201145901,0.00134172384273243,0.0487139805886431,6.23346870111939e-06,2.9196320495195e-05,0.000972346169158367,3.30524362189832e-05,3.45094256175571e-05,3.01639423695432e-05,3.68840911872947e-05
0.000128961839276409,0.000663618269557742,2.78382907801245e-05,0.000513188526806263,6.39935128974034e-05,2.58591031748745e-06,0.000840252610471328,0.00128543459258658,0.0476023497344857,8.00425762654561e-06,2.84005857508519e-05,0.000963376978435682,3.58295579209189e-05,3.77470185435325e-05,3.3076295467116e-05,3.94107038469427e-05
0.000118689081928691,0.00066486031833024,2.77886814834538e-05,0.000514065181699719,6.02249680480005e-05,2.45246203023353e-06,0.000828272510225602,0.00123039079730457,0.0465005934978643,9.44051380400306e-06,2.73829346249636e-05,0.000954893445836769,3.57315239982725e-05,3.80593901834203e-05,3.31341022684617e-05,3.89454047435844e-05
0.000108400046551549,0.000666027717272755,2.7741767445022e-05,0.000514817082730157,5.65293395867472e-05,2.31299948433294e-06,0.000814989605572408,0.00117682826749827,0.0454083787412731,1.05227881483582e-05,2.61492884504784e-05,0.000946809220558786,3.69656217409364e-05,3.97570367317579e-05,3.45717005559854e-05,3.9879323470271e-05
9.80971829372401e-05,0.000667121973126461,2.76976914235227e-05,0.000515448930381801,5.29112826105904e-05,2.16644828811285e-06,0.000800806360068769,0.00112495773969016,0.0443250963416729,1.12409131066324e-05,2.47186170375079e-05,0.000939264126675776,3.79854672002411e-05,4.12456598952726e-05,3.58304504577411e-05,4.06079772016232e-05
8.77828364930222e-05,0.000668144673943383,2.76565641752491e-05,0.000515966452995231,4.93742599768643e-05,2.0170148426063e-06,0.000786134789007378,0.00107498091379042,0.0432502741341694,1.15844868700572e-05,2.30989460924466e-05,0.000931878577368095,3.74185245599623e-05,4.11127249446697e-05,3.55252420419783e-05,3.97086428916005e-05
7.74592278229846e-05,0.000669097463634527,2.76183969978305e-05,0.000516376411888508,4.59203445597467e-05,1.86879574380627e-06,0.000771392138239266,0.00102710751296198,0.0421839709857917,1.15493277964878e-05,2.13020674359743e-05,0.000924264680289943,3.60768523848254e-05,4.01830897360789e-05,3.44710265453019e-05,3.80361697888132e-05
6.7128432068575e-05,0.000669982012076575,2.75831690830231e-05,0.000516686582862524,4.25500301206583e-05,1.71986620348119e-06,0.000756991331980933,0.000981530529801962,0.0411264105037829,1.11448952832071e-05,1.93604396148718e-05,0.000916639232644401,3.6098083292635e-05,4.06357544777691e-05,3.48154338278839e-05,3.78176259675511e-05
5.67923604166687e-05,0.000670799984284209,2.7550912630403e-05,0.000516905527678579,3.92624086461568e-05,1.56968349517006e-06,0.0007433308503679,0.000938396255876555,0.0400774917084325,1.0385216038995e-05,1.73050459165332e-05,0.000909056663135455,3.56009567781257e-05,4.05404087920891e-05,3.46585147908973e-05,3.71010430794128e-05
4.64527462853415e-05,0.000671553013138149,2.75216611966833e-05,0.000517042462185757,3.60551123763792e-05,1.41593865390921e-06,0.000730790708962046,0.000897819544772978,0.039037096460505,9.29042964104387e-06,1.51711829417638e-05,0.000901796534308552,3.66536486269275e-05,4.20022820321053e-05,3.60760217734679e-05,3.80287598092943e-05
3.61111338927911e-05,0.000672242670660794,2.74954818602069e-05,0.000517107025819752,3.29245309187015e-05,1.26155195126487e-06,0.000719726297574505,0.000859872447638647,0.0380048735265124,7.88055533267135e-06,1.29809662130984e-05,0.000894529858664173,3.54225093472937e-05,4.11004036138252e-05,3.52033009390906e-05,3.66325100943365e-05
2.5768871174725e-05,0.000672870443515938,2.74723792035303e-05,0.000517109236965019,2.98656076322401e-05,1.10415380183415e-06,0.000710465980235594,0.000824614260318217,0.0369808535264943,6.18483392016117e-06,1.07723858174327e-05,0.000887597929914108,3.69774763082642e-05,4.30006503098213e-05,3.7141342628666e-05,3.81588680601341e-05
1.542710357888e-05,0.000673437704217239,2.74524271879351e-05,0.000517059237424622,2.68721584483073e-05,9.45481051561892e-07,0.000703302253877784,0.000792043295782273,0.0359645410373051,4.23469971316005e-06,8.57495212718343e-06,0.000880804516636635,3.61138255915439e-05,4.23886633162951e-05,3.66438262600077e-05,3.72308293107304e-05
5.08677384764011e-06,0.000673945690997768,2.74356315963509e-05,0.000516967181062866,2.39368141216473e-05,7.84881249354941e-07,0.000698490079366461,0.000762143781158466,0.0349558824754023,2.06603494887866e-06,6.42391469143563e-06,0.000874308288458858,3.73574746939109e-05,4.38723902289606e-05,3.82649989076889e-05,3.85196048907632e-05
5.2513772548779e-06,0.000674395483391432,2.74220533866831e-05,0.00051684304596511,2.10511956858089e-05,6.214476181432e-07,0.00069624125022172,0.000734839697358583,0.0339543327584439,2.80728002010139e-07,4.3575102493601e-06,0.000868290801771976,3.8210184916232e-05,4.49010675298567e-05,3.94833909547199e-05,3.94476964714618e-05
1.5586804841955e-05,0.000674787985603498,2.7411727440807e-05,0.000516696424973762,1.82061478304074e-05,4.57653323071572e-07,0.000696721711241989,0.000710024830893526,0.0329594805076863,2.76502514301439e-06,2.40138041219737e-06,0.000862469318560211,3.8098935254971e-05,4.48879686971715e-05,3.97161348605346e-05,3.94246118184949e-05
2.59191511675916e-05,0.00067512391123703,2.74046454213916e-05,0.000516536423104563,1.53917691148309e-05,2.94419245899791e-07,0.000700049079575547,0.000687570769681678,0.03197119082863,5.34306012385078e-06,5.85754638498387e-07,0.000856783063172273,3.82966034215837e-05,4.51261278769932e-05,4.02432197864622e-05,3.97608398557958e-05
3.62482344829496e-05,0.000675403769820671,2.74007948894983e-05,0.000516371503458846,1.25976025906333e-05,1.32030422608787e-07,0.000706290433305891,0.000667311312092532,0.0309892868243197,7.96872500085978e-06,1.05745356376863e-06,0.000851247627182417,3.84114304943228e-05,4.5215475619087e-05,4.0665649432392e-05,4.00527937159945e-05
4.65740345677035e-05,0.000675627857818717,2.74001584115169e-05,0.000516209334554874,9.81281701045722e-06,2.97930696779858e-08,0.000715461049126964,0.000649044471865913,0.0300135662353954,1.05954744985331e-05,2.49695762189611e-06,0.000845979867238666,3.91387210856298e-05,4.5862295472987e-05,4.16803828634515e-05,4.10090562102949e-05
5.6896675416418e-05,0.000675796252908367,2.74027283717615e-05,0.000516056643232399,7.02640810985866e-06,1.91276464167611e-07,0.000727525051457184,0.000632528601865,0.029043648640546,1.31771167311452e-05,3.70474294403289e-06,0.000841095235889378,4.0076168879466e-05,4.66575329443053e-05,4.28771575652354e-05,4.22114547353747e-05
6.72164050424251e-05,0.000675908812632797,2.74084967175625e-05,0.000515919086800598,4.22739324135168e-06,3.52356840399581e-07,0.000742396090075707,0.000617490295708231,0.0280790620324293,1.56686259761633e-05,4.65746313018864e-06,0.000836679038431043,4.13432128886226e-05,4.77230808777485e-05,4.43729756895994e-05,4.37759008005134e-05
7.75335730350546e-05,0.000675965176696769,2.74174504086844e-05,0.000515801148886386,1.4050105684657e-06,5.12283829898208e-07,0.000759938811514809,0.000603630050576718,0.0271192772451152,1.80259289590935e-05,5.33809815911335e-06,0.000832676053592329,4.22044985011194e-05,4.83143840808165e-05,4.54222650514424e-05,4.49461059350842e-05
8.78486062765721e-05,0.000675964773377169,2.74295535955815e-05,0.00051570606666429,1.4510933883452e-06,6.69694362881446e-07,0.000779969361789885,0.000590636322571022,0.0261639363983163,2.02059615592254e-05,5.73631766079968e-06,0.000828866764461811,4.23486815819274e-05,4.81196535990769e-05,4.57085049924144e-05,4.54016023544446e-05
9.81619835927344e-05,0.000675906829250228,2.7444748493366e-05,0.000515635792950109,4.35071598434839e-06,8.24216812245204e-07,0.000802257893992693,0.000578190040298235,0.0252128767021856,2.21696757359437e-05,5.84070734290995e-06,0.000825251729776932,4.29878305826525e-05,4.83726287996422e-05,4.64566514654097e-05,4.63743972102248e-05
0.000108474209687265,0.00067579038195098,2.74629809786653e-05,0.00051559095419651,7.30291926711452e-06,9.76299207491871e-07,0.000826535369705377,0.000565952172720173,0.0242657747976167,2.38832455104206e-05,5.63924694912954e-06,0.000822054348480816,4.44284583827059e-05,4.93879004612729e-05,4.79754384343778e-05,4.8168914630442e-05
0.000118785788158493,0.000675614296985039,2.74841966159123e-05,0.000515570808650945,1.03158089310648e-05,1.12469330144915e-06,0.000852496905975684,0.00055357313640009,0.0233222406630103,2.53114199436927e-05,5.13750261517051e-06,0.000818882968807944,4.35384702580643e-05,4.80021343729486e-05,4.70918803900933e-05,4.75939499769984e-05
0.000129097194309979,0.00067537728836442,2.75083103598028e-05,0.000515573282867998,1.33964367027908e-05,1.26897978748597e-06,0.000879799797573518,0.000540728006320308,0.0223824575636574,2.64258025373184e-05,4.34076480805914e-06,0.000815629545006746,4.37063031442086e-05,4.76508136978415e-05,4.72382929341819e-05,4.80893072344335e-05
0.000139408849039797,0.000675077940624824,2.75352441083676e-05,0.000515595010884162,1.65506536447639e-05,1.40927410118008e-06,0.000908076820698552,0.000527088514874964,0.0214464738832756,2.72038771507639e-05,3.25639599991351e-06,0.000812231172372335,4.29555138832249e-05,4.63455874587515e-05,4.6413535992107e-05,4.76438520379263e-05
0.000149721093346572,0.000674714734508752,2.75649169485526e-05,0.00051563138275168,1.97829814025247e-05,1.5456475379455e-06,0.000936938246691372,0.000512345459042384,0.0205145806635842,2.76275844341507e-05,1.89928752000398e-06,0.000808548409857224,4.22373042778812e-05,4.5055516164072e-05,4.55814844794178e-05,4.72163922183855e-05
0.000160034164276259,0.000674286074247243,2.75972567447269e-05,0.000515676625396533,2.30965358850657e-05,1.67886981246312e-06,0.000965981964606752,0.000496198599248032,0.0195869684214372,2.76900858360862e-05,2.77450907297527e-07,0.00080496492990817,4.32541646006035e-05,4.55029042402133e-05,4.64697758405519e-05,4.85235192939637e-05
0.000170348172304472,0.000673790316461087,2.76322066810053e-05,0.000515723864819462,2.64929491680735e-05,1.80941919944444e-06,0.000994804366774764,0.000478342988261756,0.0186633281908319,2.73886570254714e-05,1.59306915738233e-06,0.000801730422680336,4.44595077488952e-05,4.61344266157182e-05,4.75084637400203e-05,4.99889237001172e-05
0.000180663080137993,0.000673225800289279,2.76697148633431e-05,0.000515765219946007,2.99723352166327e-05,1.93744635752779e-06,0.00102300001558241,0.000458501191720149,0.0177433779401277,2.67194333153571e-05,3.67633815982066e-06,0.000798518689968442,4.41937263343517e-05,4.5289607554122e-05,4.7013835055898e-05,4.99282019921221e-05
0.000190978684123246,0.000672590877943691,2.77097334442367e-05,0.000515791966904877,3.35332702616675e-05,2.06327959635655e-06,0.0010501631827116,0.000436449389285706,0.016827274995131,2.56857262363758e-05,5.93582724628047e-06,0.000795113828790217,4.38972106742153e-05,4.44266886719946e-05,4.64551176986294e-05,4.97970650933377e-05
0.00020129459915566,0.000671883945609242,2.77522207690062e-05,0.000515794708821904,3.71727803878969e-05,2.18704490730082e-06,0.0010759006642144,0.000411993094280914,0.0159150987058467,2.43035118193623e-05,8.34994604029249e-06,0.000791903655899651,4.53130300424043e-05,4.5300282712768e-05,4.76082185251192e-05,5.1351791858667e-05
0.000211610246494166,0.000671103474106927,2.77971349880168e-05,0.000515763496873101,4.08863886978625e-05,2.30867265144097e-06,0.00109984280213524,0.00038494554366408,0.0150063963213846,2.25934939467261e-05,1.08932042802747e-05,0.000789231097987453,4.73570831196479e-05,4.68271702321887e-05,4.9371936639897e-05,5.34891509169633e-05
0.00022192484393796,0.000670248038099119,2.78444364445463e-05,0.000515687960674804,4.46682059614782e-05,2.42866977467893e-06,0.00112164437614946,0.000355154620967308,0.0141005982240444,2.05755236605397e-05,1.35192367847828e-05,0.000786879164841214,4.81600372504998e-05,4.71446436611789e-05,4.98478138417635e-05,5.43186735840751e-05
0.000232237399285878,0.00066931634365841,2.78940965552366e-05,0.00051555750772192,4.85109835508257e-05,2.54722358208892e-06,0.00114098576244685,0.00032252991982847,0.0131974346184152,1.82754087800175e-05,1.61849043180569e-05,0.000784808836491013,4.9530486610605e-05,4.80662043622626e-05,5.08810394931336e-05,5.56637755945166e-05
0.00024254670792094,0.000668307254610312,2.79460873553461e-05,0.000515361517006707,5.24062230466658e-05,2.66455462363813e-06,0.00115758141163259,0.000287021175628441,0.0122965412615737,1.57246340411728e-05,1.88497271250802e-05,0.000783029436901728,5.06384643467195e-05,4.87708979542978e-05,5.16346010805968e-05,5.66885141554119e-05
0.000252851353993597,0.000667219816243847,2.80003838346587e-05,0.000515089516939904,5.63442887110341e-05,2.78031272121781e-06,0.00117118412078687,0.000248622539679354,0.0113975380230896,1.29592975485772e-05,2.14780263296799e-05,0.00078171801477156,5.27226775788314e-05,5.04949408584032e-05,5.33716967494602e-05,5.86377613215339e-05
0.000263149715052452,0.000666053276544676,2.80569548287701e-05,0.000514731342488584,6.0314591149295e-05,2.89494155687742e-06,0.00118158961330716,0.000207363053502968,0.0104998515155165,1.00176504823476e-05,2.40253912245532e-05,0.000780794887867808,5.39046765700713e-05,5.13764755222246e-05,5.41861752331174e-05,5.96210605903202e-05
0.000273439969875305,0.0006648071034695,2.81157858066372e-05,0.000514277317042899,6.43057354997728e-05,3.00905493891279e-06,0.00118863805976022,0.000163332968811649,0.00960314323817016,6.94025034659435e-06,2.64448899946999e-05,0.000780126530945779,5.50457759288525e-05,5.22746002002972e-05,5.49589677013573e-05,6.05065227086143e-05
0.000283720110195895,0.000663480999465893,2.81768759631262e-05,0.000513718440844912,6.83057129555395e-05,3.12398311307083e-06,0.00119221728623624,0.000116676992581552,0.00870721183323785,3.7702483569466e-06,2.86878262771156e-05,0.00077945644886096,5.50863079030739e-05,5.21455586073305e-05,5.46202015383468e-05,6.02350795019246e-05
0.000293987956135305,0.000662074912189281,2.82402390987535e-05,0.000513046586055999,7.23020063223626e-05,3.23835753544832e-06,0.00119226472114246,6.75913890221783e-05,0.00781199379415172,5.52591743552092e-07,3.07305026943303e-05,0.000779135714332024,5.73067464486599e-05,5.42307600577274e-05,5.6509118943171e-05,6.21019068229867e-05
0.000304241174882647,0.000660589042908444,2.83058411598702e-05,0.000512254589996486,7.62818390202605e-05,3.35011872926172e-06,0.00118876699355185,1.62713985186655e-05,0.0069167798841889,2.66781407469153e-06,3.2556372190868e-05,0.000779615121191291,6.03673675477756e-05,5.72037416394222e-05,5.92637899152759e-05,6.47598913262604e-05
0.000314477300303651,0.000659023848180618,2.83736463861928e-05,0.0005113362946364,8.02325309697677e-05,3.46265867290363e-06,0.00118176081733166,3.70507570133728e-05,0.00602081522866928,5.84461839805103e-06,3.41054824564112e-05,0.000780267217414254,6.00476062374566e-05,5.69114731195919e-05,5.85972489400843e-05,6.39822754959773e-05
0.000324693754927968,0.000657380036799715,2.84436862640902e-05,0.000510286781576386,8.41414669411067e-05,3.57501995469633e-06,0.00117133530787201,9.20562900193552e-05,0.00512406377933879,8.93436428972436e-06,3.53518757697964e-05,0.000781252974219881,6.25229803590255e-05,5.94250614734948e-05,6.079209645804e-05,6.5964303657351e-05
0.000334887876221684,0.000655658566996564,2.85159491784093e-05,0.000509102439387621,8.79964788210452e-05,3.68893278514248e-06,0.001157624707717,0.000148426052041495,0.00422602297894042,1.1893182074355e-05,3.62649757107286e-05,0.000782333199070728,6.21410205957629e-05,5.91941219461045e-05,6.0114421014501e-05,6.5059436899606e-05
0.000345056943032385,0.000653860633887282,2.85904972230355e-05,0.000507781063807444,9.17859784457659e-05,3.80591711693357e-06,0.00114081369931437,0.000205773082827132,0.0033268490518419,1.4679096908597e-05,3.68160456950643e-05,0.000783285130882105,6.25060017332979e-05,5.97508345644426e-05,6.02279267571948e-05,6.4879374088056e-05
0.000355198205243323,0.000651987657967368,2.86673763536527e-05,0.000506321955682676,9.54990841865039e-05,3.92434790694174e-06,0.00112112816432196,0.000263703339598865,0.00242652353087765,1.72561169785552e-05,3.70053720756755e-05,0.000784380261847295,6.36165526961552e-05,6.10874910913495e-05,6.11347834477138e-05,6.54294596497129e-05
0.000365308913354623,0.000650041267590162,2.87466191259966e-05,0.000504725865544287,9.91259460412369e-05,4.04555571813237e-06,0.00109883142727802,0.000321820802708341,0.00152488494452803,1.95887174772782e-05,3.68192478939072e-05,0.000785454036980882,6.36033991257001e-05,6.13731384939697e-05,6.09384982074301e-05,6.48493470056799e-05
0.000375386347613194,0.000648023277198373,2.88282815406049e-05,0.000502995035589704,0.000102657771997583,4.16813630960133e-06,0.00107422333245814,0.00037970939204759,0.00062194619922951,2.16476794392841e-05,3.62611172664631e-05,0.000786697985566132,6.50638187509323e-05,6.3136647408979e-05,6.22744720022439e-05,6.57337096809929e-05
0.000385427847871989,0.000645935665707698,2.89123469396912e-05,0.000501133162545409,0.000106086944951816,4.286980229945e-06,0.00104762725664712,0.000436985917111121,0.000282823837192397,2.34121966106458e-05,3.5358460909421e-05,0.00078875303202508,6.86316166966794e-05,6.69862142995692e-05,6.57831771574413e-05,6.87136410769673e-05
0.000395430840932964,0.000643780550153572,2.89987243937695e-05,0.000499145202799589,0.000109407357528471,4.40264329841511e-06,0.00101938519394736,0.000493302309626032,0.00119047075789122,2.48593523772939e-05,3.41116483921731e-05,0.000791526958376421,7.04962969694245e-05,6.92061369077512e-05,6.76010804742111e-05,7.00032113044591e-05
0.000405392864759047,0.000641560153715304,2.90873906743094e-05,0.00049703733380102,0.000112614465497943,4.51901165504642e-06,0.000989865893982194,0.000548281172080396,0.00210153991817665,2.59667710725527e-05,3.25085816357436e-05,0.000794537282879093,7.11674121759431e-05,7.028800145914e-05,6.82489369930872e-05,7.01230790647323e-05
0.00041531159338265,0.000639276774857422,2.91783926900102e-05,0.000494816977956503,0.000115705309073941,4.63952908262566e-06,0.000959458773907507,0.000601526282081078,0.00301609782787439,2.67195158309466e-05,3.05535484887015e-05,0.000797391986845086,7.07088039543224e-05,7.02863508129647e-05,6.78000251318478e-05,6.91570216529991e-05
0.00042518486133597,0.000636932754750408,2.92718395185076e-05,0.000492492752715235,0.000118678574717312,4.76646271638237e-06,0.000928564967754396,0.00065264287491978,0.00393381600296095,2.71111467046327e-05,2.826857951874e-05,0.000799848266377079,6.9825939036261e-05,6.98774550815795e-05,6.69727758165761e-05,6.78185416774779e-05
0.000435010686966497,0.000634530445352222,2.93678210177006e-05,0.000490074415091635,0.000121534437386897,4.89319549389078e-06,0.000897583054734249,0.000701280056239252,0.00485447860865476,2.71492489123873e-05,2.57149036032474e-05,0.000802595577414689,7.22297766716506e-05,7.265130606815e-05,6.95168674845759e-05,6.97773811790814e-05
0.000444787292271376,0.000632072177922605,2.94663102424764e-05,0.000487572465066255,0.000124274955717235,5.02168489625865e-06,0.000866895220348341,0.000747170770035728,0.00577855814134018,2.6839147315327e-05,2.29250263155054e-05,0.000805416898112365,7.18084035080668e-05,7.26770094453544e-05,6.92458074095237e-05,6.89960146948998e-05
0.000454513115750732,0.000629560225733572,2.95673353796211e-05,0.000484998123089553,0.000126903628576369,5.14585042669935e-06,0.000836877122944749,0.000790065868862312,0.00670616391602006,2.61945490751652e-05,1.99519903686489e-05,0.000808880616037067,7.5646546439323e-05,7.68120478855661e-05,7.33157573988841e-05,7.24618901121188e-05
0.000464186825530233,0.000626996777329247,2.96707575513366e-05,0.000482362984443818,0.000129425669458089,5.26552090295007e-06,0.000807876558676214,0.000829811367481151,0.00763832127136328,2.52312333020077e-05,1.68376605168621e-05,0.000812978304873146,7.68347198786268e-05,7.83590637358778e-05,7.47422007359999e-05,7.33720187559017e-05
0.000473807322901643,0.000624383898704339,2.97765692751639e-05,0.000479678805226147,0.000131847978266042,5.38863600793582e-06,0.000780229467146612,0.000866254631713861,0.00857529441670879,2.39631414135134e-05,1.35992386397325e-05,0.000816930287199813,7.61314309822847e-05,7.80480996198651e-05,7.42915493415763e-05,7.2484873821832e-05
0.00048337374688856,0.000621723505838223,2.98848266679919e-05,0.000476957621677321,0.00013417854590167,5.50973492897955e-06,0.000754249943711677,0.000899271011528258,0.0095169791585101,2.24178743686618e-05,1.02986132311314e-05,0.000821224554311384,7.87079954076564e-05,8.08732302080006e-05,7.71865353436096e-05,7.48872125383437e-05
0.000492885476873872,0.000619017341842332,2.99954757876364e-05,0.000474211280904968,0.000136426883665108,5.63326643188145e-06,0.000730212548527586,0.000928824629883385,0.0104638358059785,2.06249951138658e-05,6.98047002567134e-06,0.000825443969340145,7.74351198419287e-05,7.99329242435753e-05,7.62269348946187e-05,7.35893333440041e-05
0.000502342125813404,0.000616266946143806,3.01086325866784e-05,0.000471451378290966,0.00013860359125642,5.76216379551131e-06,0.000708363669839928,0.000954892003365405,0.0114154217610632,1.8617026830637e-05,3.68960530620216e-06,0.000829305499473187,7.71690639990164e-05,7.99186030605581e-05,7.6310174672245e-05,7.33523283450443e-05
0.000511743535873799,0.000613473639031858,3.02243577054995e-05,0.000468689165272429,0.000140720035336689,5.89146147553232e-06,0.000688906145536064,0.000977523192640487,0.0123715511004454,1.64331970774632e-05,4.91621840355283e-07,0.00083322205811287,7.81268825892356e-05,8.10345522687106e-05,7.76503370307768e-05,7.43854731832805e-05
0.000521089767982041,0.000610638505509353,3.03426164118825e-05,0.000465935224082004,0.000142788351972928,6.01701507876862e-06,0.000671994757742123,0.000996850818924832,0.0133324777340648,1.4113783436428e-05,2.55431312782065e-06,0.000837516150877127,7.98830410004836e-05,8.28673042055916e-05,7.98095448240055e-05,7.62646448405624e-05
0.000530381086377152,0.000607762382200061,3.04632901246826e-05,0.000463199283931459,0.000144821183799798,6.13363136607592e-06,0.000657736493571632,0.00101308033741402,0.0142988220470758,1.16991201719634e-05,5.39360153448132e-06,0.000842589391806037,8.30561342393121e-05,8.60142314919043e-05,8.34042041165661e-05,7.95860144161553e-05
0.000539617938854264,0.000604845847830049,3.05862210474572e-05,0.000460489880088732,0.000146831762526278,6.24762139014856e-06,0.000646191695752599,0.00102647522680192,0.015271359283143,9.23105515738014e-06,7.9930082877884e-06,0.000847898026027361,8.29909729594958e-05,8.59760793198161e-05,8.37353451748069e-05,7.98128894270445e-05
0.000548800931906457,0.000601889214084106,3.07114217239501e-05,0.000457814430457337,0.000148833347643401,6.36229222392148e-06,0.000637379447405781,0.0010373096719478,0.0162500405040639,6.75196484101983e-06,1.03164106462668e-05,0.000853160652687757,8.35130850980192e-05,8.6449150398682e-05,8.4659493462258e-05,8.06727153257469e-05
0.000557930809600982,0.000598892531012085,3.08388555865236e-05,0.000455179230760439,0.000150838850903001,6.47130344816338e-06,0.0006312711852589,0.0010459152061281,0.017235031443505,4.30310244632894e-06,1.23137228714917e-05,0.000858873901575186,8.58834125905261e-05,8.86508346534809e-05,8.74437946232209e-05,8.33850678356729e-05
0.000567008427968307,0.000595855592956274,3.09683821635431e-05,0.000452589108306256,0.000152860982161551,6.57434961980063e-06,0.000627790144915172,0.00105268839655188,0.0182269535185452,1.92658427470214e-06,1.39483036448902e-05,0.00086504267326426,8.7287055734242e-05,8.9862168672461e-05,8.92420483542544e-05,8.52055787783357e-05
0.00057603472441059,0.000592777944580125,3.10998891568381e-05,0.000450047421886368,0.000154911861778545,6.67028452550067e-06,0.000626815428195331,0.00105805739680584,0.0192262768954692,3.37592248348929e-07,1.5190281483092e-05,0.000871738884841655,8.96172530578943e-05,9.19154284744206e-05,9.19570721804597e-05,8.79646242030185e-05
0.00058501068834016,0.000589658895869372,3.12332307288443e-05,0.000447555950453316,0.000157002892717445,6.76071249071375e-06,0.000628183398717319,0.00106248712917991,0.0202336055259886,2.44998479838365e-06,1.60174641131439e-05,0.000878828083636485,9.07974803029399e-05,9.28072167070138e-05,9.34902117001313e-05,8.9641399239615e-05
0.000593937328313698,0.000586497537051089,3.13683451853564e-05,0.000445114857015261,0.000159144568171288,6.85048168390379e-06,0.000631691322952943,0.0010664524642071,0.0212491622043459,4.37182284788307e-06,1.64168377596412e-05,0.000885933644759418,9.09799192113647e-05,9.26884365222147e-05,9.39907947800078e-05,9.03773845329914e-05
0.000602815641112531,0.000583292760841125,3.15052303276886e-05,0.000442722829358311,0.000161346077784952,6.93907104577784e-06,0.000637100413677987,0.00107043682627939,0.0222729034805002,6.07018836636266e-06,1.63752440765115e-05,0.000893088928302532,9.18820838762269e-05,9.32223210451388e-05,9.51873728005648e-05,9.18277412904622e-05
0.000611646582543757,0.00058004329040906,3.16438293310739e-05,0.000440377063966713,0.000163615193870759,7.02297332320911e-06,0.000644139518224127,0.00107494525799784,0.0233050108373085,7.51756528741772e-06,1.58834301459652e-05,0.000900544256260183,9.35317531212121e-05,9.44398333094787e-05,9.71021769886615e-05,9.40075527050555e-05
0.000620431036387314,0.000576747707037528,3.17840652694912e-05,0.000438073126176275,0.000165958372348729,7.10638490010462e-06,0.00065250957550133,0.00108048974390647,0.0243457364930626,8.68541836946392e-06,1.49478231104387e-05,0.000907974385575883,9.33912850691332e-05,9.3895303318936e-05,9.71689146571642e-05,9.44502641102574e-05
0.000629169782985883,0.00057340447852261,3.19259634995461e-05,0.000435805201123407,0.000168380376266958,7.19060616624634e-06,0.000661888221363902,0.00108755950372031,0.0253948851345303,9.55130569610422e-06,1.35798115475858e-05,0.000915273822884144,9.38199756119751e-05,9.38740051800169e-05,9.7765423548779e-05,9.54298550642774e-05
0.000637863474060696,0.000570011996004149,3.20695114646163e-05,0.000433566225873872,0.000170884142329825,7.27260560136334e-06,0.00067193535267026,0.00109663704266257,0.0264524101029235,1.01007431876893e-05,1.17928962076116e-05,0.000922653087503056,9.48917611856004e-05,9.44532693212263e-05,9.89632885470826e-05,9.70073736111798e-05
0.00064651260848414,0.00056656861065818,3.22145950888419e-05,0.000431348034527601,0.000173470672891973,7.34309600057548e-06,0.000682298755764455,0.0011082009224194,0.0275186735869854,1.03280190364334e-05,9.60204455800057e-06,0.000930773063050283,9.85904837358387e-05,9.75541883371234e-05,0.000102760886247943,0.000101091030967337
0.00065511751067826,0.000563072671895259,3.23609106049894e-05,0.000429141297819235,0.000176139231723937,7.39642696859222e-06,0.000692619081218512,0.00112273234386621,0.028594812205716,1.02293160470907e-05,7.03290807423443e-06,0.000940032563577942,0.000102761390771144,0.00010110326362156,0.000106978194009955,0.000105587886206959
0.000663678306354165,0.00055952255930769,3.25081662468918e-05,0.000426935459939881,0.000178887587905269,7.44174099376327e-06,0.000702534120957495,0.00114067325028486,0.0296819131028318,9.7952179916198e-06,4.13335546188207e-06,0.000949783323596354,0.000103677477536146,0.000101513094045602,0.000107849306900221,0.000106887561758917
0.00067219490088144,0.000555916713756099,3.26563249464229e-05,0.000424719179984101,0.000181711725122491,7.48992657272074e-06,0.000711684161484878,0.00116237877709945,0.0307800392292957,9.0209895355163e-06,9.57372132823903e-07,0.000959271580339871,0.000103125758912692,0.000100517750041607,0.000107184387402648,0.000106715121198531
0.000680666969407162,0.000552253676962544,3.28054529243893e-05,0.000422480845073125,0.000184605547918909,7.53880015633146e-06,0.000719719168417641,0.00118814030105159,0.0318888581161801,7.91706058052123e-06,2.45345391105753e-06,0.000968668566435404,0.000104133799582962,0.000101043125772748,0.000108046609751056,0.000107992343705177
0.000689093952252473,0.000548532130838164,3.29555243974156e-05,0.000420208530211186,0.000187561251595747,7.58590106132717e-06,0.000726305254684906,0.00121821543274696,0.0330084195211003,6.49937100528256e-06,6.05311420238605e-06,0.000978145313938639,0.000105075166945023,0.000101525152586657,0.000108789934809672,0.000109135327649557
0.000697475048900498,0.00054475092868489,3.31065007821429e-05,0.000417890147136668,0.000190569478303315,7.63041806021991e-06,0.000731129647000649,0.00125280661860288,0.0341388181201616,4.78630223257534e-06,9.78711999576054e-06,0.000987750127645792,0.000106335504687416,0.000102340359437236,0.000109801758859884,0.000110509740975595
0.000705809217165232,0.000540909125402722,3.32583421114307e-05,0.000415513618783225,0.000193619490334807,7.67479416451111e-06,0.000733904516155412,0.00129205279554389,0.0352801467545187,2.79839341396544e-06,1.35927923472084e-05,0.000997304205193505,0.000106688380811959,0.000102312911692382,0.000109843382832708,0.000110924063275397
0.000714095177110963,0.000537006005098983,3.3410997978045e-05,0.000413067404187784,0.000196699000683809,7.70943844015382e-06,0.000734370340197041,0.00133602796063235,0.0364325356493113,5.65076213580662e-07,1.74221570038643e-05,0.00100747714295746,0.00011053977690767,0.000105690053311513,0.000113372694782177,0.000114643575812812
0.000722331422637446,0.000533041109156418,3.35642175279816e-05,0.000410540249745628,0.000199794823790012,7.73412575851007e-06,0.000732296620509117,0.00138477612047218,0.0375969179079367,1.88500610945492e-06,2.12134441543166e-05,0.00101828213424549,0.000112495304819604,0.000107283231462585,0.000114935877416622,0.000116440877183877
0.000730516226248645,0.000529014249195381,3.37178755813738e-05,0.000407921436776149,0.000202893017948791,7.75524460785992e-06,0.000727489653472664,0.00143824657135451,0.0387737301055439,4.52348967625978e-06,2.48930133681068e-05,0.00102928486320186,0.000113633117958978,0.000108136006848891,0.000115628310210503,0.000117362373703966
0.0007386476552389,0.00052492552334249,3.38719495243112e-05,0.000405201168266256,0.000205978947455554,7.77823593761662e-06,0.000719795121500847,0.00149629909535172,0.0399630188652986,7.31792846279278e-06,2.83919775343373e-05,0.00104012231258116,0.000113583804036477,0.00010789715088122,0.000115086273835496,0.000117054111713033
0.000746723592668586,0.00052077532805539,3.40264834890469e-05,0.000402370916479988,0.000209037388509525,7.80116238170703e-06,0.000709100411731913,0.00155871495738162,0.0411645808101177,1.02312594526085e-05,3.16566775328056e-05,0.00105093716503862,0.000114807497502811,0.000108933165223646,0.000115805272981939,0.000117903752957282
0.000754741764448008,0.000516564367478045,3.41814386981554e-05,0.000399423437684177,0.000212052914100924,7.82131329939151e-06,0.000695332512968318,0.00162523038611795,0.0423785459951721,1.32248189280132e-05,3.46376015575162e-05,0.00106191361869507,0.00011614088512335,0.000110126075428818,0.000116612373804448,0.000118784224359736
0.000762699764904617,0.000512293653744167,3.4336740030394e-05,0.000396352879677431,0.00021501015190406,7.83578180235667e-06,0.000678459729692548,0.00169552865478697,0.0436051842221827,1.62598181642265e-05,3.72867723407305e-05,0.00107324830890176,0.000118306545477842,0.000112170492769792,0.000118241523932028,0.000120399399336946
0.000770595086105108,0.000507964503803859,3.44922534010195e-05,0.000393154845500954,0.000217894071083524,7.84336391518314e-06,0.000658490364866242,0.00176924730076332,0.0448449973581499,1.92978255091542e-05,3.95569281943335e-05,0.00108502364255292,0.000120359738211673,0.000114159430841809,0.000119742857963789,0.000121838672161312
0.000778425147247463,0.000503578529502557,3.46478494068769e-05,0.000389826478430888,0.000220690237252075,7.84491304231527e-06,0.000635474158341217,0.00184596949610842,0.0460984727746833,2.2301037267484e-05,4.14020814305978e-05,0.00109718614689747,0.000122211118899318,0.000116007087493042,0.000121033533831416,0.000123023679976075
0.000786187326515475,0.000499137623377832,3.48034351089765e-05,0.000386366523657533,0.00022338507666203,7.84420683122566e-06,0.000609502456971036,0.00192522399942088,0.0473659635562009,2.52323451556424e-05,4.27782118058266e-05,0.00110948315618137,0.000122960692594543,0.0001168486019959,0.000121213416627297,0.00012309121165277
0.000793878993869956,0.000494643939057293,3.49590100134911e-05,0.000382775453932727,0.000225966066295991,7.84536229526955e-06,0.000580709256239087,0.0020064815927345,0.0486474672165777,2.80557512465597e-05,4.36488547045782e-05,0.00112163664521869,0.000123024241858505,0.000117080069553133,0.000120713107913284,0.000122455664608556
0.00080149754732084,0.000490099869029481,3.51146177557382e-05,0.000379055626168912,0.000228421859817585,7.84771888272251e-06,0.000549266862892035,0.00208917470881289,0.0499428107364887,3.07375230906016e-05,4.39947972567384e-05,0.00113369084406117,0.000123600443317273,0.000117846620211859,0.000120752176305028,0.000122289954076482
0.000809040450498344,0.00048550801904057,3.52702523653825e-05,0.000375211214393323,0.000230742528057104,7.84798692746169e-06,0.000515378390975859,0.00217272628406847,0.0512520103791025,3.32468119341846e-05,4.38088597923131e-05,0.00114586210703238,0.000124792188678557,0.000119242304668199,0.000121439779888988,0.000122701565186345
0.000816505267019485,0.000480871176880004,3.54258647567995e-05,0.000371247994945589,0.000232919852000413,7.84667167151587e-06,0.0004792748874845,0.00225655541967112,0.0525752379582881,3.55549711351507e-05,4.30833519724123e-05,0.00115810060930366,0.000125337242709023,0.000120053137650622,0.000121506772293722,0.000122474572823661
0.000823889691998314,0.000476192276792964,3.55814313977021e-05,0.00036717338453629,0.000234947383155715,7.84349434056197e-06,0.000441215572836631,0.00234006975672572,0.053912548798293,3.76365796811405e-05,4.18187316261719e-05,0.00117041403335522,0.00012620810757269,0.000121206883938019,0.000121941374527146,0.000122563444809765
0.000831191584767299,0.000471474363383573,3.57369060894897e-05,0.00036299633144965,0.000236820583715103,7.83806171292256e-06,0.000401481069938904,0.00242268475595625,0.0552640748862335,3.9469870314979e-05,4.00247670571396e-05,0.00118281797933667,0.000126849596219447,0.000122166240248633,0.000122190643249809,0.000122441476124946
0.000838408997290596,0.000466720551576483,3.58922600605105e-05,0.000358727128913161,0.000238536972699266,7.83249789636231e-06,0.000360371510520066,0.00250382516544872,0.0566298652509961,4.10362051290281e-05,3.77156943826076e-05,0.0011951534326603,0.000126789207617106,0.000122472941133989,0.000121785259323492,0.000121662505536579
0.000845540200208994,0.00046193398512695,3.60475123200032e-05,0.000354377347677626,0.000240096141146118,7.8286147782991e-06,0.000318203979375774,0.00258292847902494,0.0580097645566309,4.23210305414053e-05,3.4915199883561e-05,0.00120728144577886,0.00012637706516172,0.000122456050307806,0.000121085126176257,0.000120577779251674
0.000852583707606547,0.000457117795345185,3.62026924642933e-05,0.000349959744334494,0.000241499736042705,7.82519039017882e-06,0.000275305552483463,0.00265946231459461,0.059403556277591,4.33148499104273e-05,3.1659976468517e-05,0.00121926807173917,0.000126322975242843,0.000122788889778014,0.000120810259593096,0.000119884647809543
0.000859538298560558,0.000452275059761642,3.63577919899605e-05,0.00034548800096923,0.000242751502957717,7.82066819565719e-06,0.000232005652781485,0.00273294267921665,0.0608111489087582,4.40124280206818e-05,2.79941765398244e-05,0.00123119705487601,0.00012630530065938,0.000123157235935811,0.000120640009840689,0.000119279834124186
0.000866403033255692,0.000447408760340329,3.65127693049416e-05,0.0003409765351996,0.000243857224806687,7.81233553341643e-06,0.000188632116563242,0.00280293968382598,0.0622325521284841,4.44126387977585e-05,2.39685526629042e-05,0.00124323126549486,0.000126868730287888,0.000124077691153412,0.000121124363654967,0.000119297437582544
0.000873177265124925,0.000442521743210689,3.66675402663219e-05,0.000336440161707641,0.000244824725528281,7.80074852453627e-06,0.000145506558850237,0.00286908545221875,0.0636679145539621,4.45174377514166e-05,1.96356771216231e-05,0.00125530876278179,0.000126651161339364,0.000124240066959769,0.000120896211332155,0.000118628783427943
0.000879860645887742,0.000437616678384489,3.6822068403719e-05,0.000331893894445767,0.00024566374788243,7.7886950659023e-06,0.000102946017927085,0.00293106401279156,0.0651171693410267,4.43320521449336e-05,1.50512255094812e-05,0.00126721674127622,0.000125745193176208,0.000123727436974752,0.000120051680024824,0.000117372130993165
0.000886453129479658,0.000432696024095569,3.6976327632221e-05,0.000327352966114636,0.000246385660190584,7.77208515184702e-06,6.12565564914963e-05,0.00298862409399582,0.0665801824443102,4.38671570435008e-05,1.02823685858948e-05,0.0012792148047841,0.000126251167327118,0.000124546401900849,0.000120700543791208,0.000117559758318952
0.000892954973312321,0.00042776199538419,3.71301936006319e-05,0.000322832328259803,0.000247003465013218,7.74976864592603e-06,2.07228427568702e-05,0.00304160255235445,0.0680571761370545,4.31365420066585e-05,5.39760434671924e-06,0.00129135446926015,0.00012595759395917,0.000124572915441545,0.000120622000923776,0.000117061987341072
0.000899366727830531,0.000422816531737924,3.72835924520309e-05,0.000318346335695496,0.000247531653384259,7.72639485001336e-06,1.83859060342383e-05,0.00308990301949729,0.069548140619182,4.21558593622288e-05,4.63162665033379e-07,0.00130329096318044,0.000124339258448125,0.000123299257535181,0.000119288894025904,0.000115377415243256
0.000905689224258932,0.000417861270646136,3.74365459734349e-05,0.000313908705748989,0.000247985878230161,7.70578266365285e-06,5.58163400622074e-05,0.00313349187738368,0.0710526587442038,4.09443167367743e-05,4.45108486689036e-06,0.00131473616377564,0.000121946161367292,0.00012124682053527,0.000117251740007318,0.000113039093479927
0.000911923561785821,0.000412897527927059,3.75890807489121e-05,0.000309532562747017,0.000248382563356853,7.68173117707271e-06,9.13391805044259e-05,0.00317241387075462,0.0725702550242838,3.95251141024014e-05,9.27042848383394e-06,0.00132607444801686,0.000121620946987977,0.000121135099600211,0.000117353565488143,0.000112777585892121
0.000918071090963979,0.000407926283182758,3.77411235072955e-05,0.000305229618854819,0.000248739027291278,7.65998761964592e-06,0.000124757170101613,0.00320680656762699,0.0741007913762258,3.7923273448442e-05,1.39242337404526e-05,0.00133687021686152,0.000117723093177813,0.00011755389776702,0.000113941395140649,0.00010917195467075
0.000924133382044223,0.000402948163684358,3.7892793113059e-05,0.000301010413400138,0.000249072947834661,7.64292941325684e-06,0.000155891084428103,0.00323685891881672,0.0756433286291519,3.61651674677715e-05,1.8344369881379e-05,0.00134691574895579,0.000114836112632521,0.000114893856256404,0.000111597740207081,0.000106619485864323
0.000930112205825173,0.000397963443539817,3.80441212572968e-05,0.000296884300474087,0.000249402002032162,7.62432664000445e-06,0.000184595091363898,0.00326284398932687,0.0771972018931439,3.42790820032974e-05,2.24644557949988e-05,0.00135657177359927,0.000112764842609359,0.000112964559197404,0.000110119222502592,0.000104924793772887
0.00093600950335504,0.000392972043373185,3.81950620251814e-05,0.0002928588687649,0.000249743849127515,7.60473132485617e-06,0.000210756690155636,0.00328511286745891,0.078761970813638,3.22942534711392e-05,2.62232404616876e-05,0.00136573796959927,0.000109531150485953,0.000109868761295928,0.000107519981251025,0.000102186154968043
0.000941827348866831,0.000387973533212405,3.83456447021757e-05,0.000288939876242844,0.000250115815612129,7.58949473389503e-06,0.000234289637479327,0.00330407160520711,0.080336835504846,3.0240767100863e-05,2.95636726901534e-05,0.00137400099620588,0.000104871167449505,0.00010535330332373,0.000103529168478333,9.81461727550537e-05
0.000947567916786962,0.000382967144508251,3.84959121064732e-05,0.000285131754010459,0.000250534287475512,7.56842155899551e-06,0.000255136126300207,0.00332018159704874,0.0819208702429698,2.81463534298344e-05,3.24389922444247e-05,0.00138196017654629,0.000103619086740614,0.000104050463451522,0.000102967601900983,9.74138898461874e-05
0.000953233452581248,0.000377951790310749,3.86456793433076e-05,0.000281436805122159,0.000251014881691602,7.54132475190572e-06,0.000273275165247405,0.0033339760580448,0.0835139178440811,2.60403153546953e-05,3.48062618205826e-05,0.00138955724321854,9.97425591636736e-05,0.000100179550027502,9.98000108771713e-05,9.42186322998584e-05
0.000958826226393983,0.000372926081154246,3.87948516200609e-05,0.000277855560006202,0.000251571989768828,7.50489530002008e-06,0.000288709136151055,0.00334602106575409,0.0851154016731073,2.39497996517525e-05,3.66316433245244e-05,0.0013969274123139,9.80727384830571e-05,9.83707904343989e-05,9.88426907156947e-05,9.31589373246444e-05
0.000964348500396506,0.000367888353501211,3.8943262546276e-05,0.000274386229665857,0.000252218839444873,7.47080397714428e-06,0.000301467890570886,0.00335692259655458,0.0867249277368779,2.19055249369272e-05,3.78807293550023e-05,0.00140327700973408,9.07427967425933e-05,9.10920368963897e-05,9.2231593449954e-05,8.67324134870007e-05
0.000969802478691273,0.000362836693203694,3.9091102641553e-05,0.000271025316040452,0.00025296695211674,7.44585740160286e-06,0.000311594504794105,0.00336728206971705,0.0883407492396486,1.99354619880161e-05,3.85298991492453e-05,0.00140811928156181,8.44503318309098e-05,8.47583953148545e-05,8.66419508530614e-05,8.13018742591431e-05
0.000975190284901339,0.000357768977609307,3.92384461536111e-05,0.000267768124056544,0.000253825719321643,7.4169994578599e-06,0.00031915647037473,0.00337772306288489,0.089961448589369,1.80590091764471e-05,3.8578531293923e-05,0.00141217018591955,8.06039735118391e-05,8.07155812545535e-05,8.34668036184816e-05,7.81839967156639e-05
0.000980513931234661,0.000352682915207403,3.93851192757033e-05,0.000264608081137263,0.000254802693206657,7.37726205286837e-06,0.000324245589922317,0.00338888758934871,0.0915863620440722,1.62957315715046e-05,3.80328191864395e-05,0.00141574442424997,7.65840268783791e-05,7.64573694925774e-05,8.00811837823323e-05,7.48753994456175e-05
0.000985775277665413,0.000347576081185963,3.95309670224719e-05,0.000261536483967539,0.000255903667598145,7.33781427163238e-06,0.000326969608008635,0.00340140618793475,0.0932146479816627,1.4670934329412e-05,3.68950573369376e-05,0.00141809763512513,6.87828292443848e-05,6.85425735617029e-05,7.28751566309027e-05,6.79499835513075e-05
0.000990975995475818,0.000342445956109994,3.96760577654476e-05,0.000258543574550851,0.000257132109654723,7.29745596561582e-06,0.000327446389066509,0.00341587511671001,0.0948446161552336,1.32019921220984e-05,3.51839526345401e-05,0.00141919982629968,6.30017654452697e-05,6.25141595246292e-05,6.76312265697199e-05,6.28866842748987e-05
0.000996117551267384,0.000337289974768118,3.98203232481187e-05,0.000255618266569058,0.0002584893234302,7.25680104957105e-06,0.000325806658725404,0.003432869283108,0.0964749147433484,1.19039255409329e-05,3.29285011119538e-05,0.00141893299576112,5.50050894335685e-05,5.43354537589913e-05,6.01092104978163e-05,5.56660844436285e-05
0.00100120117408498,0.000332105565620688,3.9963856941494e-05,0.000252748111577661,0.0002599745454544,7.22534277503017e-06,0.000322187126583915,0.00345291128221952,0.098103586657483,1.07937898889691e-05,3.01610702078004e-05,0.0014167025795937,4.53962389369567e-05,4.45887818688595e-05,5.09019324479443e-05,4.68494303921263e-05
0.00100622783845994,0.000326890195971874,4.01068283730766e-05,0.00024992027975318,0.000261584602584575,7.19692979689324e-06,0.000316729105621225,0.00347646630783336,0.099728343010596,9.87767956850743e-06,2.69331716242823e-05,0.00141273188455249,3.74678445052012e-05,3.64063947331239e-05,4.32908050670422e-05,3.9521705066492e-05
0.00101119825763263,0.000321641418690954,4.02492163260604e-05,0.000247121278337925,0.000263314237520518,7.1659751876979e-06,0.000309577385464936,0.00350394748008073,0.101347343811297,9.15892526193293e-06,2.33048770447771e-05,0.00140720161041685,2.9137050726602e-05,2.78104451718608e-05,3.51877124470379e-05,3.17103649360995e-05
0.00101611286877046,0.000316356910823656,4.03909429254057e-05,0.00024433716720601,0.000265156254063037,7.12819356825378e-06,0.000300876817592115,0.0035356992420154,0.102958782911229,8.639744145645e-06,1.9340188738835e-05,0.00140019389591894,2.11946242649752e-05,1.95488833035773e-05,2.73801674204321e-05,2.41463111376738e-05
0.00102097182684013,0.000311034511109698,4.05318854594938e-05,0.000241553518614601,0.000267101785619395,7.08918762394595e-06,0.000290770532755217,0.00357199098855703,0.104560849368511,8.32513167372359e-06,1.51036473233779e-05,0.00139135979198479,1.11192240562774e-05,9.2495718796437e-06,1.73416211990407e-05,1.44702832133303e-05
0.00102577499881096,0.000305672252382649,4.06720268233407e-05,0.000238756342738899,0.000269140176997862,7.04340606022535e-06,0.000279397749374368,0.00361300325535562,0.106151338179184,8.21153101744807e-06,1.06676885597914e-05,0.0013808022837789,2.46614984400484e-06,2.56170319290483e-07,8.6309964985043e-06,5.98261932927002e-06
0.00103052197663023,0.00030026839609909,4.08111759173657e-05,0.000235931786988053,0.000271259416047109,6.99060177175581e-06,0.00026689081277611,0.00365883855734416,0.107728322597215,8.29479333886633e-06,6.10786698252916e-06,0.00136842669871295,7.7887842104829e-06,1.02616823295376e-05,1.7835084994422e-06,4.12808210770166e-06
0.0010352120770063,0.000294821454963623,4.09492345987417e-05,0.000233066482830613,0.000273446322194226,6.93223742112559e-06,0.000253374126591428,0.0037095024390097,0.10928953716755,8.57013437304254e-06,1.50070330143595e-06,0.00135404521053684,1.82598220003216e-05,2.10105285309847e-05,1.251167913352e-05,1.45871709973378e-05
0.00103984435642412,0.000289330215161199,4.10861365764958e-05,0.000230147580320861,0.00027568686119589,6.87703710681997e-06,0.000238962766704215,0.00376490476651939,0.110832531467304,9.03348303258746e-06,3.07564414963463e-06,0.00133729132059524,3.06314883378178e-05,3.35293189822616e-05,2.52453173618106e-05,2.69249053193032e-05
0.00104441762429208,0.000283793751006567,4.1221974445893e-05,0.00022716359577063,0.00027796617162329,6.82198300470949e-06,0.000223762047043141,0.00382485191585211,0.112354460564102,9.67244047339115e-06,7.54119170589748e-06,0.00131813752903609,4.24153756169998e-05,4.55403535072341e-05,3.74786867267662e-05,3.88901747728765e-05
0.00104893047577836,0.000278211439901588,4.13566587535996e-05,0.000224104370114497,0.000280268952740526,6.75931052307455e-06,0.000207862542461234,0.00388906312533271,0.113852644645823,1.04696174956988e-05,1.18162074263326e-05,0.00129667011696133,5.44569573017739e-05,5.78238760230443e-05,5.00572780928188e-05,5.12565652235342e-05
0.00105338131396593,0.000272582965719803,4.14900014211739e-05,0.000220960927528324,0.00028257989174757,6.6854512578568e-06,0.000191340131140631,0.00395716710606193,0.115324389749472,1.14094923106152e-05,1.58244245548386e-05,0.00127281165797832,6.70174643622179e-05,7.06293204424391e-05,6.32373740324654e-05,6.42683963852919e-05
0.00105776837584304,0.000266908316312209,4.16217720480283e-05,0.000217725620472731,0.000284883966660376,6.60077778832924e-06,0.00017425707418813,0.00402870221203748,0.116766866281703,1.2477706726915e-05,1.9493662855934e-05,0.00124638677791333,8.04414085473493e-05,8.42576760756719e-05,7.73594494112295e-05,7.82197537503304e-05
0.0010620897602025,0.000261187774725724,4.1751773046883e-05,0.000214392341390757,0.000287166713080822,6.50682851495443e-06,0.000156663272463573,0.00410311814680353,0.118177015788666,1.36592426178192e-05,2.27567761276332e-05,0.00121718978987639,9.46908052195106e-05,9.86789513621744e-05,9.23750833592418e-05,9.3076380910273e-05
0.00106634345978307,0.000255421905252684,4.18798518913022e-05,0.000210956546700003,0.000289414538206856,6.40828019621287e-06,0.00013859635404749,0.00417978197286177,0.119551554872622,1.49386061778625e-05,2.55517575865564e-05,0.00118502735763348,0.000109764884933528,0.000113844701180699,0.000108277212883645,0.000108782906814042
0.00107052739321722,0.000249611533146454,4.20059645791504e-05,0.000207415457475268,0.000291614958785491,6.30898300989224e-06,0.000120082931050396,0.0042579850127723,0.120886996891976,1.62984062623284e-05,2.78235064209292e-05,0.00114974437192872,0.00012548933090395,0.000129617078841626,0.000124875555568171,0.000125195368223308
0.00107463944298059,0.000243757720423565,4.21300931252588e-05,0.000203768246416935,0.000293756823963764,6.20748478821764e-06,0.000101136859161987,0.00433695342677895,0.122179689820666,1.77179897358626e-05,2.95261509767556e-05,0.00111118374064201,0.000141949012861131,0.000146120600545419,0.000142238358587177,0.000142429179081804
0.00107867749483903,0.000237861736749834,4.22521273577559e-05,0.000200016113678148,0.000295830545982034,6.09462356837565e-06,8.17564669232525e-05,0.00441585646101414,0.123425735843435,1.91741720467177e-05,3.06243551454494e-05,0.00106901073829391,0.000159890133552998,0.000164178137534221,0.000161093755509212,0.000161295725352173
0.00108263947337695,0.000231925024497925,4.23718417574825e-05,0.000196161380451365,0.000297828580269499,5.97802591559282e-06,6.19248107846957e-05,0.00449381440643032,0.124620924317882,2.06485561106506e-05,3.10880888204357e-05,0.00102324410190169,0.000177269936284419,0.000181481393861316,0.000179407630849449,0.000179472282086812
0.00108652336229498,0.00022594915551033,4.24892726123005e-05,0.000192208063255539,0.000299745424134024,5.86372577451866e-06,4.16221547199038e-05,0.00456992044958101,0.125761200491327,2.21227135483163e-05,3.08973443412242e-05,0.000973848707816027,0.000195638024039657,0.000199770826000978,0.000198699102608835,0.000198686869893883
0.00109032724671998,0.000219935791280268,4.260442248194e-05,0.000188162108248124,0.000301577687799204,5.74691512568448e-06,2.08174541615753e-05,0.0046432421902047,0.126842251954507,2.35745115091576e-05,3.00457461921821e-05,0.000920498467492759,0.000215285370801732,0.000219350821320519,0.000219242690729815,0.000219229387083963
0.00109404934423574,0.000213886637552063,4.27172218762095e-05,0.000184030717795935,0.000303324372214864,5.62721858808624e-06,5.32430993340236e-07,0.00471283232394798,0.127859437979529,2.49828010049295e-05,2.85375848753586e-05,0.000863038528452265,0.000235294484996373,0.000239242714837218,0.000240108902196279,0.000240104899735472
0.00109768802748245,0.000207803395418649,4.28276434374375e-05,0.000179822209606606,0.000304986938497176,5.50798013843057e-06,2.24774196901152e-05,0.00477775075344641,0.128808077658165,2.63274324876189e-05,2.63881952921527e-05,0.000801517118811046,0.000255311015300297,0.000259082937763777,0.000260927866830185,0.000260933745556469
0.0011012418467431,0.000201687712278908,4.29357166225053e-05,0.000175546037313068,0.000306569286741665,5.39041437473686e-06,4.5072559766529e-05,0.00483708062034011,0.129683537080713,2.75881648546282e-05,2.36240703646445e-05,0.000735896709076256,0.000275910907564958,0.000279480152919676,0.00028226009389265,0.000282309902159272
0.00110470955194364,0.000195541133396759,4.30414479009045e-05,0.000171212699105083,0.000308077720197586,5.2703440230617e-06,6.83806940214222e-05,0.00488993017964155,0.13048094949522,2.87449352340374e-05,2.02805716354813e-05,0.000665720626887634,0.000298617598045947,0.000302008906270967,0.000305618633874238,0.000305796072624931
0.00110809010888335,0.00018936505364392,4.31447807613949e-05,0.000166833083518336,0.000309521002217206,5.1501502053436e-06,9.24733235142434e-05,0.00493543769362516,0.131195036161339,2.97781465388821e-05,1.64073090180902e-05,0.00059113255259613,0.000319808712908598,0.000322932250149344,0.000327357855203991,0.000327630669675893
0.00111138270510924,0.000183160669368909,4.32457131172015e-05,0.00016241870226516,0.000310910136073816,5.02545831834733e-06,0.000117424466726592,0.00497280501172187,0.131820647622623,3.06697912979597e-05,1.20566638011094e-05,0.000511468015924832,0.000345376948633902,0.000348305497366086,0.000353380690720551,0.000353873708799912
0.0011145867606257,0.000176928935104792,4.33441421656688e-05,0.000157980875731101,0.00031225836178389,4.90089789301207e-06,0.000143317827722222,0.00500126889651916,0.132351863929641,3.14011158095127e-05,7.30022475252216e-06,0.000427220200972966,0.000366274556465207,0.000368857751924634,0.000374589696012229,0.000375209863835102
0.00111770191802862,0.000170670519910543,4.34401392594985e-05,0.000153530865408313,0.000313580861069251,4.77902120438189e-06,0.000170231231626025,0.00502019402746738,0.132783848642703,3.19547525868603e-05,2.2146531023573e-06,0.000338560215074057,0.00038962760557415,0.000391886724829593,0.00039813564110347,0.000398952380004758
0.00112072804496566,0.000164385772391473,4.35337326925023e-05,0.000149079662326579,0.000314894505987373,4.65879610224429e-06,0.000198249039518081,0.00502901243483658,0.133111344369956,3.23143196781641e-05,3.12074645202401e-06,0.000245342510432067,0.000412419217928672,0.000414317646066475,0.000420978282099416,0.000422003360140311
0.00112366522245844,0.000158074688555332,4.36249397086641e-05,0.000144637698011235,0.000316217610129677,4.53665529932812e-06,0.000227459330392635,0.0050272434840656,0.133328954324131,3.24656104296444e-05,8.62644630513117e-06,0.000146903740902649,0.000438829335217328,0.000440404485266832,0.000447315976738638,0.000448625387456492
0.00112651373149286,0.000151736885860954,4.37137103248553e-05,0.000140214321050269,0.000317569701937692,4.41432553364984e-06,0.000257956718099443,0.00501447386335763,0.133430590137843,3.23940095900779e-05,1.42052244467717e-05,4.35777063058085e-05,0.000461796081822285,0.000462971141521384,0.000470037721226113,0.0004715992920723
0.00112927402777441,0.000145371581997067,4.38000658951054e-05,0.000135817802662475,0.000318971127766188,4.29202951715557e-06,0.000289832500498008,0.00499043256688748,0.133410887978949,3.20868883790383e-05,1.97612636666216e-05,6.46792028847765e-05,0.000487224194406166,0.000488015306741252,0.000495087491437673,0.000496948868224156
0.00113194672045003,0.000138977582762156,4.38839983463168e-05,0.000131455042449408,0.000320442698780676,4.1704322945868e-06,0.000323181848111093,0.00495493754224569,0.133264109024857,3.15326660076871e-05,2.51960654164187e-05,0.00017767013550174,0.000510410194310973,0.000510773633514483,0.000517731163619972,0.000519882139960237
0.00113453254163787,0.000132553276267017,4.39655080648471e-05,0.000127131565738736,0.000322005278276027,4.04538833911894e-06,0.000358100353266619,0.00490791854720356,0.132984593813564,3.07238524463471e-05,3.04302044820248e-05,0.000296520561180902,0.000540214286076979,0.000540214683383833,0.000546896288682652,0.000549415678156917
0.00113703231706386,0.000126096635438083,4.40445152514179e-05,0.000122850930288659,0.000323679511102348,3.91998983366448e-06,0.000394689852066043,0.0048493514411168,0.132565506699695,2.9651146741819e-05,3.53547194480389e-05,0.000420291419346075,0.000561611332524192,0.000561147144784613,0.000567449728986591,0.000570267592841511
0.00113944692308099,0.000119605226064301,4.41210624035904e-05,0.000118614871674805,0.000325485336150344,3.79631680533232e-06,0.000433040483277338,0.00477942279666604,0.132001997282198,2.83076825817866e-05,3.98666983675144e-05,0.000548403577369405,0.000585531986057264,0.000584624646864706,0.00059041655721892,0.000593562646512891
0.00114177725310616,0.000113076226295666,4.41951764451609e-05,0.000114423190109902,0.000327441541964957,3.67496373826492e-06,0.000473243166266843,0.00469841053581934,0.131289058661056,2.668947080085e-05,4.38765559279183e-05,0.000680422806548564,0.000605839376747741,0.000604459552868142,0.000609626928362861,0.000613081025914175
0.00114402417656012,0.00010650645325222,4.42668818396719e-05,0.000110273836848002,0.000329565353903605,3.55078775254869e-06,0.000515386728583877,0.00460669047147652,0.13042181185002,2.47987177335727e-05,4.73342037154781e-05,0.000818132681177808,0.000636262650088648,0.000634499470997363,0.000638925427341563,0.00064275858312135
0.00114618850096226,9.98923973533905e-05,4.43361068382941e-05,0.000106162398417375,0.000331872215196594,3.4267610301425e-06,0.000559564262874552,0.00450462820538467,0.129393590572883,2.26353198056581e-05,5.0141858663956e-05,0.000959972189760405,0.000653185060082162,0.000650945242839152,0.000654521549394382,0.000658646189042877
0.00114827092266445,9.32302614045921e-05,4.44028971244848e-05,0.000102082457110436,0.000334375312700419,3.30375056116494e-06,0.000605849213150669,0.00439283290913062,0.128200743996724,2.02029639121041e-05,5.22214634012495e-05,0.00110543627036486,0.000675647183296268,0.000672984647917541,0.000675625688607129,0.000680068751491403
0.00115027199158546,8.65160107416663e-05,4.4467243520252e-05,9.80256327222095e-05,0.000337085190081743,3.17995573677343e-06,0.00065431478311523,0.00427192389458768,0.126838557286011,1.75101078514633e-05,5.3530679240037e-05,0.00125493913504826,0.000696203999985379,0.000693127269762006,0.000694757225374265,0.000699499105497159
0.00115219206956585,7.97454281090959e-05,4.45291188500008e-05,9.3981595364917e-05,0.000340009507642403,3.05324051724787e-06,0.000705025800711474,0.00414256874738689,0.125302229226536,1.45687064159779e-05,5.40387120643859e-05,0.00140929752975705,0.000721294460049204,0.000717852491578075,0.000718417198044663,0.000723463257797263
0.00115404228071059,7.29156767623473e-05,4.42992331257663e-05,9.27673041713067e-05,0.000342711913399685,7.12093589807783e-05,0.00063142356426287,0.00426796109344255,0.12363091090653,0.000578970371876503,0.0011110226397539,0.00132300183510603,0.00164327535381348,0.00316197750740832,0.00434157310439742,0.00466413695018864
0.00115600689366158,6.60867106878071e-05,3.91676308968414e-05,0.000107058347058486,0.000337087512268075,0.000514170649403636,0.00159290042541449,0.00902594554860471,0.122564126122737,0.00409955061239949,0.00887022910074903,0.000127950664437715,0.00575652837850638,0.00787953769936178,0.0159320506804403,0.0174638461140982
0.00115848502045357,5.97046516558619e-05,2.09452115029762e-05,0.000145566162285796,0.000289140335098914,0.00137320397145115,0.00989844366110867,0.0287871321037088,0.123798490857699,0.011436843852667,0.0274410031535222,0.00377646761003503,0.00981434711388141,0.0123581776390205,0.031229569840609,0.0342935562374095
0.0011620617964534,5.5302899664128e-05,1.80694643341361e-05,0.000219150407186591,0.000122295256313687,0.00258018288008569,0.0280906955965652,0.0772433592863361,0.129638793147578,0.0219829799352699,0.0583045551623585,0.010078591606402,0.0136885532010492,0.0150740131153168,0.0480635289468061,0.0520851352485806
0.00116759039371184,5.64266755308795e-05,8.41138192817503e-05,0.000343844926318754,0.000288168806564515,0.00406751979788816,0.0587066007548517,0.168642030773055,0.142788371770327,0.0346042940812415,0.101075309923674,0.0193117095320665,0.0179216422366424,0.0154344312105978,0.0654721218392355,0.0694120901316565
0.00117628981048257,6.95821066900998e-05,0.000182327514526293,0.000539850627904057,0.00111279239368373,0.00579149599726862,0.10278290992205,0.316093475611024,0.166271789700052,0.0481755849038459,0.154080766725195,0.031578642363235,0.0227993970352552,0.0134846766568661,0.0819675733187589,0.0847757510978145
0.00118981110521377,0.000105087642899182,0.000317164909990453,0.000829989310063783,0.00256075919082882,0.00772645226856844,0.160045828117858,0.530261120393754,0.203275619416369,0.061780375671556,0.214881148357945,0.0468292943993976,0.0284792412498193,0.00948732710503608,0.0968499148099595,0.0976765046214584
0.00121028052648486,0.000177750411145275,0.000492695538715893,0.00123888122021058,0.0048700180505043,0.00985920663994477,0.229239312425518,0.818837496729862,0.257063208099773,0.0747098291349345,0.280837081032361,0.0649928585393668,0.0352199166242988,0.00344743164769112,0.11006046780588,0.10821471617573
0.00124032789703965,0.000307337780264844,0.000712739894276559,0.0017920713165098,0.0082969533053816,0.0121739579652612,0.308421534588216,1.18641809087563,0.330942686171279,0.0864672646888108,0.349259598956496,0.085904414320775,0.0426216683633505,0.00407782345457908,0.120850318472693,0.116066302925116
0.00128309954360795,0.000518844599157214,0.000980711677251556,0.00251570284623091,0.013106250919977,0.0146471137176032,0.395274026869072,1.63444840496136,0.428110642370198,0.096710415207667,0.417449262090833,0.109343951847125,0.0507185834185686,0.0131089350443774,0.129160663048356,0.121393166002382
0.00134226975055607,0.000842560182486782,0.00129947772541206,0.00343636423782774,0.0195610960616617,0.0172468610902694,0.4873061871559,2.16127729890526,0.551602157703494,0.105219269305306,0.482847816563788,0.135056899154495,0.0591959050305704,0.0232988530870368,0.13477903036333,0.124292768352419
0.00142204685907754,0.0013139460553528,0.00167119110644354,0.0045808475262182,0.0279140750375931,0.0199345655564137,0.582056277900821,2.76238278168959,0.704197352303312,0.111886659727907,0.543106092208155,0.162753898110685,0.0678859705524557,0.0344665230507073,0.13767603107717,0.124950805487764
0.00152717528490554,0.00197333888649819,0.00209721247494787,0.00597593302331473,0.038398753681825,0.0226711324472503,0.677242755420785,3.43064128953971,0.888363522851294,0.116700969446143,0.596167360414967,0.19212682992874,0.0765510657068132,0.0462858852901641,0.137932140872014,0.123604115080794
0.00166293059871769,0.00286549515550725,0.00257812311546246,0.00764780693886797,0.0512224555519746,0.0254163137764234,0.770873246125931,4.15659355517819,1.1062204572518,0.119685371583622,0.63996977807942,0.222886930446678,0.0854058732395405,0.0590355123541789,0.135513544868207,0.120284685812863
0.00183510216233329,0.00403899065276696,0.00311375065354591,0.00962164290159914,0.0665582780748351,0.0281388410179113,0.861283740164667,4.92843851415945,1.35955624828498,0.120929780304235,0.672722830442474,0.254741385985317,0.0941117040245,0.0721209899761435,0.130692848630798,0.115299638368008
0.00204996725537376,0.00554545810171497,0.00370343554861652,0.0119208751816305,0.0845378404704758,0.0308196802377802,0.947225216611156,5.73253114048865,1.64979361250178,0.120590426606126,0.692937114923847,0.287391683535289,0.102687565348424,0.0854312545830278,0.123590779324352,0.108735205952629
0.00231424848717543,0.00743869146874707,0.00434629147080123,0.014566535122312,0.105244379058345,0.0334577161590529,1.02788664044101,6.55365187560415,1.97799417788118,0.118869927549945,0.699475201523737,0.320540633333807,0.111527080734806,0.0990689392584426,0.115196417012283,0.101447585759488
0.00259203069861536,0.000224153305701633,0.00354256648979812,0.0116751863909925,0.371157723327378,0.0388813142993409,1.0861122734024,7.3574439223999,1.48617010378697,0.116007500949763,0.704331619528995,0.395469375903978,0.11896688824863,0.112385126634078,0.104249009129811,0.0933788706599322
0.00278378478710262,0.00738909406630917,0.00279111892443629,0.00756437621467534,0.344878959255972,0.0362596596547062,1.01627032987812,8.14488337639059,1.03356032511296,0.112252261687607,0.681547652240532,0.361943267091367,0.126889496689223,0.124540098591363,0.0928613303844456,0.0837379426509427
0.00289720268301763,0.0140013908741945,0.00209257222223957,0.00384288712749642,0.315913738024803,0.0335817345509012,0.95131602911735,8.8987263226687,0.620360585729689,0.107867550888313,0.643599638140334,0.328637497822861,0.134293849855548,0.135521341385213,0.0803973922159448,0.0730459384662039
0.00294013319902242,0.0200087517005889,0.00144864413687618,0.000516147082030668,0.284416629827171,0.0307856376105616,0.890506393385762,9.60151815535857,0.246419342623953,0.103126424343191,0.590668928465964,0.29583754803794,0.141059627774931,0.144923823891619,0.0674219057848378,0.0616205497859542
0.00292048447277971,0.0253626204128855,0.000862412219533315,0.00241535652150951,0.250606356109375,0.0277987076646088,0.83283877808613,10.2362806389295,0.0887401801541991,0.0982958173471563,0.523342486636676,0.263801225845292,0.14716868170411,0.152518441378948,0.0543562108389514,0.0496476198571958
0.00284612536668649,0.0300194360490931,0.000338454666271915,0.00495600578996121,0.214763038789688,0.0245449491034532,0.77712890903212,10.7869083692558,0.385895713948222,0.093615227281605,0.442553581487791,0.232750173624561,0.152566163608855,0.158122324357617,0.0416771574038135,0.0374017750187758
0.00272479107147294,0.0339418157294863,0.000117152284893507,0.00711470557008574,0.177223417634484,0.0209514677648578,0.722099325732811,11.238526036728,0.646102225673756,0.0892885151765894,0.349442432565136,0.202882244003334,0.157249840989778,0.161666641256463,0.0296001221085447,0.0249460668029525
0.0025639976609404,0.0370996167161092,0.000496997629974238,0.00890436987185525,0.138373135305345,0.0169607386407855,0.666468972014118,11.5777136360745,0.870680157972542,0.0854675116052254,0.245467606121046,0.174350607056315,0.161055877720632,0.163101864894097,0.0186241638769937,0.0127444204827583
0.00237096912415513,0.0394708336185325,0.000792704431312963,0.010341130167207,0.0986393219948834,0.0125317182866534,0.609043043045918,11.7928884528701,1.06118772264082,0.0822576026581721,0.132273392601572,0.147293184478698,0.163906284461509,0.16240911685936,0.00877243206477618,0.000781900119618095
0.00215258143993413,0.0410423322409912,0.000995322152211209,0.0114435366654459,0.0584795150981605,0.00765294533217416,0.548787260108807,11.8744378933455,1.21942749816486,0.079706706971488,0.0117193418668054,0.121813252626851,0.165584866395326,0.159714114794926,0.000375168875704435,0.010446978478212
0.00191532274984851,0.0418103389487703,0.00109605292652892,0.0122316589930978,0.0183707072474985,0.00235067853907733,0.484899813694467,11.8150403976686,1.34740397501385,0.0778013905993884,0.114100085577782,0.0979721024415729,0.165903364760591,0.15518769592786,0.00647574055184452,0.0206375975744078
0.00166527215020928,0.0417807326236446,0.00108700605850176,0.0127261919645664,0.02120053685344,0.00331011527324099,0.416862494825117,11.6098386162192,1.44729032469533,0.0764769631689718,0.242995557751503,0.0758016876181528,0.164690530748905,0.149080291656095,0.0117850912151535,0.0295034528918612
0.00140809518120011,0.0409691442798547,0.000961965772976914,0.0129476742523522,0.0597467853912174,0.00922805981428345,0.344469451046868,11.2565153791723,1.52139305761373,0.0756278575539989,0.372731138823446,0.0553172336523898,0.161745102324024,0.141602861078778,0.0156434094798432,0.0368244975771513
0.0011490535547567,0.0394008943671835,0.000717098054412446,0.0129158585246643,0.0967878748159377,0.0152660001515555,0.267834705165911,10.7553276478652,1.57211778803067,0.0751149449360523,0.501062813875182,0.0365130517573601,0.156915637981481,0.13306798789549,0.0181548785176611,0.0423322389445734
0.000893025792936264,0.0371107800653232,0.000351636851722237,0.0126492488886882,0.131857016445096,0.0212561088558262,0.187382508889496,10.1091125354219,1.60191929539016,0.0747730493034322,0.625725786867053,0.019372910791988,0.149976587818367,0.123663237515329,0.0194583285998171,0.0458196263089763
0.000644535237473987,0.0341427598777873,0.000131578259163323,0.0121648309502931,0.164505620223558,0.0270066188672233,0.103824176011179,9.32329041685124,1.61325727282847,0.0744211473576817,0.744518193930809,0.00386165682318328,0.140898663464764,0.113741347336585,0.0197134733608481,0.0471059155979775
0.000407781545825436,0.0305495470907864,0.000725678242295302,0.011477988684123,0.194307454212788,0.0323069986914747,0.0181229829478137,8.40580248787886,1.60853844504593,0.0738647937842013,0.855186882151742,0.0100527216576525,0.129345801716686,0.103324002960954,0.0190405611102442,0.0459977091740901
0.000186671706996488,0.0263921358219329,0.00141951986645461,0.0106026526479457,0.220860760447775,0.0369450316080909,0.0685407449174465,7.36714374535728,1.59008169604881,0.0729140495187115,0.955657461857373,0.022422169100543,0.115625915500511,0.0928497566291483,0.0176366712506887,0.0425332540675095
1.51537714188077e-05,0.0217392836358698,0.00219778389800585,0.00955159417798317,0.243791873704131,0.0407143513180337,0.154824730590477,6.22006929309489,1.56004943414243,0.0713857742617657,1.04397567107731,0.0333052288871305,0.0995865451783909,0.08232224689374,0.0155886758084044,0.036644089957576
0.000194302181541595,0.0166669146299482,0.00304121074104557,0.00833693347115003,0.262758049344661,0.0434332211313947,0.239263751571857,4.97953371159316,1.52041985372485,0.0691153009477817,1.11835404620043,0.0427658933365124,0.0815536027771021,0.071925361885336,0.0130113769996963,0.0285233517825788
0.000347621888378669,0.0112574616385878,0.00392729334198938,0.00697076146982028,0.277452317301316,0.0449592979207444,0.320319762852385,3.66239489222321,1.47295037709468,0.0659636153010809,1.17724337175859,0.0508745685850426,0.0617493975419865,0.0616741585570297,0.00994827369634155,0.0183640687292764
0.000472208757955617,0.00559908584637022,0.00483119837260215,0.00546588255904814,0.287609906057057,0.0452073449154984,0.396423570623849,2.28714569821619,1.41916001019177,0.0618262727382317,1.21940541260975,0.0577085372101234,0.0406918901793459,0.0516222630721406,0.0064394926743141,0.00657104242693629
0.000565427340615043,0.000215249421988227,0.00572696765309511,0.00383643384904143,0.293017238131663,0.044145181254271,0.466014610280382,0.873578073615201,1.36032158746274,0.0566244818478747,1.24373399569427,0.0633390433936613,0.018488734795751,0.0415675805157719,0.00239519542051625,0.00668085117746919
0.000624943641088338,0.00608889897278433,0.00658852880536154,0.00209855077539321,0.293521240063968,0.0417961561883334,0.527558535001458,0.557272758828852,1.29748010083308,0.0503046574669031,1.24921756051837,0.0678292731606636,0.00447858170953497,0.0313845864793563,0.0022492406471587,0.0210291619668052
0.000648772642816375,0.011922847030775,0.00739094661062678,0.000271118115042824,0.289039793792413,0.0382529140623159,0.579573279812984,1.98337568955759,1.2314720094869,0.0428520864689224,1.23518475240872,0.0712440861965776,0.0275671231870001,0.021033536845471,0.00750275939989298,0.0359166690617823
0.000635339804450963,0.0176172397594726,0.00811188384315953,0.00162361142802097,0.279573076542293,0.0336832836898215,0.620667823833673,3.38220757639555,1.16294751397448,0.0343017630845604,1.20148865233803,0.0736557875529909,0.0499926246029753,0.0105280881849549,0.0133340663453136,0.0506812456841592
0.000583552294699752,0.0230731308574912,0.0087330526159386,0.00355969093976551,0.265213012323371,0.0283221892998677,0.649588673697923,4.73139500664821,1.09239948118264,0.0247405200215787,1.14855459346936,0.0751455312054973,0.0709983938469637,9.49085512325087e-05,0.0196904358104278,0.0646885579614568
0.000492872701988833,0.0281943698091713,0.00924131999881439,0.0055075971848548,0.246147332859953,0.0224421029721738,0.66526161070112,6.00923700592023,1.02020285093117,0.0142884448198365,1.07701066261057,0.0757896780004016,0.090405324778606,0.0110738388650014,0.0267022909626622,0.0777201017466038
0.000363387888439259,0.0328895262313301,0.00962921689117779,0.00743446006238286,0.222660336846742,0.0163366619454866,0.666816332036869,7.19474886583515,0.946669596202381,0.0030921721027521,0.987480790001569,0.0756537149422546,0.107971816971522,0.0226169065683929,0.0344788264362981,0.089520141523465
0.000195872870015323,0.0370738179880711,0.00989531654444598,0.00930441006881535,0.195132223763189,0.0103161116838117,0.6536235241932,8.2678787095636,0.872099598045525,0.00865775944302399,0.881165220556217,0.0748127300957417,0.122800608213327,0.03429218783412,0.0426427008897164,0.0993907264833003
8.1556998288157e-06,0.0406709783921929,0.0100444349582727,0.01107930996327,0.164032609192083,0.00469042799732509,0.625348540379765,9.21030757336709,0.796817171157159,0.0207324364959001,0.759705846570233,0.0733450848867667,0.134723448063947,0.046178504220449,0.0511813138305037,0.107158926435408
0.000246404537686429,0.0436149197695847,0.0100873502515935,0.0127198410273059,0.129906955978152,0.0002602152873821,0.581989379167078,10.0057235120934,0.721213837410169,0.0328764387521218,0.625062057187942,0.0713319908369953,0.143403531958052,0.057899128077412,0.0597418159020011,0.112581453964425
0.000515791590816939,0.0458510892146408,0.0100399886057048,0.0141866240757745,0.0933605256797632,0.00430224274449616,0.523902395143641,10.6402705892742,0.645773664886217,0.0448176247539061,0.479481148166418,0.0688573001669944,0.148827148912011,0.0692874121456223,0.068123137021198,0.115653950697419
0.000812455800965228,0.0473374992616527,0.00992244188123959,0.0154413161085399,0.0550419975732081,0.00725192385910455,0.45181608144463,11.1027259280986,0.571090819934885,0.0562689535033255,0.32529290690706,0.0660017063425816,0.151058046905324,0.0801962824858581,0.0761332457627576,0.116440128993031
0.0011317896286267,0.0480454116669779,0.00975786742883278,0.0164478262761535,0.015623875927939,0.00899140334072099,0.366835042801105,11.3846003927432,0.497872627627051,0.0669412800029962,0.164953994546488,0.062844912673876,0.15024024549853,0.0902482538922452,0.0834026220226144,0.115079286021424
0.00146849542132044,0.0479596176829214,0.00957102105143992,0.0171733840373363,0.0242160954207422,0.00947841308247755,0.27041641557866,11.4803058529134,0.426923836460635,0.0765568350037699,0.00104624846718866,0.059465590923532,0.146619538095697,0.0990845144360795,0.0895727685926655,0.111786994944403
0.00181666057737129,0.0470783645506126,0.00938665138644934,0.0175893926299812,0.0638138244601306,0.00876252175746892,0.164322325960803,11.3872361568309,0.35911635743994,0.0848784183460644,0.163849553218512,0.0559391508349465,0.140720968543812,0.10626471481886,0.0942488675740045,0.106990425034358
0.0021698464227744,0.0454129795122683,0.00922782737069161,0.0176718718869028,0.102523395297672,0.0069425800242691,0.0505518486281806,11.1057510433798,0.29534743139459,0.0916634991490631,0.327107697578528,0.0523360192956304,0.132571573329164,0.111641195392054,0.0971877857342545,0.100738947065951
0.00252118516847899,0.0429874516155649,0.00911523067958209,0.0174020081804401,0.139729044464049,0.0041728995237935,0.0686659744218075,10.639251985545,0.236490371801549,0.0966817209108475,0.486098084165881,0.0487209582769943,0.12270678593288,0.114814943975815,0.0980283614256262,0.0934547496754334
0.00286348790638025,0.0398376812228545,0.00906573883055195,0.0167665302972586,0.174855376447644,0.000674119673514532,0.190951441257435,9.99411717322153,0.183340112461935,0.0997529013912219,0.638253681717772,0.0451526569211544,0.111539812079776,0.115467276205869,0.0964643226982015,0.0854549406074248
0.0031893569164414,0.0360106588441373,0.00909131167625876,0.0157578404447977,0.207369218059016,0.0032836678853395,0.313848804450231,9.17962008033046,0.136560364411495,0.100747628034434,0.78112187760337,0.041681991732958,0.0995562665388853,0.113372846566885,0.0922907928919717,0.0770925088439054
0.00349129993437924,0.0315636133488735,0.00919814146549358,0.014374093493207,0.236779530595573,0.007397726827364,0.434903096693807,8.20773832790157,0.0966392635841809,0.0995954166559224,0.91245522085506,0.0383501947858562,0.0871976085348006,0.108432929978867,0.0854217619828113,0.0686674150773672
0.00376184630376053,0.0265631917037282,0.00938623819586892,0.0126193288064858,0.262635001844898,0.0113574294804794,0.551726212918302,7.09289154823751,0.0638574641695961,0.0962817903300425,1.03025422572551,0.035187910199526,0.0748194000653618,0.100683659966951,0.0758974939422604,0.0603939819594553
0.00399366625246533,0.0210846794729921,0.00964946413124235,0.0105036225927865,0.284523215287702,0.014859956899646,0.662034482073689,5.85174886474443,0.0382679861736645,0.0908094793031461,1.13248927628947,0.0322185480008519,0.0623962053025041,0.0899473525094918,0.0635054370998529,0.0522107923667157
0.00417969527521289,0.0152112209637278,0.00997589226453943,0.00804355471232806,0.302070646877187,0.0176363091818798,0.763646530952445,4.50324749080656,0.0196832580116768,0.0832306667224044,1.21739435178506,0.0294550718684989,0.0503039040686301,0.0766583090996058,0.0487062464825544,0.044299426033282
0.00431326949498412,0.00903301636585648,0.0103486926725074,0.00526264835869826,0.31494637198668,0.0194641543472005,0.854525350699681,3.06813183895512,0.0076845578140786,0.0736432930138895,1.28345333891616,0.0269012833944972,0.0385037711166848,0.0609399406831209,0.0316119791027528,0.0365491609110081
0.00438826856300789,0.00264641041783233,0.0107471477623489,0.00219184267032507,0.322867978547929,0.0201810737901087,0.932776039188437,1.56882445606661,0.00163572512787007,0.062175527646059,1.32929357990216,0.0245536593446086,0.0270052571845651,0.0431710948803004,0.0126050702152416,0.0288661479425735
0.00439926770010235,0.00384715950169157,0.0111479181540681,0.00113029793501802,0.325610504742703,0.0196814800164828,0.996644473183181,0.0292621498544098,0.000707098433812985,0.0489747469133967,1.35351916740239,0.0224035375912524,0.0155634088085261,0.0234088681415745,0.0082652988464218,0.020969909315553
0.00434169656054428,0.0103424248719561,0.0115264159547359,0.00465652050168213,0.323017841725273,0.017966516093407,1.04451343364721,1.52524742448676,0.00390681222097112,0.0342484405186725,1.35546491176493,0.0204335460438843,0.00455668686006394,0.0030616779359216,0.0295403384772215,0.0130455557528903
0.00421201728000131,0.0167317993254998,0.0118591586917263,0.00833119452214673,0.315016577547937,0.0151265708104967,1.0749553158555,3.06908876352844,0.0101431147261492,0.0182417017093984,1.33491805802222,0.018621745323608,0.00636135178031916,0.0177196674187918,0.0510627237854736,0.00474205928974814
0.00400788190833068,0.0229071565837377,0.012125175555382,0.0120909005359907,0.301628251955783,0.0113312738693414,1.08673491224875,4.57645328636178,0.0182718024847916,0.00121916342635069,1.29192847723172,0.0169448610541427,0.0172079372116148,0.0380886218713936,0.0719542247299171,0.00401481166943451
0.00372828322817842,0.0287618429475198,0.0123077210129261,0.0158652625844207,0.28297996206618,0.00682758110658119,1.07883837084236,6.02191104217171,0.0271590062107185,0.0165318153264657,1.22705501349865,0.0153794067275141,0.0280684933300023,0.0574180489997853,0.0915528015750271,0.0133256919501126
0.00337367671518041,0.0341928497570217,0.0123955132428368,0.0195787410693818,0.259309380977675,0.00190871027509155,1.05050591993444,7.38080030655939,0.035742925600449,0.0347073195700523,1.14096960265239,0.0139052588321263,0.0392316724825735,0.0754720596860493,0.109567516152884,0.0234732863599703
0.00294606535514252,0.0391030512277469,0.0123834943645789,0.0231523766362729,0.230967656123747,0.00309374982980512,1.0012736113549,8.629440201667,0.0430924492959527,0.0529895420733347,1.03496204768869,0.0125061290856581,0.0503391858864624,0.0912545564359933,0.124961539467367,0.0340925375799367
0.00244904697564907,0.043403452883045,0.0122734688882415,0.0265061294928742,0.198414939700134,0.00783294078829704,0.931023786037872,9.74599481481308,0.0484771114265911,0.0710423779405499,0.910717097038136,0.0111719730008263,0.0615959683493011,0.104668621405649,0.137552108935974,0.0453721076027583
0.00188780903560426,0.0470152630515584,0.012074093621977,0.0295614831614083,0.16220944067717,0.0119724847669734,0.840047708805043,10.710605935705,0.0514143366052673,0.0885101981265329,0.770124409734831,0.00990052718420756,0.0728265222998548,0.115342883405282,0.146903447762176,0.0571045376793802
0.0012690712075305,0.0498716898491629,0.011800370943321,0.0322442387731369,0.122988636147594,0.0152239737996195,0.729086528819776,11.5058924396866,0.0517124055014838,0.105058289113083,0.615668298702178,0.00869585787641616,0.0835464292506493,0.122975344392471,0.152720496090643,0.0687237830563565
0.000600974730011972,0.0519193015821561,0.0114723905449146,0.0344867292012759,0.0814473801382747,0.0173684187019248,0.599328900863872,12.1175378795742,0.0494968493299167,0.120373690059985,0.450102654974821,0.00756827527386617,0.0935714380288636,0.127710403143787,0.15511899957732,0.079994023124196
0.00010706334268229,0.0531189965028383,0.011114047381827,0.0362291811870156,0.0383226118533157,0.0182342405456648,0.452428370994516,12.5343517678283,0.0452044788878385,0.134106376175926,0.276087196891092,0.0065366435594087,0.102936281970405,0.129740940503863,0.1541540858825,0.0909699312935828
0.000844523933548613,0.0534466225104438,0.0107519702494328,0.0374215565419802,0.00563504597254284,0.0177391321615728,0.290536424634162,12.748193397147,0.0395517944503253,0.145933477627502,0.0963698378967574,0.00562362360536523,0.11105889137156,0.129312848128625,0.150183082845229,0.100954929852227
0.0015999927921091,0.0528930136634435,0.0104135169872563,0.0380243281415332,0.0496764762355981,0.0158736206778942,0.11622835305009,12.7541887705894,0.0334874424094769,0.15554113666297,0.0861330959287949,0.00485677069766558,0.117699737853022,0.1265788420917,0.143256096250797,0.109722460254301
0.00236137371499812,0.0514638155970805,0.0101254595831262,0.0380089446890012,0.0930768880152334,0.0127264338322224,0.0675269639562431,12.5508274985154,0.0281169597650244,0.162673215044696,0.268500409500551,0.00426265159934128,0.122336745068687,0.12206700493044,0.134107321352717,0.116622625014615
0.00311610801329021,0.0491787959224216,0.00991175542361722,0.0373575579234725,0.13514729832926,0.00847479098076581,0.257514696252381,12.1399276358576,0.0246185910051641,0.167135040739493,0.447846880357116,0.00386544618022884,0.124651769873644,0.116116886261266,0.123095417846102,0.121323451548925
0.00385138211756963,0.0460711296697787,0.00979225249128302,0.0360624601823224,0.175236904290614,0.00335046137028298,0.450341416031598,11.5266211583375,0.0241454878431224,0.168729331104621,0.621258675712371,0.00368907754528667,0.124265520119794,0.109019294837181,0.110517383068673,0.123453533645439
0.00455432500649899,0.0421865591164265,0.00978158278785024,0.0341254838576357,0.212741511468831,0.00235255512919,0.642492391796429,10.7193550291104,0.0277272269575046,0.16731360080045,0.785932289419967,0.00375154839451155,0.120922944663018,0.101255065294415,0.0970386342634654,0.122691269089338
0.00521219192348132,0.0375824272983338,0.00988794211401389,0.0315573277177252,0.247104274697214,0.00829062326715653,0.830453744375723,9.72966646876219,0.0361865134730534,0.162826227628337,0.93927118051088,0.00406211151002392,0.114441859316926,0.0931746507417122,0.0831534568111308,0.118818606404163
0.00581253678449389,0.0323267777127474,0.0101123955867934,0.0283771237100036,0.277811134391721,0.0140994036900064,1.01080780896509,8.57193862900396,0.0500725373045132,0.155281805051296,1.07894733750423,0.00462007939304872,0.104850969054412,0.085099388848855,0.0693658874916971,0.111823172003405
0.00634337770107307,0.0264975322465592,0.01044866118731,0.0246121012521389,0.304388264088244,0.0194090316167016,1.18029559890018,7.26318049036298,0.0696146776547778,0.144704776077495,1.20252183296327,0.00541868749895525,0.0916824439131287,0.076943469220032,0.0555633837634887,0.101304528670566
0.00679335963745431,0.0201817026614856,0.0108831749886122,0.0202978603535998,0.326400077334812,0.0238677084763029,1.33578805516068,5.82325176334751,0.0946824405916895,0.131164162748947,1.30765089029096,0.00644171721605864,0.0752826329954018,0.0689267812166148,0.0422013194736779,0.0875512969093442
0.0071519288137567,0.0134746255507011,0.011395719998784,0.0154789914709639,0.343450441252482,0.0271627422892501,1.47434223858084,4.2744561751332,0.124783700401905,0.114809689442192,1.39231073616504,0.00766116088838627,0.0558084976950093,0.0610312247162107,0.0293972979802136,0.0707100555248621
0.00740952202314205,0.0064791356968236,0.0119604689727089,0.0102103045378092,0.355186241287955,0.0290565426092506,1.59322551030974,2.64122560297986,0.159081895540685,0.0958674666775224,1.45491180647658,0.0090383531188791,0.0339951682100652,0.0532813149910374,0.0173670370984327,0.0514636849637684
0.00755777789388001,0.000695377207069521,0.0125476110862248,0.00455686977635844,0.361307786904593,0.0293751219056443,1.6899395386184,0.949674788783542,0.196436978625065,0.0745933135942577,1.49383716574959,0.0105259426583319,0.00965453814226835,0.0452826104597484,0.00575003537538132,0.0296758990472198
0.00758975628316438,0.00793416473638857,0.0131249922702206,0.00140311249693277,0.361580702305822,0.0280961188600293,1.76220131972317,0.772507117008912,0.235451252527734,0.0513276567584187,1.50848410712932,0.0120708798211406,0.015043672180463,0.0373131894341162,0.00496266609247276,0.00736226611227087
0.00750020820557817,0.0151185909608744,0.0136613664825784,0.00758008826060099,0.355854026528637,0.025288404586367,1.80801064889258,2.49740703986533,0.274567207331862,0.0264347448110749,1.49838643691021,0.013615597083959,0.0407464155617759,0.0286637492050225,0.0155198275424629,0.0160411321487254
0.00728577585136692,0.0221279645436432,0.0141274808624257,0.0138738585968519,0.344075901056031,0.0211079839795007,1.82561007082214,4.19632222822703,0.312121374087321,0.000285327710400557,1.46303298166985,0.0151022669248644,0.0662937158109211,0.0192235969877077,0.0259869252630549,0.0394516486574605
0.00694521515291058,0.0288416999690467,0.0144984532407904,0.0201736468252311,0.326311707815891,0.0158304033503773,1.81352392419939,5.84044411713849,0.346441164323818,0.0267124573898934,1.40273768594981,0.0164778132391534,0.0906043569425685,0.00895598649805951,0.0364025148545798,0.0618730545399223
0.00647957945469324,0.0351418004869943,0.0147557882793139,0.0263611078777644,0.302756176226902,0.00981034409302353,1.77061708384908,7.40164795745161,0.375954017844091,0.054126418758341,1.3183003642895,0.0176962178891325,0.113012651482591,0.00230609016236827,0.0469556872198192,0.0827209087541524
0.00589233755762297,0.040915507096644,0.0148886332283187,0.0323135701422164,0.273738867943407,0.00345489921105172,1.69616511321087,8.8529465115795,0.399291815396764,0.0815070241520502,1.21098103666748,0.0187225360219902,0.132713022003307,0.0145229986485765,0.0576704646762412,0.101297417699873
0.00518942431442926,0.0460579903882461,0.0148945780101197,0.0379078182635363,0.239721905056792,0.00280540393836336,1.58993657877861,10.1690622892494,0.415396634759723,0.10839051696473,1.0824801377761,0.0195352139922978,0.14915770873049,0.0276627810847007,0.0685809531003329,0.11716471554428
0.00437921033032973,0.0504749098614976,0.0147798020546581,0.043024154459384,0.201289835176886,0.00854614620422085,1.45228517834497,11.3268431390349,0.42361521409809,0.134296085799307,0.934823226607176,0.0201268559590807,0.161910791984628,0.0416217747056985,0.0796523691997262,0.130005658145081
0.00347238877525102,0.0540846781027172,0.0145585642383521,0.0475508475046028,0.159128189062246,0.013396501186079,1.28422497004918,12.3057303213818,0.423777041228663,0.158780783491255,0.770646840801912,0.0205091387660268,0.170548022168897,0.0556653230426726,0.0903725285474735,0.139442809991356
0.0024817837267046,0.05682027831875,0.0142520223120481,0.051386587761784,0.114008550420002,0.0170198074235779,1.08746393918395,13.0883470418926,0.416244931971815,0.181343045445309,0.592594232186036,0.0207046453519757,0.1751098890484,0.0703434836120294,0.101132363299349,0.145734588859601
0.00142211223819055,0.0586307352708813,0.013887407871938,0.0544444570753644,0.0667523345425485,0.0191785769671456,0.864524633703208,13.6602998898222,0.401921876594471,0.201518992485241,0.403529390814616,0.020749392880882,0.175674104380374,0.0844547584412622,0.11107079999131,0.148857051862955
0.000309667701151373,0.0594817836242883,0.0134956327926221,0.0566533862578039,0.0182126068506899,0.0197089646468492,0.618648826104961,14.0107589764204,0.382222955869104,0.218843616321325,0.206618355785471,0.0206917888841677,0.172144550345624,0.0981296155953491,0.120190715175134,0.148931680812428
0.000838002115639336,0.0593563621609196,0.0131102852278229,0.0579595728369324,0.0307532025079163,0.0185323605134499,0.35384725595326,14.1325373427848,0.358995776994851,0.232841772558864,0.00512649079441743,0.0205882677531405,0.16492863971481,0.110572024787625,0.127874129030799,0.146288819753491
0.00200245564504642,0.0582542833360535,0.0127651550756576,0.0583272981560096,0.0793190059493521,0.0157079290700017,0.0747461103621367,14.0223023310276,0.33439831715867,0.243163403063822,0.197551678539468,0.0204997577794357,0.154689538808161,0.121071106759098,0.133578341681508,0.141439680971746
0.00316470713496875,0.0561914296362472,0.0124915696818828,0.0577375283569133,0.126705892917524,0.0114201890931714,0.213641871967473,13.6805810995935,0.310743630071081,0.249577932915381,0.398148456825409,0.0204846919620441,0.142223193817881,0.129111720999471,0.136895161533901,0.13500744578056
0.00430554246602322,0.0531987750335289,0.012316306353322,0.0561861946483002,0.172181452374518,0.00592405019507639,0.506099935850182,13.1116068632281,0.290329657672334,0.251848899139955,0.593434685363695,0.0205989163538204,0.127772276462717,0.134380469015719,0.13741729661662,0.127299013686674
0.00540580344238495,0.0493214244033754,0.0122604239776387,0.0536826844865844,0.21506817308979,0.000454682670374774,0.797273300713309,12.3233107901054,0.275265533006577,0.249773923239348,0.780267938471298,0.0208910726193637,0.112084258197033,0.136435583184923,0.134773305743676,0.118853170282657
0.00644664078194257,0.0446174404890541,0.0123377210196507,0.0502482450348588,0.254746731932807,0.00732089299709788,1.08184350654031,11.3271212967564,0.267317753844165,0.243259154046438,0.955710329592948,0.0213977791776698,0.0958219994191398,0.13494573710002,0.128686907602773,0.110111495856269
0.00740973823118196,0.0391567456939642,0.0125536479552597,0.0459147808265528,0.290648941284247,0.0142406537179443,1.35470934592077,10.1376237940865,0.267790857519371,0.232372844154989,1.11730840854349,0.0221378308938514,0.0798734642073635,0.129942774746125,0.119309345658342,0.101583267574123
0.00827751659610021,0.0330201785043183,0.0129047965207736,0.0407239941565641,0.322250244199695,0.0207653578234496,1.61111477205547,8.77221215287467,0.277449623155084,0.21712277534974,1.26226352815293,0.0231216961145947,0.0637283818625598,0.120788286120016,0.105678557860123,0.0930421250020329
0.00903333214748381,0.0262986888807817,0.0133789187452922,0.034728092455652,0.349062708776282,0.0264696697049433,1.8464762624515,7.25155883509605,0.296446059506829,0.197502098805201,1.3880952407571,0.0243415293431198,0.0482696247409385,0.108239935898641,0.0885054117399375,0.0850704218454187
0.00966169973651265,0.0190926267409257,0.0139556263980403,0.0279907619423342,0.370635496017278,0.0309595056544652,2.05635045694011,5.59881441399816,0.324324679178882,0.173465800961692,1.49259034871125,0.025771981612645,0.0333553817205757,0.0920439166329727,0.0674676532156891,0.0774656469798053
0.010148535618792,0.0115109689022443,0.0146070199505957,0.0205888340285711,0.386557120588665,0.0338820446910218,2.23639768991261,3.83980812833688,0.360019018919341,0.145235627508757,1.57332745546785,0.0273754023331457,0.0193667358566701,0.0719477308095579,0.0430315788912458,0.0697028710622992
0.0104814572513481,0.00367050597284592,0.0152991902579767,0.0126165856562712,0.396458222591006,0.0350138883890168,2.38291017088985,2.00277239345766,0.401900082449806,0.113727675848559,1.62880492961992,0.0290977473469439,0.00697038333994837,0.0492051620599999,0.01697196156322,0.0617149166985965
0.010650143704223,0.00430513713568945,0.0159952139588033,0.0041851543947465,0.400029126507192,0.0342633461975549,2.49321093253997,0.117126630817376,0.447913937376933,0.0799351048256205,1.65814120999152,0.0308728355529481,0.00430904501724794,0.0244576249784165,0.0104773956129591,0.0533345069858847
0.0106466459706775,0.0122869033096852,0.0166574818769618,0.00457949497062865,0.397039501372162,0.0316564159493553,2.56533472322906,1.78675651021859,0.495704435626254,0.0444876733528741,1.66056440342129,0.0326288628167836,0.015002978893486,0.00143987972721471,0.0388892261964543,0.0444098269698137
0.0104656701522521,0.0201420801604552,0.0172499885303239,0.0135385259736312,0.387357232204922,0.0273142695893682,2.59763157273353,3.67763139583768,0.542728702660929,0.0077994088096027,1.63514447617728,0.0342880071183478,0.025725061112801,0.0282751895331117,0.068246772197369,0.0344495502365454
0.0101048299590842,0.0277364847553867,0.0177402913600138,0.0225391683329946,0.370972144954309,0.0214948691662262,2.58861444122283,5.52334588259376,0.586370398891186,0.0297328247650392,1.58161726235798,0.0357754849963729,0.0363737595139006,0.0543793043969226,0.0967449791951374,0.0235458474210208
0.00956492589170366,0.0349371481752737,0.0181025539400879,0.0314166223842291,0.348018370253357,0.0145838675626944,2.5370291437685,7.29207651971019,0.624111517180438,0.0676430913684667,1.50063809086182,0.0370255948200953,0.0471178518138021,0.0789549872703593,0.123423377992394,0.0114890053644195
0.00885013343413754,0.0416153344259543,0.0183194843150605,0.0399988769166567,0.318786602398663,0.00704702373861295,2.44200238636469,8.95302490223434,0.653693977967368,0.105391408981555,1.3934048184936,0.0379860806844962,0.0580586705589744,0.101195110816319,0.147273862895648,0.00180619808104165
0.00796809865530368,0.0476497233058293,0.018383653187442,0.0481119021961265,0.283727238270566,0.00060230317746939,2.30321619442986,10.4770575766704,0.673281407378706,0.142380772014483,1.26164161216185,0.0386230277623376,0.0692771410526837,0.120497367459837,0.167501169529929,0.0163600117800951
0.00692991745831728,0.0529295434328261,0.0182980481006352,0.0555857934576518,0.243442592478004,0.00784199441289198,2.12108176141629,11.8372602003761,0.681612075865156,0.177980291284072,1.10755332593583,0.0389242298988549,0.0807414664219049,0.13637636648262,0.183437769636255,0.0320273441206295
0.00574998937854998,0.0573574396130568,0.0180758437671011,0.0622611815332176,0.198667640685059,0.0141835539299654,1.89688852910958,13.0095052612503,0.678132042217819,0.211560923042185,0.933861062512463,0.038902238034422,0.0922477284408927,0.148498725969537,0.194605879580627,0.0484259816047928
0.00444574772756812,0.0608518558533047,0.0177393432681048,0.0679949016230994,0.150242017965276,0.0192078522771074,1.63290538917081,13.972993368031,0.663089904279567,0.242507064753322,0.743638912317493,0.0385923177779029,0.103601510316155,0.156849420362427,0.200867967119775,0.06522056726268
0.00303729020648458,0.063348816173676,0.017318363642997,0.072664244488769,0.0990788879993512,0.0225839986535235,1.33245278890127,14.7105413957315,0.637573230680804,0.270204754979182,0.540128115731294,0.0380484963911499,0.114565957740704,0.161577628959754,0.202261429336513,0.0820691174414804
0.00154693630625347,0.0648030553683543,0.0168482915164923,0.0761702009875684,0.0461297090516288,0.0240911503752099,0.99992514214421,15.208762908521,0.603479649754044,0.294070156328597,0.32673196764966,0.037340768024328,0.124717030524557,0.162939055754837,0.199017214887624,0.0983900503490206
1.26451486526236e-06,0.0651884866309283,0.0163678963697973,0.0784387513302432,0.00764077308625608,0.0235996188547258,0.640736306899634,15.4582687847631,0.563417212606102,0.313498206098256,0.1069878941541,0.0365522267370085,0.133738304733766,0.161180391606281,0.191230440431622,0.113879695931577
0.00158204123781003,0.0644981143242179,0.0159172701879489,0.0794220417477979,0.0613011418397489,0.0211379484648823,0.261223715998899,15.4537881139766,0.520533888459823,0.328037785655499,0.115499668410673,0.0357708549660793,0.140869461027996,0.156984132629011,0.179963955432929,0.127395389831764
0.00316941455522524,0.06274307990612,0.0155345242252922,0.0790963975193341,0.113961847411412,0.0168365364946948,0.131693783735326,15.1942550971648,0.478291046322572,0.337266459086899,0.337031161172852,0.0350889015425161,0.145730172461882,0.150606028376877,0.165248956815745,0.138718411230743
0.00473715308141553,0.0599517638846487,0.0152542229929127,0.0774599250741105,0.164800438233705,0.0109542635274137,0.530645440282705,14.6828292455927,0.440196077977465,0.340894226493636,0.554112462976482,0.0345896192847305,0.147788866303772,0.142969319476203,0.148553359090884,0.147002898793175
0.00625917986014568,0.056168217437777,0.0151044178712278,0.0745293965293262,0.213065526951037,0.00385498184574222,0.928222449699885,13.9265629086066,0.409541823491119,0.33875776871323,0.763416821855255,0.0343451937173473,0.146594267958562,0.134458301751431,0.130286708617187,0.151870160861861
0.0077099165209249,0.0514509088517575,0.0151053529033129,0.0703375430440428,0.25806734100782,0.00404408764782975,1.31711568848832,12.9364013050136,0.389155726031851,0.330644534424823,0.96147900149723,0.0344204742103339,0.141520574964922,0.125391210336656,0.110765974401646,0.152814977873342
0.00906457813168404,0.0458714545326833,0.0152683001669858,0.0649305387132902,0.299181920663565,0.0122573600784696,1.69010849879436,11.727286842994,0.381182371855816,0.316099778718147,1.14492266627733,0.0348561956281001,0.131547892487859,0.116912410075796,0.0903282199980805,0.150169671849913
0.0102994329259716,0.039513347670503,0.015594257459222,0.0583679883648866,0.335842730144163,0.0202511005647707,2.03932724380426,10.3177870619181,0.386944347273167,0.293775571852224,1.31085354620782,0.0356458607561478,0.116210932255782,0.10993626880954,0.0694401488102988,0.144396940097061
0.0113921166483986,0.0324709692493644,0.0160734776235314,0.0507282539689345,0.367524850654211,0.027493866080684,2.3556619001558,8.7295024769565,0.406839277214469,0.262418799009336,1.45681418412055,0.0367602283757387,0.0961063380991753,0.104232286848882,0.0489983338727743,0.135077480574444
0.0123220745559631,0.0248488610981426,0.0166858789992528,0.0421148053275122,0.393736409819576,0.0334868949931241,2.62949241789369,6.98673043212825,0.440246898245616,0.221978658225786,1.58042847378586,0.0381698938025304,0.0722268627139829,0.0987734274711038,0.0300155120497588,0.121131980603469
0.0130711076750376,0.016761102370379,0.0174019966829864,0.0326601376688596,0.414015304456138,0.0377984547902386,2.85226314645755,5.11639835534167,0.485498720935648,0.174135959536168,1.67947544680458,0.039843234596955,0.0461409782852342,0.0923085803735989,0.0137552964424903,0.10173305678805
0.0136239639514792,0.0083307028788623,0.0181849037621786,0.022526409905219,0.427931386221854,0.0401308946321331,3.01827173341687,3.14760492265492,0.53999652348312,0.122093859614336,1.75244661554126,0.0417318518105406,0.0196467713461738,0.0840459247364734,0.00109656693140603,0.0773254314040734
0.0139688569417364,0.000311180282894118,0.0189928432034403,0.0118949253305924,0.43510506853703,0.0402718050280411,3.12577578930541,1.11106177456283,0.600473268831042,0.0697657295816758,1.79754665712279,0.043761967130126,0.00774865359183419,0.0731224632793385,0.00845480355960326,0.0473865465280369
0.0140977331100491,0.00902644444473641,0.0197808644962074,0.000957150967655731,0.43522367817753,0.0381426686049979,3.17700556179776,0.960330429316219,0.663274140507165,0.0205622920381348,1.81307977716138,0.0458308854214144,0.0356121826522555,0.0600586085573804,0.0157342058253308,0.0140360993006511
0.0140063980260434,0.0176716119689016,0.0205041979419014,0.0100945025834469,0.428067919282858,0.0338313362472176,3.1768327223358,3.03215690464253,0.724702818926342,0.0237665777195282,1.79798197344311,0.0478196168635478,0.0645563933314889,0.0460835602352605,0.0226046496410965,0.0202536983116824
0.013694460440496,0.0261000268884893,0.0211215521096202,0.0210719498092061,0.413545059204021,0.027608630881289,3.13030515940516,5.06920154222407,0.781274491012761,0.0637898207977258,1.75211792538278,0.0496240563409846,0.0939453785329474,0.0322836499456114,0.0303238976036876,0.0527486102786924
0.0131652337620245,0.0341646802515561,0.0215985955073754,0.0317935349714581,0.391715687256339,0.0198772024509729,3.0408277398001,7.03647309457088,0.829867531299403,0.100915473390119,1.67577599576487,0.0511513152900258,0.123340015194343,0.0182606538562589,0.0395347711787397,0.0828724807080052
0.0124256198371915,0.0417215015969969,0.021910196928872,0.0420808363487569,0.362817688557069,0.011167604380036,2.9100179040704,8.89961328469923,0.867798896434495,0.13629736015079,1.57018403891699,0.0523320956042283,0.150494009419954,0.00398526576353164,0.0498253287748643,0.109232679453025
0.0114860593727482,0.0486330429768362,0.0220427728591268,0.0517594783536424,0.327273883274935,0.00207964895961332,2.73835705147723,10.6261151236349,0.89293855107813,0.170514052569654,1.43702101433531,0.0531153239416964,0.17472931698896,0.0113842112759773,0.0613278693755667,0.132014676061141
0.0103604152365613,0.0547721207483299,0.0219949092524563,0.0606618428316291,0.28568701001763,0.00677015625324711,2.52598600036931,12.1855623664025,0.903806913783926,0.203632642714467,1.27866569340417,0.0534802240005185,0.194425163125117,0.0275203387559168,0.0734070289513664,0.150420663377784
0.0090658074536647,0.0600252913453792,0.0217774417660372,0.0686306743390322,0.238824220033711,0.0147812295620837,2.27336121570698,13.5506248610738,0.899709082429483,0.235344366787252,1.09784567504344,0.0534297303175274,0.209273745792564,0.0449226767226292,0.086219610734024,0.164674718484995
0.00762235344368123,0.0642958610467853,0.0214126683963052,0.0755244083747392,0.187587535376366,0.0214157087622939,1.9817573062761,14.6971038207192,0.880830630488347,0.265114971430748,0.897553609934333,0.0529921516283932,0.218664231707978,0.0631319517720775,0.0993139784816754,0.174561317500147
0.00605280306908251,0.0675062179077991,0.0209326905837104,0.0812220984269601,0.132976084292649,0.0262369735840719,1.65355320689722,15.6045500146176,0.848311295724067,0.292321826189205,0.681329500594868,0.0522246176549475,0.222399899097984,0.0816052688544626,0.112232514972667,0.180123411773492
0.00438208665474193,0.0695993357166114,0.0203770425085823,0.0856271594588895,0.0760409214401318,0.028945654081355,1.29234960398929,16.2567610425581,0.804248301175887,0.316335878825564,0.45302461093816,0.0512066059840384,0.220711857673269,0.0996682508366757,0.124448513578583,0.181689199485108
0.0026368113272679,0.070539446243478,0.0197899837253028,0.0886683255810096,0.017854717504449,0.0293540334057205,0.902963968582527,16.6420263761592,0.751610243784793,0.336483134931476,0.216556463835555,0.0500329659202449,0.213786363450914,0.11707782344985,0.135689501701399,0.179624251550961
0.00084474691474079,0.070312080467103,0.019218164112953,0.0903009422671716,0.0405379059551667,0.0274348376328823,0.491373576376451,16.7531515247397,0.694062981207672,0.352163292993889,0.0241345693729128,0.0488073613678971,0.202509855193779,0.132815219992544,0.145195808849267,0.174628345256326
0.000965700005003178,0.0689231330520394,0.0187072176034064,0.0905053210247073,0.0981426395821535,0.0232929611954469,0.0644321856498655,16.5875242466419,0.635721257327852,0.362826578214176,0.265070351771571,0.047638506946391,0.187300403763496,0.146420811982551,0.152488848795576,0.167172995279031
0.00276595784414391,0.0663977292487248,0.0182995261818566,0.0892842976043455,0.154037876827985,0.0171618817594142,0.370347369764154,16.1471163094574,0.580843731143431,0.367989658422748,0.50233688492328,0.0466323384998959,0.169137357878624,0.157101502238131,0.1569106441126,0.15800537842697
0.00452770992147222,0.0627785248009038,0.0180313692206173,0.086659799293294,0.207392707271087,0.00941484471678555,0.805150246575376,15.4383376856752,0.53351093034441,0.367327626277642,0.732213353222896,0.0458830035748062,0.149079834760296,0.164181182322589,0.157899719168187,0.147877661607009
0.00622323628305588,0.0581239174287728,0.017930448548868,0.0826689963333208,0.257461530951332,0.000527809594727582,1.23214654279957,14.4717866792696,0.497325001786151,0.360354810870402,0.951172811438886,0.0454610880269138,0.127438970706206,0.167820142822503,0.154296600153616,0.137891124187117
0.0078256953066298,0.0525064518648847,0.0180142049853416,0.0773626757881117,0.30357322044389,0.00895382680931993,1.64279165662718,13.2620528240252,0.475170402739804,0.345366409696306,1.1558184223903,0.045385392435885,0.10397368203779,0.168762450938109,0.144497919857268,0.129448549234404
0.00930942508168342,0.0460114504834267,0.0182886852331356,0.0708092180499925,0.345118886051378,0.0184399597715289,2.02643405000775,11.8274541407789,0.469011765012664,0.319786135293909,1.34316856988322,0.0456275843143754,0.0796738875343325,0.16689358290154,0.128524758268936,0.123102043528335
0.0106503758891789,0.0387359070158339,0.0187478814496069,0.0631029267052569,0.381537886586254,0.0273191499975463,2.37033063881627,10.1896372648725,0.479678006235587,0.281708445050264,1.51014227961709,0.0461627848142271,0.0552547230744094,0.160728078656172,0.106636266225776,0.118095481774443
0.0118267144315449,0.0307876614547504,0.0193736127131321,0.0543723512605886,0.412303948722013,0.0349933671149338,2.66107256734848,8.37378197221015,0.506640764733652,0.2314116267648,1.65384338615559,0.0469862703171841,0.0331901084680234,0.148511274934276,0.0812157389903045,0.112976191697004
0.0128195530180024,0.0222848162673674,0.0201361977358059,0.0447833336341386,0.436916148921006,0.0409173489782432,2.88756757428535,6.40801741176952,0.547963901961063,0.172008249731934,1.77184492209119,0.0481048568431032,0.0151259131582415,0.128984581430974,0.0540793199467575,0.106310710506765
0.013613654953945,0.0133552542076069,0.0209958545303595,0.0345336658676772,0.454898198882797,0.0446309479784264,3.04340834481758,4.32307500073576,0.600466376936363,0.108337420345756,1.86187088001535,0.0495127117477125,0.00180839469382765,0.101697958248242,0.0262890856039714,0.0969976405828805
0.0141979805255017,0.00413608678408227,0.0219049286691666,0.0238436187625819,0.465805397555737,0.0458230610670302,3.12799767323119,2.15205289088863,0.660080153441734,0.0459199632123925,1.92208827088271,0.0511652549930911,0.00666723518053258,0.0677300753586314,0.00115128934611763,0.0845767016812802
0.01456600395295,0.00522716668321863,0.0228113765739644,0.0129414852811982,0.469247020220711,0.0443672057330757,3.14653049177445,0.0702096863072309,0.722352759876643,0.0100822170180748,1.95119229990813,0.0529684892049793,0.0111793663416665,0.0288537882462753,0.0280377812676498,0.0691415646069774
0.0147156919720315,0.0145819662806767,0.0236623442945718,0.00204462473947195,0.464917465885006,0.0402953932776607,3.10890083498602,2.30748424103592,0.782947126841056,0.0558232090669177,1.94789958611765,0.0547867435042303,0.0135625601009233,0.0131296530174667,0.0553279779689499,0.0512447011176961
0.0146491252247805,0.0237707924414562,0.0244073209158908,0.00865417076733998,0.45263048308568,0.0338246704189009,3.02747805921781,4.52215073885461,0.83802372765971,0.0902452137665612,1.91132257287084,0.0564750013401971,0.0167169745945656,0.054306260990949,0.0839908369997135,0.0331112685344531
0.0143719327093488,0.0326339054449535,0.0250020289601096,0.0189935979099479,0.432355803915797,0.0253468241601681,2.91324555823641,6.67592954825541,0.884446261351592,0.115836546585405,1.84112485566469,0.0579170972255905,0.0227755935923482,0.0922032608005123,0.114549381644316,0.0159337981780746
