step,position_error_m,attitude_error_deg,velocity_error_ms,rate_error_rads,thrust_error_N,yaw_error_raw_rad,yaw_error_corrected_rad,fullstate_error,cumulative_mse_pos,cumulative_rmse_pos,cumulative_mse_full,cumulative_rmse_full,cumulative_mse_input,cumulative_rmse_input,in_track,solve_time_s
1,0.282842712474619,90.0118385420014,0.5,0.5024279411079,0.00144138388055241,-1.5707963267949,-1.5707963267949,1.74656410625535,0.08,0.282842712474619,3.05048617725955,1.74656410625535,2.75941387438069,1.66114836013545,0,0.0169959
2,0.290034000990388,90.5859512883725,0.49992494665177,0.50179070738572,0.112584095864147,-1.58081756162658,-1.58081756162658,1.76015562621226,0.0820598608652462,0.286460923801565,3.0743170028731,1.75337303585777,2.75729964930334,1.66051186364426,0,0.0166482
3,0.297451589698187,91.1415440950243,0.500252906553501,0.514683381839741,0.784548574897413,-1.59053829633494,-1.59053829633494,1.93637188625603,0.0841990566481569,0.290170737063814,3.29939002920965,1.81642231576516,2.75412786009473,1.65955652512794,0,0.0232442
4,0.305070002130322,91.6228684085733,0.504336958323683,0.846204700206337,1.16346928961206,-1.5990190070835,-1.5990190070835,2.23032144447897,0.0864162190360664,0.293966356979955,3.71812595833292,1.92824426832622,2.52884807776366,1.59023522717982,0,0.023917
5,0.31285430870301,91.9937932275172,0.515756290731951,1.46176485445206,1.37647656381484,-1.60545130288507,-1.60545130288507,2.64069319611512,0.0887085389236608,0.297839787341552,4.36915287786808,2.09025186948082,2.39641500862726,1.54803585508452,0,0.0174265
6,0.320756347494795,92.2400602003065,0.531757775805168,2.16877530008888,1.31033590070308,-1.60903149599423,-1.60903149599423,3.06561121423397,0.0910712215127509,0.30178008799911,5.20728941769625,2.28194860101981,2.46319400826598,1.56945659649,0,0.0181214
7,0.328662833133827,92.3654974117503,0.531947450096194,2.74455972711326,1.13265765006375,-1.60894592986375,-1.60894592986375,3.435886685493,0.0934923695657227,0.305765219679614,6.14986483167508,2.47989210081307,2.4351563158813,1.56049873946803,0,0.0193869
8,0.336295333835561,92.3901337690969,0.501973362947577,3.16319206661534,1.23417199434829,-1.60471416846509,-1.60471416846509,3.80712902585699,0.0959426423149538,0.309746093300551,7.19291065515604,2.68196022624424,2.42787920802054,1.55816533398113,0,0.018764
9,0.34323718980684,92.3650773447867,0.449259270961729,3.51707523867232,1.32118917822441,-1.59654605490615,-1.59654605490615,4.12720118508172,0.0983725452206808,0.313643978454363,8.28634165148758,2.87860064119488,2.32099601907539,1.52348154536751,0,0.010786
10,0.349113382040035,92.3392848574392,0.393863783648003,3.73360985026408,1.15782202041257,-1.58468122373018,-1.58468122373018,4.26083757819088,0.100723306050556,0.317369352727316,9.27318117311118,3.04518984188362,2.26805393751113,1.50600595533721,0,0.0146299
11,0.353722251800342,92.3239135026594,0.344540064569491,3.65335138504469,1.02228782331059,-1.56945297369682,-1.56945297369682,4.15118598105251,0.102941135629478,0.320844410313595,9.99674152549079,3.16176240813423,2.26425774621693,1.50474507682096,0,0.0089316
12,0.356845361301542,92.2927659129518,0.298727778856103,3.27504931275016,1.02741832859823,-1.55166887232855,-1.55166887232855,3.82005637195093,0.104974258650558,0.323997312721198,10.3797489554401,3.2217617781953,2.21990143220316,1.48993336502112,0,0.0094248
13,0.358155261656632,92.1479401304567,0.269826519214078,2.69329180753972,1.14924680064016,-1.53171738065165,-1.53171738065165,3.37079382418958,0.106766638096848,0.326751645897688,10.4553260361905,3.23346965907993,2.17159539046117,1.47363339757932,0,0.0097219
14,0.35735758447704,91.7673639413015,0.283750625397473,2.1279501478036,1.19451879519201,-1.50940030621821,-1.50940030621821,2.95440772605514,0.10826219560302,0.329032210585864,10.331983105875,3.21434022870558,2.13578290604562,1.46143179999808,0,0.0140699
15,0.354232281349117,91.0589998808415,0.347471747597187,1.76407471789251,1.20271987141794,-1.48409854483193,-1.48409854483193,2.70749343726062,0.109410083172806,0.330771950402095,10.131885613004,3.18306230115026,2.09653593472062,1.44794196524606,0,0.0084201
16,0.348648838754937,89.9783034565274,0.445601197959203,1.67409465967915,1.19510653393048,-1.45519449779901,-1.45519449779901,2.64899992354643,0.110169203772328,0.331917465301735,9.93721779937555,3.15233529298131,2.05466238374701,1.43340935665532,0,0.01193
17,0.340634894972397,88.5325997118141,0.559613460540727,1.76037725990578,1.18521896274514,-1.42270266811957,-1.42270266811957,2.70563656862607,0.110514081884124,0.332436583251789,9.78329141361738,3.1278253489633,2.02171709846438,1.42187098516862,0,0.0174109
18,0.330336888313704,86.743621783701,0.678352851313465,1.93579757234855,1.17329375483203,-1.387285744867,-1.387285744867,2.82582658254188,0.110436769545049,0.332320281573438,9.68340277256088,3.11181663543353,2.00138080491299,1.41470166639931,0,0.0094172
19,0.317982919324627,84.6284904332458,0.795994025178753,2.18695331025625,1.17793730407619,-1.34990478701679,-1.34990478701679,3.01441287669367,0.109946052041742,0.331581139454195,9.65199657354065,3.10676625666313,1.9881692809934,1.41002456751413,0,0.0104025
20,0.303906833229887,82.2022226916412,0.909009119608437,2.52977897486776,1.21372528362563,-1.31173667305007,-1.31173667305007,3.29392321513909,0.109066717603846,0.330252505825234,9.71189325222523,3.11639106214628,1.97475800477498,1.40526083158073,0,0.0095169
21,0.288512406648231,79.4796347841829,1.0162377893289,2.97342709434804,1.24984149285417,-1.27364649190179,-1.27364649190179,3.66655466307783,0.107836845755565,0.32838520940439,9.88959467342107,3.14477259486613,1.95572331657575,1.39847177897008,0,0.0093982
22,0.272255152032908,76.4783305174438,1.11692808088246,3.49963993008438,1.25885451592542,-1.23586886671879,-1.23586886671879,4.11528043250745,0.106304392212515,0.326043543430192,10.2098645990919,3.19528787421288,1.9305414119209,1.38943924369542,0,0.013002
23,0.255644145434734,73.2216179126273,1.20971020383388,4.07711524178895,1.23914741666704,-1.19794618179924,-1.19794618179924,4.61738943336948,0.104523937294365,0.32330161969029,10.6929263634528,3.2700040311065,1.90469944804432,1.3801084914036,0,0.0122675
24,0.239263796654374,69.746576300098,1.2920681436866,4.67131480627597,1.18975736761173,-1.15888918853133,-1.15888918853133,5.14249250536269,0.102554071756661,0.320240646634153,11.3492723136302,3.36886810570408,1.87534062912156,1.36943076828351,0,0.0141277
25,0.223765255060636,66.114593468496,1.36004996074766,5.24549588887017,1.12363158651787,-1.11735374904776,-1.11735374904776,5.65765915146934,0.100454744461288,0.316945964576437,12.1756657040532,3.48936465621654,1.8587785059577,1.36337027470812,0,0.0114209
26,0.209828248424944,62.4434881894768,1.40754336921775,5.7286041812292,1.01202975033304,-1.07226257144405,-1.07226257144405,6.08720603146028,0.0982844809757418,0.313503558154835,13.1325276873375,3.62388295717971,1.86424658417625,1.36537415537876,0,0.0085839
27,0.197994864213577,58.9389166583066,1.4264861857822,6.00454094040034,0.93881074943367,-1.02352047688587,-1.02352047688587,6.32993847329055,0.0960962396897867,0.309993934924196,14.1301422572748,3.75900814807242,1.86117404310604,1.36424852688432,0,0.0129544
28,0.188607897684283,55.8483198037919,1.41334812213215,6.01722656939041,1.03055814004914,-0.972212230731261,-0.972212230731261,6.34447033734028,0.0939346932390402,0.306487672246438,15.063076600279,3.8811179575322,1.85371746885172,1.36151293378055,0,0.0161801
29,0.181903657421889,53.3291176841603,1.37221268237711,5.83286974735068,1.12054339247085,-0.919482799686601,-0.919482799686601,6.16930903148405,0.0918365638371236,0.30304548146627,15.8560868528883,3.98197022250146,1.84464584296637,1.35817739745821,0,0.0102467
30,0.177955595157361,51.4079947232455,1.30755659421444,5.51148219745277,1.15865328035749,-0.866047516742876,-0.866047516742876,5.85365896579389,0.0898309515041465,0.299718120079762,16.469728067386,4.05829127434023,1.83625307035743,1.3550841561901,0,0.008275
31,0.176552742015013,50.0174079225901,1.22363408391731,5.09176560678539,1.18411688985019,-0.812561825988275,-0.812561825988275,5.44230970845388,0.087938690833465,0.296544584899919,16.8938895801391,4.11021770471335,1.82927642512393,1.3525074584356,0,0.0088684
32,0.177192823908618,49.0279947621428,1.12422611735435,4.61095023635819,1.20843093029144,-0.759708498824574,-0.759708498824574,4.97480365770533,0.0861717722713164,0.293550289169192,17.1393515130322,4.13996998938787,1.81892294047726,1.34867451242961,0,0.0131583
33,0.179185017558325,48.2708188563371,1.01356626062201,4.10069227644488,1.22067965819179,-0.708032742335389,-0.708032742335389,4.48050670298187,0.0845334540363486,0.290746374072573,17.2283087494696,4.1506997903329,1.80516132227875,1.34356292084842,0,0.0096345
34,0.181789728229828,47.568405870049,0.89643575972543,3.60565917818856,1.19943806710791,-0.657842121009014,-0.657842121009014,3.99566620419696,0.0830191614261582,0.288130459039231,17.1911628572899,4.14622272162144,1.79019002505276,1.33797982983779,0,0.0085033
35,0.184351140352812,46.7678186259236,0.777984526639994,3.16461742386288,1.17004206061075,-0.609219973354236,-0.609219973354236,3.56220649895193,0.0816181951839646,0.28568898330871,17.0625386368295,4.13068258727653,1.77317576607673,1.33160646066198,0,0.0085491
36,0.186341207597143,45.7440265160354,0.663025322740667,2.81024686057349,1.13590470166796,-0.561972329249304,-0.561972329249304,3.2092848652083,0.08031555214132,0.283399986135003,16.8746767120858,4.10787983174846,1.7552642142321,1.32486384743192,0,0.0083658
37,0.187371575305985,44.4000930617648,0.55706270612862,2.57214636059999,1.09719201571746,-0.51565485565856,-0.51565485565856,2.96069371929798,0.0790937293059505,0.281236073976918,16.6555153766102,4.0811169275837,1.73836505281295,1.31847072504965,0,0.0084096
38,0.187195694476639,42.6693000215395,0.466266833396995,2.46143345116555,1.0680772796125,-0.469677823778301,-0.469677823778301,2.82957562910425,0.0779344792723884,0.279167475312559,16.4279096625105,4.05313578140562,1.72354350663745,1.31283795901758,0,0.0086611
39,0.185679842926015,40.5144997348818,0.397754664253536,2.46464077668368,1.05841081949599,-0.423494151158111,-0.423494151158111,2.80844796131052,0.0768201850364048,0.277164545056551,16.2089217211997,4.02603051667517,1.70888860437249,1.30724466125224,0,0.0103799
40,0.182768877736135,37.9268279097879,0.358788490512136,2.55424472364952,1.05787488780767,-0.376811287490581,-0.376811287490581,2.87116251957057,0.0757347919772179,0.275199549376844,16.0097880335144,4.0012233171262,1.69201652708333,1.30077535611778,0,0.0126759
41,0.178469115398073,34.9292019132744,0.352134686335697,2.69839451929924,1.04820251049127,-0.329764086001251,-0.329764086001251,2.98455352946039,0.0746644610790167,0.273247984583632,15.8365629539217,3.97951792984046,1.67448824966891,1.29402018904997,0,0.0112373
42,0.172847308541686,31.5820115718889,0.371566643157662,2.86101759878053,1.02148888810355,-0.282974020092839,-0.282974020092839,3.11458372350192,0.0735980737216617,0.271289649123703,15.6904693543213,3.96111970966812,1.6555897216746,1.28669721445047,0,0.0080277
43,0.166021988935493,27.9814548328797,0.406281934665068,3.00899106374974,0.985401977631953,-0.237460924118245,-0.237460924118245,3.23360115014765,0.0725274976074392,0.269309297291124,15.5687416111565,3.94572447228091,1.63525418688505,1.2787705763291,0,0.0084979
44,0.158141440435666,24.2439297934633,0.446758162314527,3.12057457726513,0.943827693408657,-0.19443994124688,-0.19443994124688,3.32151206375158,0.0714475252796126,0.267296698968791,15.4656439015767,3.93263828766093,1.61407207085973,1.27046136141944,0,0.0084017
45,0.149375380128451,20.4879258561569,0.486592545385696,3.18394211848061,0.899080714928709,-0.155063969330217,-0.155063969330217,3.36641999348012,0.0703556470331439,0.265246389293321,15.3738025609306,3.92094409051323,1.59260308776726,1.26198379061193,0,0.0078244
46,0.139909441475724,16.8277193351201,0.522064544903683,3.19283709107003,0.856856508965841,-0.12020814151058,-0.12020814151058,3.36255809971647,0.0692517123544679,0.263157200840995,15.2853893959967,3.90965336008152,1.57118075788801,1.25346749375004,0,0.0082997
47,0.129937839069965,13.3774813819491,0.551152752747006,3.14776041038798,0.821645944325831,-0.0903546820064833,-0.0903546820064833,3.3103873308094,0.0681375023473978,0.261031611777956,15.1933314148049,3.89786241609487,1.54996780646745,1.24497703049793,0,0.0092078
48,0.11965949756017,10.2732797040478,0.57274422144452,3.05375833702921,0.792814030870341,-0.0655874092175921,-0.0655874092175921,3.21379803559529,0.067016270951751,0.258875010288268,15.0919807147797,3.8848398570314,1.5290421579759,1.23654444237799,0,0.0088493
49,0.109277523291772,7.73299898671647,0.586253646542137,2.91621160867538,0.767512057828118,-0.0456566849165694,-0.0456566849165694,3.076884092879,0.0658922976077721,0.25669495049138,14.9771895924579,3.87003741486538,1.50841325329408,1.22817476496388,0,0.0076764
50,0.0989988531594918,6.14660897154893,0.591462903114269,2.74005222348709,0.744255198735186,-0.030063775361191,-0.030063775361191,2.90395244750063,0.0647704671141545,0.254500426550044,14.8463045969557,3.85309026587176,1.48803380192091,1.21984990958761,0,0.0075393
51,0.0890343689711097,5.92423372184001,0.588433086935548,2.53184067806785,0.722580511417526,-0.0181496530446821,-0.0181496530446821,2.701335123656,0.0636558916581531,0.252301192343899,14.6982831627075,3.83383400301936,1.46783868675704,1.21154392687886,0,0.0075442
52,0.079599061668129,6.86809927632972,0.577488223838619,2.2992768669334,0.700714714010887,-0.0091854174329824,-0.0091854174329824,2.47626188521456,0.0625535862535434,0.250107149545037,14.533544504274,3.81228861765134,1.44776612715077,1.20323153513809,0,0.0074604
53,0.0709094228802184,8.33442458413349,0.559198183639614,2.04974005171265,0.6772435384971,-0.00244319751645961,-0.0024431975164596,2.23584064122455,0.0614682005931597,0.247927813270637,14.3536471244377,3.78862074169977,1.42776452870097,1.19489101122277,0,0.0073888
54,0.0631764473308506,9.88231598901785,0.53433426059172,1.79027127934886,0.651415546173684,0.0027521817893521,0.0027521817893521,1.98712526575146,0.0604038128691632,0.245771871598772,14.1609623040183,3.76310540697683,1.40779860025714,1.186506890101,0,0.0074887
55,0.0565907220215,11.3073890881741,0.503818631146729,1.52796972272265,0.622982103674717,0.00698464719380043,0.00698464719380043,1.73746406639857,0.0593637891773404,0.243646853411532,13.9583771963457,3.73609116542218,1.38785315284335,1.17807179443502,0,0.0077588
56,0.0512953950111757,12.5184546839094,0.468674495458133,1.27047244626798,0.591964133519487,0.0107198100642298,0.0107198100642298,1.49483975341293,0.0583507075411264,0.241558911119268,13.7490230658464,3.7079675114335,1.36793374733909,1.16958699861921,0,0.0084986
57,0.0473479001297208,13.4748417705459,0.429983846120965,1.02686396958132,0.558846219915547,0.0142900817874088,0.0142900817874088,1.26854106773334,0.0573663411570135,0.239512716065376,13.5360436513671,3.67913626431083,1.34806160126684,1.16106055021555,1,0.0081991
58,0.0446844429232628,14.1613278267565,0.388844163404256,0.809626708253118,0.523031643000807,0.0178922172027698,0.0178922172027698,1.06927215574965,0.0564116921618816,0.23751145690657,13.3223763977756,3.64998306814917,1.32828072205607,1.15251061689516,1,0.0089089
59,0.0431129673932203,14.5777509401239,0.34635920360778,0.638122699884563,0.486237790719501,0.0215977944184083,0.0215977944184083,0.911145264780138,0.0554870656499421,0.235556926559042,13.1106443519409,3.62086237682972,1.30863344261432,1.14395517508962,1,0.0130991
60,0.042347106604619,14.7328968767514,0.303674266046652,0.541460449561909,0.451612612998893,0.0253720216462345,0.0253720216462345,0.810718466627413,0.0545921691797394,0.23364967190163,12.9030880199441,3.59208686141414,1.28914528974012,1.13540534160278,1,0.0107622
61,0.0420673129358329,14.6403424355088,0.261951055138491,0.540399522242459,0.412500918539079,0.0291021980679602,0.0291021980679602,0.773219405837071,0.0537262263869181,0.231789185224242,12.7013631056756,3.56389717944774,1.26988962418117,1.12689379454373,1,0.0092299
62,0.0419828123316528,14.3205605772293,0.222375878659871,0.612238174894776,0.372388839877659,0.0326311571747566,0.0326311571747566,0.791955231497241,0.0528881026795691,0.229974134805567,12.5066184279823,3.53646976913169,1.25092030064146,1.11844548398277,1,0.0090258
63,0.0418613969050092,13.7983816567455,0.18640082469181,0.716064278504135,0.334443323395487,0.0357913098386162,0.0357913098386162,0.847995145980796,0.0520764244870495,0.228202595267998,12.3195148936907,3.50991665053327,1.23227005893267,1.11007660047975,1,0.0207567
64,0.0415346820130284,13.099149595349,0.155911386147956,0.827200001503139,0.305991340107798,0.0384358882536535,0.0384358882536535,0.925306782326112,0.0512896855077194,0.226472262115517,12.1404004834989,3.48430774810419,1.21394251264544,1.10179059382691,1,0.0168182
65,0.0408914649535792,12.2435800564785,0.133228892745047,0.935826816570407,0.273221119340981,0.0404618201565454,0.0404618201565454,1.00772387671111,0.0505263382215399,0.224780644677294,11.9692482823942,3.45966013972388,1.19598974149289,1.0936131589794,1,0.0167265
66,0.0398702559256992,11.2561691995593,0.120360965897082,1.02847419293758,0.23942338397972,0.0418123967933899,0.0418123967933899,1.08155192134568,0.0497848730561769,0.223125240742003,11.805619589609,3.43593067299225,1.17844753644438,1.08556323465949,1,0.0143772
67,0.0384486939815149,10.1677536949109,0.117756726533004,1.09840640506008,0.206448200635661,0.0424819967128327,0.0424819967128327,1.13840009100446,0.0490638794593516,0.221503678207274,11.6487589206178,3.41302782300669,1.1613344057825,1.07765226570657,1,0.0111371
68,0.0366331174606662,9.01343342887505,0.123321979307011,1.14197875737346,0.177751474203544,0.0425147252722469,0.0425147252722469,1.17346030513942,0.0483620868981095,0.219913816978628,11.4977037760166,3.39082641490487,1.14465636292396,1.06988614484157,1,0.0105731
69,0.0344510189031533,7.83062709502147,0.133512852109474,1.16034888656738,0.156393116539885,0.0419943849511699,0.0419943849511699,1.18682755711423,0.0476783881416654,0.218353814122093,11.3514842959341,3.36919638726123,1.12841665678409,1.06226957820701,1,0.0116328
70,0.0319463916321157,6.65624347629394,0.145126650306682,1.157628070513,0.141750084012202,0.0410305717349861,0.0410305717349861,1.18142896660708,0.0470118479101889,0.216822157332199,11.2092598688942,3.34802327783039,1.11261892178472,1.0548075283125,1,0.0086182
71,0.0291760433137318,5.52889709916289,0.156039136307441,1.13632696542536,0.131989962203623,0.0397424232458423,0.0397424232458423,1.15895277535928,0.0463616985241784,0.215317668862029,11.0703008782832,3.32720616708421,1.09725859460896,1.04750111914449,1,0.0156962
72,0.026206219710065,4.49637384831755,0.164975286103203,1.09901328945378,0.128605317100164,0.0382434508217013,0.0382434508217013,1.1217984286021,0.0457273244606689,0.213839482932102,10.9340249176739,3.30666371402867,1.08233672776875,1.04035413574838,1,0.0124193
73,0.023112350372387,3.62198198944934,0.17124286245612,1.0486100470863,0.12871711944897,0.0366359895283215,0.0366359895283215,1.07238315317949,0.0451082403001082,0.212387005958717,10.7999972561609,3.28633492756914,1.06783820468001,1.03336257174334,1,0.0175521
74,0.0199775182159234,2.99694295867636,0.174556857828235,0.98520321422824,0.132606023323141,0.0350000163585205,0.0350000163585205,1.01084860431857,0.0445040627451617,0.210959860507068,10.6678596567648,3.26616895716752,1.05374916611558,1.02652285221303,1,0.0184257
75,0.0168959147490586,2.7165348050588,0.174823458317482,0.911401012415917,0.138312022573391,0.0333923197106349,0.0333923197106349,0.93961623946753,0.0439144815343623,0.209557823844309,10.5373932437075,3.24613512406794,1.0400480594182,1.01982746551473,1,0.0117484
76,0.0139799866686765,2.79244064279431,0.172135707211719,0.82820152948193,0.144465945110195,0.0318450173652112,0.0318450173652112,0.859645070508117,0.0433392309882162,0.208180765173481,10.4084668805963,3.22621556635577,1.02670239316527,1.01326323981741,1,0.0134835
77,0.0113746543579426,3.11090203789354,0.166697753289323,0.736496064805941,0.150204921565208,0.0303631432011509,0.0303631432011509,0.77191547150828,0.0427780641281324,0.206828586341764,10.281030343123,3.20640458194579,1.01368904148285,1.00682125597489,1,0.0113212
78,0.0092803293590093,3.5284556269822,0.158781524031187,0.640126238153906,0.153383049398216,0.028933373329016,0.028933373329016,0.679983929301393,0.0422307315689641,0.205501171697302,10.1551501867253,3.18671463842079,1.00098950639859,1.00049463086945,1,0.0161473
79,0.00795138772612574,3.9476788927994,0.148729581166396,0.542751695769696,0.154930302001876,0.0275314795025485,0.0275314795025485,0.587804154341233,0.041696965657544,0.204198348811992,10.0309775732714,3.16717185723657,0.988586191780353,0.994276717911243,1,0.0190039
80,0.00757127070291729,4.31545235752329,0.136927075281029,0.448163519592187,0.154511857753756,0.0261297541410488,0.0261297541410488,0.499203097030086,0.0411764701385754,0.202919861370383,9.90870540025653,3.14780961944278,0.976463184422433,0.988161517375795,1,0.0137642
81,0.00803218309872486,4.60504366774164,0.123787118275356,0.360512233192269,0.149727589000292,0.0247013041849233,0.0247013041849233,0.417414703785555,0.0406689151487823,0.201665354359102,9.78852675377109,3.12866213480636,0.964610416168696,0.982145822252834,1,0.0102831
82,0.0089836559889878,4.80520602024931,0.109737961981281,0.284885485178286,0.142354155360089,0.0232237787917837,0.0232237787917837,0.347248022748704,0.040173936989345,0.20043437077843,9.67062497859465,3.10976284925308,0.953019103610684,0.976226973408686,1,0.0113243
83,0.0100962685130031,4.9135702556957,0.0952221105384838,0.228482574811771,0.134622059147322,0.0216837567980295,0.0216837567980295,0.29470494012726,0.0396911417802913,0.199226358146434,9.55515782224695,3.09114183146729,0.941678956901696,0.970401441106564,1,0.0099373
84,0.0111638706932823,4.9319518631052,0.0807094700220957,0.200877964662609,0.125600323682723,0.0200781012761708,0.0200781012761708,0.264906791377676,0.0392201119020599,0.198040682441916,9.44224136731684,3.07282302896162,0.930582801143146,0.964667197090865,1,0.0130097
85,0.0120750606065171,4.8651342167975,0.0667314786745403,0.2059016243489,0.116649428244206,0.0184136253685825,0.0184136253685825,0.260406637393774,0.0387604141983728,0.19687664716358,9.33195395848722,3.05482470176068,0.919722852096286,0.959021820448464,1,0.0187965
86,0.0127735135380114,4.71944229254521,0.0539549373742824,0.234692371564818,0.108513494358788,0.0167049768977749,0.0167049768977749,0.276974314199808,0.0383116089477883,0.19573351513675,9.22433489816442,3.03715901759595,0.909092366304808,0.953463353414702,1,0.0182975
87,0.0132342127607909,4.50200442933563,0.0433110628951006,0.274381826806903,0.0981577569303324,0.0149721920292003,0.0149721920292003,0.305197188577112,0.0378732587804275,0.194610531011113,9.11937869616156,3.01983090522658,0.898689334947678,0.947992265236209,1,0.0121789
88,0.0134510626678289,4.22198180368212,0.0360866024537688,0.314117292249015,0.0839709885414844,0.0132409646469891,0.0132409646469891,0.335609623498502,0.0374449368748191,0.193506942704439,9.01702932256182,3.00283687911312,0.888512783903507,0.942609560689635,1,0.0091932
89,0.0134302093976704,3.89211085849718,0.0334828261787641,0.346888305335696,0.0705624391108068,0.0115435546813725,0.0115435546813725,0.362252024913289,0.0370262338821185,0.192422020263063,8.91718884174151,2.98616624482655,0.878558490811019,0.937314510082405,1,0.0117796
90,0.0131860230142378,3.52607418121861,0.0353310527565159,0.371780317360435,0.0603547619756403,0.00991237651942578,0.00991237651942578,0.383500749934986,0.0366167631856831,0.191355070969345,8.81974310822439,2.96980523068843,0.868821063398544,0.932105714711879,1,0.0178796
91,0.0127385645265447,3.13574959669476,0.0399200605365916,0.389831903645095,0.053002267038383,0.00837327168416646,0.00837327168416646,0.39941121175435,0.0362161643707437,0.19030545018665,8.72457592369527,2.95373931207466,0.859296104895435,0.926982257055352,1,0.0133552
92,0.0121119709691375,2.73159313821615,0.0454779250204075,0.40159299268425,0.0455385371247886,0.00694452312916916,0.00694452312916916,0.409681053147122,0.0358241049736786,0.189272567937561,8.63156790893019,2.93795301339729,0.849979214370866,0.921943173070264,1,0.015962
93,0.0113333393401504,2.32578167222056,0.0508969156606027,0.405770519262838,0.0405073185085333,0.00564063468318032,0.00564063468318032,0.413106829648143,0.0354402806683767,0.188255891457284,8.54059037499225,2.92242884857651,0.840865408272232,0.916987136372279,1,0.0112037
94,0.0104319564216421,1.93259499369021,0.0555891666848307,0.402531793190102,0.0381101008119735,0.004470925238794,0.004470925238794,0.409659527183708,0.0350644141263172,0.187254944197255,8.45151835960098,2.90714952480965,0.831948125622752,0.912111904111964,1,0.0085039
95,0.00943871441521863,1.57039759606178,0.0592629023668851,0.391639801224084,0.0389185259355815,0.00344015675547693,0.00344015675547693,0.399059893145001,0.0346962528126698,0.18626930185264,8.36423131158746,2.89209808125303,0.823220698542619,0.90731510432849,1,0.0080351
96,0.00838583900892521,1.2638721705221,0.0617891322919251,0.374319095839031,0.0413726043522471,0.00254782630142758,0.00254782630142758,0.382362765794478,0.0343355660364532,0.185298586169602,8.27862683214036,2.87726029968447,0.814677077957593,0.902594636565935,1,0.0111003
97,0.0073070927887632,1.04587371255439,0.0631353261856142,0.352185682240154,0.0440238103882884,0.00178762154511025,0.00178762154511025,0.36103395961251,0.0339821415783973,0.184342457340671,8.19462393201514,2.8626253565591,0.806311725309932,0.897948620640364,1,0.0176886
98,0.00623879850058717,0.949485034392262,0.0633284376934102,0.326573629383787,0.0462395130019299,0.00114850692851087,0.00114850692851087,0.336321960110952,0.0336357822011354,0.183400605781811,8.11215952924818,2.84818530458399,0.798119400576247,0.893375285407116,1,0.0084919
99,0.00522225607121751,0.977881575016696,0.0624334420914434,0.298191331109855,0.0489948895154902,0.000616323132979879,0.000616323132979879,0.309087474557972,0.0332963022996943,0.182472743991245,8.03118352457828,2.83393428374376,0.790092855251822,0.888871675356922,1,0.0086707
100,0.0043082053196672,1.09129804036766,0.0605419657470341,0.267069826195313,0.051217260428587,0.00017814534218008,0.00017814534218008,0.279277941365837,0.0329635248830282,0.181558599033558,7.95165165101783,2.81986731088855,0.78222605658474,0.884435445120072,1,0.0088493
101,0.00356270968460527,1.24007347769734,0.0577665917197111,0.234378731943232,0.0525568517589505,-0.000178939090163421,-0.000178939090163421,0.248019595855774,0.032637279021813,0.180657906059527,7.8735314734823,2.80598137440046,0.774513508951506,0.880064491359302,1,0.0092163
102,0.00306568677010352,1.39036117512027,0.0542354404908598,0.201326112764855,0.0529982070494715,-0.000467931033518276,-0.000467931033518276,0.216519634871368,0.032317397839593,0.179770403124633,7.79679960366663,2.79227498711474,0.766950040252911,0.875756838541904,1,0.0090646
103,0.00287736182142376,1.52369322983006,0.0500873962128689,0.169111823535861,0.0526010580681544,-0.000700978508641814,-0.000700978508641814,0.185983652370042,0.0320037170762091,0.178895827442143,7.7214383445917,2.77874762160793,0.759530775366837,0.871510628372849,1,0.0087226
104,0.00297632786841508,1.63073419558508,0.0454690167794961,0.139078917623127,0.0514290539445776,-0.000888668242399859,-0.000888668242399859,0.157715725953805,0.0316960742055492,0.178033913077113,7.64743292060729,2.76539923349366,0.75225117590369,0.86732414696219,1,0.0085941
105,0.0032600640204194,1.70715042752948,0.0405332624366198,0.112973819618996,0.0495664229030554,-0.00103974891121883,-0.00103974891121883,0.133271351722717,0.0313943080513765,0.177184389976591,7.57476938091761,2.75222989245405,0.745107042300516,0.863195830794215,1,0.0091001
106,0.00361792752787889,1.75145298243271,0.0354405798694634,0.0932183535225757,0.0471306634354448,-0.00116119697810113,-0.00116119697810113,0.114518669110136,0.0310982588188126,0.176346984150035,7.50343301435777,2.73923949561877,0.738094479277749,0.85912425136167,1,0.0089674
107,0.00397350665927714,1.76389242946043,0.0303636836919938,0.0826074225675485,0.0441363178534499,-0.00125841794664483,-0.00125841794664483,0.103235188112522,0.030807768444386,0.175521418762458,7.43340707500923,2.7264275297556,0.731209925695443,0.855108136843197,1,0.0077525
108,0.00428276071385575,1.74594916811198,0.0254984379195477,0.0822397157474512,0.040595515843322,-0.00133524103604854,-0.00133524103604854,0.100042271746802,0.0305226811628577,0.174707415878256,7.36467190261226,2.71379289972766,0.724450128586505,0.851146361436449,1,0.0077426
109,0.00452231265719569,1.70002463437749,0.0210844009736938,0.0897183460559595,0.0367947046348976,-0.00139407851062856,-0.00139407851062856,0.103675479461391,0.0302428441917468,0.173904698590196,7.29720471639602,2.70133387725324,0.717811979325969,0.847237852864217,1,0.0076112
110,0.00468101913031782,1.62907714805546,0.0174340058681763,0.101116125418039,0.0328208000313423,-0.00143655545097587,-0.00143655545097587,0.111516608970716,0.0299681084440046,0.173112993284746,7.23097954582947,2.68904807428753,0.71129254196031,0.843381611111073,1,0.0074003
111,0.00475518624172009,1.53646901024867,0.0149343981919825,0.113372162177524,0.0287613907363504,-0.00146378182523632,-0.00146378182523632,0.12101749633465,0.0296983291949252,0.172332031830781,7.16596752500596,2.67693248420762,0.704889021774007,0.839576692014498,1,0.0076736
112,0.00474592478685261,1.42587326621077,0.0139061017707351,0.124708203543944,0.024779810644228,-0.00147658230836001,-0.00147658230836001,0.130389419164672,0.0294333666467748,0.171561553521687,7.10213747032403,2.66498357787136,0.698598719060721,0.835822181484029,1,0.008109
113,0.00465762124976467,1.30117546788903,0.0142996173232953,0.134193048713943,0.0210038044506201,-0.00147577059094672,-0.00147577059094672,0.138531012603555,0.0291730863528715,0.170801306648607,7.0394565267057,2.65319741570538,0.692419014453222,0.832117187932819,1,0.0116646
114,0.00449699157640712,1.16642052166764,0.0156477403037437,0.141470233887317,0.0178045508807966,-0.00146236281735446,-0.00146236281735446,0.144949463737386,0.0289173594807695,0.170051049631484,6.97789120934019,2.64156983805846,0.686347366114432,0.828460841630087,1,0.01474
115,0.00427245737352508,1.02571835956233,0.0174063810608918,0.146421607283967,0.0151671758544136,-0.00143798705641718,-0.00143798705641718,0.149368851242277,0.0286660629104324,0.169310551680728,6.91740790363916,2.6300965578547,0.680381323102227,0.824852303810947,1,0.0072599
116,0.0039937241798356,0.883629698688984,0.0191864001311038,0.148607394954699,0.0127266663970537,-0.00140441400708413,-0.00140441400708413,0.151221821761873,0.0284190791770048,0.168579593002845,6.85797221515414,2.61877303620496,0.674518243686099,0.821290596370188,1,0.0073097
117,0.00367148664474592,0.746055051557078,0.0207593570665592,0.147713520943394,0.0119117368379177,-0.00136215840563025,-0.00136215840563025,0.150250304336599,0.0281762962764679,0.167857964590507,6.79955001804986,2.6075946805533,0.668755577315285,0.817774771752764,1,0.0072858
118,0.00331722268602321,0.619852928087066,0.0220030264690918,0.144224622657785,0.0123285912909139,-0.00131209932495091,-0.00131209932495091,0.146849965863379,0.0279376073585855,0.167145467657922,6.74210946630769,2.59655723339727,0.663090840755434,0.81430389950892,1,0.0068989
119,0.00294314456447853,0.513407883179054,0.0228582092183381,0.138561262981095,0.0133948542370927,-0.0012556616467827,-0.0012556616467827,0.141386346366084,0.0277029103396052,0.16644191280926,6.68562106826257,2.58565679630197,0.657521584441063,0.810877046438647,1,0.0070747
120,0.00256239856424745,0.437065326600769,0.0233035787808528,0.131071379255348,0.0147023245460575,-0.00119448032284764,-0.00119448032284764,0.134177782642887,0.0274721074691618,0.165747119037291,6.63005759000501,2.57488982094477,0.652045401400202,0.807493282572804,1,0.0071351
121,0.0021896400081694,0.400300831318735,0.023341853703848,0.122070673344856,0.016010921126915,-0.00113027228675167,-0.00113027228675167,0.125523096159224,0.0272451048828329,0.165060912643887,6.5753939408948,2.56425309610709,0.646659923977251,0.804151679708033,1,0.0069462
122,0.00184216771273491,0.404024315799458,0.0229919542809044,0.111860857401005,0.0171790922130378,-0.00106466878239742,-0.00106466878239742,0.11571396023439,0.0270218121672513,0.164383126163397,6.52160702105626,2.55374372658187,0.641362833501389,0.800851317974435,1,0.0069495
123,0.00154161628771517,0.43718022309615,0.0222842743811383,0.100762322196413,0.0181121467914981,-0.000999101040045414,-0.000999101040045414,0.105063225616887,0.0268021419592312,0.163713597355966,6.46867556788814,2.54335911107498,0.63615187791745,0.797591297543704,1,0.0073298
124,0.00131481153688384,0.484644281890895,0.0212575736701247,0.0891257150022616,0.0187594245345332,-0.000934790984409073,-0.000934790984409073,0.0939173616280245,0.0265860095944744,0.163052168321904,6.41657996226658,2.5330969113452,0.631024879435091,0.794370744322254,1,0.0084818
125,0.00118836907115726,0.534754698276998,0.0199567803410389,0.0773315356785243,0.0191095614540877,-0.000872773478322042,-0.000872773478322042,0.0826567373993432,0.026373332815487,0.16239868477142,6.36530197965835,2.52295500943999,0.625979736641617,0.791188812257616,1,0.0087645
126,0.00117151270017029,0.580395281264736,0.018431425635286,0.065796858364068,0.019153058492475,-0.000813899287620767,-0.000813899287620767,0.0716921832269977,0.0261640315426816,0.161752995467415,6.31482450179706,2.51293145584934,0.621014424864686,0.788044684560898,1,0.0090203
127,0.00124277485081763,0.617615781195235,0.0167346475768573,0.0550141663441423,0.0188971698184299,-0.000758691364183051,-0.000758691364183051,0.0614934999152159,0.0259580277076158,0.161114951843756,6.26513124942489,2.50302442046115,0.616127002149292,0.784937578504999,1,0.0080204
128,0.00136362033476388,0.644384070888021,0.0149228276224351,0.0456193144872438,0.0183264085482751,-0.000707339129030427,-0.000707339129030427,0.0526119367969775,0.0257552451431846,0.160484407788372,6.21620653666293,2.49323214656456,0.611315614978447,0.781866750142533,1,0.0073585
129,0.00150002653318284,0.659854092627239,0.0130560855298307,0.0384271097021575,0.0174915791392111,-0.000659665509117779,-0.000659665509117779,0.0456940065624292,0.0255556095225366,0.159861219570403,6.16803507469062,2.48355291360797,0.606578487825315,0.778831488722249,1,0.0109192
130,0.00162952111178147,0.66391114489406,0.0112002451124742,0.0343226833068826,0.0165763265025982,-0.000615382960078126,-0.000615382960078126,0.0414148606049814,0.0253590483365098,0.159245245883542,6.12060184481361,2.47398501305356,0.601913894452935,0.775831099178768,1,0.0110114
131,0.00173895616955081,0.656861031195777,0.00943132045972329,0.033741595753229,0.0154248077826705,-0.000574454316671691,-0.000574454316671691,0.0399978241799482,0.0251654908985865,0.158636347974184,6.07389190573823,2.46452671029109,0.597320201009827,0.772864930637836,1,0.0109372
132,0.00182117425551105,0.639405140654592,0.0078432445537899,0.0360248728254472,0.0140645473385934,-0.000536662639095464,-0.000536662639095464,0.0410484540010982,0.0249748683665947,0.158034389822579,6.02789033808549,2.45517623361043,0.592795841291193,0.769932361504043,1,0.0084644
133,0.00187273957807976,0.612580710060174,0.00655672019569324,0.0398296277707999,0.0124770734371333,-0.000501560421031222,-0.000501560421031222,0.0436220539580013,0.0247871137710078,0.157439238346124,5.98258216173591,2.44593175737507,0.588339310503588,0.767032796237285,1,0.0070987
134,0.00189260439798138,0.577714644416804,0.00571257959295343,0.0439928966822813,0.0108688311578389,-0.000468446817793122,-0.000468446817793122,0.0468122773709584,0.0246021620410107,0.156850763597155,5.93795237985215,2.43679141082124,0.58394913797614,0.764165648257064,1,0.007315
135,0.0018813249828459,0.536258188516749,0.0054100954998615,0.0478687673841222,0.00937621235496273,-0.000436695147199018,-0.000436695147199018,0.0499974045724187,0.0244199500213269,0.156268838932549,5.89398606400483,2.4277532955399,0.579623888765013,0.761330341418896,1,0.0075324
136,0.00184058002648579,0.48968279053255,0.00560709821886788,0.0511313596701589,0.00799873922197392,-0.000405940578149355,-0.000405940578149355,0.0527851023897204,0.0242404164751027,0.155693341139249,5.85066841843887,2.41881549904884,0.575362170722129,0.758526315115125,1,0.0071815
137,0.00177285837194049,0.439507386413511,0.00612815674818773,0.0535884521396959,0.0067442418101669,-0.000375994885729813,-0.000375994885729813,0.0549249149932282,0.0240635020703706,0.155124150506524,5.80798482959105,2.40997610560583,0.571162630254292,0.755753021994813,1,0.0075215
138,0.00168124272844922,0.387350307269683,0.00678406379685078,0.0551447458119889,0.00571633084421915,-0.000346759843950384,-0.000346759843950384,0.0562865383971297,0.023889149349405,0.154561150841358,5.76592094078535,2.40123321249423,0.567023946922421,0.75300992484988,1,0.0073244
139,0.00156925133268536,0.33496621824324,0.00744116320110099,0.0557669927375912,0.00499035930631179,-0.000318236602986577,-0.000318236602986577,0.0568055756081358,0.0237173026817815,0.154004229428225,5.72446271008488,2.39258494312843,0.562944830817457,0.750296495272007,1,0.0072743
140,0.00144072146785932,0.284356305172528,0.00802007609848652,0.0554643017407732,0.00465519064345452,-0.000290476311716414,-0.000290476311716414,0.0564711233875813,0.0235479082031855,0.15345327693857,5.68359646921125,2.38402946064248,0.558924020959737,0.747612212955177,1,0.0071826
141,0.0012997307085658,0.237939212015671,0.00847718188508792,0.0542848705939155,0.00470501341875563,-0.000263575586892273,-0.000263575586892273,0.0553152978426304,0.0233809137428787,0.152908187298387,5.64330897497696,2.37556498016303,0.554960284626541,0.744956565597311,1,0.0071984
142,0.00115056376423286,0.198789424370896,0.00879060352081196,0.0523047585962648,0.00503205457422923,-0.000237664734641818,-0.000237664734641818,0.0534017367744128,0.0232162687432596,0.152368857524297,5.60358744519184,2.36718977802622,0.551052417432373,0.742329049298472,1,0.0071481
143,0.000997748221135122,0.170662150936876,0.00895198792723151,0.0496183533261837,0.0054963761599585,-0.000212895972687477,-0.000212895972687477,0.0508153213407796,0.0230539241751355,0.151835187539435,5.56441957632255,2.35890219727791,0.547199243125585,0.739729168767587,1,0.0073751
144,0.00084620972981595,0.156905007830497,0.00896185612526647,0.0463348850642404,0.00598687542671773,-0.000189426548531824,-0.000189426548531824,0.0476581012939942,0.0228938324521895,0.151307079980381,5.5257935465885,2.35070065014423,0.543399614376232,0.73715643819764,1,0.0072758
145,0.000701647448559244,0.157833029085647,0.00882686729354544,0.042571162777193,0.00643506203340258,-0.000167409195793944,-0.000167409195793944,0.0440421187526813,0.0227359473477547,0.150784440005442,5.48769800287564,2.34258361705098,0.539652412238555,0.734610381248832,1,0.0073599
146,0.00057129464252495,0.169609934919066,0.00855810477190192,0.0384517216314983,0.00679935952907187,-0.000146967865611636,-0.000146967865611636,0.040088611999626,0.022580223916452,0.150267175113037,5.45012203776561,2.33454964345709,0.535956547217432,0.73209053211842,1,0.0124359
147,0.000465101098502432,0.186855182025439,0.00816992417281803,0.0341246701517229,0.00706200324875167,-0.000128220217932906,-0.000128220217932906,0.0359439098756193,0.022426618422592,0.149755194976976,5.41305516651998,2.32659733656685,0.53231096118289,0.729596437205453,1,0.008427
148,0.00039599095349136,0.205274006107106,0.00767910198925553,0.0297301028319346,0.00720220933633944,-0.00011134605174723,-0.00011134605174723,0.0317444804862071,0.0222750882765531,0.14924841130328,5.37648727831404,2.31872535637881,0.528714621767145,0.727127651631503,1,0.0083216
149,0.000374221234824633,0.222183781074666,0.00710425587403227,0.0254045541767891,0.00722819689921166,-9.63229571655511e-05,-9.63229571655511e-05,0.0276276370327235,0.0221255919796738,0.14874673771103,5.34040859380407,2.31093240788303,0.525166527409854,0.72468374302854,1,0.0115487
150,0.000395807840328957,0.236047907944542,0.006465526356037,0.0213438551549286,0.00716250006655456,-8.30782278478104e-05,-8.30782278478104e-05,0.0237864271313119,0.0219780890775683,0.14825008963764,5.30480964180615,2.3032172372154,0.521665704553651,0.722264289961543,1,0.0147913
151,0.000443486364449669,0.246028912540257,0.00578445438360844,0.0178037003695801,0.00701077038291283,-7.15853955295387e-05,-7.15853955295387e-05,0.0204503741307407,0.021832540121294,0.147758384267337,5.26968122177963,2.29557862461289,0.518211207509868,0.719868882165265,1,0.0084613
152,0.000500269600133854,0.251734863038487,0.00508416231824102,0.0151028474665561,0.00664951891811226,-6.18053615393244e-05,-6.18053615393244e-05,0.0178245566537163,0.0216889066354281,0.147271540480257,5.23501435660226,2.28801537507995,0.514802125823168,0.717497126003421,1,0.0093197
153,0.00055539752844672,0.25313471500046,0.00438993963762394,0.0135337467549008,0.00623575829956902,-5.35453999814806e-05,-5.35453999814806e-05,0.0161600137893357,0.0215471510918398,0.146789478818612,5.20080028333065,2.28052631717563,0.511437569329984,0.71514863443202,1,0.0124669
154,0.000603048103223401,0.250380111614891,0.00373062702526886,0.0132315344876817,0.00581229589208686,-4.66133691721105e-05,-4.66133691721105e-05,0.0155638703577001,0.0214072368877825,0.146312121465661,5.16703042586786,2.27311029777876,0.508116670657299,0.712823028989173,1,0.0125918
155,0.000640279451913426,0.243716411195459,0.00314102891017337,0.014000400181593,0.00531850097663882,-4.08625204051383e-05,-4.08625204051383e-05,0.0158955103430186,0.0212691283269437,0.145839392233181,5.13369637581225,2.26576617853923,0.504838589533314,0.710519943093306,1,0.0079252
156,0.000665784155025114,0.233507313117174,0.00266394568648534,0.0153630222920751,0.00469141788184365,-3.61379237090453e-05,-3.61379237090453e-05,0.0167982498588397,0.0211327906022104,0.145371216553382,5.10078987456473,2.25849283252454,0.501602511482142,0.708239021434248,1,0.0083249
157,0.000679238546089825,0.220257756302409,0.00234618771844147,0.0168827052366027,0.0040899942136225,-3.22641265104728e-05,-3.22641265104728e-05,0.0179582237832248,0.0209981897790434,0.144907521471604,5.06830282120955,2.25128914651351,0.498407638829579,0.705979913899524,1,0.0079434
158,0.000680955888491179,0.204506274806879,0.0022185657440584,0.0183177875725493,0.00351474936872531,-2.9088139945177e-05,-2.9088139945177e-05,0.0191316621857992,0.020865292778549,0.144448235636677,5.03622727183795,2.24415402141608,0.495253194251683,0.703742278289206,1,0.0080563
159,0.000671690694263223,0.186807518381532,0.00226716077623533,0.0195321721167389,0.00297681265965228,-2.64824762337135e-05,-2.64824762337135e-05,0.0201640421687716,0.0207340673596172,0.143993289286748,5.00455544364147,2.23708637375526,0.492138419919765,0.70152577993953,1,0.008566
160,0.000652520705119433,0.167736824035282,0.00243518947089003,0.0204533399860503,0.00249302085576035,-2.43376322912603e-05,-2.43376322912603e-05,0.0209637975403769,0.020604482099765,0.143542614229242,4.97327971887375,2.23008513713574,0.489062576672023,0.699330091353163,1,0.0080928
161,0.000624771185820421,0.14790287736898,0.00265777353120045,0.0210376776457587,0.00207961890832661,-2.2557919344468e-05,-2.2557919344468e-05,0.0214715248716134,0.0204765063745431,0.143096143814371,4.94239264624957,2.22314926315117,0.486024943054095,0.697154891723565,1,0.0180504
162,0.000589964911609846,0.127969420514087,0.0028858747773936,0.0212988869468324,0.00184076052150297,-2.10552703943101e-05,-2.10552703943101e-05,0.0216955245094131,0.0203501103355558,0.14265381290227,4.91188695519731,2.2162777251954,0.483024816306317,0.694999867846259,1,0.0113992
163,0.000549791266888625,0.108633079014218,0.00308857905588649,0.0212601423493408,0.00166430668703543,-1.9647235642406e-05,-1.9647235642406e-05,0.0216379295471071,0.0202252648873035,0.142215557824394,4.88175555179116,2.20946951818557,0.480061507561174,0.692864710864375,1,0.0082105
164,0.000506093538539758,0.0908432754720052,0.00324793559971962,0.0208262485577273,0.00169004118335667,-1.82765620340142e-05,-1.82765620340142e-05,0.0212110334493375,0.0201019416631777,0.141781316340263,4.85199149298719,2.20272365334083,0.477134342554476,0.690749116940786,1,0.0091752
165,0.000460865292282755,0.0758559043827212,0.00335455889961605,0.0200329501540288,0.00185654464486047,-1.69933958953372e-05,-1.69933958953372e-05,0.0204446598594613,0.0199801130009573,0.141351027590737,4.82258801717586,2.19603916567439,0.474242664219274,0.688652789306247,1,0.0105165
166,0.000416250976332479,0.0651314697978758,0.00340464582791849,0.0189582063697989,0.00205869341759039,-1.5798283629298e-05,-1.5798283629298e-05,0.0194089903276511,0.0198597519182098,0.140924632049226,4.79353855146339,2.18941511629553,0.471385831291052,0.686575437436449,1,0.0160553
167,0.00037453833036761,0.0599157760681064,0.00339803477721188,0.0176699112827248,0.00224520760266799,-1.46319743423717e-05,-1.46319743423717e-05,0.0181672008677553,0.0197408320880347,0.140502071472398,4.76483670413239,2.18285059134435,0.468563218368249,0.684516777273026,1,0.0173614
168,0.000338095547708305,0.0602744437349371,0.00333699934226626,0.0162230683277029,0.0024211467208136,-1.33091565897026e-05,-1.33091565897026e-05,0.0167751735703271,0.0196233278155381,0.140083288851804,4.73647625593189,2.17634470062348,0.465774213410346,0.682476529567388,1,0.0083341
169,0.000309164443738578,0.064730293477665,0.00322550801979956,0.0146375928510078,0.00258431620422161,-1.16814209292215e-05,-1.16814209292215e-05,0.0152549549216528,0.0195072140153435,0.139668228367598,4.70845114621425,2.16989657500404,0.463018215500762,0.680454418385803,1,0.0183769
170,0.000289424354970624,0.071243737486664,0.00306882928519544,0.0129428791608994,0.00271538409707859,-9.93475090993456e-06,-9.93475090993456e-06,0.0136359469398443,0.01939246619035,0.139256835345164,4.68075546852504,2.16350536595707,0.460294642334792,0.678450176751979,1,0.0163811
171,0.000279409615177877,0.0781670757266977,0.0028732561683307,0.0112187907139568,0.00278727097380507,-7.94268386439256e-06,-7.94268386439256e-06,0.0119927084381979,0.0192790604118669,0.138849056215254,4.65338347061001,2.15717024608861,0.457602923810677,0.676463542114929,1,0.0112107
172,0.000278162243078129,0.0844656105126267,0.00264581874680489,0.00953204706522939,0.00277749949531807,-5.57946391133157e-06,-5.57946391133157e-06,0.0103839024592831,0.019166973301183,0.13844483847794,4.62632954244036,2.15089040688743,0.454942502501956,0.674494256833931,1,0.0098936
173,0.000283492806408794,0.0895666322360854,0.00239407806438432,0.00795931483518479,0.00272100739669615,-3.0541232662884e-06,-3.0541232662884e-06,0.00888877089991935,0.0190561820125528,0.138044130670423,4.59958820988434,2.14466505773847,0.452312835098858,0.672542069389609,1,0.0112993
174,0.000292703029250172,0.0931770257162666,0.00212602013626553,0.0065955196692765,0.00263989982498105,-6.02482441269814e-07,-6.02482441269814e-07,0.00759738528432662,0.0189466642175098,0.137646882338503,4.57315412661065,2.13849342449554,0.449713391652025,0.670606733974559,1,0.0115548
175,0.000303262080799002,0.0951662445455963,0.00185011601577161,0.0055625807317385,0.00252691844784297,1.73061896857618e-06,1.73061896857618e-06,0.00660312962314436,0.0188383980903691,0.137253044011305,4.54702206646614,2.13237474813086,0.447143654424029,0.668688009780367,1,0.0082276
176,0.000313149249339896,0.0955137717513111,0.00157560455959824,0.0049867438677882,0.0023542806669093,3.9384471079984e-06,3.9384471079984e-06,0.00598078860934833,0.018731362294756,0.136862567178743,4.52118691705345,2.12630828363468,0.44460311683452,0.666785660339603,1,0.010129
177,0.000320914228592389,0.0942844600328618,0.00131312339454252,0.00490860332480873,0.0021856931595647,5.87078516645079e-06,5.87078516645079e-06,0.00577986460292033,0.0186255359709773,0.136475404271163,4.49564367688272,2.12029329973066,0.442091285292953,0.664899455025309,1,0.0104977
178,0.000325605649630952,0.0915856667973166,0.00107601680408424,0.00522940433426662,0.00200731437023373,7.54118153523109e-06,7.54118153523109e-06,0.00593253089303758,0.0185208987240563,0.136091508640533,4.47038744945598,2.1143290778533,0.439607677169112,0.663029167660905,1,0.0148721
179,0.000326669042899995,0.0875574138576124,0.000882295000465653,0.00577631993378461,0.00188033114150234,9.04444084026679e-06,9.04444084026679e-06,0.00633419000785805,0.0184174306122609,0.135710834542644,4.44541344203982,2.10841491221245,0.437151822512808,0.661174577938995,1,0.0083591
180,0.000323855319634264,0.0823587931392848,0.000754811657713456,0.00638902248761563,0.0016135181425365,1.06541633435597e-05,1.06541633435597e-05,0.00679440086512818,0.0183151121359831,0.135333337119806,4.42071695716117,2.10255010812137,0.43472325668087,0.659335465966203,1,0.0085431
181,0.000317148573207102,0.0762034183895029,0.000711544044752002,0.00694655540568587,0.00138306309434009,1.21208629497715e-05,1.21208629497715e-05,0.00724867402640478,0.0182139242268518,0.134958972383654,4.39629339686346,2.096733983333,0.432321528666581,0.6575116186552,1,0.0108329
182,0.000306710257592104,0.0693164993796259,0.00074629012519075,0.00740701283904679,0.0012418597379985,1.32481428267717e-05,1.32481428267717e-05,0.00764988194277517,0.0181138482369855,0.134587697197721,4.37213826018121,2.09096586777049,0.429946198989404,0.655702828260947,1,0.0101694
183,0.000292836618051632,0.0619158088708036,0.000829498297024215,0.00774983448733815,0.00111743495610676,1.41350439006871e-05,1.41350439006871e-05,0.00795299865322838,0.0180148659283314,0.13421946925961,4.34824713990802,2.08524510307734,0.427596835712552,0.653908889458273,1,0.0127627
184,0.000275927136254947,0.0542314554702427,0.000930762139044925,0.00796297032669463,0.00110886223039056,1.48590237216695e-05,1.48590237216695e-05,0.00815333190226656,0.0179169594620676,0.133854247082667,4.32461572326081,2.07957104309057,0.425273018677027,0.652129602668846,1,0.0159654
185,0.000256461356517883,0.0465078444947756,0.00103003399913935,0.00804751177982919,0.00124449220538359,1.56834279971818e-05,1.56834279971818e-05,0.00825208036965142,0.0178201113880695,0.133491989977187,4.30123979014497,2.07394305373724,0.422974337904565,0.650364772957888,1,0.021017
186,0.000234983021255917,0.0390222741560033,0.00111608077455745,0.00800645133972429,0.00151673516070004,1.70668707735189e-05,1.70668707735189e-05,0.00825641898178637,0.0177243046344617,0.133132658031235,4.27811521153373,2.06836051295071,0.420700393178744,0.648614209818706,1,0.0122069
187,0.000212091851890413,0.0321251333912732,0.00118297986431139,0.00783965887089916,0.00132353564495396,1.95602267609729e-05,1.95602267609729e-05,0.0080604463075005,0.0176295224972879,0.132776212091202,4.25523793751908,2.06282280807613,0.418450777732855,0.646877714667042,1,0.0092538
188,0.000188444349607853,0.0263191922731553,0.00122789915003684,0.00752345279562736,0.00114068255989728,2.27775698888877e-05,2.27775698888877e-05,0.00772384326075831,0.017535748630341,0.132422613742295,4.23260401049906,2.05732933933754,0.416225099863876,0.645155097526072,1,0.0176328
189,0.000164767214985221,0.02225383145087,0.00124995808200355,0.00708873801260668,0.00144728250426018,2.58892358115936e-05,2.58892358115936e-05,0.00735426633345601,0.0174429670351976,0.132071825289111,4.21020956645003,2.05187952045193,0.414022993433479,0.643446185343793,1,0.0141945
190,0.000141891707377038,0.0204909943428538,0.00124955361523567,0.00657523359424324,0.00153201989480804,2.9292893003241e-05,2.9292893003241e-05,0.00687678720710566,0.0173511620515031,0.131723809736521,4.18805081762767,2.04647277470962,0.411844083019274,0.641750795106071,1,0.008765
191,0.000120817561819818,0.0210178872448014,0.00122790887996888,0.00599376512128869,0.00135798350143482,3.31152910764132e-05,3.31152910764132e-05,0.00627903351224318,0.0172603183475522,0.131378530771021,4.16612405641633,2.04110853616762,0.409687994628602,0.640068742111816,1,0.0080696
192,0.00010279672524716,0.0231016080689241,0.00118683140151701,0.00536049542904795,0.00129721539926501,3.65351805755587e-05,3.65351805755587e-05,0.00565679984729166,0.0171704209111961,0.131035952742734,4.14442566028596,2.03578625112902,0.407554372608918,0.638399853233785,1,0.0091721
193,8.93450980855536e-05,0.0258513577576082,0.00112856292514424,0.00470181281397617,0.00135617641396226,3.89792053323568e-05,3.89792053323568e-05,0.00504296228652567,0.0170814550410994,0.130696040648137,4.12295208397085,2.03050537649395,0.405442872444988,0.63674396145153,1,0.0095316
194,8.19094793383793e-05,0.0286392128539437,0.00105564898483518,0.00404265713420604,0.00144169449955358,4.04264344813221e-05,4.04264344813221e-05,0.0044488776403936,0.0169934063383575,0.130358760113609,4.10169985566436,2.02526537907119,0.40335315456441,0.635100901089276,1,0.0093092
195,8.09972430260275e-05,0.0311078579985466,0.000970843800729134,0.00340706367653127,0.0015048473865706,4.10431408606193e-05,4.10431408606193e-05,0.00388799751955917,0.0169062606984713,0.130024077379812,4.08066557495082,2.02006573530438,0.401284884387531,0.633470507906667,1,0.0076085
196,8.55447329676875e-05,0.0330706645547863,0.000877052513921083,0.00282274754900484,0.0014808990625129,4.09013245805667e-05,4.09013245805667e-05,0.00335717967298651,0.0168200043036725,0.129691959286891,4.05984591013299,2.0149059308397,0.399237730539439,0.631852617735686,1,0.0079697
197,9.35376213959772e-05,0.0344394202363841,0.000777310421762577,0.00232566458584763,0.00151033047513857,3.98555914378207e-05,3.98555914378207e-05,0.00294347980938814,0.0167346236155792,0.129362373260462,4.03923759923928,2.00978546099808,0.397211373848766,0.630247073653473,1,0.0075132
198,0.000103086101275734,0.0351831026120782,0.000674814381206304,0.00196262522638821,0.00153443881661584,3.79198307434159e-05,3.79198307434159e-05,0.00265508424418776,0.0166501053681608,0.129035287298323,4.01883744494753,2.00470382973334,0.395205499527861,0.628653719887078,1,0.0075393
199,0.000112872492505412,0.0353070711958157,0.000573039734348881,0.00177944593566722,0.0015807909628787,3.51424795002053e-05,3.51424795002053e-05,0.00252708833480497,0.0165664365609851,0.128710669957798,3.99864231399893,1.9996605496931,0.39321980019064,0.627072404264962,1,0.0084252
200,0.000122097624120797,0.0348407171901737,0.000476012078639622,0.00178476113050094,0.00169738741822646,3.16846245311808e-05,3.16846245311808e-05,0.00258413608672617,0.0164836044527194,0.128388490343642,3.97864913581773,1.99465514207788,0.391253977093972,0.625502979284649,1,0.0086476
201,0.000130317675670513,0.0338297195153595,0.000388841335394528,0.00193005274462652,0.00181181538077673,2.78911021291961e-05,2.78911021291961e-05,0.00274309646826837,0.0164015965548585,0.128068718096413,3.95885489894589,1.98968713594522,0.389307734961256,0.623945298052046,1,0.0089584
202,0.000137316357417312,0.0323325287203657,0.000318496037341067,0.00214443398828812,0.00192882895119657,2.4092122342001e-05,2.4092122342001e-05,0.00295934426867953,0.0163204006256552,0.127751323381228,3.93925665072199,1.98475606831721,0.387380784347245,0.622399216216766,1,0.0095565
203,0.000143023894272035,0.0304171688449145,0.00027376658471261,0.00237257682231499,0.00207383434979159,2.06059608345299e-05,2.06059608345299e-05,0.00321047457076977,0.0162400046642275,0.127436276876828,3.91985149632015,1.97986148412462,0.385472842561651,0.620864592774988,1,0.0090249
204,0.000147467149457116,0.0281587464019086,0.000261096453472812,0.00258073525428058,0.00214130213501267,1.77549149316114e-05,1.77549149316114e-05,0.00340247306019679,0.0161603969048272,0.127123549764893,3.90063659475398,1.97500293537857,0.383583627564961,0.619341285209504,1,0.0086942
205,0.000150737526938329,0.0256392384648001,0.000277151009854292,0.00274978465544665,0.0021874668346307,1.56433974534131e-05,1.56433974534131e-05,0.00355613664089651,0.0160815658112514,0.126813113719565,3.88160916085815,1.97017998184383,0.381712863626851,0.617829154076474,1,0.0089407
206,0.000152968707967229,0.0229457345811013,0.00031025909495346,0.00287061056183269,0.00228544953415886,1.43051705019381e-05,1.43051705019381e-05,0.00370725340727727,0.0160035000713882,0.126504940897137,3.86276646465849,1.96539219105462,0.379860283164397,0.616328064560099,1,0.0090804
207,0.000154319761735516,0.0201698126541618,0.000349249222858403,0.00294020220293857,0.00240599676569549,1.38933458129209e-05,1.38933458129209e-05,0.00383449134917514,0.0159261885918868,0.12619900392589,3.8441058281303,1.96063913766157,0.378025622775238,0.614837883327986,1,0.0089933
208,0.000154961286076146,0.0174109301482525,0.000387043807670801,0.00295869571431922,0.00251459385769419,1.46161884555518e-05,1.46161884555518e-05,0.00391704230023133,0.0158496204929498,0.125895275896079,3.82562462387593,1.95592040325672,0.376208622184896,0.613358477715028,1,0.0088205
209,0.000155063488414171,0.0147834793880807,0.00041978129664417,0.00292829028428311,0.00260862452524371,1.66455058421278e-05,1.66455058421278e-05,0.00395558357855727,0.0157737851032452,0.125593730350066,3.80732027470256,1.95123557642396,0.374409025078683,0.611889716434819,1,0.0089211
210,0.000154785821958109,0.012427812419614,0.000445494278847329,0.00285328318532606,0.0027249192207509,2.01249583997587e-05,2.01249583997587e-05,0.00397943234869025,0.0156986719549376,0.125294341272611,3.78919025356531,1.94658425288127,0.372626581070186,0.610431471231772,1,0.0080011
211,0.000154268238002527,0.0105222580026601,0.000463301087143545,0.00273855677722034,0.00275212011257254,2.52014577664106e-05,2.52014577664106e-05,0.00391740111908614,0.0156242707788416,0.124997083081333,3.77123207864809,1.94196603437035,0.370861037546829,0.608983610244831,1,0.0078969
212,0.000153624363344887,0.00927128472387859,0.000472977950354566,0.00259032894930693,0.00282268353688936,3.18447427583024e-05,3.18447427583024e-05,0.00386663146885885,0.0155505714996983,0.124701930617366,3.75344331861126,1.9373805301518,0.369112151088773,0.607546007384439,1,0.0078971
213,0.000152937143086856,0.00882201460863509,0.000474729077131573,0.00241790529005742,0.00293589797800925,4.01448899602919e-05,4.01448899602919e-05,0.00383904000268048,0.0154775642315765,0.124408859136223,3.73582158818692,1.93282735602198,0.367379683986542,0.606118539550262,1,0.0076878
214,0.000152257215871202,0.00913483848480245,0.000469053642759799,0.00223230565415459,0.00304528408432484,5.03340734208102e-05,5.03340734208102e-05,0.00381124076272896,0.0154052392734021,0.124117844298885,3.71836454583818,1.92830613384861,0.365663400481585,0.604701083578974,1,0.0076616
215,0.000151604167213304,0.00998832171153361,0.000456661272691692,0.00204660870753816,0.00316478289157949,6.268704848722e-05,6.268704848722e-05,0.00380346840783767,0.0153335871046134,0.123828862163122,3.70106989430578,1.92381649184785,0.363963069321305,0.603293518381645,1,0.0077061
216,0.000150970382373277,0.0111351072183817,0.000438414372518795,0.00187730726244046,0.00329049110767077,7.75471032992137e-05,7.75471032992137e-05,0.00382156816061094,0.0152625983809442,0.123541889175065,3.68393537907466,1.91935806432116,0.362278463208314,0.601895724530682,1,0.0075623
217,0.000150326779003683,0.0124051492244705,0.000415287686779184,0.00174336553250603,0.00339162215921556,9.53078527463624e-05,9.53078527463624e-05,0.00384504397068608,0.0151922639303322,0.123256902161024,3.6669587864723,1.91493049129004,0.360609357522683,0.600507583234952,1,0.0078
218,0.000149629560376305,0.0137128906979222,0.000388339186664817,0.0016669114902562,0.00350696082267073,0.000116370133585786,0.000116370133585786,0.0039125242163985,0.0151225747489499,0.122973878319544,3.65013794482722,1.91053341892447,0.358955533590391,0.599128979094144,1,0.0083847
219,0.00014882716572461,0.0150382587682325,0.000358691065725151,0.0016710246483926,0.00364585200626861,0.000141243997644924,0.000141243997644924,0.00403785314579241,0.0150535219973544,0.122692795213714,3.63347072272417,1.90616649921358,0.357316777938475,0.597759799533621,1,0.0078399
220,0.00014786668650554,0.0164071872687155,0.000327521517476084,0.00175962888666265,0.00366889161409056,0.000170505113617825,0.000170505113617825,0.00409489879292723,0.0149850969967508,0.122413630763697,3.61695502293086,1.90182938849174,0.35569287630901,0.596399929836523,1,0.0077503
221,0.000146699256833545,0.0178688487361181,0.000296059979482321,0.00192041633381222,0.0036580927056045,0.000204512471140283,0.000204512471140283,0.00415644997208677,0.0149172912253658,0.122136363239478,3.6005887887822,1.89752174922508,0.354083622326976,0.595049260420493,1,0.0074295
222,0.000145284235282687,0.0194880897817392,0.000265586087959942,0.0021370609486639,0.00359932655346838,0.000243571476422844,0.000243571476422844,0.00421064293649948,0.014850096314925,0.121860971253823,3.58437000022693,1.89324324909055,0.352488815168265,0.593707684949643,1,0.0085237
223,0.000143592056902676,0.0213377499235674,0.000237422417915868,0.00240268474443764,0.0035893192201699,0.000288001785743397,0.000288001785743397,0.0043441669753315,0.0147835040472288,0.121587433755421,3.56829667678101,1.8889935618686,0.350908263310229,0.592375103553676,1,0.0082099
224,0.000141605882763241,0.023496897486461,0.000212899672974471,0.00270428213869169,0.00346682670739363,0.000338283233555448,0.000338283233555448,0.00442330061784132,0.0147175063508226,0.121315730022213,3.5523668682489,1.88477236510113,0.349341778195553,0.591051417556504,1,0.0081688
225,0.000139322150536561,0.0260295561120124,0.000193238036640152,0.00302487292836713,0.00326272966482831,0.000394713649687795,0.000394713649687794,0.00447866079456509,0.0146520952977552,0.121045839654881,3.53657866020514,1.88057934164053,0.347789179704658,0.589736534144407,1,0.0080493
226,0.000136750296251923,0.0289798520555343,0.000179305587163163,0.00335354995367231,0.00297799958674444,0.000457449209397165,0.000457449209397165,0.00451901066287453,0.0145872631004228,0.120777742570487,3.52093017242307,1.87641417933863,0.346250296249145,0.588430366525339,1,0.0082978
227,0.000133911775032992,0.0323712188201474,0.000171309478218118,0.00368247214676923,0.0026157033877983,0.000526532080742381,0.000526532080742381,0.00455730094932284,0.014523002108493,0.120511418996264,3.50541955831104,1.8722765709988,0.344724965156503,0.587132834336918,1,0.0077331
228,0.000130838567896927,0.0362081912697339,0.000168618558209003,0.0040038828728775,0.0021573272323842,0.000601896410589831,0.000601896410589831,0.00459674377370374,0.0144593048059064,0.120246849463536,3.49004500380114,1.86816621417933,0.343213032826194,0.585843863863226,1,0.0079323
229,0.00012757131411481,0.0404775937145802,0.000169911117174585,0.00430945862104595,0.00159718850824015,0.000683327291668867,0.000683327291668867,0.00465474864929235,0.0143961638079524,0.119984014801774,3.47480472721984,1.86408281125594,0.341714354846617,0.584563388219461,1,0.0080716
230,0.000124157217840814,0.045150261939443,0.000173582037960162,0.0045898106424698,0.000921128807678708,0.000770437365268162,0.000770437365268162,0.00475198510330293,0.0143335718584179,0.119722896132769,3.45969697875959,1.86002606937634,0.34022879589208,0.583291347348887,1,0.0072161
231,0.000120647804935868,0.0501843271543215,0.000178133812831608,0.00484081960070517,0.000193490479612368,0.000862670908400087,0.000862670908400087,0.0049279234314158,0.0142715218268052,0.119463474864936,3.4447200406889,1.85599570061164,0.338756226415209,0.582027685265236,1,0.0079349
232,0.000117096618234935,0.0555296259597069,0.000182378492984583,0.00504674538189212,0.000756198817630919,0.000959342710896482,0.000959342710896482,0.00519882187976845,0.014210006705619,0.119205732687732,3.42987222597795,1.85199142168044,0.337296528355108,0.580772355019683,1,0.0076595
233,0.000113556941416163,0.0611136234752677,0.000185475713390347,0.00519488080703517,0.00177207877283218,0.00105937321973748,0.00105937321973748,0.00559571748514133,0.0141490196077202,0.118949651566199,3.41515187870789,1.84801295415046,0.335849585169185,0.579525310205848,1,0.0074903
234,0.000110079610526565,0.0668559487052578,0.000186888093729301,0.00527811186634567,0.00288353780729056,0.00116152711730599,0.00116152711730599,0.00613040404597577,0.014088553763745,0.118695213735622,3.40055737316578,1.84406002428494,0.334415282803673,0.578286505811499,1,0.0072837
235,0.000106711004861251,0.0726678586623013,0.000186317085919824,0.00528764094079398,0.0040822240404347,0.00126439820733903,0.00126439820733903,0.0068028206843537,0.0140286025195896,0.118442401696308,3.38608711318792,1.84013236295325,0.33299350643992,0.577055895420816,1,0.0073742
236,0.000103491287772515,0.0784492234959076,0.000183644840999118,0.00520764932681509,0.00541956604150133,0.00136635637239824,0.00136635637239824,0.00764267260590174,0.0139691593339576,0.118191198208486,3.37173953393901,1.83622970620209,0.331584143884662,0.575833434149722,1,0.008055
237,0.000100453002711506,0.0840751076765085,0.000178886846370493,0.00500579779180624,0.00699858339498128,0.00146531562404562,0.00146531562404562,0.00873117966261389,0.0139102177759697,0.117941586287321,3.35751310651099,1.83235179660211,0.330187094319981,0.574619086282366,1,0.0078563
238,9.76201317611314e-05,0.0893899086368745,0.000172154426130067,0.0046749115725724,0.00849671588788113,0.00155863457644045,0.00155863457644045,0.00982457166534186,0.013851771522834,0.117693549198051,3.34340631413997,1.82849837684915,0.32880222590494,0.573412788403729,1,0.0075728
239,9.50076837992102e-05,0.0942493013537981,0.000163627892589809,0.0042284950170668,0.00989798712903348,0.00164385033837355,0.00164385033837355,0.01088999611227,0.0137938143575772,0.117447070451234,3.32941766258297,1.82466919264369,0.32742938996889,0.572214461516737,1,0.0075268
240,9.26218144124943e-05,0.0985208908057351,0.000153538467599419,0.0036671812026829,0.0112983961808004,0.00171869377257128,0.00171869377257128,0.0120037850379287,0.0137363401668323,0.11720213379812,3.31554568936743,1.82086399529658,0.326068435652308,0.571024023708555,1,0.0075741
241,9.04604655046289e-05,0.102067358316399,0.000142154425822151,0.00298345566931164,0.0126874678819585,0.00178079921530205,0.00178079921530205,0.0131557845360132,0.0136793429386841,0.11695872322612,3.30178895652635,1.8170825398221,0.324719203878622,0.569841384841977,1,0.0073386
242,8.85144818916543e-05,0.104749554718848,0.000129770580240857,0.00218689163454145,0.0138942894374548,0.00182776111603378,0.00182776111603378,0.0141845287010387,0.0136228167605689,0.116716822954401,3.28814603191614,1.81332457985771,0.323381504799349,0.568666426650413,1,0.0074372
243,8.67690897261815e-05,0.106442637844023,0.000116703379455926,0.00128406840669894,0.0150384007557987,0.00185741756039981,0.00185741756039981,0.0152077218409809,0.0135667558172286,0.116476417429575,3.27461551851238,1.80958987577638,0.32205515553743,0.567499035714978,1,0.0084049
244,8.52055724568006e-05,0.107008516524013,0.000103292032580181,0.000295449108066958,0.016389914636378,0.00186737145772398,0.00186737145772398,0.016499170925664,0.0135111543887153,0.116237491321498,3.26119607877521,1.80587820153387,0.320740019496671,0.566339138234919,1,0.0086921
245,8.38030055638712e-05,0.106272908301435,8.99053208357159e-05,0.00100958891373756,0.0174125957246075,0.00185459157663193,0.00185459157663193,0.0175406155446757,0.0134560068484468,0.116000029519164,3.24788633018099,1.80218931585475,0.319435895147677,0.5651866020596,1,0.0090739
246,8.25399149632027e-05,0.104094585047838,7.6965472318141e-05,0.00230571270272972,0.0181137552486922,0.00181662081500678,0.00181662081500678,0.018350420008404,0.0134013076613102,0.115764017126697,3.23468490907422,1.79852297985714,0.318142574814883,0.564041288218233,1,0.0091874
247,8.13956811219027e-05,0.100375446972927,6.49981666324753e-05,0.0036735288070276,0.0183629174969294,0.00175175233862124,0.00175175233862124,0.018808814252583,0.013347051381812,0.115529439459438,3.22159045102733,1.79487895163639,0.316859826690903,0.562903034892248,1,0.0097056
248,8.03516099742711e-05,0.0950705346516451,5.47124650981062e-05,0.00507343241951894,0.0183925074329122,0.00165920425051436,0.00165920425051436,0.0191516775271826,0.013293232652274,0.115296282040116,3.20860164592945,1.79125700164143,0.315587452097434,0.561771708167503,1,0.0102324
249,7.93916457978098e-05,0.0881601780153385,4.70648464773519e-05,0.00648255753516447,0.0181450314865575,0.0015386334700751,0.0015386334700751,0.0193298161052528,0.0132398462010722,0.115064530595107,3.19571719611363,1.78765690111767,0.314325253024817,0.560647173385202,1,0.0083219
250,7.85027749828257e-05,0.0796829972476385,4.30962439431041e-05,0.00777714017594771,0.0165565887275854,0.00139071035974148,0.00139071035974148,0.0183452089481384,0.0131868868409187,0.114834171050775,3.18293567351594,1.78407838211104,0.313072865852638,0.559529146562212,1,0.008281
251,7.76751257642583e-05,0.0698455564267206,4.33074938247542e-05,0.00888267473509207,0.0150391838874221,0.00121903036214288,0.00121903036214288,0.0175092237854187,0.0131343494671837,0.114605189529897,3.1702558763024,1.78052123725116,0.311830115878268,0.558417510361439,1,0.0083321
252,7.69017097179489e-05,0.0588503957423696,4.70916555654053e-05,0.00983000172850423,0.0135817846924887,0.00102711087179674,0.00102711087179674,0.0167975278974355,0.0130822290562578,0.114377572348157,3.1576766155113,1.77698526035285,0.310596857248302,0.557312172169514,1,0.0078016
253,7.61780450029428e-05,0.0468819645046225,5.31600970447589e-05,0.0106097453710971,0.0118656479198042,0.000818135053404667,0.000818135053404667,0.015938583713062,0.0130305206639528,0.114151306010719,3.14519668437667,1.77347023780403,0.309372921957713,0.556213018507939,1,0.0085054
254,7.55017200666177e-05,0.0341414403556207,6.03418316974398e-05,0.0112364363933848,0.0103505597861695,0.000595523273304366,0.000595523273304366,0.0152890812667288,0.0129792194239393,0.113926377208877,3.13281494056419,1.76997597174769,0.308158216355528,0.555120001761356,1,0.0079865
255,7.4871890124006e-05,0.0208188510308288,6.7852500451727e-05,0.0117002332517813,0.00852033138342343,0.0003622632892748,0.0003622632892748,0.0144787341802311,0.0129283205462211,0.113702772816766,3.12053021387077,1.76650225413691,0.306952602120859,0.554033033420264,1,0.0088385
256,7.42887783227008e-05,0.00727526835530897,7.52227508983891e-05,0.0120015724402716,0.00685925102969255,0.0001218083726231,0.0001218083726231,0.0138244119682905,0.0128778193156453,0.113480479888152,3.10834138926333,1.76304889020791,0.305756003056225,0.552952080253095,1,0.0079077
257,7.37531501018514e-05,0.00745474989158675,8.2178635180827e-05,0.0121225842708864,0.00487180864762376,-0.000122605383197527,-0.000122605383197527,0.0130660127947686,0.0128277110904464,0.113259485653284,3.09624733996928,1.75961567962134,0.30456830258676,0.551877071988645,1,0.0090705
258,7.3265837153597e-05,0.0212416967589971,8.85641339770793e-05,0.0120691270969467,0.00317074287465574,-0.000367201596644939,-0.000367201596644939,0.0124847145372661,0.0127779913008241,0.113039777515811,3.08424698542714,1.7562024329294,0.303389446151442,0.550807993906626,1,0.0082259
259,7.28272725962308e-05,0.0350360664788835,9.42928687277866e-05,0.0118446771178891,0.00131694168773177,-0.000608706667625913,-0.000608706667625913,0.0119339361562555,0.0127286554475537,0.112821343049769,3.07233924578777,1.75280895872533,0.302219349164027,0.549744803671691,1,0.0091947
260,7.24371454534521e-05,0.0484808548472092,9.93232513069463e-05,0.0114561356323808,0.000306962057265135,-0.000843639747497349,-0.000843639747497349,0.0114920995609541,0.0126796991006291,0.112604169996626,3.0605230643361,1.74943507005436,0.301057958005891,0.548687486649633,1,0.0083547
261,7.20941079685986e-05,0.061382350636043,0.000103642827766328,0.0109149193133691,0.00192537011080079,-0.00106894301523353,-0.00106894301523353,0.0111358065917905,0.0126311178979353,0.112388246262389,3.04879739744664,1.74608058160173,0.29990520672856,0.547636016646604,1,0.0076445
262,7.17956047710169e-05,0.0735624344370849,0.000107259067043948,0.0102272608007007,0.00340015210677235,-0.00128159825978225,-0.00128159825978225,0.0108546291199305,0.0125829075439532,0.112173559914773,3.03716121586468,1.74274531009688,0.298761038021516,0.546590374980676,1,0.008463
263,7.15377503901821e-05,0.0848659009373785,0.000110196887916343,0.00942040038365655,0.00462431578743162,-0.00147893245415176,-0.00147893245415176,0.0105990293383454,0.0125350638084919,0.111960099180431,3.02561350150559,1.73942907343346,0.29762539922174,0.545550546898947,1,0.0079812
264,7.13152974630925e-05,0.0951728636942767,0.000112492633117509,0.00852034718833119,0.00566829313970963,-0.00165886962206985,-0.00165886962206985,0.0103683552212118,0.0124875825254517,0.111747852442236,3.01415325151045,1.73613169186858,0.296498232952289,0.544516513020761,1,0.009058
265,7.1121740009749e-05,0.104388692558757,0.00011419321782195,0.00754619333989471,0.00654760640041841,-0.00181976648485715,-0.00181976648485715,0.0101564608821393,0.0124404595916134,0.111536808236624,3.00277947755644,1.73285298786609,0.295379478923204,0.543488250952313,1,0.0086319
266,7.09494944875024e-05,0.112440929985337,0.00011535385983496,0.00651882905180899,0.0072340076085105,-0.00196036257696042,-0.00196036257696042,0.0099345661866804,0.0123936909654563,0.111326955250992,2.99149120394009,1.7295927855828,0.294269074620496,0.542465735895361,1,0.0100923
267,7.07901545710407e-05,0.119279894533915,0.000116038006549435,0.00545158032222696,0.00783294018315212,-0.00207979274780179,-0.00207979274780179,0.0097686825719629,0.0123472726660024,0.111118282321148,2.98028747443903,1.72635091289084,0.2931669533315,0.541448938803559,1,0.0083371
268,7.06347738697603e-05,0.124871400668552,0.000116313336873227,0.00437208774596074,0.00810810305428829,-0.00217746097027005,-0.00217746097027005,0.00946704089373686,0.0123012007716862,0.110910778428817,2.96916733320927,1.72312719588813,0.292073046829233,0.540437828828843,1,0.0088151
269,7.04741584486738e-05,0.129220817813766,0.000116251976054705,0.00330397785099981,0.00829621923293755,-0.00225346044314723,-0.00225346044314723,0.00921132520452761,0.012255471419251,0.110704432699197,2.95812985185352,1.7199214667692,0.290987282041462,0.539432370220274,1,0.0086956
270,7.02991317597817e-05,0.132347169759459,0.000115931300307686,0.00225925180461774,0.00834199537097795,-0.00230812208619469,-0.00230812208619469,0.00894690433623943,0.0122100808026684,0.110499234398562,2.94717411183591,1.71673355877839,0.28990958311141,0.538432524195382,1,0.0084238
271,7.01007993010405e-05,0.134286849847527,0.000115428840815543,0.00125738058001585,0.00824094484806692,-0.00234207948359089,-0.00234207948359089,0.00866057555830465,0.0121650251720834,0.110295172931926,2.93629920738474,1.71356330708402,0.288839871039658,0.537438248582717,1,0.0080963
272,6.98708106520334e-05,0.135095563932487,0.000114820905750763,0.000342174744018119,0.00801493001817723,-0.00235630295623501,-0.00235630295623501,0.00836264118554821,0.0121203008327813,0.110092237840737,2.92550424681997,1.71041054920156,0.287778064123348,0.536449498204023,1,0.007874
273,6.96016020380113e-05,0.134844680308696,0.000114180517179307,0.00061919940188022,0.00770531559114245,-0.00235203603999201,-0.00235203603999201,0.00808158790854828,0.0120759041441792,0.109890418800636,2.91478835328606,1.70727512524668,0.286724079029686,0.535466225853402,1,0.008773
274,6.92866166701785e-05,0.133610497110874,0.000113575752577392,0.00143100447877217,0.00746135244506871,-0.00233060843279231,-0.00233060843279231,0.00794828363791453,0.0120318315188378,0.10968970561925,2.90415067015441,1.7041568795608,0.28567783530668,0.534488386503093,1,0.0086903
275,6.89205096643688e-05,0.131459144607712,0.000113063237000382,0.00219287813882862,0.00710733427479478,-0.00229317280085573,-0.00229317280085573,0.0077849018194786,0.0119880794214967,0.109490088234034,2.89359034264365,1.70105565536335,0.284639248096884,0.533515930499628,1,0.0077256
276,6.84993015494504e-05,0.128472541177123,0.000112683521190626,0.00287250262899063,0.00656267749865297,-0.00224115737073971,-0.00224115737073971,0.00750767384711811,0.0119446443681295,0.109291556710157,2.88310652388467,1.69797129654322,0.283608227535956,0.532548802961715,1,0.0077195
277,6.80204816477909e-05,0.124756134100782,0.000112464103776798,0.00346211000824449,0.00604603524896246,-0.00217640091797922,-0.00217640091797922,0.00730062440830492,0.0119015229250199,0.109094101238426,2.87269838949923,1.69490365198121,0.282584688891446,0.531586953274294,1,0.0080908
278,6.74830852650984e-05,0.120408288112544,0.00011241929058326,0.00397398784813778,0.00559863153331407,-0.00210061898996239,-0.00210061898996239,0.0071812838233975,0.0118587117078579,0.108897712133258,2.8623651275616,1.69185257264385,0.281568550115616,0.53063033282655,1,0.0076018
279,6.68877253792641e-05,0.115516542371604,0.000112546113911652,0.00440693752181381,0.00507631672922223,-0.00201533860139325,-0.00201533860139325,0.00701940646355697,0.0118162073808547,0.108702379830686,2.85210593094692,1.68881790935166,0.280559724706255,0.529678888295781,1,0.0074229
280,6.62365757631525e-05,0.110175210653479,0.000112826706556522,0.00475810779494982,0.00455900956272094,-0.00192220510893493,-0.00192220510893493,0.00686577724293505,0.0117740066558776,0.108508094886408,2.8419200066896,1.68579951556809,0.279558128877507,0.528732568391155,1,0.0082989
281,6.55333464333864e-05,0.104471742019305,0.000113232774032901,0.00504475298039956,0.00418253087979,-0.00182274435832053,-0.00182274435832053,0.00680330162865295,0.0117321062916027,0.108314847973871,2.83180657707474,1.68279724776181,0.278563685941589,0.527791328028027,1,0.007862
282,6.47832341472275e-05,0.0984747018921842,0.000113724292712327,0.00526867864695706,0.00372277678074805,-0.00171815304028766,-0.00171815304028766,0.00667750912783381,0.0116905030926852,0.108122629882394,2.82176486789762,1.67981096195305,0.27757631212211,0.526855114924502,1,0.0082959
283,6.39928022069374e-05,0.0922585114497382,0.000114254242286925,0.00543153993914935,0.00332730337223245,-0.00160973002307929,-0.00160973002307929,0.00657134039712341,0.0116491939089481,0.107931431515329,2.81179411989274,1.67684051713117,0.276595929891229,0.52592388222178,1,0.0073389
284,6.31698647314088e-05,0.0858930977271585,0.000114771772192739,0.00552692409526081,0.00282411374622628,-0.00149869583703932,-0.00149869583703932,0.00638647197262956,0.0116081756345871,0.107741243888249,2.80189357998827,1.67388577268231,0.275622455529603,0.524997576689267,1,0.0086227
285,6.23233121134231e-05,0.0794540159665703,0.0001152289058077,0.00557049251887214,0.00253333145662271,-0.00138636914119061,-0.00138636914119061,0.00627601376360348,0.0115674452073927,0.107552058127182,2.79206251264918,1.67094659180034,0.27465581962561,0.524076158230471,1,0.0086627
286,6.14629817391306e-05,0.0729886287413636,0.000115580573888021,0.00557527415050095,0.00222580845258438,-0.00127357691440655,-0.00127357691440655,0.00613822793894711,0.0115269996079882,0.10736386546687,2.78230018805196,1.66802283798872,0.273695946410752,0.523159580253245,1,0.0083359
287,6.05994244662062e-05,0.0665444128067222,0.000115784391510809,0.0055347869637907,0.00187039635375516,-0.00116114801330713,-0.00116114801330713,0.00595803842731821,0.0114868358590834,0.107176657249064,2.7726058859968,1.66511437625071,0.272742759202893,0.522247794828176,1,0.0075049
288,5.97436721228976e-05,0.0601779788932919,0.000115804773365169,0.00544015970011303,0.00146533226202927,-0.0010500704499028,-0.0010500704499028,0.00573259578810179,0.0114469510247438,0.106990424920849,2.76297889633242,1.66222107324279,0.271796181398873,0.521340753633238,1,0.0079583
289,5.89070106141602e-05,0.0539491513447208,0.00011561755560228,0.00530206670077622,0.001192805737975,-0.000941388134041876,-0.000941388134041876,0.00551707591148565,0.0114073422096757,0.106805160033004,2.75341852104451,1.65934279793071,0.270856145087516,0.520438416229544,1,0.007994
290,5.81007870669672e-05,0.0478984605771915,0.000115208473698015,0.0051337557795055,0.000964486218941392,-0.000835808324847642,-0.000835808324847642,0.00529161630268909,0.011368006558524,0.10662085423839,2.74392407097609,1.65647942063163,0.26992258124495,0.519540740697927,1,0.0077044
291,5.73361612004041e-05,0.042058406985921,0.000114570820888656,0.00493739635434255,0.000736310625937088,-0.000733897982372334,-0.000733897982372334,0.00504730528933616,0.0113289412551869,0.106437499290367,2.73449486617992,1.65363081314419,0.268995420381135,0.518647684253131,1,0.0108733
292,5.6623885506069e-05,0.0364516998377386,0.000113708687151041,0.00474307158367491,0.000833222149812245,-0.000636052954643196,-0.000636052954643196,0.00485920532008388,0.0112901435221427,0.106255087041246,2.72513023859669,1.65079684958407,0.268074607918557,0.517759218091342,1,0.0086265
293,5.59741492184307e-05,0.0310651410075569,0.000112628726282574,0.0045443246425004,0.000593031503300824,-0.000542042240372798,-0.000542042240372798,0.00461653117178168,0.011251610619791,0.106073609440761,2.71582952553786,1.64797740443789,0.267160066540821,0.516875291091401,1,0.0080642
294,5.53961824961118e-05,0.0259268121309565,0.000111340909988768,0.00431244569394113,0.000342846811552511,-0.000452353817818274,-0.000452353817818274,0.00435143206755114,0.0112133398458078,0.105893058534579,2.7065920745495,1.6451723540558,0.266251728864228,0.515995861285948,1,0.0109371
295,5.48981396986378e-05,0.0210653546289957,0.000109869456244569,0.0040772117069237,0.000414279284386193,-0.000367483860567175,-0.000367483860567175,0.00411649625987641,0.0111753285345129,0.105713426462834,2.69741724360371,1.64238157673657,0.265349541905999,0.5151209002807,1,0.0086168
296,5.44870327003139e-05,0.0164719971543394,0.000108241045101921,0.00383868103373253,0.000217513397703566,-0.000287272313822307,-0.000287272313822307,0.00385747585265283,0.0111375740562505,0.105534705458681,2.68830439778113,1.6396049517433,0.264453434080105,0.514250361283398,1,0.0082668
297,5.41684340470951e-05,0.0121688149879454,0.000106483743522261,0.00357707418530883,5.35400916512754e-05,-0.000212088444601743,-0.000212088444601743,0.00358576449878579,0.0111000738167824,0.105356887846891,2.67925291111422,1.6368423598851,0.263563342926316,0.51338420595721,1,0.007622
298,5.39464671111564e-05,0.00818144579990551,0.000104633345410711,0.00329761989584656,8.80739939339622e-05,-0.000142337118348657,-0.000142337118348657,0.003303982786374,0.0110628252566933,0.105179966042461,2.67026216616518,1.63409368341145,0.262679207368655,0.512522396943446,1,0.00737
299,5.38238224795607e-05,0.0045359454007028,0.000102729324061296,0.00300811130370068,0.000160815776865749,-7.83086393720822e-05,-7.83086393720822e-05,0.00301567788235487,0.011025825850808,0.105003932549253,2.66133155388474,1.63135880599111,0.261800968604168,0.511664898741518,1,0.0076655
300,5.38018189335055e-05,0.00133661477494858,0.000100812202086229,0.0027203866977717,0.000156956054598509,-2.00943640176199e-05,-2.00943640176199e-05,0.00272740553185919,0.0109890731076208,0.104828779958658,2.65246047350093,1.62863761269993,0.260928569864719,0.510811677494474,1,0.0078661
301,5.3880491950307e-05,0.0019821169670165,9.89199268105174e-05,0.00244245252362048,0.000119964080529739,3.24348688627296e-05,3.24348688627296e-05,0.00244823421004887,0.0109525645687353,0.104654500948289,2.64364833237252,1.62592998999727,0.26006195436439,0.509962698993161,1,0.0076645
302,5.40586798452222e-05,0.00460757306460964,9.70857082359607e-05,0.00217462649294993,9.40251998278676e-05,7.94943519133451e-05,7.94943519133451e-05,0.00218097593821886,0.0109162978083168,0.104481088280688,2.63489454569797,1.62323582565749,0.259201064853796,0.509117928238435,1,0.007722
303,5.43341306976325e-05,0.00698387383794099,9.5337824385066e-05,0.00191720372405214,5.46352919961458e-05,0.000121280451945482,0.000121280451945482,0.00192498160864358,0.010880270432554,0.104308534802067,2.62619853632455,1.62055500873144,0.258345845562632,0.508277331348381,1,0.0078412
304,5.47036470784511e-05,0.00908081037600477,9.36991885306932e-05,0.00167238932219704,2.26834966895266e-05,0.000158023338843849,0.000158023338843849,0.00168353547799709,0.0108444800791328,0.104136833441068,2.61755973467313,1.61788742954296,0.257496241611444,0.507440874990815,1,0.0089182
305,5.51632356953321e-05,0.0109096411235048,9.21866818324186e-05,0.00144776354902999,0.000134226494814734,0.000190027907151169,0.000190027907151169,0.00147031733311896,0.0108089244167192,0.103965977207542,2.6089775786966,1.61523297969569,0.256652200612062,0.50660852797013,1,0.0088659
306,5.57082510070637e-05,0.0124941214060461,9.08095874665561e-05,0.0012434456561321,0.000217467626587313,0.000217740039964553,0.000217740039964554,0.00128543796936646,0.0107736011444535,0.103795959191355,2.60045151357783,1.61259155199878,0.255813668139293,0.505780256770955,1,0.0082205
307,5.6333490459892e-05,0.0138518975054759,8.95697152351569e-05,0.00104969641665108,0.000239262326643919,0.000241479833508196,0.000241479833508196,0.00110849163785116,0.0107385079914535,0.103626772561214,2.59198099147742,1.60996304040727,0.254980589465319,0.504956027259125,1,0.0089636
308,5.70333205646492e-05,0.0149930093510549,8.84639505209633e-05,0.000868103691849472,0.00032317806299216,0.000261428227727345,0.000261428227727345,0.000968298404694304,0.010703642716328,0.103458410563511,2.58356547182198,1.60734734012969,0.254152913596327,0.504135808682866,1,0.0090274
309,5.78018282346579e-05,0.0159346370950266,8.74847173258539e-05,0.000702138489383443,0.000400180756279186,0.000277887922521813,0.000277887922521813,0.000861094618625117,0.0106690031066993,0.103290866521195,2.57520442091474,1.60474434752541,0.253330588801716,0.503319569261633,1,0.0083486
310,5.86329195459787e-05,0.016692081287761,8.66199772740699e-05,0.000545589659004608,0.000424786448872918,0.000291127478659226,0.000291127478659226,0.000757579466093871,0.0106345869787351,0.103124133832654,2.56689731173091,1.60215396005843,0.252513562674026,0.502507276239883,1,0.0089332
311,5.95204137089752e-05,0.0172743936387368,8.58553414074478e-05,0.000399807163026809,0.000503444812434102,0.000301305861333701,0.000301305861333701,0.000717715492657039,0.0106003921766899,0.102958205970626,2.55864362428198,1.59957607642837,0.251701785895307,0.501698899635337,1,0.0087828
312,6.04581457520607e-05,0.0176963914413753,8.51749329122332e-05,0.000267286653282054,0.000568200384387381,0.000308682151980655,0.000308682151980655,0.000707529837604851,0.0105664165724543,0.102793076481125,2.55044284503941,1.59701059640799,0.250895208437627,0.500894408471114,1,0.008259
313,6.14400322419011e-05,0.0179704535583881,8.45617938091489e-05,0.000144493477689098,0.000601009224268767,0.000313472710346208,0.000313472710346208,0.000700990958740121,0.0105326580651138,0.102628738982382,2.54229446691273,1.59445742085285,0.25009378029309,0.500093771499995,1,0.0076903
314,6.24601311782597e-05,0.0181030828274261,8.39995911123923e-05,4.45930620306861e-05,0.000620208002039097,0.00031579141294924,0.00031579141294924,0.000705289597868918,0.0104991145805156,0.102465187163815,2.53419798930292,1.59191645173449,0.249297452275784,0.499296958007741,1,0.0105511
315,6.35127057740052e-05,0.018103920335112,8.34738434519103e-05,9.32193771467425e-05,0.000840979661861232,0.000315806763637072,0.000315806763637072,0.000909272972203009,0.0104657840708437,0.102302414785007,2.5261529189457,1.58938759242222,0.248506181138448,0.498503942951757,1,0.0091221
316,6.45922566100534e-05,0.0180056970732805,8.29694187637397e-05,0.000167531762996136,0.000895039983897633,0.000314089429151343,0.000314089429151343,0.000969008812008056,0.0104326645142023,0.102140415674709,2.51815876711036,1.58687074681915,0.247719916736271,0.497714694113275,1,0.0079354
317,6.56935033604658e-05,0.0178187270760317,8.24707983218896e-05,0.000245392050565309,0.000867495987570227,0.000310819545306096,0.000310819545306096,0.000959479957861429,0.0103997539142068,0.101979183729852,2.51021505150623,1.58436581997537,0.246938610158583,0.496929180224489,1,0.0080473
318,6.68114027329507e-05,0.0175393960757679,8.19664822721817e-05,0.000324835945044801,0.000896091862910689,0.000305934749974313,0.000305934749974313,0.00100667316885559,0.0103670502995828,0.101818712914586,2.50232129666939,1.58187271822653,0.24616221588023,0.496147373146558,1,0.008279
319,6.79412009928841e-05,0.0171716390864824,8.14494182026658e-05,0.000397435374850468,0.00096720725222372,0.000299504186047406,0.000299504186047406,0.0010929390804099,0.0103345517237722,0.101658997259329,2.49447703302627,1.5793913489146,0.245390689088667,0.495369245198636,1,0.0079222
320,6.90784696377273e-05,0.0167252850210204,8.09150487816402e-05,0.000462606081127555,0.00101979222089583,0.000291699572818382,0.000291699572818382,0.00116211524495264,0.0103022562645474,0.101500030859835,2.48668179651842,1.57692162028378,0.244623984362231,0.494594767827391,1,0.0085804
321,7.02191145463814e-05,0.0162095299203447,8.03604104853159e-05,0.000516810248932385,0.00112294676526504,0.000282681550472175,0.000282681550472175,0.00127260703695194,0.0102701620236321,0.101341807876276,2.47893512930038,1.57446344171606,0.243862058390424,0.493823914356549,1,0.0075281
322,7.13593679317198e-05,0.0156369619807352,7.97833479303371e-05,0.000565521382110568,0.00114346283344412,0.000272669798550451,0.000272669798550451,0.00130891658540441,0.0102382671263293,0.101184322532344,2.47123657831889,1.57201672329492,0.243104865549315,0.493056655516702,1,0.0082671
323,7.24957802394144e-05,0.0150115201048326,7.91829482915042e-05,0.000607319668896156,0.00123484376571611,0.00026173335246793,0.00026173335246793,0.00140493634020395,0.0102065697211569,0.101027569114361,2.4635856971905,1.56958137641554,0.242352363863749,0.492292965482698,1,0.0078238
324,7.36252095018998e-05,0.0143439641608792,7.85593042140305e-05,0.000641513237109992,0.0012895090875058,0.000250059992205287,0.000250059992205287,0.00146582399324745,0.0101750679794888,0.100871541970413,2.45598204426287,1.56715731318297,0.241604509851086,0.491532816657328,1,0.0081815
325,7.47448115214677e-05,0.0136417093794338,7.79129422668483e-05,0.000668022430303476,0.00137382227842126,0.000237779181424314,0.000237779181424314,0.00154983450354283,0.0101437600952035,0.100716235509492,2.4484251838251,1.56474444681076,0.240861261897167,0.490776183098943,1,0.0073358
326,7.58520219238452e-05,0.0129128082724785,7.72447335750737e-05,0.000692051649876464,0.00139427425488124,0.00022503141203889,0.00022503141203889,0.00157653054479999,0.0101126442843395,0.100561644200657,2.44091468475032,1.56234269120137,0.240122576790261,0.490023036999549,1,0.0088236
327,7.69445438972742e-05,0.0121609378996172,7.65560475563476e-05,0.000704908808512589,0.00154149633905598,0.000211880895370387,0.000211880895370387,0.00171170618651317,0.0100817187847558,0.100407762572202,2.433450122809,1.55995196169914,0.239388416171641,0.489273355264356,1,0.007267
328,7.80203285141927e-05,0.0114009113525932,7.58479055336763e-05,0.000713818306494826,0.00154030411140109,0.000198585678975904,0.000198585678975904,0.00171274861449263,0.0100509818557997,0.100254585210851,2.42603107650016,1.55757217376921,0.238658736225199,0.488527108997237,1,0.0071776
329,7.90775539550168e-05,0.0106291631190144,7.51215967708255e-05,0.000726818838153376,0.00156592987525702,0.000185083587339818,0.000185083587339818,0.00173974535956064,0.0100204317779805,0.100102106760949,2.41865713106008,1.55520324429319,0.237933496756434,0.487784272764543,1,0.0070916
330,8.01146207020782e-05,0.00984368857183915,7.43795496798138e-05,0.000739538335330004,0.00161656576439043,0.000171339443070462,0.000171339443070462,0.00178932092453539,0.00999006685264825,0.0999503219236849,2.41132787672859,1.55284509102762,0.237212658274193,0.487044821627531,1,0.0073639
331,8.11301551553249e-05,0.00904767025051196,7.36244151197782e-05,0.000746508145045535,0.00170554217131136,0.000157408100985634,0.000157408100985634,0.00187165361377213,0.00995988540167983,0.0997992254563122,2.40404290883239,1.55049763264327,0.236496182365601,0.486308731533376,1,0.0071997
332,8.21229954653913e-05,0.00824904865421589,7.28582673881748e-05,0.000747497845783926,0.00177898526760273,0.000143426919516187,0.000143426919516187,0.0019381234137892,0.00992988576716931,0.0996488121713918,2.39680182704772,1.54816078849961,0.235784029955817,0.485575977531649,1,0.0071548
333,8.30921625326683e-05,0.00745367838139995,7.20824550478903e-05,0.000744004037651093,0.00185208264443154,0.000129496445938182,0.000129496445938182,0.00200319146502398,0.00990006631112468,0.0994990769360434,2.38960423601388,1.54583447885402,0.23507616265847,0.484846535161869,1,0.007229
334,8.40368321027589e-05,0.00666717013632772,7.12976840007101e-05,0.000735130565003991,0.0019360903727081,0.000115712359729736,0.000115712359729736,0.00207714925432252,0.00987042541516978,0.0993500146712107,2.38244974523105,1.543518624841,0.234372542833172,0.484120380518288,1,0.008556
335,8.49563103847364e-05,0.0059004589503858,7.05031911436314e-05,0.000708794250251153,0.0021292555194769,0.00010226241397282,0.00010226241397282,0.00224920252827197,0.00984096148025159,0.0992016203509378,2.37533797004801,1.54121314880454,0.233673136318271,0.483397493082319,1,0.0075642
336,8.5849997335082e-05,0.00517445933825828,6.96983310811998e-05,0.000673597413040571,0.00217468789975014,8.95078874387778e-05,8.95078874387778e-05,0.00228109297398337,0.00981167292635269,0.0990538890016575,2.36826852729008,1.53891797289202,0.232977902895517,0.482677845871879,1,0.0077569
337,8.67173312433142e-05,0.00449161696890302,6.88823051055496e-05,0.000637395026341678,0.0022451536112866,7.74866875257185e-05,7.74866875257185e-05,0.00233781893374466,0.0097825581922089,0.098906815701492,2.36124104045954,1.53663302075009,0.232286806219571,0.481961415695874,1,0.0070999
338,8.75577807751808e-05,0.00385298720181465,6.80551126711213e-05,0.00060424818271381,0.00226426248091464,6.62105088757858e-05,6.62105088757858e-05,0.00234708766627755,0.00975361573503185,0.0987603955795634,2.35425513651978,1.53435821649306,0.231599808136633,0.481248177281361,1,0.0072038
339,8.83708484069926e-05,0.00325460758719882,6.72178220943855e-05,0.000572563034250661,0.00233022895316127,5.55992406412464e-05,5.55992406412464e-05,0.00240277957704067,0.00972484403023649,0.098614623815317,2.34731044813285,1.53209348544168,0.23091687325283,0.480538108013121,1,0.0070922
340,8.91560893422445e-05,0.00269877767615382,6.63723918361801e-05,0.000538443965993034,0.00240550365637587,4.56758381182087e-05,4.56758381182088e-05,0.00246798348836051,0.00969624157117347,0.0984694956378546,2.34040661178817,1.52983875352541,0.23023796574371,0.479831184630293,1,0.0080758
341,8.991311554612e-05,0.00219448288807937,6.55200767097266e-05,0.000489510446884243,0.00258882494083097,3.65715663941391e-05,3.65715663941391e-05,0.00263732426212316,0.00966780686886612,0.0983250063252788,2.33354326968756,1.52759394790879,0.229563053418795,0.479127387464748,1,0.0072575
342,9.06415827998225e-05,0.00176146257758997,6.46636655254168e-05,0.000432473615321139,0.00264627902453477,2.86023850946115e-05,2.86023850946115e-05,0.00268387193093078,0.00963953845175218,0.0981811512040482,2.32672006481469,1.52535899538918,0.228892097719584,0.478426690015914,1,0.0077437
343,9.13411453710384e-05,0.00140630971153651,6.38054299837751e-05,0.000368619674341236,0.00276825614001114,2.18473608966097e-05,2.18473608966097e-05,0.00279502044764592,0.00961143486542988,0.0980379256483422,2.31993664716841,1.52313382444499,0.228225065102529,0.477729070815801,1,0.0070766
344,9.20114578067289e-05,0.00113825030656247,6.2948241024123e-05,0.000301908774483514,0.00281313650812861,1.64569113687563e-05,1.64569113687563e-05,0.00283155596402626,0.0095834946724086,0.0978953250794367,2.3131926685944,1.52091836355355,0.227561917999626,0.477034503992768,1,0.0071113
345,9.26521606293756e-05,0.000955001856302629,6.20951827636595e-05,0.00023319727477118,0.00289354817327265,1.24384326665172e-05,1.24384326665172e-05,0.00290511962823982,0.00955571645186371,0.0977533449650891,2.30648778677158,1.51871254250815,0.226902621811474,0.4763429665813,1,0.0071934
346,9.3262898684877e-05,0.000851556535871646,6.12487127916795e-05,0.000156320435556202,0.0030033314159419,9.8941860464663e-06,9.8941860464663e-06,0.00300950260649848,0.00952809879939581,0.0976119808189333,2.29982166327543,1.51651629179361,0.226247142203266,0.475654435702292,1,0.0072533
347,9.38433230584225e-05,0.000820775965330059,6.04114432594063e-05,6.80820907886894e-05,0.00312361889581013,9.02859749984941e-06,9.02859749984941e-06,0.00312638633276425,0.009500640326794,0.0974712281998847,2.29319396330718,1.51432954250625,0.225595444519145,0.474968887948616,1,0.0070366
348,9.43930776668857e-05,0.000863169683795783,5.95864695022622e-05,3.54759688931287e-05,0.00321727364377935,1.00752709559782e-05,1.00752709559782e-05,0.00321944029337707,0.00947333966180336,0.097331082711554,2.28660435526548,1.51215222622112,0.224947492864104,0.474286298414896,1,0.0069712
349,9.49117833373592e-05,0.00099804485322927,5.87763576577583e-05,0.000143099715045235,0.00331432908465204,1.32261110983301e-05,1.32261110983301e-05,0.00331934046823958,0.00944619544789633,0.0971915400016705,2.28005251189229,1.50998427537915,0.224303252072228,0.473606642766154,1,0.0070001
350,9.53990347462034e-05,0.00125950105162653,5.79825756723562e-05,0.000265957631344349,0.00342398065345018,1.87090124157407e-05,1.87090124157407e-05,0.00343617856920509,0.00941920634404798,0.0970525957615147,2.27353810987923,1.50782562316709,0.223662687387526,0.472929896906007,1,0.0072676
351,9.58543951632328e-05,0.00168059619180067,5.72053078869002e-05,0.000408307312006329,0.00356167036726843,2.68373178924364e-05,2.68373178924364e-05,0.00358685538333556,0.00939237102451527,0.096914245725359,2.26706082998081,1.50567620356463,0.223025764839643,0.472256037377652,1,0.007142
352,9.62773814936422e-05,0.00228814469296365,5.64452018266711e-05,0.00056982752379442,0.00366280976010402,3.80098625059055e-05,3.80098625059055e-05,0.00370876380987191,0.00936568817861987,0.0967764856699181,2.26062035533577,1.50353595079591,0.22239244873108,0.471585038705725,1,0.0072664
353,9.66674369788401e-05,0.00310129693970112,5.57021568143266e-05,0.000750794594598804,0.00376413579520526,5.2588893418859e-05,5.2588893418859e-05,0.00384028487940977,0.0093391565105348,0.0966393114138072,2.2542163734447,1.50140479999389,0.221762704538947,0.470916876464358,1,0.0071088
354,9.70239197003817e-05,0.0041390510939589,5.49757436307011e-05,0.000950162160680208,0.00382828040399039,7.09554762692299e-05,7.09554762692299e-05,0.00394666866916748,0.00931277473907465,0.0965027188170087,2.24784857458241,1.49928268668134,0.22113649708077,0.470251525335931,1,0.0073324
355,9.73460882522627e-05,0.00541979437210853,5.42640595881948e-05,0.00117026106387818,0.00390161775116766,9.34704828081667e-05,9.34704828081667e-05,0.00407596623723826,0.00928654159748926,0.0963667037803476,2.24151665356528,1.49716954736773,0.220513793052399,0.469588961808515,1,0.0073424
356,9.76330996806738e-05,0.00696639006683937,5.35648542901554e-05,0.00141231923410263,0.00394286211851138,0.000120560370695078,0.000120560370695078,0.004191418850897,0.00926045583326099,0.0962312622449741,2.23522030781929,1.49506531891396,0.219894559085571,0.46892916211894,1,0.0086583
357,9.78839990851342e-05,0.00880562490125845,5.28723988242238e-05,0.00168727452229309,0.00406353205016151,0.000152709971984022,0.000152709971984022,0.00440399642862309,0.00923451620790529,0.0960963901918552,2.22895924083712,1.49296993969641,0.219278765787156,0.468272106565356,1,0.0086646
358,9.8097713327088e-05,0.0109766743860052,5.2184884698418e-05,0.00199344912745469,0.00406602657894572,0.00019061353474159,0.00019061353474159,0.0045338130247047,0.00920872149677472,0.0959620836412732,2.22273315512377,1.4908833472555,0.218666380975491,0.467617772305,1,0.0083645
359,9.82729787612178e-05,0.0135055293742465,5.15051813463068e-05,0.00231599515218081,0.00394783527236293,0.000234731115309028,0.000234731115309028,0.00458444208776246,0.00918307048886609,0.0958283386523323,2.21654175641064,1.4888054797087,0.218057374149253,0.466966138118443,1,0.008328
360,9.84083286122791e-05,0.0164038246362025,5.08339647965472e-05,0.00264698926001087,0.00376819871567725,0.000285270235315438,0.000285270235315438,0.00461520423317432,0.00915756198663091,0.0956951513224725,2.21038475514314,1.48673627625855,0.217451718392812,0.466317186465191,1,0.0076799
361,9.85021270820112e-05,0.0196768893218488,5.01718510537692e-05,0.00298024072503959,0.0034990880760352,0.000342327066939152,0.000342327066939152,0.00461038108958462,0.00913219480578891,0.0955625177869907,2.20426186456273,1.48467567655792,0.216849389630332,0.465670902709555,1,0.0075658
362,9.85526045046864e-05,0.0233231489561698,4.95184674128073e-05,0.00331296864718673,0.00318667496265844,0.000405876425034979,0.000405876425034979,0.00461611587668893,0.00910696777514478,0.0954304342185698,2.19817280225323,1.48262362123812,0.216250367965166,0.465027276581887,1,0.0076418
363,9.85579243122955e-05,0.0273403439831867,4.88722950663942e-05,0.00364477118368385,0.00281754499973861,0.000475880442519783,0.000475880442519783,0.00463278736732486,0.00908187973640792,0.095298896826815,2.19211728892118,1.48058005150724,0.215654637204764,0.464386301698019,1,0.0077671
364,9.85162269552919e-05,0.0317240414777996,4.82333207939919e-05,0.00397184636148618,0.00236504185175954,0.000552262907905887,0.000552262907905887,0.00465699365062759,0.00905692954401517,0.0951679018577964,2.18609504825818,1.47854490911104,0.215062185062595,0.46374797580431,1,0.0082932
365,9.84256550016235e-05,0.0364630474172236,4.76033716770366e-05,0.00428606577830756,0.00180165039122684,0.000634829547207727,0.000634829547207727,0.00469396026133348,0.00903211606495653,0.0950374455936003,2.18010580712121,1.47651813640104,0.214473003540473,0.463112301219124,1,0.0081605
366,9.82843731358358e-05,0.0415353427245567,4.69898075942341e-05,0.00457758928502361,0.001126570001699,0.000723197392447306,0.000723197392447306,0.00477083565024336,0.00900743817860369,0.0949075243518852,2.17414929606589,1.47449967652281,0.213887088910908,0.462479284845179,1,0.0078414
367,9.8090573265458e-05,0.046908103628858,4.64054747575854e-05,0.00483788798987325,0.00035247747938253,0.000816795210483501,0.000816795210483501,0.00492051286893293,0.00898289477654145,0.0947781344854468,2.16822524951379,1.47248947348149,0.213304440960729,0.461848937381834,1,0.0077824
368,9.78425224019417e-05,0.0525385772396527,4.58643827003704e-05,0.00505675332563598,0.000543385185749424,0.000914878804957553,0.000914878804957553,0.00516899743279578,0.00895848476240182,0.0946492723817876,2.16233340567961,1.47048747212603,0.212725062774368,0.461221273115592,1,0.0079095
369,9.75386429783849e-05,0.0583700584045639,4.53812312791515e-05,0.00521967146622684,0.00157931872571777,0.00101646100936903,0.00101646100936903,0.00554875139600292,0.00893420705170097,0.0945209344626944,2.15647350698845,1.46849361830021,0.212148960465956,0.460596309652993,1,0.0080813
370,9.7177590302091e-05,0.0643278040822273,4.49731158638307e-05,0.0053099873574941,0.00275563678452968,0.00112024059123006,0.00112024059123006,0.00608781512475476,0.00891006057167876,0.094393117183822,2.150645300379,1.46650785895576,0.211576142058439,0.459974066723809,1,0.0082411
371,9.67583217677072e-05,0.0703182644707222,4.46600840920625e-05,0.00531156320598154,0.00405635598696005,0.00122458890601007,0.00122458890601007,0.00679590415902366,0.00888604426114101,0.0942658170342835,2.14484853726292,1.46453014214898,0.211006615787536,0.459354564348212,1,0.0081013
372,9.62801662897369e-05,0.076232566921429,4.44645465847119e-05,0.00521585254163754,0.00540287916459932,0.00132761059260933,0.00132761059260933,0.00762743226391012,0.00886215707030426,0.094139030536246,2.13908297178029,1.46256041645475,0.210440384717953,0.458737816969511,1,0.0089226
373,9.57429034065086e-05,0.0819484645411697,4.44056134498081e-05,0.00499517523667883,0.00701715253995765,0.00142717749255139,0.00142717749255139,0.00873206835439056,0.00883839796064313,0.0940127542445339,2.13334836930639,1.46059863388489,0.209877462480233,0.4581238505909,1,0.0085333
374,9.51468600315096e-05,0.0873114546173126,4.45010096458486e-05,0.00464486497297842,0.00848902569306829,0.00152059974819363,0.00152059974819363,0.00979650693167762,0.00881476590474014,0.093886984746237,2.12764448588993,1.45864474286576,0.209317837209205,0.457512663441358,1,0.0088693
375,9.44929706455903e-05,0.092178154916402,4.47620109363295e-05,0.00416329323239961,0.0100619655462192,0.00160538130809074,0.00160538130809074,0.0110079685125589,0.00879125988613796,0.0937617186603251,2.12197109039521,1.45669869581709,0.208761503584974,0.456904260852286,1,0.0096863
376,9.37828736292136e-05,0.0963843317539092,4.51872562544279e-05,0.0035187952372126,0.0118410464517831,0.00167866296307717,0.00167866296307717,0.0124672777895803,0.00876787889919405,0.0936369526372684,2.11632796364686,1.45476044888733,0.208208463870778,0.456298656442004,1,0.0081507
377,9.30189806382187e-05,0.0997519535352805,4.57674784405448e-05,0.00276309424652686,0.0128405981453631,0.00173734512123314,0.00173734512123314,0.0132498105203055,0.00874462194893765,0.0935126833586634,2.11071482729098,1.45282993749818,0.207658632833045,0.455695767846317,1,0.0078554
378,9.22044971263913e-05,0.102199868307259,4.64778006205155e-05,0.00194749092752507,0.0138007402598145,0.00178001540149597,0.00178001540149597,0.0140515296853438,0.008721488050929,0.0933889075368644,2.10513144797403,1.45090711211091,0.207111956704098,0.455095546785616,1,0.0078794
379,9.13434845553266e-05,0.103652322860398,4.7275078577991e-05,0.00105250485650365,0.0148292811994912,0.00180535504420148,0.00180535504420148,0.0149766042811918,0.00869847623112083,0.0932656219146199,2.09957760325293,1.44899192656582,0.206568388838241,0.454497952512705,1,0.0082633
380,9.04408653204841e-05,0.104004738237557,4.81058283589988e-05,0.000103471541615922,0.0159264469440712,0.00181154280523288,0.00181154280523288,0.0160302200415051,0.00867558552572196,0.0931428232647151,2.0940530752653,1.44708433592009,0.206027886679426,0.45390294852471,1,0.0080569
381,8.95023651746872e-05,0.103134881620503,4.89122535123155e-05,0.00106307710889557,0.0166647878760802,0.00179644976746318,0.00179644976746318,0.0167957091754576,0.00865281498106304,0.0930205083896182,2.08855761337706,1.44518428353517,0.20549036862755,0.453310455016813,1,0.0084233
382,8.85344053168511e-05,0.100952100483681,4.96344649824369e-05,0.00224186315424048,0.0173007143799182,0.0017584968448468,0.0017584968448468,0.0175344069186719,0.00863016365346429,0.092898674121132,2.08309098992693,1.44329172031399,0.204955773324818,0.452720414080056,1,0.007754
383,8.75439694761055e-05,0.0973859125457861,5.0213491922371e-05,0.00345023049411284,0.0172897098035555,0.00169645587644829,0.00169645587644829,0.017712632141122,0.00860763060910523,0.0927773173200499,2.07765292921521,1.44140658012068,0.204423985155554,0.452132707460491,1,0.0076861
384,8.65384285496677e-05,0.092441935492335,5.05932604193518e-05,0.00464305031507801,0.017067347556401,0.00161042337453776,0.00161042337453776,0.01776134648786,0.00858521492389637,0.0926564348758162,2.0722431962366,1.43952881049203,0.203894923738629,0.451547255266411,1,0.0087538
385,8.55253468623756e-05,0.086133542040652,5.07231688176966e-05,0.00585374330775132,0.0170817336960995,0.00150063023795233,0.00150063023795233,0.018119651677097,0.0085629156833527,0.0925360237061908,2.06686159916008,1.43765837359231,0.203368564350701,0.450964038866405,1,0.0083353
386,8.45122626145672e-05,0.0784429471219501,5.05628049785196e-05,0.00704954900831349,0.0164100167789075,0.00136676411394929,0.00136676411394929,0.0179128136249127,0.0085407319824692,0.0924160807569181,2.06150786669825,1.43579520360609,0.202844806488312,0.450382955370551,1,0.0085921
387,8.35064442051598e-05,0.0694307207756162,5.00848614619527e-05,0.00817643394370034,0.0154985124072359,0.00120987617030616,0.00120987617030616,0.0175651896385419,0.00851866292559803,0.0922966030014,2.0561817702362,1.43393924914419,0.202323588107204,0.449803944076977,1,0.0077299
388,8.25146484506302e-05,0.059204775529259,4.9279120537523e-05,0.00917203135075252,0.0139594101217148,0.00103184049289554,0.00103184049289554,0.0167352404758035,0.00849670762632759,0.0921775874403729,2.05088305450949,1.43209044913703,0.201804816369347,0.449226909667428,1,0.0076436
389,8.15428808773021e-05,0.0479497059056634,4.81579945814243e-05,0.0100006618886272,0.012345171804696,0.000835863416368987,0.000835863416368987,0.0159099290405013,0.00847486520736336,0.0920590311015892,2.04561151227642,1.43024875887952,0.201288449219069,0.448651812900683,1,0.0076625
390,8.05961794430571e-05,0.0358573624941827,4.67625116875859e-05,0.0106673372064205,0.0106978372513196,0.000625270404657846,0.000625270404657846,0.0151207192087844,0.00845313480041049,0.0919409310395022,2.04036694079917,1.42841413490597,0.200774459362287,0.448078630780678,1,0.0081901
391,7.96784422476564e-05,0.0231114415088126,4.51681724490206e-05,0.0111866443416231,0.0091215405081457,0.000403217433186165,0.000403217433186165,0.0144400349600336,0.00843151554605817,0.091823284334956,2.03514914431275,1.42658653586551,0.200262837120061,0.44750735985016,1,0.0079993
392,7.87923173863203e-05,0.00989700218521515,4.34903980657147e-05,0.011547217695601,0.00733496137589484,0.000172667153156156,0.000172667153156156,0.0136812949684753,0.00841000659366575,0.0917060880948792,2.02995791480642,1.42476591579333,0.199753559083597,0.446937981249744,1,0.0086287
393,7.79391598967734e-05,0.00379772495688957,4.18897968542477e-05,0.0117450418740651,0.00562089170743366,-6.30616396840832e-05,-6.30616396840832e-05,0.0130212386080645,0.0083886071012506,0.0915893394519832,2.02479305892308,1.42295223353529,0.19924662434749,0.446370501206666,1,0.0079689
394,7.71190474142132e-05,0.017350264237306,4.05716251906788e-05,0.0117645730399347,0.00369685345478018,-0.000300683729559848,-0.000300683729559848,0.0123357690142382,0.00836731623537775,0.0914730355644643,2.01965437646693,1.42114544521908,0.198742018366152,0.445804910657287,1,0.0084052
395,7.63308645017386e-05,0.0308775477915394,3.97738519456714e-05,0.0116043829573242,0.00192155650203756,-0.000536505366764146,-0.000536505366764146,0.0117750550237461,0.00834613317105123,0.0913571736157114,2.0145416784301,1.41934551058933,0.198239748328954,0.445241224875857,1,0.0077133
396,7.55724297443037e-05,0.044108321785803,3.97335229111051e-05,0.0112702112202377,0.000141814980119363,-0.000767073162897272,-0.000767073162897272,0.0112976860016183,0.00832505709160714,0.0912417508140168,2.00945477428686,1.41755238855108,0.197739815944828,0.444679453027491,1,0.0076622
397,7.48406848325448e-05,0.0568420173936933,4.06351427874235e-05,0.0107731837405822,0.00146676926120014,-0.000988977668444579,-0.000988977668444579,0.0109180756432449,0.00830408718860845,0.0911267643922929,2.0043934756221,1.41576603844777,0.197242231438593,0.444119613886387,1,0.0079962
398,7.41319016063982e-05,0.0689057929426484,4.256132040833e-05,0.0101388793960642,0.00287017460452521,-0.00119922879501629,-0.00119922879501629,0.0106060553794057,0.00828322266174144,0.0910122116077916,1.99935759374469,1.41398641922215,0.196747006135985,0.443561727537425,1,0.0076491
399,7.3441915723821e-05,0.0801557590374597,4.54738750209147e-05,0.00938756906333902,0.00412416984448784,-0.00139532667275119,-0.00139532667275119,0.0103489053429304,0.00826246271871381,0.0908980897418302,1.99434694087776,1.41221348983706,0.196254148439616,0.443005810841817,1,0.0084143
400,7.27663711110408e-05,0.0904694923238198,4.92385938896652e-05,0.00853937983456388,0.00518886816595016,-0.00157514059384134,-0.00157514059384134,0.0101166343824754,0.00824180657515439,0.0907843960995191,1.98936132939129,1.41044720900546,0.195763666058006,0.442451879934989,1,0.0080652
401,7.21009320114542e-05,0.0997492250615763,5.36686208663329e-05,0.00761469064684139,0.00608470222472725,-0.00173696643956436,-0.00173696643956436,0.00990182351628667,0.00822125345451446,0.0906711280094963,1.98440057307388,1.40868753564227,0.195275564048235,0.441899948006599,1,0.0079071
402,7.14414897598459e-05,0.10791968043147,5.85642421690637e-05,0.00663360821657717,0.00679932211089606,-0.00187949093975059,-0.00187949093975059,0.00968461912154783,0.00820080258797061,0.0905582828236634,1.97946448655342,1.40693442866163,0.194789845200726,0.441350025717374,1,0.0077753
403,7.07843030369638e-05,0.114929360845049,6.3736907745795e-05,0.00561715828079629,0.00733407183152602,-0.00200181421384979,-0.00200181421384979,0.00945377000821455,0.00818045321432904,0.0904458579169275,1.97455288577728,1.40518784714972,0.19430650958446,0.440802120666927,1,0.0082201
404,7.01260857406799e-05,0.120749119555176,6.9019625249394e-05,0.00458178469606901,0.00773429789875006,-0.00210342475176911,-0.00210342475176911,0.00923380879823273,0.00816020457993136,0.0903338506869455,1.96966558968185,1.40344775096255,0.193825554310218,0.440256237105413,1,0.0079176
405,6.94640506629532e-05,0.12536793915233,7.42687058727942e-05,0.00354685137974415,0.00794915661313042,-0.00218412587465655,-0.00218412587465655,0.00897592865707587,0.00814005593856179,0.0902222585538723,1.96480241678707,1.40171409951782,0.193346974026866,0.439712376476789,1,0.0074418
406,6.87959313881904e-05,0.128799789021163,7.93633480938155e-05,0.0025355929498801,0.00798674840081558,-0.00224415608652856,-0.00224415608652856,0.00867651017977478,0.00812000655135568,0.0901110789601128,1.95996318739062,1.39998685257777,0.192870760408816,0.439170536817779,1,0.0077455
407,6.81199432393204e-05,0.13108001064585,8.42057141960277e-05,0.00156111499779056,0.00795288078646972,-0.00228412614150453,-0.00228412614150453,0.00842205740249303,0.00810005568670942,0.0900003093700761,1.95514772730133,1.39826597158814,0.192396903103959,0.438630713817396,1,0.0074101
408,6.74347034687326e-05,0.132253511320819,8.8717739774956e-05,0.000649421694676238,0.00777972653051426,-0.00230481303334906,-0.00230481303334906,0.00814164432592151,0.0080802026201916,0.0898899472699344,1.95035586102454,1.39655141725056,0.19192538925648,0.438092900258016,1,0.0077622
409,6.67391567947726e-05,0.132379585328224,9.28407772981609e-05,0.00035110925016799,0.00756782154729148,-0.00230724452588027,-0.00230724452588027,0.00792126870440694,0.00806044663445547,0.0897799901673834,1.94558741820174,1.3948431518281,0.19145620515028,0.437557087875719,1,0.0071897
410,6.60324818894829e-05,0.131523899846127,9.65331070398491e-05,0.0011122827905544,0.00720902792998222,-0.00229255956792479,-0.00229255956792479,0.00764789978383213,0.00804078701915262,0.0896704355914067,1.94084222569484,1.39314113631564,0.190989334050297,0.437023264884488,1,0.0076133
411,6.53140168544159e-05,0.129766645825834,9.97703757095045e-05,0.00185333640032887,0.00686371523192373,-0.0022621507851866,-0.0022621507851866,0.00746252181600864,0.00802122307084792,0.0895612810920429,1.93612011733361,1.39144533393648,0.190524760090715,0.436491420409056,1,0.007594
412,6.45831738241744e-05,0.127185050512799,0.000102543342274041,0.00253157572649908,0.00646234626116902,-0.00221735949745383,-0.00221735949745383,0.0072878655076414,0.00800175409293564,0.0894525242401557,1.93142092557548,1.38975570715701,0.190062465622087,0.435961541448425,1,0.0069745
413,6.38394014520256e-05,0.123863791469771,0.000104854802809217,0.00313100223850717,0.00595091636253147,-0.00215965758051501,-0.00215965758051501,0.00706435869549326,0.00798237939555678,0.0893441626272068,1.92674448242679,1.38807221801561,0.189602430635937,0.435433612202753,1,0.0083534
414,6.30821589138208e-05,0.119893337420964,0.000106722459508604,0.00366568050739463,0.00561036288395791,-0.00209061865114768,-0.00209061865114768,0.0070219264249597,0.00796309829551766,0.0892361938650325,1.92209062934713,1.38639483169375,0.189144640562026,0.434907623021287,1,0.0085032
415,6.23109059704109e-05,0.115340351444383,0.000108173046534942,0.0041427180756873,0.00520858160341992,-0.00201140179334841,-0.00201140179334841,0.00695409705134498,0.00794391011620954,0.0891286155856218,1.91745920219079,1.38472351109916,0.188689076686658,0.434383559411101,1,0.007856
416,6.15251722280754e-05,0.110279454943696,0.000109237813356529,0.00454540118544055,0.00467019643084641,-0.00192330576779143,-0.00192330576779143,0.00679645108568972,0.00792481418752958,0.0890214254408992,1.9128500363003,1.38305821869519,0.188235717351221,0.433861403389632,1,0.0074941
417,6.07246211585253e-05,0.104804231647785,0.000109953713917507,0.00486415485972276,0.00411432693245483,-0.00182796099027344,-0.00182796099027344,0.00662943145363345,0.00790580984580284,0.0889146211025096,1.90826297134362,1.38139891825049,0.187784542488096,0.433341138698019,1,0.0071448
418,5.99090993091017e-05,0.099010736302126,0.000110362422044167,0.0051012745312665,0.0035779647901644,-0.00172704173799471,-0.00172704173799471,0.00646736466930907,0.00788689643370547,0.0888082002616057,1.90369784898826,1.37974557400568,0.187335532806089,0.432822749871225,1,0.0089722
419,5.90787015650748e-05,0.0929817477256373,0.000110511533862138,0.00528591457965478,0.00329367385477351,-0.00162199138347474,-0.00162199138347474,0.00643727314238286,0.00786807330018897,0.0887021606286395,1.8991545162663,1.37809815189859,0.186888675863835,0.432306229267905,1,0.0080947
420,5.82338737025526e-05,0.0867681191790572,0.000110443416904139,0.00541965939079278,0.00285065105958378,-0.00151369704108295,-0.00151369704108295,0.00630934889336834,0.00784933980040563,0.0885964999331555,1.89463281457967,1.37645661558208,0.186443950187516,0.431791558726564,1,0.0080879
421,5.7375531916682e-05,0.0804377177980564,0.000110195432806155,0.00549252025881991,0.00242075092936354,-0.00140334327283298,-0.00140334327283298,0.00616556506133973,0.00783069529563495,0.0884912159235873,1.89013258940061,1.37482092993983,0.186001337559121,0.431278723749643,1,0.0077529
422,5.65051527579834e-05,0.074059031493563,0.000109802636765838,0.00550645214832856,0.00199508401807835,-0.00129212604719398,-0.00129212604719398,0.00599894760301806,0.00781213915321125,0.0883863063670569,1.88565368750007,1.37319106008598,0.185560819770582,0.430767709758498,1,0.0075703
423,5.56248430127611e-05,0.0676979783304902,0.000109295443097564,0.00546581672603833,0.00160829321514714,-0.00118119693396357,-0.00118119693396357,0.00582004001331516,0.00779367074645217,0.0882817690491767,1.88119595744183,1.37156697154817,0.185122379754328,0.430258503407345,1,0.0084848
424,5.47374006333873e-05,0.0614099023997246,0.000108701569883218,0.005387418929693,0.00135589157049641,-0.00107152335856742,-0.00107152335856742,0.00565917863530619,0.00777528945458833,0.0881776017738537,1.87675925005707,1.36994863044461,0.18468600361624,0.429751094956418,1,0.0076182
425,5.38463747272516e-05,0.055233284917807,0.00010803895821463,0.00527182800111168,0.00102514363400374,-0.000963778770395329,-0.000963778770395329,0.00545774339414901,0.00775699466269385,0.0880738023630969,1.87234341602626,1.36833600260545,0.184251672949765,0.429245469340988,1,0.0078344
426,5.29560747283775e-05,0.0492132463101307,0.000107319979688759,0.00512013358651995,0.000760578053160898,-0.000858752603183244,-0.000858752603183244,0.00524846025580106,0.00773878576161791,0.0879703686568262,1.86794830835093,1.36672905447676,0.183819372712306,0.428741615325951,1,0.0076971
427,5.20715895323673e-05,0.0433863484189708,0.000106553663848255,0.00493930542491822,0.000521924418578288,-0.000757085015939629,-0.000757085015939629,0.00502559574562255,0.00772066214791729,0.0878672985126849,1.86357378129767,1.3651277527388,0.183389087539074,0.428239521225066,1,0.0079043
428,5.11987655565046e-05,0.0377828254266499,0.000105745234434249,0.00473597187957475,0.000334442584547987,-0.000659305696981694,-0.000659305696981694,0.00479478247515471,0.00770262322378971,0.0877645898058534,1.85921969066366,1.36353206440614,0.182960803077687,0.42773917645884,1,0.0078883
429,5.03441713426328e-05,0.0324249595324453,0.0001048969501147,0.00451522545980408,0.000168224689774113,-0.000565805406829378,-0.000565805406829378,0.00455514724884191,0.00768466839700823,0.0876622404288655,1.8548858935977,1.3619419567653,0.18253450476756,0.427240570132987,1,0.0073957
430,4.95150221649344e-05,0.0273322319903322,0.00010400839098403,0.00427664037807866,2.92493917373556e-05,-0.000476925752924129,-0.000476925752924129,0.00430480460096041,0.00766679708085644,0.0875602482914275,1.8505722485692,1.36035739736629,0.182110177614851,0.426743690773339,1,0.0075483
431,4.87190783693881e-05,0.0225238177536983,0.000103081038760992,0.00402473248165078,0.000139110499049891,-0.000393002597583014,-0.000393002597583014,0.00404788361482176,0.00764900869406454,0.0874586113202384,1.84627861547591,1.35877835406512,0.181687808208546,0.426248528687837,1,0.0072508
432,4.79645518747184e-05,0.0180117892232275,0.000102118014712341,0.00376359182549448,0.000251743457581161,-0.000314247170066673,-0.000314247170066673,0.00378676012630546,0.00763130266074633,0.0873573274588133,1.84200485557794,1.35720479500256,0.181267382712483,0.425755073619191,1,0.0068375
433,4.7259954251415e-05,0.0138061432059202,0.000101124388324199,0.00349428999811616,0.000354871755069097,-0.000240833245258254,-0.000240833245258254,0.00352228891492882,0.00761367841033699,0.0872563946673079,1.83775083144616,1.35563668858812,0.180848887495964,0.425263315483436,1,0.0078215
434,4.66139572745559e-05,0.00991223003879198,0.000100111166336927,0.00322735576492833,0.000366642910358138,-0.000172850614235442,-0.000172850614235442,0.00325459317384014,0.00759613537753175,0.0871558109223461,1.83351640693218,1.35407400349175,0.180432310836978,0.424773246376203,1,0.0079797
435,4.60352782044942e-05,0.00632311931329242,9.90910175174742e-05,0.002968410534461,0.000376026630538785,-0.000110165025781428,-0.000110165025781428,0.00299615997050385,0.00757867300222535,0.0870555742168492,1.82930144732308,1.35251670870384,0.180017639854823,0.424284856970907,1,0.0090326
436,4.55324603771858e-05,0.00303238176320986,9.80791531631477e-05,0.00272137355667301,0.000341508961039709,-5.25950298023714e-05,-5.25950298023714e-05,0.00274535902773227,0.00756129072945236,0.086955682559867,1.82510581908838,1.35096477344466,0.179604862554049,0.423798138922352,1,0.0085296
437,4.51136952906518e-05,0.000304319099959976,9.70916087191279e-05,0.00248344356416936,0.000362601162629897,1.09903577572013e-07,1.09903577572013e-07,0.00251206325083493,0.00754398800932832,0.0868561339764114,1.82092939000686,1.34941816721388,0.179193965478753,0.423313082102069,1,0.0091835
438,4.47865489062774e-05,0.00276887914353958,9.61467727585512e-05,0.00225310655332026,0.000353608265269982,4.80864118521662e-05,4.80864118521662e-05,0.00228366227595156,0.00752676429699158,0.0867569265072915,1.81677202887697,1.34787685968599,0.178784936501534,0.422829677886421,1,0.010175
439,4.45578292524155e-05,0.00525071152282628,9.52667970688181e-05,0.00203540726303292,0.000309953633746154,9.15352489930799e-05,9.15352489930799e-05,0.00206359236232152,0.00750961905254604,0.0866580582089516,1.81263360570962,1.34634082078411,0.178377763803036,0.422347917957501,1,0.008791
440,4.44333947007185e-05,0.00749265585005509,9.4469772864685e-05,0.00182475579826531,0.000353145656907335,0.000130704338830001,0.000130704338830001,0.00186613119361904,0.00749255174100463,0.0865595271533101,1.80851399179311,1.34481002070668,0.177972433940266,0.421867792015776,1,0.0085497
441,4.44178584546977e-05,0.00949355323284438,9.37719502873009e-05,0.00161536230403601,0.000383050011013144,0.000165643049580555,0.000165643049580555,0.0016716289156658,0.00747556183223352,0.0864613314276013,1.80441305937259,1.34328442981097,0.177568934741797,0.42138929120446,1,0.0085354
442,4.4514562398483e-05,0.0112559215947408,9.31928027415852e-05,0.00141090830180855,0.000384802092340342,0.000196409556533994,0.000196409556533994,0.00147918730050454,0.00745864880089713,0.0863634691342186,1.80033068183554,1.34176401868419,0.177167254423347,0.420912407067489,1,0.0086482
443,4.47255551449774e-05,0.0127874565037391,9.27493190290702e-05,0.00121520277458136,0.000364881853585709,0.000223143090008038,0.000223143090008038,0.00129238930323211,0.00744181212640385,0.0862659383905598,1.79626673372817,1.34024875815207,0.176767381305795,0.420437131216779,1,0.0078776
444,4.50515625966656e-05,0.0140986000291959,9.2451553662737e-05,0.00102760312845927,0.000362120375987458,0.000246028142890764,0.000246028142890764,0.00112170640239392,0.00742505129285259,0.0861687373288746,1.79222109076532,1.33873861928508,0.176369303385077,0.419963454820865,1,0.0079774
445,4.54919757208595e-05,0.0151982343790215,9.23047606152457e-05,0.000848938991490796,0.00033673537743772,0.00026522090973069,0.00026522090973069,0.000956577374650442,0.00740836578897993,0.0860718640961141,1.78819362969628,1.3372335733507,0.175973009174183,0.419491369606317,1,0.0086425
446,4.60449958608241e-05,0.0160988708973699,9.23094858220564e-05,0.000683580428110021,0.000282189750421949,0.000280940477254799,0.000280940477254798,0.000797811535714217,0.0073917551081081,0.0859753168537813,1.78418422836625,1.33573359183868,0.175578487403087,0.419020867503144,1,0.0092436
447,4.67077625034085e-05,0.0168175533540084,9.24581346771285e-05,0.000534067584118811,0.000219245893957235,0.000293484836340285,0.000293484836340285,0.00065588264477566,0.00737521874809357,0.0858790937777849,1.78019276573049,1.33423864646865,0.175185726727583,0.418551940298433,1,0.0092795
448,4.74764314901092e-05,0.0173722687299994,9.27346522511492e-05,0.00039921857417389,0.000172509605862009,0.000303168264380482,0.000303168264380482,0.000540297135969054,0.00735875621127642,0.0857831930582933,1.77621912181574,1.33274870917804,0.174794715657394,0.418084579549873,1,0.0085791
449,4.83462490100189e-05,0.0177778137552142,9.31163652302569e-05,0.000275077044611698,0.000153245516299938,0.000310249123006257,0.000310249123006257,0.00045435022082071,0.00734236700443028,0.0856876128995917,1.77226317768348,1.33126375211056,0.174405442648845,0.417618776695739,1,0.0082224
450,4.93116778764911e-05,0.0180444990267433,9.35781321183724e-05,0.00015959983638763,0.000135491253948953,0.000314907233665562,0.000314907233665562,0.000392687063313873,0.00732605063871297,0.08559235151994,1.76832481540908,1.32978374761052,0.174017896417931,0.417154523429785,1,0.0079562
451,5.03666112021234e-05,0.0181818339957186,9.40948293514619e-05,5.53454412413403e-05,0.000113038313679472,0.000317308325090249,0.000317308325090249,0.000357675214844667,0.00730980662961781,0.0854974071514325,1.7644039180976,1.328308668231,0.173632065816916,0.416691811554914,1,0.0079823
452,5.15045572381719e-05,0.0182001205611403,9.46414599255514e-05,5.3207424352981e-05,8.2167350483984e-05,0.000317631930741635,0.000317631930741635,0.000349421006481304,0.00729363449692556,0.0854027780398598,1.76050036987636,1.32683848673317,0.173247939816929,0.41623063296318,1,0.0081464
453,5.27187919667067e-05,0.0181110361631248,9.51930532395489e-05,0.00013724572038403,4.74036690671288e-05,0.000316081602265372,0.000316081602265372,0.000364474870802935,0.00727753376465701,0.0853084624445723,1.75661405588732,1.32537317608563,0.172865507455672,0.415770979573697,1,0.0079749
454,5.40024655227977e-05,0.0179268411031092,9.57247249273754e-05,0.000213633860359209,2.42196616639088e-05,0.000312871059591435,0.000312871059591435,0.000395222601657701,0.00726150396102619,0.0852144586383449,1.75274486227568,1.32391270946225,0.172484757784912,0.41531284326988,1,0.0084848
455,5.53486803463143e-05,0.0176591905039136,9.62129554868672e-05,0.000279953071009967,3.58072662717889e-05,0.000308203433444398,0.000308203433444398,0.000432400650823254,0.00724554461839421,0.0851207649072435,1.7488926761761,1.32245706023905,0.172105679994954,0.414856216049554,1,0.0081693
456,5.6750581927593e-05,0.0173200399745402,9.66358181982741e-05,0.000336785879557681,5.85364616692103e-05,0.000302287099968268,0.000302287099968268,0.000469883647727093,0.00722965527322368,0.0850273795504935,1.74505738570377,1.32100620199292,0.171728263262408,0.414401089842206,1,0.007928
457,5.82013900905622e-05,0.016919430245408,9.69738107934169e-05,0.000385623122122653,7.73486470159929e-05,0.000295296985523441,0.000295296985523441,0.000504659567145269,0.00721383546603369,0.0849343008803492,1.74123887994661,1.31956010850079,0.171352496859613,0.413947456641074,1,0.0078844
458,5.96944693274666e-05,0.0164661879748882,9.72110139865921e-05,0.000426971045179169,9.61269954383391e-05,0.000287386850019389,0.000287386850019389,0.000535864379505436,0.00719808474135552,0.0848415272219655,1.73743704895797,1.31811875373882,0.170978370157677,0.413495308507457,1,0.0075124
459,6.12233952658914e-05,0.0159686699160695,9.73351172217867e-05,0.000461463947598897,0.00011015600803871,0.000278702310474888,0.000278702310474888,0.000562123394482488,0.00718240264768874,0.0847490569132704,1.73365178374452,1.3166821118799,0.170605872589174,0.413044637526229,1,0.0082415
460,6.27820009945673e-05,0.0154347385389211,9.7337329289526e-05,0.000488622150517621,0.00013255197319597,0.000269380420519938,0.000269380420519938,0.000585070189181922,0.00716678873745807,0.0846568883048395,1.72988297626313,1.31525015729447,0.170234993707508,0.412595435878183,1,0.0077556
461,6.43644234838658e-05,0.0148728840130124,9.72114098290296e-05,0.000509064472015048,0.000144361088507105,0.000259569225873002,0.000259569225873002,0.000600800954593026,0.00715124256697069,0.0845650197597724,1.72613051939697,1.31382286454338,0.16986572308867,0.412147695721655,1,0.0080062
462,6.59650936493853e-05,0.0142901522671747,9.69534487595698e-05,0.000523592434078473,0.000155984841144629,0.000249391605766536,0.000249391605766536,0.000611912676931469,0.00713576369637421,0.0844734496535699,1.72239430696199,1.31240020838233,0.169498050411365,0.411701409289991,1,0.0079567
463,6.75787649360142e-05,0.0136931726785493,9.65619778427492e-05,0.000532653787564486,0.000163692383348209,0.000238963207699894,0.000238963207699894,0.000617675507180159,0.00712035168961506,0.0843821763740131,1.7186742336889,1.31098216375697,0.169131965423925,0.411256568852006,1,0.009674
464,6.92005249388393e-05,0.0130882093316853,9.60375021912566e-05,0.000535819286421447,0.000179435115757334,0.000228393311771713,0.000228393311771713,0.000620880439101531,0.0071050061143976,0.0842911983210442,1.71497019522296,1.30956870580469,0.168767457974382,0.410813166749049,1,0.0153473
465,7.08258048028443e-05,0.0124826577708014,9.53808729618932e-05,0.000531546140831718,0.00021984850681611,0.000217810714273403,0.000217810714273403,0.000626460666094659,0.00708972654214361,0.0842005139066479,1.71128208812023,1.30815980985514,0.168404518007058,0.410371195391511,1,0.0230153
466,7.24503302382962e-05,0.0118863952002663,9.4589199130217e-05,0.000519401377781025,0.000254915486023005,0.00020738669707232,0.00020738669707232,0.000626094369111171,0.00707451254795243,0.0841101215547358,1.70760980980236,1.30675545141482,0.168043135495412,0.409930647177559,1,0.0220407
467,7.40699428982297e-05,0.0113079968994404,9.36520658183978e-05,0.00050130947507822,0.000248519024537928,0.000197268967848552,0.000197268967848552,0.000605212055837129,0.00705936371056143,0.0840200197010297,1.70395325853144,1.30535560615927,0.167683300453936,0.409491514507854,1,0.017072
468,7.56804221160538e-05,0.01075141615097,9.25524370204567e-05,0.000482329545541366,0.000206620985669249,0.000187524650268722,0.000187524650268722,0.000569946601058065,0.00704427961230708,0.0839302067929484,1.70031233345945,1.30396024995375,0.16732500299183,0.409053789851444,1,0.0218925
469,7.72774514335572e-05,0.0102152049345588,9.12774666621634e-05,0.000465736382686939,0.000168514606565324,0.000178128542784317,0.000178128542784317,0.000539812823502249,0.00702925983908639,0.0838406812894933,1.69668693464908,1.30256935886312,0.166968233335295,0.408617465773669,1,0.0206658
470,7.88568145723495e-05,0.00969665066081729,8.98296289378215e-05,0.000450782715569629,0.000130141738966727,0.000169034800895695,0.000169034800895695,0.000512904817272375,0.00701430398031897,0.0837514416611378,1.69307696300743,1.30118290912824,0.166612981794197,0.40818253489609,1,0.0177562
471,8.04146048066825e-05,0.00919353717443827,8.82213965460843e-05,0.000437556170027747,9.3320403748592e-05,0.000160206504025928,0.000160206504025928,0.000490061455749993,0.0069994116289096,0.0836624863897171,1.68948232028376,1.29980087716687,0.16625923876239,0.407748989897449,1,0.0174997
472,8.19473479693823e-05,0.0087037451305469,8.64724410617722e-05,0.000425832154324405,5.9928326808682e-05,0.000151609245298445,0.000151609245298445,0.000471374189117455,0.00698458238121142,0.0835738139683204,1.68590290905899,1.29842323957136,0.165906994716108,0.407316823512248,1,0.0099745
473,8.34521129363763e-05,0.00822574519629251,8.46089748117164e-05,0.00041417188631246,5.09098410422215e-05,0.000143219544029516,0.000143219544029516,0.000457016838036265,0.00696981583698953,0.0834854229011839,1.68233863273723,1.29704997310714,0.165556240195032,0.406886028508023,1,0.0104365
474,8.49266287258075e-05,0.0077607616881599,8.26644360718519e-05,0.000400667741458022,3.77834559366728e-05,0.000135064625993553,0.000135064625993553,0.000440857234220237,0.00695511159938519,0.0833973117035866,1.67878939552545,1.29568105470654,0.165206965824479,0.406456597713063,1,0.0097524
475,8.63694218320915e-05,0.00731040295925064,8.06791416988097e-05,0.00038597439566425,2.39419202849316e-05,0.00012717663721673,0.00012717663721673,0.000424025485230333,0.00694046927488054,0.0833094789017465,1.67525510243971,1.29431646147289,0.164859162306208,0.406028524005651,1,0.0113518
476,8.77798620547571e-05,0.00687598424780686,7.8691800528045e-05,0.000371058197879087,7.03518605542123e-06,0.000119579078498022,0.000119579078498022,0.000407472010385543,0.00692588847326378,0.0832219230327189,1.671735659296,1.29295617067865,0.164512820437284,0.405601800337823,1,0.0120929
477,8.91580598549157e-05,0.00645727361113763,7.67330830059045e-05,0.000357024853847788,3.52726198707983e-05,0.000112265127827471,0.000112265127827471,0.000394017098728641,0.0069113688075948,0.083134642644296,1.66823097270471,1.2916001597649,0.16416793109325,0.405176419715228,1,0.0144448
478,9.05046787686422e-05,0.00605314933675276,7.48229998851052e-05,0.000344886460963347,8.31165016519762e-05,0.000105211127516824,0.000105211127516824,0.000388337446264013,0.00689690989417116,0.0830476362949071,1.66474095006475,1.29024840634071,0.163824485259815,0.404752375236779,1,0.0135504
479,9.18207231791492e-05,0.00566064688461832,7.29710947698454e-05,0.000335138224291732,0.000112311100802597,9.83604345481393e-05,9.83604345481392e-05,0.000385289593935584,0.00688251135249449,0.0829609025535191,1.66126549953946,1.28890088817545,0.163482473946711,0.404329659988864,1,0.0147481
480,9.3107347379485e-05,0.00527844279420545,7.11782742153284e-05,0.000326258112390901,0.000150957210452182,9.16870880428577e-05,9.16870880428578e-05,0.000389172195823265,0.00686817280523717,0.0828744399995388,1.65780453006428,1.28755758320328,0.163141888287571,0.403908267169132,1,0.0255061
481,9.43657304177591e-05,0.0049047763680195,6.94429014236367e-05,0.000320241555769922,0.000250829619820318,8.51582446922405e-05,8.51582446922405e-05,0.000431885968411943,0.00685389387820942,0.0827882472227152,1.65435795138748,1.28621846954065,0.162802719650769,0.403488190224657,1,0.0266022
482,9.55969956332669e-05,0.00453221352722386,6.77628515437704e-05,0.000322959264561059,0.000324174779795787,7.86390079581256e-05,7.86390079581256e-05,0.000478936006283151,0.0068396742003268,0.0827023228230429,1.65092567395593,1.28488352544343,0.162464959334792,0.403069422475574,1,0.0262942
483,9.68020877563312e-05,0.00415340316742878,6.61247683561348e-05,0.000330165834303891,0.000369024529948188,7.19954439294401e-05,7.19954439294401e-05,0.000513990848538469,0.00682551340357797,0.0826166654106662,1.64750760892535,1.28355272931242,0.16212859867198,0.402651957243448,1,0.0199156
484,9.79816641848465e-05,0.00376553263188317,6.45106875775676e-05,0.00033855230849641,0.000399148627599274,6.51750022753195e-05,6.51750022753195e-05,0.000540387425941984,0.00681141112299291,0.0825312736057848,1.64410366818794,1.28222605970552,0.161793629077466,0.402235787912346,1,0.0247907
485,9.9136093123367e-05,0.00336847856961221,6.29051865847924e-05,0.000346583850017628,0.000424946759740619,5.8172845139981e-05,5.8172845139981e-05,0.000563863039899507,0.00679736699661141,0.0824461460385591,1.640713764373,1.28090349533952,0.161460042060359,0.401820907943276,1,0.0261485
486,0.000100265528817048,0.00296320082420151,6.12990396144518e-05,0.000353848532988796,0.000451183775150242,5.10015974167777e-05,5.10015974167777e-05,0.000587589178804859,0.00678338066545208,0.0823612813490179,1.63733781083573,1.27958501508721,0.161127829219578,0.401407310869617,1,0.0237017
487,0.000101370005981979,0.0025510482176332,5.96889520203578e-05,0.000360392405710692,0.000479223301247848,4.36762798808887e-05,4.36762798808887e-05,0.000612665252175325,0.0067694517734817,0.0822766781869668,1.63397572164584,1.27827059797441,0.16079698223784,0.400994990290203,1,0.0237788
488,0.000102449514023527,0.00213376836026238,5.80754802158989e-05,0.000366362720049257,0.000509120627537483,3.62095256274397e-05,3.62095256274397e-05,0.000639281654310855,0.00675557996758502,0.0821923352118981,1.63062741157829,1.2769602231778,0.160467492878152,0.400583939865482,1,0.0240822
489,0.000103504038162621,0.00171412633839497,5.64609347409042e-05,0.000371887747546629,0.000540681240219819,2.86111382752363e-05,2.86111382752363e-05,0.000667407416153828,0.00674176489753492,0.0821082510929012,1.6272927961056,1.27565387002337,0.160139352982722,0.40017415331668,1,0.0239143
490,0.000104533572706894,0.00129781086169803,5.48480043290002e-05,0.000377064341727781,0.000573797876583414,2.08886922292706e-05,2.08886922292706e-05,0.000697043874850161,0.00672800621596295,0.0820244245085752,1.62397179139084,1.27435151798506,0.159812554473175,0.399765624426582,1,0.0160194
491,0.000105538117502328,0.000900446142368553,5.3235758659944e-05,0.000380481909552208,0.000500431316488185,1.30497509500671e-05,1.30497509500671e-05,0.000639857258347683,0.00671430357833022,0.0819408541469408,1.62066431403447,1.27305314658677,0.159487088704436,0.399358346231096,1,0.0133463
492,0.00010651760921704,0.000583919887449344,5.15952641206814e-05,0.000367746252293089,0.000396914612786559,5.27509020509243e-06,5.27509020509243e-06,0.000553976941189157,0.00670065664289866,0.0818575387053548,1.61737028149963,1.2717587355704,0.159162947255003,0.398952312006088,1,0.0230065
493,0.000107471972016313,0.000508478618980685,4.99530122853011e-05,0.000344875395340223,0.000565859940216269,-2.10303741943196e-06,-2.10303741943196e-06,0.000673246461146359,0.00668706507070256,0.0817744768904245,1.61408961247683,1.27046826504121,0.158840123690776,0.398547517481637,1,0.0138254
494,0.000108401467564709,0.00071822169118551,4.83693502440936e-05,0.000336041290856437,0.00051022699053495,-9.22539924608223e-06,-9.22539924608223e-06,0.000622497339612172,0.00667352852552073,0.0816916674179242,1.61082222538174,1.26918171487843,0.158518609014873,0.398143955140441,1,0.0132243
495,0.000109306387814123,0.00103641455140973,4.67989664603067e-05,0.000313948336895463,0.000468523876427698,-1.6056161195932e-05,-1.6056161195932e-05,0.00057666577587266,0.00666004667384874,0.0816091090127122,1.60756803973965,1.26789906528069,0.158198395294667,0.397741618761059,1,0.0100972
496,0.000110186952993291,0.00136274271684267,4.52527688106736e-05,0.000277140422293216,0.000378807270178982,-2.23439019163552e-05,-2.23439019163552e-05,0.000484826189968307,0.00664661918487156,0.0815268004086482,1.6043269756173,1.26662029654404,0.157879474188745,0.397340501571064,1,0.0106238
497,0.000111043395697714,0.00165477803267392,4.3754670716912e-05,0.000228598229695567,0.000390143501745481,-2.776836720908e-05,-2.77683672090801e-05,0.000468559857914663,0.00663324573043647,0.0814447403485116,1.60109895397531,1.26534538920222,0.157561838482974,0.396940598179342,1,0.010009
498,0.000111876136954903,0.00189809432049042,4.23289859602837e-05,0.000178038829981441,0.000423252151173794,-3.2218687252783e-05,-3.2218687252783e-05,0.000475652904549526,0.0066199259850265,0.0813629275839218,1.59788389628911,1.26407432387859,0.157245480670688,0.396541902792994,1,0.0094173
499,0.000112685713534345,0.00208826179696967,4.09795042234155e-05,0.000126774915380605,0.000460935591093808,-3.56722518762842e-05,-3.56722518762842e-05,0.000494205701226008,0.006606659625734,0.0812813608752585,1.59468172464171,1.26280708132387,0.156930393211221,0.3961444095418,1,0.0093392
500,0.000113472675521544,0.00222369399071115,3.97024921205462e-05,7.67236983974782e-05,0.000519382598943757,-3.81258709929444e-05,-3.81258709929444e-05,0.000540003169183028,0.00659344633223463,0.0812000389915832,1.59149236177564,1.26154364243796,0.156616568796251,0.395748112814517,1,0.0116302
501,0.000114237547678054,0.0023085620380291,3.84794401989248e-05,3.81881309008023e-05,0.000687185268391788,-3.96650204361748e-05,-3.96650204361748e-05,0.000699883030946539,0.00658028578676154,0.081118960710561,1.58831573129272,1.26028398835053,0.15630400116572,0.395353008292235,1,0.0154284
502,0.000114980833341387,0.00236307159361893,3.72723283208066e-05,2.50323703463711e-05,0.00100065310724442,-4.065016932564e-05,-4.065016932564e-05,0.00100908081711634,0.00656717767407993,0.0810381248183837,1.58515175776075,1.2590281004651,0.155992684980102,0.394959092793294,1,0.0097219
503,0.000115702865351002,0.00242094293809849,3.60658936220326e-05,2.60640379048341e-05,0.000895880429136179,-4.16753736434128e-05,-4.16753736434128e-05,0.000905402855673426,0.00655412168146179,0.0809575301096926,1.58200036424583,1.25777595948,0.15568260969895,0.394566356521878,1,0.0093498
504,0.00011640321123283,0.00246918905418339,3.48790312911925e-05,1.11306603051899e-05,0.000837433489645825,-4.25152448839672e-05,-4.25152448839672e-05,0.000847373716777683,0.00654111749866069,0.0808771753875016,1.57886147605892,1.25652754687628,0.15537376802268,0.394174793743436,1,0.0099591
505,0.000117081085123061,0.0024895669205961,3.36902952358554e-05,2.77718562282922e-05,0.000888978585394584,-4.28525040718775e-05,-4.28525040718775e-05,0.000898768724042822,0.00652816481788706,0.0807970594631207,1.57573501929006,1.2552828443383,0.155066153701445,0.393784400022963,1,0.009208
506,0.000117735643675632,0.00247988820658648,3.24855473014413e-05,5.58266304852251e-05,0.000928478600607548,-4.26498204965098e-05,-4.26498204965098e-05,0.000939137618832405,0.00651526333378389,0.0807171811560828,1.57262092020446,1.25404183351452,0.154759759556841,0.393395169717221,1,0.0094069
507,0.000118365926316644,0.00243924219929208,3.12566463947772e-05,8.36514446308493e-05,0.00100493266133381,-4.18903881569399e-05,-4.18903881569399e-05,0.00101670405350354,0.00650241274340264,0.0806375392940698,1.56951910583264,1.25280449625336,0.154454579006613,0.393007097908693,1,0.0096309
508,0.000118970901648032,0.00237174298793583,2.99906352578172e-05,0.000106147255320014,0.00110421638715145,-4.06443760908592e-05,-4.06443760908592e-05,0.00111683844234311,0.00648961274617956,0.0805581327128401,1.56642950374897,1.25157081451629,0.15415060554044,0.392620179741745,1,0.0105286
509,0.000119549467953002,0.00228627959239768,2.86715966320397e-05,0.000117674631795296,0.00125419273190343,-3.9065400973759e-05,-3.9065400973759e-05,0.001266314779736,0.00647686304391216,0.0804789602561574,1.56335204225546,1.25034077045238,0.153847833233172,0.39223441107732,1,0.0101695
510,0.000120100449148346,0.00219734463299566,2.72960843220008e-05,0.000119216635291055,0.00134885735704927,-3.74067788598831e-05,-3.74067788598831e-05,0.00136024584591464,0.0064641633407361,0.0804000207757193,1.56028664972215,1.24911434613575,0.15354625501773,0.391849786292821,1,0.01011
511,0.00012062250485366,0.0021122800505665,2.58747836575307e-05,0.000116701159663109,0.00142925388589978,-3.57974831155516e-05,-3.57974831155516e-05,0.00143977923443249,0.00645151334310215,0.0803213131310871,1.55723325524708,1.24789152383013,0.153245864143012,0.391466300137076,1,0.011553
512,0.000121114185241626,0.00203686359367969,2.43983610307886e-05,0.000103357164045625,0.00161404356828087,-3.4341215248257e-05,-3.4341215248257e-05,0.00162245094543981,0.0064389127597536,0.0802428361896163,1.55419178918673,1.24667228620305,0.152946655663807,0.391083949637169,1,0.009523
513,0.00012157402113308,0.00198568655491189,2.28863275216057e-05,8.66060486379227e-05,0.00159943664092676,-3.33031416785978e-05,-3.33031416785978e-05,0.00160692354957862,0.00642636130170387,0.0801645888263881,1.55116218059612,1.24545661530064,0.152648620488759,0.39070272649261,1,0.0097386
514,0.00012200036555863,0.00195062811203736,2.13748626513156e-05,7.77079882305519e-05,0.00164437411596174,-3.25444771793748e-05,-3.25444771793748e-05,0.00165121312757941,0.00641385868221435,0.0800865699241411,1.54814436064653,1.24424449391851,0.15235175244056,0.390322626093544,1,0.0091338
515,0.000122391594572123,0.00192613990483428,1.98785404044534e-05,7.27993816368407e-05,0.00167731529521334,-3.19716097855194e-05,-3.19716097855194e-05,0.00168380264386599,0.00640140461677258,0.0800087783732046,1.5451382605971,1.24303590479,0.152056044490964,0.389943642711308,1,0.0083057
516,0.000122746142381942,0.00190548227722966,1.84371440334769e-05,7.56467022771457e-05,0.00168700785185676,-3.14674521750824e-05,-3.14674521750824e-05,0.00169358509782399,0.00638899882307072,0.0799312130714324,1.54214381216228,1.24183083073432,0.151761489212629,0.389565770073077,1,0.0081571
517,0.000123062538026678,0.00187971088996852,1.7090293831695e-05,8.36068416428264e-05,0.00174540138516115,-3.08718318515755e-05,-3.08718318515755e-05,0.00175212124991372,0.0063766410209843,0.0798538729241375,1.53916094805738,1.24062925487729,0.151468080242767,0.389189003239771,1,0.0087657
518,0.000123339492033293,0.00184885602993947,1.58627551526662e-05,8.43162939005599e-05,0.00189601017219774,-3.01864534335561e-05,-3.01864534335561e-05,0.00190222746588243,0.00636433093255118,0.0797767568440281,1.53618960186127,1.23943116059798,0.15117581233998,0.388813338685777,1,0.0083863
519,0.00012357591471386,0.00182474114675524,1.48076406728915e-05,7.5432719674134e-05,0.00200671224629256,-2.96314889602911e-05,-2.96314889602911e-05,0.00201223474926384,0.0063520682819509,0.0796998637511439,1.53322970676922,1.23823653102677,0.15088467828772,0.388438770320008,1,0.0087681
520,0.000123770834347217,0.0018165015644623,1.39923440902932e-05,5.58600281567921e-05,0.00215861468024345,-2.93809147153823e-05,-2.93809147153823e-05,0.00216315922322298,0.00633985279548411,0.0796231925727932,1.53028119710093,1.23704534965414,0.150594672069675,0.388065293564981,1,0.008458
521,0.000123923409582717,0.00183680687194098,1.34915854763085e-05,2.68199704677607e-05,0.00227095149805495,-2.96761035880611e-05,-2.96761035880611e-05,0.00227475422585082,0.0063276842015523,0.0795467422434904,1.52734400703837,1.23585759982223,0.150305786222038,0.387692901949517,1,0.0089368
522,0.000124032887716973,0.0018958297494028,1.336136092394e-05,1.98698570369111e-05,0.00243529663106619,-3.07089096492907e-05,-3.07089096492907e-05,0.00243879519899221,0.00631556223063775,0.0794705117048944,1.52441807205883,1.23467326530497,0.150018014727882,0.387321590836197,1,0.0087893
523,0.000124098624308151,0.00200984611067785,1.36325067868191e-05,7.4614826918449e-05,0.00256729479163242,-3.27754117370738e-05,-3.27754117370738e-05,0.00257165058468941,0.0063034866152837,0.0793944999057472,1.52150332739598,1.23349232968672,0.149731350037567,0.386951353580223,1,0.0088574
524,0.000124120035359102,0.00219321092782305,1.43067967129653e-05,0.000142898812949623,0.00269997735509552,-3.61203241713293e-05,-3.61203241713293e-05,0.00270691217427281,0.00629145709007473,0.079318705801814,1.51859970907533,1.23231477678202,0.149445784845519,0.386582183818033,1,0.0089938
525,0.000124096595966229,0.00246151566738246,1.53432434671636e-05,0.000225225313807657,0.0028413600606299,-4.09968113112003e-05,-4.09968113112002e-05,0.00285333743384969,0.00627947339161738,0.0792431283558226,1.51570715370858,1.23114059055357,0.149161311823067,0.386214075122939,1,0.0096253
526,0.0001240278372609,0.00283439831429299,1.66756124911732e-05,0.000328044068425552,0.00303638705775202,-4.77236614117582e-05,-4.77236614117582e-05,0.0030570193809351,0.00626753525852097,0.0791677665374044,1.51282559893987,1.22996975529477,0.148877924479343,0.385847022120611,1,0.010028
527,0.00012391334399793,0.00333999622925129,1.8243787976214e-05,0.000456026154564034,0.0032283014605471,-5.67704412464121e-05,-5.67704412464121e-05,0.00326327683607333,0.00625564243137864,0.0790926193230357,1.50995498233653,1.22880225518044,0.148595615282606,0.385481018057447,1,0.0102839
528,0.00012375271166039,0.00400751540601008,2.00061458893295e-05,0.000607522481291714,0.00339022858566175,-6.86273423283201e-05,-6.86273423283201e-05,0.00344722215970193,0.00624379465274863,0.0790176856959797,1.50709524161873,1.22763807436016,0.1483143758701,0.385116055066651,1,0.009867
529,0.000123545510941303,0.00486101886013458,2.19346576232727e-05,0.000773821247586198,0.00345502194319573,-8.37001433738327e-05,-8.37001433738327e-05,0.00354385644916765,0.00623199166713567,0.0789429646462284,1.50424631405219,1.22647719671105,0.148034196033722,0.384752122844985,1,0.009664
530,0.000123291253213142,0.00591176212620794,2.40019781997095e-05,0.000947286159045427,0.00349272446463661,-0.000102177913055335,-0.000102177913055335,0.00362255408991848,0.00622023322097265,0.078868455170446,1.50140813821982,1.22531960655978,0.147755066292109,0.384389211987159,1,0.0100622
531,0.000122989409083611,0.00716868729476712,2.61741450865909e-05,0.00113329510715831,0.00358270886975904,-0.00012421676121771,-0.00012421676121771,0.00376186475551643,0.00620851906260245,0.0787941562719117,1.4985806542526,1.2241652887795,0.147476978670974,0.384027315006334,1,0.0098069
532,0.000122639426536321,0.00864902762866324,2.84279303253456e-05,0.00133448148459429,0.00362177205116013,-0.000150121280272086,-0.000150121280272086,0.00386480391641695,0.00619684894226001,0.0787200669604645,1.49576380140008,1.22301422779953,0.147199923567611,0.383666422257163,1,0.0091938
533,0.000122240690366675,0.0103656528462656,3.07524715644157e-05,0.00154342946958589,0.0035867424766489,-0.00018011975534199,-0.00018011975534199,0.00391094806622918,0.00618522261205462,0.0786461862524473,1.49295751902506,1.22186640801074,0.14692389099912,0.383306523554087,1,0.0089323
534,0.000121792507991274,0.012323851679902,3.31358259009852e-05,0.00175804564620675,0.00354614273824311,-0.00021430757939972,-0.00021430757939972,0.00396586039712871,0.0061736398259523,0.0785725131706521,1.49016174788091,1.22072181428895,0.146648872523179,0.382947610676943,1,0.0073262
535,0.000121294116862066,0.0145269797687153,3.55721163135214e-05,0.00197018472299403,0.00338804498063211,-0.000252745995301673,-0.000252745995301673,0.00392947052956399,0.00616210033975849,0.0784990467442662,1.48737642768064,1.21958043100102,0.146374858768828,0.38258967415343,1,0.0073774
536,0.000120744660243773,0.0169698204764459,3.80492995458678e-05,0.00218517016294835,0.00330787209160482,-0.000295345888531029,-0.000295345888531029,0.00397752882834353,0.00615060391110087,0.0784257860088177,1.48460150117515,1.21844224367639,0.146101844322224,0.382232709644562,1,0.0071767
537,0.000120143241175631,0.0196623606939358,4.05531005202116e-05,0.00241469040929346,0.00323147446044073,-0.000342283597045467,-0.000342283597045467,0.00405055595880362,0.00613915029941241,0.078352730006123,1.48183691068321,1.21730723758762,0.145829824384,0.381876713592228,1,0.0070786
538,0.000119488907240959,0.0226225276202814,4.30753767397153e-05,0.00266267506600983,0.00312891524004164,-0.000393873748409712,-0.000393873748409712,0.00412940418192303,0.00612773926591462,0.078279877784234,1.47908259867818,1.21617539799084,0.145558795474531,0.38152168414722,1,0.0071871
539,0.00011878065103801,0.0258708500518475,4.56106522170655e-05,0.00293021226861716,0.00298358669139318,-0.000450476021085777,-0.000450476021085777,0.00420808785159352,0.00611637057360094,0.0782072283973863,1.47633850797192,1.21504671020168,0.145288755828043,0.38116762169424,1,0.008183
540,0.00011801742916193,0.0294283020485189,4.81528735720847e-05,0.00321767967515764,0.00279299725179861,-0.000512457819045187,-0.000512457819045187,0.00429352410526911,0.00610504398722041,0.0781347809059474,1.47360458190966,1.21392115967622,0.145019705667174,0.380814529222789,1,0.0084265
541,0.000117198194677742,0.0333136142495229,5.07016848724685e-05,0.00351816740951399,0.00248595346655485,-0.000580147737087422,-0.000580147737087422,0.00434877409201445,0.00609375927326143,0.0780625343763667,1.47088076366553,1.2127987317216,0.144751647250912,0.380462412402213,1,0.0094775
542,0.0001163219165193,0.0375333209234415,5.32579397849708e-05,0.00381931439997408,0.00205014155061966,-0.000653661442427123,-0.000653661442427123,0.00438585680393872,0.00608251619993584,0.0779904878811246,1.46816699700884,1.2116794118119,0.144484585589645,0.380111280534589,1,0.010173
543,0.000115387643568935,0.0420786263844669,5.58216200635224e-05,0.0041060279887588,0.00145928183500834,-0.000732847530050179,-0.000732847530050179,0.00442094543880232,0.00607131453716304,0.0779186404986833,1.46546322637854,1.21056318562004,0.144218528886422,0.379761147152289,1,0.0085481
544,0.000114394556628275,0.0469246780688993,5.83962008648953e-05,0.0043705901139306,0.000814017667497792,-0.000817274242013194,-0.000817274242013194,0.00452238032184099,0.0060601540565545,0.077846991313438,1.46276939774903,1.209450039377,0.143953487480596,0.379412028645107,1,0.0079401
545,0.000113342005098178,0.052043427090764,6.09790770879349e-05,0.0046101542875456,8.40682338413297e-05,-0.00090645217307822,-0.00090645217307822,0.00470129947332549,0.00604903453139827,0.0777755394156689,1.46008545775723,1.20833995951356,0.143689473703345,0.379063944082453,1,0.0075808
546,0.000112229569559401,0.0574002768309433,6.355842402403e-05,0.00481642182405521,0.000763580190277662,-0.000999777815443192,-0.000999777815443192,0.0049800863460996,0.00603795573664383,0.0777042839014931,1.45741135399075,1.20723293278089,0.143426501529227,0.37871691476514,1,0.0097415
547,0.000111057100677447,0.0629394889324784,6.61171514374533e-05,0.004948414750658,0.00202065506238001,-0.00109628063664821,-0.00109628063664821,0.00545832077786857,0.00602691744888704,0.0776332238728178,1.45474703669509,1.20612894696011,0.143164594010663,0.378370974059405,1,0.0204879
548,0.000109824800354139,0.068538395572499,6.86344042678808e-05,0.00490785145446576,0.00512038646623427,-0.00119382674569857,-0.00119382674569857,0.00719396132284133,0.00601591944635529,0.0775623584372941,1.45209248325784,1.20502800102647,0.142903824013054,0.378026221330021,1,0.0090211
549,0.00010853342426075,0.0738970253332647,7.10870551627466e-05,0.00464700727598873,0.0052941778938504,-0.00128719833188725,-0.00128719833188725,0.00716263044163459,0.0060049615088929,0.0774916867082715,1.44944759950559,1.20393006420871,0.14264414351441,0.377682596255652,1,0.008575
550,0.000107184478451208,0.0789766098312236,7.34602547509996e-05,0.00445195895094994,0.00582697156670328,-0.00137571864741999,-0.00137571864741999,0.00746260093980335,0.00599404341794676,0.0774212078047531,1.44681234148906,1.20283512647788,0.142385559325049,0.37734011094111,1,0.0077675
551,0.000105780288824815,0.0838140176492883,7.57184978827086e-05,0.00425815356989588,0.00670960373829521,-0.00146002524529128,-0.00146002524529128,0.00808130250509338,0.00598316495655206,0.0773509208513516,1.44418666629117,1.20174317817542,0.142128079350533,0.376998778977509,1,0.0087181
552,0.000104323866689553,0.0883687069257154,7.78298073352063e-05,0.00397806368960424,0.00821928006834046,-0.00153940948212202,-0.00153940948212202,0.00926160151267781,0.00597232590931822,0.0772808249782455,1.4415705414922,1.20065421395679,0.141871728056173,0.376658635977158,1,0.0078116
553,0.000102818821011649,0.0925124418739419,7.97637214717757e-05,0.00358947509833436,0.00951208737268444,-0.00161163775556732,-0.00161163775556732,0.0102950549112524,0.00596152606241477,0.0772109193211347,1.43896391481347,1.19956822015818,0.141616494305992,0.376319670368148,1,0.0091358
554,0.000101269375635455,0.0961157117908296,8.14901812155868e-05,0.00305124163149267,0.0113212239340157,-0.0016744550838366,-0.0016744550838366,0.0118453032378289,0.00595076520355749,0.0771412030211967,1.43636676029433,1.19848519402383,0.141362399787289,0.375981914175788,1,0.0095212
555,9.96804154301921e-05,0.0989759066875392,8.29776716985718e-05,0.0023262335094897,0.0130627894353085,-0.0017243340488716,-0.0017243340488716,0.0133809100583334,0.00594004312199466,0.077071675225044,1.43377903468795,1.19740512554772,0.141109441703434,0.375645366939929,1,0.0095312
556,9.80575769579722e-05,0.100889869082789,8.41916551853796e-05,0.00143967214376436,0.0144968991554408,-0.00175773732768361,-0.00175773732768361,0.0146748108630704,0.00592935960849339,0.0770023350846803,1.43120068273721,1.19632799964609,0.140857597070147,0.37531000129246,1,0.0102202
557,9.64073136415323e-05,0.101686821041141,8.50969803945955e-05,0.000411522600233682,0.0159402590136557,-0.00177169071247477,-0.00177169071247477,0.0160445489839836,0.0059187144553262,0.0769331817574589,1.42863166432575,1.19525380749268,0.140606855204893,0.374975806159402,1,0.0089181
558,9.47368964882188e-05,0.101211215894633,8.5658292282224e-05,0.000742400707317045,0.0164234526112031,-0.00176348436866219,-0.00176348436866219,0.0165353463671731,0.00590810745625766,0.0768642144060398,1.42607188252172,1.19418251641938,0.14035713615082,0.374642677962375,1,0.0083264
559,9.30543620475304e-05,0.0994310969861012,8.58449485390383e-05,0.001861247946316,0.0165996846080447,-0.00173255965269614,-0.00173255965269614,0.0167940886834492,0.00589753840653111,0.0767954321983483,1.42352127457698,1.19311410794483,0.140108381713937,0.374310541815132,1,0.0110651
560,9.13683164502714e-05,0.0963247903517171,8.56403444921646e-05,0.00309311723440783,0.0180020776529231,-0.00167853620572778,-0.00167853620572778,0.0183435067156033,0.00588700710285546,0.0767268343075319,1.42097987316567,1.1920486035249,0.139860646108108,0.37397947284324,1,0.0125481
561,8.96877226452624e-05,0.0916940460212395,8.50341000036154e-05,0.00452666554439697,0.0193401322613772,-0.00159795796634887,-0.00159795796634887,0.0199275651618574,0.00587651334339206,0.0766584199119187,1.41844764007242,1.19098599491028,0.139613926491529,0.373649470080621,1,0.0183679
562,8.80218659260005e-05,0.0853195475742591,8.40183261838503e-05,0.00618903950643162,0.0226588687730772,-0.00148700108415856,-0.00148700108415856,0.0235363716561655,0.00586605692774163,0.0765901881949746,1.41592469758259,1.18992634124243,0.139368367236558,0.373320729717166,1,0.0159142
563,8.63803382768524e-05,0.076811372027174,8.25912086499625e-05,0.00817722633408943,0.0222014289449937,-0.00133886863472527,-0.00133886863472527,0.0236977213960974,0.00585563765693136,0.0765221383452617,1.41341073112507,1.18886951812429,0.139123757058441,0.372992971861992,1,0.0080594
564,8.47732133408599e-05,0.0661525047278102,8.07292251748766e-05,0.00978873845809145,0.0168471791548828,-0.00115325455268372,-0.00115325455268372,0.0195190574180001,0.00584525533340223,0.0764542695563971,1.41090535925003,1.18781537254324,0.138879695541663,0.37266566187625,1,0.0078401
565,8.32108107120711e-05,0.0540577322073156,7.8463196218623e-05,0.0107571714461271,0.013397976301612,-0.000942593228720867,-0.000942593228720867,0.0172083047316402,0.00583490976099627,0.076386581027012,1.40840870573942,1.18676396378531,0.138636208526073,0.372338835640433,1,0.0080673
566,8.1702654607082e-05,0.0410862042026278,7.59094889894916e-05,0.0113873228084335,0.0113765822714365,-0.000716596613643705,-0.000716596613643705,0.0161128644227397,0.00582460074494385,0.0763190719607088,1.40592080983599,1.1857153156791,0.138393340553063,0.372012554294963,1,0.0082889
567,8.02567807759758e-05,0.0275266923913614,7.32171603992083e-05,0.0118384619524712,0.00988311267805435,-0.000480226473824619,-0.000480226473824619,0.0154294430830999,0.00581432809185074,0.0762517415660176,1.40344165156064,1.1846694271233,0.138151107006148,0.37168683996901,1,0.0082
568,7.8879541872659e-05,0.0135720403104989,7.05519211478506e-05,0.0121524774885731,0.00838163822917231,-0.000236513847952091,-0.000236513847952091,0.01476488668037,0.00580409160968548,0.0761845890563536,1.40097118738867,1.183626287047,0.137909503616374,0.371361688406834,1,0.0088044
569,7.7575627897163e-05,0.00157967642309085,6.80935167895202e-05,0.0123447499247829,0.0069726038773558,1.18758749351189e-05,1.18758749351189e-05,0.0141782040603351,0.00579389110776684,0.0761176136499748,1.39850937690375,1.18258588563527,0.13766853805683,0.371037111427995,1,0.0082898
570,7.63481469165702e-05,0.0152015016725598,6.60262959294251e-05,0.0123974277364398,0.00526627304451391,0.000262468112565029,0.000262468112565029,0.0134725805800637,0.00578372639675152,0.0760508145699408,1.39605617012046,1.1815482089701,0.137428202360319,0.370713099795946,1,0.0090212
571,7.51987381790801e-05,0.029504247793477,6.45296048753222e-05,0.0123052170482576,0.00369204123273455,0.000512253568953347,0.000512253568953347,0.0128578584393863,0.0057735972886221,0.0759841910440724,1.39361152765882,1.18051324755753,0.137188511243532,0.370389674860857,1,0.0086601
572,7.4127662447295e-05,0.0436174315127468,6.37557391010394e-05,0.0120653544215593,0.00198294710148922,0.000758417561483538,0.000758417561483538,0.0122512833972451,0.00576350359667505,0.0759177423049122,1.39117540627121,1.17948099021188,0.136949469933703,0.370066845223539,1,0.0083143
573,7.31339333625391e-05,0.0573476308122769,6.38056534116705e-05,0.0116654150011272,0.000275320057029077,0.000997849891651414,0.000997849891651414,0.0117119143946115,0.00575344513550908,0.0758514675896853,1.38874776536836,1.17845142681757,0.136711089769005,0.369744627775719,1,0.0093044
574,7.22154316583474e-05,0.0705153153184276,6.47154431405932e-05,0.0111259338592158,0.00118752723895334,0.001227475591003,0.001227475591003,0.011257029401725,0.00574342172101354,0.0757853661402618,1.38632856494212,1.17742454745182,0.136473393142689,0.369423054427697,1,0.0076513
575,7.13690412102293e-05,0.0829707534393182,6.64428045025915e-05,0.010452894960347,0.00270730710875605,0.00144470147304632,0.00144470147304632,0.0108949099945334,0.00573343317035706,0.0757194372031189,1.38391776517538,1.17640034222002,0.136236393579262,0.369102145183772,1,0.0084328
576,7.05908531794411e-05,0.0945628380296653,6.88835492388882e-05,0.00966056700898627,0.00396728882990595,0.00164689945829533,0.00164689945829533,0.010573532629984,0.00572347930197635,0.0756536800293043,1.38151532426291,1.17537880032903,0.13600011231751,0.36878193057349,1,0.0079022
577,6.98763419688012e-05,0.105172632929305,7.18921388990665e-05,0.00877452380905723,0.00507052174117488,0.00183199725961203,0.00183199725961203,0.0102996101570453,0.00571355993556513,0.0755880938744002,1.37912120079273,1.17435991109742,0.135764567048314,0.368462436414235,1,0.0084482
578,6.92205613367698e-05,0.114704462356895,7.53046292530437e-05,0.00781432430682893,0.0059935723479976,0.00199832588639615,0.00199832588639615,0.0100501205046863,0.00570367489206327,0.0755226779984878,1.37673535270299,1.17334366351167,0.135529774072574,0.36814368672106,1,0.0078939
579,6.86182992356152e-05,0.123086447360645,7.895796066075e-05,0.0068007496719944,0.00673980863156502,0.00214462976617003,0.00214462976617003,0.00981331730617606,0.00569382399364601,0.0754574316661123,1.37435773776084,1.17233004642926,0.135295747505267,0.367825702616426,1,0.0083508
580,6.80641899939085e-05,0.13026915125289,8.27042225009839e-05,0.00575120525697367,0.00733834912478674,0.00227004379676132,0.00227004379676132,0.00959732128725194,0.0056840070637134,0.0753923541462488,1.37198831426224,1.17131904887705,0.135062498913668,0.367508501825016,1,0.0082347
581,6.75527704483684e-05,0.136222123448669,8.6416679673439e-05,0.00468360242996088,0.00776740580339437,0.00237403316498974,0.00237403316498974,0.00937727993228494,0.00567422392687978,0.0753274447122679,1.36962703994058,1.17031065958598,0.134830037745113,0.367192099241138,1,0.0076694
582,6.70785083609034e-05,0.140937625292049,8.9990795041067e-05,0.00362053747888665,0.00800319706086613,0.00245645861436172,0.00245645861436172,0.00912265283178684,0.00566447440896336,0.075262702641902,1.36727387186989,1.16930486694869,0.134598371037487,0.366876506521591,1,0.0074695
583,6.66358020604032e-05,0.144432915683426,9.33462622530785e-05,0.00258146937884424,0.00809998411223969,0.00251761648530158,0.00251761648530158,0.0088680022636302,0.005654758336976,0.075198127217212,1.36492876855873,1.16830165991439,0.134367503288827,0.366561731893588,1,0.0082542
584,6.62189680529105e-05,0.146739426638862,9.64267015771672e-05,0.00157329468456474,0.00816496743203868,0.00255805008862686,0.00255805008862686,0.00870142485999264,0.00564507553911294,0.0751337177245539,1.36259169141187,1.16730102861767,0.134137437409535,0.366247781439745,1,0.0094686
585,6.58222547065561e-05,0.147887145181749,9.91959200158432e-05,0.000615140151497198,0.00822171193170156,0.00257827759457974,0.00257827759457974,0.00864009751006435,0.00563542584474278,0.075069473454546,1.36026260245439,1.16630296340805,0.13390817548949,0.365934660136875,1,0.0084999
586,6.54398950466503e-05,0.147909154528648,0.000101632212105833,0.000471436279456994,0.00798489627087826,0.00257887144181113,0.00257887144181113,0.00840592549004496,0.00562580908439745,0.0750053937020362,1.3579414557942,1.16530745118797,0.133679715935384,0.36562236793635,1,0.0089877
587,6.50661637168877e-05,0.14687335610833,0.000103729277931395,0.00130659625084639,0.00772358141987466,0.00256101154278543,0.00256101154278543,0.00824299932534937,0.00561622508976237,0.0749414777660701,1.35562821301949,1.16431448201055,0.133452057183397,0.365310904824092,1,0.00833
588,6.46954487259613e-05,0.144855327970192,0.000105495157534684,0.00211023681853322,0.00730010540458567,0.00252601212524795,0.00252601212524795,0.00800947941594421,0.00560667369366669,0.0748777249498587,1.35332283196292,1.16332404426407,0.133225194790286,0.365000266835911,1,0.0087203
589,6.43223167865178e-05,0.141946924491017,0.000106950392681088,0.00284190494836825,0.0069032979246196,0.00247547167268514,0.00247547167268514,0.00786671701508651,0.00559715473007364,0.0748141345607475,1.35102527517731,1.16233612831113,0.132999125253228,0.364690451277832,1,0.0089282
590,6.39416176711193e-05,0.138234658724686,0.000108126009142511,0.00350233709201844,0.00649088722092465,0.00241089613164824,0.00241089613164824,0.00776109795677339,0.00558766803407102,0.0747507059101854,1.34873550392216,1.16135072390823,0.132773844099558,0.364381454110329,1,0.0087408
591,6.35486037840891e-05,0.133804536834628,0.000109058401119381,0.00408566539891326,0.00600582289116827,0.00233378323952071,0.00233378323952071,0.00763100697298241,0.00557821344186181,0.0746874383136937,1.3464534780818,1.16036782016816,0.132549345211427,0.364073269015217,1,0.0086428
592,6.31390619069274e-05,0.128750207821059,0.000109787516687382,0.00458650487344736,0.00549268141624169,0.00224576464114534,0.00224576464114534,0.00750140932981339,0.00556879079075485,0.0746243310908369,1.34417915847548,1.15938740655377,0.132325622303014,0.36376588941655,1,0.0084276
593,6.27094546950538e-05,0.123168119245267,0.00011035484174024,0.00500321046173709,0.00495857669248937,0.00214852142449384,0.00214852142449384,0.00736592642677734,0.00555939991915573,0.0745613835651923,1.34191250602759,1.15840947252152,0.13210266865541,0.363459308114967,1,0.0086673
594,6.22570571065172e-05,0.117153656112052,0.000110801407299222,0.00534182110720355,0.00447983337355412,0.00204371676555448,0.00204371676555448,0.0072664283125601,0.00555004066655772,0.0744985950643213,1.33965348295512,1.15743400803463,0.131880478742063,0.363153519523167,1,0.0085519
595,6.17800918777005e-05,0.110792809324833,0.0001111641589974,0.00560714490807112,0.00399421553588132,0.00193285061572679,0.00193285061572679,0.007151866822002,0.00554071287353289,0.0744359649197408,1.33740205046141,1.15646100256836,0.131659045959702,0.362848516546096,1,0.0084
596,6.12778353023631e-05,0.104169758868097,0.000111473343525838,0.00579985184465886,0.00350987088432107,0.00181739184755214,0.00181739184755214,0.00701991190177328,0.00553141638172322,0.0743734924668946,1.33515816997265,1.15549044564317,0.131438363648861,0.362544291982181,1,0.0090706
597,6.07507112947105e-05,0.0973637278491972,0.00011175291459972,0.0059320530138743,0.00313737208699604,0.00169872332884902,0.00169872332884902,0.00692359850932347,0.00552215103383198,0.0743111770451254,1.33292180442197,1.15452232738132,0.131218427564782,0.362240841933626,1,0.0086857
598,6.02003710361547e-05,0.0904388518226289,0.000112016973032872,0.00600690685763417,0.0027080716030773,0.00157796517552722,0.00157796517552722,0.00677674525131398,0.00551291667361501,0.0742490179976477,1.33069291499029,1.15355663709689,0.130999230480462,0.361938158364743,1,0.0088895
599,5.9629699766868e-05,0.0834628570147182,0.000112270403984761,0.00602524902805616,0.00232770445502005,0.00145630033781963,0.00145630033781963,0.00662268630883412,0.00550371314587225,0.0741870146715195,1.32847146414719,1.15259336461182,0.13078076703641,0.361636235790069,1,0.008897
600,5.90428263485686e-05,0.0764965209676864,0.000112510870669659,0.00599328445286975,0.00197017831265719,0.00133479074318643,0.00133479074318643,0.00644978612213399,0.00549454029643922,0.0741251664176157,1.32625741437318,1.15163249970343,0.130563031655091,0.36133506839925,1,0.0090833
601,5.84450806397853e-05,0.0695947366080444,0.000112729401323365,0.00591695004807967,0.00165724041330588,0.00121439575563498,0.00121439575563498,0.00626484315452069,0.00548539797217863,0.0740634725906005,1.32405072857266,1.15067403228397,0.130346019409596,0.361034651258846,1,0.0104591
602,5.78429286771988e-05,0.0628014172333201,0.000112913391824506,0.00581357764279408,0.00150400360212111,0.0010958832430219,0.0010958832430219,0.00610550765057061,0.00547628602097203,0.0740019325489006,1.32185137068005,1.14971795266494,0.130129728274829,0.360734983436357,1,0.0086809
603,5.72438801927365e-05,0.0561438962878556,0.000113043122811704,0.00567370020535857,0.00110928310537123,0.000979731816834084,0.000979731816834084,0.00586494965919303,0.00546720429171148,0.0739405456546778,1.31965930273139,1.14876425028436,0.129914148512694,0.360436053291973,1,0.008688
604,5.66562502803474e-05,0.0496772792851864,0.000113097659209532,0.00548579394686552,0.000795607041508599,0.0008669042495002,0.0008669042495002,0.00561201135449634,0.00545815263429132,0.0738793112738019,1.31747448847963,1.14781291527828,0.129699275720872,0.360137856550616,1,0.0094942
605,5.60890544346388e-05,0.0434463954853073,0.000113063018914883,0.00527069563749478,0.000634129926859701,0.00075818392182625,0.00075818392182625,0.00536407261992347,0.0054491308995999,0.073818228775824,1.31529689225615,1.14686393798748,0.129485107702965,0.359840391983675,1,0.0088448
606,5.55518427312072e-05,0.0374747428080518,0.000112926336696945,0.00503421451434085,0.000422476096197697,0.000653981930436753,0.000653981930436753,0.0050956286756748,0.00544013893951146,0.0737572975339489,1.31312647818549,1.14591730861589,0.129271638991093,0.359543653804504,1,0.009118
607,5.50544346743702e-05,0.0317884052242492,0.00011267789215249,0.00477802048154104,0.000276640799900976,0.000554754131476098,0.000554754131476098,0.00481970475024721,0.00543117660687798,0.0736965169250079,1.31096321088955,1.14497301753777,0.129058866208245,0.359247639112973,1,0.0093376
608,5.4606720135818e-05,0.0264045617800413,0.000112313565541823,0.0045108560522657,0.00017563065604699,0.00046080061743714,0.00046080061743714,0.00453945417605296,0.0054222437555211,0.0736358863294325,1.30880705529046,1.14403105521243,0.128846786012204,0.358952345043467,1,0.0085587
609,5.42184149103023e-05,0.0213349119814971,0.000111832841958907,0.00423032883765665,2.70592594308298e-05,0.000372325220581615,0.000372325220581615,0.00424858985901609,0.00541334024022408,0.0735754051312263,1.30665797646489,1.14309141212105,0.128635393418143,0.358657766426636,1,0.0091658
610,5.38987929725659e-05,0.0165951479457787,0.000111241528195703,0.00394173182698041,3.68249936547876e-05,0.00028960021141522,0.00028960021141522,0.00395446291505727,0.00540446591672385,0.0735150727179389,1.30451593984409,1.14215407885455,0.128424686145356,0.358363901844697,1,0.0085396
611,5.36564933266958e-05,0.0121896608829277,0.000110550492707444,0.00364874279334386,0.000120014641332727,0.000212698058398075,0.000212698058398075,0.00365897394893114,0.00539562064170305,0.0734548884806386,1.30238091111782,1.14121904607214,0.128214659997685,0.358070747196256,1,0.0090957
612,5.34992691463968e-05,0.00812404582276575,0.000109775011327621,0.00335594027357661,0.000126855989453038,0.000141704172146984,0.000141704172146984,0.00336354650231067,0.00538680427278225,0.0733948518138858,1.30025285621966,1.14028630449535,0.128023010742713,0.357803033445376,1,0.0090151
613,5.34323612752723e-05,0.00448957234163677,0.00010875447114032,0.00631064887812309,0.0277912758199472,7.55795441456097e-05,7.55795441456097e-05,0.0284991249596092,0.00537801666851183,0.0733349621157046,1.29813305090792,1.13935641961061,0.127856632019333,0.357570457419699,1,0.0091069
614,5.3344750492767e-05,0.0241380939007933,0.000110884934045726,0.0408388792370485,0.0769454334796934,-3.86411059882796e-06,-3.86411059882796e-06,0.0871126076779289,0.00536925768834433,0.0732752187874204,1.29603118699181,1.13843365506814,0.127699785851784,0.357351068071419,1,0.0098486
615,5.23226307027998e-05,0.107373429505624,0.000292752186528354,0.109323129759966,0.11880685637781,-0.000127525842087861,-0.000127525842087861,0.161462739401017,0.00536052719248955,0.0732156212326956,1.29396620980355,1.13752635565228,0.12754111977581,0.357128995988579,1,0.0090812
616,4.8550456896762e-05,0.283402012797976,0.000984409628635288,0.200537132931668,0.144623718782953,-0.000329388379543438,-0.000329388379543438,0.247298602917018,0.00535182504178283,0.073156168856651,1.29196489550031,1.1366463370373,0.127376192642733,0.356898014344061,1,0.0110622
617,5.07328481248852e-05,0.570645196433795,0.00248691586801935,0.301534741868444,0.155893297819231,-0.000651834455411837,-0.000651834455411837,0.339604626827843,0.00534315109937122,0.0730968610774171,1.29005787184887,1.13580714553522,0.127204319184516,0.356657145147151,1,0.0089404
618,0.000103310980917682,0.973755003711003,0.00515861520222262,0.400854760044575,0.15520759166302,-0.00114271852939352,-0.00114271852939352,0.430220170399183,0.00533450524107638,0.0730376973971413,1.28826989696727,1.13501977822735,0.127027314796738,0.356408915147669,1,0.0101023
619,0.000237416267512593,1.48554194226603,0.00936064233747608,0.490242368208682,0.149008246006895,-0.00185325493836519,-0.00185325493836519,0.513128595283863,0.0053258873915213,0.072978677649854,1.28661405053485,1.13429010862955,0.126847336738254,0.356156337495564,1,0.007772
620,0.000477553828965796,2.09145256600363,0.0154217544402002,0.564068438198294,0.139510104896131,-0.00283169552360762,-0.00283169552360762,0.58241461215773,0.00531729761840217,0.0729198026492267,1.28508597429278,1.13361632587608,0.126667232264772,0.355903402996898,1,0.0073485
621,0.000860821162571914,2.77110941012204,0.0236296581061721,0.618677165778509,0.131671061036977,-0.00412201432085491,-0.00412201432085491,0.634820429034634,0.00530873633562386,0.0728610755865151,1.28366554112503,1.13298964740417,0.126489527509075,0.355653662302352,1,0.0073444
622,0.00143161075046805,3.50158604571705,0.0342146371294861,0.653000322782182,0.128034745465,-0.00576158836337037,-0.00576158836337037,0.669111317063094,0.00530020468477775,0.0728025046600579,1.28232156108242,1.13239637984339,0.12631647090049,0.355410285304871,1,0.0075497
623,0.00223880730555644,4.25932398813748,0.0473336895543495,0.6670581071296,0.129604750662992,-0.00778095252421496,-0.00778095252421496,0.685226766006948,0.00529170517847498,0.072744107517207,1.28101692891512,1.13182018400235,0.126149799676154,0.355175730697008,1,0.006933
624,0.00333387003833933,5.02094226001145,0.0630610744531056,0.661312954847246,0.136151188615229,-0.0102045927719316,-0.0102045927719316,0.683768343136829,0.0052832426937169,0.0726859181252937,1.27971327862371,1.13124412865823,0.125990289439751,0.354951108520246,1,0.0070199
625,0.00476901158839788,5.76372340526153,0.0813832573079889,0.637172752431539,0.146308139647064,-0.0130518152280794,-0.0130518152280794,0.666453832974261,0.0052748258949614,0.0726279966332639,1.27837639451629,1.13065308318524,0.125837919226023,0.354736408092013,1,0.0076397
626,0.00659538500352535,6.46680109906228,0.102196744003563,0.597198487844943,0.158066897921246,-0.0163372971915903,-0.0163372971915903,0.636284374230741,0.00526646914289811,0.0725704426257558,1.27698099740826,1.13003583899284,0.125691968368005,0.354530631071569,1,0.0078567
627,0.00886128378911968,7.11189799459963,0.125313623092212,0.54468324870587,0.169861274705123,-0.0200716513913435,-0.0200716513913435,0.597262080982045,0.00525819490558949,0.072513411901451,1.27551327969848,1.12938624026437,0.125550925757827,0.354331660676586,1,0.0075319
628,0.0116104986982497,7.68354623811001,0.15047104587389,0.483894069886156,0.180470274249183,-0.0242617887582539,-0.0242617887582539,0.554511490407255,0.00525003663930674,0.0724571365657431,1.27397183019736,1.12870360599998,0.125412683708438,0.354136532580921,1,0.0076747
629,0.0148808917054866,8.16946228489475,0.177341913675693,0.421010437614629,0.186746299685263,-0.028911065484345,-0.028911065484345,0.513931674097896,0.00524204205154624,0.0724019478435921,1.27236635155737,1.12799217708164,0.125273990044285,0.353940658930682,1,0.008027
630,0.00900731102634715,8.517710047379,0.281476459438779,0.37065762375904,0.191235740049378,-0.0239978265824379,-0.0239978265824379,0.524755873455964,0.005233850130277,0.0723453532044526,1.27078381564494,1.12729047527465,0.125132789979791,0.353741134135954,1,0.0086819
631,0.00380900472848673,8.7367339801134,0.251933672888098,0.283938657115486,0.191692795529287,-0.0195319945026593,-0.0195319945026593,0.451778683829148,0.00522557859047786,0.0722881635572371,1.26909335631612,1.12654043705325,0.124987085095811,0.353535125688821,1,0.0081399
632,0.00172196606526417,8.8500270139347,0.221732650820749,0.214035313721018,0.188767208740746,-0.0154984282974426,-0.0154984282974426,0.39302805464218,0.00521731496164345,0.0722309833910867,1.26732971342913,1.12575739545833,0.124835844996592,0.353321164093791,1,0.0079953
633,0.00542467874530191,8.8529980911283,0.191300289688655,0.184542184457453,0.182837030693995,-0.0118783099521425,-0.0118783099521425,0.357749900215172,0.0052091192462846,0.0721742284079615,1.26552980075563,1.12495768842905,0.124678488259746,0.353098411579189,1,0.0073391
634,0.00888039996572914,8.74535927754569,0.161054192136987,0.209995513034174,0.174136037736945,-0.00865022930164905,-0.00865022930164905,0.351761749510462,0.00520102735710047,0.0721181485972877,1.26372886467939,1.12415695731485,0.124514936962773,0.352866741083335,1,0.0082102
635,0.0117738890572526,8.53041597887663,0.131392537909619,0.269837425168636,0.163578332048273,-0.00579085478071351,-0.0057908547807135,0.373013578357594,0.00519305506907911,0.0720628549883996,1.26195785722263,1.12336897643768,0.124345305640777,0.352626297432249,1,0.0074483
636,0.0140940473437853,8.21424661612672,0.10269124573726,0.340190886818433,0.150914626910622,-0.00327585707955724,-0.00327585707955724,0.412071483520813,0.00518520221860969,0.0720083482563632,1.26024063245897,1.12260439713149,0.124170247845446,0.352377990012779,1,0.0084527
637,0.0158567360852304,7.80539860053494,0.0753032423720439,0.40948617444404,0.13730960622892,-0.00107988395069314,-0.00107988395069314,0.45936201022024,0.00517745690284935,0.0719545474785948,1.25859349403506,1.12187053354434,0.123990457581446,0.352122787648636,1,0.0080724
638,0.0170882439211509,7.31410148904849,0.0495786856840725,0.472481903366982,0.122550419932761,0.000822361494404733,0.000822361494404733,0.507251068631816,0.00516979945955384,0.0719013175091655,1.25702407421154,1.12117084969756,0.123806954802404,0.351862124705692,1,0.0086868
639,0.0178217195381809,6.75213088229053,0.0260035983894133,0.526506232022292,0.107577754034261,0.00245609805148717,0.00245609805148717,0.551056695642327,0.00516220605458943,0.0718484937531012,1.25553211710294,1.12050529543726,0.123620756420275,0.351597435173061,1,0.0084815
640,0.0180955590802376,6.13222573172823,0.00785635901364121,0.570094259933725,0.0925782169375642,0.00384568694025078,0.00384568694025078,0.587726343773805,0.00515465174709542,0.0717959034144388,1.25411007044366,1.11987055968253,0.123432933810328,0.351330234694266,1,0.0076778
641,0.017952281312913,5.46795624858913,0.0183916549359275,0.602281439940565,0.078156106056862,0.00501455979828047,0.00501455979828047,0.615320619663579,0.00514711295248894,0.0717433826390207,1.25274425046634,1.11926058202116,0.123244467673383,0.351061914301998,1,0.0086203
642,0.0174375348007725,4.77337404118684,0.0351167906675185,0.622963101122055,0.065827725127862,0.00598485811764715,0.00598485811764715,0.633162151153496,0.00513956926817031,0.0716907892840517,1.25141738139965,1.11866768139589,0.123056172507321,0.350793632364273,1,0.0085357
643,0.0165991669847308,4.06229643640165,0.0499234346128264,0.632402215146654,0.0560865105480682,0.00677665673350281,0.00677665673350281,0.640993770315757,0.00513200466953332,0.0716380113454674,1.2501101584326,1.11808325201328,0.12286872874282,0.350526359554912,1,0.008937
644,0.0154863467157299,3.34852218953001,0.0623820425343976,0.630965594094178,0.0501114414811986,0.00740829424780687,0.00740829424780687,0.638886247468578,0.00512440812025547,0.0715849713295708,1.24880280669156,1.11749845936876,0.122682634028754,0.350260808582339,1,0.0087544
645,0.0141487419246588,2.6460406506437,0.0724205543404753,0.619213257166087,0.0484677642707645,0.00789634432978881,0.00789634432978881,0.627177721191119,0.00511677366874818,0.0715316270522919,1.2474765262067,1.11690488682193,0.122498167303894,0.349997381852913,1,0.0076086
646,0.0126357592662802,1.9702074147833,0.0800575765791035,0.59776694178208,0.0507557135637552,0.0082559016108068,0.0082559016108068,0.606343776930275,0.00510910012191147,0.0714779694864891,1.24611456993676,1.11629501922062,0.122315367279113,0.34973613950965,1,0.0078317
647,0.0109958912392636,1.34190046767361,0.0853642968888471,0.567648889213836,0.0553702235324346,0.00850076836453506,0.00850076836453506,0.577276034077359,0.00510139039934924,0.0714240183646176,1.24470364729315,1.11566287349412,0.122134179285251,0.349477008235521,1,0.0076953
648,0.00927627978608837,0.80720912411077,0.0884520983123594,0.530118266625524,0.0607827266690537,0.00864321053002648,0.00864321053002648,0.541136049578699,0.00509365067553337,0.0713698162778452,1.24323470373892,1.11500435144394,0.121954425592543,0.349219738263092,1,0.0080641
649,0.00752273558464257,0.537233355401124,0.0894649128878143,0.486433248411869,0.06597769972319,0.00869426467715306,0.00869426467715306,0.499118064982271,0.00508588941339954,0.071315421988512,1.24170293815965,1.1143172520246,0.121775850924059,0.348963967945201,1,0.0082381
650,0.0057809620070263,0.736735619086171,0.0885731212673265,0.437832730507814,0.0704263553458288,0.00866394252609637,0.00866394252609637,0.452439309538784,0.00507811638279697,0.0712609036063743,1.24010755106835,1.11360116337419,0.121598133527022,0.348709239233809,1,0.0075315
651,0.00410182231401528,1.11192897251252,0.0859680071197151,0.38550403739236,0.0738322028275409,0.00856155747557485,0.00856155747557485,0.402303995679818,0.00507034174157346,0.0712063321732939,1.23845123916954,1.1128572411453,0.121420919207188,0.348455046178395,1,0.0078406
652,0.00256552167062933,1.48183275994976,0.0818565871725175,0.330661674868228,0.0759577720108077,0.00839598230959671,0.00839598230959671,0.349975280098741,0.00506257523875118,0.071151776075873,1.23673963097553,1.11208796008928,0.121243887311103,0.348200929509246,1,0.0084295
653,0.00143105265637821,1.80619602912061,0.0764564317035128,0.274517741775284,0.076762535484399,0.00817555185479057,0.00817555185479057,0.296806128819463,0.00505482557975111,0.0710972965713262,1.23498060225751,1.11129681105342,0.121066756031658,0.347946484436412,1,0.0077574
654,0.00150989359692411,2.07370577374895,0.0699907270670431,0.218254098792103,0.0762056354062495,0.00790817999896487,0.00790817999896487,0.244239769361086,0.00504709997455068,0.0710429445796744,1.23318346535029,1.1104879402093,0.120889314290947,0.347691406697012,1,0.0124356
655,0.0024805154020309,2.28084772906312,0.0626834559750953,0.16288618573009,0.0747991037515049,0.00760148954540774,0.00760148954540774,0.194028052069694,0.00503940387223329,0.0709887587737192,1.23135821866272,1.10966581395604,0.120711328600408,0.34743535888048,1,0.0150142
656,0.00353192611072882,2.42713316187351,0.0547562415174406,0.109497175789989,0.072419594089267,0.00726232130370241,0.00726232130370241,0.148456873613698,0.0050317408701446,0.0709347648910222,1.22951474491982,1.10883485917418,0.120532664629517,0.34717814538003,1,0.0179338
657,0.00448143592863846,2.51383984133668,0.0464258094468629,0.0601341122162177,0.0691593125276058,0.00689718325036059,0.00689718325036059,0.111801420010434,0.0050241127763818,0.0708809761246401,1.22766236259501,1.10799926109858,0.120353281253135,0.346919704331039,1,0.0091502
658,0.00528502695678998,2.54360253410154,0.0379016579818406,0.0265041260319244,0.0628726662793493,0.00651242792682738,0.00651242792682738,0.0899486326365191,0.0050165197957337,0.0708273943875793,1.22580891030613,1.10716254917972,0.120173520825128,0.346660526776742,1,0.0082276
659,0.00592836115414908,2.52114454971748,0.0293834180627664,0.046051555473725,0.0562659943842291,0.00611500001329968,0.00611500001329968,0.0901184701666733,0.00500896080585546,0.0707740122209802,1.22396112946904,1.10632776764802,0.119993507252827,0.346400789913688,1,0.0105559
660,0.00640783025490394,2.45195242985504,0.0210670636840419,0.0812113767976366,0.0501432546812961,0.00571131259445457,0.00571131259445457,0.106891985864327,0.00500143368385958,0.0707208150678397,1.22212395487385,1.10549715281128,0.119813286361771,0.346140558677788,1,0.0174894
661,0.0067255827622846,2.34126304289946,0.0131883531943771,0.114380639909794,0.0450066708019329,0.00530663743214044,0.00530663743214044,0.130374313275431,0.00499393565024329,0.0706677836800001,1.22030076804584,1.10467224462546,0.119632904607641,0.345879899108984,1,0.011852
662,0.00688771530962256,2.19390638773181,0.00634018255045628,0.143700209527098,0.0378169251428509,0.00490521279232459,0.00490521279232459,0.153732562703036,0.00498646360337312,0.0706148964693224,1.21849311386577,1.10385375565143,0.1194526332897,0.34561920272129,1,0.0085053
663,0.00690340803829538,2.01584898287028,0.00466955612533676,0.167425819188555,0.0298395907526429,0.00451100801478632,0.00451100801478632,0.173865251287722,0.00497901442304004,0.0705621316503409,1.21670086048981,1.10304164041518,0.119272669125914,0.345358754233788,1,0.0083049
664,0.00678424751951275,1.81393121180146,0.00966338425701311,0.185404356747183,0.0225922817461864,0.00412758555021742,0.00412758555021742,0.189807509198523,0.00497158522362945,0.0705094690352257,1.2149227370411,1.10223533650537,0.119093124927435,0.345098717655448,1,0.0077965
665,0.00654362493888901,1.5945898645063,0.015088194653522,0.198111798145658,0.0161185845609465,0.00375772248947381,0.00375772248947381,0.201378056947186,0.00496417354513879,0.0704568913956526,1.2131567676949,1.10143395975197,0.118914097244514,0.344839233911273,1,0.008097
666,0.00619624440422574,1.36373446966148,0.0199442135498224,0.205990227007498,0.0105706695237743,0.00340348309816241,0.00340348309816241,0.208677733918609,0.00495677747892194,0.07040438536712,1.21140059596658,1.10063645040794,0.118735669695286,0.344580425583471,1,0.0078077
667,0.00575769931766762,1.1268636700495,0.0240657315484566,0.209372527469027,0.0066083275254188,0.00306633065182882,0.00306633065182882,0.211848166400127,0.00494939573023005,0.0703519419080245,1.20965168899453,1.09984166542031,0.118557904911476,0.344322385144324,1,0.0079631
668,0.00524409500252827,0.889279142123431,0.0274022442737154,0.208559548069777,0.00651347488354141,0.00274723440932267,0.00274723440932267,0.211089532481886,0.00494202762364646,0.0702995563545494,1.20790753794921,1.09904846933573,0.118380841356056,0.344065170216423,1,0.0078467
669,0.00467170789470822,0.656299719160898,0.0299423638346595,0.203886551145946,0.00967231386033219,0.00244674518246679,0.00244674518246679,0.206670890680725,0.00493467306046411,0.0702472281336717,1.20616584186417,1.09825581804249,0.118204491376093,0.343808800608846,1,0.0087171
670,0.00405668440736368,0.434148373029447,0.03169732549886,0.195761176062854,0.0134190877270783,0.00216506808311778,0.00216506808311778,0.198950000898547,0.00492733243901324,0.0701949602109243,1.20442467061192,1.09746283336244,0.118028850977223,0.34355327240069,1,0.0076973
671,0.00341479578174657,0.235263229278274,0.0326950594397076,0.184572801635469,0.0170438817976043,0.00190212956029567,0.00190212956029567,0.188295249427577,0.00492000654987944,0.0701427583566503,1.20268254010573,1.09666883793866,0.117853887316562,0.343298539636512,1,0.007626
672,0.00276128775812033,0.12926873050583,0.0329770155950356,0.170741235975499,0.0201785149830988,0.00165763420145604,0.00165763420145604,0.175099802048323,0.00491269645785593,0.0700906303143004,1.20093845885658,1.09587337720039,0.117679560164873,0.343044545452734,1,0.0078581
673,0.00211095248893686,0.232147415067322,0.0325958350733471,0.154768714259161,0.0227105929342851,0.00143112484104058,0.00143112484104058,0.15985145323091,0.00490540338157444,0.0700385849484014,1.19919197152856,1.09507624005297,0.117505824805663,0.342791226267043,1,0.0078439
674,0.00147893764085937,0.382269591698128,0.0316131139980261,0.137151524154544,0.0246390013532404,0.0012220342493654,0.0012220342493654,0.143051427657188,0.00489812858020199,0.0699866314391684,1.19744311654255,1.0942774403882,0.117332632789524,0.342538512855889,1,0.008586
675,0.000885316129778235,0.521921135664529,0.030097293122147,0.118369054349141,0.025963235467767,0.00102972444056859,0.00102972444056859,0.12519956771419,0.00489087325457895,0.0699347785767493,1.19569234886138,1.09347718259751,0.117159937272866,0.342286338133537,1,0.0082298
676,0.000396814742358416,0.642629102293104,0.0281216954333815,0.0988801803028022,0.026714474117144,0.000853521775036947,0.000853521775036947,0.106807017160996,0.00488363846790345,0.0698830341921661,1.19394044855081,1.09267582042928,0.116987694874273,0.342034639874784,1,0.0079845
677,0.000425209950191527,0.742016294463415,0.025762696795502,0.0791286058982798,0.0269069107258358,0.000692725990434795,0.000692725990434795,0.0884134278095204,0.00487642508878321,0.0698314047458821,1.19218841972609,1.09187381126488,0.116815870358659,0.34178336758634,1,0.0084039
678,0.000838083217537696,0.81934242015384,0.0230980243184664,0.0595476257723641,0.0265877587892349,0.000546631208423465,0.000546631208423465,0.0706508750079425,0.00486923375735946,0.0697798950798829,1.19043739188894,1.0910716712888,0.116644436793,0.341532482778724,1,0.0080548
679,0.00124961297480619,0.874666087282004,0.0202052015707589,0.0405979847190628,0.0257774095826878,0.000414543235381482,0.000414543235381482,0.0543647648277771,0.00486206487337599,0.0697285083260498,1.188688523164,1.09026993133077,0.116473378670898,0.341281963588612,1,0.0094536
680,0.00161289620288025,0.908590587925568,0.017160188011643,0.0229243796184995,0.0246012196850223,0.000295777417511411,0.000295777417511411,0.0409791847746608,0.00485491860361244,0.0696772459531262,1.1869429213558,1.08946910068886,0.116302685265307,0.341031795094397,1,0.0080537
681,0.00191830504598971,0.92211775035109,0.0140363872168767,0.0095869858460171,0.0229645357629012,0.000189671606295461,0.000189671606295461,0.0328480867290104,0.00484779490506712,0.069626107927035,1.18520156463839,1.08866963062188,0.116132362916568,0.340781987371058,1,0.0087801
682,0.00216271957836113,0.916639737926506,0.010904166551946,0.0150114589250335,0.021072167790708,9.55502098285432e-05,9.55502098285432e-05,0.0323868270852589,0.00484069355968722,0.0695750929549305,1.18346527041835,1.08787189982017,0.115962418576869,0.340532551420373,1,0.0080099
683,0.00234562890019819,0.893805656698892,0.00783214153028745,0.0279962568931834,0.0188942431525289,1.27489164374328e-05,1.27489164374328e-05,0.038091765640557,0.00483361421622492,0.0695241987816107,1.18173464920633,1.08707619291673,0.115792868089892,0.340283511340017,1,0.0077911
684,0.00246816735687709,0.855500445256675,0.0048963239743804,0.0402291766685515,0.0165458620444395,-5.94045943516086e-05,-5.94045943516086e-05,0.0463158909036917,0.0048265564349879,0.0694734225080923,1.18001010317204,1.08628269947194,0.115623728777061,0.340034893469863,1,0.0072254
685,0.00253272258085147,0.803765103170158,0.00225743106964528,0.0508571557968814,0.0140775241482227,-0.000121585641336353,-0.000121585641336353,0.0547076977503085,0.00481951973170131,0.0694227609052054,1.17829182992973,1.08549151536515,0.115455019511464,0.33978672650865,1,0.0077535
686,0.00254269634723949,0.740732923431353,0.00141749268159652,0.0597040774880709,0.0116172671663603,-0.000174471813541466,-0.000174471813541466,0.062250714411028,0.00481250361737625,0.0693722106997914,1.1765798522643,1.08470265615251,0.115286757499626,0.339539036783146,1,0.0075628
687,0.00250231593254922,0.668548518397217,0.00337137101628318,0.066718404796565,0.00914985286483004,-0.000218732862499182,-0.000218732862499182,0.0684751341633866,0.00480550763188521,0.0693217688167664,1.1748740429364,1.0839160682158,0.115118959991442,0.339291850758962,1,0.0077483
688,0.00241646689669597,0.589365790211373,0.00543252334035216,0.0718955800699445,0.00675738958232425,-0.000255040766499182,-0.000255040766499182,0.0731833167479221,0.00479853136979273,0.0692714325663381,1.17317416176622,1.08313164563049,0.114951641715589,0.339045191258613,1,0.0081545
689,0.00229053615651175,0.50530388247892,0.00726621862981523,0.0752843998996403,0.00453324199313036,-0.000284063551212466,-0.000284063551212466,0.0763158844505145,0.00479157449778416,0.0692211997713429,1.17147989464351,1.08234924799877,0.11478481444086,0.338799076800483,1,0.0073611
690,0.00213026304821979,0.418424035109654,0.00882269567972545,0.0769368003963845,0.00264425885518878,-0.000306463234279297,-0.000306463234279297,0.0778586755186274,0.00478463676375933,0.0691710688348773,1.16979088316338,1.08156871402763,0.114618485819734,0.338553519874973,1,0.0077686
691,0.00194159818904997,0.330743872944554,0.0100859183455048,0.0769552866563921,0.00199778054691544,-0.000322900039537499,-0.000322900039537499,0.0778776308271416,0.00477771799825972,0.069121038752754,1.16810676455588,1.08078987992851,0.114452660117853,0.338308528000482,1,0.0077884
692,0.00173057091185532,0.244214658657976,0.0110521892149687,0.0754835255702828,0.0030250870431437,-0.000334012332524836,-0.000334012332524836,0.0764867777640117,0.00477081810935426,0.0690711090786463,1.16642720308568,1.08001259394772,0.114287338093691,0.338064103527262,1,0.0076594
693,0.00150316984611365,0.160922120237712,0.0117255840190231,0.0726681522426313,0.00449271851593728,-0.0003404156168898,-0.0003404156168898,0.0738138338064323,0.00476393707242819,0.0690212798521455,1.16475190911594,1.07923672524426,0.114122517244235,0.337820243982263,1,0.0081426
694,0.00126524086732745,0.0843776635032506,0.0121162283459577,0.0686769824782646,0.00588182064265685,-0.000342698037560041,-0.000342698037560041,0.0700121154611234,0.00475707491646569,0.0689715515010768,1.163080655207,1.07846217143069,0.113958193017191,0.337576943847164,1,0.0077182
695,0.00102241166225404,0.0375370364138725,0.0122392380209196,0.063679778308348,0.00710646775476539,-0.000341412366692273,-0.000341412366692273,0.0652448429923728,0.00475023170842128,0.0689219247295176,1.1614132828823,1.07768886181602,0.113794358369058,0.337334193892433,1,0.0075442
696,0.000780071908248498,0.0791673833573127,0.0121138782797402,0.0578497010373375,0.00811529787723088,-0.000337079132364693,-0.000337079132364693,0.0596800612503153,0.00474340753716232,0.0688724004022099,1.15974970303579,1.07691675770961,0.113631005328711,0.337091983483309,1,0.0077386
697,0.000543526465062275,0.137375478486414,0.0117628032031526,0.0513725576870895,0.00888802639587228,-0.000330179348871695,-0.000330179348871695,0.0535027513630505,0.00473660249825824,0.0688229794346208,1.15808989362599,1.07614585146531,0.113468125746876,0.336850301687375,1,0.0075532
698,0.000319048611172078,0.190606804582782,0.0112112936932752,0.0444314937035063,0.00943036762939686,-0.000321150047165819,-0.000321150047165819,0.0469036395826069,0.00472981668062752,0.0687736626960315,1.15643389084344,1.07537616248615,0.113305711514363,0.336609137597843,1,0.0075916
699,0.000125671338353309,0.236443880824555,0.0104865230835271,0.0372026718970443,0.00974788867735557,-0.000310386353909786,-0.000310386353909786,0.0400758398835458,0.00472305015575292,0.0687244509308945,1.15478177665474,1.07460773152567,0.113143755163518,0.336368481227832,1,0.0078426
700,0.000141551944861406,0.27420051325061,0.0096168653853379,0.0298548621837849,0.00985352011922492,-0.000298240641785297,-0.000298240641785297,0.0332236622446578,0.00471630296986893,0.0686753447014933,1.15313366527628,1.0738406144658,0.112982250145984,0.336128323927014,1,0.0078261
701,0.000306100297096374,0.30366460966703,0.00863125022436348,0.0225503155387892,0.00976071625313016,-0.000285023785257188,-0.000285023785257188,0.0265795020921072,0.00470957513923772,0.0686263443528629,1.15148968924868,1.07307487588177,0.112821191129203,0.335888658827896,1,0.0074734
702,0.000463203465295042,0.324880853696317,0.00755857426975382,0.0154553385333543,0.00948264996203018,-0.00027100951724357,-0.00027100951724357,0.0204520505106005,0.00470286664838047,0.0685774499991103,1.14984998639558,1.0723105829915,0.112660574201827,0.335649481158287,1,0.0083357
703,0.000600700480797674,0.338080967398611,0.00642718087881997,0.00878059992887257,0.00905750243712947,-0.00025643700945599,-0.00025643700945599,0.0153500543336966,0.00469617745093052,0.0685286615288123,1.14821468858302,1.0715478004191,0.112500396286175,0.335410787372999,1,0.0074862
704,0.000716050914822753,0.343641491305848,0.00526447360572432,0.00341340411298868,0.00847304539219528,-0.000241511245211212,-0.000241511245211212,0.0121508579184847,0.0046895074726322,0.068479978626108,1.14658391153013,1.07078658542687,0.112340656156503,0.335172576677303,1,0.0085603
705,0.000808389677986922,0.342071546000778,0.00409671729282002,0.00510198710066192,0.00779426791153501,-0.000226410652026221,-0.000226410652026221,0.0118263118406486,0.00468285661592474,0.068431400803467,1.14495774975725,1.07002698552759,0.112181352825684,0.334934848628333,1,0.0085899
706,0.000877627828431347,0.333969282685169,0.00294945796380497,0.0100550079505483,0.00701351832788059,-0.000211286021009949,-0.000211286021009949,0.0139189729427227,0.0046762247655206,0.068382927441874,1.14333627098679,1.06926903583092,0.112022486519701,0.334697604592118,1,0.0082502
707,0.000924223637410723,0.320018489145534,0.00185056484715145,0.0147118426779878,0.00614564051730775,-0.000196266907396936,-0.000196266907396936,0.0170200593530019,0.0046696117944086,0.0683345578342949,1.1417195148502,1.06851275839374,0.111864058120254,0.334460846916727,1,0.0094155
708,0.000949078326571475,0.300970417783174,0.000855798692965187,0.0187733330996371,0.0052545860254365,-0.00018146472249847,-0.00018146472249847,0.0202305479258597,0.00466301756976914,0.0682862912286876,1.14010749473752,1.06775816303951,0.111706068352162,0.334224577720074,1,0.0089988
709,0.000953463240154912,0.277603870981459,0.000503375608377878,0.0221666463618331,0.00431433195118675,-0.000166973179344332,-0.000166973179344332,0.0231216599629722,0.00465644195837616,0.0682381268674351,1.1385001987099,1.06700524774244,0.111548518356535,0.333988799747139,1,0.0095686
710,0.00093895706453152,0.250731057893515,0.00123456252625425,0.0248611001366175,0.00337568551982707,-0.000152872719549002,-0.000152872719549002,0.02551520009239,0.0046498848311677,0.0681900640208506,1.1368975942405,1.06625400080867,0.111391408928719,0.333753515230506,1,0.0087618
711,0.000907386075061678,0.22116993636797,0.00200882250439808,0.0268484757011577,0.00243062725025958,-0.000139231416625307,-0.000139231416625307,0.0273222989924138,0.00464334606677716,0.0681421020131985,1.13529963209392,1.06550440266285,0.111234740559626,0.333518725950472,1,0.0078846
712,0.000860766084219217,0.189743646018754,0.00269747397859979,0.0281318753818714,0.00152132184710724,-0.000126107149577726,-0.000126107149577726,0.0285079138397741,0.0046368255539281,0.0680942402404792,1.13370625157294,1.06475642828439,0.111078513139027,0.333284432788312,1,0.0089963
713,0.000801245607007143,0.157253035351677,0.00328223271047892,0.028757280690677,0.000747305756221843,-0.000113547941624104,-0.000113547941624104,0.0290944572347832,0.00463032319269472,0.0680464781799522,1.13211738794863,1.06401005068027,0.110922726152392,0.333050636018597,1,0.0078992
714,0.000731051787278961,0.124444760399603,0.00375724038097475,0.0287715978732889,0.000469732058055007,-0.000101591909882792,-0.000101591909882792,0.0291100367840044,0.00462383889471715,0.0679988153920137,1.13053297619274,1.06326524263362,0.11076737850196,0.332817335038246,1,0.008397
715,0.000652441076448246,0.0920467036856817,0.00412116483886614,0.0282239270974378,0.00101087845601518,-9.02687665416124e-05,-9.02687665416124e-05,0.028593749583962,0.00461737258252784,0.0679512515155375,1.12895295469109,1.06252197845084,0.110612468738412,0.332584528711742,1,0.0092375
716,0.00056765461974105,0.0608119767395511,0.00437555949730591,0.027180108960218,0.00160928469625729,-7.96001775742461e-05,-7.96001775742461e-05,0.0276033037447191,0.0046109241881832,0.0679037862580814,1.1273772689197,1.06178023569838,0.110457995081764,0.332352215400717,1,0.0080913
717,0.000478880497431129,0.0319261071158176,0.00452420396526588,0.0256953810956821,0.00216643246780867,-6.96003080984386e-05,-6.96003080984386e-05,0.0261907288302819,0.0046044936514166,0.0678564193825212,1.12580587238603,1.06103999565805,0.110303955192069,0.332120392616998,1,0.0080348
718,0.00038822626348302,0.0131438914421667,0.00457273677404883,0.023828394657119,0.00264058221018012,-6.02761143939645e-05,-6.02761143939645e-05,0.0244106192846339,0.00459808091752832,0.06780915069169,1.12423872754752,1.06030124377345,0.110150346599593,0.331889057667759,1,0.0076979
719,0.000297711798862648,0.0284660424819543,0.00452836375415998,0.0216493642624281,0.00302462413705306,-5.16278778728285e-05,-5.16278778728285e-05,0.0223312532335841,0.00459168593521231,0.0677619800124842,1.12267580676493,1.05956397011456,0.109997166721626,0.331658207680176,1,0.0084582
720,0.00020932623972408,0.0503745971183602,0.00439955742413169,0.0192306245773245,0.00331382115675294,-4.3649699846382e-05,-4.3649699846382e-05,0.020024266590087,0.00458530865449323,0.0677149071807178,1.12111709171561,1.05882816911698,0.109844412989572,0.331427839792574,1,0.0081452
721,0.00012540382962088,0.0703627771337595,0.0041957620945311,0.0166407907176426,0.00351747396714419,-3.63302859915926e-05,-3.63302859915926e-05,0.0175618000527265,0.00457894902491158,0.0676679320277454,1.11956257205556,1.05809383896494,0.10969208280484,0.331197951087925,1,0.0077912
722,5.23967889256565e-05,0.0875670294798012,0.0039271192923643,0.0139441554141112,0.00363748776937418,-2.96530213057533e-05,-2.96530213057533e-05,0.015014379792213,0.00457260699405356,0.067621054369579,1.11801224360618,1.05736098074696,0.109540173662858,0.330968538781042,1,0.0078154
723,4.97896071732383e-05,0.101745001354588,0.00360421558202712,0.0112035174522556,0.0036774515695771,-2.35966527184495e-05,-2.35966527184495e-05,0.0124574762951927,0.00456628250648088,0.0675742739989182,1.1164661066008,1.05662959763618,0.109388683205478,0.330739600298298,1,0.0094793
724,0.000109735658407172,0.112822489056056,0.00323784447269443,0.00847722723177032,0.00364845309180613,-1.81364434015396e-05,-1.81364434015396e-05,0.0099773603321139,0.00455997550307678,0.0675275906802307,1.11492416383991,1.05589969402397,0.10923760918541,0.330511133224601,1,0.0082713
725,0.000168362831858633,0.120815349758921,0.00283879568956531,0.00582808564927289,0.0035444673801867,-1.32452602235045e-05,-1.32452602235045e-05,0.00768526124769997,0.00455368592079122,0.067481004147769,1.11338641887357,1.05517127466282,0.109086949646437,0.330283135576791,1,0.0075949
726,0.000219900583508557,0.12581280995639,0.00241766028614637,0.00334128794863711,0.00337686041904618,-8.89254764069314e-06,-8.89254764069314e-06,0.00576910533981724,0.00454741369274091,0.067434514106212,1.1118528746087,1.05444434400716,0.108936702802547,0.330055605622064,1,0.0077334
727,0.000263254050663355,0.127962084788292,0.00198466771815333,0.00133237568895523,0.00316134814855075,-5.04571698467515e-06,-5.04571698467515e-06,0.00455691247194117,0.00454115874860054,0.0673881202334695,1.11032353195511,1.05371890556975,0.108786866972197,0.329828541779206,1,0.0071671
728,0.000298060360174526,0.127454240401513,0.00154962300264499,0.00186532100574568,0.00290051846978612,-1.67149315966064e-06,-1.67149315966064e-06,0.00439670153141868,0.00453492101520958,0.0673418221850996,1.10879838882191,1.05299496144184,0.108637440643843,0.329601942718552,1,0.008181
729,0.000324268749501497,0.124516855983457,0.00112207375347469,0.00368870959054195,0.00261495977586899,1.2636809256783e-06,1.2636809256783e-06,0.00515089483220422,0.00452870041731522,0.0672956195997571,1.10727743977238,1.0522725121243,0.108488422340546,0.329375807157336,1,0.0073177
730,0.000342039233053331,0.119401949925641,0.000712466918588572,0.00541816591274516,0.00229345312341655,3.79266725536453e-06,3.79266725536453e-06,0.00629157583416276,0.00452249687837484,0.0672495121051063,1.10576067558629,1.05155155631395,0.108339810755665,0.329150134065998,1,0.0075772
731,0.000351699509124151,0.112388516820351,0.000341211838888549,0.00692718077679614,0.00195727980251568,5.94819947408176e-06,5.94819947408176e-06,0.00747693606177747,0.00451631032134908,0.0672034993236891,1.10424808356028,1.05083209104037,0.108191604576555,0.328924922401077,1,0.007045
732,0.000353716353522952,0.103769635178697,0.000187002914224846,0.00818654933823708,0.0016079386975195,7.76195618668041e-06,7.76195618668041e-06,0.0085466545756974,0.00451014066942819,0.0671575808783207,1.10273964771567,1.05011411175913,0.108043802519595,0.32870017115845,1,0.0072275
733,0.000348671459970256,0.093847523243375,0.000446665697088847,0.0091877477290083,0.00126094998509688,9.26449750182634e-06,9.26449750182634e-06,0.00943444008840904,0.00450398784664832,0.0671117563966875,1.10123534943592,1.04939761265019,0.107896403268976,0.328475879280315,1,0.0069818
734,0.0003372389091504,0.082923640557756,0.000734699932214237,0.00993118218337404,0.0009191019167979,1.04847584760925e-05,1.04847584760925e-05,0.0101104545850832,0.00449785177836962,0.0670660255149328,1.09973516806243,1.04868258689769,0.107749405482493,0.328252045663835,1,0.0072734
735,0.000320163658453831,0.0712951117964788,0.000992526251517615,0.0104237032542136,0.000594823595270124,1.14500874679457e-05,1.14500874679457e-05,0.0105661433821266,0.00449173239160282,0.0670203878801281,1.0982390816343,1.04796902703959,0.107602807770639,0.328028669129146,1,0.0071242
736,0.000298240941305128,0.0592490943960319,0.00121225247623233,0.0106757650071757,0.000300418301284194,1.21860573560895e-05,1.21860573560895e-05,0.01080231730559,0.00448562961518442,0.0669748431516224,1.09674706751531,1.04725692526491,0.107456608689617,0.327805748408439,1,0.0071708
737,0.000272296773453556,0.0470629891028637,0.00139139341060594,0.0107011343084529,0.000161970184612427,1.27166653662858e-05,1.27166653662858e-05,0.0108270649626484,0.00447954337981175,0.0669293910013512,1.0952591030076,1.04654627370585,0.107310806737893,0.327583282140425,1,0.0069782
738,0.000243169748984134,0.035006215601479,0.00152929736921064,0.0105170130270783,0.000350128157390244,1.30643076841075e-05,1.30643076841075e-05,0.010653699995601,0.00447347361795771,0.0668840311132464,1.09377516587795,1.04583706468931,0.107165400355945,0.327361268869646,1,0.0068745
739,0.000211694545111162,0.0233610909140331,0.00162643302716381,0.0101436463557928,0.000578765981686088,1.32498864486852e-05,1.32498864486852e-05,0.0102997510896688,0.00446742026369062,0.0668387631819338,1.09229523478051,1.04512929093989,0.107020387937769,0.327139707063769,1,0.007264
740,0.00017868782275635,0.0125590111843628,0.00168413046200588,0.00960482322885909,0.000784200286705741,1.32927813716321e-05,1.32927813716321e-05,0.00978692347098122,0.00446138325242798,0.0667935869109302,1.09081928957658,1.04442294573443,0.106875767847816,0.326918595139243,1,0.0075596
741,0.0001449381008674,0.00510719378665315,0.00170442520679391,0.008925139498348,0.000960317726503241,1.32108263863895e-05,1.32108263863895e-05,0.00913861822192481,0.00445536252065285,0.0667485020105534,1.08934731147235,1.04371802296997,0.106731538421902,0.326697931462539,1,0.00803
742,0.000111204108772908,0.0101771864904992,0.00168993557714304,0.00812898668014704,0.00110514990556352,1.30205053163746e-05,1.30205053163746e-05,0.0083786383234847,0.0044493580056201,0.0667035081957471,1.08787928302236,1.0430145171676,0.106587697980182,0.326477714369882,1,0.0076751
743,7.82392992962202e-05,0.0183376394711551,0.00164375502220615,0.0072401533806326,0.00121947475938637,1.2737103063154e-05,1.2737103063154e-05,0.00753109719937896,0.00444336964507605,0.0666586051839974,1.08641518804848,1.04231242343574,0.106444244832495,0.326257942175352,1,0.0078495
744,4.69467824572345e-05,0.0258524470703338,0.00156935273694624,0.00628289888506163,0.00130120481291276,1.23749343852175e-05,1.23749343852175e-05,0.0066209225287904,0.00443739737701009,0.0666137926934812,1.08495501150085,1.04161173740547,0.106301177302681,0.32603861320813,1,0.0078621
745,1.990258242944e-05,0.0323484392731008,0.0014704763905261,0.00528189649086416,0.00135100794421788,1.19472238475637e-05,1.19472238475637e-05,0.00567495446306788,0.00443144113945183,0.0665690704415484,1.08349873927751,1.04091245514573,0.106158493734155,0.325819725821128,1,0.0072487
746,1.9191866440642e-05,0.0377232903520593,0.00135105576097327,0.00426127630911418,0.00136995487548965,1.14661888157563e-05,1.14661888157563e-05,0.00472170064009544,0.00442550087032164,0.0665244381435998,1.08204635798418,1.04021457304932,0.106016192498095,0.325601278403657,1,0.0080571
747,4.14837917127648e-05,0.0419438694374737,0.00121511117174599,0.00324389252958942,0.00136137844495543,1.09430986641179e-05,1.09430986641179e-05,0.00379345698613771,0.00441957650733715,0.0664798955123814,1.08059785468074,1.03951808771216,0.105874271991259,0.32538326937822,1,0.0079913
748,6.34324024334359e-05,0.0450130242159199,0.00106667113990124,0.00225296093519185,0.00132663900237798,1.03881011495055e-05,1.03881011495055e-05,0.00293169275360199,0.00441366798797396,0.0664354422576832,1.0791532166328,1.0388229958144,0.105732730645298,0.32516569721497,1,0.0075612
749,8.27770175127598e-05,0.0469604143653279,0.000909700435234771,0.00131914160082207,0.00126778780278472,9.81044464865022e-06,9.81044464865022e-06,0.00220308743664632,0.0044077752494747,0.0663910780864018,1.07771243110138,1.03812929401948,0.105591566926587,0.324948560431627,1,0.0070041
750,9.90809976744575e-05,0.0478380645375648,0.000748041940739491,0.000547731854293742,0.00118812330805152,9.21854439916991e-06,9.21854439916991e-06,0.00172572940199954,0.00440189822889813,0.0663468027029045,1.0762754851641,1.03743697888792,0.105450779331181,0.324731857585887,1,0.007782
751,0.000112196748442687,0.0477158167065265,0.000585390643081184,0.0006629415264092,0.00109479150905924,8.61992191381056e-06,8.61992191381056e-06,0.00163917141196869,0.00439603686319801,0.0663026158096196,1.07484236559248,1.03674604681787,0.105310366370658,0.324515587253768,1,0.0078411
752,0.00012209786417656,0.0466759936660938,0.000425363731128181,0.00133842766122104,0.000987608021042765,8.02111939468553e-06,8.02111939468553e-06,0.00190427273501472,0.00439019108932127,0.0662585171077747,1.07341305875826,1.03605649399937,0.105170326585138,0.32429974804976,1,0.0070201
753,0.00012883879762838,0.0448129126727878,0.000271948107734651,0.00198985234407492,0.000867016102559176,7.42785900542664e-06,7.42785900542664e-06,0.00232669643793037,0.00438436084431478,0.0662145062982031,1.07198755059725,1.03536831639627,0.10503065853783,0.324084338618561,1,0.0074475
754,0.000132537942231291,0.0422311962845548,0.000132896949284877,0.00256076448677538,0.000741772631340271,6.84511427517798e-06,6.84511427517798e-06,0.00277240807392073,0.00437854606543148,0.0661705830821483,1.07056582663922,1.03468150975999,0.104891360796459,0.323869357606518,1,0.0072296
755,0.000133366605619608,0.0390399891610701,7.15037616358413e-05,0.00303958532545969,0.000612154354065803,6.27705952771507e-06,6.27705952771507e-06,0.00317820469366096,0.0043727466902278,0.0661267471620055,1.06914787203571,1.03399606964229,0.104752431940349,0.3236548036726,1,0.0071142
756,0.000131539866891162,0.0353517359420491,0.000165707382626176,0.00342200990692593,0.00048149081951496,5.72715466362617e-06,5.72715466362617e-06,0.00351673727398312,0.00436696265664646,0.0660829982419568,1.0677336716328,1.03331199142989,0.104613870553353,0.323440675477518,1,0.0074512
757,0.000127308114975816,0.0312795656015624,0.000273633774141967,0.00370816812891316,0.000354002642208254,5.198192470246e-06,5.198192470246e-06,0.00377689722445298,0.00436119390308069,0.0660393360284663,1.06632321006519,1.03262927038952,0.104475675221046,0.323226971679416,1,0.0078806
758,0.000120948959014124,0.026934391415777,0.000370711382627383,0.00390063121199897,0.00023209807158062,4.69234583899691e-06,4.69234583899692e-06,0.00395497625012356,0.00435544036841785,0.0659957602306228,1.06491647184853,1.03194790171236,0.104337844530164,0.323013690933006,1,0.007766
759,0.000112759514737274,0.0224240125385336,0.000453654628134221,0.00400250102555651,0.000119422141564377,4.21123856009231e-06,4.21123856009231e-06,0.00405042788421478,0.00434970199206251,0.0659522705603265,1.0635134414587,1.03126788055224,0.104200377066083,0.322800831885673,1,0.0076212
760,0.000103049082949599,0.0178535880226063,0.000521434301413736,0.00401807369899729,5.79436526883235e-05,3.75601549484905e-06,3.75601549484905e-06,0.00406544998107028,0.0043439787139402,0.0659088667323313,1.06211410341452,1.03058920206575,0.10406327141169,0.322588393175715,1,0.0086167
761,9.21322566818517e-05,0.0133257216200769,0.000573758043478032,0.00395468125979196,0.000124378588827481,3.32739562347584e-06,3.32739562347584e-06,0.00400583985448135,0.00433827047448477,0.0658655484641612,1.06071844236766,1.02991186145595,0.103926526150638,0.322376373437381,1,0.0087133
762,8.03226681669663e-05,0.00894669565915356,0.000610769025022157,0.00382017203438737,0.000210729620930439,2.92572734172936e-06,2.92572734172936e-06,0.00387840102119097,0.00433257721461239,0.0658223154759265,1.05932644315458,1.0292358539978,0.103790139864561,0.322164771296554,1,0.0088193
763,6.7927710392671e-05,0.00487895471850875,0.000632939565560612,0.00362213760800418,0.000290254621620957,2.55104391611027e-06,2.55104391611027e-06,0.00369006862238435,0.00432689887568652,0.0657791674900687,1.0579380908262,1.0285611750529,0.103654111135192,0.321953585374029,1,0.007926
764,5.52447254612149e-05,0.0020075247314948,0.000641014477219978,0.00336868045460833,0.000359978702145985,2.20310957033121e-06,2.20310957033121e-06,0.00344858983738861,0.00432123539947748,0.0657361042310653,1.05655337067168,1.02788782008139,0.103518438545058,0.321742814286595,1,0.0080348
765,4.25603178721828e-05,0.00375676415022863,0.00063596802506409,0.00306927827800589,0.000416454652228836,1.88145690360741e-06,1.88145690360741e-06,0.00316298426881184,0.00431558672812049,0.0656931254251195,1.0551722682322,1.02721578464907,0.103383120683312,0.321532456656108,1,0.0081301
766,3.01594125959777e-05,0.00681264793225658,0.00061896201044173,0.00273430318143928,0.000459658787869502,1.58544325468135e-06,1.58544325468135e-06,0.00284356494665906,0.00430995280407541,0.065650230799864,1.0537947692996,1.02654506442708,0.103248156145533,0.321322511109217,1,0.0081118
767,1.83815356171616e-05,0.00964336866656894,0.000591303078922582,0.00237366093284391,0.00049022133759807,1.31428744354345e-06,1.31428744354345e-06,0.00250057756500984,0.0043043335700908,0.0656074200840942,1.05242085989098,1.02587565517999,0.103113543534514,0.32111297627862,1,0.0086785
768,8.13256855335072e-06,0.0120943226086783,0.000554402897648645,0.00199675322292537,0.00050874162973044,1.06709970215668e-06,1.06709970215668e-06,0.00214425450557162,0.0042987289691742,0.0655646930075494,1.05105052621642,1.02520755275038,0.102979281461516,0.32090385080506,1,0.0091207
769,6.95084238399482e-06,0.0141245426830447,0.000509741293001482,0.00161247400742613,0.000516082994705934,8.42916245025194e-07,8.42916245025194e-07,0.00178523684187672,0.0042931389445697,0.0655220493007484,1.04968375464406,1.02454075304209,0.102845368546927,0.320695133338389,1,0.0083005
770,1.51069534817901e-05,0.0157207075011229,0.000458832389043376,0.00122957335853987,0.00051247369879045,6.40708822441383e-07,6.40708822441383e-07,0.00143545068276961,0.00428756343974327,0.0654794886948827,1.04832053166468,1.02387525200323,0.102711803421865,0.320486822540124,1,0.0083076
771,2.33492206930723e-05,0.0168838434461088,0.000403193285763348,0.000856959637415443,0.000499209367883105,4.59380551820487e-07,4.59380551820487e-07,0.00111064635988404,0.00428200239837549,0.0654370109217673,1.04696084385906,1.02321104561037,0.102578584727434,0.320278917082337,1,0.0080883
772,3.06459110432874e-05,0.0176250997397753,0.0003443166482457,0.000506078227896638,0.000477196459628026,2.97805142546181e-07,2.97805142546181e-07,0.000835435441317271,0.00427645576436098,0.0653946157138413,1.04560467786695,1.02254812985353,0.102445711115106,0.320071415648298,1,0.0084174
773,3.68108346387808e-05,0.017963733753457,0.000283649929301109,0.000215711508590954,0.000448077464377458,1.5484107707131e-07,1.5484107707131e-07,0.000653770548220739,0.00427092348181334,0.0653523028042114,1.04425202036314,1.02188650072458,0.102313181245717,0.319864316930971,1,0.0078552
774,4.17826191667836e-05,0.0179255388903288,0.000222587502851711,0.000248257927721427,0.000412020289307815,2.93460433731241e-08,2.93460433731241e-08,0.000616899405638695,0.00426540549507429,0.0653100719267273,1.04290285803782,1.02122615420768,0.102180993790398,0.319657619634505,1,0.0089787
775,4.55489113964605e-05,0.0175419472770267,0.000162495908380358,0.000499166803778571,0.00037224519363383,-7.98273274149608e-08,-7.98273274149608e-08,0.000714108151507649,0.00425990174872542,0.0652679228160773,1.04155717758867,1.02056708627541,0.102049147427559,0.319451322469572,1,0.0093961
776,4.81288498441357e-05,0.0168478681652137,0.000104881893285427,0.000744673492496521,0.000328497320798333,-1.73795574598401e-07,-1.73795574598401e-07,0.000873058734622529,0.00425441218760128,0.0652258552078949,1.04021496571321,1.01990929288501,0.101917640844705,0.319245424156252,1,0.0089259
777,4.95660963939638e-05,0.0158815879676731,5.26088542260984e-05,0.000960669979047988,0.000280661484966653,-2.53664953486776e-07,-2.53664953486776e-07,0.00104101596822773,0.0042489367568023,0.0651838688388646,1.03887620910832,1.01925276997824,0.101786472737579,0.319039923422727,1,0.0094098
778,4.9924523839154e-05,0.014684510972244,2.71437991597039e-05,0.00114184578821366,0.000231726846178737,-3.20542613341246e-07,-3.20542613341246e-07,0.00119433015311663,0.00424347540170674,0.0651419634468193,1.03754089447762,1.0185975134849,0.101655641808029,0.318834819001986,1,0.0097559
779,4.92846745047727e-05,0.013299122344726,6.0520962396372e-05,0.00128680523327068,0.000182588986311195,-3.75507086092242e-07,-3.75507086092242e-07,0.00132256375137853,0.00423802806798052,0.0651001387708238,1.03620900854013,1.01794351932715,0.10152514676426,0.318630109632251,1,0.009818
