step,x_I,y_I,z_I,u_B,v_B,w_B,phi,theta,psi,p,q,r,ref_x,ref_y,ref_z,ref_xb,ref_yb,ref_zb,ref_phi,ref_theta,ref_psi,ref_p,ref_q,ref_r
1,1,0,-1,0.5,3.06062330678537e-17,0,0.0254786850875829,1.55944441295558e-18,1.5707963267949,-3.11888882591116e-18,0.0509518570775537,0.499837717930802,1,0,-1,0.5,3.06062330678537e-17,0,0.0254786850875829,1.55944441295558e-18,1.5707963267949,-3.11888882591116e-18,0.0509518570775537,0.499837717930802
2,0.999687516435531,0.0249895832281219,-0.999999993782125,0.499530465711695,1.17317991856057e-05,0.000954429141919524,0.0255264806746897,0.00190963136797966,1.59584504796109,0.000955033016457475,0.0509492133884309,0.499837714604884,0.999687516435564,0.0249895832281062,-0.999999993782128,0.499530465710374,1.17317550073372e-05,0.000954429145819471,0.0255264806586956,0.00190963137383002,1.5958450480444,0.000955032371109163,0.0509492137025899,0.499837717930802
3,0.998750261813155,0.049916670197549,-0.999999938593636,0.498123979609894,5.85756879947426e-05,0.00190011261318698,0.0256700489681457,0.00381135134244724,1.6209646840936,0.00191154154420675,0.0508036649558686,0.502668080190146,0.998750261967216,0.0499166702619608,-0.99999993789526,0.498123984064438,5.86357908939233e-05,0.00190012702872053,0.0256699807421884,0.00381132755436079,1.62096454023738,0.00190883855032929,0.0508025454571047,0.502662347913843
4,0.997188821489253,0.0747188426855966,-0.999999760554599,0.495788640750906,0.000140695064809687,0.0028251987259324,0.0259098001088037,0.0056918660046563,1.64629723108678,0.00285982932559537,0.0505128855677217,0.508346340094949,0.997188823490078,0.074718843623198,-0.99999975802024,0.495788669496649,0.000140797188575684,0.00282521040083056,0.0259096405803813,0.00569180288376268,1.64629688034647,0.00285896444914334,0.0505120944727096,0.50834385291657
5,0.995004168349145,0.099333909795069,-0.999999385166293,0.492539239784768,0.000258457157404886,0.00371798094543515,0.0262464084699227,0.00753763974455316,1.67198696717277,0.00380148415376536,0.0500781383491877,0.516946740131441,0.995004175727835,0.0993339135852284,-0.999999380219633,0.49253930555115,0.000258507635139071,0.00371799600305955,0.0262462595275297,0.00753756827835442,1.6719865556867,0.00380286215341738,0.0500783626792788,0.516946823943482
6,0.992197663095779,0.123700064725697,-0.99999873833453,0.488397415769346,0.000412307665214191,0.00456709641494533,0.0266810151066919,0.00933484261492131,1.69818240740503,0.00473541989510737,0.0495009719114573,0.528565162491343,0.99219767905327,0.123700073618408,-0.999998731023858,0.488397509633599,0.000412264245531778,0.00456712433609825,0.0266809598938346,0.00933480605207976,1.69818207810941,0.00473782356105564,0.0495021181546017,0.528568339147157
7,0.988771051532765,0.147756039644191,-0.999997746528292,0.483391869512309,0.000602926109632676,0.00536163456192926,0.0272150659200453,0.0110692056842719,1.72503768494974,0.00565775738634932,0.0487825389493951,0.543331410917723,0.98877107710601,0.147756054796044,-0.999997737512208,0.483391962638921,0.000602767908612797,0.00536168013922676,0.0272151519554177,0.011069237528271,1.72503760215821,0.00566090788738588,0.0487844061935765,0.54333801543985
8,0.984726461092333,0.171441258510488,-0.999996336952392,0.4775586599269,0.000831197203308898,0.00609124282699491,0.0278502221209305,0.0127258561857355,1.75271419745857,0.00656538829483662,0.0479240500816978,0.56140759554721,0.984726494219424,0.171441278773507,-0.999996327388683,0.477558708985101,0.000830920225857684,0.00609130832747661,0.0278504808754377,0.0127259813276778,1.75271453693895,0.00656886042736507,0.0479265670024662,0.561417754028671
9,0.980066397557153,0.194695988051883,-0.999994437665102,0.470941582551173,0.00109820208593352,0.00674623787243066,0.0285883086199023,0.0142891644975585,1.78138219332689,0.00745473762550204,0.0469272550901038,0.582987383371908,0.980066432669561,0.194696008955864,-0.999994429052622,0.470941533484964,0.00109781762280902,0.00674632418826719,0.0285887494337694,0.0142894009812731,1.7813831277383,0.00745801985812427,0.0469302628185248,0.583000848826721
10,0.97479374154993,0.217461486502106,-0.999991977669866,0.463592629112518,0.00140520700399365,0.00731771085855201,0.0294312018940858,0.0157425865594868,1.81122228593431,0.00832167229175854,0.0457942880564817,0.608293939579408,0.974793769760133,0.217461499473572,-0.999991971664236,0.46359242183527,0.00140474057711841,0.00731781670237184,0.0294318082367573,0.0157429418056202,1.81122396299884,0.00832421132748947,0.0457975183852883,0.60830997254822
11,0.968911744842881,0.239680149601373,-0.999988887015347,0.45557253580537,0.00175364517025153,0.00779762275139628,0.0303806743609914,0.0170684925295913,1.84242681581129,0.00916135997203919,0.0445277168922263,0.637576004952405,0.968911754758852,0.239680141591068,-0.999988885205247,0.45557211090448,0.00175313507376199,0.00779774393008906,0.0303814024184112,0.0170689590821405,1.84242933283693,0.00916262271005814,0.0445307801464745,0.637593348688708
12,0.962424026598014,0.261295653470039,-0.999985096880856,0.446951425419027,0.00214508844324886,0.0081788904899849,0.0314381796513501,0.0182479910302304,1.87520094327221,0.00996808549814296,0.0431305879978345,0.671101148813408,0.962424005701862,0.261295607179468,-0.99998510053495,0.446950732860597,0.00214458231995793,0.00817901949075046,0.0314389607606274,0.0182485429055559,1.8752043239707,0.00996766189304671,0.0431330013147985,0.671118146185141
13,0.955334569674751,0.282253094036564,-0.999980539627468,0.437809543647087,0.00258120292519098,0.00845546292616959,0.0326045614570223,0.019260758505549,1.90976329850615,0.0107350799248279,0.0416064933644073,0.709144935488367,0.955334506084644,0.282252988892158,-0.999980549442139,0.437808552616002,0.00258075139520128,0.0084555892610185,0.0326053097984148,0.0192613501620906,1.90976747931946,0.0107327940447798,0.0416077621502193,0.709159789556095
14,0.947647717146809,0.302499122786908,-0.999975148796378,0.4282380818437,0.0030636801459118,0.00862238595058125,0.0338796671613325,0.0200848918905697,1.94634594360588,0.0114543769600497,0.0399597013672458,0.751974351807834,0.947647601459504,0.302498936690904,-0.999975164693511,0.428236789817845,0.00306332788003788,0.00862249752350298,0.0338802922324896,0.0200854616666628,1.94635077520851,0.0114503599149135,0.0399594372879236,0.751985465762985
15,0.939368169118828,0.321982078675429,-0.999968859048798,0.418340064407216,0.00359413352993133,0.00867585658729951,0.0352618453914159,0.0206968148260022,1.98519330736328,0.0121166936530226,0.0381953893988747,0.799823376735008,0.93936799596159,0.321981790380285,-0.999968880079304,0.418338502964708,0.00359390968979517,0.00867594191064669,0.0352622666701256,0.0206972933381414,1.98519857261056,0.0121113798772234,0.0381934245668744,0.799829662919231
16,0.930500979834289,0.34065211605484,-0.999961606063017,0.40823125683303,0.0041739488101559,0.00861326597462829,0.0367473059076857,0.0210712831744082,2.0265596375525,0.0127113150168547,0.0363200020286179,0.852858126755779,0.930500748787112,0.340651707819959,-0.999961630457149,0.408229491995717,0.00417385958720775,0.00861331660808819,0.0367474658610702,0.0210716051804479,2.0265650817392,0.0127053543899229,0.0363164519991336,0.852859181618197
17,0.92105155495983,0.358461328426801,-0.999953326423964,0.398041018180042,0.00480407716206558,0.00843323102400041,0.0383293236698039,0.0211815545205881,2.07070438323282,0.0132259644412702,0.0343417334409623,0.911128794046692,0.921051270648932,0.35846078849755,-0.999953351795351,0.398039144367541,0.00480410268968239,0.00843324340521122,0.038329195684227,0.0211816711060287,2.07070974875358,0.0132200806765909,0.0343369802556822,0.911124894488996
18,0.911025648868063,0.375363867705747,-0.999943957548165,0.387912977424195,0.00548476125507796,0.00813561427484768,0.0399972812348869,0.0209998079191746,2.11788479177524,0.013646671895159,0.0322711140606158,0.974505960201902,0.911025320235648,0.375363192160117,-0.999943981217102,0.387911105874061,0.00548485768378558,0.00813559030668117,0.0399968709343837,0.0209996954966031,2.11788984883408,0.0136415185128781,0.032265715524631,0.97449791006013
19,0.900429361751372,0.391316058578276,-0.999933437677876,0.37800535618084,0.00621518809245721,0.00772153128963429,0.0417355707719113,0.0204979219827596,2.16834492355553,0.0139576970954971,0.0301216776904701,1.04260031931055,0.900429000700147,0.391315252219206,-0.999933457047442,0.378003600233197,0.0062152939604666,0.00772147754575762,0.0417349114890604,0.0204975857151015,2.16834949116587,0.0139537552946865,0.0301162390007251,1.04258922077025
20,0.889269136473303,0.406276507481741,-0.999921705957158,0.368490692738893,0.00699307067651812,0.00719334504061702,0.0435224245543887,0.0196487351515279,2.22230032167025,0.0141416039143185,0.0279106879501136,1.11466802574561,0.889268756201909,0.406275583663755,-0.999921718865185,0.368489153084861,0.00699311568079087,0.00719327096641191,0.0435215692625881,0.0196482063714828,2.22230427707668,0.014139140900891,0.0279057407025009,1.11465505430365
21,0.8775517551618,0.420206205743154,-0.999908702580086,0.359554652695823,0.00781417628974966,0.00655464710018023,0.045328813992421,0.018427908881693,2.27991782723761,0.014179602063501,0.0256598910734576,1.18950947322886,0.877551368523142,0.420205185236367,-0.999908707562408,0.359553405400466,0.00781409043786082,0.00655456286531695,0.0453278263085835,0.0184272378884544,2.2799211052119,0.0141786822939038,0.0256558123946138,1.18949570748819
22,0.865284335625648,0.433068626500745,-0.999894368986316,0.351393558704301,0.00867184504083407,0.00581022587812609,0.0471176488161374,0.0168164724359908,2.34129062952061,0.01405226995196,0.0233962211613148,1.26537763244469,0.865283953771279,0.433067535651724,-0.999894365414527,0.351392647827579,0.00867156668527723,0.00581014050557528,0.0471165950114835,0.0168157190138425,2.34129321474833,0.0140527979325125,0.023393204041324,1.26536395558235
23,0.852474327706573,0.444829815141019,-0.999878648075837,0.344210268754932,0.00955657790127103,0.00496602247676049,0.0488436036538245,0.0148040228063197,2.40640969779583,0.0137407460980122,0.0211523149658315,1.33992231810097,0.852473959168589,0.44482868366038,-0.999878636164346,0.344209704182896,0.0095560598646314,0.00496594263130066,0.0488425465957579,0.0148032468177382,2.406411613824,0.0137425190977083,0.0211503824030323,1.33990938305247
24,0.83912950966372,0.455458473088714,-0.999861484420788,0.338208123930337,0.0104558124004613,0.00402907489657719,0.0504539624056086,0.0123923674484381,2.47513427706888,0.0132284153370651,0.0189666153683182,1.41020593908423,0.839129159913021,0.455457331785923,-0.999861465123714,0.338207883986253,0.0104550259576544,0.00402900442641332,0.0504529575162427,0.0123916212258082,2.47513557460146,0.0132311716618017,0.018965661698146,1.4101941779177
25,0.825257984639393,0.464926034863895,-0.999842824463049,0.333582917357989,0.0113540314387878,0.00300745136545134,0.0518908433887534,0.00959913967150165,2.54716594192751,0.0125030069581132,0.0168827909242617,1.47282856814469,0.825257656072983,0.464924913586573,-0.999842799296455,0.333582955076576,0.0113529682230897,0.00300739147331683,0.0518899362592143,0.00959846309287567,2.54716668824887,0.0125064637177964,0.0168826330369057,1.47281822548535
26,0.810868177194375,0.473206738363052,-0.999822616696974,0.330513223750037,0.0122333430906135,0.00191017356098898,0.0530949862495626,0.00646064580014317,2.6220322591594,0.0115588655626023,0.0149482193051464,1.5241879044806,0.810867869454063,0.473205664311359,-0.999822587525928,0.330513475374164,0.0122320150891384,0.00191012337774572,0.0530942114530464,0.00646006419158228,2.62203252955113,0.0115627455295913,0.0149486446371867,1.52417907947319
27,0.795968829843396,0.480277688332775,-0.999800811844218,0.329149927433506,0.0130746032302213,0.000747130505274957,0.0540109156901708,0.00303303975972631,2.69908656136317,0.0103989865747054,0.0132114174521834,1.56086760281669,0.795968540350528,0.480276684833145,-0.999800780669779,0.329150321649539,0.0130730410534682,0.000747087832312849,0.0540102964396783,0.00303256424950496,2.6990864327255,0.0104030362043986,0.0132122211761155,1.56086028999741
28,0.780568999477178,0.486118912992709,-0.999777363030988,0.329606261940374,0.0138590214576412,-0.0004710160507574,0.0545928066702969,-0.000608984887847592,2.77752880170983,0.00903630173126373,0.0117185592637825,1.58009935305095,0.780568724073528,0.486117998743587,-0.999777331803163,0.329606728518902,0.0138572711110469,-0.000471054014092597,0.0545923551204964,-0.000609355223918904,2.77752834820905,0.00904030267584009,0.0117195679473854,1.58009347720574
29,0.764678053532996,0.490713413736593,-0.999752225977604,0.331949925130748,0.0145700229436758,-0.00173293388228203,0.0548099365283045,-0.00437634830680643,2.85644860168046,0.00749374478873557,0.0105095439927895,1.58019772317764,0.764677787136699,0.490712602487495,-0.999752196449827,0.331950401927576,0.0145681414371271,-0.00173296994071921,0.0548096546296464,-0.00437662326949568,2.85644789206204,0.00749752053865501,0.0105106264517826,1.58019316675753
30,0.748305665773587,0.494047207803733,-0.999725359207192,0.336198679914304,0.0151950019743238,-0.00302672926281051,0.0546504598108378,-0.00817221249290154,2.93488617363167,0.00580286943233202,0.00961433621287707,1.56084893429546,0.748305402983068,0.49404650839783,-0.999725332838287,0.336199117577194,0.0151930522505894,-0.00302676580664668,0.054650340653983,-0.00817240727535239,2.93488526979294,0.00580628800993716,0.00961540428481228,1.56084555768178
31,0.731461811553985,0.496109363776474,-0.999696724275934,0.342320251666473,0.0157265746352233,-0.00434006168942195,0.0541225421559746,-0.011899955289279,3.01190168197078,0.00400117511393229,0.00905034683644052,1.52316468354796,0.731461547156849,0.496108780472728,-0.999696702178058,0.342320615840065,0.0157246204106711,-0.00434010045732393,0.0541225717103531,-0.0119000872692998,3.01190063841394,0.00400414838215203,0.00905134959824347,1.52316233921088
32,0.714156762492971,0.496892029730663,-0.999666286022874,0.350236455667826,0.0161630542188471,-0.00566026335317937,0.0532525828739441,-0.0154709241013799,3.08664099743678,0.00212866903318008,0.00882139964155958,1.46948365038241,0.714156491857957,0.496891562720097,-0.999666268949055,0.350236726917992,0.0161611553374116,-0.00566030534888052,0.0532527419663766,-0.0154710102966325,3.08663986128783,0.00213114918443297,0.00882231446590924,1.46948219227368
33,0.696401080512748,0.496390453853504,-0.99963401283388,0.359830643074027,0.0165080932233074,-0.00697446228799761,0.0520810578779231,-0.0188105038503564,3.15838692641158,0.000224384606738457,0.00891840604116436,1.40298341196685,0.696400799859664,0.496390099891202,-0.999634001196205,0.359830815075978,0.0165063020014846,-0.00697450781052659,0.0520813242177688,-0.0188105592074177,3.15838573777247,0.000226358565786998,0.00891922916927495,1.40298270146281
34,0.678205611257822,0.494602997351053,-0.999599876912337,0.370957034647963,0.0167696618741198,-0.00826970805496587,0.0506570775386379,-0.0218616132587385,3.22658932290908,-0.00167648853505083,0.00932143516902932,1.3272152850555,0.678205317812656,0.494602750437432,-0.999599870821219,0.370957111337213,0.0167680206996766,-0.00826975680089621,0.0506574275986213,-0.0218616497586492,3.22658811538158,-0.00167500592795252,0.00932217351065702,1.32721519423435
35,0.659581476943695,0.491531139495472,-0.999563854548728,0.383450440614295,0.0169586705329357,-0.00953309874120589,0.0490328790403477,-0.0245855111060597,3.2908730654103,-0.00354447191183803,0.0100025921299913,1.2456754813431,0.659581168994053,0.491530991554386,-0.999563853864319,0.383450432979832,0.0169572107420604,-0.00953314994322156,0.0490332896455133,-0.0245855375404928,3.29087186669128,-0.00354344508929939,0.010003257089401,1.24567589463561
36,0.640540068712605,0.487179474705052,-0.999525926382017,0.397135164061538,0.0170875561879167,-0.010751907995056,0.0472592022368332,-0.0269604233351052,3.35102754882494,-0.00535659261951344,0.0109290743620762,1.16148816952556,0.640539745582874,0.487179416220424,-0.999525930770289,0.397135087113776,0.0170862980528444,-0.0107519605697822,0.0472596517794068,-0.0269604455489544,3.35102638132048,-0.00535597213872366,0.0109296777947582,1.1614889842742
37,0.621093038586003,0.481555701600575,-0.999486077647231,0.411832361195099,0.0171690705055179,-0.0119137107966531,0.0453820371176622,-0.0289788107502589,3.40698384154546,-0.00709628250502134,0.0120659162659496,1.07722573478691,0.621092700552904,0.481555722186163,-0.999486086635,0.411832231440052,0.0171680240559822,-0.0119137634835898,0.045382506380996,-0.0289788321471539,3.40698272297952,-0.00709601107885919,0.0120664682589039,1.07722686123211
38,0.601252291103628,0.474670604032499,-0.999444298405342,0.42736559594793,0.0172153883179622,-0.0130065066753467,0.043440796162888,-0.0306440921364666,3.45878593051618,-0.00875267782286738,0.0133781494152381,0.994851544768705,0.601251939271937,0.474670692920413,-0.999444311430274,0.427365429507882,0.0172145546993203,-0.0130065581563622,0.0434412687879284,-0.0306441142805615,3.45878487450957,-0.00875269527429872,0.0133786574163695,0.994852905084557
39,0.581029974730661,0.466538024119753,-0.999400583753117,0.443564667578691,0.0172375518483958,-0.0140188391238646,0.041467680017582,-0.0319674406132539,3.50656126036127,-0.0103196173269121,0.0148323054978702,0.915750292138945,0.581029610886585,0.466538170562087,-0.999400600206366,0.443564478956569,0.0172369249468038,-0.0140188881184953,0.0414681426738985,-0.0319674638127588,3.50656027697583,-0.0103198643992617,0.0148327743150116,0.915751819846728
40,0.560438473101458,0.457174827379924,-0.999354934011832,0.460267980708886,0.0172452011725147,-0.0149399100130799,0.0394878882366816,-0.0329650182290288,3.55049398039428,-0.0117945717421487,0.0163973236785919,0.840808149705699,0.560438099558095,0.457175020964455,-0.999354953272262,0.460267782107831,0.0172447692935503,-0.0149399553488972,0.0394883305700075,-0.0329650420364047,3.55049307664868,-0.011794992819471,0.0163977559510098,0.840809788798809
41,0.539490396153936,0.446600860062356,-0.999307354894616,0.477323794002973,0.0172465152270534,-0.0157596878732392,0.0375203332829761,-0.0336557960987012,3.59080262343872,-0.0131776528897168,0.0180449883964277,0.770512159531919,0.539490015599978,0.446601090947824,-0.999307376354542,0.477323595075581,0.0172462626875466,-0.0157597285330761,0.0375207477090555,-0.0336558197000299,3.5908018037855,-0.0131781977638305,0.0180453852497296,0.77051386342083
42,0.518198571195121,0.43483889882094,-0.999257857652668,0.494590670937539,0.0172482882166405,-0.0164690089743613,0.0355785855108607,-0.0340599604064556,3.62772268028224,-0.0144707763033339,0.0197500358296994,0.705048614054333,0.518198186554784,0.434839157900314,-0.999257880735768,0.494590478836418,0.017248196764466,-0.0164690441235987,0.0355789669152522,-0.0340599828985939,3.62772194704311,-0.0144714011565527,0.0197503975296111,0.705050344623917
43,0.496576033926633,0.421914592884005,-0.999206459200902,0.511937404256039,0.0172560801759022,-0.0170596702098718,0.0336718627586069,-0.0341978261386567,3.66149375829312,-0.0156769985261512,0.0214900503159607,0.644389508452196,0.496575648235985,0.421914871885663,-0.999206483373347,0.511937223873336,0.0172561301948414,-0.017059699207575,0.0336722081494823,-0.0341978467075068,3.6614931120549,-0.0156776663006048,0.0214903768199641,0.644391235167314
44,0.474636019449544,0.40785639889606,-0.999153182223566,0.529242622567248,0.0172743979877722,-0.0175245128642888,0.0318059541899219,-0.0340891519753954,3.69235063415239,-0.0168000192455753,0.0232452439966102,0.588362852449235,0.474635635752063,0.407856690433308,-0.999153206999638,0.529242456874377,0.0172745694749773,-0.017524535262042,0.0318062623386128,-0.0340891699949142,3.69235007412672,-0.0168006995594627,0.0232455353623996,0.588364551617649
45,0.452391953260919,0.392695508621512,-0.999098055260417,0.546394228497078,0.0173068790170278,-0.0178574964290427,0.0299840244982777,-0.0337527510641834,3.72051739970669,-0.0178438238292594,0.0249981847523522,0.5367066997031,0.45239157452326,0.39269580620064,-0.999098080203916,0.546394078920038,0.0173071523440757,-0.0178575119610178,0.0299842955919379,-0.0337527661365957,3.72051692404989,-0.0178444925757205,0.0249984413961386,0.536708353504221
46,0.42985744224923,0.376465769714746,-0.999041112773856,0.563288769300485,0.0173564616918391,-0.0180537617208353,0.0282072814791456,-0.0332063077663778,3.7462039414733,-0.0188124376940818,0.0267335140504656,0.489108799800615,0.429857071296787,0.376466067711069,-0.999041137496529,0.563288636087585,0.0173568181699469,-0.0180537702882278,0.0282075168009305,-0.0332063197222827,3.74620354756746,-0.0188130764468276,0.0267337368768724,0.489110395646094
47,0.407046265692243,0.359203599774587,-0.998982395197347,0.579830804112326,0.017425535717732,-0.0181096826548941,0.0264755112993363,-0.0324663300475347,3.76960410589125,-0.0197097655550077,0.0284376789558238,0.445234522189209,0.407045905163173,0.359203893384891,-0.998982419355413,0.579830686668309,0.0174259579896929,-0.0181096843072514,0.0264757129446428,-0.0324663389214283,3.76960379059414,-0.0197103608615252,0.0284378693851817,0.445236052096221
48,0.383972366258694,0.340947893914478,-0.998921948965267,0.595932305789051,0.017516069816752,-0.0180229061305138,0.0247874963224455,-0.0315481857875409,3.79089503338575,-0.0205394926395893,0.030098690674554,0.404745713206083,0.383972018574443,0.340948179093131,-0.998921972254936,0.595932202962162,0.0175165421037563,-0.0180229010458401,0.0247876669552853,-0.0315481917805174,3.79089479325022,-0.0205400352746358,0.0300988505955263,0.404747173202191
49,0.360649841013573,0.321739926092878,-0.998859826524231,0.611512117434411,0.0176297178398313,-0.0177923795977205,0.0231413341464283,-0.0304661867702847,3.81023726790465,-0.0213050296605895,0.0317059144304845,0.367312819547712,0.360649508363659,0.32174019947762,-0.998859848676912,0.611512027751846,0.0176302260702565,-0.0177923680628363,0.0231414767964015,-0.030466190208399,3.81023709936925,-0.0213055138910061,0.0317060461061904,0.367314209135216
50,0.337092932426113,0.301623244461311,-0.99879608632582,0.626495472063917,0.0177679055552299,-0.0174183659915413,0.0215346765181137,-0.0292336960270125,3.82777535341083,-0.0220094877047826,0.0332498909928652,0.332622171518587,0.337092616764805,0.301623503293593,-0.998796107103498,0.626495393916923,0.0177684374001565,-0.0174183483836524,0.0215347944161057,-0.0292336973209565,3.82777525296454,-0.0220099105993416,0.0332499969429312,0.332623493195706
51,0.313316019379179,0.280643561000256,-0.998730792800521,0.640813576625356,0.0179319009561574,-0.0169024458425911,0.0199649049366023,-0.0278632428965181,3.84363871213525,-0.0226556728593142,0.0347221877460185,0.300379886461786,0.313315722431776,0.280643803043898,-0.998730811991665,0.640813508408652,0.0179324457936848,-0.0169024226126414,0.0199650013858832,-0.0278632425060255,3.84363867645896,-0.0226560336658561,0.0347222706217909,0.300381145300366
52,0.289333608178735,0.258848635725533,-0.998664016312676,0.654403257351334,0.0181228709562105,-0.0162475064986697,0.0184292571974239,-0.0263666362499848,3.85794266275878,-0.023246093291223,0.0361152760649689,0.270313478609603,0.289333331455312,0.258848859186525,-0.998664033728825,0.654403197563322,0.0181234197836347,-0.0162474781567592,0.0184293354759942,-0.0263666346547101,3.85794268884644,-0.0232463928934594,0.036115338530065,0.270314681887226
53,0.265160323562188,0.236288155759904,-0.99859583309614,0.667206661150884,0.0183419271068879,-0.0154577185205232,0.0169249164951233,-0.0247550704471193,3.87078948332152,-0.0237829736854237,0.0374224314098309,0.242171960720206,0.265160068376874,0.236288359209348,-0.998595848569261,0.667206608461714,0.0183424724167687,-0.0154576856234419,0.0169249797847776,-0.024755068124551,3.87078956858366,-0.0237832141447022,0.0374224760339207,0.242173117603794
54,0.240810899704668,0.213013609576279,-0.99852632517036,0.679171006734165,0.0185901626302894,-0.0145384994444557,0.0154490723017788,-0.0230392212916716,3.88226945708097,-0.0242682735545675,0.0386376526331334,0.215724991859791,0.240810667198784,0.213013791877781,-0.998526338550936,0.679170960028592,0.0185906982635135,-0.0145384625852388,0.0154491236392845,-0.0230392187018595,3.8822695994331,-0.0242684577374483,0.0386376818030505,0.215726113137786
55,0.216300171222584,0.189078156729997,-0.998455580236579,0.690248378921761,0.0188686826978073,-0.0134964652337608,0.0139989601924167,-0.0212293309685709,3.89246186294567,-0.0247037070885052,0.0397555972924378,0.19076145394821,0.216299962390198,0.189078316972284,-0.998455591392373,0.69024833732314,0.0188692036840701,-0.0134964250330708,0.0139990024383057,-0.0212293285449725,3.89246206088407,-0.0247038383781657,0.0397556131422839,0.190762551804891
56,0.191643064174157,0.164536493408205,-0.998383691553899,0.700395559797672,0.0191786295459308,-0.0123393698684413,0.0125718861137539,-0.019335281990476,3.90143588813497,-0.0250907630226457,0.0407715301492791,0.167087715014429,0.191642879888844,0.164536630843303,-0.998383700369248,0.700395522678647,0.019179131939675,-0.0123393269675282,0.012571921934418,-0.019335280135977,3.90143614080172,-0.0250908451110113,0.0407715345092134,0.167088802838575
57,0.166854587056925,0.139444714134171,-0.998310757794954,0.709573890817011,0.0195212037221267,-0.0110760336469449,0.0111652392599464,-0.0173666607859331,3.9092514514155,-0.0254307235646795,0.0416812824407643,0.144525748303847,0.166854428098712,0.139444828121172,-0.998310764170495,0.709573857801531,0.0195216844399324,-0.0110759887019143,0.0111652711189239,-0.0173666598729951,3.90925175865425,-0.0254307603227461,0.0416812768033061,0.144526840517992
58,0.141949821802555,0.113860169973525,-0.998236882881041,0.717749160546959,0.0198976825022166,-0.00971626089314295,0.00977649667882447,-0.0153328118822548,3.91595993219399,-0.0257246817992103,0.0424812198956424,0.122911214102888,0.141949688884179,0.113860259927783,-0.998236886733715,0.717749131507358,0.0198981391659679,-0.00971621457025858,0.00977652683329723,-0.0153328122561378,3.91596029459719,-0.0257246772244703,0.0424812053979954,0.122912325994843
59,0.116943914769555,0.0878413235977805,-0.998162175796579,0.724891513325115,0.0203094363136521,-0.00827074787503126,0.00840322193193016,-0.0132428837806148,3.92160480504196,-0.0259735572409125,0.0431682178144914,0.102091568088827,0.116943808561276,0.0878413889452415,-0.998162177059801,0.7248914883771,0.0203098671024735,-0.00827070084677198,0.0084032524304531,-0.0132428857646483,3.92160522398892,-0.0259735154839223,0.0431681952358585,0.102092715619283
60,0.0918520677347762,0.0614476015680336,-0.998086750382891,0.730975374718266,0.0207579438311032,-0.00675098184717231,0.00704305952317276,-0.0111058676598042,3.92622218171057,-0.0261781093692774,0.0437396418390062,0.0819242306347468,0.0918519888870199,0.0614476417043969,-0.998086749006793,0.73097535421585,0.020758347344087,-0.00675093478875308,0.00704309220047406,-0.0111058715617125,3.92622265939436,-0.0261780348451671,0.0437396116130051,0.0819254301844234
61,0.0666895288848019,0.0347392442084269,-0.998010725111356,0.73597939023303,0.0212448062750928,-0.00516913222532777,0.00569372635279238,-0.00893063002508943,3.92984126394601,-0.0263389490776396,0.0441933332994046,0.0622748317293434,0.0666894780479061,0.0347392584629082,-0.998010721063028,0.735979374764638,0.0212451814062816,-0.00516908581136944,0.0056937628170498,-0.00893063614336275,3.92984180338477,-0.0263388466735365,0.0441932955434452,0.0622760997308938
62,0.0414715838085474,0.00777715344478496,-0.99793422283611,0.739886374256824,0.0217717613342739,-0.00353793498778807,0.00435300111194043,-0.00672594036946029,3.9324847108415,-0.0264565480268519,0.0445275982554364,0.0430155330488499,0.0414715616487863,0.00777714104840699,-0.997934216099805,0.739886364643002,0.0217721071612052,-0.00353788988874819,0.00435304271919527,-0.00672594899867229,3.93248531586662,-0.0264564234222743,0.0445275528218692,0.0430168854302276
63,0.0162135464925762,-0.0193772610113018,-0.997857370526542,0.742683266689992,0.0223406970407802,-0.00187057147235377,0.00301871228203915,-0.00450049485502632,3.93416892434355,-0.0265312459233058,0.0447411995419846,0.0240234201666192,0.0162135537034814,-0.0193773009526823,-0.997857361103854,0.742683263982257,0.0223410127281566,-0.00187052835022583,0.00301876009129906,-0.00450050628878969,3.93416959955259,-0.0265311060472227,0.0447411460996466,0.0240248715021479
64,-0.00906924967919122,-0.0466622367487321,-0.997780298979966,0.744361095168769,0.0229536658514135,-0.00018054280008875,0.00168872522282856,-0.0022629369642201,3.93490425605632,-0.0265632557130956,0.0448333512898109,0.00517895233166021,-0.00906921237145356,-0.0466623052760409,-0.997780286890036,0.74436110064807,0.0229539505703893,-0.000180502302388864,0.00168877992292795,-0.0022629514938552,3.93490500671481,-0.0265631094066236,0.0448332894599809,0.00518051464859632
65,-0.0343614609195456,-0.0740158146263324,-0.99770314251492,0.744914941177821,0.0236128991092436,0.00151845879601036,0.00036092870260977,-2.18760192702984e-05,3.93469513780191,-0.0265526669184705,0.0448037156012188,-0.0136355456045628,-0.0343613927583422,-0.0740159129423212,-0.997703127794783,0.744914956349519,0.023613151978707,0.00151849604418509,0.000360990502995841,-2.18939263896596e-05,3.93469596966314,-0.026552525681372,0.0448036451299198,-0.0136338649009435
66,-0.0596477420238976,-0.101375995236337,-0.997626038645675,0.744343908713942,0.0243208219942757,0.00321268042309567,-0.000966778853613729,0.00221409556863084,3.93354013755548,-0.0264994467624833,0.0446524010522867,-0.0325373677308883,-0.0596476422338849,-0.101376124712059,-0.997626021350937,0.744343935294739,0.0243210420517646,0.00321271383050228,-0.000966710379846438,0.00221407402864244,3.93354105655933,-0.0264993258415198,0.0446523221048531,-0.0325355686115609
67,-0.0849127553460003,-0.128680895471829,-0.997549127738611,0.742651094496033,0.0250800690003574,0.00488843942822337,-0.0022965031672617,0.004436385482528,3.93143194146673,-0.0264034394421011,0.0443799629966804,-0.0516449062273717,-0.0849126231570553,-0.128681057641495,-0.997549107944732,0.742651134385539,0.0250802552065967,0.00488846845466715,-0.00229642930453377,0.00443636011105862,3.93143295327048,-0.0264033591708753,0.044379876590453,-0.0516429999844133
68,-0.110141179761386,-0.155868904808187,-0.997472552651232,0.739843559023909,0.025893499875391,0.00653225340912159,-0.00363036774926007,0.00663638428743118,3.92835726175751,-0.0262643634748738,0.0439874056677818,-0.0710791442683671,-0.110141014447936,-0.155869101347939,-0.997472530455784,0.739843614249852,0.0258936511631957,0.00653227759054799,-0.00363029093933966,0.00663635499287213,3.92835837102867,-0.026264350845825,0.0439873142926704,-0.071077159057116
69,-0.135317719616469,-0.182878840909716,-0.997396458354666,0.735932298074935,0.0267642158541109,0.00813096800909378,-0.00497052715166873,0.00880544698722303,3.92429666935376,-0.026081807144221,0.0434761862141909,-0.0909651812246017,-0.135317520556097,-0.182879073594004,-0.997396433881066,0.735932370696496,0.0267643312349752,0.00813098699341946,-0.00497045138565282,0.00880541386232703,3.92429787873623,-0.0260818975493413,0.0434760947132406,-0.0909631695467601
70,-0.16042711366147,-0.209650104174711,-0.997320991540597,0.730932214498086,0.0276955758713388,0.00967188119476119,-0.00631917954819709,0.0109348724939339,3.91922434922789,-0.025855222155166,0.0428482209612821,-0.111433807350644,-0.160426880417193,-0.209650374801757,-0.997320964943957,0.730932306446127,0.0276956546114198,0.00967189479191036,-0.0063191108586514,0.0109348359296826,3.91922565787842,-0.0258554610889825,0.0428481377410465,-0.111431855695829
71,-0.185454143965767,-0.236122830835197,-0.997246300213696,0.724862090424175,0.0286912122495746,0.011142862756309,-0.00767857828292602,0.0130158801189896,3.91310777564844,-0.0255839157199589,0.0421058943626837,-0.132623142404801,-0.185453876396582,-0.236123141110454,-0.997246271689537,0.7248622032504,0.0286912541256909,0.011142871005596,-0.00767852532884309,0.0130158409651925,3.91310917722914,-0.0255843599814662,0.0421058329737083,-0.13262138328279
72,-0.210383644815169,-0.26223804423132,-0.997172533270776,0.717744560262719,0.0297550451038882,0.012532467824895,-0.00905104190411845,0.0150395821527831,3.90590730390693,-0.025267041350254,0.041252071288492,-0.154680349375899,-0.210383343218876,-0.262238395595123,-0.997172503067418,0.717744694763528,0.0297550507395791,0.0125324710815244,-0.00905101661152522,0.0150395419344534,3.90590878393335,-0.0252677589700653,0.041252052364271,-0.154678974955009
73,-0.235200511592082,-0.28793780388437,-0.997099840068107,0.709606085105257,0.0308912943763939,0.0138300432707637,-0.010438962026424,0.0169969515519397,3.89757567471417,-0.0249035888181655,0.0402901135691922,-0.17776342784472,-0.235200176882542,-0.287938197267797,-0.997099808503478,0.709606240782849,0.0308912656262683,0.0138300423100854,-0.0104389801967097,0.0169969127453385,3.89757720722777,-0.0249046564601735,0.0402901669705724,-0.177762703210334
74,-0.259889709641904,-0.313165351996395,-0.997028369978761,0.700476929408146,0.0321044879486915,0.0150258259291956,-0.0118448081264972,0.0188787837137161,3.88805742750714,-0.024492373937353,0.0392239020681987,-0.202043081194601,-0.259889343558826,-0.313165787488627,-0.997028337461954,0.700477103735618,0.0321044282555476,0.0150258220599741,-0.0118448898438791,0.0188787500723192,3.88805897117711,-0.0244938699008618,0.0392240687957811,-0.20204335378068
75,-0.28443628313232,-0.337865257007376,-0.996958271942366,0.690391141091603,0.0333994636587306,0.0161110316968584,-0.0132711280427067,0.0206756512977546,3.87728821958056,-0.0240320286312265,0.0380578659374955,-0.22770463732139,-0.284435888474529,-0.337865733420471,-0.996958238999412,0.690391328568689,0.0333993782442055,0.0161110268624701,-0.0132712976026485,0.0206756281916528,3.87728971358732,-0.0240340192175354,0.0380581989536563,-0.227706336105961
76,-0.308825363916432,-0.361983553842231,-0.996889694010561,0.679386536478246,0.0347813622051939,0.0170779346467202,-0.0147205424753919,0.0223778510780507,3.86519404960263,-0.0235209913728023,0.0367970211535119,-0.254949978260404,-0.308824944778412,-0.361984068167736,-0.996889661312204,0.679386727510978,0.0347812578720697,0.0170779314756154,-0.0147208274342483,0.0223778457663604,3.86519541004664,-0.0235235085292391,0.0367975836765224,-0.254953593548898
77,-0.333042180415186,-0.385467880478774,-0.99682278289247,0.667504691824822,0.0362556067635738,0.0179199354196647,-0.0161957311025475,0.0239753419010799,3.85169038722809,-0.0229574967529385,0.0354470206744038,-0.283999398148428,-0.333041742391307,-0.385468427248328,-0.996822751279027,0.667504871547269,0.0362554910127927,0.017919937167787,-0.016196159964889,0.0239753635972771,3.85169150532496,-0.0229605065869774,0.0354478800109199,-0.284005430529788
78,-0.357072066537497,-0.408267610464462,-0.996757683505557,0.654790943615265,0.0378278634782144,0.0186316182744724,-0.0176994069760758,0.0254576730479753,3.83668121607068,-0.0223395622069059,0.0340142191562026,-0.315093249146334,-0.357071616840332,-0.408268181056396,-0.996757654000293,0.654791090897589,0.0378277427033626,0.0186316285762164,-0.0177000050584571,0.0254577325584766,3.83668195982048,-0.0223429266791591,0.0340154334139913,-0.31510212210823
79,-0.380900470655108,-0.430333981006083,-0.996694538537686,0.641294400335334,0.0395039749010292,0.0192087962554131,-0.0192342744846227,0.0268139026609527,3.82005800606679,-0.0216649643156907,0.0325057526604433,-0.348493165908436,-0.380900018077966,-0.430334562983168,-0.996694512335997,0.641294487385034,0.0395038515775024,0.0192088186177193,-0.0192350578046452,0.0268140113421743,3.82005822734637,-0.021668407211967,0.0325073498627853,-0.348505097338132
80,-0.40451296463925,-0.451620216258512,-0.996633488025044,0.627067969267502,0.0412898556182141,0.0196485440350683,-0.0208029644251075,0.0280325065416756,3.80169864504863,-0.0209312019088971,0.0309296347874109,-0.384482527352933,-0.404512519287103,-0.451620792873482,-0.996633466443818,0.627067962363408,0.0412897248056021,0.0196485810547866,-0.0208039321299435,0.0280326743692586,3.80169819362698,-0.020934294847048,0.0309315854930754,-0.384497382687132
81,-0.427895252944749,-0.472081645454964,-0.9965746689464,0.612168403042951,0.0431913357477056,0.0199492180603383,-0.0224079376882212,0.0291012787108555,3.78146637983533,-0.0201354427321794,0.0292948666908992,-0.423365677658844,-0.42789482567361,-0.472082195506559,-0.996574653319148,0.61216826495874,0.0431911819120789,0.0199492704487311,-0.0224090645115968,0.0291015114514549,3.78146512421463,-0.0201376330467864,0.0292970571415304,-0.423382845642634
82,-0.451033181695651,-0.491675815561008,-0.996518214826701,0.596656372430925,0.0452139340231344,0.0201104637181904,-0.0240513469687319,0.0300072268979046,3.7592088460894,-0.0192744653611457,0.0276115598440681,-0.465465226144724,-0.451032783248238,-0.491676313801088,-0.996518206338738,0.596656066885825,0.0452137298101867,0.0201105293613198,-0.024052578195421,0.0300075227685893,3.7592066984807,-0.0192751602402639,0.0276137773787924,-0.465483579444104
83,-0.47391274769394,-0.510362598202446,-0.996464255333958,0.580596574251232,0.0473625379529036,0.0201332093650745,-0.0257348441371521,0.0307364690655299,3.73475730583779,-0.018344620538144,0.0258910714368933,-0.511116517179971,-0.473912387600097,-0.51036301645669,-0.996464254809585,0.580596072201731,0.0473622466302604,0.0201332827958047,-0.0257360959384369,0.0307368157928394,3.73475424580245,-0.0183433237016276,0.0258930175253529,-0.511134505806115
84,-0.496520107257234,-0.52810429070389,-0.99641291584715,0.564057886444854,0.0496409642358492,0.0200196473133636,-0.0274593196623447,0.0312741418092306,3.70792626470572,-0.017341852155904,0.0241461620424784,-0.560658045792436,-0.49651979266407,-0.52810459975623,-0.996412923524605,0.564057173254317,0.0496405466493391,0.0200197199960988,-0.027460486794853,0.0312745154041211,3.7079223544662,-0.0173383177550405,0.0241475014653862,-0.560673935466532
85,-0.518841584811624,-0.544865711153315,-0.996364316975605,0.547113586201692,0.0520513683077272,0.0197732022212904,-0.0292245596887309,0.0316043387089746,3.67851371117488,-0.016261812551639,0.0223911923276719,-0.614416218855236,-0.518841319484589,-0.544865883266147,-0.996364332326544,0.547112667973777,0.0520507934698171,0.0197732638477426,-0.0292255302457279,0.0316047051541943,3.67850909664242,-0.0162561581911137,0.0223916313907364,-0.61442841998364
86,-0.54086368122831,-0.560614287439208,-0.99631857402563,0.529841651585014,0.054593468317702,0.0193984876421948,-0.0310288057852962,0.031710106830794,3.64630231115168,-0.015100083121653,0.0206423742769256,-0.672682399415025,-0.54086346497789,-0.560614299184855,-0.996318595681401,0.529840558639989,0.0545927248160832,0.0193985282450005,-0.0310294798271848,0.0317104270591045,3.64629720670835,-0.0150928088142146,0.0206417432845979,-0.672689782050734
87,-0.56257308197896,-0.575320140165277,-0.996275796433944,0.512325172220603,0.057263547803214,0.0189012516244618,-0.0328682027482139,0.0315735426911997,3.61106200472128,-0.013852484595261,0.0189180774391204,-0.735679716467057,-0.562572910694118,-0.5753199751023,-0.996275822262508,0.512323958134258,0.0572626522553586,0.0189012639038131,-0.0328685097199387,0.0315737799318943,3.61105666509663,-0.013844380642517,0.0189163841043072,-0.735681805639964
88,-0.583956665255529,-0.588956159241068,-0.996236087208438,0.494652899761425,0.0600532071821844,0.0182883121390185,-0.0347361236983375,0.0311760447458094,3.57255458283457,-0.0125154531148731,0.01723916291712,-0.80351687056656,-0.583956531579199,-0.588955809946801,-0.996236114546134,0.494651635542312,0.0600522066906769,0.0182882932093312,-0.034736033742459,0.031176172165563,3.57254926945484,-0.0125074288389704,0.0172365931050891,-0.803513868417536
89,-0.605001510217855,-0.601498073820429,-0.996199542422715,0.476919972089415,0.0629478538468416,0.0175674828395623,-0.0366223735451149,0.0304987967643727,3.53054095117648,-0.0110864791211965,0.0156292895150975,-0.876126454848002,-0.605001404733952,-0.601497542908479,-0.996199568419296,0.476918736511286,0.0629468215185096,0.0175674347885148,-0.0366219000910914,0.0304988030122561,3.53053590127759,-0.011079375616313,0.0156261552998663,-0.876119108238615
90,-0.625694905485099,-0.61292451517256,-0.996166250797616,0.459228842005887,0.0659249629119771,0.0167474894652796,-0.0385122971206543,0.029523572627004,3.48479187740521,-0.00956463958343142,0.0141151169068346,-0.953186629645138,-0.625694818164123,-0.612923815141926,-0.996166272800096,0.45922771023418,0.0659239878555637,0.0167474185920262,-0.0385114912008915,0.0295234636291828,3.48478728200052,-0.00955908665531961,0.0141117746889906,-0.953176012604187
91,-0.646024357897428,-0.623217072060985,-0.996136293377143,0.441690422870445,0.0689522144836855,0.0158378772554778,-0.0403858615945902,0.0282339620490864,3.43510299926853,-0.00795127179198042,0.0127263185067256,-1.03402797432583,-0.646024279509462,-0.623216224064731,-0.996136309270712,0.441689455895201,0.0689513891680539,0.0158377923549752,-0.040384800669055,0.0282337587771567,3.43509899233445,-0.00794762002560612,0.0127230887719744,-1.03401526355283
92,-0.665977601481879,-0.6323603382735,-0.996109743280564,0.424425416873774,0.0719857244913637,0.0148489100417772,-0.0422168459514075,0.0266171071232298,3.38131464517304,-0.00625081916571302,0.0114953031526031,-1.11753267703175,-0.665977524732241,-0.632359370083592,-0.996109751722816,0.424424653840654,0.0719851324972193,0.0148488203828638,-0.04221562081282,0.0266168403797887,3.38131130304311,-0.00624914472735652,0.0114924167800009,-1.1175189748473
93,-0.685542606493379,-0.640341952058637,-0.996086665497302,0.407565699534518,0.0749687308442317,0.0137914620877678,-0.0439723489807466,0.0246659942654935,3.32333646003044,-0.00447182805788123,0.010456531679297,-1.20204129243431,-0.685542526735406,-0.640340895597104,-0.996086666015088,0.407565154141616,0.0749684372173078,0.0137913756777795,-0.0439710516871921,0.0246656981867821,3.32333380803729,-0.00447198483173101,0.0104541096348841,-1.20202751896755
94,-0.704707588378174,-0.647152627340588,-0.996067116689949,0.391255482313842,0.0778312508054594,0.0126769039740683,-0.0456129052474494,0.0223822452662805,3.2611758194889,-0.00262798797641573,0.00964529955181895,-1.28529244724357,-0.704707503867889,-0.647151516145219,-0.99606710964242,0.39125514343265,0.0778312960696751,0.0126768264813683,-0.0456116198030998,0.0223819512483754,3.26117384245263,-0.00262968133917195,0.00964336424415374,-1.28527929663857
95,-0.723461016514046,-0.652786176678997,-0.996051144979779,0.375651766101168,0.0804913325740585,0.0115169839486739,-0.0470935426231158,0.0197791822910556,3.19496752159909,-0.000739023005030458,0.00909589560025635,-1.36443036182633,-0.723460928260085,-0.652785043601513,-0.996051131416695,0.375651601941008,0.0804917304590479,0.0115169183664208,-0.0470923389473398,0.0197789145601386,3.19496617533891,-0.000741881933507495,0.00909439952332559,-1.36441830448434
96,-0.741791622603479,-0.657239526004959,-0.99603878970269,0.360923372010421,0.0828584920670503,0.0103237061571414,-0.0483660741837828,0.0168847167392531,3.1250004392135,0.00116884739909675,0.00883912954796787,-1.43611831579939,-0.741791533917568,-0.657238401337309,-0.996038771159548,0.360923336662078,0.0828592304171253,0.0103236530583312,-0.0483650050801203,0.0168844900721004,3.12499966121303,0.00116521129655426,0.00883798886870561,-1.43610762723103
97,-0.75968840861821,-0.660512721205363,-0.99603008113642,0.347247692101564,0.0848396506265329,0.00910920706382347,-0.0493827376964396,0.013743387263185,3.05173519663895,0.00306319464486243,0.00889938943863331,-1.49678561780552,-0.759688324488312,-0.660511631327118,-0.996030059408572,0.347247733131216,0.0848406947295344,0.00910916520943019,-0.0493818381887228,0.0137432067936338,3.05173491490435,0.00305914496078701,0.00889851325611243,-1.49677641813123
98,-0.777140654212137,-0.662608926656456,-0.996025040209411,0.334804395696742,0.0863473171365696,0.00788563131070753,-0.0501009574028614,0.010416756682243,2.9758063267304,0.00490667394699182,0.00929160637823201,-1.54300545645404,-0.777140580611674,-0.662607893211879,-0.996025017139757,0.3348044615318,0.0863486146946289,0.00788559837829066,-0.0501002457598677,0.0104166193441335,2.97580646655068,0.00490252323528644,0.00929091678688024,-1.54299775072989
99,-0.794137923536622,-0.663534415832355,-0.996023678207026,0.323765805073942,0.0873089736378203,0.00666500820821498,-0.0504885657477989,0.00698150143669621,2.8980036699938,0.0066593977092934,0.0100186976456588,-1.57195389232307,-0.794137866760049,-0.663533455386777,-0.996023655510584,0.323765851128897,0.0873104607340731,0.00666498147538618,-0.0504880456285232,0.00698139841030677,2.89800415847897,0.00665539387657305,0.010018140181243,-1.57194761573579
100,-0.810670071412986,-0.663298554137226,-0.996025996492521,0.314284537325255,0.0876759003939696,0.00545913005384139,-0.0505284496398635,0.00352496506506054,2.81923142077212,0.0082821629517335,0.0110701264543356,-1.58185266316244,-0.810670037499734,-0.663297678228199,-0.996025975629755,0.314284530200467,0.0876775076597474,0.0054591069206863,-0.0505281128745052,0.00352488456030551,2.81923218983431,0.00827848681752839,0.0110696702556413,-1.58184769615148
101,-0.826727248844366,-0.661913774127314,-0.996031986259509,0.306480072698356,0.0874293982526414,0.00427943340205379,-0.0502214896520544,0.000138624966807454,2.74044857818933,0.00973999941005721,0.0124220538685919,-1.57227670292098,-0.82672724312676,-0.661912989612581,-0.996031968360656,0.306479992204922,0.0874310565318621,0.00427941172008087,-0.0502213192795691,0.000138554792573673,2.74044956669962,0.00973676855380283,0.0124216871965337,-1.57227288866232
102,-0.842299907884401,-0.659395543297091,-0.99604162833044,0.300426701120091,0.0865828084248867,0.00313688437557095,-0.0495869768343274,-0.00308940752306535,2.66259982274574,0.0110053173607627,0.0140391976293389,-1.54423254860215,-0.842299934673564,-0.659394852902679,-0.996041614166032,0.300426540181605,0.0865844536162369,0.00313686261703061,-0.0495869501371597,-0.0030894779691252,2.66260097759521,0.0110025938027198,0.0140389215621381,-1.54422972031461
103,-0.857378805920139,-0.655762324599949,-0.996054893012033,0.296145358971837,0.0851788243928126,0.00204186912989693,-0.0486603540095459,-0.00608138294277881,2.5865487832984,0.0120599965609295,0.0158780572153118,-1.49998247773396,-0.857378868326759,-0.655761727581703,-0.99605488300079,0.296145121813122,0.0851804011209518,0.00204184642672878,-0.0486604453004267,-0.00608146145384571,2.58655005947981,0.0120577973075602,0.0158778783280134,-1.49998047238248
104,-0.871955009461621,-0.651035529858797,-0.996071740014664,0.293601048085205,0.0832828928549217,0.00100409053073974,-0.0474888657640619,-0.00877508851284931,2.51302490820417,0.0128960584389625,0.0178908160779776,-1.44267023185216,-0.871955109336646,-0.651035022705618,-0.996071734258418,0.293600747369431,0.083284356711736,0.00100406661703084,-0.0474890487271315,-0.00877517962101933,2.51302626839702,0.0128943666629564,0.0178907405302304,-1.44266889835114
105,-0.886019897553962,-0.645239466201426,-0.996092118439079,0.292706135169095,0.0809744435496085,3.24720511462479e-05,-0.0461261937499661,-0.0111264692655443,2.44259106739727,0.0135149631226015,0.0200291419460166,-1.37585814581993,-0.886020035527647,-0.645239043325203,-0.9960921167745,0.292705788741918,0.0809757620136874,3.24471558347019e-05,-0.04612644324369,-0.0111265744065013,2.44259248103696,0.0135137382253346,0.0200291722721898,-1.37585735911326
106,-0.899565164936599,-0.63840127563695,-0.996115966830345,0.293328452722208,0.0783379297633193,-0.000864930118710913,-0.0446272279270645,-0.0131096942721465,2.37563344653447,0.0139258990444258,0.0222472732630704,-1.30309104701484,-0.899565340531324,-0.638400930010375,-0.996115968888609,0.293328080565633,0.0783390818832415,-0.000864955413859865,-0.0446275212067807,-0.0131098123570522,2.37563488899599,0.0139250868787198,0.0222474055611315,-1.30309069042607
107,-0.912582825066905,-0.630550867878448,-0.996143213296499,0.295302275673611,0.0754552489927863,-0.00168100587931407,-0.0430438333528021,-0.0147152408745823,2.31237045237812,0.0141435851454048,0.024504078214048,-1.22756700621611,-0.912583036859855,-0.630550591596341,-0.996143218563854,0.295301897469026,0.0754562241100173,-0.00168103078856232,-0.0430441507568764,-0.0147153690510453,2.31237190462402,0.0141431253393539,0.0245043023437694,-1.22756697085112
108,-0.925065213106699,-0.621720846516354,-0.996173775687724,0.2984401086643,0.0724003719908368,-0.00240966016255812,-0.0414220180019201,-0.0159468263176736,2.25287460997817,0.0141860569565795,0.0267640839542625,-1.15194490364132,-0.925065458921422,-0.62172063126799,-0.996173783561724,0.298439742066878,0.0724011680390569,-0.0024096838212167,-0.0414223432265621,-0.015946960736659,2.25287605807037,0.0141858880264634,0.0267643851531231,-1.15194509420815
109,-0.937004988946438,-0.611946428656897,-0.996207561830667,0.302543629628902,0.069236294477147,-0.0030458712947487,-0.0398004948432684,-0.0168179747762852,2.19710096249535,0.0140727603714768,0.0289976698106098,-1.07827711788619,-0.937005266055314,-0.611946266105926,-0.996207571668787,0.302543289237093,0.0692369161630535,-0.00304589285690466,-0.0398008149162946,-0.0168181112575545,2.19710239694047,0.0140728234096652,0.0289980303461899,-1.07827745304246
110,-0.948395140315742,-0.601265358157753,-0.996244469812144,0.307412788438864,0.0660139490914107,-0.00358573819690231,-0.0382103729161312,-0.0173487932602929,2.14491659923435,0.0138231045944966,0.0311806951288188,-1.00803347910701,-0.94839544563884,-0.601265240232855,-0.996244480971149,0.307412485369195,0.0660144061060781,-0.00358575690964676,-0.0382106779651199,-0.0173489278069356,2.14491801439849,0.0138233457752595,0.0311810958404846,-1.00803388779997
111,-0.959228986004728,-0.589717812616279,-0.996284388306645,0.312852684183344,0.0627725135307244,-0.00402651595506673,-0.0366756177783112,-0.0175632748047646,2.09612771248365,0.0134554891823234,0.0332938192871992,-0.942178431917817,-0.959229316294442,-0.589717731720031,-0.996284400172342,0.312852426102476,0.0627728189256499,-0.00402653120843441,-0.0366759006805614,-0.0175634039529363,2.09612910608832,0.0134558609714177,0.0332942411708419,-0.942178853318594
112,-0.969500179201412,-0.577346304291414,-0.996327196942483,0.318678296218819,0.0595405544187385,-0.00436663939293498,-0.0352139431724026,-0.0174872364570701,2.05050230637461,0.0129867386099758,0.0353217120366919,-0.881269937436629,-0.969500531205803,-0.57734625343734,-0.99632720895036,0.318678087675503,0.0595407232303749,-0.00436665074756536,-0.0352141991549357,-0.0174873574746618,2.05050367901883,0.0129872002608241,0.0353221374058021,-0.881270319597522
113,-0.979202710936388,-0.564195575166309,-0.996372766701886,0.324717394905928,0.0563375572257707,-0.00460573438930264,-0.0338378732058849,-0.0171468629545133,2.00778799079004,0.0124318474218426,0.0372522814171481,-0.825558887801899,-0.979203081537158,-0.564195548055244,-0.99637277834973,0.324717237833312,0.056337605357566,-0.00460574158651005,-0.0338380994402323,-0.0171469739181975,2.00778934553101,0.0124323648882813,0.0372526946975775,-0.825559186422477
114,-0.988330913616592,-0.550312486383773,-0.996420960350934,0.330812047538484,0.0531755326391636,-0.00474461680100058,-0.0325558027788425,-0.016567758775037,1.96772511466704,0.0118039388681307,0.0390759880180294,-0.77507733415133,-0.98833129994001,-0.550312477430718,-0.996420971204809,0.330811941825172,0.053175475990238,-0.00474461975924577,-0.0325559980006671,-0.0165678585578179,1.96772645665527,0.011804484334111,0.0390763762089235,-0.775077511516658
115,-0.996879464624526,-0.535745902309557,-0.996471632895727,0.336819122628526,0.0500605150151426,-0.0047852789707655,-0.0313729593251721,-0.0157743911362625,1.93005590498122,0.011114356124944,0.0407852726489697,-0.729710804176701,-0.996879864125391,-0.535745906631645,-0.99647164259082,0.336819066687035,0.0500603688290699,-0.00478527777237017,-0.0313731234963084,-0.0157744793354785,1.93005724114175,0.0111149072843321,0.0407856255046564,-0.729710828330666
116,-1.00484338995676,-0.520546569499311,-0.996524632061654,0.342610133251069,0.0469938620916694,-0.00473086392294937,-0.0302922231853386,-0.0147898137636948,1.89453040899565,0.0103728257733857,0.0423740991088922,-0.689254284687526,-1.00484380047667,-0.520546582874449,-0.996524640299417,0.342610124538392,0.046993640492906,-0.00473085879440697,-0.0302923572075791,-0.0147898905943905,1.89453174774302,0.0103733649580147,0.0423744091186554,-0.689254128926577
117,-1.01221806787501,-0.504766990863441,-0.996579798792971,0.348070682668794,0.0439733264881328,-0.00458562747541311,-0.0293147981886745,-0.0136355804331355,1.86091000599124,0.00958765234251544,0.0438376006090173,-0.653453654135869,-1.01221848767685,-0.504767009667972,-0.996579805335868,0.348070718133881,0.043973042173661,-0.00458561876398219,-0.0293149036733489,-0.0136356466054403,1.86091135696047,0.00958816556427773,0.0438378628551209,-0.653453296911496
118,-1.01899923254387,-0.48846129534032,-0.996636967770206,0.353099702356851,0.0409939050897955,-0.00435488862163844,-0.028440742911085,-0.0123317790648568,1.8289691466397,0.00876591797823192,0.0451718132051759,-0.622035189772657,-1.01899966032471,-0.488461316472768,-0.996636972435158,0.353099778803964,0.0409935691469117,-0.00435487677015335,-0.028440822005489,-0.0123318356577447,1.82897052041017,0.00876639392670504,0.0451720251782185,-0.622034615128087
119,-1.02518297763076,-0.471685103402514,-0.996695967943097,0.357608612130169,0.0380484900428003,-0.0040449686611966,-0.02766938161167,-0.0108971368388663,1.79849584695706,0.00791367235814923,0.0463734789536525,-0.594725837806275,-1.02518341251496,-0.471685124199286,-0.996695970594531,0.357608726495885,0.0380481118692406,-0.00404495418223513,-0.0276694368818641,-0.0108971851769555,1.79849725473822,0.00791410138314722,0.0463736403994312,-0.594725036517752
120,-1.03076575984538,-0.454495388732995,-0.996756623076946,0.361520486123498,0.0351283514876009,-0.00366311967770218,-0.0269996161386591,-0.00934916269170134,1.76929133810804,0.00703610549614442,0.0474399030768397,-0.571266628019973,-1.03076620135963,-0.454495406880931,-0.996756623620163,0.361520635669465,0.0351279387967061,-0.00366310312717432,-0.0269996505088447,-0.00934920422571805,1.76929279134464,0.00703647854088014,0.0474400159887684,-0.571265599713498
121,-1.0357444023982,-0.436950336419049,-0.996818752310357,0.364769275502361,0.0322234822356607,-0.00321744307953128,-0.0264301590201284,-0.00770430549835753,1.74116916580982,0.00613770077148532,0.0483688519356784,-0.551421179209349,-1.03574485042907,-0.436950349869008,-0.996818750685762,0.364769457925883,0.032223041135728,-0.0032174250281736,-0.0264301757718249,-0.00770434168305354,1.74117067564891,0.00613800820388054,0.0483689208232708,-0.551419935797413
122,-1.04011609835907,-0.419109198020691,-0.996882170722362,0.367299116464015,0.0293228315636865,-0.0027167990193308,-0.0259597053786119,-0.00597811476260984,1.71395394703557,0.00522236729131688,0.0491584819149221,-0.534980806625546,-1.04011655309299,-0.419109204906074,-0.996882166901057,0.367299329927864,0.0293223667026238,-0.00271678002725637,-0.0259597081910291,-0.0059781469357765,1.71395552359859,0.00522259860444602,0.0491585137886679,-0.534979376678477
123,-1.04387841389852,-0.401032143878323,-0.996946689907073,0.369063737718113,0.0264144510674716,-0.00217070762756942,-0.0255870581946932,-0.00418539654200597,1.68747992595274,0.00429355610149412,0.0498072889864861,-0.521767359119566,-1.04387887574355,-0.401032142442489,-0.996946683888202,0.3690639808011,0.0264139658565284,-0.00217068821532556,-0.0255870512307731,-0.00418542578596715,1.68748157731813,0.00429369861712479,0.0498072945109391,-0.521765795061427
124,-1.04702929139607,-0.38278011303077,-0.997012118553953,0.370025972999111,0.0234855712263711,-0.00158924307322481,-0.0253112184772179,-0.00234036123140513,1.66158942231589,0.00335435906962392,0.0503140751968163,-0.51163461064408,-1.04702976088374,-0.382780101567937,-0.997012110364244,0.370026244552764,0.0234850681531572,-0.00158922368463848,-0.0253112065251288,-0.00234038818903645,1.66159115309247,0.0033543973849727,0.050314069985411,-0.511632997868213
125,-1.04956705240072,-0.364414661119764,-0.997078263031847,0.370157379469739,0.0205226234367049,-0.000982921541389948,-0.0251314492784182,-0.000456762336653278,1.63613123039314,0.00240759518684733,0.0506779260054133,-0.504468788224857,-1.04956753006602,-0.364414637935571,-0.997078252727844,0.370157678361043,0.0205221044775256,-0.000982902499271631,-0.0251314379239123,-0.000456786968514469,1.6361330397757,0.00240751107379486,0.0506779324822856,-0.50446725660958
126,-1.05149040042971,-0.34599780666104,-0.997144927974961,0.369437960891036,0.017511219031989,-0.000362584295815658,-0.0250473201924949,0.00145197300898478,1.6109590018244,0.00145588636480433,0.0508981955282039,-0.500188641458057,-1.05149088666674,-0.345997770061122,-0.997144915648581,0.369438285602434,0.0175106861785444,-0.000362565747985327,-0.0250473159971488,0.00145195175090886,1.61096088102125,0.00145565950425344,0.0508982453840753,-0.500187378857939
127,-1.05279842359098,-0.327591876065062,-0.997211916869137,0.367855994247595,0.01443609430809,0.000260722954197822,-0.0250587370982791,0.00337262006816831,1.58592962887035,0.000501725302637048,0.0509744975425687,-0.4987453254123,-1.05279891848354,-0.327591824383016,-0.997211902657186,0.36785634229613,0.0144355502150559,0.000260741100015082,-0.025058747739032,0.00337260467200421,1.5859315578378,0.000501335330533568,0.0509746346170244,-0.498744591732044
128,-1.05349059701423,-0.30925934779245,-0.997279032636957,0.365407959517345,0.0112810287970427,0.000875873122651246,-0.0251659603181111,0.00529203677521195,1.56090163336598,-0.000452462211076623,0.05090670108787,-0.500122270163641,-1.05349110014295,-0.309259279472095,-0.997279016735168,0.365408326650016,0.0112804775323371,0.000875891273356669,-0.0251659946156791,0.00529203171328696,1.560903576902,-0.000453031679348495,0.050906984142713,-0.500122408745518
129,-1.05356678507329,-0.291062696030822,-0.99734607822065,0.362098574059019,0.00802874297564972,0.00147178196574952,-0.025369612989324,0.00719704566769683,1.53573355993302,-0.00140425806969005,0.0506949303713496,-0.504335133658442,-1.05356729530674,-0.291062609781118,-0.997346060902362,0.362098953188089,0.00802819080996449,0.00147180091928786,-0.025369680718541,0.00719705802564161,1.53573546340281,-0.0014050128039933,0.0506954346411127,-0.504336574458046
130,-1.05302724338019,-0.273064234281842,-0.997412857162359,0.357940935384767,0.00466078126300931,0.00203753215480401,-0.0256706801803955,0.00907431474582796,1.51028236875078,-0.00235119295888872,0.0503395695511768,-0.51143187126045,-1.05302775866574,-0.273064129324739,-0.997412838800996,0.35794131525511,0.00466023736795866,0.00203755316147726,-0.0256707915249963,0.00907435484337008,1.51028415406622,-0.00235211856721443,0.0503403851003935,-0.511435117444276
131,-1.05187262052751,-0.255325959250649,-0.997479174182257,0.352956778691141,0.00115738660566857,0.00256249591254804,-0.0260704980303126,0.0109102345370114,1.48440182302695,-0.00329068456238124,0.0498412736915497,-0.521492895234327,-1.05187313771017,-0.255325835680178,-0.997479155274976,0.35295714233638,0.00115686344436078,0.00256252069002396,-0.0260706625355406,0.0109103163404958,1.48440338598343,-0.00329173457314374,0.0498424975856713,-0.521498482453797
132,-1.05010395955397,-0.237909395435953,-0.9975448357559,0.34717685826181,-0.00250262572191978,0.00303645494684956,-0.0265707308564009,0.0126907887855051,1.45794086928394,-0.00421996946642764,0.0492009879282694,-0.53463123268295,-1.05010447426608,-0.237909254697312,-0.997544816943132,0.347177181424545,-0.00250311261911458,0.00303648559422051,-0.0265709557577696,0.0126909297568517,1.4579420799346,-0.00422105252301636,0.049202706040994,-0.534639648905653
133,-1.04772269910805,-0.220875440828703,-0.997609650692967,0.340641464530854,-0.00634198516294727,0.00344971642601754,-0.0271733325855971,0.0144014164255139,1.43074201542955,-0.00513602179051599,0.0484199739802718,-0.550992500461987,-1.04772320578719,-0.220875286304463,-0.997609632765286,0.340641714402743,-0.00634241833326256,0.00344975517835517,-0.0271736205435287,0.0144016363244505,1.43074272348637,-0.00513699386267939,0.0484222306399339,-0.551004066350478
134,-1.04473067429185,-0.204284214139042,-0.997673430719137,0.333401090940249,-0.0103850601664731,0.00379322377298458,-0.0278804870239558,0.0160268629317648,1.40263972311349,-0.00603545589622285,0.0474998443530001,-0.570754418810731,-1.04473116639175,-0.204284051792702,-0.997673414600039,0.333401225785628,-0.0103854224247013,0.00379327254452189,-0.0278808335577675,0.0160271810549979,1.4026397701196,-0.006036123396721,0.0475025999978717,-0.570769138614242
135,-1.04113011718421,-0.188194903980971,-0.997735991060568,0.32551726626171,-0.0146579107528555,0.00405866107515657,-0.028694519335132,0.0175510198640709,1.37345884852454,-0.00691440892626016,0.0464425992916025,-0.594125437541425,-1.04113058763361,-0.188194742957186,-0.997735977753272,0.325517236672251,-0.0146581883378748,0.00405872078337493,-0.0286949105688446,0.0175514503988173,1.3734580874035,-0.00691455012278787,0.0464456845564464,-0.594142856007158
136,-1.03692365706792,-0.172665620443651,-0.997797151025778,0.317063568069246,-0.0191882728159068,0.00423854991133773,-0.0296177685815521,0.0189567526213236,1.34301319150123,-0.00776840427632253,0.0452506610542959,-0.621341873763717,-1.03692409899633,-0.172665473468781,-0.997797141516388,0.317063320619167,-0.0191884588544231,0.00423861968315442,-0.0296181802182489,0.0189572983917583,1.3430115117417,-0.0077678125700426,0.0452537457147102,-0.621360996842501
137,-1.03211432041642,-0.157753249455569,-0.997856734573685,0.308126830315826,-0.0240054370896109,0.00432633743122123,-0.0306524084061282,0.0202257186358209,1.31110424837455,-0.00859220163967717,0.0439269039453971,-0.652662740653822,-1.03211472809866,-0.1577531328432,-0.997856729693397,0.308126314075301,-0.0240055343083221,0.00432641394807316,-0.0306528069128644,0.0202263645176337,1.31110160206597,-0.00859074620311659,0.04392950687662,-0.652682082641122
138,-1.02670553071596,-0.143513310293856,-0.997914570851496,0.298808550472902,-0.0291399715998066,0.00431647469191301,-0.0318002000885296,0.0213381824165189,1.27752031157514,-0.00937964960439735,0.0424746985746816,-0.688361180245947,-1.02670590059891,-0.143513243368148,-0.997914571115941,0.298807726092164,-0.0291399931339425,0.00431655200807651,-0.0318005465385894,0.0213388906161583,1.27751673321503,-0.00937733118983375,0.0424762545556421,-0.688378964970265
139,-1.02070110819006,-0.129999816512807,-0.99797049468607,0.289226486323363,-0.034623218658885,0.00420448446102416,-0.0330621589686511,0.0222728406220852,1.24203612202415,-0.0101235384084704,0.0408979940862699,-0.728711059130551,-1.0207014397847,-0.129999820341592,-0.997970500145376,0.289225336361495,-0.0346231862450114,0.00420455460167969,-0.0330624150580918,0.022273550407243,1.24203173510146,-0.0101205203511914,0.0408979800159312,-0.728725542960795
140,-1.01410526944438,-0.117265140485493,-0.998024347019762,0.279516405037607,-0.0404864766009901,0.00398701803408555,-0.0344381120639086,0.0230066807334906,1.20441336268901,-0.0108154587911124,0.0392014910983224,-0.773966855217842,-1.01410556583335,-0.117265235966537,-0.998024357160989,0.279514943175312,-0.0404864163732862,0.0039870724205326,-0.0344382467973355,0.0230073143795226,1.20440836926995,-0.0108120498871013,0.0391995745104536,-0.773976675412633
141,-1.00692262696798,-0.105359881708164,-0.998075975295105,0.269833901880674,-0.0467597546653334,0.00366190086708749,-0.0359261225265663,0.0235149111701055,1.16440238643525,-0.0114456495533138,0.0373909383248469,-0.824334484663494,-1.0069228947266,-0.105360087239687,-0.9980759890333,0.269832178256688,-0.0467596916698006,0.00366193221692024,-0.0359261174689202,0.0235153857671128,1.16439704139242,-0.0114422401476982,0.0373870936496413,-0.824338915171006
142,-0.999158188343584,-0.0943327390421856,-0.998125233806953,0.260356136562686,-0.0534699707373494,0.003228166833858,-0.0375217572769966,0.0237710184417445,1.12174569683793,-0.0120028282422225,0.0354735664586595,-0.879930346652304,-0.999158436802015,-0.0943330681635143,-0.998125249581294,0.260354237076588,-0.0534699236559796,0.00322817089188016,-0.0375216087025937,0.0237712608010813,1.12174027339608,-0.0119998011072846,0.0354681080569008,-0.87992938145667
143,-0.990817354974735,-0.0842303871608762,-0.99817198404865,0.251283235776879,-0.0606384537506216,0.00268608072038124,-0.0392171816628911,0.0237470278720213,1.07618383445375,-0.0124740155300939,0.0334586376747561,-0.940725877919172,-0.990817594921484,-0.0842308466037524,-0.998172000012134,0.251281274734058,-0.0606384310224864,0.00268605720031862,-0.0392168992194961,0.02374698836243,1.07617858992058,-0.0124716681592941,0.0334521568691479,-0.940720137163365
144,-0.981905920159241,-0.0750973575899015,-0.998216095076032,0.242838977602179,-0.0682776287515249,0.0020371483822375,-0.0410000844452826,0.023414067412654,1.0274644331481,-0.0128444054109859,0.0313580841868872,-1.00647573501751,-0.981906162235923,-0.0750979461076639,-0.998216109341593,0.242837084908626,-0.0682776266255537,0.00203710082892415,-0.0409996873670304,0.023413728920886,1.02745958234276,-0.0128429089939653,0.0313513155536582,-1.0064662540607
145,-0.972430066415233,-0.0669759248247082,-0.998257443900735,0.235270211522318,-0.0763868238905053,0.0012841140089402,-0.0428524736473625,0.0227433553876311,0.975355246586921,-0.0130973607487777,0.029187209793521,-1.07662993230103,-0.972430319524553,-0.066976632992924,-0.998257454792931,0.235268517043926,-0.0763868263587817,0.00128404872170644,-0.0428519862541019,0.0227427353924969,0.975350946816759,-0.0130967613499342,0.029180876586668,-1.07661791892143
146,-0.962396362063693,-0.0599059980403812,-0.998295915907944,0.228844297809705,-0.0849472725603076,0.000430944174107458,-0.0447494436844922,0.0217077432903821,0.919661818003177,-0.0132146324185828,0.0269654293877637,-1.15023454808477,-0.96239663208738,-0.0599068090129061,-0.998295922171393,0.228842916004742,-0.0849472528455917,0.000430868646311003,-0.0447488917274951,0.0217068893365005,0.919658165513211,-0.0132148820246055,0.0269601165289697,-1.15022117691358
147,-0.951811757148477,-0.0539250188740575,-0.998331405280056,0.223843721471428,-0.0939166184406683,-0.000517201281615517,-0.0466580982790021,0.0202839273933998,0.860250060114591,-0.0131769066403477,0.0247170004443319,-1.22583254267105,-0.95181204617199,-0.0539259099016046,-0.998331406210751,0.22384273896269,-0.0939165417138288,-0.000517279887213024,-0.0466575069043406,0.0202829079767549,0.860247095290322,-0.0131779037707076,0.0247130818829662,-1.22581882061494
148,-0.940683578810562,-0.0490678656831663,-0.998363815400931,0.220557037566364,-0.103223578113467,-0.0015540111595169,-0.048536914089932,0.0184553742391627,0.797073199366256,-0.0129647737872209,0.0224716438500213,-1.30138570198138,-0.940683884921298,-0.049068810099936,-0.99836381088756,0.220556505309247,-0.103223405193148,-0.00155408712228768,-0.0485363073209328,0.0184542677780644,0.797070917032743,-0.0129663975935822,0.0224692676409936,-1.30137240634313
149,-0.929019526229736,-0.0453667645986814,-0.998393059215833,0.219265562173444,-0.112763842056361,-0.00267207700874387,-0.0503359216479401,0.0162158609775257,0.730201239314166,-0.012560178487636,0.0202648776577641,-1.37424899142912,-0.929019843838658,-0.0453677339635693,-0.998393049698032,0.219265492755191,-0.112763533839957,-0.00267214660550021,-0.0503353227052098,0.0162147452203713,0.73019960084265,-0.0125623074221534,0.020263993046995,-1.37423666353492
150,-0.916827665222749,-0.0428512076265236,-0.99841905952768,0.220225865591016,-0.122398686897138,-0.00386295874612232,-0.0519981143886493,0.0135733025427668,0.659849384005544,-0.0119483270105418,0.0181378083149654,-1.44123531293657,-0.916827985781788,-0.0428521737486322,-0.99841904589189,0.220226235303715,-0.122398209142988,-0.00386302029044073,-0.0519975460615188,0.0135722460174256,0.659848328926513,-0.0119508450822108,0.018138218620396,-1.44122428500208
151,-0.904116422562478,-0.0415478780076807,-0.998441749217742,0.223649202236152,-0.131957917878116,-0.00511726103441443,-0.0534624064954246,0.0105532533919891,0.586400087291763,-0.0111199031643286,0.0161361100361719,-1.49880478283264,-0.904116735517524,-0.0415488146625424,-0.99844173265737,0.223649956962089,-0.131957245804521,-0.00511731454459799,-0.0534618910329942,0.0105523097182834,0.58639954314266,-0.0111226985249209,0.0161375332055031,-1.49879521957416
152,-0.890894580070534,-0.0414805830212059,-0.998461071386058,0.229680378309815,-0.141248392092374,-0.00642471957298098,-0.0546681884210538,0.00720122206249179,0.510412261492841,-0.0100732725550088,0.0143079915762391,-1.54339096016525,-0.890894873894454,-0.0414814672492234,-0.99846105325202,0.229681441951371,-0.141247514152799,-0.00642476624957469,-0.0546677467435409,0.00720042723586078,0.510412151430597,-0.0100762339063144,0.0143101153621397,-1.54338290232228
153,-0.877171268538965,-0.0426701943941472,-0.99847697941253,0.238379781441213,-0.150068305200126,-0.00777429636575925,-0.0555610788142979,0.00358286774126522,0.432611607539188,-0.00881620462928208,0.0127011456687915,-1.57183523926189,-0.877171531716998,-0.0426710073479176,-0.99847696107515,0.238381065543729,-0.150067225408966,-0.00777433803459724,-0.0555607291765888,0.00358224003791692,0.432611855753678,-0.00881921981638407,0.0127036709692998,-1.5718286424223
154,-0.862955961549807,-0.0451345964576427,-0.998489436943751,0.249712725928126,-0.158225765421088,-0.00915428293838894,-0.0560989587918624,-0.000218597071103322,0.353858715342963,-0.00736659957764728,0.0113589789986645,-1.58185032912653,-0.862956183427438,-0.0451353238214564,-0.998489419679881,0.249714139201718,-0.158224503784612,-0.00915432156546783,-0.0560987152533086,-0.000219055164591249,0.353859250560237,-0.00736955786250049,0.0113616487479472,-1.58184509524003
155,-0.848258469274109,-0.0488886421537038,-0.998498417813355,0.263549343185611,-0.165558464283094,-0.0105524104137862,-0.0562570226817955,-0.00410786069713512,0.275096382603049,-0.00575184651429374,0.010316728596277,-1.57239793365811,-0.848258640715547,-0.0488892741951349,-0.998498402725372,0.263550799811227,-0.165557055214862,-0.010552447747971,-0.0562568937974212,-0.00410815924295332,0.27509714006363,-0.00575464392635759,0.010319342668351,-1.57239393501282
156,-0.83308893233516,-0.0539441169544667,-0.998503905905319,0.279675942942316,-0.171950303557476,-0.0119559653432631,-0.0560306195676605,-0.00798507842618702,0.197283157720244,-0.00400676333924057,0.00959824005624567,-1.54387011398402,-0.833089046173129,-0.0539446482867774,-0.998503893872687,0.2796773688473,-0.171948792546133,-0.0119560027010759,-0.05603060763749,-0.00798523620120855,0.197284080032606,-0.00400930929714717,0.0096006585712995,-1.54386721021712
157,-0.817457815808078,-0.0603097107111409,-0.998505894970372,0.297815827255253,-0.177341293534948,-0.0133519102119146,-0.055435169292939,-0.0117541348525953,0.121324242954823,-0.00217046844936478,0.00921409675876931,-1.49801676519583,-0.81745786709046,-0.0603101398500542,-0.998505886630264,0.297817163942604,-0.177339732665965,-0.0133519483896523,-0.0554352703375894,-0.011754175550641,0.121325280191274,-0.00217269169160271,0.00921623515329292,-1.49801481466718
158,-0.801375903399606,-0.0679909974109305,-0.998504388405563,0.317655175554588,-0.181728869321461,-0.0147270075576881,-0.0545032409896627,-0.0153299743119444,0.0480117222732702,-0.000282835500488617,0.00916144997295616,-1.43764251248,-0.801375889455351,-0.0679913262043658,-0.998504384156648,0.317656381499853,-0.181727312429941,-0.014727046840651,-0.0545034454293402,-0.0153299232510474,0.048012831621331,-0.000284687871887907,0.00916326928752902,-1.43764137887484
159,-0.784854291813619,-0.0769904227922795,-0.998499399006075,0.338868820017778,-0.185161196654721,-0.0160679466350642,-0.0532796332538359,-0.0186437195843411,-0.0220167914574926,0.00161875067004429,0.00942544677362317,-1.36616571362133,-0.784854212170099,-0.0769906557906936,-0.998499399028784,0.338869870008882,-0.185159694869459,-0.0160679868696101,-0.0532799271160257,-0.0186436011882154,-0.02201564621479,0.00161729321885946,0.00942694211019704,-1.36616526800005
160,-0.767904385268069,-0.0873072997534777,-0.998490948696915,0.361141653762207,-0.187724992973163,-0.0173614715141112,-0.0518156830055963,-0.0216450211138375,-0.0882972181308181,0.00350179605017262,0.00998178026263742,-1.28715858588103,-0.767904241456091,-0.0873074435746122,-0.998490952983796,0.361142536798456,-0.187723591189327,-0.0173615122104697,-0.0518160494155475,-0.0216448572432967,-0.0882960672009078,0.0035007348214213,0.00998296981776015,-1.28715870990355
161,-0.750537890096266,-0.0989378114848053,-0.998479068250334,0.384183388025347,-0.189531179378203,-0.018594509447783,-0.050163962237587,-0.0243018334592077,-0.15053726895264,0.00534002586971708,0.0107997269666514,-1.20396673047151,-0.750537685378734,-0.0989378742123524,-0.998479076641075,0.384184104446244,-0.189529913914655,-0.0185945498895115,-0.0501643829456451,-0.0243016425207987,-0.15053613715635,0.00533934276723024,0.0108006426265196,-1.20396731731534
162,-0.732766809344833,-0.111875022255916,-0.998463796993037,0.407736425556817,-0.190701295037131,-0.0197542982938655,-0.0483741332637568,-0.0265983211187315,-0.208599074209359,0.00711370572975508,0.0118450942768009,-1.11945895633764,-0.732766548401975,-0.111875012898427,-0.998463809210005,0.407736983970829,-0.190700192499915,-0.0197543376390265,-0.0483745900148432,-0.0265981177906636,-0.208597981577249,0.007113367681484,0.011845774353663,-1.11945991089825
163,-0.714603437273887,-0.126108895793641,-0.998445182505734,0.431578043129172,-0.191356540755593,-0.0208285117584193,-0.046490255412526,-0.0285317574688527,-0.262472704427613,0.0088092072582086,0.013082693096071,-1.03591095030299,-0.714603125873046,-0.126108823818714,-0.99844519818717,0.431578457554357,-0.191355617939917,-0.0208285491243879,-0.0464907310412563,-0.0285315528552715,-0.262471666757038,0.0088091709767505,0.0130831772068683,-1.03591218889496
164,-0.696060353669777,-0.141626321187107,-0.998423280316371,0.455518673843954,-0.191610160117258,-0.0218053812338714,-0.0445494541148457,-0.0301091710305758,-0.312246536620064,0.0104181264928284,0.0144781684718906,-0.954995692519453,-0.696059998342008,-0.141626196136928,-0.998423299045517,0.455518961296203,-0.191609424690005,-0.021805415762984,-0.0445499333219218,-0.0301089730692732,-0.312245565990261,0.0104183429854065,0.0144784942561958,-0.954997142279751
165,-0.677150417893345,-0.158411146254999,-0.998398153587614,0.479398026907053,-0.191562997487428,-0.0226738130336983,-0.0425816518636697,-0.0313442537648378,-0.358078814151822,0.0119362257776398,0.0159991913851923,-0.877842548457815,-0.677150025633196,-0.158410977442636,-0.99839817491694,0.479398205525371,-0.191562449175991,-0.022673843940344,-0.0425821216837979,-0.031344067750162,-0.358077919399486,0.0119366442327378,0.0159993926577515,-0.877844146610824
166,-0.657886762603169,-0.176444218303097,-0.998369872798595,0.503080388954951,-0.191301605164053,-0.0234234998703078,-0.0406100032027941,-0.0322547981591289,-0.400172944934201,0.0133623905918619,0.0176161132275664,-0.805130009597862,-0.657886340602587,-0.176444014584401,-0.998369896269002,0.503080476652755,-0.191301237207801,-0.0234235264714122,-0.0406104532123404,-0.0322546272817859,-0.400172132095958,0.0133629612586148,0.0176162192549708,-0.805131702764802
167,-0.638282787110378,-0.195703432189267,-0.99833851542077,0.526449978165606,-0.190898139081311,-0.024045025476145,-0.0386517158666292,-0.0328607393950664,-0.438757582844177,0.0146977098081222,0.0193022205522493,-0.737186488718302,-0.638282342533027,-0.195703201802486,-0.998338540576036,0.526449991738659,-0.190897939759338,-0.0240450472086848,-0.0386521381868096,-0.0328605852423001,-0.438756855566455,0.0146983863204993,0.019302255843327,-0.737188232025508
168,-0.618352150337444,-0.216163785598667,-0.998304165587559,0.549406818636485,-0.190411352813244,-0.0245299613315462,-0.036719020956263,-0.0331827620917892,-0.474071519844229,0.0159447244681154,0.0210337221762587,-0.674083755856116,-0.618351690135912,-0.216163536062453,-0.998304191984653,0.549406773238047,-0.19041130691328,-0.0245299777615083,-0.0367194100873292,-0.0331826250879984,-0.474070879758559,0.0159454660537612,0.0210337064473047,-0.674085512118392
169,-0.598108763367022,-0.237797441415351,-0.998266913757585,0.571863318336651,-0.189888156088545,-0.0248709545390207,-0.0348201385924969,-0.0332413762238744,-0.506352850716631,0.0171068510572274,0.0227895756556408,-0.615715723686639,-0.598108294142093,-0.237797179475122,-0.998266940973535,0.571863227233661,-0.18988824621662,-0.0248709653615474,-0.034820491151676,-0.0332412559910776,-0.506352297792839,0.017107622610902,0.0227895246678424,-0.615717463005799
170,-0.577566781577102,-0.260573797057637,-0.998226856371372,0.593741562761437,-0.189365370920365,-0.0250618059545078,-0.0329601537080938,-0.0330563530694255,-0.535831640846611,0.0181879562133159,0.0245512339454583,-0.561860658038072,-0.577566309476186,-0.260573528670519,-0.99822688400741,0.593741437285299,-0.189365578614431,-0.0250618109882042,-0.0329604681330125,-0.0330562487035336,-0.535831173722728,0.0181887286101478,0.0245511600496579,-0.561862356978046
171,-0.556740596366346,-0.28445956062508,-0.998184095501473,0.614971249562375,-0.188871459171801,-0.0250975377762611,-0.0311417646337349,-0.0326464207586026,-0.562725303609646,0.0191920585314861,0.0263023634929582,-0.512227876630767,-0.556740127017072,-0.284459290974684,-0.998184123185163,0.614971099186212,-0.188871765807716,-0.0250975369546923,-0.0311420408677029,-0.0326463310390465,-0.562724919894503,0.0191928084668991,0.0263022761899208,-0.512229517729812
172,-0.535644826479451,-0.309418833685711,-0.998138738496141,0.635488156603735,-0.188428099007939,-0.024974449888934,-0.0293658969973481,-0.0320291370277998,-0.587235977827104,0.0201231282684549,0.0280285663668187,-0.466491328941691,-0.535644364953728,-0.309418567218994,-0.998138765882086,0.635487989096379,-0.188428486499424,-0.0249744432504195,-0.0293661361813495,-0.032029060571043,-0.587235674379102,0.0201238378628802,0.0280284728341364,-0.466492900083692
173,-0.514294308946367,-0.335413200513005,-0.99809089761675,0.655233033316465,-0.188051556809658,-0.0246901643613449,-0.0276321919110108,-0.0312208763775905,-0.609549321383701,0.0209849599952167,0.0297171241112365,-0.424312774174345,-0.514293859749927,-0.335412940992603,-0.998090924386388,0.655232854935586,-0.188052008120414,-0.0246901520379733,-0.0276323960977151,-0.0312208117453953,-0.609549094561633,0.0209856162203769,0.0297170296634806,-0.424314267986353
174,-0.492704089651767,-0.362401823563433,-0.998040689669268,0.674150817020541,-0.187753843314272,-0.0242436576061393,-0.0259393848974086,-0.0302368863063839,-0.629834266590144,0.0217810975729716,0.0313567714110489,-0.385357083950984,-0.492703656734306,-0.362401574129981,-0.998040715530148,0.674150632719517,-0.187754342805045,-0.0242436398127533,-0.0259395567969012,-0.030236832079054,-0.629834112476471,0.0217816915893783,0.0313566798918258,-0.385358497231063
175,-0.470889413552876,-0.390341544967513,-0.997988235630165,0.692190092728469,-0.187543666005564,-0.0236352798257739,-0.0242855941070216,-0.0290913813342706,-0.648243397999365,0.0225147954925097,0.0329375017903057,-0.349301792693899,-0.470889000334199,-0.390341308207539,-0.997988260314999,0.692189906360373,-0.187544199641843,-0.0236352568493759,-0.0242857368688692,-0.0290913361575251,-0.64824331259683,0.0225153219605732,0.0329374158959928,-0.349303125873842
176,-0.448865714564717,-0.419186993790201,-0.99793366026718,0.709302731928203,-0.18742720077864,-0.022866761490592,-0.0226685355725993,-0.0277976540990035,-0.664913707645978,0.0231890046511586,0.0344504042123502,-0.315842572278795,-0.448865323972778,-0.419186771806165,-0.997933683532876,0.709302546436835,-0.187427756224967,-0.0228667336804465,-0.0226686526052849,-0.0277976167115904,-0.664913687048896,0.0231894610620069,0.0344503257536143,-0.315843828927684
177,-0.42664860513236,-0.448890698800232,-0.997877091755449,0.725443660796426,-0.187408709530094,-0.021941206720474,-0.0210856811070738,-0.0263681903957355,-0.679967555867081,0.0238063739509426,0.035887527753987,-0.284695899776715,-0.42664823964963,-0.44889049328013,-0.997877113382247,0.725443478388865,-0.187409276156082,-0.0219411744790842,-0.0210857759340607,-0.026368159643318,-0.679967596408424,0.0238067599801014,0.0358874578658999,-0.28469708612287
178,-0.404253865510009,-0.479403206472727,-0.997818661289509,0.740570720532098,-0.187491029857305,-0.0208630735703183,-0.0195343718865306,-0.0248147802864067,-0.693513720579688,0.0243692616209579,0.0372417708510486,-0.255599848372718,-0.404253527225171,-0.479403018757443,-0.997818681080285,0.740570542830012,-0.187491598680419,-0.0208630373454767,-0.0195344480384772,-0.0248147551258796,-0.693513818953257,0.0243695784794396,0.0372417101595101,-0.255600972788201
179,-0.381697432766773,-0.510673203934998,-0.997758502691738,0.754644592078156,-0.187675960581345,-0.0196381413508667,-0.0180118982710405,-0.0231486209269609,-0.705648457604452,0.0248797514092458,0.0385067915528616,-0.228313665232581,-0.381697123429351,-0.510673035082212,-0.997758520471496,0.754644420249559,-0.187676524159272,-0.0196381016284723,-0.0180119591990159,-0.023148600425537,-0.705648610973569,0.0248800017836319,0.0385067402642694,-0.228314738218706
180,-0.358995389539084,-0.542647646552211,-0.99769675201779,0.76762876478779,-0.187964563530707,-0.018273465247489,-0.0165155541623064,-0.0213804090552035,-0.716456522796955,0.0253396725975109,0.0396769352498507,-0.20261660167159,-0.358995110614976,-0.542647497396059,-0.997696767633357,0.76762859966039,-0.187965115815527,-0.0182734225443703,-0.0165156031730342,-0.0213803923856941,-0.716456728889733,0.025339859949648,0.0396768932777613,-0.202617635347955
181,-0.336163952549547,-0.575271889836999,-0.997633547159684,0.779489534021285,-0.188357398644957,-0.0167773186270375,-0.0150426723412741,-0.0195204225205147,-0.72601212623998,0.0257506196499502,0.0407471770591443,-0.178306310455796,-0.336163705275864,-0.575271761043012,-0.997633560479555,0.779489376177309,-0.188357934821855,-0.0167772734852322,-0.0150427125596462,-0.0195204089537513,-0.726012383424801,0.0257507479412356,0.0407471440867958,-0.178307318291909
182,-0.31321946091174,-0.608489825355465,-0.997569027447163,0.790196016646237,-0.188854706358196,-0.0151591235549995,-0.0135906457363855,-0.0175785911036513,-0.734379801923527,0.0261139716997126,0.0417130761022198,-0.155197021885455,-0.313219246349815,-0.608489717470696,-0.997569038361454,0.790195866501928,-0.188855222676427,-0.0151590765366891,-0.0135906800823627,-0.0175785800004193,-0.734380109271821,0.0261140451855385,0.0417130516222045,-0.155198018472744
183,-0.290178364240497,-0.642244020291509,-0.997503333248002,0.799720176325022,-0.189456548469073,-0.0134293701659141,-0.0121569383473194,-0.0155645573717264,-0.741615185046129,0.0264309107436784,0.042570739486874,-0.133117634373592,-0.290178183326211,-0.642243933789954,-0.997503341668453,0.799720034197337,-0.189457042072515,-0.013429321848856,-0.0121569695227635,-0.0155645481750879,-0.741615542384071,0.0264309338614657,0.04257072282456,-0.133118635221738
184,-0.267057210587095,-0.676475860321811,-0.99743660556794,0.808036852576877,-0.19016291638675,-0.0115995256487522,-0.0107390886246011,-0.0134877285668478,-0.747765694586142,0.0267024381387742,0.0433167941493342,-0.111909803336674,-0.267057064177865,-0.676475795645332,-0.997436611427928,0.808036718739702,-0.190163385149389,-0.0115994766220604,-0.0107391191052796,-0.0134877207955225,-0.747766102535877,0.0267024154800268,0.0433167844682917,-0.11191082466783
185,-0.243872634218695,-0.711125695445146,-0.997368985650972,0.815123789118804,-0.190973813718729,-0.00968193371997752,-0.00933470738830965,-0.0113573206336937,-0.752871122114792,0.0269293891474439,0.0439483650295661,-0.0914260764179452,-0.243872523136576,-0.711125653040119,-0.997368988905481,0.815123663850786,-0.190974256088778,-0.00968188458013845,-0.00933473941640811,-0.0113573138771401,-0.752871582124458,0.0269293255209804,0.0439483613201113,-0.0914271349335077
186,-0.22064134326136,-0.746132988401998,-0.997300614580725,0.820961658080806,-0.191889318589415,-0.00768970555965306,-0.00794147182484402,-0.00918239551129301,-0.75696412964311,0.0271124454236718,0.0444630583434027,-0.0715280988274232,-0.220641268331721,-0.746132968751894,-0.997300615206247,0.820961541706539,-0.191889733444521,-0.00768965690661906,-0.00794150739693106,-0.00918238942713609,-0.756964644003191,0.0271123460194787,0.044463059393278,-0.0715292114020752
187,-0.197380107225932,-0.781436465313748,-0.997231632883709,0.825534077475691,-0.192909629789634,-0.00563660327865562,-0.0065571166908896,-0.00697189278678458,-0.760070660101226,0.0272521454045542,0.0448589489597157,-0.0520848963610755,-0.197380069311078,-0.781436468967731,-0.997231630878051,0.825533970401616,-0.19291001630493,-0.00563655571181295,-0.00655715753564511,-0.00697188710134323,-0.760071231942084,0.0272520160742771,0.0448589533051778,-0.0520860796029277
188,-0.1741057444361,-0.816974268165021,-0.997162180135226,0.828827619868728,-0.194035099799932,-0.0035369170666732,-0.00517942354865719,-0.00473465675941066,-0.762210264179701,0.0273488926148085,0.0451345711027073,-0.0329712329915332,-0.174105744463026,-0.816974295762445,-0.99716217551723,0.828827522614538,-0.194035457330391,-0.00353687118039797,-0.00517947108766921,-0.00473465127228382,-0.762210897441486,0.0273487402919543,0.0451345769572401,-0.0329725025841891
189,-0.150835109378038,-0.852684108748039,-0.997092394568783,0.830831810600466,-0.195266256850595,-0.00140533724000448,-0.00380620863256939,-0.00247945990738886,-0.763396346952172,0.027402961910371,0.0452889117818824,-0.0140660330315913,-0.150835148359164,-0.852684161038453,-0.997092387377952,0.830831723826143,-0.195266584829386,-0.0014052936184074,-0.00380626391608092,-0.0024794545013585,-0.763397046313265,0.0274027952009508,0.0452889169393494,-0.0140674027400306
190,-0.127585079991133,-0.888503423684194,-0.997022412689844,0.831539114213182,-0.196603817429648,0.000743177535772629,-0.00243530978578056,-0.000215023698417181,-0.763636337106612,0.0274145037408948,0.0453214065137247,0.0047491464125665,-0.127585159036389,-0.888503501542061,-0.99702240298592,0.831539038740586,-0.196604115286398,0.000743218325398651,-0.00243537339463939,-0.000215018356350325,-0.763637107848271,0.0274143336730639,0.0453214082216682,0.00474766629176295
191,-0.104372544919426,-0.924369530135365,-0.996952368894834,0.830944907951621,-0.198048689980526,0.00289353453131341,-0.00106457279213793,0.00204996235764425,-0.762931780848355,0.0273835465075537,0.0452319370404307,0.0235916095125571,-0.104372665237425,-0.924369634568149,-0.996952356757353,0.830944844776973,-0.198048957091746,0.00289357194676124,-0.00106464469862517,0.00204996752667637,-0.762932628617265,0.0273833873839226,0.0452319318408948,0.0235900146772312
192,-0.0812143907435749,-0.960219781815857,-0.996882395096231,0.829047441369955,-0.199601969940703,0.00503064240115238,0.000308162614476255,0.00430682254393153,-0.761278361636603,0.0273099959619436,0.0450208308611629,0.0425790020415858,-0.0812145536288358,-0.960219913963482,-0.996882380624165,0.829047391666253,-0.199602205606642,0.00503067593734132,0.00030808325868784,0.00430682726697863,-0.761279292077619,0.0273098673318466,0.0450208144208422,0.0425772968402226
193,-0.0581274892136235,-0.995991724915569,-0.996812620354638,0.825847781217056,-0.201264925653047,0.00713954643601282,0.00168507686039289,0.00654687680430664,-0.758665846016307,0.0271936345205307,0.0446888625924919,0.0618307946693985,-0.0581276960155335,-0.99599188603809,-0.996812603666303,0.825847746323013,-0.201265129089104,0.00713957564357097,0.00168499202036119,0.00654688059208872,-0.758666864232052,0.0271935624193386,0.0446888294939019,0.0618289963581628
194,-0.0351286845030335,-1.03162325354541,-0.99674317051883,0.821349740902106,-0.203038973993509,0.00920556227067429,0.00306838455163535,0.00876142178593976,-0.755077954910543,0.0270341172981118,0.0442372571654714,0.0814697888217878,-0.0351289365708727,-1.03162344499437,-0.996743151752202,0.821349722284045,-0.203039144370319,0.00920558677904867,0.00306829768834593,0.00876142386201655,-0.755079064649235,0.0270341360856865,0.0442372007153458,0.0814679341642195
195,-0.0122347805044623,-1.06705276431732,-0.996674167874672,0.815559793962044,-0.20492564391555,0.0112144067055903,0.00446034812510543,0.0109417101795699,-0.750492158776473,0.0268309666300383,0.043667695085227,0.101623664450071,-0.0122350791014619,-1.06705298748487,-0.996674147188356,0.815559793134702,-0.204925780467591,0.0112144262546362,0.00446026467947182,0.0109417093886367,-0.750493361248134,0.0268311209650895,0.0436676071913568,0.101621817967067
196,0.0105374718120587,-1.1022193096738,-0.996605730803856,0.808486971112017,-0.206926525300053,0.013152324341183,0.00586329082855449,0.0130789274461033,-0.744879394189657,0.0265835649725157,0.0429823200613931,0.122426584384274,0.0105371256340918,-1.10221956591185,-0.996605708378992,0.808486989503353,-0.206926627506097,0.0131523388233758,0.00586321881151095,0.0130789221409125,-0.744880686413211,0.026583911534982,0.0429821912791336,0.122424848852987
197,0.0331713869580665,-1.13706274958537,-0.996537973453351,0.800142740684541,-0.209043199508489,0.0150062087702593,0.00727960862055248,0.0151641649682675,-0.738203698732351,0.0262911464294747,0.042183749437488,0.144020868702614,0.0331709925331876,-1.13706304008512,-0.996537949496886,0.800142779424292,-0.209043267348805,0.0150062182847309,0.00727955928473484,0.0151641528797511,-0.738205071306614,0.0262917547171733,0.0421835693685765,0.144019397685751
198,0.0556503573830561,-1.1715239012385,-0.996471005416519,0.790540872581604,-0.211277146866856,0.0167637171359161,0.00871178043731374,0.0171883886043678,-0.730421760540096,0.0259527873399619,0.0412750880068747,0.166558747153207,0.0556499146645462,-1.17152422685881,-0.996470980166314,0.790540932192461,-0.211277181145226,0.0167637220537961,0.0087117689606144,0.0171883667092471,-0.730423194763484,0.0259537384046659,0.0412748463255072,0.166557758505235
199,0.0779578658103973,-1.20554468634058,-0.996404931426832,0.779697286343608,-0.213629624853298,0.0184133769386465,0.010162376070483,0.0191424015534525,-0.721482378673234,0.0255673965103925,0.0402599459767395,0.190204189813439,0.0779573756712532,-1.20554504737299,-0.996404905159191,0.779697366319148,-0.213629627539315,0.0184133779751257,0.010162422108808,0.0191423659698669,-0.721483843026226,0.0255687779161533,0.0402596344719763,0.190203977647684
200,0.100077497438044,-1.2390682756734,-0.996339851065296,0.767629884661703,-0.216101508954647,0.019944684064666,0.0116340606142506,0.0210168003780797,-0.711325830797213,0.02513370568129,0.0391424621094534,0.215134803944785,0.100076962041774,-1.23906867153234,-0.996339824105387,0.767629982932046,-0.21610148344768,0.0199446823466752,0.0116341884769976,0.021016746343993,-0.711327276983113,0.0251356004376864,0.0391420782060537,0.215135744313482
201,0.121992951994332,-1.27203923052952,-0.996275858482879,0.754358374748138,-0.218693085898117,0.0213481911067948,0.0131295940393596,0.022801922991795,-0.699883145762941,0.0246502607723867,0.037927333454242,0.241543765756226,0.121992375228994,-1.27203965936131,-0.996275831218268,0.754358487068029,-0.218693037044688,0.0213481882158245,0.0131298321099325,0.0228018450119794,-0.699884504804269,0.0246527276104292,0.037926885627343,0.241546308712769
202,0.143688055646146,-1.30440364066882,-0.99621304213976,0.739904081604267,-0.221403786159331,0.022615585157889,0.0146518238557253,0.0244877874393988,-0.687075280985609,0.0241154126777119,0.0366198538226115,0.26964172717401,0.143687443597111,-1.30440409888334,-0.996213015036442,0.739904200956737,-0.22140371977763,0.0226155831152656,0.0146522027714873,0.0244876797144918,-0.687076460316827,0.0241184565841864,0.0366193688398257,0.269646364800568
203,0.165146772764678,-1.33610925843289,-0.996151484563993,0.724289759646762,-0.224231839158798,0.0237397543666353,0.0162036679874764,0.0260640204292392,-0.672812208705212,0.023527306344026,0.0352259638797623,0.299658591330206,0.165146134175967,-1.33610974018099,-0.996151458182708,0.724289875832776,-0.224231760792709,0.0237397555202599,0.0162042170659792,0.0260638776868563,-0.672813091707893,0.0235308401058314,0.0352254949519626,0.299665791923136
204,0.186353217560475,-1.36710562865604,-0.996091262133231,0.707539412723509,-0.227173830291234,0.024714842660072,0.0177880837789185,0.0275197748993136,-0.656991922185663,0.0228838623966755,0.0337523170307461,0.331844985336808,0.186352564202155,-1.36710612530401,-0.996091237141173,0.707539512385522,-0.227173743013794,0.0247148494289578,0.0177888253640703,0.0275195936989422,-0.656992372002881,0.022887666588056,0.0337519501804364,0.331855087939087
205,0.207291665599617,-1.39734421401443,-0.996032444883996,0.689678137760603,-0.230224133888156,0.0255362921399472,0.0194080174108845,0.0288436365152877,-0.639499383951729,0.0221827455845963,0.0322063658096623,0.366473161179826,0.207291012425954,-1.39734471370326,-0.996032422053489,0.68967820512561,-0.230224035272925,0.0255363065925793,0.0194089593605697,0.028843416958963,-0.639499253369619,0.022186441659239,0.0322062198720966,0.36648623827744
206,0.22794656519998,-1.42677851546596,-0.995975096352652,0.670732014784169,-0.233374190532642,0.0262008727617454,0.0210663260071882,0.0300235200243101,-0.620205454918648,0.0214213155073367,0.0305964730195688,0.403836924357534,0.227945930162909,-1.42677900288082,-0.995975076535123,0.670732033341519,-0.233374069461968,0.0262008960507948,0.0210674534736102,0.0300232675688634,-0.620204603187337,0.0214243734996466,0.0305966876518016,0.403852641670285
207,0.248302548675154,-1.45536418746041,-0.995919273449394,0.650728076647013,-0.236611591378364,0.0267066990064288,0.0227656625249757,0.0310465579690879,-0.59896586757551,0.0205965639523206,0.0289320491965822,0.444250018218585,0.248301952068683,-1.45536464395943,-0.995919257512554,0.650728031746499,-0.236611426012213,0.0267067307580813,0.022766931299255,0.0310462847666919,-0.598964183042753,0.0205983654132107,0.0289327572111233,0.444267542772484
208,0.268344443344745,-1.48305914764609,-0.995865026360512,0.629694406397347,-0.239918927249624,0.0270532333713524,0.0245083115727228,0.0318989865900068,-0.575620340334886,0.0197050610872639,0.0272237129155359,0.488042176223036,0.268343906615661,-1.48305955188845,-0.99586501508228,0.629694288367511,-0.23991868588139,0.0270532712177221,0.0245096459668199,0.031898711659898,-0.575617764996902,0.0197050206794039,0.0272250003483675,0.488060192371621
209,0.288057282177377,-1.50982368086543,-0.995812398465591,0.607660429820328,-0.243272357996452,0.0272412766966439,0.0262959625362865,0.032566037298019,-0.549991976047687,0.0187429354876568,0.0254834716891157,0.535551789754045,0.288056826249896,-1.50982401001845,-0.99581239239246,0.607660236817911,-0.24327200409661,0.0272413161700609,0.0262972605929012,0.0325657849545115,-0.549988525790165,0.0187406669028881,0.0254853345425498,0.535568656709551
210,0.307426313899303,-1.53562053730391,-0.995761426251256,0.584657496257205,-0.246639860017905,0.0272729455011079,0.0281294056131096,0.0330318472844091,-0.521887148871491,0.0177059527813479,0.0237249112655975,0.587113786873104,0.307425957207288,-1.53562076879247,-0.99576142554803,0.584657235868201,-0.246639361325498,0.027272980509311,0.02813055237359,0.0330316438500826,-0.521882922645511,0.017701409951742,0.023727232253643,0.587127824888839
211,0.326437012419978,-1.56041502470548,-0.995712139206406,0.560719872948892,-0.249979120517522,0.0271516368248029,0.0300081352808894,0.0332794108277158,-0.491096163656294,0.0165896886622226,0.0219634049606673,0.643040910159699,0.326436768968658,-1.56041513831868,-0.995712143540106,0.560719561717683,-0.249978460131181,0.0271516607274779,0.0300090217539957,0.0332792804290356,-0.491091337239376,0.0165832312205169,0.0219659617694644,0.643050731395435
212,0.345075085504871,-1.58417509456791,-0.995664559697279,0.535886316043646,-0.253235072204315,0.0268819812368886,0.0319298446400871,0.0332906045113325,-0.457395074051723,0.0153898042704116,0.0202163479896814,0.703596094419676,0.345074963334773,-1.58417507460679,-0.995664568200466,0.535885976723607,-0.253234258008164,0.0268819883037136,0.0319303876327453,0.033290565157144,-0.457389878850005,0.0153821463049773,0.0202188550130596,0.703600869882575
213,0.363326482738144,-1.60687142218038,-0.995618702841027,0.510202421697865,-0.256337110567814,0.0264697847607348,0.0338897955159349,0.0330463348474197,-0.420549168870218,0.0141023970157823,0.0185034203236233,0.768953264661013,0.363326483104651,-1.606871259269,-0.995618714181941,0.510202078772158,-0.256336179355166,0.0264697715718193,0.0338899524950356,0.0330463959362564,-0.420543861075109,0.0140944478645798,0.0185055902666102,0.768952841576012
214,0.381177402921887,-1.62847748027918,-0.995574576411058,0.483723994148508,-0.25919612100455,0.0259219604195447,0.0358800556423417,0.0325268754794412,-0.380318769582349,0.0127243984948561,0.0168468666274502,0.839143834441686,0.381177520344036,-1.62847717250512,-0.9955745889655,0.483723668738674,-0.259195135458703,0.0259219267069284,0.0358798305145096,0.032527037212208,-0.380313597674356,0.0127170595535874,0.016848466028725,0.839138683194248
215,0.398614301105578,-1.64896960602178,-0.995532180807511,0.456521675904564,-0.261701579709504,0.025246449943656,0.0378886118847313,0.0317124807262937,-0.336468097698025,0.0112540428247664,0.0152717431992918,0.913986903080136,0.398614524236111,-1.64896915921074,-0.995532192894883,0.456521381360792,-0.261700618983389,0.0252463985741547,0.0378880509370709,0.0317127350890816,-0.336463275696653,0.0112480295807184,0.0152726249964501,0.913977939202015
216,0.415623895414418,-1.66832706095309,-0.995491509112261,0.428687036942274,-0.263719191090289,0.0244521361318027,0.0398984028451516,0.0305843779639242,-0.288778017264167,0.00969144979007511,0.013806054537694,0.993003194757128,0.41562420851388,-1.66832648806674,-0.995491519239576,0.428686776135173,-0.263718337836433,0.0244520722768591,0.0398975831802709,0.0305847105392807,-0.28877370805176,0.00968718854040987,0.0138061638676287,0.99299155372728
217,0.432193173773407,-1.68653208367219,-0.99545254722721,0.400340168189196,-0.265089782515194,0.0235487464897118,0.0418863687950745,0.0291262445636922,-0.237063351833694,0.00803937099621143,0.0124806756180444,1.07531684165915,0.432193558483537,-1.68653140348679,-0.995452554286949,0.400339933004127,-0.265089109906606,0.0235486763299942,0.0418853832671858,0.0291266364835833,-0.237059661290425,0.00803698190024064,0.0124800364935287,1.07530367217843
218,0.448309400546219,-1.70356993498765,-0.995415274077999,0.371638511877714,-0.265630460604688,0.0225467490440777,0.0438226915460924,0.0273262512498351,-0.181195102998053,0.00630410988278058,0.0113289355193147,1.15955576768717,0.448309837660944,-1.7035691703168,-0.99541527746425,0.371638284831659,-0.265630022264012,0.0225466784645138,0.0438216341285618,0.0273266809340135,-0.181192082922863,0.00630345700299839,0.0113276297073057,1.15954208766369
219,0.463960123057865,-1.71942893544151,-0.995379661858486,0.342786137168389,-0.265139256250139,0.0214572415081042,0.0456704824739222,0.0251796832530456,-0.121127130174066,0.00449655654541918,0.0103857270708492,1.24377071820411,0.463960594058897,-1.71942811119535,-0.995379661490981,0.342785894626842,-0.265139080642298,0.0214571751414457,0.0456694367534627,0.0251801278997955,-0.121124786736985,0.00449733239449384,0.0103838736074164,1.24375733780183
220,0.479133177959972,-1.73410049515829,-0.995345676294163,0.314041933383755,-0.263404492828686,0.0202918351446672,0.0473862493322818,0.0226920146449634,-0.0569255995575722,0.0026331884548412,0.00968602033552878,1.3254033053446,0.479133666180573,-1.73409963649546,-0.995345672561865,0.314041649651713,-0.263404582254545,0.0202917759173314,0.0473852812813263,0.0226924515958771,-0.0569239042008435,0.00263500335527516,0.00968375910625163,1.3253908056047
221,0.493816697420176,-1.74757913601933,-0.995313276910748,0.285724361714667,-0.260219691031506,0.0190625347107271,0.0489214879515198,0.0198821052279313,0.0112021749176925,0.000736796044495496,0.00926271878318999,1.40134075858332,0.493817188792716,-1.74757826677549,-0.995313270560014,0.28572401323175,-0.260220024417173,0.0190624838528946,0.0489206428889798,0.019882513307067,0.0112032744692198,0.000739252889347007,0.00926019807880963,1.40132950751868
222,0.507999115155538,-1.75986250617503,-0.995282417302817,0.258209778349558,-0.255403781494853,0.0177816158175904,0.0502256455014833,0.0167849439755557,0.0828846739782512,-0.00116337455537357,0.00914392730671697,1.46809254575075,0.5079995985679,-1.75986164766942,-0.995282409299104,0.258209347312559,-0.255404319730491,0.017781573188192,0.0502249484268442,0.01678530479973,0.0828852440152432,-0.00116062854959593,0.00914129395385514,1.4680827335459
223,0.521669172367202,-1.77095138689525,-0.995253045403348,0.231921396450668,-0.248824720545465,0.0164615009594615,0.0512504410922545,0.0134531621193517,0.157575314467157,-0.00303236586157891,0.00934989779039539,1.522104246592,0.521669639694839,-1.77095055714416,-0.995253036792209,0.231920873354764,-0.248825413081735,0.0164614655123285,0.0512498993027361,0.0134534612839584,0.157575427543767,-0.00302961137849116,0.00934728909073625,1.52209592767826
224,0.534815923656751,-1.7808496917333,-0.995225103757292,0.207307185071477,-0.240422657235905,0.0151146353794902,0.051955117678125,0.00995651282874264,0.234559974558479,-0.00483133108582303,0.00989013847498295,1.56018448682995,0.534816369554676,-1.78084890504653,-0.995225095543494,0.207306569887727,-0.24042344880153,0.0151146056274999,0.0519547246915079,0.00995674077150447,0.234559703743928,-0.00482876530998394,0.00988767315861464,1.56017761804851
225,0.547428743006415,-1.78956445795447,-0.995198529801791,0.184807564615529,-0.23022738350072,0.0137533638480147,0.0523117481546174,0.00637878479417036,0.312986636735749,-0.00652036295018682,0.0107613079506171,1.57997045331864,0.547429164546225,-1.78956372485709,-0.995198522857414,0.1848068665732,-0.230228220045658,0.0137533382465442,0.0523114880759506,0.0063789371863693,0.312986051638947,-0.00651810498864319,0.0107590807080005,1.57996492765645
226,0.559497329885924,-1.79710583016194,-0.995173256153468,0.164817088552947,-0.218364888651069,0.0123898093758368,0.0523094324112074,0.00281220192104475,0.391916247207906,-0.00806195569590885,0.0119464914442634,1.58031912529797,0.559497726113079,-1.79710515756782,-0.995173251158555,0.164816324681863,-0.21836572196008,0.0123897865856658,0.0523092840410302,0.0028122795542595,0.391915411491385,-0.00806005991716156,0.0119445695472164,1.58031479929918
227,0.571011715512557,-1.80348703604824,-0.995149210900108,0.147647086072696,-0.205049969994536,0.0110357548180561,0.0519563046464358,-0.000649901160489128,0.470388308289,-0.00942444648880454,0.0134161814303036,1.56151112171303,0.57101208698348,-1.80348642761039,-0.99514920831424,0.147646278856805,-0.20505076069304,0.0110357338496181,0.0519562449339813,-0.000649892985017087,0.470387278329472,-0.00942291894131702,0.0134146036750598,1.56150783579656
228,0.581962269244684,-1.80872435421723,-0.995126317891821,0.133497000478793,-0.190565535550469,0.0097025283262782,0.0512787784225116,-0.00392075643443577,0.547490339333989,-0.0105847136372069,0.0151308533744037,1.52520282491251,0.581962617586639,-1.80872381078661,-0.995126317951757,0.133496175096194,-0.1905662544848,0.00970250858736355,0.0512787850592247,-0.0039208089094337,0.547489163702486,-0.0105835284562794,0.0151296317119697,1.52520041746979
229,0.592339705044709,-1.81283707405795,-0.995104497025886,0.122440213229532,-0.175232988308347,0.00840089365899799,0.0503182159563684,-0.00692668332498342,0.62241913283118,-0.0115295962148487,0.0170446039088927,1.47414223783407,0.592340032566237,-1.8128365941931,-0.995104499762863,0.122439394861281,-0.175233616513941,0.00840087493376566,0.050318269066246,-0.0069267853572999,0.622417852326193,-0.0115287098001074,0.0170437272880406,1.47414055422211
230,0.602135087914676,-1.8158474477039,-0.995083664519908,0.11442620503135,-0.159380240505013,0.00714094643874143,0.0491258898538511,-0.00961132506746521,0.69452427242473,-0.0122558692114038,0.0191090859147663,1.41173619500519,0.602135397281464,-1.8158470281862,-0.995083669789919,0.114425416623577,-0.159380768132832,0.00714092882449071,0.0491259728690488,-0.00961146452271573,0.694522920455912,-0.0122552311155386,0.0191085255166525,1.41173509273211
231,0.611339840192165,-1.81778063417232,-0.995063733169479,0.109296704922234,-0.14331366637412,0.00593201750630999,0.0477574280593343,-0.011937181797025,0.763329471938264,-0.0127689938669788,0.0212770150040972,1.34158763958876,0.61134013417326,-1.81778027049364,-0.995063740690441,0.109295965624284,-0.143314091004106,0.00593200132951279,0.0477575279519513,-0.0119373466068328,0.763328075116778,-0.012768554226655,0.0212767299703671,1.34158699085312
232,0.619945747596152,-1.81866463583818,-0.995044612588611,0.106810686929435,-0.127298128781156,0.00478258452365753,0.0462678239604872,-0.0138847312988517,0.82853274609041,-0.0130811089258503,0.0235047734013849,1.26710478622426,0.619946028878211,-1.81866432263897,-0.995044621979398,0.106810011261093,-0.127298453517217,0.00478257025122436,0.0462679310325041,-0.0138849103266779,0.828531324925796,-0.0130808228467003,0.0235047162823513,1.26710447868581
233,0.627944964928077,-1.81853022744988,-0.995026209433262,0.106672395980437,-0.111546364196989,0.00370019290262046,0.0447076939458654,-0.0154498795236349,0.889990330668979,-0.0132087771216782,0.0257539572803057,1.19123796166549,0.627945235990763,-1.81852995889472,-0.995026220250838,0.106671793648204,-0.111546595842964,0.00370018105932838,0.0447078013670986,-0.015450063148743,0.889988900307582,-0.0132086067242488,0.0257540786902261,1.1912378982886
234,0.63533002135659,-1.81741087793326,-0.995008427609912,0.108557642782399,-0.096216670251089,0.00269138700136866,0.0431209992871098,-0.0166405989029105,0.947690850996466,-0.0131708955070699,0.0279919730058135,1.11635161257881,0.63533028439971,-1.81741064801859,-0.995008439382038,0.108557118992398,-0.0962168177483354,0.00269137809985947,0.0431211025352539,-0.0166407793349093,0.947689421935851,-0.0131708102762566,0.0279922251441327,1.11635170991913
235,0.642093825239418,-1.81534266525722,-0.994991168472103,0.112135474578657,-0.0814165837961478,0.00176165236199113,0.0415440910762088,-0.0174734746247722,1.00172581771148,-0.012987006616968,0.0301919266423052,1.04420640682339,0.642094082151465,-1.81534246805118,-0.994991180724223,0.112135030669018,-0.081416657001081,0.00176164684885752,0.0415441873813776,-0.0174736459921857,1.00172439647047,-0.0129869829439128,0.0301922658542631,1.04420659430764
236,0.648229668458173,-1.8123641846494,-0.994974331008254,0.11708414903522,-0.0672100101616947,0.000915369591344154,0.0400057504845644,-0.0179706285280586,1.0522609840557,-0.0126760889020472,0.0323320797591079,0.976013687061047,0.648229920816172,-1.81236401446797,-0.994974343284059,0.11708378326889,-0.0672100189641311,0.000915367809544419,0.0400058383407698,-0.0179707868002418,1.05225957376945,-0.0126761089131036,0.0323324678986985,0.976013904322249
237,0.653731230259736,-1.80851645045876,-0.994957812023953,0.123101643564591,-0.0536256845284397,0.000155780323720905,0.0385278592417312,-0.0181572439249857,1.09951128361941,-0.0122557938141795,0.0343951012929126,0.912526569363608,0.653731479351138,-1.80851630198448,-0.994957823899796,0.123101351957335,-0.0536256382683519,0.000155782491321591,0.0385279380038985,-0.0181573867194286,1.09950988456201,-0.0122558445767832,0.0343955067426577,0.912526765836926
238,0.658592580610262,-1.80384279196492,-0.994941506321481,0.129911631982114,-0.0406655094042227,-0.000515034436680949,0.0371263879261142,-0.0180597324400318,1.14372052308556,-0.01174204579424,0.0363672802651253,0.854141108624317,0.658592827468979,-1.80384266031631,-0.994941517415311,0.129911409078145,-0.0406654165286229,-0.000515028235878848,0.0371264575100296,-0.0180598587772455,1.14371913312633,-0.0117421174902783,0.0363676773786881,0.854141241307929
239,0.662808183075944,-1.79838874343726,-0.994925306878827,0.137266081380942,-0.0283119449456172,-0.00109616343417301,0.0358124767451966,-0.0177044774268721,1.1851459373363,-0.0111489016099058,0.038237792906086,0.800991210225022,0.662808428525895,-1.79838862419707,-0.994925316854537,0.137265920935624,-0.0283118128307218,-0.00109615324982957,0.035812537422015,-0.0177045874718012,1.1851445523093,-0.0111489868823063,0.0382381619693217,0.800991242548132
240,0.666372897248938,-1.79220192874905,-0.994909105029866,0.1449455521576,-0.0165341082147894,-0.0015878617012643,0.0345934687957448,-0.0171170429629534,1.22404710828884,-0.0104885823516841,0.0399980735448564,0.753029352040062,0.666373141949756,-1.79220181795912,-0.994909113598035,0.144945447700619,-0.0165339431035088,-0.00158784770777901,0.034593521047655,-0.0171171377621865,1.22404572230693,-0.0104886755428977,0.039998400259739,0.753029252896669
241,0.669281980738495,-1.78533194085493,-0.994892790646783,0.152758082435125,-0.00529254434901857,-0.00199153459899766,0.0334738229230435,-0.0163217309240806,1.26067849047264,-0.0097716057161244,0.0416413010185864,0.710090798250397,0.669282225229267,-1.78533183498538,-0.994892797562799,0.152758027708091,-0.00529235136183651,-0.00199151708164229,0.0334738673534989,-0.0163218121623916,1.26067709619623,-0.00977170220944193,0.0416415757977821,0.710090541293766
242,0.671531090747464,-1.77783021644534,-0.994876252325301,0.160537308032797,0.00545720189249502,-0.00230970955582652,0.0324558790917734,-0.0153413824082299,1.29528474742865,-0.00900696821458207,0.0431619948943955,0.671942174942735,0.671531335485469,-1.77783011234481,-0.99487625738578,0.160537297308605,0.00545741870497384,-0.00230968889409731,0.0324559163780855,-0.0153414521938779,1.29528333630619,-0.0090070639150503,0.0431622121695828,0.671941738291658
243,0.673116285253609,-1.76974990609759,-0.994859377572948,0.168140263657642,0.0157620172672106,-0.00254599582063183,0.0315404766351741,-0.0141973408980622,1.32809818035705,-0.00820234418545289,0.0445557070282431,0.638316732714393,0.673116530645776,-1.76974980093061,-0.99485938061125,0.168140291955004,0.0157622548507736,-0.00254597247042405,0.0315405075121753,-0.0141974015773562,1.32809674286098,-0.0082024351176143,0.04455586466707,0.638316099170859
244,0.674034023813959,-1.76114574025029,-0.994842053000208,0.175445149446161,0.0256694462575835,-0.00270503266219741,0.0307274399548871,-0.0129095158755799,1.35933765464852,-0.00736428159209639,0.0458187912393526,0.608939019552871,0.67403427023939,-1.7611456314269,-0.994842053881695,0.17544521265441,0.0256697024713095,-0.00270500713779903,0.0307274652210594,-0.0129095698717333,1.35933618053639,-0.00736436358660467,0.0458188901548724,0.608938177471518
245,0.674281168009038,-1.75207389133512,-0.994824164514179,0.182349230241317,0.0352265235649768,-0.00279242656288265,0.0300159519159238,-0.0114965038824924,1.38920856074894,-0.0064983837717961,0.0469482345243011,0.583541530455939,0.674281415831341,-1.75207377643748,-0.994824163131764,0.182349325169279,0.0352267970920382,-0.00279239941913205,0.0300159724559513,-0.0114965535490708,1.38920703938788,-0.0064984522210892,0.0469482785608529,0.583540475457183
246,0.673854981542549,-1.74259183240795,-0.994805597514131,0.18876695598394,0.0444790546206272,-0.00281467806666,0.029404835910642,-0.00997573831773746,1.41790346340025,-0.00560947231296821,0.0479415353717256,0.561875508734436,0.673855231110984,-1.74259170911814,-0.994805593784561,0.188767080343158,0.0444793448699212,-0.00281464988094028,0.0294048527302976,-0.00997578579246685,1.41790188420411,-0.00560952198971727,0.0479415315590647,0.56187424651439
247,0.672753130010867,-1.73275819262831,-0.994786237088227,0.19462834124388,0.0534712180712675,-0.00277909904951905,0.0288927657716815,-0.00836364979180759,1.44560319031372,-0.00470172993241758,0.0487966173193069,0.543717627777852,0.672753381649473,-1.7327580586617,-0.994786230949515,0.194628493571099,0.0534715250609446,-0.00277907040255043,0.0288927800421151,-0.0083636968317207,1.44560154335634,-0.00470175488312578,0.0487965766009348,0.543716178330692
248,0.670973680355639,-1.72263260994354,-0.994765968210531,0.199877611876588,0.062245393288396,-0.00269372128190077,0.0284784198785657,-0.00667582627580583,1.47247818711831,-0.00377882432743095,0.0495117683755557,0.528873869208421,0.670973934339702,-1.72263246299285,-0.994765959620957,0.199877791393311,0.0622457174968468,-0.00269369273544055,0.0284784329869357,-0.00667587404909647,1.4724764640035,-0.00377881789095611,0.0495117069452715,0.528872272820757
249,0.668515100011858,-1.71227558134027,-0.994744675937353,0.204472110431662,0.070842140072096,-0.00256719724714396,0.0281605927544283,-0.00492716733152819,1.4986900224116,-0.00284401502080568,0.0500855990674559,0.517181567748319,0.668515356531336,-1.71227541903664,-0.994744664876536,0.204472316829064,0.0708424822364035,-0.00256716931518696,0.0281606063545152,-0.0049272161336846,1.49868821749763,-0.00284397012259902,0.050085540511832,0.517179893092324
250,0.665376255762821,-1.70174831103129,-0.994722245601926,0.208381444397982,0.0793002766236288,-0.00240869426033371,0.0279382745801278,-0.00313203002784351,1.52439296835597,-0.00190024638106366,0.0505170142953625,0.508510320076598,0.66537651487298,-1.70174813093087,-0.994722232074596,0.208381677524704,0.0793006374611236,-0.0024086673727981,0.0279382906453586,-0.00313207889446236,1.5243910804486,-0.00190015568126528,0.0505169921759909,0.508508674725317
251,0.661556412312601,-1.69111255695094,-0.994698563006456,0.211586859273011,0.0876570160156323,-0.00222778301291124,0.0278107065771275,-0.00130436630502923,1.5497356119199,-0.000950227989263313,0.0508051938105554,0.502762247575911,0.661556673873092,-1.69111235655867,-0.99469854704966,0.211587118694356,0.087657395846885,-0.00222775746587869,0.0278107274421845,-0.00130441248171552,1.54973364654969,-0.000950085042503857,0.0508052555557314,0.502760790670598
252,0.657055230585551,-1.68043047593584,-0.994673514610631,0.214080819563743,0.0959481315262953,-0.00203432172538084,0.0277774180859525,0.00054214712845929,1.5748624724836,3.49317151092906e-06,0.0509495803319894,0.499871947641644,0.657055494191043,-1.68043025278171,-0.994673496305212,0.214081103940388,0.095948529775254,-0.00203429761193056,0.0277774464520713,0.000542108897108092,1.5748604448556,3.69234673577722e-06,0.0509497914737048,0.499870903870181
