step,x_I,y_I,z_I,u_B,v_B,w_B,phi,theta,psi,p,q,r,ref_x,ref_y,ref_z,ref_xb,ref_yb,ref_zb,ref_phi,ref_theta,ref_psi,ref_p,ref_q,ref_r
1,0.75,0,-0.02,0,0,0,0,0,0,0,0,0,1,0,-1,0.5,3.06062330678537e-17,0,0.0254786850875829,1.55944441295558e-18,1.5707963267949,-3.11888882591116e-18,0.0509518570775537,0.499837717930802
2,0.750153953133726,0.000136619386016133,-0.0322604267855458,-0.00621686167034427,-0.00540074769012403,-0.490458502801677,0.0327027530807898,-0.0383039705569755,0.0255288845280031,1.3244966066541,-1.51779262687234,1.04602510457164,0.999687516435564,0.0249895832281062,-0.999999993782128,0.499530465710374,1.17317550073372e-05,0.000954429145819471,0.0255264806586956,0.00190963137383002,1.5958450480444,0.000955032371109163,0.0509492137025899,0.499837717930802
3,0.752008564942015,0.0019231416770121,-0.0661956579476593,-0.00426650921970801,-0.0202367871174658,-0.871366776558561,0.0962389407077963,-0.0912495899649176,0.101206613150366,1.4356296405385,-0.392828584760135,2.09205020917415,0.998750261967216,0.0499166702619608,-0.99999993789526,0.498123984064438,5.86357908939233e-05,0.00190012702872053,0.0256699807421884,0.00381132755436079,1.62096454023738,0.00190883855032929,0.0508025454571047,0.502662347913843
4,0.756912924549986,0.00769546591645007,-0.115200201265584,0.039039904685999,-7.30233663698391e-05,-1.11256454191635,0.117711558113567,-0.112015777276887,0.231188672941483,-0.0347129812984848,0.164232908033045,3.13807531371691,0.997188823490078,0.074718843623198,-0.99999975802024,0.495788669496649,0.000140797188575684,0.00282521040083056,0.0259096405803813,0.00569180288376268,1.64629688034647,0.00285896444914334,0.0505120944727096,0.50834385291657
5,0.764513552726025,0.0180416292667474,-0.172753063280143,0.112631530353999,0.0357003910922617,-1.24081382881958,0.0985447142185233,-0.121207869153276,0.415572074716815,0.130273148607638,0.255950811824686,4.18410035395985,0.995004175727835,0.0993339135852284,-0.999999380219633,0.49253930555115,0.000258507635139071,0.00371799600305955,0.0262462595275297,0.00753756827835442,1.6719865556867,0.00380286215341738,0.0500783626792788,0.516946823943482
6,0.774081658036553,0.0322865201496813,-0.233623909628582,0.207390967446888,0.0389843144459128,-1.26658974046565,0.0817300193875766,-0.11695439774929,0.6157766747395,0.166988562248313,0.626759098868472,3.71935591609153,0.99219767905327,0.123700073618408,-0.999998731023858,0.488397509633599,0.000412264245531778,0.00456712433609825,0.0266809598938346,0.00933480605207976,1.69818207810941,0.00473782356105564,0.0495021181546017,0.528568339147157
7,0.784816195503582,0.0497822056558564,-0.294164255561498,0.307069795152019,0.022571661211572,-1.2355652461078,0.0692080996417183,-0.0971116455096303,0.793250765332464,0.0963063043088187,0.696907985950985,3.25876250942798,0.98877107710601,0.147756054796044,-0.999997737512208,0.483391962638921,0.000602767908612797,0.00536168013922676,0.0272151519554177,0.011069237528271,1.72503760215821,0.00566090788738588,0.0487844061935765,0.54333801543985
8,0.79598137983379,0.0699089445014297,-0.352475182321202,0.390971081329831,-0.00586962514276283,-1.1707605490874,0.0612178326244032,-0.0733152911599224,0.949007253071477,0.115381366414041,0.654675726552462,2.87404467829329,0.984726494219424,0.171441278773507,-0.999996327388683,0.477558708985101,0.000830920225857684,0.00609130832747661,0.0278504808754377,0.0127259813276778,1.75271453693895,0.00656886042736507,0.0479265670024662,0.561417754028671
9,0.807004652591611,0.0920661039435729,-0.407510629884235,0.453519833374119,-0.0408846197722343,-1.08791950915818,0.0586772679915859,-0.0500741068563765,1.08654955323978,0.122190498336602,0.600395304695662,2.55191181548146,0.980066432669561,0.194696008955864,-0.999994429052622,0.470941533484964,0.00109781762280902,0.00674632418826719,0.0285887494337694,0.0142894009812731,1.7813831277383,0.00745801985812427,0.0469302628185248,0.583000848826721
10,0.817440236117756,0.115714936979021,-0.458788318933715,0.495053292939223,-0.0757274475530526,-0.998937156545594,0.0597477297034203,-0.0292317015859615,1.20911251718618,0.113916639209602,0.520697965615212,2.28902405339538,0.974793769760133,0.217461499473572,-0.999991971664236,0.46359242183527,0.00140474057711841,0.00731781670237184,0.0294318082367573,0.0157429418056202,1.81122396299884,0.00832421132748947,0.0457975183852883,0.60830997254822
11,0.826941295398249,0.140369229349758,-0.506192430746053,0.517950160073998,-0.106307339463698,-0.910793205893268,0.0628991675309578,-0.0119947917722278,1.31951976818443,0.101852273309918,0.437500633019673,2.07590251496965,0.968911754758852,0.239680141591068,-0.999988885205247,0.45557211090448,0.00175313507376199,0.00779774393008906,0.0303814024184112,0.0170689590821405,1.84242933283693,0.00916262271005814,0.0445307801464745,0.637593348688708
12,0.835245864765711,0.165593014802239,-0.549800669344692,0.525919196889664,-0.130586694887351,-0.827259835913762,0.0670414844501311,0.00146583320452262,1.42014797833601,0.0837768293743474,0.36092735234652,1.90578361664102,0.962424005701862,0.261295607179468,-0.99998510053495,0.446950732860597,0.00214458231995793,0.00817901949075046,0.0314389607606274,0.0182485429055559,1.8752043239707,0.00996766189304671,0.0431330013147985,0.671118146185141
13,0.842163283439202,0.191001363288033,-0.589791118771121,0.522691066481937,-0.147855870545471,-0.750123042665593,0.0713192250854588,0.0114224310101613,1.51302033686112,0.0622839527273297,0.293226146854757,1.77263761422434,0.955334506084644,0.282252988892158,-0.999980549442139,0.437808552616002,0.00258075139520128,0.0084555892610185,0.0326053097984148,0.0192613501620906,1.90976747931946,0.0107327940447798,0.0416077621502193,0.709159789556095
14,0.847563965927775,0.21626007857336,-0.626387594627896,0.511535517928183,-0.158346074340076,-0.679932800906943,0.0751887406662674,0.0183143902634687,1.59986227564743,0.0399253520429245,0.236103864885947,1.67115999391928,0.947647601459504,0.302498936690904,-0.999975164693511,0.428236789817845,0.00306332788003788,0.00862249752350298,0.0338802922324896,0.0200854616666628,1.94635077520851,0.0114503599149135,0.0399594372879236,0.751985465762985
15,0.851370216953103,0.241084690428661,-0.659828587887642,0.495147378053077,-0.162812771538969,-0.616550902054043,0.0783499531951983,0.0226526510483618,1.68215706979777,0.018357142976649,0.189570210562797,1.59692229252533,0.93936799596159,0.321981790380285,-0.999968880079304,0.418338502964708,0.00359390968979517,0.00867594191064669,0.0352622666701256,0.0206972933381414,1.98519857261056,0.0121113798772234,0.0381934245668744,0.799829662919231
16,0.853547407444462,0.265237807685941,-0.690351514430505,0.475641541496484,-0.162249140383981,-0.559504992404498,0.0806761682557599,0.0249357177933912,1.76118901076305,-0.00110269821343113,0.152751973704114,1.54620055574387,0.930500748787112,0.340651707819959,-0.999961630457149,0.408229491995717,0.00417385958720775,0.00861331660808819,0.0367474658610702,0.0210716051804479,2.0265650817392,0.0127053543899229,0.0363164519991336,0.852859181618197
17,0.854095759316289,0.288525110181132,-0.718185200616462,0.454624207825745,-0.157706417123198,-0.508194834663925,0.0821627335669943,0.0256102124371388,1.83807463458155,-0.0175950033793909,0.124426984721873,1.51584269151509,0.921051270648932,0.35846078849755,-0.999953351795351,0.398039144367541,0.00480410268968239,0.00843324340521122,0.038329195684227,0.0211816711060287,2.07070974875358,0.0132200806765909,0.0343369802556822,0.911124894488996
18,0.853042837414603,0.310790497620601,-0.743546673598111,0.433285558076202,-0.150184137637524,-0.46200674584721,0.0828819653670135,0.0250553137349667,1.91378506618967,-0.0306760040130576,0.103214607988462,1.50311219129312,0.911025320235648,0.375363192160117,-0.999943981217102,0.387911105874061,0.00548485768378558,0.00813559030668117,0.0399968709343837,0.0209996954966031,2.11788984883408,0.0136415185128781,0.032265715524631,0.97449791006013
19,0.850436860484944,0.331910868831188,-0.766640059785161,0.412490200577005,-0.140571155725174,-0.420370211378298,0.0829480139811519,0.0235787841728941,1.98915988619429,-0.0402304501935979,0.0877287025531835,1.50551157185238,0.900429000700147,0.391315252219206,-0.999933457047442,0.378003600233197,0.0062152939604666,0.00772147754575762,0.0417349114890604,0.0204975857151015,2.16834949116587,0.0139537552946865,0.0301162390007251,1.04258922077025
20,0.846340892153429,0.351790933080716,-0.787656406940375,0.392857309416515,-0.129620154915887,-0.382779970578398,0.0824908165840527,0.0214206043390438,2.06491274297393,-0.0463979632649259,0.0766714193586542,1.52059948807007,0.889268756201909,0.406275583663755,-0.999921718865185,0.368489153084861,0.00699311568079087,0.00719327096641191,0.0435215692625881,0.0196482063714828,2.22230427707668,0.014139140900891,0.0279057407025009,1.11465505430365
21,0.840827912676026,0.37035833626437,-0.806773864140968,0.374827229651181,-0.117943251156607,-0.348799267171554,0.0816373939102717,0.0187609491442017,2.1416287977451,-0.0495028947265631,0.0688851825137835,1.54581113495762,0.877551368523142,0.420205185236367,-0.999908707562408,0.359553405400466,0.00781409043786082,0.00655456286531695,0.0453278263085835,0.0184272378884544,2.2799211052119,0.0141786822939038,0.0256558123946138,1.18949570748819
22,0.833976734442709,0.387559275720626,-0.824157984957075,0.358714097166575,-0.106020351020261,-0.318053914388245,0.0804992487213533,0.015730526975446,2.21975446284274,-0.0499919413543499,0.0633805391240914,1.57829926742964,0.865283953771279,0.433067535651724,-0.999894365414527,0.351392647827579,0.00867156668527723,0.00581014050557528,0.0471165950114835,0.0168157190138425,2.34129321474833,0.0140527979325125,0.023393204041324,1.26536395558235
23,0.825868700599746,0.403354692126615,-0.839962080196891,0.344745136085744,-0.0942145622941864,-0.29022283631227,0.0791648327018403,0.0124220776799336,2.29958089362344,-0.0483813761578142,0.0593477155884222,1.61482236105159,0.852473959168589,0.44482868366038,-0.999878636164346,0.344209704182896,0.0095560598646314,0.00496594263130066,0.0488425465957579,0.0148032468177382,2.406411613824,0.0137425190977083,0.0211503824030323,1.33990938305247
24,0.816585092873406,0.41771706418333,-0.854327613540546,0.333087708581006,-0.0827907420403029,-0.265028177450669,0.0776962969560781,0.00890211091504727,2.38122422498593,-0.0452131613356834,0.0561569475193984,1.65171472494482,0.839129159913021,0.455457331785923,-0.999861465123714,0.338207883986253,0.0104550259576544,0.00402900442641332,0.0504529575162427,0.0123916212258082,2.47513557460146,0.0132311716618017,0.018965661698146,1.4101941779177
25,0.806205168421913,0.430627788574394,-0.867384651852536,0.323865489284966,-0.0719344553607357,-0.24222647012161,0.0761299313116446,0.00522202947177095,2.46460736879581,-0.0410186964459016,0.0533507020713979,1.684975220861,0.825257656072983,0.464924913586573,-0.999842799296455,0.333582955076576,0.0113529682230897,0.00300739147331683,0.0518899362592143,0.00959846309287567,2.54716668824887,0.0125064637177964,0.0168826330369057,1.47281822548535
26,0.794804743587297,0.442075099887379,-0.879252378982417,0.317165542147934,-0.0617694362138878,-0.221601410858327,0.0744797269722391,0.00142773785614792,2.54944975581185,-0.0362890772045246,0.0506293589808022,1.7104987977321,0.810867869454063,0.473205664311359,-0.999822587525928,0.330513475374164,0.0122320150891384,0.00191012337774572,0.0530942114530464,0.00646006419158228,2.62203252955113,0.0115627455295913,0.0149486446371867,1.52417907947319
27,0.782455243161085,0.452052469091552,-0.890039672184938,0.313038623391867,-0.0523722981408981,-0.202958290099848,0.0727433374867757,-0.00243317537571387,2.63527185546344,-0.0314513877756225,0.0478310732016399,1.72444294839067,0.795968540350528,0.480276684833145,-0.999800780669779,0.329150321649539,0.0130730410534682,0.000747087832312849,0.0540102964396783,0.00303256424950496,2.6990864327255,0.0104030362043986,0.0132122211761155,1.56086028999741
28,0.769223136368502,0.460557411776444,-0.899845731032594,0.311495571620551,-0.0437838836360304,-0.18611987836216,0.0709094166128478,-0.00630741868216195,2.72141975514924,-0.0268514447960681,0.044906484452571,1.72367321671329,0.780568724073528,0.486117998743587,-0.999777331803163,0.329606728518902,0.0138572711110469,-0.000471054014092597,0.0545923551204964,-0.000609355223918904,2.77752834820905,0.00904030267584009,0.0117195679473854,1.58009347720574
29,0.755169684827159,0.4675906362974,-0.908760742595297,0.312502891881376,-0.0360173095878993,-0.170923484883677,0.068965033055733,-0.0101354264644786,2.8071111827813,-0.0227440343192229,0.0418896119760886,1.70618567531186,0.764677787136699,0.490712602487495,-0.999752196449827,0.331950401927576,0.0145681414371271,-0.00173296994071921,0.0548096546296464,-0.00437662326949568,2.85644789206204,0.00749752053865501,0.0105106264517826,1.58019316675753
30,0.740350933119353,0.473155465327833,-0.916866564152111,0.31598031650163,-0.0290633766663392,-0.157218899531333,0.0669018115822337,-0.0138538437723466,2.89149886871378,-0.0192915617196673,0.0388673149239532,1.6713866156302,0.748305402983068,0.49404650839783,-0.999725332838287,0.336199117577194,0.0151930522505894,-0.00302676580664668,0.054650340653983,-0.00817240727535239,2.93488526979294,0.00580628800993716,0.00961540428481228,1.56084555768178
31,0.724817879284112,0.477257470499807,-0.924237405145872,0.321802154837105,-0.0228943891027986,-0.144866962577443,0.0647197701490599,-0.0173999985946369,2.97374195851688,-0.0165710538431477,0.0359504812986833,1.62013978320312,0.731461547156849,0.496108780472728,-0.999696702178058,0.342320615840065,0.0157246204106711,-0.00434010045732393,0.0541225717103531,-0.0119000872692998,3.01190063841394,0.00400414838215203,0.00905134959824347,1.52316233921088
32,0.70861677036025,0.479904267523019,-0.930940492508616,0.329802868422173,-0.0174674383857827,-0.133738556003796,0.0624284670113772,-0.0207169104992854,3.05307351789691,-0.0145880010795084,0.0332500659946228,1.55456313050136,0.714156491857957,0.496891562720097,-0.999666268949055,0.350236726917992,0.0161611553374116,-0.00566030534888052,0.0532527419663766,-0.0154710102966325,3.08663986128783,0.00213114918443297,0.00882231446590924,1.46948219227368
33,0.691789476788526,0.481105427387545,-0.937036706912149,0.339786000653789,-0.0127278574205557,-0.123713861579363,0.0600457997070428,-0.0237574719171204,3.12885325695689,-0.0132942999445178,0.0308601018950136,1.47763726252514,0.696400799859664,0.496390099891202,-0.999634001196205,0.359830815075978,0.0165063020014846,-0.00697450781052659,0.0520813242177688,-0.0188105592074177,3.15838573777247,0.000226358565786998,0.00891922916927495,1.40298270146281
34,0.674373908511987,0.480872467255603,-0.942581181167552,0.351534794130351,-0.00861304022925509,-0.11468177811785,0.0575953159782572,-0.0264869360870439,3.20059890912133,-0.0126071184202726,0.0288482522008403,1.39273765635973,0.678205317812656,0.494602750437432,-0.999599870821219,0.370957111337213,0.0167680206996766,-0.00826975680089621,0.0506574275986213,-0.0218616497586492,3.22658811538158,-0.00167500592795252,0.00932217351065702,1.32721519423435
35,0.656404444397269,0.479218891997302,-0.947623855396369,0.364822715258449,-0.00505639219688142,-0.106539429138941,0.0551030397333878,-0.0288835005165325,3.26799527464409,-0.0124259636817142,0.0272529971550755,1.30320372393202,0.659581168994053,0.491530991554386,-0.999563853864319,0.383450432979832,0.0169572107420604,-0.00953314994322156,0.0490332896455133,-0.0245855375404928,3.29087186669128,-0.00354344508929939,0.010003257089401,1.24567589463561
36,0.637912354571158,0.476160263822563,-0.952209986448549,0.379422529937658,-0.00199098209756,-0.0991917209995644,0.0525946210023777,-0.0309373107513717,3.3308846128587,-0.0126462578886045,0.0260856409340842,1.21202010072338,0.640539745582874,0.487179416220424,-0.999525930770289,0.397135087113776,0.0170862980528444,-0.0107519605697822,0.0472596517794068,-0.0269604455489544,3.35102638132048,-0.00535597213872366,0.0109296777947582,1.1614889842742
37,0.618926202023018,0.471714283054339,-0.956380611256684,0.395113225036815,0.000647487923482002,-0.0925509307882635,0.0500932600038902,-0.0326484769139756,3.38924456992817,-0.0131688443724589,0.0253351084689453,1.12163532721596,0.621092700552904,0.481555722186163,-0.999486086635,0.411832231440052,0.0171680240559822,-0.0119137634835898,0.045382506380996,-0.0289788321471539,3.40698272297952,-0.00709601107885919,0.0120664682589039,1.07722686123211
38,0.599472215184417,0.465900867799095,-0.960172965420696,0.411684665414034,0.00291859732031799,-0.0865363146742801,0.0476185112154047,-0.0340247043330429,3.44316009836144,-0.0139057011192806,0.0249738006115534,1.03390316591634,0.601251939271937,0.474670692920413,-0.999444311430274,0.427365429507882,0.0172145546993203,-0.0130065581563622,0.0434412687879284,-0.0306441142805615,3.45878487450957,-0.00875269527429872,0.0133786574163695,0.994852905084557
39,0.579574627191235,0.458742224148329,-0.963620859399739,0.428940268331969,0.00487601170639494,-0.0810737333251893,0.0451858452031607,-0.0350789924716651,3.49279459979554,-0.0147826065751415,0.0249633061829841,0.950111596832001,0.581029610886585,0.466538170562087,-0.999400600206366,0.443564478956569,0.0172369249468038,-0.0140188881184953,0.0414681426738985,-0.0319674638127588,3.50656027697583,-0.0103198643992617,0.0148327743150116,0.915751819846728
40,0.559255980335137,0.450262901648798,-0.966755015354648,0.44669815149624,0.00656704057094741,-0.0760952936144711,0.0428067487007979,-0.035827665076722,3.53836372125708,-0.0157396360967052,0.0252593000310124,0.871061709565969,0.560438099558095,0.457175020964455,-0.999354953272262,0.460267782107831,0.0172447692935503,-0.0149399553488972,0.0394883305700075,-0.0329650420364047,3.55049307664868,-0.011794992819471,0.0163977559510098,0.840809788798809
41,0.538537396063162,0.440489831177631,-0.96960336803441,0.464791225839272,0.00803274775433779,-0.0715390067135132,0.0404891412011656,-0.0362888316038321,3.58011353773873,-0.0167302895496572,0.0258153663604651,0.797165913552058,0.539490015599978,0.446601090947824,-0.999307376354542,0.477323595075581,0.0172462626875466,-0.0157597285330761,0.0375207477090555,-0.0336558197000299,3.5908018037855,-0.0131781977638305,0.0180453852497296,0.77051386342083
42,0.517438812033604,0.429452344132819,-0.972191333217625,0.483066633096542,0.00930841232758495,-0.0673484627599096,0.038237932186626,-0.036481272574186,3.61830358893119,-0.0177198792302303,0.026585748468737,0.728545219049309,0.518198186554784,0.434839157900314,-0.999257880735768,0.494590478836418,0.017248196764466,-0.0164690441235987,0.0355789669152522,-0.0340599828985939,3.62772194704311,-0.0144714011565527,0.0197503975296111,0.705050344623917
43,0.4959791883967,0.417182173091417,-0.974542047171058,0.50138482846136,0.0104241710763788,-0.0634725221042801,0.0360556011972865,-0.0364236865859259,3.65319446005426,-0.0186836217502609,0.027527162838652,0.665114667897471,0.496575648235985,0.421914871885663,-0.999206483373347,0.511937223873336,0.0172561301948414,-0.017059699207575,0.0336722081494823,-0.0341978467075068,3.6614931120549,-0.0156776663006048,0.0214903768199641,0.644391235167314
44,0.474176685804535,0.403713434894554,-0.976676580423799,0.519618513543953,0.0114057197316834,-0.0598650228685356,0.0339427336918972,-0.0361342189830441,3.68503921732182,-0.0196047177521855,0.0285998664715925,0.606652700892899,0.474635635752063,0.407856690433308,-0.999153206999638,0.529242456874377,0.0172745694749773,-0.017524535262042,0.0318062623386128,-0.0340891699949142,3.69235007412672,-0.0168006995594627,0.0232455353623996,0.588364551617649
45,0.452048817783026,0.389082597585267,-0.97861412891696,0.537651548612364,0.0122749939571003,-0.0564845042714816,0.0318984823178808,-0.0356301956964613,3.714077897737,-0.0204725823533761,0.0297681671436483,0.552854318776196,0.45239157452326,0.39269580620064,-0.999098080203916,0.546394078920038,0.0173071523440757,-0.0178575119610178,0.0299842955919379,-0.0337527661365957,3.72051692404989,-0.0178444925757205,0.0249984413961386,0.536708353504221
46,0.429612580097735,0.373328432839729,-0.980372185306343,0.555377918132545,0.0130507862552784,-0.0532939449140062,0.0299209461525098,-0.0349279986175666,3.74053429497359,-0.021281305481506,0.0310005426953345,0.503369940522581,0.429857071296787,0.376466067711069,-0.999041137496529,0.563288636087585,0.0173568181699469,-0.0180537702882278,0.0282075168009305,-0.0332063197222827,3.74620354756746,-0.0188130764468276,0.0267337368768724,0.489110395646094
47,0.406884559664358,0.356491955569799,-0.981966692893158,0.572700787020884,0.0137492799214887,-0.0502605149773412,0.028007472897286,-0.0340430338579499,3.7646143952767,-0.0220283675801485,0.0322695034694788,0.457832606647979,0.407045905163173,0.359203893384891,-0.998982419355413,0.579830686668309,0.0174259579896929,-0.0181096843072514,0.0264757129446428,-0.0324663389214283,3.76960379059414,-0.0197103608615252,0.0284378693851817,0.445236052096221
48,0.383881025424942,0.338616352296525,-0.98341218435409,0.589531662240921,0.0143844971312525,-0.0473553410831944,0.0261548944534284,-0.0329897578347077,3.78650594881033,-0.022713604257772,0.0335513001086535,0.415876186611597,0.383972018574443,0.340948179093131,-0.998921972254936,0.595932202962162,0.0175165421037563,-0.0180229010458401,0.0247876669552853,-0.0315481917805174,3.79089479325022,-0.0205400352746358,0.0300988505955263,0.404747173202191
49,0.360618003451395,0.31974689974819,-0.984721907150348,0.605789661133632,0.0149686673342372,-0.0445532824067682,0.0243597076637594,-0.0317817370106323,3.80637878583521,-0.0233383964348625,0.0348255510221957,0.377146921063671,0.360649508363659,0.32174019947762,-0.998859848676912,0.611512027751846,0.0176302260702565,-0.0177923680628363,0.0231414767964015,-0.030466190208399,3.81023709936925,-0.0213055138910061,0.0317060461061904,0.367314209135216
50,0.337111338361114,0.299930874958136,-0.985907937225358,0.621400880793841,0.0155125264417298,-0.0418327165318565,0.0226182112681052,-0.0304317252199044,3.82438559212385,-0.0239050550178293,0.0360748411627248,0.341310189068175,0.337092616764805,0.301623503293593,-0.998796107103498,0.626495393916923,0.0177684374001565,-0.0174183483836524,0.0215347944161057,-0.0292336973209565,3.82777525296454,-0.0220099105993416,0.0332499969429312,0.332623493195706
51,0.31337674294413,0.279217457951983,-0.986981282358145,0.636297859493564,0.016025558585992,-0.0391753334965119,0.0209266085158209,-0.0289517482365038,3.84066294139555,-0.0244163673876569,0.0372843262103313,0.308053956943293,0.313315722431776,0.280643803043898,-0.998730811991665,0.640813508408652,0.0179324457936848,-0.0169024226126414,0.0199650013858832,-0.0278632425060255,3.84363867645896,-0.0226560336658561,0.0347222706217909,0.300381145300366
52,0.289429837713179,0.257657627937374,-0.987951976327273,0.650419120013683,0.0165161917767135,-0.0365659364983908,0.019281083090264,-0.0273531891426629,3.85533244585728,-0.0248752745342735,0.0384413631937856,0.277089990702132,0.289333331455312,0.258848859186525,-0.998664033728825,0.654403197563322,0.0181234197836347,-0.0162474781567592,0.0184293354759942,-0.0263666346547101,3.85794268884644,-0.0232463928934594,0.036115338530065,0.270314681887226
53,0.265286181902672,0.235304053752047,-0.988829164858951,0.66370878477806,0.0169919574499998,-0.0339922478063156,0.0176778543550592,-0.0256468706373905,3.8685019324244,-0.0252846508904497,0.0395351791585835,0.248153612832638,0.265160068376874,0.236288359209348,-0.998595848569261,0.667206608461714,0.0183424724167687,-0.0154576856234419,0.0169249797847776,-0.024755068124551,3.87078956858366,-0.0237832141447022,0.0374224760339207,0.242173117603794
54,0.240961297263252,0.212210979192699,-0.989621184181241,0.676116253291219,0.0174596222469916,-0.0314447185508423,0.0161132165559022,-0.0238431320994537,3.88026658541773,-0.0256471628294497,0.0405565829292938,0.221002552912213,0.240810667198784,0.213013791877781,-0.998526338550936,0.679170960028592,0.0185906982635135,-0.0145384625852388,0.0154491236392845,-0.0230392187018595,3.8822695994331,-0.0242684577374483,0.0386376818030505,0.215726113137786
55,0.216470685828853,0.188434103739475,-0.990335632881936,0.687595933223164,0.0179252986927812,-0.0289163412318119,0.0145835655222718,-0.0219519002879701,3.89071001970669,-0.0259651857974468,0.0414977206221428,0.195415269728785,0.216299962390198,0.189078316972284,-0.998455591392373,0.69024833732314,0.0188692036840701,-0.0134964250330708,0.0139990024383057,-0.0212293285449725,3.89246206088407,-0.0247038383781657,0.0397556131422839,0.190762551804891
56,0.191829842674857,0.16403045910809,-0.990979437667292,0.698107017382389,0.0183945399404667,-0.0264024639742014,0.0130854155797101,-0.0199827532391064,3.89990526404263,-0.0262407638254749,0.042351872780593,0.171188997947767,0.191642879888844,0.164536630843303,-0.998383700369248,0.700395522678647,0.019179131939675,-0.0123393269675282,0.012571921934418,-0.019335280135977,3.90143614080172,-0.0250908451110113,0.0407715345092134,0.167088802838575
57,0.167054264540894,0.139058282001369,-0.991558913538901,0.707613299683507,0.0188724224723717,-0.0239006057745874,0.0116154087576616,-0.0179449773421619,3.90791564477678,-0.0264755985366441,0.0431132893874793,0.148137683734948,0.166854428098712,0.139444828121172,-0.998310764170495,0.709573857801531,0.0195216844399324,-0.0110759887019143,0.0111652711189239,-0.0173666598729951,3.90925175865425,-0.0254307603227461,0.0416812768033061,0.144526840517992
58,0.142159455060753,0.113576883391401,-0.992079818843066,0.7160830240136,0.0193636196256746,-0.0214102721996218,0.0101703179123286,-0.0158476178458196,3.9147955668427,-0.0266710576677569,0.0437770582089382,0.126089911735171,0.141949688884179,0.113860259927783,-0.998236886733715,0.717749131507358,0.0198981391659679,-0.00971621457025858,0.00977652683329723,-0.0153328122561378,3.91596029459719,-0.0257246772244703,0.0424812053979954,0.122912325994843
59,0.117160927225128,0.0876465146391179,-0.992547405597624,0.723488760622988,0.0198724680166978,-0.0189327712167683,0.00874704503735338,-0.0136995232150118,3.92059119295191,-0.0268281955520242,0.0443390016875219,0.104886883090649,0.116943808561276,0.0878413889452415,-0.998162177059801,0.7248914883771,0.0203098671024735,-0.00827070084677198,0.0084032524304531,-0.0132428857646483,3.92160522398892,-0.0259735154839223,0.0431681952358585,0.102092715619283
60,0.0920742036002824,0.0613282307466749,-0.992966465462335,0.729807305315821,0.0204030283454318,-0.0164710290494077,0.00734261577490967,-0.0115093838678851,3.92534102422594,-0.0269477799894746,0.0447955977316568,0.0843804751918671,0.0918519888870199,0.0614476417043969,-0.998086749006793,0.73097535421585,0.020758347344087,-0.00675093478875308,0.00704309220047406,-0.0111058715617125,3.92622265939436,-0.0261780348451671,0.0437396116130051,0.0819254301844234
61,0.0669148147365845,0.0346837510363791,-0.993341371688,0.73501959730269,0.0209591416329576,-0.0140294061478707,0.00595417094183886,-0.00928576589382297,3.92907638655315,-0.0270303215101227,0.0451439201037017,0.0644313944903385,0.0666894780479061,0.0347392584629082,-0.998010721063028,0.735979374764638,0.0212451814062816,-0.00516908581136944,0.0056937628170498,-0.00893063614336275,3.92984180338477,-0.0263388466735365,0.0441932955434452,0.0622760997308938
62,0.0416982961244079,0.00777531755530055,-0.993676117354333,0.739110652111182,0.0215444816430752,-0.011613513551014,0.00457895573274018,-0.00703714040171731,3.93182182722096,-0.0270761022653528,0.0453815945895909,0.0449074210020215,0.0414715616487863,0.00777714104840699,-0.997934216099805,0.739886364643002,0.0217721071612052,-0.00353788988874819,0.00435304271919527,-0.00672594899867229,3.93248531586662,-0.0264564234222743,0.0445275528218692,0.0430168854302276
63,0.0164401839899088,-0.019334448485254,-0.993974350185443,0.742069506439933,0.0221626040327138,-0.00923003007680367,0.00321430714294063,-0.00477190918173274,3.9335954261144,-0.0270852027187934,0.0455067676682323,0.0256817349808003,0.0162135537034814,-0.0193773009526823,-0.997857361103854,0.742683263982257,0.0223410127281566,-0.00187052835022583,0.00301876009129906,-0.00450050628878969,3.93416959955259,-0.0265311060472227,0.0447411460996466,0.0240248715021479
64,-0.00884398983134216,-0.0465826919135151,-0.994239404213403,0.743889172294307,0.0228169926372779,-0.0068865209234532,0.00185764006271792,-0.00249842738995559,3.93440902517726,-0.0270575249636514,0.0455180849317679,0.00663131105550372,-0.00906921237145356,-0.0466623052760409,-0.997780286890036,0.74436110064807,0.0229539505703893,-0.000180502302388864,0.00168877992292795,-0.0022629514938552,3.93490500671481,-0.0265631094066236,0.0448332894599809,0.00518051464859632
65,-0.0341387037503268,-0.073906470108602,-0.994474328543717,0.74456659816361,0.0235111031924169,-0.00459125838200738,0.000506432419507593,-0.000225023986301041,3.93426837904654,-0.0269928122431429,0.045414677091173,-0.0123646373408913,-0.0343613927583422,-0.0740159129423212,-0.997703127794783,0.744914956349519,0.023613151978707,0.00151849604418509,0.000360990502995841,-2.18939263896596e-05,3.93469596966314,-0.026552525681372,0.0448036451299198,-0.0136338649009435
66,-0.059428452855097,-0.101242900470078,-0.994681913460948,0.74410263539381,0.0242484047244902,-0.00235304546145579,-0.000841790300237932,0.00203997932151519,3.93317322884741,-0.0268906639838248,0.0451961517357948,-0.0314261834142354,-0.0596476422338849,-0.101376124712059,-0.997626021350937,0.744343935294739,0.0243210420517646,0.00321271383050228,-0.000966710379846438,0.00221407402864244,3.93354105655933,-0.0264993258415198,0.0446523221048531,-0.0325355686115609
67,-0.0846977557914895,-0.128529308483721,-0.994864714097882,0.742502008281811,0.0250324187783863,-0.000181043302344367,-0.00218947084768604,0.00428824985169042,3.9311173001612,-0.0267505466892355,0.0448625896450248,-0.0506742015675721,-0.0849126231570553,-0.128681057641495,-0.997549107944732,0.742651134385539,0.0250802552065967,0.00488846845466715,-0.00229642930453377,0.00443636011105862,3.93143295327048,-0.0264033591708753,0.044379876590453,-0.0516429999844133
68,-0.109931161994639,-0.15570337601062,-0.99502507187716,0.73977328676838,0.0258667565636813,0.00191539669234085,-0.00353903604050557,0.00651142563779313,3.92808822520305,-0.0265718006754821,0.0444145447257841,-0.0702318912650984,-0.110141014447936,-0.155869101347939,-0.997472530455784,0.739843614249852,0.0258936511631957,0.00653227759054799,-0.00363029093933966,0.00663635499287213,3.92835837102867,-0.026264350845825,0.0439873142926704,-0.071077159057116
69,-0.135113259192144,-0.182703289417849,-0.995165133920178,0.735928860939767,0.0267551540067195,0.00392689504702978,-0.00489291232026483,0.00870109619836204,3.92406738826939,-0.0263536428843669,0.043853047028896,-0.0902263294969664,-0.135317520556097,-0.182879073594004,-0.997396433881066,0.735932370696496,0.0267643312349752,0.00813098699341946,-0.00497045138565282,0.00880541386232703,3.92429787873623,-0.0260818975493413,0.0434760947132406,-0.0909631695467601
70,-0.160228681116181,-0.209467887162373,-0.995286870604227,0.730984916866133,0.0277015045653942,0.00584419975028193,-0.00625354069414079,0.0108487815117504,3.91902969259902,-0.0260951661200177,0.043179608637293,-0.110790069652016,-0.160426880417193,-0.209650374801757,-0.997320964943957,0.730932306446127,0.0276956546114198,0.00967189479191036,-0.0063191108586514,0.0109348359296826,3.91922565787842,-0.0258554610889825,0.0428481377410465,-0.111431855695829
71,-0.185262115375272,-0.235936806435558,-0.99539209143545,0.724961413610604,0.0287098894765779,0.00765833417254967,-0.00762339064512745,0.0129459082763451,3.9129432459854,-0.0257953351852089,0.0423962325401461,-0.132062801733974,-0.185453876396582,-0.236123141110454,-0.997246271689537,0.7248622032504,0.0286912541256909,0.011142871005596,-0.00767852532884309,0.0130158409651925,3.91310917722914,-0.0255843599814662,0.0421058329737083,-0.13262138328279
72,-0.210198311447651,-0.262050628473461,-0.995482459392188,0.717882061538937,0.0297846048580132,0.00936073642527847,-0.0090049724826836,0.014983782486793,3.90576896182872,-0.0254529804452188,0.0415054249080441,-0.154193085477988,-0.210383343218876,-0.262238395595123,-0.997172503067418,0.717744694763528,0.0297550507395791,0.0125324710815244,-0.00905101661152522,0.0150395419344534,3.90590878393335,-0.0252677589700653,0.041252052364271,-0.154678974955009
73,-0.235022088767828,-0.287751022137572,-0.995559503880954,0.709774302350307,0.0309301847541647,0.0109433892649278,-0.0104008474420828,0.0169535573074676,3.89746007192286,-0.0250667895173249,0.0405102115433217,-0.177340161192618,-0.235200176882542,-0.287938197267797,-0.997099808503478,0.709606240782849,0.0308912656262683,0.0138300423100854,-0.0104389801967097,0.0169969127453385,3.89757720722777,-0.0249046564601735,0.0402901669705724,-0.177762703210334
74,-0.259718344886866,-0.312980885371291,-0.995624632435617,0.700669291540457,0.0321514187463577,0.0123989397064907,-0.0118136346114515,0.018846195184907,3.88796154730733,-0.0246352979460088,0.0394141597042423,-0.20167583278739,-0.259889343558826,-0.313165787488627,-0.997028337461954,0.700477103735618,0.0321044282555476,0.0150258220599741,-0.0118448898438791,0.0188787500723192,3.88805897117711,-0.0244938699008618,0.0392240687957811,-0.20204335378068
75,-0.284272063695307,-0.337684484138175,-0.995679141279643,0.690601884305489,0.0334533621170808,0.0137208075862035,-0.0132460134389979,0.0206524231240708,3.87720942417722,-0.0241568795163742,0.0382214069250437,-0.227386402816456,-0.284435888474529,-0.337865733420471,-0.996958238999412,0.690391328568689,0.0333993782442055,0.0161110268624701,-0.0132712976026485,0.0206756281916528,3.87728971358732,-0.0240340192175354,0.0380581989536563,-0.227706336105961
76,-0.308668323706117,-0.36180758844797,-0.995724224861417,0.67961062621025,0.0348413357037981,0.014903282400441,-0.0147007201053192,0.0223626800793665,3.86513003348175,-0.023629736446643,0.036936698930377,-0.254674615105998,-0.308824944778412,-0.361984068167736,-0.996889661312204,0.679386727510978,0.0347812578720697,0.0170779314756154,-0.0147208274342483,0.0223778457663604,3.86519541004664,-0.0235235085292391,0.0367975836765224,-0.254953593548898
77,-0.332892306402662,-0.38529760507471,-0.995760984463921,0.667737750300874,0.0363209114067179,0.0159416078413232,-0.0161805353691108,0.0239670555086551,3.85163913598742,-0.0230518883346634,0.0355654390064905,-0.283761524554093,-0.333041742391307,-0.385468427248328,-0.996822751279027,0.667504871547269,0.0362554910127927,0.017919937167787,-0.016196159964889,0.0239753635972771,3.85169150532496,-0.0229605065869774,0.0354478800109199,-0.284005430529788
78,-0.356929304662325,-0.408103706567942,-0.995790435981863,0.655029182777073,0.0378978776400137,0.0168320535581855,-0.0176882605491828,0.0254552183651499,3.83664097012726,-0.0224211580188539,0.034113751809859,-0.314888153713723,-0.357071616840332,-0.408268181056396,-0.996757654000293,0.654791090897589,0.0378277427033626,0.0186316285762164,-0.0177000050584571,0.0254577325584766,3.83668195982048,-0.0223429266791591,0.0340154334139913,-0.31510212210823
79,-0.3807647312669,-0.430176956154992,-0.995813516951535,0.641534559909885,0.0395781769089406,0.0175719737380787,-0.0192266769289994,0.026816336168852,3.8200272287209,-0.0217351468088569,0.0325885620708778,-0.348316727016447,-0.380900018077966,-0.430334562983168,-0.996694512335997,0.641294487385034,0.0395038515775024,0.0192088186177193,-0.0192350578046452,0.0268140113421743,3.82005822734637,-0.021668407211967,0.0325073498627853,-0.348505097338132
80,-0.404384127502578,-0.451470428135033,-0.995831092909811,0.627307259724714,0.0413678048527209,0.0181598521839282,-0.0207984821275183,0.0280389844508508,3.80167599443149,-0.0209911964046002,0.0309976896705896,-0.384331141336263,-0.404512519287103,-0.451620792873482,-0.996633466443818,0.627067962363408,0.0412897248056021,0.0196485810547866,-0.0208039321299435,0.0280326743692586,3.80169819362698,-0.020934294847048,0.0309315854930754,-0.384497382687132
81,-0.427773171832004,-0.471939323383214,-0.995843963147606,0.612404453181416,0.0432726565200381,0.018595333628082,-0.0224061949444084,0.0291110479495688,3.78145068431326,-0.0201863342943499,0.0293499585729691,-0.423236194956775,-0.42789482567361,-0.472082195506559,-0.996574653319148,0.61216826495874,0.0431911819120789,0.0199492704487311,-0.0224090645115968,0.0291015114514549,3.78146512421463,-0.0201376330467864,0.0292970571415304,-0.423382845642634
82,-0.450917688590248,-0.491541079624283,-0.995852865909357,0.596887181339317,0.0452983016665517,0.0188792410967206,-0.0240520180931939,0.0300196167209461,3.75919908273765,-0.0193172143517668,0.0276553184970243,-0.465354894659814,-0.451032783248238,-0.491676313801088,-0.996518206338738,0.596656066885825,0.0452137298101867,0.0201105293613198,-0.024052578195421,0.0300075227685893,3.7592066984807,-0.0192751602402639,0.0276137773787924,-0.465483579444104
83,-0.473803656624571,-0.510235476204464,-0.995858483075352,0.580820467413236,0.0474496666275615,0.0190135792585339,-0.0257376464618826,0.0307508832638955,3.73475258163434,-0.0183800768478841,0.0259249792228395,-0.511022932149717,-0.473912387600097,-0.51036301645669,-0.996464254809585,0.580596072201731,0.0473622466302604,0.0201332827958047,-0.0257360959384369,0.0307368157928394,3.73475424580245,-0.0183433237016276,0.0258930175253529,-0.511134505806115
84,-0.496417217782598,-0.527984733178713,-0.995861444352424,0.564273475789128,0.0497305960050332,0.0190015239317002,-0.0274640072942537,0.0312900515006173,3.70792580012943,-0.017370768141859,0.0241715671678083,-0.560579105526338,-0.49651979266407,-0.52810459975623,-0.996412923524605,0.564057173254317,0.0496405466493391,0.0200197199960988,-0.027460486794853,0.0312745154041211,3.7079223544662,-0.0173383177550405,0.0241475014653862,-0.560673935466532
85,-0.518744685173996,-0.544753604610573,-0.995862330996633,0.547319733946396,0.0521432630967231,0.0188473982687273,-0.0292309179004123,0.0316212756921136,3.67851682592371,-0.016284854765766,0.0224093210138626,-0.614350085739117,-0.518841319484589,-0.544865883266147,-0.996364332326544,0.547112667973777,0.0520507934698171,0.0197732638477426,-0.0292255302457279,0.0316047051541943,3.67850909664242,-0.0162561581911137,0.0223916313907364,-0.61442841998364
86,-0.540772551193389,-0.560509466014908,-0.995861679102782,0.530037437789575,0.0546873944188792,0.018556636441468,-0.0310366459211771,0.0317276574939797,3.64630841172508,-0.0151178429661267,0.0206543418647108,-0.672627465627316,-0.54086346497789,-0.560614299184855,-0.996318595681401,0.529840558639989,0.0545927248160832,0.0193985282450005,-0.0310294798271848,0.0317104270591045,3.64629720670835,-0.0150928088142146,0.0206417432845979,-0.672689782050734
87,-0.562487495378634,-0.575222395833813,-0.995859982515675,0.51250986603517,0.0573592726476402,0.0181357357780648,-0.0328773575390466,0.0315913424776681,3.61107057363654,-0.0138654880885492,0.0189248984518967,-0.735634573901909,-0.562572910694118,-0.5753199751023,-0.996275822262508,0.512323958134258,0.0572626522553586,0.0189012639038131,-0.0328685097199387,0.0315737799318943,3.61105666509663,-0.013844380642517,0.0189163841043072,-0.735681805639964
88,-0.583876392249524,-0.588865250730954,-0.99585769543573,0.494825934454538,0.0601504881695027,0.0175921981832338,-0.03474644289291,0.0311937731959556,3.57256516926883,-0.0125241699833804,0.0172417601079358,-0.803480284503182,-0.583956531579199,-0.588955809946801,-0.996236114546134,0.494651635542312,0.0600522066906769,0.0182882932093312,-0.034736033742459,0.031176172165563,3.57254926945484,-0.0125074288389704,0.0172365931050891,-0.803513868417536
89,-0.604926319289717,-0.601413734364572,-0.99585523479446,0.47708092403033,0.0630464291270503,0.0169344613959565,-0.0366337197908682,0.0305161731760798,3.53055316284522,-0.0110913314354018,0.0156285018980827,-0.876097340953262,-0.605001404733952,-0.601497542908479,-0.996199568419296,0.476918736511286,0.0629468215185096,0.0175674347885148,-0.0366219000910914,0.0304988030122561,3.53053590127759,-0.011079375616313,0.0156261552998663,-0.876119108238615
90,-0.625624565187655,-0.6128464592133,-0.995852982459466,0.459377413865925,0.066024542165338,0.0161718204378559,-0.0385245420571093,0.0295403523976673,3.48480537350361,-0.00956601012353589,0.0141117067253393,-0.953164033942358,-0.625694818164123,-0.612923815141926,-0.996166272800096,0.45922771023418,0.0659239878555637,0.0167474185920262,-0.0385114912008915,0.0295234636291828,3.48478728200052,-0.00955908665531961,0.0141117746889906,-0.953176012604187
91,-0.645958638362742,-0.623145001020507,-0.995851287300293,0.441826431361226,0.0690524699681977,0.0153143396604449,-0.0403988821679427,0.0282499337808587,3.4351174843152,-0.00794951224971685,0.0127209770229304,-1.03401105579757,-0.646024279509462,-0.623216224064731,-0.996136309270712,0.441689455895201,0.0689513891680539,0.0158377923549752,-0.040384800669055,0.0282337587771567,3.43509899233445,-0.00794762002560612,0.0127230887719744,-1.03401526355283
92,-0.665916275710772,-0.63229394549124,-0.995850467118702,0.424548785315503,0.0720862829328051,0.0143727560915531,-0.0422305210175881,0.0266320905780849,3.38132986360667,-0.00624625816609685,0.0114886550797483,-1.11752069258416,-0.665977524732241,-0.632359370083592,-0.996109751722816,0.424424653840654,0.0719851324972193,0.0148488203828638,-0.04221562081282,0.0266168403797887,3.38131130304311,-0.00624914472735652,0.0114924167800009,-1.1175189748473
93,-0.685485451439817,-0.640280926988918,-0.995850810429657,0.407676455382398,0.075069167120338,0.0133583751819437,-0.0439865563368189,0.0246798392368256,3.32335219142217,-0.00446477881677713,0.0104491380373066,-1.2020335839624,-0.685542526735406,-0.640340895597104,-0.996086666015088,0.407565154141616,0.0749684372173078,0.0137913756777795,-0.0439710516871921,0.0246656981867821,3.32333380803729,-0.00447198483173101,0.0104541096348841,-1.20202751896755
94,-0.704654385844126,-0.647096659095744,-0.9958525780762,0.391353759394446,0.077931084769411,0.0122829602783674,-0.0456275193101506,0.0223948313749958,3.26119187424908,-0.00261875522523291,0.00963765877180682,-1.28528843058854,-0.704707503867889,-0.647151516145219,-0.99606710964242,0.39125514343265,0.0778312960696751,0.0126768264813683,-0.0456116198030998,0.0223819512483754,3.26117384245263,-0.00262968133917195,0.00964336424415374,-1.28527929663857
95,-0.723411553870849,-0.652734956995684,-0.995856004668736,0.37573781067267,0.0805900306562391,0.0111586172684942,-0.0471084330401523,0.0197904196044249,3.19498373708079,-0.000727908618891046,0.00908844283261336,-1.36442951742385,-0.723460928260085,-0.652785043601513,-0.996051131416695,0.375651601941008,0.0804917304590479,0.0115169183664208,-0.0470923389473398,0.0197789145601386,3.19496617533891,-0.000741881933507495,0.00909439952332559,-1.36441830448434
96,-0.741745693356232,-0.657192751704198,-0.995861299851176,0.360997550882694,0.0829554753046658,0.00999767583582268,-0.0483811056870565,0.0168945469496418,3.12501667614944,0.00118154074730488,0.00883223441413038,-1.4361201808318,-0.741791533917568,-0.657238401337309,-0.996038771159548,0.360923336662078,0.0828592304171253,0.0103236530583312,-0.0483650050801203,0.0168844900721004,3.12499966121303,0.00116521129655426,0.00883798886870561,-1.43610762723103
97,-0.75964581283018,-0.660470096210042,-0.995868649407996,0.347310500090331,0.0849343102882941,0.00881256865755742,-0.0493977714482318,0.0137517849738736,3.05175133589273,0.00307716246095322,0.00889335284563504,-1.49678977966122,-0.759688324488312,-0.660511631327118,-0.996030059408572,0.347247733131216,0.0848406947295344,0.00910916520943019,-0.0493818381887228,0.0137432067936338,3.05173491490435,0.00305914496078701,0.00889851325611243,-1.49677641813123
98,-0.77710119880663,-0.662570163623581,-0.995878216234418,0.334856458963753,0.0864390380006463,0.00761570981211762,-0.0501158539162163,0.0104237301825495,2.97582226638897,0.00492161193326479,0.00928665742105475,-1.54301154728472,-0.777140580611674,-0.662607893211879,-0.996025017139757,0.3348044615318,0.0863486146946289,0.00788559837829066,-0.0501002457598677,0.0104166193441335,2.97580646655068,0.00490252323528644,0.00929091678688024,-1.54299775072989
99,-0.794101422494025,-0.663499237451148,-0.995890141196188,0.323807876852617,0.0873971633333437,0.00641937360918856,-0.0505031891856262,0.00698709228717157,2.8980193228621,0.00667500675770117,0.0100149918916654,-1.57196158445461,-0.794137866760049,-0.663533455386777,-0.996023655510584,0.323765851128897,0.0873104607340731,0.00666498147538618,-0.0504880456285232,0.00698139841030677,2.89800415847897,0.00665539387657305,0.010018140181243,-1.57194761573579
100,-0.810636345880647,-0.663266694138195,-0.995904543906029,0.31431748349264,0.0877600214393991,0.00523557505498223,-0.0505426729737939,0.00352924592830421,2.81924671233216,0.00829815642413008,0.0110677468845356,-1.58186166526171,-0.810670037499734,-0.663297678228199,-0.996025975629755,0.314284530200467,0.0876775076597474,0.0054591069206863,-0.0505281128745052,0.00352488456030551,2.81923218983431,0.00827848681752839,0.0110696702556413,-1.58184769615148
101,-0.826696127176477,-0.661884978041676,-0.995921523442224,0.306504846628408,0.0875089981732951,0.004075953090949,-0.0502351999011017,0.000141695429909306,2.74046344505441,0.00975611148153808,0.0124210153185031,-1.57228675649193,-0.82672724312676,-0.661912989612581,-0.996031968360656,0.306479992204922,0.0874310565318621,0.00427941172008087,-0.0502213192795691,0.000138554792573673,2.74044956669962,0.00973676855380283,0.0124216871965337,-1.57227288866232
102,-0.842271225627912,-0.659369569000333,-0.995941159031718,0.300444309740888,0.086657543225646,0.0029516577094522,-0.0496000795207405,-0.00308742694997984,2.66261421157693,0.0110213109072558,0.014039454895275,-1.54424342491631,-0.842299934673564,-0.659394852902679,-0.996041614166032,0.300426540181605,0.0865844536162369,0.00313686261703061,-0.0495869501371597,-0.0030894779691252,2.66260097759521,0.0110025938027198,0.0140389215621381,-1.54422972031461
103,-0.85735240576101,-0.655738942668128,-0.99596351071572,0.296156824097211,0.0852484719003473,0.00187324207046081,-0.0486727761203722,-0.00608035804334326,2.58656265007984,0.0120756692317209,0.0158795161778999,-1.49999397499185,-0.857378868326759,-0.655761727581703,-0.99605488300079,0.296145121813122,0.0851804011209518,0.00204184642672878,-0.0486604453004267,-0.00608146145384571,2.58655005947981,0.0120577973075602,0.0158778783280134,-1.49998047238248
104,-0.871930741143384,-0.651014523761571,-0.995988620011166,0.293607368113048,0.0833473546305915,0.000850560690457962,-0.0475005568471028,-0.00877487892868208,2.51303821773424,0.0129112460334548,0.0178933466135253,-1.44268217257123,-0.871955109336646,-0.651035022705618,-0.996071734258418,0.293600747369431,0.083284356711736,0.00100406661703084,-0.0474890487271315,-0.00877517962101933,2.51302626839702,0.0128943666629564,0.0178907405302304,-1.44266889835114
105,-0.885997617777913,-0.645220632351985,-0.996016510577184,0.292708251834682,0.0810337364111904,-0.000107325278211576,-0.0461371251775781,-0.0111269355248202,2.44260379285153,0.0135295400391373,0.0200325911668543,-1.37587037445668,-0.886020035527647,-0.645239043325203,-0.9960921167745,0.292705788741918,0.0809757620136874,3.24471558347019e-05,-0.04612644324369,-0.0111265744065013,2.44259248103696,0.0135137382253346,0.0200291722721898,-1.37585735911326
106,-0.899544737250186,-0.638384423316163,-0.996047188891719,0.293327226077625,0.0783921696633465,-0.000992234673702793,-0.044637390692429,-0.0131107036023599,2.37564556899364,0.0139397761500215,0.0222514777646007,-1.30310342774914,-0.899565340531324,-0.638400930010375,-0.996115968888609,0.293328080565633,0.0783390818832415,-0.000864955413859865,-0.0446275212067807,-0.0131098123570522,2.37563488899599,0.0139250868787198,0.0222474055611315,-1.30309069042607
107,-0.91256411974433,-0.630535819048649,-0.996080644940611,0.295298468514191,0.075504630698805,-0.00179694397658679,-0.0430532349372915,-0.0147166714367546,2.31238196026514,0.0141567057614918,0.0245088744094212,-1.22757942105237,-0.912583036859855,-0.630550591596341,-0.996143218563854,0.295301897469026,0.0754562241100173,-0.00168103078856232,-0.0430441507568764,-0.0147153690510453,2.31237190462402,0.0141431253393539,0.0245043023437694,-1.22756697085112
108,-0.925048107023623,-0.621707435539077,-0.996116852919408,0.29843437990204,0.0724451477749361,-0.00251525519365689,-0.0414306788624808,-0.0159485698138076,2.25288549839747,0.0141983917867703,0.0267693160226097,-1.15195725064148,-0.925065458921422,-0.62172063126799,-0.996173783561724,0.298439742066878,0.0724011680390569,-0.0024096838212167,-0.0414223432265621,-0.015946960736659,2.25287605807037,0.0141858880264634,0.0267643851531231,-1.15194509420815
109,-0.936989365449101,-0.611934501928366,-0.996155771946625,0.302536534999067,0.0692767542140588,-0.0031420532549212,-0.039808444965206,-0.0168199376138945,2.1971112325009,0.014084302101188,0.0290031952115979,-1.0782893096044,-0.937005266055314,-0.611946266105926,-0.996207571668787,0.302543289237093,0.0692369161630535,-0.00304589285690466,-0.0398008149162946,-0.0168181112575545,2.19710239694047,0.0140728234096652,0.0289980303461899,-1.07827745304246
110,-0.948380889083807,-0.601254773675646,-0.996197346786437,0.307404786473104,0.0660504031929928,-0.00367335233189816,-0.0382176487258975,-0.0173508965813796,2.14492625706481,0.013833862716005,0.0311863879152264,-1.00804544118748,-0.94839544563884,-0.601265240232855,-0.996244480971149,0.307412485369195,0.0660144061060781,-0.00358575690964676,-0.0382106779651199,-0.0173489278069356,2.14491801439849,0.0138233457752595,0.0311810958404846,-1.00803388779997
111,-0.959216002906692,-0.589708439491081,-0.996241508578645,0.312844145436423,0.0628052792931374,-0.0041063306037987,-0.0366822595652482,-0.0175654537165324,2.09613676880221,0.0134654853916093,0.0332995716016357,-0.942190101832105,-0.959229316294442,-0.589717731720031,-0.996284400172342,0.312852426102476,0.0627728189256499,-0.00402653120843441,-0.0366759006805614,-0.0175634039529363,2.09612910608832,0.0134558609714177,0.0332942411708419,-0.942178853318594
112,-0.969488366141358,-0.577338022215278,-0.996288175573828,0.318669514076714,0.0595699457544915,-0.0044393530982245,-0.0352199930561731,-0.0174894387702481,2.05051077554297,0.0129960029409136,0.0353274342265777,-0.881281263340886,-0.969500531205803,-0.57734625343734,-0.99632720895036,0.318678087675503,0.0595407232303749,-0.00436665074756536,-0.0352141991549357,-0.0174873574746618,2.05050367901883,0.0129872002608241,0.0353221374058021,-0.881270319597522
113,-0.979191975691112,-0.56418827385174,-0.996337253871771,0.32470859674304,0.0563638774026738,-0.00467198234351763,-0.0338433736144212,-0.0171490476744275,2.00779589019562,0.0124404151513701,0.037257901179632,-0.825569827497299,-0.979203081537158,-0.564195548055244,-0.99637277834973,0.324717237833312,0.056337605357566,-0.00460574158651005,-0.0338380994402323,-0.0171469739181975,2.00778934553101,0.0124323648882813,0.0372526946975775,-0.825559186422477
114,-0.988321169662546,-0.550306064983558,-0.996388638161553,0.330803405410993,0.0531990694980788,-0.00480497668817275,-0.0325607953646104,-0.0165698945236681,1.96773246411327,0.0118118481410632,0.0390814489269751,-0.775087854133537,-0.98833129994001,-0.550312477430718,-0.996420971204809,0.330811941825172,0.053175475990238,-0.00474461975924577,-0.0325559980006671,-0.0165678585578179,1.96772645665527,0.011804484334111,0.0390763762089235,-0.775077511516658
115,-0.99687063095451,-0.535740268828272,-0.996442212461929,0.336810763032529,0.0500815381193549,-0.00484027626166439,-0.0313774842353658,-0.0157764546235481,1.93006272614373,0.0111216462033883,0.0407905323437057,-0.729720878762342,-0.996879864125391,-0.535745906631645,-0.99647164259082,0.336819066687035,0.0500603688290699,-0.00478527777237017,-0.0313731234963084,-0.0157744793354785,1.93005724114175,0.0111149072843321,0.0407856255046564,-0.729710828330666
116,-1.00483539088679,-0.520541640205457,-0.996497850860913,0.342602145724094,0.0470126213134069,-0.00478097667468527,-0.030296318604507,-0.014791788378607,1.89453672494291,0.0103795357995125,0.0423791273531946,-0.689263895207592,-1.00484380047667,-0.520546582874449,-0.996524640299417,0.342610124538392,0.046993640492906,-0.00473085879440697,-0.0302923572075791,-0.0147898905943905,1.89453174774302,0.0103733649580147,0.0423744091186554,-0.689254128926577
117,-1.01221083284221,-0.504762689709922,-0.996555418253597,0.348063127180476,0.0439900516204897,-0.00463129068246489,-0.0293185000827393,-0.013637454990178,1.86091584076548,0.00959382050559898,0.0438423773666172,-0.653462788187752,-1.01221848767685,-0.504767009667972,-0.996579805335868,0.348070718133881,0.043973042173661,-0.00458561876398219,-0.0293149036733489,-0.0136356466054403,1.86091135696047,0.00958816556427773,0.0438378628551209,-0.653453296911496
118,-1.01899269589667,-0.488457553399595,-0.996614771077434,0.353092615536668,0.0410088061598137,-0.00439649816080961,-0.0284440849148047,-0.0123335467178956,1.82897452489296,0.00877158098831768,0.0451763268273403,-0.622043840524022,-1.01899966032471,-0.488461316472768,-0.996636972435158,0.353099778803964,0.0409935691469117,-0.00435487677015335,-0.028440822005489,-0.0123318356577447,1.82897052041017,0.00876639392670504,0.0451720251782185,-0.622034615128087
119,-1.02517707841275,-0.471681858321431,-0.996675758044253,0.357602012435519,0.0380617580807799,-0.00408288486895597,-0.0276723950144881,-0.0108987941591761,1.79850079363696,0.00791886514434853,0.0463777245353444,-0.59473400334538,-1.02518341251496,-0.471685124199286,-0.996695970594531,0.357608726495885,0.0380481118692406,-0.00404495418223513,-0.0276694368818641,-0.0108971851769555,1.79849725473822,0.00791410138314722,0.0463736403994312,-0.594725036517752
120,-1.03076044157464,-0.45449258421111,-0.996738220868327,0.361514378075586,0.0351401595737094,-0.00369767059464969,-0.02700232993519,-0.00935070889840397,1.76929587818807,0.00704086106385877,0.0474438810093879,-0.571274310748505,-1.03076620135963,-0.454495406880931,-0.996756623620163,0.361520635669465,0.0351279387967061,-0.00366310312717432,-0.0269996505088447,-0.00934920422571805,1.76929279134464,0.00703647854088014,0.0474400159887684,-0.571265599713498
121,-1.03573961284363,-0.43694792171309,-0.996801994989846,0.364763653122174,0.032233986696886,-0.00324892739337666,-0.0264326000007889,-0.00770574182506675,1.74117332405942,0.00614205016809402,0.0483725666629768,-0.551428385274125,-1.03574485042907,-0.436950349869008,-0.996818750685762,0.364769457925883,0.032223041135728,-0.0032174250281736,-0.0264301757718249,-0.00770434168305354,1.74117067564891,0.00613800820388054,0.0483689208232708,-0.551419935797413
122,-1.04011178931553,-0.419107127476893,-0.996866910293051,0.367293966034284,0.0293321732335489,-0.00274548873472139,-0.0259618982431653,-0.00597944394254998,1.71395774782575,0.00522633964087834,0.0491619408883456,-0.534987545388395,-1.04011655309299,-0.419109204906074,-0.996882166901057,0.367299329927864,0.0293223667026238,-0.00271678002725637,-0.0259597081910291,-0.0059781469357765,1.71395552359859,0.00522259860444602,0.0491585137886679,-0.534979376678477
123,-1.04387454096251,-0.40103037649354,-0.996932791818369,0.369059039985111,0.0264227565498334,-0.00219685048840008,-0.0255890256769216,-0.0041866223940745,1.68748339309362,0.004297178682407,0.0498105018029567,-0.521773642662487,-1.04387887574355,-0.401032142442489,-0.996946683888202,0.3690639808011,0.0264139658565284,-0.00217068821532556,-0.0255870512307731,-0.00418542578596715,1.68748157731813,0.00429369861712479,0.0498072945109391,-0.521765795061427
124,-1.04702581374329,-0.382778612042578,-0.996999460467765,0.370021704913864,0.0234929541254547,-0.00161306476060953,-0.0253129814729073,-0.00234148833085996,1.66159257892273,0.00335765741486628,0.0503170529017261,-0.511640453309679,-1.04702976088374,-0.382780101567937,-0.997012110364244,0.370026244552764,0.0234850681531572,-0.00158922368463848,-0.0253112065251288,-0.00234038818903645,1.66159115309247,0.0033543973849727,0.050314069985411,-0.511632997868213
125,-1.04956393256715,-0.364413393625268,-0.997066733702482,0.370153515553693,0.0205291855300376,-0.00100462766828614,-0.02513302697171,-0.000457795755785823,1.63613409877806,0.00241059319352243,0.0506806805392809,-0.504474206191404,-1.04956753006602,-0.364414637935571,-0.997078252727844,0.370157678361043,0.0205221044775256,-0.000982902499271631,-0.0251314379239123,-0.000456786968514469,1.6361330397757,0.00240751107379486,0.0506779324822856,-0.50446725660958
126,-1.05148760409729,-0.345996743263658,-0.997134426232353,0.36943447429763,0.0175170513730573,-0.000382362217321426,-0.0250487301776364,0.00145102790295036,1.61096160341107,0.00145860640440824,0.0509007392959308,-0.500193652348771,-1.05149088666674,-0.345997770061122,-0.997144915648581,0.369438285602434,0.0175106861785444,-0.000362565747985327,-0.0250473159971488,0.00145195175090886,1.61096088102125,0.00145565950425344,0.0508982453840753,-0.500187378857939
127,-1.05279591937905,-0.327590990548266,-0.997202350695923,0.367852857578997,0.0144412782522935,0.00024270249762203,-0.0250599954951426,0.0033717577688432,1.58593198412929,0.000504188326820481,0.0509768430851189,-0.498749947938585,-1.05279891848354,-0.327591824383016,-0.997211902657186,0.36785634229613,0.0144355502150559,0.000260741100015082,-0.025058747739032,0.00337260467200421,1.5859315578378,0.000501335330533568,0.0509746346170244,-0.498744591732044
128,-1.05348835627765,-0.309258616819232,-0.997270318330769,0.365405145445034,0.0112856369490428,0.000859454513392717,-0.0251670818807481,0.00529125175562697,1.5609037617682,-0.000450236572620683,0.0509088608380342,-0.500126523802101,-1.05349110014295,-0.309259279472095,-0.997279016735168,0.365408326650016,0.0112804775323371,0.000875891273356669,-0.0251659946156791,0.00529203171328696,1.560903576902,-0.000453031679348495,0.050906984142713,-0.500122408745518
129,-1.05356478170802,-0.291062098867516,-0.997338139633751,0.362096055787922,0.00803284005910098,0.0014568233544887,-0.0253706112073769,0.00719633246928176,1.53573547991999,-0.00140225142003512,0.0506969164771539,-0.504339038360594,-1.05356729530674,-0.291062609781118,-0.997346060902362,0.362098953188089,0.00802819080996449,0.00147180091928786,-0.025369680718541,0.00719705802564161,1.53573546340281,-0.0014050128039933,0.0506954346411127,-0.504336574458046
130,-1.05302545363678,-0.27306375254484,-0.997405625011479,0.357938686993149,0.00466442491545954,0.0020239042303045,-0.0256715673735354,0.00907366804399136,1.51028409771872,-0.00234938805430621,0.0503413937528708,-0.511435447195112,-1.05302775866574,-0.273064129324739,-0.997412838800996,0.35794131525511,0.00466023736795866,0.00203755316147726,-0.0256707915249963,0.00907435484337008,1.51028415406622,-0.00235211856721443,0.0503403851003935,-0.511435117444276
131,-1.05187102283316,-0.255325576674551,-0.997472585422125,0.352954775372267,0.00116062810246277,0.00255008078411587,-0.0260712854360579,0.0109096491883536,1.48440337732375,-0.00328906524136898,0.0498429472402138,-0.521496162560964,-1.05187313771017,-0.255325835680178,-0.997479155274976,0.35295714233638,0.00115686344436078,0.00256252069002396,-0.0260706625355406,0.0109103163404958,1.48440338598343,-0.00329173457314374,0.0498424975856713,-0.521498482453797
132,-1.05010253434328,-0.237909097661671,-0.997538833010585,0.347175076488314,-0.00249974081033975,0.00302514512885688,-0.0265714287117699,0.0126902598607131,1.4579422642168,-0.00421852058727397,0.0492025215362468,-0.534634211355788,-1.05010447426608,-0.237909254697312,-0.997544816943132,0.347177181424545,-0.00250311261911458,0.00303648559422051,-0.0265709557577696,0.0126909297568517,1.4579420799346,-0.00422105252301636,0.049202706040994,-0.534639648905653
133,-1.04772142866275,-0.220875215210081,-0.997604181739653,0.340639882158658,-0.00633941637573131,0.0034394139148896,-0.027173950203071,0.0144009392311698,1.43074326528197,-0.00513472917557159,0.0484213777953265,-0.550995210062438,-1.04772320578719,-0.220875286304463,-0.997609632765286,0.340641714402743,-0.00634241833326256,0.00344975517835517,-0.0271736205435287,0.0144016363244505,1.43074272348637,-0.00513699386267939,0.0484222306399339,-0.551004066350478
134,-1.04472954258959,-0.204284049566625,-0.997668448019499,0.333399687265534,-0.0103827716144018,0.0037838392079585,-0.0278810328622104,0.0160264330236375,1.40264084116995,-0.00603430628211413,0.0475011279499331,-0.570756878407088,-1.04473116639175,-0.204284051792702,-0.997673414600039,0.333401225785628,-0.0103854224247013,0.00379327254452189,-0.0278808335577675,0.0160271810549979,1.4026397701196,-0.006036123396721,0.0475025999978717,-0.570769138614242
135,-1.04112910975633,-0.188194790721586,-0.997731451335309,0.325516022041781,-0.0146558706331896,0.004050112974928,-0.0286950010649706,0.0175506330539236,1.37345984710157,-0.00691338991879977,0.0464437716763002,-0.594127665574024,-1.04113058763361,-0.188194742957186,-0.997735977753272,0.325517236672251,-0.0146581883378748,0.00405872078337493,-0.0286949105688446,0.0175514503988173,1.3734580874035,-0.00691455012278787,0.0464456845564464,-0.594142856007158
136,-1.03692276086619,-0.172665549994586,-0.997793014868352,0.317062465516014,-0.0191864529756802,0.00423076397947531,-0.0296181931474137,0.0189564049788433,1.34301408198359,-0.00776750430850864,0.0452517306764793,-0.621343887953442,-1.03692409899633,-0.172665473468781,-0.997797141516388,0.317063320619167,-0.0191884588544231,0.00423861968315442,-0.0296181802182489,0.0189572983917583,1.3430115117417,-0.0077678125700426,0.0452537457147102,-0.621360996842501
137,-1.03211352368851,-0.157753214412163,-0.997852966099564,0.308125853068893,-0.0240038126332013,0.00431924592391956,-0.0306527820834959,0.0202254064869368,1.31110504125529,-0.00859140993192882,0.0439278787170769,-0.65266455793207,-1.03211472809866,-0.1577531328432,-0.997856729693397,0.308126314075301,-0.0240055343083221,0.00432641394807316,-0.0306528069128644,0.0202263645176337,1.31110160206597,-0.00859074620311659,0.04392950687662,-0.652682082641122
138,-1.02670482288945,-0.143513304229427,-0.997911137379686,0.298807683557929,-0.0291385205368198,0.00431001584225401,-0.031800528537512,0.0213379023391051,1.27752101649866,-0.00937895612575587,0.0424755858921381,-0.688362816703944,-1.02670590059891,-0.143513243368148,-0.997914571115941,0.298807726092164,-0.0291399931339425,0.00431655200807651,-0.0318005465385894,0.0213388906161583,1.27751673321503,-0.00937733118983375,0.0424762545556421,-0.688378964970265
139,-1.02070047976474,-0.12999983386992,-0.997967366449891,0.289225716100288,-0.034621921588588,0.00419860195449545,-0.033062447283972,0.0222725894398253,1.24203674783113,-0.0101229338382445,0.0408988008537077,-0.728712529985807,-1.0207014397847,-0.129999820341592,-0.997970500145376,0.289225336361495,-0.0346231862450114,0.00420455460167969,-0.0330624150580918,0.022273550407243,1.24203173510146,-0.0101205203511914,0.0408979800159312,-0.728725542960795
140,-1.01410471189244,-0.11726517647762,-0.998021496904176,0.279515719142497,-0.0404853164296991,0.003981660530611,-0.0344383648215169,0.0230064555085108,1.2044139174625,-0.0108149344802525,0.0392022237522177,-0.773968174795708,-1.01410556583335,-0.117265235966537,-0.998024357160989,0.279514943175312,-0.0404864163732862,0.0039870724205326,-0.0344382467973355,0.0230073143795226,1.20440836926995,-0.0108120498871013,0.0391995745104536,-0.773976675412633
141,-1.00692213264194,-0.105359932230902,-0.998073378598131,0.269833289164289,-0.046758716353307,0.00365702156527149,-0.0359263438270727,0.0235147091948526,1.16440287754722,-0.0114451974857554,0.0373916028580011,-0.824335666391833,-1.0069228947266,-0.105360087239687,-0.9980759890333,0.269832178256688,-0.0467596916698006,0.00366193221692024,-0.0359261174689202,0.0235153857671128,1.16439704139242,-0.0114422401476982,0.0373870936496413,-0.824338915171006
142,-0.999157750391365,-0.0943328005932084,-0.99812286802293,0.260355587028314,-0.0534690410718447,0.00322372307358229,-0.0375219507861671,0.0237708372304826,1.12174613099557,-0.0120024409962328,0.0354741684438996,-0.879931403067256,-0.999158436802015,-0.0943330681635143,-0.998125249581294,0.260354237076588,-0.0534699236559796,0.00322817089188016,-0.0375216087025937,0.0237712608010813,1.12174027339608,-0.0119998011072846,0.0354681080569008,-0.87992938145667
143,-0.990816967261786,-0.0842304567679204,-0.998169828671318,0.251282740519479,-0.0606376211418364,0.00268203362025202,-0.039217350649459,0.0237468651522438,1.07618421774509,-0.0124736862402249,0.0334591822881533,-0.940726820680293,-0.990817594921484,-0.0842308466037524,-0.998172000012134,0.251281274734058,-0.0606384310224864,0.00268605720031862,-0.0392168992194961,0.02374698836243,1.07617858992058,-0.0124716681592941,0.0334521568691479,-0.940720137163365
144,-0.981905577197142,-0.0750974327460806,-0.998214131419596,0.242838528750358,-0.0682768830481786,0.00203346250873954,-0.0410002318163821,0.0234139211166374,1.02746477108648,-0.0128441277310586,0.0313585762309748,-1.00647657493056,-0.981906162235923,-0.0750979461076639,-0.998216109341593,0.242837084908626,-0.0682776266255537,0.00203710082892415,-0.0409996873670304,0.023413728920886,1.02745958234276,-0.0128429089939653,0.0313513155536582,-1.0064662540607
145,-0.972429763296515,-0.0669760034305421,-0.998255654937233,0.235269802184058,-0.0763861562118242,0.00128075707444546,-0.0428526019819224,0.0227432236442749,0.975355544153931,-0.0130971288166074,0.0291876537206762,-1.07663067934685,-0.972430319524553,-0.066976632992924,-0.998257454792931,0.235268517043926,-0.0763868263587817,0.00128404872170644,-0.0428519862541019,0.0227427353924969,0.975350946816759,-0.0130967613499342,0.029180876586668,-1.07661791892143
146,-0.962396094402496,-0.0599060783519545,-0.998294286119408,0.228843922021995,-0.0849466751412346,0.000427886761166859,-0.0447495552649487,0.0217076244173696,0.919662079689922,-0.0132144408229924,0.0269658293239957,-1.15023521145286,-0.96239663208738,-0.0599068090129061,-0.998295922171393,0.228842916004742,-0.0849472528455917,0.000430868646311003,-0.0447488917274951,0.0217068893365005,0.919658165513211,-0.0132148820246055,0.0269601165289697,-1.15022117691358
147,-0.951811521026672,-0.053925099456768,-0.998329920524086,0.223843374153026,-0.0939160844873022,-0.000519985972026039,-0.0466581951216671,0.0202838198895634,0.860250289960989,-0.0131767503911163,0.0247173602131815,-1.22583313079637,-0.95181204617199,-0.0539259099016046,-0.998331406210751,0.22384273896269,-0.0939165417138288,-0.000517279887213024,-0.0466575069043406,0.0202829079767549,0.860247095290322,-0.0131779037707076,0.0247130818829662,-1.22581882061494
148,-0.940683370728996,-0.0490679453705633,-0.998362462788441,0.220556714471755,-0.103223101666198,-0.0015565475379154,-0.0485369979742776,0.0184552767767457,0.797073400998366,-0.0129646482885446,0.0224719669959693,-1.30138622258328,-0.940683884921298,-0.049068810099936,-0.99836381088756,0.220556505309247,-0.103223405193148,-0.00155408712228768,-0.0485363073209328,0.0184542677780644,0.797070917032743,-0.0129663975935822,0.0224692676409936,-1.30137240634313
149,-0.92901934306424,-0.0453668424559328,-0.998391826999833,0.219265259844895,-0.112763417859049,-0.00267438730715597,-0.0503359941448884,0.0162157723938418,0.730201415979524,-0.0125600795153545,0.0202651674684924,-1.37424945155135,-0.929019843838658,-0.0453677339635693,-0.998393049698032,0.219265492755191,-0.112763533839957,-0.00267214660550021,-0.0503353227052098,0.0162147452203713,0.73019960084265,-0.0125623074221534,0.020263993046995,-1.37423666353492
150,-0.91682750418457,-0.0428512829180799,-0.998417937002067,0.220225581304619,-0.12239831027212,-0.00386506320994072,-0.0519981768876997,0.0135732218306118,0.659849538606593,-0.0119482506931963,0.0181380678413715,-1.44123571898756,-0.916827985781788,-0.0428521737486322,-0.99841904589189,0.220226235303715,-0.122398209142988,-0.00386302029044073,-0.0519975460615188,0.0135722460174256,0.659848328926513,-0.0119508450822108,0.018138218620396,-1.44122428500208
151,-0.904116281162788,-0.0415479501687356,-0.998440726625177,0.223648933937421,-0.131957584608735,-0.00511917809769793,-0.0534624602301219,0.0105531796881489,0.586400222417471,-0.0111198459678999,0.0161363421097307,-1.49880514062581,-0.904116735517524,-0.0415488146625424,-0.99844173265737,0.223649956962089,-0.131957245804521,-0.00511731454459799,-0.0534618910329942,0.0105523097182834,0.58639954314266,-0.0111226985249209,0.0161375332055031,-1.49879521957416
152,-0.890894456088677,-0.0414806516325801,-0.998460139834081,0.229680124535259,-0.141248098316826,-0.00642646601862977,-0.054668234492001,0.0072011546339004,0.510412379448624,-0.010073231270753,0.0143081988235364,-1.54339127495916,-0.890894873894454,-0.0414814672492234,-0.99846105325202,0.229681441951371,-0.141247514152799,-0.00642476624957469,-0.0546677467435409,0.00720042723586078,0.510412151430597,-0.0100762339063144,0.0143101153621397,-1.54338290232228
153,-0.877171159994117,-0.042670259160241,-0.998476130797154,0.238379541224635,-0.150068047321989,-0.00777588747187361,-0.055561118208757,0.00358280596881258,0.432611710375153,-0.00881617636408146,0.0127013305235711,-1.57183551580037,-0.877171531716998,-0.0426710073479176,-0.99847696107515,0.238381065543729,-0.150067225408966,-0.00777433803459724,-0.0555607291765888,0.00358224003791692,0.432611855753678,-0.00881921981638407,0.0127036709692998,-1.5718286424223
154,-0.8629558666757,-0.0451346571871294,-0.998488663879845,0.249712498694064,-0.158225540042095,-0.00915573261197028,-0.0560989923991226,-0.000218653710500237,0.353858804880374,-0.00736658174615905,0.0113591437121813,-1.58185057167907,-0.862956183427438,-0.0451353238214564,-0.998489419679881,0.249714139201718,-0.158224503784612,-0.00915432156546783,-0.0560987152533086,-0.000219055164591249,0.353859250560237,-0.00736955786250049,0.0113616487479472,-1.58184509524003
155,-0.848258386496515,-0.048888698742654,-0.998497713571197,0.263549128636323,-0.165558268161964,-0.0105537313128359,-0.0562570513039614,-0.00410791264900016,0.275096460458835,-0.00575183683218487,0.0103168752463828,-1.5723981460602,-0.848258640715547,-0.0488892741951349,-0.998498402725372,0.263550799811227,-0.165557055214862,-0.010552447747971,-0.0562568937974212,-0.00410815924295332,0.27509714006363,-0.00575464392635759,0.010319342668351,-1.57239393501282
156,-0.833088860251815,-0.0539441693716178,-0.998503264352752,0.279675740947693,-0.171950133594983,-0.0119571689882511,-0.0560306439262249,-0.00798512607597017,0.197283225329306,-0.00400675981649419,0.00959837055571677,-1.54387029967692,-0.833089046173129,-0.0539446482867774,-0.998503893872687,0.2796773688473,-0.171948792546133,-0.0119560027010759,-0.05603060763749,-0.00798523620120855,0.197284080032606,-0.00400930929714717,0.0096006585712995,-1.54386721021712
157,-0.817457753170754,-0.0603097589850531,-0.998505310520063,0.297815637755624,-0.177341146781059,-0.0133530070874822,-0.0554351900322209,-0.0117541785407466,0.121324301589963,-0.00217046938239975,0.00921421286286504,-1.49801692726478,-0.81745786709046,-0.0603101398500542,-0.998505886630264,0.297817163942604,-0.177339732665965,-0.0133519483896523,-0.0554352703375894,-0.011754175550641,0.121325280191274,-0.00217269169160271,0.00921623515329292,-1.49801481466718
158,-0.801375849098067,-0.0679910416187973,-0.998503855966904,0.317654998484246,-0.181728742996792,-0.0147280072054092,-0.054503258678625,-0.0153300143456477,0.0480117730627257,-0.000282839461651405,0.00916155328601742,-1.43764265368977,-0.801375889455351,-0.0679913262043658,-0.998504384156648,0.317656381499853,-0.181727312429941,-0.014727046840651,-0.0545034454293402,-0.0153299232510474,0.048012831621331,-0.000284687871887907,0.00916326928752902,-1.43764137887484
159,-0.784854244861222,-0.0769904630501907,-0.998498913941305,0.338868655253016,-0.185161088177151,-0.0160688577380244,-0.0532796483878101,-0.0186437562456736,-0.0220167475147562,0.00161874484680573,0.00942553875494869,-1.36616583644823,-0.784854212170099,-0.0769906557906936,-0.998499399028784,0.338869870008882,-0.185159694869459,-0.0160679868696101,-0.0532799271160257,-0.0186436011882154,-0.02201564621479,0.00161729321885946,0.00942694211019704,-1.36616526800005
160,-0.76790434478881,-0.0873073362079623,-0.998490506781106,0.361141501093207,-0.187724899981422,-0.0173623019739981,-0.0518156960090471,-0.0216450546647607,-0.0882971801517461,0.00350178928819212,0.00998186223193114,-1.28715869254118,-0.767904241456091,-0.0873074435746122,-0.998490952983796,0.361142536798456,-0.187723591189327,-0.0173615122104697,-0.0518160494155475,-0.0216448572432967,-0.0882960672009078,0.0035007348214213,0.00998296981776015,-1.28715870990355
161,-0.750537855313086,-0.0989378443055077,-0.99847866563488,0.384183247147857,-0.189531099746975,-0.0185952664551512,-0.0501639734684606,-0.0243018641441869,-0.150537236158297,0.00534001887286697,0.0107998001094628,-1.20396682294542,-0.750537685378734,-0.0989378742123524,-0.998479076641075,0.384184104446244,-0.189529913914655,-0.0185945498895115,-0.0501643829456451,-0.0243016425207987,-0.15053613715635,0.00533934276723024,0.0108006426265196,-1.20396731731534
162,-0.732766779569057,-0.111875051629282,-0.998463430172353,0.40773629607791,-0.190701226881425,-0.0197549883921663,-0.048374143019387,-0.0265983491658769,-0.20859904591436,0.00711369900918742,0.0118451596506753,-1.11945903639171,-0.732766548401975,-0.111875012898427,-0.998463809210005,0.407736983970829,-0.190700192499915,-0.0197543376390265,-0.0483745900148432,-0.0265981177906636,-0.208597981577249,0.007113367681484,0.011845774353663,-1.11945991089825
163,-0.714603411895674,-0.126108921917504,-0.99844484828687,0.431577924581341,-0.191356482424866,-0.0208291409023459,-0.0464902639366792,-0.0285317830903481,-0.262472680030515,0.00880920116114006,0.0130827516376235,-1.03591101950866,-0.714603125873046,-0.126108823818714,-0.99844519818717,0.431578457554357,-0.191355617939917,-0.0208285491243879,-0.0464907310412563,-0.0285315528552715,-0.262471666757038,0.0088091709767505,0.0130831772068683,-1.03591218889496
164,-0.69606033214949,-0.141626344266092,-0.998422975791304,0.455518565702825,-0.191610110181415,-0.0218059548425115,-0.0445494616053159,-0.0301091944229289,-0.312246515594536,0.0104181212317162,0.014478221005027,-0.954995752270566,-0.696059998342008,-0.141626196136928,-0.998423299045517,0.455518961296203,-0.191609424690005,-0.021805415762984,-0.0445499333219218,-0.0301089730692732,-0.312245565990261,0.0104183429854065,0.0144784942561958,-0.954997142279751
165,-0.677150399753762,-0.15841116649665,-0.99839787610796,0.479397928609414,-0.191562954717494,-0.0226743360389547,-0.0425816584798458,-0.0313442751092485,-0.358078796038494,0.0119362214582595,0.015999238630208,-0.877842599986759,-0.677150025633196,-0.158410977442636,-0.99839817491694,0.479398205525371,-0.191562449175991,-0.022673843940344,-0.0425821216837979,-0.031344067750162,-0.358077919399486,0.0119366442327378,0.0159993926577515,-0.877844146610824
166,-0.657886747422468,-0.176444235914661,-0.998369619952553,0.503080299915142,-0.191301568510155,-0.0234239767609885,-0.0406100090727443,-0.0322548176220881,-0.400172929333155,0.0133623872390169,0.017616155810967,-0.805130053990695,-0.657886340602587,-0.176444014584401,-0.998369896269002,0.503080476652755,-0.191301237207801,-0.0234235264714122,-0.0406104532123404,-0.0322546272817859,-0.400172132095958,0.0133629612586148,0.0176162192549708,-0.805131702764802
167,-0.638282774515839,-0.195703447375062,-0.998338285012082,0.526449897789361,-0.190898107650112,-0.0240454603381036,-0.0386517210934053,-0.0328607571291807,-0.438757569408053,0.0146977073883024,0.0193022590167733,-0.737186526929065,-0.638282342533027,-0.195703201802486,-0.998338540576036,0.526449991738659,-0.190897939759338,-0.0240450472086848,-0.0386521381868096,-0.0328605852423001,-0.438756855566455,0.0146983863204993,0.019302255843327,-0.737188232025508
168,-0.618352139999814,-0.216163798557968,-0.998303955616325,0.549406746332002,-0.190411325846314,-0.0245303578842139,-0.0367190256232803,-0.0331827782367705,-0.474071508271938,0.0159447229085536,0.0210337569908169,-0.674083788720351,-0.618351690135912,-0.216163536062453,-0.998304191984653,0.549406773238047,-0.19041130691328,-0.0245299777615083,-0.0367194100873292,-0.0331826250879984,-0.474070879758559,0.0159454660537612,0.0210337064473047,-0.674085512118392
169,-0.598108754995489,-0.237797452340734,-0.998266722402768,0.57186325352306,-0.18988813294255,-0.0248713161686474,-0.0348201427679654,-0.0332413909076158,-0.506352840747672,0.0171068502614467,0.0227896072248061,-0.61571575193407,-0.598108294142093,-0.237797179475122,-0.998266940973535,0.571863227233661,-0.18988824621662,-0.0248709653615474,-0.034820491151676,-0.0332412559910776,-0.506352297792839,0.017107622610902,0.0227895246678424,-0.615717463005799
170,-0.577566774914826,-0.260573806133718,-0.998226681974839,0.593741504875029,-0.189365351049519,-0.0250621357443903,-0.032960157448556,-0.0330563664090925,-0.53583163225597,0.018187956073241,0.0245512626182893,-0.561860682304415,-0.577566309476186,-0.260573528670519,-0.99822688400741,0.593741437285299,-0.189365578614431,-0.0250618109882042,-0.0329604681330125,-0.0330562487035336,-0.535831173722728,0.0181887286101478,0.0245511600496579,-0.561862356978046
171,-0.5567405911865,-0.284459568027599,-0.998183936553451,0.614971198060985,-0.18887144211266,-0.0250978385342285,-0.031141767986814,-0.0326464328616853,-0.562725296203239,0.0191920589365024,0.0263023895709931,-0.512227897468622,-0.556740127017072,-0.284459290974684,-0.998184123185163,0.614971099186212,-0.188871765807716,-0.0250975369546923,-0.0311420408677029,-0.0326463310390465,-0.562724919894503,0.0191928084668991,0.0263022761899208,-0.512229517729812
172,-0.535644822581723,-0.309418839580909,-0.998138593621949,0.635488110969679,-0.188428084366443,-0.0249747241723375,-0.0293659000038301,-0.03202914799309,-0.587235971437746,0.0201231291118536,0.0280285901112088,-0.466491346830476,-0.535644364953728,-0.309418567218994,-0.998138765882086,0.635487989096379,-0.188428486499424,-0.0249744432504195,-0.0293661361813495,-0.032029060571043,-0.587235674379102,0.0201238378628802,0.0280284728341364,-0.466492900083692
173,-0.514294306153876,-0.335413205057244,-0.998090765564711,0.655232993058353,-0.188051544250205,-0.0246904144997644,-0.0276321946063862,-0.0312208862960651,-0.609549315867548,0.02098496117842,0.0297171457489442,-0.424312789529306,-0.514293859749927,-0.335412940992603,-0.998090924386388,0.655232854935586,-0.188052008120414,-0.0246901520379733,-0.0276323960977151,-0.0312208117453953,-0.609549094561633,0.0209856162203769,0.0297170296634806,-0.424314267986353
174,-0.492704087808352,-0.362401826903024,-0.998040569299695,0.674150781674245,-0.187753832550567,-0.0242438857220152,-0.0259393873129915,-0.0302368952619869,-0.629834261823574,0.0217810990080799,0.0313567911401997,-0.385357097131251,-0.492703656734306,-0.362401574129981,-0.998040715530148,0.674150632719517,-0.187754342805045,-0.0242436398127533,-0.0259395567969012,-0.030236832079054,-0.629834112476471,0.0217816915893783,0.0313566798918258,-0.385358497231063
175,-0.470889412520713,-0.39034154723871,-0.997988125905316,0.692190061857457,-0.187543656792971,-0.0236354878531566,-0.0242855962707473,-0.0290913894045975,-0.648243393876247,0.0225147971034682,0.0329375197847634,-0.349301804009673,-0.470889000334199,-0.390341308207539,-0.997988260314999,0.692189906360373,-0.187544199641843,-0.0236352568493759,-0.0242857368688692,-0.0290913361575251,-0.64824331259683,0.0225153219605732,0.0329374158959928,-0.349303125873842
176,-0.448865714222227,-0.419186995119327,-0.997933560242116,0.709302705123407,-0.187427192907802,-0.0228669511921675,-0.0226685375095864,-0.0277976613558938,-0.664913704075292,0.0231890063739473,0.0344504206255032,-0.315842581997701,-0.448865323972778,-0.419186771806165,-0.997933683532876,0.709302546436835,-0.187427756224967,-0.0228667336804465,-0.0226686526052849,-0.0277976167115904,-0.664913687048896,0.0231894610620069,0.0344503257536143,-0.315843828927684
177,-0.426648605372372,-0.448890699303913,-0.997877000569699,0.725443637675771,-0.18740870282159,-0.0219413797030333,-0.0210856828400182,-0.0263681969057845,-0.679967552770848,0.0238063757331119,0.0358875427220169,-0.284695908129378,-0.42664823964963,-0.44889049328013,-0.997877113382247,0.725443478388865,-0.187409276156082,-0.0219411744790842,-0.0210857759340607,-0.026368159643318,-0.679967596408424,0.0238067599801014,0.0358874578658999,-0.28469708612287
178,-0.404253866238142,-0.479403206258206,-0.997818578159489,0.740570700739781,-0.187491024157182,-0.0208632312988059,-0.019534373435985,-0.0248147861114081,-0.693513717891169,0.0243692634206902,0.0372417844955079,-0.255599855557644,-0.404253527225171,-0.479403018757443,-0.997818681080285,0.740570542830012,-0.187491598680419,-0.0208630373454767,-0.0195344480384772,-0.0248147551258796,-0.693513818953257,0.0243695784794396,0.0372417101595101,-0.255600972788201
179,-0.38169743390002,-0.510673203100509,-0.997758426903837,0.754644575283757,-0.187675955757345,-0.0196382851611406,-0.0180118996556177,-0.0231486261242895,-0.705648455266584,0.0248797531941831,0.0385068039829388,-0.228313671420429,-0.381697123429351,-0.510673035082212,-0.997758520471496,0.754644420249559,-0.187676524159272,-0.0196381016284723,-0.0180119591990159,-0.023148600425537,-0.705648610973569,0.0248800017836319,0.0385067402642694,-0.228314738218706
180,-0.358995391004561,-0.542647645187397,-0.997696682922084,0.767628750685261,-0.187964559469088,-0.0182735963579103,-0.0165155553988371,-0.0213804136781501,-0.716456520760999,0.0253396743434248,0.0396769465641087,-0.202616607008879,-0.358995110614976,-0.542647497396059,-0.997696767633357,0.76762859966039,-0.187965115815527,-0.0182734225443703,-0.0165156031730342,-0.0213803923856941,-0.716456728889733,0.025339859949648,0.0396768932777613,-0.202617635347955
181,-0.336163954283384,-0.575271888023356,-0.99763348416421,0.779489522327862,-0.188357395247793,-0.0167774381489984,-0.0150426734449361,-0.01952042661858,-0.726012124464342,0.0257506213394775,0.0407471873470781,-0.17830631506813,-0.336163705275864,-0.575271761043012,-0.997633560479555,0.779489376177309,-0.188357934821855,-0.0167772734852322,-0.0150427125596462,-0.0195204089537513,-0.726012383424801,0.0257507479412356,0.0407471440867958,-0.178307318291909
182,-0.313219462858105,-0.608489823166802,-0.997568970012711,0.790196007101301,-0.188854703541078,-0.0151592325024836,-0.0135906467208195,-0.0175785947228072,-0.734379800372743,0.0261139733210663,0.0417130854454086,-0.155197025880327,-0.313219246349815,-0.608489717470696,-0.997569038361454,0.790195866501928,-0.188855222676427,-0.0151590765366891,-0.0135906800823627,-0.0175785800004193,-0.734380109271821,0.0261140451855385,0.0417130516222045,-0.155198018472744
183,-0.290178366350727,-0.642244017794416,-0.997503280883372,0.799720168688936,-0.189456546159156,-0.0134294694641823,-0.0121569392247379,-0.015564560554651,-0.741615183689978,0.0264309122895377,0.0425707479600178,-0.133117637842814,-0.290178183326211,-0.642243933789954,-0.997503341668453,0.799720034197337,-0.189457042072515,-0.013429321848856,-0.0121569695227635,-0.0155645481750879,-0.741615542384071,0.0264309338614657,0.04257072282456,-0.133118635221738
184,-0.267057212818921,-0.676475857576129,-0.997436557825629,0.808036846629818,-0.190162914521073,-0.0115996161422341,-0.010739089405896,-0.0134877313531386,-0.747765693398888,0.0267024396052354,0.0433168018210571,-0.11190980635851,-0.267057064177865,-0.676475795645332,-0.997436611427928,0.808036718739702,-0.190163385149389,-0.0115994766220604,-0.0107391191052796,-0.0134877207955225,-0.747766102535877,0.0267024154800268,0.0433167844682917,-0.11191082466783
185,-0.243872636535551,-0.711125692504425,-0.997368942123247,0.81512378465961,-0.190973812242787,-0.00968201617944315,-0.00933470808315896,-0.0113573230600627,-0.752871121074518,0.0269293905332019,0.0439483719631427,-0.0914260790589462,-0.243872523136576,-0.711125653040119,-0.997368988905481,0.815123663850786,-0.190974256088778,-0.00968188458013845,-0.00933473941640811,-0.0113573138771401,-0.752871582124458,0.0269293255209804,0.0439483613201113,-0.0914271349335077
186,-0.220641345631765,-0.746132985313944,-0.997300574896056,0.820961654925826,-0.191889317455933,-0.00768978068872779,-0.00794147244181801,-0.00918239761174675,-0.756964128731151,0.0271124467292586,0.0444630645972785,-0.071528101144036,-0.220641268331721,-0.746132968751894,-0.997300615206247,0.820961541706539,-0.191889733444521,-0.00768965690661906,-0.00794150739693106,-0.00918238942713609,-0.756964644003191,0.0271123460194787,0.044463059393278,-0.0715292114020752
187,-0.197380109622934,-0.781436462120664,-0.997231596703517,0.825534075457676,-0.192909628957524,-0.00563667171974423,-0.00655711723755708,-0.00697189459279243,-0.760070659301674,0.0272521466317507,0.0448589545880152,-0.0520848984010565,-0.197380069311078,-0.781436468967731,-0.997231630878051,0.825533970401616,-0.19291001630493,-0.00563655571181295,-0.00655715753564511,-0.00697188710134323,-0.760071231942084,0.0272520160742771,0.0448589533051778,-0.0520860796029277
188,-0.174105746836773,-0.816974264904218,-0.99716214715093,0.828827618835752,-0.194035099233394,-0.0035369794063446,-0.00517942403168922,-0.00473465830006189,-0.762210263478982,0.0273488937661852,0.0451345761556269,-0.0329712347951699,-0.174105744463026,-0.816974295762445,-0.99716217551723,0.828827522614538,-0.194035457330391,-0.00353687118039797,-0.00517947108766921,-0.00473465127228382,-0.762210897441486,0.0273487402919543,0.0451345769572401,-0.0329725025841891
189,-0.150835111763036,-0.85268410545224,-0.997092364499113,0.830831810414877,-0.195266256518359,-0.00140539401388771,-0.00380620905783834,-0.00247946120953972,-0.763396346338681,0.027402962988967,0.0452889163060732,-0.014066034632772,-0.150835148359164,-0.852684161038453,-0.997092387377952,0.830831723826143,-0.195266584829386,-0.0014052936184074,-0.00380626391608092,-0.0024794545013585,-0.763397046313265,0.0274027952009508,0.0452889169393494,-0.0140674027400306
190,-0.127585082344281,-0.888503420381914,-0.997022385278393,0.831539114750601,-0.196603817304324,0.000743125838532725,-0.00243531015845505,-0.000215024786830021,-0.763636336570403,0.0274145047498813,0.0453214105525334,0.00474914498540779,-0.127585159036389,-0.888503501542061,-0.99702240298592,0.831539038740586,-0.196604115286398,0.000743218325398651,-0.00243537339463939,-0.000215018356350325,-0.763637107848271,0.0274143336730639,0.0453214082216682,0.00474766629176295
191,-0.104372547227354,-0.924369526851268,-0.996952343907838,0.830944909099982,-0.198048690038052,0.00289348746400246,-0.00106457311677278,0.00204996146016828,-0.762931780380875,0.0273835474500807,0.0452319406341712,0.023591608235628,-0.104372665237425,-0.924369634568149,-0.996952356757353,0.830944844776973,-0.198048957091746,0.00289357194676124,-0.00106464469862517,0.00204996752667637,-0.762932628617265,0.0273833873839226,0.0452319318408948,0.0235900146772312
192,-0.0812143929953859,-0.960219778571098,-0.996882372320542,0.82904744302859,-0.199601970159881,0.00503059955579684,0.000308162333858534,0.00430682181642816,-0.761278361230464,0.0273099968410414,0.0450208340473858,0.0425790008950241,-0.0812145536288358,-0.960219913963482,-0.996882380624165,0.829047391666253,-0.199602205606642,0.00503067593734132,0.00030808325868784,0.00430682726697863,-0.761279292077619,0.0273098673318466,0.0450208144208422,0.0425772968402226
193,-0.0581274914005925,-0.995991721728113,-0.996812599595889,0.825847783295821,-0.201264926015147,0.00713950744001954,0.0016850766202278,0.00654687622753083,-0.758665845665096,0.027193635339004,0.0446888654061482,0.0618307936366446,-0.0581276960155335,-0.99599188603809,-0.996812603666303,0.825847746323013,-0.201265129089104,0.00713957564357097,0.00168499202036119,0.00654688059208872,-0.758666864232052,0.0271935624193386,0.0446888294939019,0.0618289963581628
194,-0.035128686618339,-1.03162325043034,-0.996743151599756,0.821349743320557,-0.203038974481931,0.00920552678377034,0.00306838434874983,0.00876142134225341,-0.755077954608663,0.027034118058536,0.0442372596391021,0.0814697878890647,-0.0351289365708727,-1.03162344499437,-0.996743151752202,0.821349722284045,-0.203039144370319,0.00920558677904867,0.00306829768834593,0.00876142386201655,-0.755079064649235,0.0270341360856865,0.0442372007153458,0.0814679341642195
195,-0.0122347825429416,-1.06705276128709,-0.996674150633592,0.815559796648653,-0.204925644515547,0.0112143744170328,0.00446034795665882,0.0109417098528356,-0.750492158519004,0.0268309673347122,0.0436676972491224,0.101623663605903,-0.0122350791014619,-1.06705298748487,-0.996674147188356,0.815559793134702,-0.204925780467591,0.0112144262546362,0.00446026467947182,0.0109417093886367,-0.750493361248134,0.0268311209650895,0.0436676071913568,0.101621817967067
196,0.0105374698541286,-1.10221930673853,-0.996605715093287,0.808486974003434,-0.20692652599849,0.013152294967216,0.00586329069198667,0.0130789272215833,-0.744879393972247,0.0265835656235001,0.0429823219437396,0.122426583619101,0.0105371256340918,-1.10221956591185,-0.996605708378992,0.808486989503353,-0.206926627506097,0.0131523388233758,0.00586321881151095,0.0130789221409125,-0.744880686413211,0.026583911534982,0.0429821912791336,0.122424848852987
197,0.0331713850831663,-1.13706274675309,-0.996537959138748,0.8001427437249,-0.20904320029364,0.015006182051795,0.00727960851354008,0.0151641648325287,-0.738203698551122,0.0262911470286292,0.042183751064515,0.144020868008447,0.0331709925331876,-1.13706304008512,-0.996537949496886,0.800142779424292,-0.209043267348805,0.0150062182847309,0.00727955928473484,0.0151641528797511,-0.738205071306614,0.0262917547171733,0.0421835693685765,0.144019397685751
198,0.055650355592601,-1.17152389851534,-0.996470992375126,0.790540875721866,-0.211277147728237,0.016763692836417,0.00871178035773343,0.0171883885451911,-0.730421760391569,0.0259527878889798,0.0412750894029653,0.16655874652335,0.0556499146645462,-1.17152422685881,-0.996470980166314,0.790540932192461,-0.211277181145226,0.0167637220537961,0.0087117689606144,0.0171883667092471,-0.730423194763484,0.0259537384046659,0.0412748463255072,0.166557758505235
199,0.0779578641048948,-1.20554468373103,-0.996404919546643,0.77969728954095,-0.213629625781517,0.0184133548421913,0.0101623760163799,0.0191424015597471,-0.721482378554264,0.0255673970107972,0.0402599471645439,0.190204189242233,0.0779573756712532,-1.20554504737299,-0.996404905159191,0.779697366319148,-0.213629627539315,0.0184133779751257,0.010162422108808,0.0191423659698669,-0.721483843026226,0.0255687779161533,0.0402596344719763,0.190203977647684
200,0.100077495817235,-1.23906827318044,-0.996339840244105,0.767629887878942,-0.216101509941281,0.0199446639741863,0.0116340605838122,0.0210168004398015,-0.711325830704937,0.0251337061345214,0.0391424631099982,0.215134803427416,0.100076962041774,-1.23906867153234,-0.996339824105387,0.767629982932046,-0.21610148344768,0.0199446823466752,0.0116341884769976,0.021016746343993,-0.711327276983113,0.0251356004376864,0.0391420782060537,0.215135744313482
201,0.121992950457317,-1.27203922815488,-0.996275848627415,0.75435837795319,-0.218693086935601,0.0213481728424598,0.0131295940308952,0.0228019230998697,-0.699883145694742,0.0246502611798059,0.0379273342870285,0.241543765288551,0.121992375228994,-1.27203965936131,-0.996275831218268,0.754358487068029,-0.218693037044688,0.0213481882158245,0.0131298321099325,0.0228018450119794,-0.699884504804269,0.0246527276104292,0.037926885627343,0.241546308712769
202,0.143688054191493,-1.30440363841307,-0.996213033164902,0.739904084769653,-0.221403787240872,0.0226155685556327,0.0146518238676491,0.0244877875856492,-0.687075280939079,0.0241154130406417,0.0366198545057042,0.269641726752418,0.143687443597111,-1.30440409888334,-0.996213015036442,0.739904200956737,-0.22140371977763,0.0226155831152656,0.0146522027714873,0.0244876797144918,-0.687076460316827,0.0241184565841864,0.0366193688398257,0.269646364800568
203,0.165146771390524,-1.33610925629563,-0.996151476392055,0.724289762749131,-0.224231840278282,0.023739739276805,0.0162036680182939,0.0260640206063155,-0.672812208678125,0.0235273066637775,0.0352259644298757,0.299658590951508,0.165146134175967,-1.33610974018099,-0.996151458182708,0.724289875832776,-0.224231760792709,0.0237397555202599,0.0162042170659792,0.0260638776868563,-0.672813091707893,0.0235308401058314,0.0352254949519626,0.299665791923136
204,0.186353216264609,-1.36710562663605,-0.996091254693308,0.707539415743211,-0.227173831443157,0.0247148289461962,0.0177880838272166,0.0275197751006292,-0.65699192217596,0.0228838626745981,0.033752317463358,0.331844984998146,0.186352564202155,-1.36710612530401,-0.996091237141173,0.707539512385522,-0.227173743013794,0.0247148494289578,0.0177888253640703,0.0275195936989422,-0.656992372002881,0.022887666588056,0.0337519501804364,0.331855087939087
205,0.207291664379557,-1.39734421210975,-0.996032438111373,0.689678140681281,-0.230224135067552,0.0255362796776069,0.0194080174753239,0.028843636734957,-0.639499383957493,0.0221827458220657,0.032206366139046,0.366473160878603,0.207291012425954,-1.39734471370326,-0.996032422053489,0.68967820512561,-0.230224035272925,0.0255363065925793,0.0194089593605697,0.028843416958963,-0.639499253369619,0.022186441659239,0.0322062198720966,0.36648623827744
206,0.227946564053038,-1.42677851367406,-0.995975090188263,0.670732017592386,-0.23337419173502,0.0262008614375367,0.0210663260864956,0.0300235202570895,-0.620205454938101,0.021421315705744,0.0305964732588639,0.403836924091348,0.227945930162909,-1.42677900288082,-0.995975076535123,0.670732033341519,-0.233374069461968,0.0262008960507948,0.0210674534736102,0.0300232675688634,-0.620204603187337,0.0214243734996466,0.0305966876518016,0.403852641670285
207,0.248302547598489,-1.45536418577823,-0.995919267839331,0.65072807933191,-0.236611592599644,0.0267066887170188,0.0227656626179386,0.0310465582103209,-0.598965867606994,0.0205965641131562,0.0289320493579237,0.444250017985194,0.248301952068683,-1.45536464395943,-0.995919257512554,0.650728031746499,-0.236611426012213,0.0267067307580813,0.022766931299255,0.0310462847666919,-0.598964183042753,0.0205983654132107,0.0289327572111233,0.444267542772484
208,0.268344442335416,-1.48305914607019,-0.995865021255575,0.629694408950323,-0.239918928486071,0.0270532240226115,0.0245083116781841,0.0318989868355717,-0.57562034037686,0.0197050612120152,0.0272237130100404,0.488042176020322,0.268343906615661,-1.48305955188845,-0.99586501508228,0.629694288367511,-0.23991868588139,0.0270532712177221,0.0245096459668199,0.031898711659898,-0.575617764996902,0.0197050206794039,0.0272250003483675,0.488060192371621
209,0.288057281232383,-1.50982367939205,-0.995812393820879,0.607660432234755,-0.243272359244622,0.0272412682028494,0.0262959626531385,0.0325660375442796,-0.549991976098721,0.0187429355779096,0.0254834717270192,0.535551789579978,0.288056826249896,-1.50982401001845,-0.99581239239246,0.607660236817911,-0.24327200409661,0.0272413161700609,0.0262972605929012,0.0325657849545115,-0.549988525790165,0.0187406669028881,0.0254853345425498,0.535568656709551
210,0.307426313015618,-1.53562053592904,-0.995761422025794,0.584657498528162,-0.24663986127457,0.0272729377842181,0.0281294057402896,0.0330318475281697,-0.52188714893026,0.017705952838769,0.0237249112562768,0.587113786725741,0.307425957207288,-1.53562076879247,-0.99576142554803,0.584657235868201,-0.246639361325498,0.027272980509311,0.02813055237359,0.0330316438500826,-0.521882922645511,0.017701409951742,0.023727232253643,0.587127824888839
211,0.32643701159458,-1.56041502342494,-0.995712135362807,0.560719875072933,-0.249979121779606,0.0271516298137896,0.0300081354173724,0.0332794110661786,-0.491096163721574,0.0165896886884972,0.0219634049127138,0.643040910037159,0.326436768968658,-1.56041513831868,-0.995712143540106,0.560719561717683,-0.249978460131181,0.0271516607274779,0.0300090217539957,0.0332792804290356,-0.491091337239376,0.0165832312205169,0.0219659617694644,0.643050731395435
212,0.345075084734767,-1.58417509337739,-0.99566455620143,0.535886318018593,-0.253235073468821,0.0268819748671255,0.0319298447848771,0.0332906047420587,-0.45739507412239,0.0153898042673012,0.0202163479109497,0.703596094320135,0.345074963334773,-1.58417507460679,-0.995664568200466,0.535885976723607,-0.253234258008164,0.0268819883037136,0.0319303876327453,0.033290565157144,-0.457389878850005,0.0153821463049773,0.0202188550130596,0.703600869882575
213,0.363326482020393,-1.60687142107551,-0.995618699661811,0.510202423522629,-0.256337111831744,0.0264697789734401,0.0338897956680549,0.0330463350682949,-0.42054916894524,0.0141023969850904,0.0185034202212896,0.7689532645827,0.363326483104651,-1.606871259269,-0.995618714181941,0.510202078772158,-0.256336179355166,0.0264697715718193,0.0338899524950356,0.0330463959362564,-0.420543861075109,0.0140944478645798,0.0185055902666102,0.768952841576012
214,0.381177402253611,-1.62847747925556,-0.99557457352009,0.483723995822948,-0.259196122264825,0.0259219551612637,0.0358800558008213,0.0325268756886447,-0.380318769660789,0.0127243984384288,0.016846866508031,0.839143834382878,0.381177520344036,-1.62847717250512,-0.9955745889655,0.483723668738674,-0.259195135458703,0.0259219267069284,0.0358798305145096,0.032527037212208,-0.380313597674356,0.0127170595535874,0.016848466028725,0.839138683194248
215,0.398614300483981,-1.64896960507504,-0.995532178178906,0.456521677429372,-0.261701580962879,0.0252464451657956,0.0378886120485922,0.0317124809222739,-0.336468097779036,0.0112540427445113,0.0152717430687416,0.913986903039152,0.398614524236111,-1.64896915921074,-0.995532192894883,0.456521381360792,-0.261700618983389,0.0252463985741547,0.0378880509370709,0.0317127350890816,-0.336463275696653,0.0112480295807184,0.0152726249964501,0.913977939202015
216,0.415623894836794,-1.66832706007888,-0.995491506722416,0.428687038318911,-0.263719192333269,0.0244521317901997,0.0398984030133929,0.0305843781453799,-0.288778017346989,0.00969144968795218,0.0138060544013851,0.993003194732338,0.41562420851388,-1.66832648806674,-0.995491519239576,0.428686776135173,-0.263718337836433,0.0244520722768591,0.0398975831802709,0.0305847105392807,-0.28877370805176,0.00968718854040987,0.0138061638676287,0.99299155372728
217,0.432193173237145,-1.68653208286625,-0.995452545054608,0.400340169419855,-0.265089783743957,0.0235487425442388,0.0418863689666571,0.0291262447295609,-0.237063351917649,0.0080393708742994,0.0124806754808251,1.07531684164897,0.432193558483537,-1.68653140348679,-0.995452554286949,0.400339933004127,-0.265089109906606,0.0235486763299942,0.0418853832671858,0.0291266364835833,-0.237059661290425,0.00803698190024064,0.0124800364935287,1.07530367217843
218,0.448309400048815,-1.70356993424581,-0.995415272103027,0.371638512965336,-0.265630461815027,0.0225467454582837,0.0438226917199252,0.02732625139929,-0.181195103082543,0.00630410974320443,0.0113289353855267,1.15955576769007,0.448309837660944,-1.7035691703168,-0.99541527746425,0.371638284831659,-0.265630022264012,0.0225466784645138,0.0438216341285618,0.0273266809340135,-0.181192082922863,0.00630345700299839,0.0113276297073057,1.15954208766369
219,0.463960122596919,-1.71942893475974,-0.995379660063272,0.34278613811672,-0.265139257437428,0.021457238248885,0.0456704826488504,0.0251796833855002,-0.121127130258564,0.00449655639040334,0.010385726944298,1.24377071821861,0.463960594058897,-1.71942811119535,-0.995379661490981,0.342785894626842,-0.265139080642298,0.0214571751414457,0.0456694367534627,0.0251801278997955,-0.121124786736985,0.00449733239449384,0.0103838736074164,1.24375733780183
220,0.479133177533195,-1.73410049453266,-0.995345674662424,0.314041934197431,-0.263404493987897,0.0202918321819637,0.0473862495070844,0.0226920147600836,-0.0569255996416191,0.00263318828680015,0.00968602021952427,1.32540330536928,0.479133666180573,-1.73409963649546,-0.995345672561865,0.314041649651713,-0.263404582254545,0.0202917759173314,0.0473852812813263,0.0226924515958771,-0.0569239042008435,0.00263500335527516,0.00968375910625163,1.3253908056047
221,0.493816697025389,-1.74757913544606,-0.995313275427654,0.285724362399322,-0.26021969215728,0.019062532017251,0.0489214881249179,0.0198821053256535,0.0112021748345008,0.000736795865944955,0.00926271868048416,1.40134075861683,0.493817188792716,-1.74757826677549,-0.995313270560014,0.28572401323175,-0.260220024417173,0.0190624838528946,0.0489206428889798,0.019882513307067,0.0112032744692198,0.000739252889347007,0.00926019807880963,1.40132950751868
222,0.50799911479067,-1.75986250565051,-0.995282415954861,0.258209778911923,-0.255403782581645,0.0177816133685734,0.0502256456721601,0.0167849440561039,0.082884673896271,-0.00116337474178387,0.00914392721946267,1.46809254579183,0.5079995985679,-1.75986164766942,-0.995282409299104,0.258209347312559,-0.255404319730491,0.017781573188192,0.0502249484268442,0.01678530479973,0.0828852440152432,-0.00116062854959593,0.00914129395385514,1.4680827335459
223,0.52166917203029,-1.77095138641602,-0.995253044178235,0.231921396898625,-0.248824721587766,0.0164614987324248,0.05125044125889,0.0134531621832514,0.157575314386707,-0.00303236605313987,0.0093498977201445,1.52210424663946,0.521669639694839,-1.77095055714416,-0.995253036792209,0.231920873354764,-0.248825413081735,0.0164614655123285,0.0512498993027361,0.0134534612839584,0.157575427543767,-0.00302961137849116,0.00934728909073625,1.52209592767826
224,0.534815923345939,-1.78084969129604,-0.995225102643831,0.207307185414045,-0.240422658228518,0.0151146333540355,0.0519551178394447,0.00995651287682061,0.234559974479849,-0.00483133127974689,0.00989013842259186,1.56018448688268,0.534816369554676,-1.78084890504653,-0.995225095543494,0.207306569887727,-0.24042344880153,0.0151146056274999,0.0519547246915079,0.00995674077150447,0.234559703743928,-0.00482876530998394,0.00988767315861464,1.56017761804851
225,0.547428742719948,-1.78956445755606,-0.995198528789797,0.18480756486274,-0.230227384439072,0.0137533620056337,0.0523117483094492,0.00637878482753731,0.312986636659207,-0.00652036314377814,0.0107613079163222,1.57997045337564,0.547429164546225,-1.78956372485709,-0.995198522857414,0.1848068665732,-0.230228220045658,0.0137533382465442,0.0523114880759506,0.0063789371863693,0.312986051638947,-0.00651810498864319,0.0107590807080005,1.57996492765645
226,0.559497329622145,-1.7971058297994,-0.995173255233677,0.164817088715614,-0.218364889531499,0.0123898076997393,0.0523094325585382,0.00281220194105675,0.391916247133698,-0.00806195588660894,0.0119464914276495,1.58031912535833,0.559497726113079,-1.79710515756782,-0.995173251158555,0.164816324681863,-0.21836572196008,0.0123897865856658,0.0523092840410302,0.0028122795542595,0.391915411491385,-0.00806005991716156,0.0119445695472164,1.58031479929918
227,0.571011715269905,-1.80348703571877,-0.995149210064092,0.147647086162079,-0.205049970814527,0.0110357532930085,0.0519563047854589,-0.000649901152291456,0.470388308217354,-0.00942444667436138,0.0134161814303488,1.56151112177592,0.57101208698348,-1.80348642761039,-0.99514920831424,0.147646278856805,-0.20505076069304,0.0110357338496181,0.0519562449339813,-0.000649892985017087,0.470387278329472,-0.00942291894131702,0.0134146036750598,1.56150783579656
228,0.581962269021687,-1.80872435391819,-0.995126317131919,0.13349700050621,-0.190565536308774,0.00970252693846145,0.0512787785526581,-0.00392075643640205,0.547490339265107,-0.0105847138156517,0.0151308533896106,1.52520282497719,0.581962617586639,-1.80872381078661,-0.995126317951757,0.133496175096194,-0.1905662544848,0.00970250858736355,0.0512787850592247,-0.0039208089094337,0.547489163702486,-0.0105835284562794,0.0151296317119697,1.52520041746979
229,0.592339704839983,-1.81283707378686,-0.995104496335131,0.122440213205963,-0.175232989004995,0.00840089239587496,0.0503182160773175,-0.006926683335432,0.622419132765236,-0.0115295963846723,0.0170446039374457,1.47414223789988,0.592340032566237,-1.8128365941931,-0.995104499762863,0.122439394861281,-0.175233616513941,0.00840087493376566,0.050318269066246,-0.0069267853572999,0.622417852326193,-0.0115287098001074,0.0170437272880406,1.47414055422211
230,0.602135087726917,-1.81584744745844,-0.995083663891969,0.114426204967087,-0.159380241141209,0.00714094528893739,0.0491258899655184,-0.00961132508475799,0.694524272361866,-0.0122558693714841,0.0191090859545889,1.41173619507151,0.602135397281464,-1.8158470281862,-0.995083669789919,0.114425416623577,-0.159380768132832,0.00714092882449071,0.0491259728690488,-0.00961146452271573,0.694522920455912,-0.0122552311155386,0.0191085255166525,1.41173509273211
231,0.611339840020147,-1.81778063395033,-0.995063732598604,0.109296704826618,-0.143313666952057,0.00593201645950584,0.0477574281618438,-0.0119371818196287,0.763329471878585,-0.0127689940166456,0.0212770150530882,1.34158763965507,0.61134013417326,-1.81778027049364,-0.995063740690441,0.109295965624284,-0.143314091004106,0.00593200132951279,0.0477575279519513,-0.0119373466068328,0.763328075116778,-0.012768554226655,0.0212767299703671,1.34158699085312
232,0.619945747438725,-1.81866463563764,-0.995044612069571,0.106810686810692,-0.12729812930379,0.00478258357049116,0.0462678240541313,-0.0138847313253818,0.828532746033984,-0.0130811090648007,0.0235047734574281,1.26710478629008,0.619946028878211,-1.81866432263897,-0.995044621979398,0.106810011261093,-0.127298453517217,0.00478257025122436,0.0462679310325041,-0.0138849103266779,0.828531324925796,-0.0130808228467003,0.0235047162823513,1.26710447868581
233,0.627944964784157,-1.81853022726891,-0.995026208961309,0.10667239584561,-0.111546364667799,0.00370019203459493,0.0447076940310622,-0.0154498795528807,0.889990330615837,-0.0132087772499367,0.0257539573414651,1.19123796173041,0.627945235990763,-1.81852995889472,-0.995026220250838,0.106671793648204,-0.111546595842964,0.00370018105932838,0.0447078013670986,-0.015450063148743,0.889988900307582,-0.0132086067242488,0.0257540786902261,1.1912378982886
234,0.635330021225163,-1.81741087777013,-0.995008427180734,0.108557642637365,-0.0962166706738578,0.00269138621077192,0.0431209993643621,-0.016640598933844,0.947690850946604,-0.0131708956248892,0.0279919730703101,1.11635161264245,0.63533028439971,-1.81741064801859,-0.995008439382038,0.108557118992398,-0.0962168177483354,0.00269137809985947,0.0431211025352539,-0.0166407793349093,0.947689421935851,-0.0131708102762566,0.0279922251441327,1.11635170991913
235,0.642093825119529,-1.81534266511032,-0.994991168081784,0.112135474428204,-0.0814165841747763,0.00176165164182439,0.0415440911460679,-0.0174734746565446,1.00172581766486,-0.0129870067247778,0.0301919267086019,1.04420640688546,0.642094082151465,-1.81534246805118,-0.994991180724223,0.112135030669018,-0.081416657001081,0.00176164684885752,0.0415441873813776,-0.0174736459921857,1.00172439647047,-0.0129869829439128,0.0301922658542631,1.04420659430764
236,0.64822966834893,-1.81236418451726,-0.994974330653238,0.117084148883154,-0.0672100105000598,0.000915368935251832,0.0400057505476006,-0.0179706285599871,1.05226098401227,-0.0126760890004255,0.0323320798259101,0.976013687121274,0.648229920816172,-1.81236401446797,-0.994974343284059,0.11708378326889,-0.0672100189641311,0.000915367809544419,0.0400058383407698,-0.0179707868002418,1.05225957376945,-0.0126761089131036,0.0323324678986985,0.976013904322249
237,0.653731230160301,-1.80851645034002,-0.994957811701011,0.123101643413866,-0.0536256848302896,0.000155779725931908,0.0385278592985119,-0.0181572439565357,1.09951128357909,-0.0122557939037331,0.0343951013591594,0.912526569421784,0.653731479351138,-1.80851630198448,-0.994957823899796,0.123101351957335,-0.0536256382683519,0.000155782491321591,0.0385279380038985,-0.0181573867194286,1.09950988456201,-0.0122558445767832,0.0343955067426577,0.912526765836926
238,0.658592580519854,-1.80384279185831,-0.994941506027682,0.12991163183496,-0.0406655096731081,-0.000515034981408106,0.0371263879771874,-0.0180597324707967,1.14372052304825,-0.0117420458756653,0.0363672803299954,0.854141108680265,0.658592827468979,-1.80384266031631,-0.994941517415311,0.129911409078145,-0.0406654165286229,-0.000515028235878848,0.0371264575100296,-0.0180598587772455,1.14371913312633,-0.0117421174902783,0.0363676773786881,0.854141241307929
239,0.662808182993831,-1.79838874334165,-0.994925306611509,0.137266081238991,-0.0283119451848507,-0.00109616393059968,0.0358124767910819,-0.0177044774565533,1.18514593730187,-0.0111489016838154,0.0382377929689177,0.800991210278602,0.662808428525895,-1.79838862419707,-0.994925316854537,0.137265920935624,-0.0283118128307218,-0.00109615324982957,0.035812537422015,-0.0177045874718012,1.1851445523093,-0.0111489868823063,0.0382381619693217,0.800991242548132
240,0.66637289717444,-1.79220192866339,-0.994909104786615,0.144945552021995,-0.0165341084274255,-0.00158786215371689,0.0345934688369278,-0.0171170429913415,1.22404710825718,-0.0104885824187414,0.0399980736052003,0.753029352091178,0.666373141949756,-1.79220181795912,-0.994909113598035,0.144945447700619,-0.0165339431035088,-0.00158784770777901,0.034593521047655,-0.0171171377621865,1.22404572230693,-0.0104886755428977,0.039998400259739,0.753029252896669
241,0.669281980670977,-1.78533194077825,-0.994892790425405,0.152758082306618,-0.00529254453784942,-0.00199153501140771,0.0334738229599723,-0.016321730951038,1.26067849044362,-0.0097716057769106,0.0416413010761129,0.710090798298978,0.669282225229267,-1.78533183498538,-0.994892797562799,0.152758027708091,-0.00529235136183651,-0.00199151708164229,0.0334738673534989,-0.0163218121623916,1.26067709619623,-0.00977170220944193,0.0416415757977821,0.710090541293766
242,0.671531090686335,-1.77783021637677,-0.994876252123806,0.160537307911831,0.00545720172493388,-0.00230970993176774,0.0324558791248589,-0.0153413824336763,1.29528474740213,-0.009006968269667,0.0431619949489075,0.671942174988737,0.671531335485469,-1.77783011234481,-0.99487625738578,0.160537297308605,0.00545741870497384,-0.00230968889409731,0.0324559163780855,-0.0153414521938779,1.29528333630619,-0.0090070639150503,0.0431622121695828,0.671941738291658
243,0.673116285198321,-1.76974990603634,-0.994859377389529,0.168140263544421,0.0157620171186281,-0.00254599616335385,0.0315404766647908,-0.0141973409219624,1.3280981803329,-0.00820234423533654,0.0445557070796086,0.638316732757786,0.673116530645776,-1.76974980093061,-0.99485938061125,0.168140291955004,0.0157622548507736,-0.00254597247042405,0.0315405075121753,-0.0141974015773562,1.32809674286098,-0.0082024351176143,0.04455586466707,0.638316099170859
244,0.674034023764003,-1.76114574019562,-0.994842052833224,0.175445149340706,0.0256694461259172,-0.0027050329746548,0.0307274399813754,-0.0129095158979322,1.35933765462661,-0.00736428163724532,0.0458187912875994,0.608939019593672,0.67403427023939,-1.7611456314269,-0.994842053881695,0.17544521265441,0.0256697024713095,-0.00270500713779903,0.0307274652210594,-0.0129095698717333,1.35933618053639,-0.00736436358660467,0.0458188901548724,0.608938177471518
245,0.674281167963944,-1.75207389128638,-0.99482416436214,0.182349230143511,0.0352265234483751,-0.00279242684776355,0.0300159519395917,-0.0114965039033199,1.38920856072911,-0.00649838381264978,0.0469482345694248,0.583541530494154,0.674281415831341,-1.75207377643748,-0.994824163131764,0.182349325169279,0.0352267970920382,-0.00279239941913205,0.0300159724559513,-0.0114965535490708,1.38920703938788,-0.0064984522210892,0.0469482785608529,0.583540475457183
246,0.673854981501884,-1.74259183236455,-0.994805597375683,0.188766955893564,0.0444790545174314,-0.00281467832641019,0.0294048359317685,-0.00997573833708302,1.41790346338237,-0.00560947234988243,0.0479415354137962,0.561875508770114,0.673855231110984,-1.74259170911814,-0.994805593784561,0.188767080343158,0.0444793448699212,-0.00281464988094028,0.0294048527302976,-0.00997578579246685,1.41790188420411,-0.00560952198971727,0.0479415315590647,0.56187424651439
247,0.67275312997423,-1.73275819258969,-0.994786236962143,0.194628341160646,0.0534712179799941,-0.00277909928636316,0.0288927657905192,-0.00836364980972691,1.44560319029766,-0.00470172996575104,0.0487966173584457,0.54371762781104,0.672753381649473,-1.7327580586617,-0.994786230949515,0.194628493571099,0.0534715250609446,-0.00277907040255043,0.0288927800421151,-0.0083636968317207,1.44560154335634,-0.00470175488312578,0.0487965766009348,0.543716178330692
248,0.670973680322661,-1.72263260990922,-0.994765968095694,0.199877611800157,0.0622453932077199,-0.0026937214978664,0.0284784198953426,-0.00667582629236311,1.47247818710394,-0.00377882435749407,0.0495117684118873,0.528873869239186,0.670973934339702,-1.72263246299285,-0.994765959620957,0.199877791393311,0.0622457174968468,-0.00269369273544055,0.0284784329869357,-0.00667587404909647,1.4724764640035,-0.00377881789095611,0.0495117069452715,0.528872272820757
249,0.6685150999822,-1.7122755813098,-0.994744675832749,0.204472110361665,0.0708421400008346,-0.00256719744407406,0.0281605927693508,-0.00492716734679306,1.49869002239878,-0.00284401504788148,0.0500855991011253,0.517181567776742,0.668515356531336,-1.71227541903664,-0.994744664876536,0.204472316829064,0.0708424822364035,-0.00256716931518696,0.0281606063545152,-0.0049272161336846,1.49868821749763,-0.00284397012259902,0.050085540511832,0.517179893092324
250,0.665376255736173,-1.70174831100427,-0.994722245506634,0.208381444334032,0.0793002765607277,-0.00240869443990756,0.0279382745933824,-0.00313203004188925,1.52439296834459,-0.00190024640541079,0.0505170143264834,0.508510320102757,0.66537651487298,-1.70174813093087,-0.994722232074596,0.208381677524704,0.0793006374611236,-0.0024086673727981,0.0279382906453586,-0.00313207889446236,1.5243910804486,-0.00190015568126528,0.0505169921759909,0.508508674725317
251,0.661556412288677,-1.69111255692701,-0.994698562919641,0.211586859214714,0.0876570159601518,-0.00222778317666018,0.0278107065888829,-0.00130436631793039,1.54973561190984,-0.000950228011115602,0.0508051938392999,0.502762247599906,0.661556673873092,-1.69111235655867,-0.99469854704966,0.211587118694356,0.087657395846885,-0.00222775746587869,0.0278107274421845,-0.00130441248171552,1.54973364654969,-0.000950085042503857,0.0508052555557314,0.502760790670598
252,0.657055230564093,-1.68043047591466,-0.99467351453153,0.214080819510709,0.0959481314773987,-0.00203432187469808,0.0277774180963614,0.000542147116629168,1.57486247247474,3.49315194110034e-06,0.0509495803585085,0.499871947663578,0.657055494191043,-1.68043025278171,-0.994673496305212,0.214081103940388,0.095948529775254,-0.00203429761193056,0.0277774464520713,0.000542108897108092,1.5748604448556,3.69234673577722e-06,0.0509497914737048,0.499870903870181
