step,r_n,r_e,r_d,v_n,v_e,v_d,phi,theta,psi,p,q,r,T1,T2,T3,T4,ref_rn,ref_re,ref_rd,ref_vn,ref_ve,ref_vd,ref_phi,ref_theta,ref_psi,ref_p,ref_q,ref_r,ref_T1,ref_T2,ref_T3,ref_T4
1,1.2,-0.2,-1,0,0,0,0,0,0,0,0,0,0.890568556785329,0.890486254400733,0.890524522155241,0.890606824539837,1,0,-1,-0,0.5,0,0.0254786850875829,1.55944441295558e-18,1.5707963267949,-7.7972220647779e-19,0.0127379642693884,0.499837717930802,0.890568556785329,0.890486254400732,0.890524522155241,0.890606824539837
2,1.19999999833421,-0.199999998594114,-0.999992724982388,-1.02107161291045e-06,9.69752690608934e-07,0.00305735612925514,5.72530776489127e-05,5.8137486919426e-05,1.22243855321894e-05,0.0228478216928974,0.0229730997310228,0.00486309366121075,1.06011893966643,0.735615238914272,0.73596857787755,0.736092663542172,0.999950000416665,0.00999983333416666,-1,-0.00499991666708333,0.499975000208333,0,0.0254786850875829,1.55944441295558e-18,1.5807963267949,-8.22942284395257e-17,0.0127379642693884,0.499837717930802,0.890568556785329,0.890486254400733,0.890524522155241,0.890606824539837
3,1.19999917064369,-0.199999176166416,-0.999655913006599,-0.000142769251178195,0.000142087837643225,0.0355806677650801,0.00254459836887164,0.00255123640861907,0.000544839716069045,0.262224605513502,0.262763687930927,0.0558334417802013,1.37349097699323,0.450297148609698,0.450675599180714,0.450617302050666,0.999800006666578,0.0199986666933331,-1,-0.00999933334666654,0.499900003333289,0,0.0254786850875829,3.57763626094892e-19,1.59079632679489,-2.45190361629585e-16,0.0127379642693883,0.499837717930802,0.890568556785329,0.890486254400732,0.890524522155241,0.890606824539837
4,1.19998932558961,-0.199989369461131,-0.998419242011891,-0.00103676450679598,0.00103286798882021,0.0908888570208611,0.0116627404994582,0.0116493105599671,0.00254871095593601,0.668602856481099,0.668678115826096,0.14246583080937,1.55052815878552,0.289476220783702,0.289499914025877,0.289036898920085,0.999550033748988,0.0299955002024957,-1,-0.0149977501012478,0.499775016874494,0,0.0254786850875829,-3.6322586641172e-18,1.60079632679489,-2.03533255314525e-16,0.0127379642693881,0.499837717930802,0.890568556785329,0.890486254400733,0.890524522155242,0.890606824539837
5,1.19994637607927,-0.199946597218528,-0.995949376977451,-0.00369073435683069,0.00367514836254061,0.15492614495507,0.0300255322355789,0.0297106022144263,0.00681488325680783,1.17349397995692,1.13863459629627,0.248197512820888,1.6509196426872,0.370261769716542,0.318700812709018,0.197956198881737,0.999200106660978,0.0399893341866342,-1,-0.0199946670933171,0.499600053330489,-3.5527136788005e-17,0.0254786850875829,-1.07447832110875e-17,1.61079632679489,-2.44052895453391e-16,0.012737964269388,0.499837717930802,0.890568556785329,0.890486254400733,0.890524522155242,0.890606824539837
6,1.19981589633011,-0.199815952074248,-0.992359448866466,-0.0102884069430129,0.0103791107236551,0.198552382094862,0.0595201283451027,0.0558986615825028,0.0140697234849401,1.74790777362022,1.47282353324811,0.361665869973968,1.70779961707931,0.648792731169947,0.646608933306578,0.146686794099553,0.998750260394966,0.0499791692706783,-1,-0.0249895846353392,0.499375130197483,-7.105427357601e-17,0.0254786850875829,-2.0099684304621e-17,1.62079632679489,-2.84627533872637e-16,0.0127379642693879,0.499837717930802,0.890568556785329,0.890486254400733,0.890524522155242,0.890606824539837
7,1.19948450440852,-0.199474527351833,-0.988288226046044,-0.0243062668106298,0.0255390882406532,0.202451117475325,0.100819552622546,0.0856292178745234,0.0250056034998343,2.29314827265694,1.53590470486252,0.493830819571056,1.73951690735875,0.88034660155462,1.09868542705604,0.117582438938162,0.998200539935204,0.0599640064794446,-1,-0.0299820032397223,0.499100269967602,-1.06581410364015e-16,0.0254786850875829,-3.08423641789359e-17,1.63079632679489,-3.25162692812518e-16,0.0127379642693879,0.499837717930802,0.890568556785328,0.890486254400732,0.890524522155241,0.890606824539837
8,1.19878341177533,-0.198712845859987,-0.984444583119998,-0.0471511416575004,0.0527156519219021,0.180040528439615,0.153028619017619,0.113559416007792,0.0400913443456797,2.75678987236055,1.41014772807621,0.650198873877576,1.75734273331495,0.841294003511958,1.39556908349161,0.101164687744272,0.99755100025328,0.0699428473375328,-1,-0.0349714236687664,0.49877550012664,-6.16297582203915e-32,0.0254786850875829,-4.29526702870341e-17,1.64079632679489,-4.47298184631719e-16,0.0127379642693878,0.499837717930802,0.890568556785328,0.890486254400732,0.890524522155241,0.890606824539837
9,1.19755227866354,-0.197283211818589,-0.981090793637844,-0.0769079383184533,0.0922287140376192,0.156579417801275,0.214167227162009,0.137029890685092,0.0596561754034181,3.08642882899204,1.25731735885642,0.838641266301651,1.76397246521304,0.603161842853131,1.56313115555511,0.0919934807649968,0.996801706302619,0.0799146939691727,-1,-0.0399573469845863,0.49840085315131,1.06581410364015e-16,0.0254786850875829,-5.64362132533924e-17,1.65079632679489,-5.69006462862891e-16,0.0127379642693877,0.499837717930802,0.890568556785328,0.890486254400732,0.890524522155241,0.890606824539837
10,1.195676046166,-0.194948935856532,-0.978101386185339,-0.111365926409486,0.142959938748176,0.144733644507544,0.281511546086166,0.155604558994171,0.084100890495779,3.25955655483518,1.14196447557918,1.05423696993989,1.64896037377028,0.381691671892212,1.65776529924581,0.145233158337264,0.995952733011994,0.0898785491980111,-1,-0.0449392745990055,0.497976366505998,2.1316282072803e-16,0.0254786850875829,-7.13075350005321e-17,1.66079632679489,-6.90290107232152e-16,0.0127379642693876,0.499837717930802,0.890568556785328,0.890486254400732,0.890524522155241,0.890606824539837
11,1.19307364458295,-0.191496557840502,-0.975208481692249,-0.14963263112925,0.204236048415389,0.145796242735208,0.351522562741056,0.169006582554496,0.113293938331623,3.22855850505854,1.03200345239118,1.2632964215845,1.39836789053697,0.289659813949907,1.71122360760846,0.377335166327755,0.995004165278026,0.0998334166468282,-1,-0.0499167083234141,0.497502082639014,3.19744231092045e-16,0.0254786850875829,-8.75666355284532e-17,1.67079632679489,-8.11150943953498e-16,0.0127379642693876,0.499837717930802,0.890568556785328,0.890486254400732,0.890524522155241,0.890606824539837
12,1.18965587712506,-0.186694723412387,-0.972245671079291,-0.193058025769792,0.278090952551392,0.150861165894974,0.419444518723592,0.176994198562261,0.146209809887787,2.95559593417498,0.934432433070989,1.43451625370165,1.1388451091335,0.260788623147932,1.74137971077196,0.697395623021888,0.993956097956697,0.109778300837175,-1,-0.0548891504185874,0.496978048978349,4.2632564145606e-16,0.0254786850875829,-1.05085644222887e-16,1.68079632679488,-9.31590921052445e-16,0.0127379642693875,0.499837717930802,0.890568556785328,0.890486254400732,0.890524522155241,0.890606824539837
13,1.18531463364479,-0.180290666169817,-0.969160261736874,-0.241997476091302,0.364272511322138,0.157950388006648,0.480324558445406,0.180046859798734,0.181659082116683,2.47156364164906,0.870188043521797,1.56889138832569,0.975528354303655,0.218535506564667,1.75841835049023,0.966560315159497,0.992808635853866,0.119712207288919,-1,-0.0598561036444597,0.496404317926934,5.32907051820075e-16,0.0254786850875829,-1.23654050811941e-16,1.69079632679488,-1.05161199286406e-15,0.0127379642693874,0.499837717930802,0.89056855678533,0.890486254400733,0.890524522155242,0.890606824539838
14,1.17993909320946,-0.17205294709756,-0.965916643943449,-0.296445199888814,0.461013369546322,0.16676900685817,0.530347244538176,0.179348251153177,0.219070212274972,1.84590767995577,0.864806884713515,1.68250752049238,0.928061581947053,0.166490682716079,1.76806078329291,1.12035881370497,0.991561893714788,0.129634142619695,-1,-0.0648170713098475,0.495780946857395,3.5527136788005e-16,0.0254786850875828,-1.42912263498971e-16,1.70079632679488,-1.08953975529455e-15,0.0127379642693874,0.499837717930802,0.890568556785329,0.890486254400733,0.890524522155242,0.890606824539838
15,1.1734226982763,-0.161801220672107,-0.962472885411615,-0.355985760484641,0.565035585870426,0.178141205437257,0.567558662296828,0.176246384783572,0.258567556482585,1.1824384686085,0.909066697914862,1.79579693473133,1.00787139841653,0.131225590332793,1.77352021251195,1.09206387196751,0.990215996212637,0.139543114644237,-1,-0.0697715573221183,0.495107998106319,1.77635683940024e-16,0.0254786850875828,-1.62850378832598e-16,1.71079632679488,-1.12740085922849e-15,0.0127379642693873,0.499837717930802,0.890568556785329,0.890486254400733,0.890524522155242,0.890606824539838
16,1.1656704951129,-0.149429918932899,-0.958766374790321,-0.419793699754477,0.672137755046133,0.193482918836366,0.592348681500098,0.171538357495293,0.300598043136791,0.580118486383922,0.966947225048655,1.92545948646159,1.07119205181938,0.121592290404234,1.77702309708857,0.975116951733083,0.988771077936042,0.149438132473599,-1,-0.0747190662367996,0.494385538968022,-7.88860905221012e-31,0.0254786850875828,-1.83829328251811e-16,1.72079632679488,-1.16523531984907e-15,0.0127379642693873,0.499837717930802,0.890568556785329,0.890486254400733,0.890524522155242,0.890606824539838
17,1.1566133533952,-0.134928303194827,-0.954688965699049,-0.486145965875803,0.77724287136107,0.215716178418043,0.605897140533462,0.165235900801638,0.345276741493964,0.029100813470335,0.992426744971528,2.06663390830109,1.03549164776473,0.109793780127393,1.7791391522631,0.867523299666866,0.987227283375627,0.159318206614246,-1,-0.079659103307123,0.493613641687815,-1.77635683940026e-16,0.0254786850875827,-2.0584911175661e-16,1.73079632679488,-1.20304367790943e-15,0.0127379642693872,0.499837717930802,0.890568556785329,0.890486254400733,0.890524522155242,0.890606824539838
18,1.14621985059566,-0.118380686623482,-0.950079672226491,-0.553194604933632,0.876277098177764,0.246683473426537,0.608561884885338,0.15695654665371,0.392237683914434,-0.520086516985052,0.966783606162235,2.21003546780002,0.925331901492407,0.0970763021137188,1.78008260305983,0.800819711553814,0.98558476690956,0.169182349066996,-1,-0.084591174533498,0.492792383454782,-3.55271367880051e-16,0.0254786850875827,-2.28909729346995e-16,1.74079632679488,-1.24082575590969e-15,0.0127379642693871,0.499837717930802,0.890568556785329,0.890486254400733,0.890524522155242,0.890606824539838
19,1.13448833855564,-0.0999302557707908,-0.944770338651301,-0.619797841751881,0.967338208551287,0.285396306521475,0.599795494212064,0.146327771800545,0.440887843438748,-1.098579304195,0.885674325348304,2.34830885297807,0.793085554365257,0.0894300505570707,1.78051649198379,0.764082671202612,0.983843692788121,0.179029573425824,-1,-0.0895147867129121,0.491921846394062,-5.32907051820076e-16,0.0254786850875827,-2.53021247226439e-16,1.75079632679488,-1.27858266718189e-15,0.0127379642693871,0.499837717930802,0.890568556785329,0.890486254400733,0.890524522155242,0.890606824539838
20,1.12143636707898,-0.0797452767440595,-0.938627791526869,-0.685135072376279,1.04969367991689,0.329503741004245,0.578672574461735,0.133153440441636,0.490675995361152,-1.71413662881198,0.756792731855613,2.47918614914545,0.677745618978935,0.0856173097385476,1.78077400905652,0.745514357886779,0.98200423511727,0.188858894976501,-1,-0.0944294474882503,0.491002117558637,-7.10542735760102e-16,0.0254786850875826,-2.7817471765852e-16,1.76079632679488,-1.31631373870042e-15,0.012737964269387,0.499837717930802,0.890568556785329,0.890486254400733,0.890524522155242,0.890606824539838
21,1.1070952848851,-0.0580007320111346,-0.931576214435103,-0.748650025138679,1.12335634331808,0.375620295830165,0.544307063669985,0.117520715489261,0.541325081695209,-2.36050844959226,0.597952615184165,2.60361145515534,0.607365388346437,0.0833635994729335,1.78114488788732,0.743508487335739,0.980066577841241,0.198669330795062,-1,-0.0993346653975306,0.490033288920623,-8.88178419700127e-16,0.0254786850875826,-3.04369022176188e-16,1.77079632679487,-1.35401884052605e-15,0.0127379642693869,0.499837717930802,0.890568556785329,0.890486254400733,0.890524522155242,0.890606824539838
22,1.0915052160722,-0.0348666479082318,-0.923617802672299,-0.810000922983781,1.18874249421437,0.419324591128663,0.496085073681368,0.0999350730840421,0.592986390256158,-3.02389698513414,0.437117437115202,2.72441372018145,0.602150914276057,0.0818631894446753,1.78064673143761,0.762432571176533,0.978030914724148,0.2084598998461,-1,-0.10422994992305,0.489015457362076,-1.06581410364015e-15,0.0254786850875826,-3.31604160779442e-16,1.78079632679487,-1.3916981518379e-15,0.0127379642693868,0.499837717930802,0.890568556785329,0.890486254400733,0.890524522155242,0.890606824539838
23,1.07471224081956,-0.010503998273742,-0.914854489708472,-0.868927043114769,1.24629984801097,0.454936158817693,0.433801467932502,0.0814877590373223,0.646270457849054,-3.68313602215006,0.305873379732798,2.84454331511193,0.668191687306076,0.106548504227834,1.780383759284,0.804108464550779,0.975897449330606,0.21822962308087,-1,-0.109114811540435,0.487948724665305,-1.24344978758018e-15,0.0254786850875825,-3.59880133468283e-16,1.79079632679487,-1.429351614526e-15,0.0127379642693868,0.499837717930802,0.890568556785329,0.890486254400733,0.890524522155242,0.890606824539838
24,1.05676693207379,0.0149339425060367,-0.90552395529536,-0.9252222156496,1.2963060121143,0.474264665077563,0.357871660908628,0.0638127340747893,0.701989459295468,-4.29962043021406,0.216386843229345,2.96335047678286,0.797220801308846,0.233220914842728,1.78123487969502,0.8631064939994,0.973666395005375,0.227977523535189,-1,-0.113988761767594,0.48683319750269,-1.4210854715202e-15,0.0254786850875825,-3.89196940242709e-16,1.80079632679487,-1.46697965696416e-15,0.0127379642693867,0.499837717930802,0.890568556785329,0.890486254400733,0.890524522155242,0.890606824539838
25,1.03772946585935,0.041291745477086,-0.896054540425996,-0.977631029697379,1.33786826241762,0.467659475115118,0.26981493086711,0.0486003227192457,0.760632079927031,-4.80588667647944,0.150952667869947,3.0732875117991,0.968092147476267,0.489708582688041,1.73438129146037,0.922293513975139,0.97133797485203,0.237702626427135,-1,-0.118851313213567,0.485668987426017,-1.59872115546023e-15,0.0254786850875825,-4.19554581102721e-16,1.81079632679487,-1.50458227527748e-15,0.0127379642693866,0.499837717930802,0.890568556785329,0.890486254400733,0.890524522155242,0.890606824539838
26,1.01771661761299,0.0683705077034132,-0.887019046575812,-1.02184856150081,1.36776548838657,0.430456398394955,0.172767500668842,0.0372828436179484,0.822094501719782,-5.12041096663026,0.0947888495068773,3.16301985275551,1.15920968462505,0.849664117145125,1.62829701753144,0.967730232780474,0.968912421710645,0.247403959254524,-1,-0.123701979627261,0.484456210855325,-1.77635683940025e-15,0.0254786850875824,-4.5095305604832e-16,1.82079632679487,-1.54215958463216e-15,0.0127379642693866,0.499837717930802,0.890568556785329,0.890486254400733,0.890524522155242,0.890606824539838
27,0.996950710460258,0.0958997513634841,-0.879036041097844,-1.05180160839482,1.38232722137647,0.363456852419041,0.071354201192067,0.0307970398458754,0.885732852174116,-5.19073531510559,0.0361445259280883,3.22619096661137,1.35281201323742,1.21014088560854,1.47754377055788,0.979673040501989,0.966389978134513,0.257080551892156,-1,-0.128540275946077,0.48319498906726,-1.95399252334028e-15,0.0254786850875824,-4.83392365079504e-16,1.83079632679487,-1.5797115378997e-15,0.0127379642693865,0.499837717930802,0.890568556785329,0.890486254400733,0.890524522155242,0.890606824539838
28,0.975780560864542,0.123545421226279,-0.87261911981426,-1.06144505174615,1.37927368207077,0.276216787668868,-0.0291298595148591,0.0296499356937292,0.950686723275772,-5.01365714194326,-0.0111805192274479,3.26592536977938,1.51411117092913,1.45809518185941,1.29914003970546,0.965976112413851,0.963770896365891,0.266731436688832,-1,-0.133365718344415,0.481885448182949,-2.1316282072803e-15,0.0254786850875823,-5.16872508196275e-16,1.84079632679487,-1.61723849447327e-15,0.0127379642693864,0.499837717930802,0.890568556785329,0.890486254400733,0.890524522155242,0.890606824539838
29,0.954649391717524,0.150957887162889,-0.868028413686397,-1.04774047816802,1.35937484559135,0.182757578998686,-0.123949928867453,0.0343086394317013,1.01610264634912,-4.648640448261,-0.02157882367391,3.2883531069976,1.61180422782735,1.59804571885247,1.12489266516968,0.958712954117895,0.961055438310771,0.276355648564115,-1,-0.138177824282057,0.480527719155389,-2.30926389122033e-15,0.0254786850875823,-5.51393485398632e-16,1.85079632679487,-1.65474063230929e-15,0.0127379642693864,0.499837717930802,0.890568556785329,0.890486254400733,0.890524522155242,0.890606824539838
30,0.934023916841039,0.177827160433498,-0.865290107233021,-1.01117338614171,1.32551870011368,0.0921217658951345,-0.20965063720065,0.0451051517721854,1.08109641899976,-4.15976510574838,0.00841853296086424,3.294900263581,1.65137928916885,1.67713565883566,0.970788973360287,0.962546631982224,0.958243875512697,0.285952225104837,-1,-0.142976112552417,0.479121937756352,-2.48689957516035e-15,0.0254786850875823,-5.86955296686574e-16,1.86079632679486,-1.69221776302099e-15,0.0127379642693863,0.499837717930802,0.890568556785329,0.890486254400733,0.890524522155242,0.890606824539838
31,0.914338045756039,0.20390850688511,-0.864289822256781,-0.954332907216499,1.28115819837114,0.00961843795657723,-0.283909759360183,0.061960765780505,1.14481177361276,-3.59407133536085,0.0690044897576597,3.28644949600314,1.64548895750883,1.7219865445965,0.840947598468658,0.968778821352265,0.955336489125606,0.295520206661341,-1,-0.147760103330669,0.477668244562807,-2.66453525910038e-15,0.0254786850875822,-6.23557942060103e-16,1.87079632679486,-1.72967025286532e-15,0.0127379642693862,0.499837717930802,0.890568556785329,0.890486254400733,0.890524522155242,0.890606824539838
32,0.895961297092618,0.229025184068135,-0.864831531985547,-0.88093582582562,1.22955744680968,-0.0617379779886018,-0.345261966579188,0.084319682777751,1.20658612258702,-2.98441497200064,0.14490668757928,3.26371248725207,1.60501025689516,1.7474484956924,0.732889254143735,0.972490327241922,0.952333569885714,0.305058636443445,-1,-0.152529318221721,0.476166784942861,-2.8421709430404e-15,0.0254786850875822,-6.61201421519219e-16,1.88079632679486,-1.76709803023938e-15,0.0127379642693862,0.499837717930802,0.890568556785329,0.890486254400733,0.890524522155242,0.890606824539838
33,0.879183947359455,0.253060433273663,-0.866677911264321,-0.795074220216977,1.17340377447615,-0.120802715263731,-0.392879057524729,0.111233486465153,1.26606449350835,-2.35346449629565,0.221437515062202,3.22753727902206,1.54177466621839,1.76182806619446,0.645283023316168,0.972851860130649,0.949235418082441,0.314566560616119,-1,-0.157283280308058,0.474617709041225,-3.01980662698043e-15,0.0254786850875822,-6.9988573506392e-16,1.89079632679486,-1.80450151015102e-15,0.0127379642693861,0.499837717930802,0.890568556785329,0.890486254400733,0.890524522155242,0.890606824539838
34,0.864214771835994,0.275944442810646,-0.869582865476238,-0.700807398567325,1.11474026775562,-0.167592093139441,-0.426406055016568,0.141497155993612,1.32322867972857,-1.71928912455867,0.284778664724019,3.1784455568536,1.44849232193274,1.7701034079368,0.57570525675018,0.971579423038162,0.946042343528387,0.32404302839487,-1,-0.162021514197434,0.473021171764199,-3.19744231092045e-15,0.0254786850875821,-7.39610882694207e-16,1.90079632679486,-1.84188040152439e-15,0.012737964269386,0.499837717930802,0.890568556785329,0.890486254400733,0.890524522155242,0.890606824539838
35,0.851181458476663,0.29764369422846,-0.873302067053386,-0.602121385399752,1.05514891122568,-0.202309440062414,-0.445928797121918,0.17368430447078,1.37836944143098,-1.10219392308471,0.318275214218233,3.11566609142654,1.3234202061248,1.77506187605315,0.523485698641059,0.970970751320272,0.942754665528347,0.333487092140816,-1,-0.166743546070407,0.471377332764179,-3.37507799486048e-15,0.0254786850875821,-7.8037686441008e-16,1.91079632679486,-1.87923511805816e-15,0.0127379642693859,0.499837717930802,0.890568556785329,0.890486254400733,0.890524522155242,0.890606824539838
36,0.840136126948546,0.318151425774472,-0.877600150405112,-0.502533804459816,0.995729665419946,-0.225660979950656,-0.451958305911321,0.206175927329472,1.43201256577806,-0.520996062220878,0.30748494512379,3.03832528000276,1.17614813017358,1.77765688636491,0.487151063210141,0.97279051878015,0.939372712847379,0.342897807455453,-1,-0.171448903727725,0.469686356423695,-3.5527136788005e-15,0.0254786850875821,-8.22175146697823e-16,1.92079632679486,-1.91656583380353e-15,0.0127379642693859,0.499837717930802,0.890568556785329,0.890486254400733,0.890524522155242,0.890606824539838
37,0.831068180958662,0.337478058682311,-0.882262904914792,-0.40475503786777,0.937103524158318,-0.239088266931648,-0.445350734957129,0.23725642022654,1.48478719031917,0.0112036376776613,0.244702576112643,2.94641365188992,1.02334778004318,1.77902230842746,0.464922212042114,0.978552121277764,0.935896823677935,0.352274233275092,-1,-0.176137116637544,0.467948411838974,-3.73034936274053e-15,0.025478685087582,-8.64912517735324e-16,1.93079632679486,-1.95386403715413e-15,0.0127379642693858,0.499837717930802,0.890568556785329,0.890486254400733,0.890524522155242,0.890606824539838
38,0.823921483947329,0.355642406557579,-0.887111542801913,-0.310660389053493,0.879520012637964,-0.244620138700721,-0.427200062874883,0.265233422872258,1.53726561786429,0.487715303233284,0.12868535356365,2.84077700501705,0.877392289030663,1.77986716623765,0.454912007531416,0.988378739588017,0.932327345606035,0.361615431964964,-1,-0.18080771598248,0.466163672803024,-3.90798504668055e-15,0.025478685087582,-9.08362777515572e-16,1.94079632679486,-1.99110202091433e-15,0.0127379642693858,0.499837717930802,0.890568556785329,0.890486254400733,0.890524522155242,0.890606824539838
39,0.81860881219862,0.372666075667702,-0.892010344103337,-0.221518705897864,0.823030617543625,-0.244497977946233,-0.39876698959747,0.288521492672414,1.58982405099452,0.906813457773513,-0.0376355934401247,2.72291485422463,0.746210484245876,1.78103681123932,0.455434771340627,1.001815037985,0.928664635576511,0.370920469412985,-1,-0.185460234706491,0.464332317788262,-4.08562073062057e-15,0.025478685087582,-9.52506926686211e-16,1.95079632679485,-2.02827839275723e-15,0.0127379642693857,0.499837717930802,0.890568556785329,0.890486254400733,0.890524522155242,0.890606824539838
40,0.815021303314694,0.388571060920001,-0.896867743075977,-0.138322061534691,0.767680972541392,-0.240727338747993,-0.361457270113637,0.305696692687569,1.64254555741874,1.26732907313352,-0.248485450885636,2.5947427059171,0.630340735567281,1.7708351357326,0.465687627155794,1.01924130472905,0.924909059857313,0.380188415123163,-1,-0.19009420756158,0.462454529928664,-4.26325641456059e-15,0.0254786850875819,-9.9734496524724e-16,1.96079632679485,-2.06539295162849e-15,0.0127379642693857,0.499837717930802,0.890568556785329,0.890486254400733,0.890524522155242,0.890606824539838
41,0.813029351564999,0.403382482784137,-0.901623409816619,-0.0621546145421832,0.713742183900749,-0.234424244542191,-0.31690719641147,0.315608916255922,1.69516284932734,1.56429273367005,-0.490414223076749,2.45956579879113,0.534558632642741,1.73230676289457,0.483308468224358,1.04088917116028,0.921060994002885,0.389418342308653,-1,-0.194709171154325,0.460530497001451,-4.44089209850061e-15,0.0254786850875819,-1.04285425918759e-15,1.97079632679485,-2.1024459840864e-15,0.0127379642693856,0.499837717930802,0.890568556785329,0.890486254400733,0.890524522155242,0.890606824539838
42,0.81248149025167,0.417132762653881,-0.906231783583086,0.00598398006530072,0.661599017877623,-0.22619985810926,-0.267040397402379,0.317567858924772,1.74706527831047,1.79108331298821,-0.745424502408504,2.32117559706876,0.458677554093391,1.67842724925639,0.506919782678912,1.06877011868717,0.917120822816606,0.398609327984425,-1,-0.199304663992211,0.458560411408311,-4.61852778244063e-15,0.0254786850875818,-1.0887806302151e-15,1.98079632679485,-2.13943828960963e-15,0.0127379642693856,0.499837717930802,0.890568556785329,0.890486254400733,0.890524522155242,0.890606824539838
43,0.813212017097134,0.429859361439419,-0.910667546381461,0.0656067957628117,0.611406855568675,-0.217345016791372,-0.213916104059886,0.311331374934078,1.79741150173083,1.94914130904984,-1.00151923983324,2.18172570838207,0.403389305002945,1.61567684636024,0.533871256221724,1.10136515489502,0.913088940312309,0.407760453059573,-1,-0.203880226529784,0.456544470156163,-4.79616346638065e-15,0.0254786850875817,-1.1350539459378e-15,1.99079632679485,-2.17636990405013e-15,0.0127379642693855,0.499837717930802,0.890568556785329,0.890486254400733,0.890524522155242,0.890606824539838
44,0.815045729315488,0.441603861128726,-0.914926484500671,0.116218584644729,0.563449476820104,-0.2085770572472,-0.159550194838482,0.297074937598984,1.84528258412655,2.03827001322855,-1.24504712812186,2.04364293696191,0.366682513970067,1.5355564977635,0.563617333340603,1.13915381087022,0.908965749674886,0.416870802429213,-1,-0.208435401214605,0.454482874837452,-4.97379915032068e-15,0.0254786850875817,-1.18167420635569e-15,2.00079632679485,-2.21324111548289e-15,0.0127379642693855,0.499837717930802,0.890568556785329,0.890486254400733,0.890524522155242,0.890606824539838
45,0.817797791258826,0.452414742272486,-0.919012715544933,0.157392546594224,0.518101076113433,-0.200120180518845,-0.105865669838127,0.275428575260491,1.88984069520563,2.05706504698924,-1.46111430041204,1.90950412554932,0.347974482059108,1.44216381574283,0.594322112698773,1.18102291085524,0.904751663219964,0.425939465066002,-1,-0.212969732532999,0.452375831609992,-5.1514348342607e-15,0.0254786850875816,-1.22864141146879e-15,2.01079632679485,-2.25005196303825e-15,0.0127379642693854,0.499837717930802,0.890568556785329,0.890486254400733,0.890524522155242,0.890606824539838
46,0.821277293470616,0.462347300701379,-0.922935579844399,0.188954019045895,0.475658079725396,-0.192318830115267,-0.0545671001896196,0.247413277062177,1.93046802380417,2.00924902122991,-1.63908338305658,1.78101750844475,0.34591626142826,1.3476807087813,0.623656541404067,1.22393978050417,0.900447102352677,0.434965534111233,-1,-0.217482767055614,0.450223551176349,-5.32907051820072e-15,0.0254786850875815,-1.27594776826954e-15,2.02079632679485,-2.28680267752337e-15,0.0127379642693854,0.499837717930802,0.890568556785329,0.890486254400733,0.890524522155242,0.890606824539838
47,0.825291994210212,0.471462024851669,-0.926712702410823,0.210928705366671,0.436354383952045,-0.185620565589832,-0.00700213846086562,0.2142822849763,1.96683902951148,1.90374039878285,-1.7737528025368,1.65896177894017,0.357991217573016,1.26035331093178,0.649837535005602,1.26491925363979,0.896052497525526,0.443948106965523,-1,-0.221974053482759,0.448026248762774,-5.50670620214074e-15,0.0254786850875815,-1.32360446142849e-15,2.03079632679485,-2.32349384738834e-15,0.0127379642693853,0.499837717930802,0.890568556785329,0.890486254400733,0.890524522155242,0.890606824539838
48,0.829651528678738,0.479823953107979,-0.930369961388258,0.223472294601165,0.400417580796316,-0.180376375733348,0.0358823472965336,0.177374255245327,1.99891841577515,1.75148789797622,-1.86310571864387,1.54361979359049,0.381815906783922,1.18225677558377,0.671939149815529,1.30244418009057,0.89156828819533,0.452886285379072,-1,-0.226443142689533,0.445784144097676,-5.68434188608076e-15,0.0254786850875814,-1.37160809928264e-15,2.04079632679484,-2.36012600319065e-15,0.0127379642693852,0.499837717930802,0.890568556785329,0.890486254400733,0.890524522155242,0.890606824539838
49,0.834169784568689,0.487502824381176,-0.933938226580505,0.226855874142639,0.368090611241693,-0.176722671626886,0.0734975845267511,0.138021629359657,2.02691358939184,1.56366130277223,-1.90693411211175,1.43502325220374,0.414584897181931,1.11390653044385,0.68919058754824,1.33497199896147,0.886994922779285,0.461779175541487,-1,-0.230889587770741,0.443497461389655,-5.86197757002078e-15,0.0254786850875813,-1.41995868183197e-15,2.05079632679484,-2.39669917840333e-15,0.0127379642693852,0.499837717930802,0.890568556785329,0.890486254400733,0.890524522155242,0.890606824539838
50,0.838667358880256,0.494573321198332,-0.937448681347753,0.221483423113724,0.33962106527272,-0.174557004927155,0.105543472454785,0.0974882615808197,2.05120821649739,1.35094428781092,-1.90648612004037,1.33305213949936,0.453508963277825,1.05483414275258,0.70127220642203,1.36124549575514,0.882332858610122,0.470625888171162,-1,-0.235312944085578,0.441166429305074,-6.0396132539608e-15,0.0254786850875813,-1.46865620907651e-15,2.06079632679484,-2.43321315238934e-15,0.0127379642693851,0.499837717930802,0.890568556785329,0.890486254400733,0.890524522155242,0.890606824539838
51,0.842974422474979,0.50111489121279,-0.940928465204813,0.207910543809105,0.315231788172778,-0.173593609588701,0.131936407149641,0.056933960948371,2.07229589153502,1.12307995082011,-1.86359755882097,1.23760523726514,0.497123207193626,1.00335431398657,0.708269968412434,1.38054881831775,0.877582561890373,0.479425538604207,-1,-0.239712769302101,0.4387912809452,-6.21724893790082e-15,0.0254786850875812,-1.51770068101624e-15,2.07079632679484,-2.46966896045012e-15,0.0127379642693851,0.499837717930802,0.890568556785329,0.890486254400733,0.890524522155242,0.890606824539838
52,0.846933843254442,0.507210949118632,-0.944397593933774,0.186851444944958,0.295092719519994,-0.173409061590183,0.152749200098092,0.017403358409103,2.09072482366138,0.888872949684946,-1.78106149149445,1.14856562701572,0.542835388804533,0.959190885385637,0.710544165514735,1.39181768866391,0.872744507645752,0.488177246882912,-1,-0.244088623441453,0.43637225382289,-6.39488462184085e-15,0.0254786850875811,-1.56707854512401e-15,2.08079632679484,-2.50606662627054e-15,0.012737964269385,0.499837717930802,0.890568556785329,0.890486254400733,0.890524522155242,0.890606824539838
53,0.850404300913353,0.512947563922936,-0.947866683114296,0.159169852851649,0.27929529122719,-0.173500065010844,0.168169178177801,-0.0201926637629833,2.10704886180575,0.656068179532956,-1.66310070411108,1.06573586497151,0.588246336113166,0.922086531724065,0.708846986726263,1.39454305373847,0.86781917967765,0.496880137843742,-1,-0.248440068921868,0.43390958983884,-6.57252030578087e-15,0.0254786850875811,-1.61679431890887e-15,2.09079632679484,-2.54240642581631e-15,0.012737964269385,0.499837717930802,0.890568556785329,0.890486254400733,0.890524522155242,0.890606824539838
54,0.853263022581371,0.518411690968251,-0.951336100260534,0.125850585995617,0.26783473142721,-0.173356991458503,0.178469033862209,-0.0550874838723791,2.12178873965038,0.431336393440675,-1.51466321621097,0.98893214097363,0.632314161235384,0.891172520316345,0.703943740221132,1.38862426632585,0.862807070514762,0.505533341204852,-1,-0.252766670602423,0.431403535257396,-6.75015598972089e-15,0.025478685087581,-1.66685703738892e-15,2.10079632679484,-2.57868838616602e-15,0.0127379642693849,0.499837717930802,0.890568556785329,0.890486254400733,0.890524522155242,0.890606824539838
55,0.855407807126353,0.523689168130963,-0.954796447775452,0.0879583568731275,0.260603926666823,-0.172521280384362,0.183990261941915,-0.0866550501054408,2.13540608843956,0.220165497763695,-1.34117564885343,0.917968478314353,0.673662469253672,0.866045434921618,0.696850643947001,1.3745436691018,0.857708681363825,0.514135991653119,-1,-0.257067995826556,0.428854340681929,-6.92779167366091e-15,0.0254786850875809,-1.71726670056418e-15,2.11079632679484,-2.61491302930336e-15,0.0127379642693849,0.499837717930802,0.890568556785329,0.890486254400733,0.890524522155242,0.890606824539838
56,0.856758163759148,0.528862692531524,-0.958230003558525,0.046591560967911,0.257397397587989,-0.170624482626625,0.185130558162238,-0.114406974512405,2.1482848456518,0.0268087370184342,-1.1484076632415,0.852640785108587,0.71149201521051,0.846231226838091,0.688580407638578,1.35306774885293,0.852524522059506,0.522687228930665,-1,-0.261343614465329,0.42626226102977,-7.10542735760093e-15,0.0254786850875808,-1.76802330843462e-15,2.12079632679484,-2.65108032395854e-15,0.0127379642693848,0.499837717930802,0.890568556785329,0.890486254400733,0.890524522155242,0.890606824539838
57,0.857255556087802,0.534009961943382,-0.961612660689225,0.00284148847367643,0.257923180287926,-0.167392776965518,0.182337227554851,-0.137986343852866,2.16072188539325,-0.145306227383925,-0.942147931666667,0.792803438331039,0.745838002717124,0.831170199206404,0.679946067068309,1.32454339548744,0.847255111013417,0.53118619792089,-1,-0.265593098960441,0.423627555506726,-7.28306304154095e-15,0.0254786850875808,-1.81910653220953e-15,2.13079632679483,-2.6871889422116e-15,0.0127379642693848,0.499837717930802,0.890568556785329,0.890486254400733,0.890524522155242,0.890606824539838
58,0.856862848561645,0.539202097225509,-0.964915956183058,-0.0422511442615572,0.261818413352785,-0.162674107118298,0.17610477732474,-0.157160501179018,2.17292588572321,-0.293878486139248,-0.72815112513555,0.738285766503281,0.775941067280078,0.820657153299187,0.67206498263064,1.29062059117073,0.841900975162269,0.539632048733976,-1,-0.269816024366984,0.420950487581153,-7.46069872548097e-15,0.0254786850875807,-1.87053444192511e-15,2.14079632679483,-2.72324070997585e-15,0.0127379642693847,0.499837717930802,0.890568556785329,0.890486254400733,0.890524522155242,0.890606824539838
59,0.855562928346233,0.544502409913896,-0.968109669179002,-0.0877280888935125,0.268668416067161,-0.15643901550998,0.166960561684573,-0.171815834506847,2.1850204816775,-0.417744764471504,-0.511999871847063,0.688881111577095,0.801789985462376,0.814342651720033,0.665774063353219,1.25249811185788,0.836462649915188,0.548023936791881,-1,-0.274011968395936,0.418231324957613,-7.63833440942099e-15,0.0254786850875806,-1.92230929633588e-15,2.15079632679483,-2.75923600777564e-15,0.0127379642693847,0.499837717930802,0.890568556785329,0.890486254400733,0.890524522155242,0.890606824539838
60,0.853356858038773,0.549965564147892,-0.971164064458399,-0.132732830371353,0.278026314651413,-0.148764096043117,0.155452381145199,-0.181950528080993,2.19705472324889,-0.516581658482489,-0.298888332639682,0.644377109693359,0.823546450473983,0.811898757330229,0.66175120765416,1.21148133814016,0.830940679100164,0.556361022912791,-1,-0.278180511456391,0.415470339550102,-7.81597009336102e-15,0.0254786850875806,-1.97443109544185e-15,2.16079632679483,-2.79517540079663e-15,0.0127379642693846,0.499837717930802,0.890568556785329,0.890486254400733,0.890524522155242,0.890606824539838
61,0.850261700680976,0.555637117892554,-0.974051932552215,-0.176523298869382,0.289431249966557,-0.139824300444505,0.142133568291664,-0.187665116150066,2.20901813488986,-0.590908978191313,-0.0934286315425989,0.604530205251074,0.841421430884922,0.81295330716425,0.660495434603447,1.16913457978556,0.825335614909679,0.564642473395043,-1,-0.282321236697517,0.412667807454861,-7.99360577730104e-15,0.0254786850875805,-2.02689983924301e-15,2.17079632679483,-2.83105869471132e-15,0.0127379642693846,0.499837717930802,0.890568556785329,0.890486254400733,0.890524522155242,0.890606824539838
62,0.846308207924148,0.561553395789076,-0.976750329973486,-0.218471372825394,0.302422689767271,-0.12986368407325,0.127545840944184,-0.189151031207106,2.22085830238525,-0.641793210813821,0.100328550326371,0.569096960218271,0.855884805591755,0.817206589450864,0.662344883195515,1.12632783085525,0.81964801784548,0.57286746010049,-1,-0.28643373005024,0.409824008922762,-8.17124146124106e-15,0.0254786850875804,-2.07971552773937e-15,2.18079632679483,-2.86688656471162e-15,0.0127379642693845,0.499837717930802,0.890568556785329,0.890486254400733,0.890524522155242,0.890606824539838
63,0.841538589034111,0.567741610313107,-0.979241699857531,-0.258058882741196,0.316551650823905,-0.11917580570588,0.112205903245976,-0.186680082257043,2.23249926058587,-0.670765316001496,0.278975617240295,0.537823997939309,0.867296628423418,0.824252891356002,0.667436556844099,1.08428506324665,0.813878456662535,0.581035160537314,-1,-0.290517580268652,0.40693922833129,-8.34887714518108e-15,0.0254786850875804,-2.13287816093092e-15,2.19079632679483,-2.90265938566223e-15,0.0127379642693845,0.499837717930802,0.890568556785329,0.890486254400733,0.890524522155242,0.890606824539838
64,0.836004380615461,0.574220177327659,-0.981514684298052,-0.29486920931047,0.33138833705871,-0.108081542741278,0.096591009180136,-0.180591165720781,2.24385822433039,-0.679717891539008,0.439734971398253,0.51045196930768,0.876070062116419,0.83372993677314,0.675806531103145,1.04375307826167,0.808027508312152,0.589144757942279,-1,-0.294572378971134,0.4040137541561,-8.5265128291211e-15,0.0254786850875803,-2.18638773881767e-15,2.20079632679483,-2.93837730877895e-15,0.0127379642693844,0.499837717930802,0.890568556785329,0.890486254400733,0.890524522155242,0.890606824539838
65,0.829764523770734,0.580999150260404,-0.983564420805188,-0.328576893825011,0.346526941788363,-0.0969065313705608,0.081128706949029,-0.171277748365395,2.25485949809523,-0.670803031110478,0.580468140012325,0.486715793236809,0.88255581614149,0.84517558944476,0.687285114953657,1.00551699445264,0.802095757884293,0.597195441362402,-1,-0.298597720681196,0.401047878942172,-8.70414851306112e-15,0.0254786850875802,-2.24024426139962e-15,2.21079632679483,-2.97404064983347e-15,0.0127379642693844,0.499837717930802,0.890568556785329,0.890486254400733,0.890524522155242,0.890606824539838
66,0.822883640955048,0.588080732036485,-0.985392442144809,-0.358937537532215,0.361588522721581,-0.0859608940334382,0.0661890587339482,-0.159173625523422,2.265444507567,-0.64636350365581,0.699692647122182,0.466343080483856,0.887075794031441,0.858105206369878,0.701572842930002,0.97012887198236,0.796083798549056,0.60518640573605,-1,-0.302593202868019,0.398041899274554,-8.88178419700114e-15,0.0254786850875801,-2.29444772867676e-15,2.22079632679482,-3.00964986061331e-15,0.0127379642693843,0.499837717930802,0.890568556785329,0.890486254400733,0.890524522155242,0.890606824539838
67,0.815430505365387,0.595459831939062,-0.987006193454454,-0.385779331643603,0.376222989052984,-0.0755240398297242,0.0520812821466062,-0.144740112942953,2.27557781077949,-0.608763474749564,0.79635670304499,0.449079701817022,0.889912622759642,0.872180507237991,0.718475428528235,0.937659521433018,0.789992231497365,0.613116851973445,-1,-0.306558425986716,0.39499611574871,-9.05941988094116e-15,0.0254786850875801,-2.34899814064909e-15,2.23079632679482,-3.04520459302474e-15,0.0127379642693843,0.499837717930802,0.890568556785329,0.890486254400733,0.890524522155242,0.890606824539838
68,0.807476658226973,0.603124659037603,-0.98841826641849,-0.408996208381358,0.390110589534691,-0.0658275187824529,0.039054441796311,-0.12845575480729,2.28524949842176,-0.560422627644413,0.870043767804045,0.43466540082963,0.891299592214199,0.886705146198918,0.737312657471346,0.908652471867088,0.78382166588085,0.620985987036571,-1,-0.310492993518279,0.391910832940453,-9.23705556488119e-15,0.02547868508758,-2.40389549731662e-15,2.24079632679482,-3.08070521683381e-15,0.0127379642693842,0.499837717930802,0.890568556785329,0.890486254400733,0.890524522155242,0.890606824539838
69,0.799095142047239,0.611057346951237,-0.989645326685575,-0.428543750325422,0.402964005391902,-0.0570477787073661,0.0272982853315437,-0.110801085290976,2.29447419645141,-0.503752947279689,0.920883615901299,0.42284461235519,0.891432392445675,0.901248567095243,0.757687902704539,0.883057257781156,0.777572718750928,0.628793024018481,-1,-0.314396512009234,0.388786359375493,-9.41469124882121e-15,0.0254786850875799,-2.45913934434701e-15,2.25079632679482,-3.11615228600757e-15,0.0127379642693842,0.499837717930802,0.890568556785329,0.890486254400733,0.890524522155242,0.890606824539838
70,0.790359296925048,0.619234626393468,-0.990706975931466,-0.444436109215375,0.41453062238105,-0.0493002196139675,0.0169475447001401,-0.0922490450152188,2.30328792473869,-0.441073897503013,0.949452502357199,0.413373044644956,0.890488579164309,0.915270430774754,0.778987198207293,0.860918011305407,0.771246014997107,0.636537182221981,-1,-0.318268591110984,0.385623007498584,-9.59232693276123e-15,0.0254786850875798,-2.51453522749918e-15,2.26079632679482,-3.15154595410127e-15,0.0127379642693841,0.499837717930802,0.890568556785329,0.890486254400733,0.890524522155242,0.890606824539838
71,0.781341609414893,0.627628547695338,-0.991624539950818,-0.456744456789946,0.424595714100931,-0.0426455409345561,0.0080868431586421,-0.0732557160018962,2.31174346273909,-0.374590237607844,0.956619183696215,0.406029944973273,0.888588355007318,0.92843868151727,0.800918191133678,0.841977476948287,0.764842187284489,0.644217687237705,-1,-0.322108843618845,0.382421093642276,-9.76996261670125e-15,0.0254786850875797,-2.56994197332455e-15,2.27079632679482,-3.18688616539275e-15,0.012737964269384,0.499837717930802,0.890568556785329,0.890486254400733,0.890524522155242,0.890606824539838
72,0.772112593821157,0.636207266276007,-0.992419929633662,-0.465594047383671,0.432984637506992,-0.0370744067382368,0.000756011167658783,-0.0542531965048879,2.31990509834641,-0.30635451336617,0.943883493139633,0.40058631788023,0.885987216724302,0.940019803071005,0.822364533921497,0.826457419032704,0.758361875990509,0.651833771021551,-1,-0.325916885510768,0.379180937995287,-9.94759830064127e-15,0.0254786850875796,-2.62538455390692e-15,2.28079632679482,-3.22217364444918e-15,0.012737964269384,0.499837717930802,0.890568556785329,0.890486254400733,0.890524522155242,0.890606824539838
73,0.762739735763124,0.644935869507212,-0.993114247561505,-0.471162394975196,0.439565936714695,-0.0325244948171879,-0.00504454955231022,-0.0356359698061373,2.32784266371858,-0.238236463515991,0.913128941649408,0.396824930270185,0.882787314910171,0.949818971953463,0.843100297801862,0.81398445478853,0.751805729140896,0.659384671971488,-1,-0.329692335985737,0.375902864570481,-1.01252339845813e-14,0.0254786850875795,-2.68085318139929e-15,2.29079632679482,-3.25740906461756e-15,0.0127379642693839,0.499837717930802,0.890568556785329,0.890486254400733,0.890524522155242,0.890606824539838
74,0.753286478638512,0.65377726370444,-0.993726978675339,-0.473675229536585,0.444253003958521,-0.0288950552590746,-0.00934859747178513,-0.0177579748185587,2.33562658362219,-0.171878485088353,0.866396328579674,0.394548924362623,0.879150095226644,0.957582167130474,0.862624976440146,0.804337466172334,0.745174402344871,0.666869635003714,-1,-0.333434817501849,0.37258720117247,-1.03028696685213e-14,0.0254786850875794,-2.73632963816103e-15,2.30079632679482,-3.29259272725235e-15,0.0127379642693839,0.499837717930802,0.890568556785329,0.890486254400733,0.890524522155242,0.890606824539838
75,0.743811316864231,0.662693074861159,-0.994275285653977,-0.473400695113052,0.447004440679718,-0.026058851739146,-0.0122189882615003,-0.000928956748701914,2.34332352238092,-0.108712068526059,0.805863514022519,0.393580687332264,0.875199215149101,0.963189619832789,0.880718162501292,0.797236616959727,0.738468558729589,0.674287911628162,-1,-0.337143955814073,0.36923427936483,-1.04805053524613e-14,0.0254786850875793,-2.79180609492277e-15,2.31079632679482,-3.32772453817556e-15,0.0127379642693838,0.499837717930802,0.890568556785329,0.890486254400733,0.890524522155242,0.890606824539838
76,0.734367015577415,0.671644547204074,-0.994773622957563,-0.470642272093499,0.447823186077394,-0.0238725752893959,-0.0137436674463087,0.0145871312839186,2.35099310150795,-0.0499432694279827,0.733828106958031,0.393758191817914,0.871124170192052,0.966546054216134,0.897027694204005,0.792479966467855,0.731688868873822,0.681638760023351,-1,-0.340819380011668,0.365844434436948,-1.06581410364014e-14,0.0254786850875792,-2.84728255168451e-15,2.32079632679481,-3.36280431592701e-15,0.0127379642693838,0.499837717930802,0.890568556785329,0.890486254400733,0.890524522155242,0.890606824539838
77,0.724999984367569,0.68059340959865,-0.99523348962618,-0.465730588037967,0.446754274858772,-0.0221862274361957,-0.0140313014742909,0.0285746128235269,2.35868546385971,0.00347102976516308,0.65270085871596,0.394930456835044,0.867111645453816,0.967662281012725,0.911317449456345,0.789855924628088,0.724836010740906,0.688921445110569,-1,-0.344460722555276,0.362418005370491,-1.08357767203414e-14,0.0254786850875791,-2.90275900844625e-15,2.33079632679481,-3.3978324882684e-15,0.0127379642693837,0.499837717930802,0.890568556785329,0.890486254400733,0.890524522155242,0.890606824539838
78,0.715749823607478,0.689502682825184,-0.995663417322845,-0.459014379026258,0.44388112414795,-0.0208548220117087,-0.0132069751986821,0.0408672336276264,2.3664398932928,0.0508220564459285,0.564913071428396,0.396958004205015,0.863336088848602,0.966653718383763,0.923453336661897,0.789145089301196,0.717910669610945,0.696135238627376,-1,-0.348067619313679,0.358955334805511,-1.10134124042814e-14,0.025478685087579,-2.95824105754325e-15,2.34079632679481,-3.43280910330011e-15,0.0127379642693837,0.499837717930802,0.890568556785329,0.890486254400733,0.890524522155242,0.890606824539838
79,0.70664905601884,0.6983373989766,-0.996069170563021,-0.450851104886227,0.439320526805591,-0.019748220671707,-0.011408154325972,0.0513476485821682,2.37428446349076,0.0916050448432349,0.472832578089176,0.399715060006787,0.859932292752011,0.963680598437382,0.93344909460626,0.790151961007972,0.710913538012278,0.70327941920043,-1,-0.351639709600206,0.35545676900618,-1.11910480882214e-14,0.0254786850875789,-3.01372869897551e-15,2.35079632679481,-3.46773455292076e-15,0.0127379642693836,0.499837717930802,0.890568556785329,0.890486254400733,0.890524522155242,0.890606824539838
80,0.697723044022063,0.707065212329787,-0.996454110569821,-0.441597872296476,0.43321691658052,-0.018756731768548,-0.00878140767975689,0.0599456293293742,2.3822366071534,0.125501614097051,0.378723519699942,0.403088037221677,0.857041207540618,0.958961049581579,0.941333126318621,0.792695096690082,0.703845315652237,0.710353272417628,-1,-0.355176636208805,0.35192265782616,-1.13686837721614e-14,0.0254786850875788,-3.06921634040777e-15,2.36079632679481,-3.50260894866901e-15,0.0127379642693836,0.499837717930802,0.890568556785329,0.890486254400733,0.890524522155242,0.890606824539838
81,0.688990081946282,0.7156568917698,-0.996819639456833,-0.431603070812365,0.425736274978908,-0.0177947811953913,-0.00547808647436547,0.0666354282887414,2.39030430136041,0.152494677409205,0.284659024941819,0.406967663187448,0.854819578202894,0.952942321341307,0.947114337014391,0.796469045163691,0.696706709347166,0.717356090899544,-1,-0.358678045449763,0.348353354673626,-1.15463194561015e-14,0.0254786850875787,-3.12470398184003e-15,2.37079632679481,-3.53743289550824e-15,0.0127379642693835,0.499837717930802,0.890568556785329,0.890486254400733,0.890524522155242,0.890606824539838
82,0.680461642465135,0.724086689203707,-0.997165697912209,-0.421199453684965,0.417059895596914,-0.0168014544658878,-0.00164917702483967,0.0714319413974365,2.39848771499962,0.172650937011308,0.192571556822728,0.411257944071309,0.853308787662661,0.945663065679859,0.951034152288445,0.801479930888112,0.689498432951748,0.724287174370165,-1,-0.362143587185073,0.344749216475918,-1.17239551400415e-14,0.0254786850875786,-3.1801916232723e-15,2.38079632679481,-3.57220620468444e-15,0.0127379642693835,0.499837717930802,0.890568556785329,0.890486254400733,0.890524522155242,0.890606824539838
83,0.672142749393049,0.732332586137252,-0.997491245230473,-0.410698211506924,0.407378518214889,-0.0157392862784337,0.00255499463503914,0.0743885282209657,2.40678132306989,0.186095189973136,0.104254019564433,0.415873819324384,0.852596867632156,0.937421989414529,0.95321498809855,0.807567942356645,0.682221207287614,0.731145829726919,-1,-0.36557291486345,0.341110603643853,-1.19015908239815e-14,0.0254786850875785,-3.23567926470456e-15,2.39079632679481,-3.60692924176198e-15,0.0127379642693834,0.499837717930802,0.890568556785329,0.890486254400733,0.890524522155242,0.890606824539838
84,0.66403246234961,0.740376427854455,-0.997794725411914,-0.40038382949377,0.396886893590319,-0.0145945485602037,0.00698873041734427,0.0755924046381489,2.41517593632771,0.193242675802205,0.0211223074099,0.420733035006157,0.852704406026624,0.928843691966431,0.953849512448453,0.814294705117787,0.674875760071268,0.737931371109986,-1,-0.368965685554983,0.337437880035681,-1.20792265079215e-14,0.0254786850875784,-3.29116690613682e-15,2.40079632679481,-3.64160261551097e-15,0.0127379642693834,0.499837717930802,0.890568556785329,0.890486254400733,0.890524522155242,0.890606824539838
85,0.6561244444184,0.748203955697108,-0.998074498675158,-0.390511200353997,0.38577923164966,-0.0133701867660715,0.0115162302854397,0.0751578408919517,2.42366058527868,0.194544526584108,-0.0555098359047795,0.425760965823143,0.853703343149797,0.919772589039823,0.953050903134609,0.821864452882337,0.667462825841309,0.744643119970884,-1,-0.372321559985432,0.333731412920703,-1.22568621918615e-14,0.0254786850875783,-3.34665454756908e-15,2.4107963267948,-3.67622613407443e-15,0.0127379642693833,0.499837717930802,0.890568556785329,0.890486254400733,0.890524522155242,0.890606824539838
86,0.648407576010991,0.755804754898027,-0.998329112315567,-0.381303223222288,0.374244991711664,-0.0120825249794957,0.0160107938759296,0.0732263456777911,2.43222430358783,0.190466762350015,-0.124438626728195,0.430889593023592,0.855576340113384,0.910574008237412,0.951004547268764,0.83003073260152,0.659983145884983,0.751280405140318,-1,-0.375640202570149,0.329991572942542,-1.24344978758016e-14,0.0254786850875782,-3.40214218900134e-15,2.4207963267948,-3.7108002148667e-15,0.0127379642693833,0.499837717930802,0.890568556785329,0.890486254400733,0.890524522155242,0.890606824539838
87,0.6408666177557,0.763172120306633,-0.9985575638308,-0.372948786519048,0.362465133846742,-0.0107595162212602,0.0203579605228306,0.0699605586800426,2.44085747790821,0.181665591429924,-0.184900256044882,0.436055843807406,0.858203068263814,0.901717020004503,0.947981792238876,0.838399176114601,0.652437468164052,0.757842562895304,-1,-0.378921281447641,0.326218734082078,-1.26121335597416e-14,0.0254786850875781,-3.4576117603974e-15,2.4307963267948,-3.74532489568994e-15,0.0127379642693832,0.499837717930802,0.890568556785329,0.890486254400733,0.890524522155242,0.890606824539838
88,0.633482895686809,0.770302857580496,-0.998759476688815,-0.365602574913504,0.350609417458682,-0.00943456234781945,0.0244591146447846,0.0655348939409099,2.44955271868178,0.16890868802194,-0.236570586889325,0.441204701043898,0.861427236341254,0.893492826652938,0.944254376507607,0.846679609276857,0.644826547240001,0.764328937025533,-1,-0.382164468512755,0.322413273620054,-1.27897692436816e-14,0.025478685087578,-3.5130768142844e-15,2.4407963267948,-3.77980068022599e-15,0.0127379642693832,0.499837717930802,0.890568556785329,0.890486254400733,0.890524522155242,0.890606824539838
89,0.626234975519436,0.777197039208649,-0.99893515501344,-0.359386161976808,0.338834492793738,-0.00814171947890335,0.0282324274673997,0.0601293271755378,2.45830531666475,0.152916618844903,-0.279196836950703,0.446286953714151,0.865276476512596,0.88577007067412,0.939848392107084,0.855005557503427,0.63715114419858,0.770738878898998,-1,-0.385369439449488,0.318575572099345,-1.29674049276216e-14,0.0254786850875779,-3.5685418681714e-15,2.4507963267948,-3.81422742516809e-15,0.0127379642693831,0.499837717930802,0.890568556785329,0.890486254400733,0.890524522155242,0.890606824539838
90,0.619099313755629,0.783857725257154,-0.999085576851498,-0.354388982488552,0.32728214720629,-0.00691459241942405,0.0316112885329536,0.053930891356326,2.46711342794016,0.134336228286852,-0.312382710270049,0.451254520799165,0.869811419553481,0.878461989016683,0.934730570460119,0.863491564239104,0.629412026573697,0.777071747526854,-1,-0.388535873763415,0.314706013286905,-1.31450406115617e-14,0.0254786850875778,-3.62393088334604e-15,2.4607963267948,-3.84859752469906e-15,0.0127379642693831,0.499837717930802,0.890568556785329,0.890486254400733,0.890524522155242,0.890606824539838
91,0.612050896279022,0.790290648932505,-0.999212358429545,-0.350668748563168,0.316077700150223,-0.00578188067789952,0.0345438338486807,0.047133249097455,2.47597795754106,0.113853365439969,-0.336103223922684,0.456067566193073,0.874659452768842,0.872014473169069,0.92931773010849,0.87156770611858,0.621609968270664,0.783326909627514,-1,-0.391663454813745,0.31080498413539,-1.33491781819413e-14,0.0254786850875776,-3.6789665267617e-15,2.4707963267948,-3.88288290607047e-15,0.012737964269383,0.499837717930802,0.890568556785329,0.890486254400733,0.890524522155242,0.890606824539838
92,0.60506386339888,0.796503875615677,-0.999317615356563,-0.348252615543687,0.305328912320308,-0.00476523473965691,0.036994079636566,0.0399259615188381,2.48490201964569,0.0921798480519468,-0.350722259666821,0.460694267752309,0.879707912082203,0.866472334099755,0.923716477875732,0.879126998984689,0.613745749488811,0.789503739689983,-1,-0.394751869844979,0.306872874744466,-1.35623410026693e-14,0.0254786850875775,-3.73364641176113e-15,2.4807963267948,-3.91708216808824e-15,0.012737964269383,0.499837717930802,0.890568556785329,0.890486254400733,0.890524522155242,0.890606824539838
93,0.598112099824451,0.802507447112708,-0.999403808999402,-0.347139402975277,0.295125705547238,-0.00387620186446908,0.0389413456619257,0.0324894791421992,2.49389025394951,0.069968616609289,-0.356895670926735,0.46511398300198,0.884650881748849,0.861956294473871,0.918236542348969,0.88586340913249,0.605820156643463,0.795601620036399,-1,-0.397800810018187,0.302910078321793,-1.37755038233974e-14,0.0254786850875774,-3.78797935206535e-15,2.4907963267948,-3.95119572061763e-15,0.012737964269383,0.499837717930802,0.890568556785329,0.890486254400733,0.890524522155242,0.890606824539838
94,0.591169774417472,0.80831302462673,-0.999473568563569,-0.347302350945201,0.285539970158748,-0.00312377635184985,0.0403790079561279,0.024991176461249,2.50294810139197,0.0478498589452876,-0.355059375719836,0.469300430047863,0.889855159794197,0.858151112019794,0.912438925459607,0.892240461861508,0.597833982287298,0.801619940883812,-1,-0.400809970441893,0.298916991143712,-1.39886666441254e-14,0.0254786850875773,-3.84196534767439e-15,2.50079632679479,-3.98522377888639e-15,0.0127379642693829,0.499837717930802,0.890568556785329,0.890486254400733,0.890524522155242,0.890606824539838
95,0.58421182712945,0.813933527033154,-0.999529660320378,-0.348691415014324,0.276625732776478,-0.00250795139396279,0.0413139366734889,0.0175912239827995,2.51208115729255,0.0263730243126328,-0.345815384492028,0.473236879485298,0.894765077059302,0.855284337901187,0.906900843409493,0.897717886456674,0.589788025031098,0.80755810040515,-1,-0.403779050202562,0.294894012515614,-1.42018294648534e-14,0.0254786850875772,-3.89560439858822e-15,2.51079632679479,-4.01916663685588e-15,0.0127379642693829,0.499837717930802,0.890568556785329,0.890486254400733,0.890524522155242,0.890606824539838
96,0.577214412876308,0.819382777741025,-0.99957471508855,-0.351235649907734,0.268419498646541,-0.00201684758870715,0.0417639078340442,0.0104322721806223,2.52129450342833,0.00594730835753963,-0.330205955145513,0.476924953055279,0.899162360065645,0.853313565616286,0.901845345931281,0.902180095433782,0.581683089463883,0.813415504789411,-1,-0.406707752394692,0.290841544732008,-1.44149922855815e-14,0.0254786850875771,-3.94889650480687e-15,2.52079632679479,-4.05302505873921e-15,0.0127379642693829,0.499837717930802,0.890568556785329,0.890486254400733,0.890524522155242,0.890606824539838
97,0.570155285589809,0.824675163211998,-0.999611084510233,-0.35484672879267,0.260941229151249,-0.00163725346940317,0.041755279491458,0.00363626223174427,2.53059219342598,-0.0130482225839246,-0.309118076173488,0.480363014185955,0.903308939508,0.852074688086217,0.896945729863981,0.905906185061675,0.573519986072456,0.819191568301037,-1,-0.409595784150505,0.286759993036296,-1.46281551063095e-14,0.025478685087577,-4.00182989499244e-15,2.53079632679479,-4.08679944627148e-15,0.0127379642693828,0.499837717930802,0.890568556785329,0.890486254400733,0.890524522155242,0.890606824539838
98,0.563014111494369,0.829825312816045,-0.999640894363329,-0.35942223897864,0.254195351806691,-0.00136042464435432,0.0413241256136741,-0.00268898692457598,2.53997681949064,-0.030074905110196,-0.283052010183295,0.483528049049551,0.907528251924453,0.851593236324303,0.891744072092781,0.90907563297354,0.565299531160353,0.82488571333849,-1,-0.412442856669231,0.282649765580247,-1.48413179270375e-14,0.0254786850875769,-4.05416335997591e-15,2.54079632679479,-4.12048983924481e-15,0.0127379642693828,0.499837717930802,0.890568556785329,0.890486254400733,0.890524522155242,0.890606824539838
99,0.555772726567252,0.834847791414477,-0.999666082479169,-0.364847881218738,0.248171084920268,-0.00117129135973026,0.0405184704499566,-0.00844599366933583,2.54944905948963,-0.0447495525301755,-0.252781462685564,0.486410972119825,0.911045352534619,0.851845349994984,0.887158856284524,0.911268918128359,0.557022546766216,0.830497370492012,-1,-0.415248685245992,0.27851127338318,-1.50544807477656e-14,0.0254786850875767,-4.10580293556898e-15,2.55079632679479,-4.15409674810797e-15,0.0127379642693828,0.499837717930802,0.890568556785329,0.890486254400733,0.890524522155242,0.890606824539838
100,0.548415350480058,0.839756801399876,-0.999688177707554,-0.371000220576897,0.242843177833371,-0.00104740136164343,0.0393909999349615,-0.0135588867218087,2.55900770021598,-0.0570026554804233,-0.219484926496235,0.48902705720113,0.913793928609916,0.852745483900665,0.883263949444298,0.912540800595152,0.548689860581586,0.836025978600563,-1,-0.418012989300267,0.274344930290867,-1.52676435684936e-14,0.0254786850875766,-4.15674862177167e-15,2.56079632679479,-4.18762081068533e-15,0.0127379642693827,0.499837717930802,0.890568556785329,0.890486254400733,0.890524522155242,0.890606824539838
101,0.540928731593395,0.844565912293903,-0.999708276584954,-0.377750415442321,0.238174002894872,-0.000968445406577919,0.0379960806811209,-0.017974867401695,2.56864973537546,-0.0668003039373662,-0.18422441316239,0.491389767828929,0.915869510026563,0.854208126454938,0.879957429280931,0.913010315812266,0.540302305868138,0.841470984807941,-1,-0.420735492403956,0.270151152934145,-1.54808063892217e-14,0.0254786850875765,-4.20700041858396e-15,2.57079632679479,-4.22106232094155e-15,0.0127379642693827,0.499837717930802,0.890568556785329,0.890486254400733,0.890524522155242,0.890606824539838
102,0.533302221258311,0.849287836914387,-0.999727100193585,-0.384967520397072,0.234115875101448,-0.000917194973797342,0.0363893294283271,-0.0216613700352025,2.57837056685356,-0.0741220931958403,-0.147921401487877,0.493510866369024,0.917336294238669,0.85614899259601,0.87718850549835,0.912780723735711,0.531860721374354,0.846831844618061,-1,-0.423415922309016,0.265930360687255,-1.56939692099497e-14,0.0254786850875763,-4.25706313706402e-15,2.58079632679479,-4.25447767536217e-15,0.0127379642693826,0.499837717930802,0.890568556785329,0.890486254400733,0.890524522155242,0.890606824539838
103,0.525527786494305,0.853934250637492,-0.999745056690212,-0.392521362897875,0.230613047724304,-0.000879620825807118,0.0346268685113889,-0.0246037273280727,2.58816430304713,-0.0789904694764603,-0.111397754375271,0.495402559467418,0.918228424598466,0.858485671242923,0.87494865913717,0.911948922602345,0.523365951251648,0.85210802194941,-1,-0.42605401097469,0.261682975625903,-1.59071320306777e-14,0.0254786850875762,-4.30747280023927e-15,2.59079632679479,-4.28792530611684e-15,0.0127379642693825,0.499837717930802,0.890568556785329,0.890486254400733,0.890524522155242,0.890606824539838
104,0.517599968805958,0.858515648466619,-0.999762306416212,-0.400285059149336,0.227603523282197,-0.00084496884135888,0.0327641897790827,-0.0268034760085506,2.59802410021783,-0.0814740459511776,-0.0754012270909171,0.497077174927842,0.918572418578593,0.861158428334441,0.87323266399772,0.910599036890106,0.514818844969954,0.857298989188652,-1,-0.428649494594311,0.257409422485058,-1.61202948514058e-14,0.025478685087576,-4.35822940810971e-15,2.60079632679479,-4.32140621684525e-15,0.0127379642693824,0.499837717930802,0.890568556785329,0.890486254400733,0.890524522155242,0.890606824539838
105,0.509515795798838,0.863041237261618,-0.999778827411874,-0.408137228487246,0.22502076283642,-0.000805757890029567,0.0308550644764023,-0.0282769565629432,2.60794250308333,-0.081691222145148,-0.0406075706265396,0.498547456622506,0.918397473338967,0.864092946443986,0.872041424713863,0.908826009043401,0.506220257232777,0.862404227243389,-1,-0.431202113621679,0.253110128616471,-1.63334576721338e-14,0.0254786850875759,-4.40933296067536e-15,2.61079632679479,-4.35491969307431e-15,0.0127379642693823,0.499837717930802,0.890568556785329,0.890486254400733,0.890524522155242,0.890606824539838
106,0.501274651465709,0.867518861367822,-0.999794479423237,-0.415963904477009,0.222795320945825,-0.000757580051009396,0.0289503486310733,-0.0290538153103208,2.61791179454024,-0.0798072064395259,-0.00761729783032739,0.499826467354957,0.917738857836,0.867224736207603,0.871365210698891,0.906719414947336,0.497571047891725,0.867423225594069,-1,-0.433711612797019,0.248785523945948,-1.65466204928618e-14,0.0254786850875758,-4.4607834579362e-15,2.62079632679479,-4.38846533646692e-15,0.0127379642693823,0.499837717930802,0.890568556785329,0.890486254400733,0.890524522155242,0.890606824539838
107,0.492878111368597,0.871954960193054,-0.999809062744837,-0.423660136980438,0.220856399998092,-0.000698870757742803,0.0270969356247525,-0.0291753503673466,2.62792431712048,-0.0760320120335071,0.0230638692699664,0.500928036158643,0.916651598893134,0.870465127284893,0.871181257619043,0.9043871864045,0.488872081860525,0.87235548234504,-1,-0.436177741172504,0.24443604093035,-1.67597833135898e-14,0.0254786850875756,-4.51258089989223e-15,2.63079632679479,-4.4220437443621e-15,0.0127379642693822,0.499837717930802,0.890568556785329,0.890486254400733,0.890524522155242,0.890606824539838
108,0.48432974930723,0.8763545558441,-0.999822369968179,-0.431131227495601,0.219133299589805,-0.000630246417150932,0.0253368267804047,-0.0286926111028517,2.63797275683463,-0.0706000387683472,0.0510046762751726,0.501865354699211,0.91517123275354,0.873782432029304,0.871464421821556,0.901890231445009,0.480124229028532,0.877200504274737,-1,-0.438600252137352,0.240062114514355,-1.69729461343179e-14,0.0254786850875755,-4.56472528654346e-15,2.64079632679478,-4.45564959174055e-15,0.0127379642693821,0.499837717930802,0.890568556785329,0.890486254400733,0.890524522155242,0.890606824539838
109,0.475634922178899,0.880721268466592,-0.999834227852738,-0.438293700790058,0.217556722761642,-0.000554882244113988,0.0237064372262167,-0.0276639844247583,2.64805038337006,-0.0638081250573688,0.0760443470137126,0.502657803423381,0.913572496640059,0.876799319579615,0.872047436193585,0.899563464563645,0.471328364173737,0.881957806885005,-1,-0.440978903442486,0.23566418208696,-1.71861089550459e-14,0.0254786850875753,-4.61705640378599e-15,2.65079632679478,-4.48926863798092e-15,0.012737964269382,0.499837717930802,0.890568556785329,0.890486254400733,0.890524522155242,0.890606824539838
110,0.466800543060054,0.885057355053128,-0.999844539843342,-0.445075311487823,0.216059806680199,-0.000475876436577398,0.0222354799657633,-0.0261504232423882,2.65815136091113,-0.0559016517083542,0.097842917662867,0.503315435467011,0.911403697399949,0.88019357957966,0.873193196209012,0.896881059308791,0.462485366875298,0.886626914449546,-1,-0.443313457224756,0.231242683437742,-1.73992717757739e-14,0.0254786850875752,-4.66939154056439e-15,2.66079632679478,-4.52288123429211e-15,0.0127379642693819,0.499837717930802,0.890568556785329,0.890486254400733,0.890524522155242,0.890606824539838
111,0.45783485371445,0.889363768566432,-0.999853258933426,-0.451415758707184,0.214579217348755,-0.000396357687379382,0.0209491202537613,-0.0242236112681126,2.66827026367184,-0.0470954377148485,0.11601567153237,0.50384450218436,0.909076871840634,0.88341412528953,0.874629757122446,0.894312940240925,0.453596121425574,0.891207360061496,-1,-0.445603680030731,0.226798060712883,-1.7612434596502e-14,0.0254786850875751,-4.72173338814512e-15,2.67079632679478,-4.55648773097825e-15,0.0127379642693819,0.499837717930802,0.890568556785329,0.890486254400733,0.890524522155242,0.890606824539838
112,0.448747172512387,0.893640239613764,-0.999860418834001,-0.45726767692509,0.213056189848781,-0.000320621696561524,0.0198664059254243,-0.0219588773879645,2.67840241907789,-0.0376807924706842,0.13039520709398,0.504255169366107,0.906411043392295,0.886639720571009,0.876484290711765,0.891740747304913,0.444661516741704,0.895698685680111,-1,-0.447849342840038,0.222330758370949,-1.782559741723e-14,0.0254786850875749,-4.77407523572584e-15,2.68079632679478,-4.59008760662315e-15,0.0127379642693818,0.499837717930802,0.890568556785329,0.890486254400733,0.890524522155242,0.890606824539838
113,0.43954763494798,0.897885376533235,-0.999866134988605,-0.462596768753784,0.211437416304433,-0.000252622832859583,0.0189997775787396,-0.0194350352175251,2.68854380320855,-0.0279488431421409,0.141011661307722,0.504559660200133,0.90380256813837,0.889470191198319,0.878430812462338,0.889501311731898,0.435682446276709,0.90010044217657,-1,-0.450050221088267,0.217841223138454,-1.8038760237958e-14,0.0254786850875748,-4.82641708330656e-15,2.69079632679478,-4.62368094147034e-15,0.0127379642693817,0.499837717930802,0.890568556785329,0.890486254400733,0.890524522155242,0.890606824539838
114,0.430246934296031,0.90209678138275,-0.999870597409158,-0.467381368154666,0.209675617693059,-0.000195757667532546,0.0183550425929502,-0.0167271242104467,2.69869120885629,-0.0181863922047045,0.148065105756447,0.504771525595561,0.901146910831257,0.892026877151625,0.880536341348986,0.88750553006764,0.426659807930153,0.904412189378893,-1,-0.452206094689428,0.213329903965179,-1.82519230586861e-14,0.0254786850875747,-4.87874763711465e-15,2.70079632679478,-4.65726714125104e-15,0.0127379642693817,0.499837717930802,0.890568556785329,0.890486254400733,0.890524522155242,0.890606824539838
115,0.420856079494308,0.906271173198945,-0.999874053742142,-0.471611433365633,0.207729825397827,-0.000152286634974464,0.0179317890230615,-0.0139069205383344,2.70884205009553,-0.00864425971988534,0.151752789333047,0.504902596866918,0.898555752261652,0.894249872925623,0.882687905982838,0.885798196651581,0.417594503958354,0.908633496115952,-1,-0.454316748057958,0.208797251979281,-1.84650858794141e-14,0.0254786850875745,-4.93106689715011e-15,2.71079632679478,-4.69084532815941e-15,0.0127379642693816,0.499837717930802,0.890568556785329,0.890486254400733,0.890524522155242,0.890606824539838
116,0.411386171669313,0.910404516609263,-0.99987678472025,-0.475287614795531,0.205565578427337,-0.000123320434155178,0.0177242503751783,-0.0110413981929378,2.71899426364427,0.00046179441996007,0.152324803583125,0.504964225981422,0.896034230742689,0.896160865812365,0.884863032677421,0.884360940161225,0.408487440884153,0.912763940260592,-1,-0.456381970130277,0.204243720442183,-1.86782487001421e-14,0.0254786850875744,-4.98338615718557e-15,2.72079632679478,-4.72441763290427e-15,0.0127379642693815,0.499837717930802,0.890568556785329,0.890486254400733,0.890524522155242,0.890606824539838
117,0.401848200625194,0.914492152424329,-0.99987908353989,-0.478420228358528,0.20315495914606,-0.000109023483143485,0.0177219015097195,-0.00819255075176074,2.72914616567383,0.0089376932946009,0.150022157607921,0.504966235843157,0.893587609555003,0.897773110315247,0.887040980850866,0.883181771161159,0.399339529406268,0.91680310877184,-1,-0.458401554385901,0.199669764703243,-1.88914115208701e-14,0.0254786850875742,-5.03570541722103e-15,2.73079632679478,-4.75798402970612e-15,0.0127379642693815,0.499837717930802,0.890568556785329,0.890486254400733,0.890524522155242,0.890606824539838
118,0.39225286130959,0.918528928640981,-0.999881237742817,-0.481028283194477,0.200476602104534,-0.000108665986630296,0.0179099366020583,-0.00541729660477776,2.73929632521825,0.0166128529357979,0.14510639721429,0.504917535171328,0.891253014442009,0.899077248224549,0.889172373524809,0.882266034850158,0.390151684308225,0.920750597736211,-1,-0.460375298868086,0.195075842154224,-1.91045743415982e-14,0.0254786850875741,-5.08802467725649e-15,2.74079632679478,-4.79154399579237e-15,0.0127379642693814,0.499837717930802,0.890568556785329,0.890486254400733,0.890524522155242,0.890606824539838
119,0.382610389813966,0.922509331054415,-0.999883511170709,-0.483138479908207,0.197515630573193,-0.000120591232173346,0.0182699388618015,-0.00276665032225474,2.74944348443782,0.0233574518379153,0.137896178454193,0.5048267173181,0.889098951165804,0.900057709208115,0.891178037137102,0.881621298341842,0.380924824366876,0.924606012408098,-1,-0.462303006204029,0.190462412183552,-1.93177371623262e-14,0.025478685087574,-5.14034393729195e-15,2.75079632679478,-4.82509796934151e-15,0.0127379642693813,0.499837717930802,0.890568556785329,0.890486254400733,0.890524522155242,0.890606824539838
120,0.372930420599166,0.926427610966825,-0.999886126630791,-0.48478408193406,0.194263414467531,-0.000142412127828249,0.0187808625766359,-0.000284561613245594,2.7595865161738,0.02908637961998,0.128751330634945,0.504701899041649,0.887160679954071,0.900724150578155,0.893011117123065,0.881235081645434,0.371659872260527,0.928368967249246,-1,-0.464184483624603,0.18582993613038,-1.95308999830542e-14,0.0254786850875738,-5.19266319732741e-15,2.76079632679478,-4.85864607144478e-15,0.0127379642693813,0.499837717930802,0.890568556785329,0.890486254400733,0.890524522155242,0.890606824539838
121,0.363221867357217,0.930277906196869,-0.999889255495249,-0.486003699944026,0.190717161211848,-0.000171478575795649,0.0194197654252872,0.00199241711959021,2.76972438436404,0.0337266463509214,0.118017547976133,0.504550096234347,0.885409975097797,0.901097831901292,0.89468838800723,0.881090981403613,0.362357754476667,0.932039085967308,-1,-0.466019542983634,0.181178877238452,-1.97440628037823e-14,0.0254786850875737,-5.24498245736287e-15,2.77079632679478,-4.89218807754998e-15,0.0127379642693812,0.499837717930802,0.890568556785329,0.890486254400733,0.890524522155242,0.890606824539838
122,0.353492827990353,0.934054353713106,-0.999893014535297,-0.486840110297119,0.186879514589726,-0.000204918456809978,0.0201621389909742,0.00403479458002475,2.77985610973922,0.0372438607184471,0.106045263836529,0.504377638417537,0.883904951681123,0.901199544063942,0.896143948851327,0.881164862306853,0.353019401219324,0.93561600155347,-1,-0.467808000776714,0.176509700609783,-1.99572256245103e-14,0.0254786850875735,-5.29730171739833e-15,2.78079632679478,-4.92572371260097e-15,0.0127379642693811,0.499837717930802,0.890568556785329,0.890486254400733,0.890524522155242,0.890606824539838
123,0.343750512829797,0.937751193835098,-0.999897462024576,-0.487339101113026,0.182758069948078,-0.000239849100781569,0.0209830084018194,0.00582046927634536,2.78998078093196,0.0396419422949478,0.0931875593615414,0.504190180314599,0.882642976189338,0.901054332697052,0.897373208443441,0.881435779914434,0.34364574631604,0.939099356319154,-1,-0.469549678159556,0.171822873158144,-2.01703884452383e-14,0.0254786850875734,-5.34960516615211e-15,2.79079632679478,-4.95925325418109e-15,0.012737964269381,0.499837717930802,0.890568556785329,0.890486254400733,0.890524522155242,0.890606824539838
124,0.334001195801421,0.941362863461655,-0.999902600964057,-0.487548341211723,0.178364794599956,-0.000273645295132432,0.0218574150577059,0.00733446027241531,2.80009756514242,0.0409347902878027,0.079778423745004,0.503992533222251,0.881615137027646,0.900680857184884,0.898379628644085,0.881889704955154,0.334237727124495,0.942488801931787,-1,-0.471244400965872,0.167118863562374,-2.04100531524059e-14,0.0254786850875733,-5.40187595789383e-15,2.80079632679478,-4.99277714541338e-15,0.012737964269381,0.499837717930802,0.890568556785329,0.890486254400733,0.890524522155242,0.890606824539838
125,0.324250187640914,0.944884077937794,-0.999908385123205,-0.487516306372382,0.173715475824723,-0.00030401384727574,0.022760718025164,0.00856856302138966,2.81020572919601,0.0411561378407312,0.0661379002797884,0.503788819498118,0.880830984704303,0.900107928754829,0.899149915945633,0.882502098676983,0.324796284438768,0.945783999449631,-1,-0.472891999724794,0.162398142219513,-2.0658743109922e-14,0.0254786850875731,-5.45413793591451e-15,2.81079632679478,-5.02629511163167e-15,0.0127379642693809,0.499837717930802,0.890568556785329,0.890486254400733,0.890524522155242,0.890606824539838
126,0.314501830021505,0.948309901919786,-0.999914726459846,-0.487291263598134,0.168829159626069,-0.000329086800707906,0.0236692264742254,0.00952105933893496,2.82030467069918,0.0403728115895845,0.0525681830863651,0.503582530762807,0.880296489351558,0.899374892038919,0.899675661196662,0.883239261524778,0.31532236239526,0.94898461935568,-1,-0.474492309677818,0.157661181197762,-2.0907433067438e-14,0.025478685087573,-5.50639945960285e-15,2.82079632679478,-5.05980692699666e-15,0.0127379642693808,0.499837717930802,0.890568556785329,0.890486254400733,0.890524522155242,0.890606824539838
127,0.30475950920632,0.95163580848555,-0.999921504796232,-0.486920341847599,0.16372753540444,-0.000347540777199455,0.024560929366353,0.0101961987690794,2.830393945697,0.0386834732133398,0.0393370143069545,0.503376480607378,0.880003172560956,0.898530213353299,0.899963950421953,0.884060054073674,0.30581690837828,0.952090341590612,-1,-0.476045170795284,0.152908454189274,-2.1156123024954e-14,0.0254786850875728,-5.55846607471778e-15,2.83079632679478,-5.0933130705225e-15,0.0127379642693808,0.499837717930802,0.890568556785329,0.890486254400733,0.890524522155242,0.890606824539838
128,0.295025687004665,0.954857725550041,-0.999928578644554,-0.486448734018388,0.158434291051324,-0.000358529287890103,0.0254159845729031,0.0106035280850767,2.84047328957275,0.036189722556253,0.0266937640871612,0.503172976909027,0.879939524311959,0.897572646082959,0.900025746758094,0.884970297498536,0.296280872925309,0.955100855584791,-1,-0.477550427792373,0.148140436462791,-2.140481298247e-14,0.0254786850875726,-5.61018574513752e-15,2.84079632679478,-5.1268133167074e-15,0.0127379642693807,0.499837717930802,0.890568556785329,0.890486254400733,0.890524522155242,0.890606824539838
129,0.285301946887179,0.957972069620709,-0.999935794718371,-0.485918963647406,0.152974499627098,-0.000361773377951481,0.0262167541843907,0.0107574557719913,2.8505426390773,0.033006807129583,0.0148419401538403,0.502973713246826,0.880079287003431,0.896572289396029,0.899887215460662,0.885908928840759,0.286715209631945,0.958015860289327,-1,-0.479007930144641,0.143357604816112,-2.1653502939986e-14,0.0254786850875725,-5.66155847086206e-15,2.85079632679478,-5.16030774945406e-15,0.0127379642693806,0.499837717930802,0.890568556785329,0.890486254400733,0.890524522155242,0.890606824539838
130,0.275589053625912,0.96097576772211,-0.999942999193352,-0.485370294472719,0.147374046819926,-0.000357417602084195,0.0269482326591568,0.0106762055638515,2.86060212709939,0.029256099067121,0.00396120575905794,0.502779993740983,0.880419854265167,0.895519966768386,0.899551529311483,0.886888062300311,0.277120875056547,0.960835064206177,-1,-0.480417532103065,0.138560437528416,-2.19021928975021e-14,0.0254786850875723,-5.71258425189141e-15,2.86079632679478,-5.19379628447761e-15,0.0127379642693806,0.499837717930802,0.890568556785329,0.890486254400733,0.890524522155242,0.890606824539838
131,0.265887023506504,0.963866268133225,-0.999950044571666,-0.484838228462526,0.141659084101494,-0.000345990646528269,0.0275980200016298,0.010381558750516,2.8706520930068,0.0250608410946057,-0.00580039274369878,0.502592738616386,0.880930218718506,0.894465301632705,0.899050051464538,0.887864836419568,0.267498828624576,0.9635581854173,-1,-0.481779092708627,0.133749414312433,-2.21508828550181e-14,0.0254786850875721,-5.76326308822556e-15,2.87079632679478,-5.22727911663092e-15,0.0127379642693805,0.499837717930802,0.890568556785329,0.890486254400733,0.890524522155242,0.890606824539838
132,0.256195203952784,0.966641540609558,-0.999956797607541,-0.484354096116581,0.135855528459179,-0.000328346991217286,0.0281564998682862,0.00989789048740965,2.88069306076769,0.0205495591174368,-0.0143338441350442,0.502412520564996,0.881594753323823,0.893425801649598,0.898399046537416,0.88882532754697,0.257850032532658,0.966184951612844,-1,-0.483092475806398,0.128925016266477,-2.23995728125341e-14,0.0254786850875719,-5.81359497986452e-15,2.88079632679478,-5.26075621836596e-15,0.0127379642693804,0.499837717930802,0.890568556785329,0.890486254400733,0.890524522155242,0.890606824539838
133,0.246512359881224,0.969300067036431,-0.99996314440724,-0.483944779286148,0.129988602483601,-0.000305566816627918,0.0286168750427136,0.0092515092088439,2.89072571765862,0.0158494356982498,-0.0215683496940957,0.502239624506306,0.882380850923566,0.892433864758825,0.89763127519843,0.889741247259119,0.24817545165236,0.968715100118378,-1,-0.484357550059165,0.124087725826331,-2.26482627700501e-14,0.0254786850875718,-5.86358775607765e-15,2.89079632679478,-5.29422849917348e-15,0.0127379642693803,0.499837717930802,0.890568556785329,0.890486254400733,0.890524522155242,0.890606824539838
134,0.236836764480448,0.971840823357622,-0.999968994273408,-0.48363255482844,0.124082426922487,-0.000278865681220789,0.0289751282283914,0.00846976800546424,2.9007508772811,0.0110829619619954,-0.0274717538794023,0.502074097936875,0.883263598171611,0.891506969215645,0.896771724659019,0.890597437062502,0.23847605343371,0.97114837792116,-1,-0.485574188960556,0.119238026717009,-2.28969527275661e-14,0.0254786850875716,-5.91323694299674e-15,2.90079632679478,-5.32769528094331e-15,0.0127379642693803,0.499837717930802,0.890568556785329,0.890486254400733,0.890524522155242,0.890606824539838
135,0.227166291820454,0.97426325397209,-0.999974281217155,-0.483435057588029,0.11815967254216,-0.000249481445972168,0.0292299101174003,0.00758047992608879,2.91076944662995,0.00636711556815648,-0.0320272737197594,0.501915910831054,0.884233991013155,0.89064798187589,0.89582971387585,0.891391684982379,0.228752807808445,0.973484541695438,-1,-0.486742270847694,0.114376403904379,-2.31456426850822e-14,0.0254786850875714,-5.96253918522064e-15,2.91079632679478,-5.36115647423435e-15,0.0127379642693802,0.499837717930802,0.890568556785329,0.890486254400733,0.890524522155242,0.890606824539838
136,0.217498509616246,0.976567239590068,-0.999978963803531,-0.48336529927531,0.112241254061545,-0.000218633446678071,0.0293823517492831,0.00661134963570261,2.92078238982821,0.00179973180509347,-0.035284006564954,0.501764718200459,0.885208630138082,0.889905425504654,0.894886232495493,0.892078788286903,0.219006687093027,0.975723357826781,-1,-0.487861678913365,0.109503343546673,-2.33943326425982e-14,0.0254786850875712,-6.01149448274934e-15,2.92079632679478,-5.39461216479666e-15,0.0127379642693801,0.499837717930802,0.890568556785329,0.890486254400733,0.890524522155242,0.890606824539838
137,0.207830770044033,0.978753059943202,-0.999983024197882,-0.483431871674504,0.106346136028808,-0.000187435986956666,0.0294356871381885,0.00558873379767053,2.93079066701421,-0.00252405163209486,-0.0372850310370618,0.501620274370962,0.886246871451586,0.889237167276375,0.893884034225967,0.892697434651481,0.209238665891404,0.977864602435441,-1,-0.488932301217695,0.104619332945864,-2.36430226001142e-14,0.0254786850875711,-6.06010283558284e-15,2.93079632679478,-5.42806207247518e-15,0.0127379642693801,0.499837717930802,0.890568556785329,0.890486254400733,0.890524522155242,0.890606824539838
138,0.198160295861633,0.980821353079185,-0.999986465367433,-0.4836391410709,0.100491147421441,-0.000156863614759277,0.0293953641212659,0.00453849005622917,2.94079524536302,-0.0065097878218457,-0.0380581323906031,0.501482462907961,0.887313128231248,0.888660153381692,0.892857545919115,0.893230962190051,0.199449720997557,0.979908061398742,-1,-0.489954030699345,0.099724860498944,-2.38917125576302e-14,0.0254786850875709,-6.10836424372115e-15,2.94079632679478,-5.46150665292813e-15,0.01273796426938,0.499837717930802,0.890568556785329,0.890486254400733,0.890524522155242,0.890606824539838
139,0.188484263739054,0.982773070541014,-0.999989308271831,-0.483987384627393,0.0946907839635165,-0.000127729615981645,0.0292687574274699,0.00348531186302935,2.95079705969744,-0.0100879220457452,-0.0376908584959605,0.501350968018334,0.888344582721151,0.888196892567921,0.891867319970598,0.893657174113431,0.189640831297817,0.981853530372491,-1,-0.490926765186219,0.0948204156490773,-2.41404025151462e-14,0.0254786850875707,-6.15627870716427e-15,2.95079632679478,-5.49494538132836e-15,0.0127379642693799,0.499837717930802,0.890568556785329,0.890486254400733,0.890524522155242,0.890606824539838
140,0.178799883253871,0.98460942969335,-0.99999158831155,-0.48447309975045,0.0889571285449657,-0.000100668808207438,0.029064651383847,0.00245166009253784,2.96079696260157,-0.0132050550613842,-0.0362973743866734,0.501225460828857,0.889336722524504,0.88784269034956,0.890917619376113,0.893979120711799,0.179812977672982,0.983700814811411,-1,-0.491850407405679,0.0899064888366626,-2.43890924726623e-14,0.0254786850875706,-6.20384622591219e-15,2.96079632679478,-5.52837876381347e-15,0.0127379642693799,0.499837717930802,0.890568556785329,0.890486254400733,0.890524522155242,0.890606824539838
141,0.169104468486819,0.98633186535092,-0.999993351737537,-0.485089406869583,0.0832998445953314,-7.61254920314549e-05,0.0287929883151185,0.00145756313002551,2.97079570825924,-0.0158235942062459,-0.0340028189494179,0.501105626670168,0.890260828891007,0.88759585739919,0.89003563206177,0.894197535422686,0.169967142900222,0.985449729988598,-1,-0.492724864994272,0.084983571450286,-2.46377824301783e-14,0.0254786850875704,-6.2510636827619e-15,2.97079632679478,-5.56180641927083e-15,0.0127379642693798,0.499837717930802,0.890568556785329,0.890486254400733,0.890524522155242,0.890606824539838
142,0.159395501306904,0.987941981693375,-0.999994651880763,-0.485826482093052,0.0777262168029259,-5.43730918531526e-05,0.0284644842694907,0.000520338730356614,2.98079393726708,-0.0179184669176393,-0.030937329051988,0.500991200258516,0.891115832363231,0.887448594303066,0.889222183263019,0.894318622402755,0.160104311554812,0.987100101013991,-1,-0.493550050506969,0.0800521557775839,-2.48864723876943e-14,0.0254786850875702,-6.29792172610437e-15,2.98079632679478,-5.59522867179008e-15,0.0127379642693797,0.499837717930802,0.890568556785329,0.890486254400733,0.890524522155242,0.890606824539838
143,0.14967068577646,0.989441505430677,-0.999995546039321,-0.486672003208096,0.0722412272996647,-3.55348154496427e-05,0.0280904220405409,-0.000345387757626954,2.99079217608236,-0.0194759910596639,-0.0272316068216003,0.500881970826265,0.891887391361847,0.887393912306238,0.888490791432722,0.894348306568195,0.150225469911665,0.988651762851864,-1,-0.494325881425905,0.0751127349560139,-2.51351623452103e-14,0.02547868508757,-6.3444361801528e-15,2.99079632679478,-5.62864560623913e-15,0.0127379642693797,0.499837717930802,0.890568556785329,0.890486254400733,0.890524522155242,0.890606824539838
144,0.139927993697864,0.99083224070432,-0.999996092602387,-0.487611593262257,0.0668476578057283,-1.96011495683653e-05,0.0276823256749795,-0.00112776542444741,3.00079083624718,-0.0204990231061866,-0.0230205971886827,0.500777735866047,0.892562633142612,0.887422692159315,0.887853626607751,0.894294883661647,0.140331605846715,0.990104560337325,-1,-0.495052280168636,0.0701658029235422,-2.53838523027263e-14,0.0254786850875699,-6.3906115187754e-15,3.00079632679478,-5.66205712318131e-15,0.0127379642693796,0.499837717930802,0.890568556785329,0.890486254400733,0.890524522155242,0.890606824539838
145,0.130165701196734,0.992116026475263,-0.99999634870127,-0.488629272178779,0.0615462365865579,-6.46170713537766e-06,0.0272516120794701,-0.00181775616288912,3.01079021785289,-0.0210055129119761,-0.0184381844148899,0.500678299321344,0.893134318664487,0.887523570849227,0.887317468956844,0.894169148580258,0.130423708738123,0.991458348191837,-1,-0.495729174095891,0.0652118543692494,-2.56325422602424e-14,0.0254786850875697,-6.436438318083e-15,3.01079632679478,-5.69546331455462e-15,0.0127379642693795,0.499837717930802,0.890568556785329,0.890486254400733,0.890524522155242,0.890606824539838
146,0.120382416309129,0.993294697245522,-0.999996368550455,-0.48970790170886,0.0563358208671575,4.05758987260156e-06,0.0268093603329977,-0.00240905012675451,3.02079051955964,-0.0210143659139735,-0.0136109703757341,0.500583587484796,0.893612438130911,0.887693777070423,0.886873217052196,0.89397255761889,0.120502769367343,0.992712991037743,-1,-0.496356495518844,0.0602513846838627,-2.58812322177584e-14,0.0254786850875695,-6.48188507284569e-15,3.02079632679478,-5.72886401699125e-15,0.0127379642693794,0.499837717930802,0.890568556785329,0.890486254400733,0.890524522155242,0.890606824539838
147,0.110577097866129,0.994370047401774,-0.999996202418758,-0.490829609239595,0.0512135690269646,1.21773704481421e-05,0.0263662832089099,-0.00289790716013747,3.03079185353792,-0.0205540318859211,-0.00865988355229571,0.50049355244227,0.893985773114535,0.887918283760402,0.886531511918788,0.893720360604256,0.110569779820045,0.993868363411803,-1,-0.496934181705874,0.0552848899102171,-2.61299221752744e-14,0.0254786850875693,-6.52698488291319e-15,3.03079632679478,-5.76225930647624e-15,0.0127379642693794,0.499837717930802,0.890568556785329,0.890486254400733,0.890524522155242,0.890606824539838
148,0.100749066122096,0.995343799016151,-0.999995895851115,-0.491976190299179,0.0461751265485019,1.81435352263105e-05,0.0259323616674637,-0.00328304668756482,3.04079425626262,-0.0196705737840796,-0.0036980959660723,0.500408084268449,0.894252140912826,0.888181330279178,0.886294356556163,0.893428673412901,0.100625733386906,0.994924349777742,-1,-0.497462174888843,0.050312866693651,-2.63786121327904e-14,0.0254786850875692,-6.57173774828549e-15,3.04079632679478,-5.7956492976031e-15,0.0127379642693793,0.499837717930802,0.890568556785329,0.890486254400733,0.890524522155242,0.890606824539838
149,0.0908980055978524,0.996217573835139,-0.999995489393785,-0.493129482288405,0.0412148550501309,2.2208860563721e-05,0.0255165932591424,-0.00356545303144121,3.05079770203516,-0.0184128457789301,0.00116943076597269,0.500327143203063,0.894418466422813,0.888480408444173,0.88615577445634,0.893099398667018,0.0906716244642832,0.995880844537805,-1,-0.497940422268874,0.0453358122323428,-2.66273020903065e-14,0.025478685087569,-6.61615914137022e-15,3.05079632679478,-5.82903381774398e-15,0.0127379642693792,0.499837717930802,0.890568556785329,0.890486254400733,0.890524522155242,0.890606824539838
150,0.0810239607300654,0.996992869902058,-0.999995018603062,-0.494271712057652,0.0363260586686464,2.46156867113546e-05,0.0251269721812045,-0.00374819432736305,3.06080211709728,-0.0168328591059439,0.00584951325699832,0.50025070836974,0.894489399412155,0.888800984606494,0.886111197189825,0.89274769197935,0.080708448454773,0.996737752043313,-1,-0.498368876021628,0.0403542242275912,-2.68759920478225e-14,0.0254786850875688,-6.66028372061859e-15,3.06079632679478,-5.86241319860625e-15,0.0127379642693792,0.499837717930802,0.890568556785329,0.890486254400733,0.890524522155242,0.890606824539838
151,0.0711273248903589,0.997671042593231,-0.999994514356104,-0.495385807600511,0.0315012036274299,2.55910149071039e-05,0.0247703608706466,-0.00383615616016834,3.07080739266724,-0.0149861670798478,0.010259166328519,0.500178788146989,0.894469820382614,0.889137807691294,0.886156496796626,0.892378689127428,0.0707372016676742,0.997494986604228,-1,-0.498747493302085,0.0353686008340453,-2.71246820053385e-14,0.0254786850875686,-6.70406514084434e-15,3.07079632679478,-5.89578746574211e-15,0.0127379642693791,0.499837717930802,0.890568556785329,0.890486254400733,0.890524522155242,0.890606824539838
152,0.0612088235410879,0.998253290050218,-0.99999400319495,-0.496455675600618,0.0267321357030287,2.53383798863917e-05,0.024452436769857,-0.00383583457317244,3.08081339566067,-0.0129309142066587,0.014328718867513,0.500111389536268,0.894368443199161,0.889477406261724,0.886283136550198,0.892006567534727,0.060758881219356,0.998152472497725,-1,-0.499076236248833,0.0303794406098897,-2.73733719628545e-14,0.0254786850875685,-6.74730425346916e-15,3.08079632679478,-5.92913465099675e-15,0.012737964269379,0.499837717930802,0.890568556785329,0.890486254400733,0.890524522155242,0.890606824539838
153,0.0512694922180268,0.99874064289805,-0.999993507856101,-0.49746643676921,0.0220102927134017,2.40361932716552e-05,0.0241776178558426,-0.00375501412531891,3.09081997908952,-0.0107269560254407,0.0180029350963398,0.500048510776927,0.894193638467206,0.889811844989016,0.886483200637769,0.891639566380569,0.050774484933548,0.998710143975764,-1,-0.499355071987853,0.0253872424669893,-2.76220619203705e-14,0.0254786850875683,-6.78984947670358e-15,3.09079632679478,-5.96243846158095e-15,0.012737964269379,0.499837717930802,0.890568556785329,0.890486254400733,0.890524522155242,0.890606824539838
154,0.0413106503069824,0.999133958167424,-0.999993047737813,-0.498404612918379,0.0173269107461169,2.18396433289863e-05,0.0239490499005194,-0.00360248329027613,3.1008269900587,-0.00843312039888253,0.0212413373921969,0.499990135489221,0.893957032468963,0.890131900984558,0.886745250682506,0.89128745267207,0.0407850112415587,0.999167945271661,-1,-0.499583972635801,0.0203925056209982,-2.78707518778866e-14,0.0254786850875681,-6.83170081054761e-15,3.10079632679478,-5.99569904777065e-15,0.0127379642693789,0.499837717930802,0.890568556785329,0.890486254400733,0.890524522155242,0.890606824539838
155,0.031333871543455,0.999433917210704,-0.999992639329644,-0.499258266663625,0.0126732166570662,1.8886195175938e-05,0.0237686319726599,-0.00338773325599755,3.11083427616963,-0.00610585325164365,0.0240151492396331,0.499936253698852,0.893666773536797,0.890433458532819,0.887061549237707,0.890954462963916,0.0307914590824325,0.999525830605668,-1,-0.499762915302804,0.0153957295414387,-2.81194418354026e-14,0.025478685087568,-6.87285825500125e-15,3.11079632679477,-6.02891667133927e-15,0.0127379642693789,0.499837717930802,0.890568556785329,0.890486254400733,0.890524522155242,0.890606824539838
156,0.0213409521324614,0.999641027306181,-0.999992296506383,-0.500017102859896,0.00804060405111279,1.53002188073525e-05,0.0236370682969992,-0.00312074499214255,3.12084168903092,-0.00379833562696412,0.0263059961320039,0.499886861986057,0.893332937340279,0.890711259651115,0.887422196421302,0.890646106403215,0.0207948278030575,0.99978376418955,-1,-0.499891882094745,0.0103974139017549,-2.83681317929186e-14,0.0254786850875678,-6.9133218100645e-15,3.12079632679477,-6.06209153613549e-15,0.0127379642693788,0.499837717930802,0.890568556785329,0.890486254400733,0.890524522155242,0.890606824539838
157,0.0113338771574652,0.999755626605123,-0.999992030757815,-0.500672537132422,0.00342079146501575,1.1196624375856e-05,0.0235539358222418,-0.00281175252960139,3.13084908697682,-0.00155986267801134,0.0281069984750013,0.499841949277211,0.89296587996414,0.890960619762226,0.887816912016861,0.890367264803747,0.0107961170582311,0.999941720230164,-1,-0.499970860115052,0.0053980585293454,-2.86168217504346e-14,0.0254786850875676,-6.95303670803905e-15,3.13079632679477,-6.09522364823014e-15,0.0127379642693788,0.499837717930802,0.890568556785329,0.890486254400733,0.890524522155242,0.890606824539838
158,0.00131478599176785,0.999777892058027,-0.999991851327404,-0.501217726584842,-0.00119403819469938,6.68614303052546e-06,0.0235177742544352,-0.00247099190167371,3.14085633722725,0.000565862867554609,0.0294245455633174,0.499801471211165,0.892578853935101,0.891176638458504,0.888232214372914,0.890123160311397,0.000796326710695537,0.999999682932037,-1,-0.499999841465988,0.000398163355581375,-2.88655117079507e-14,0.0254786850875674,-6.99174364906818e-15,3.14079632679477,-6.12831366114793e-15,0.0127379642693787,0.499837717930802,0.890568556785329,0.890486254400733,0.890524522155242,0.890606824539838
159,-0.00871406247593322,0.999707849911086,-0.999991765252125,-0.501647556936979,-0.005811120724148,1.8791350013517e-06,0.023526206801625,-0.00210844006146767,3.15086331769493,0.00254076735547813,0.030274834139514,0.4997653676115,0.892180038711708,0.891357903673768,0.888659892507351,0.889915192832558,-0.0092035432688475,0.999957646498946,-1,-0.499978823249443,-0.00460177163418637,-2.91142016654667e-14,0.0254786850875672,-7.02940975601172e-15,3.15079632679477,-6.16136121950406e-15,0.0127379642693787,0.499837717930802,0.890568556785329,0.890486254400733,0.890524522155242,0.890606824539838
160,-0.0187503239879003,0.99954538832022,-0.999991777335188,-0.50195859550302,-0.0104370151574763,-3.11034010547297e-06,0.0235760589465617,-0.00173364028948308,3.1608699172737,0.00433354985299214,0.0306830732838252,0.499733547811909,0.891781065477951,0.89150276195594,0.889087912503568,0.889745201887839,-0.0192024929017333,0.999815615134501,-1,-0.49990780756722,-0.00960124645062544,-2.93628916229828e-14,0.025478685087567,-7.06603502886967e-15,3.16079632679477,-6.19436682732768e-15,0.0127379642693786,0.499837717930802,0.890568556785329,0.890486254400733,0.890524522155242,0.890606824539838
161,-0.0287916018367803,0.999290271653483,-0.9999918901102,-0.502149015846251,-0.0150775304476112,-8.17316768317802e-06,0.0236634744227431,-0.00135556051652881,3.17087603580236,0.0059142903616738,0.0306743032566104,0.499705980777736,0.891377496385725,0.891613260206276,0.889521380061752,0.889610438261907,-0.029199522301331,0.99957360304172,-1,-0.499786801520829,-0.0145997611504204,-2.96115815804988e-14,0.0254786850875668,-7.10161043262393e-15,3.17079632679477,-6.22733043596534e-15,0.0127379642693786,0.499837717930802,0.890568556785329,0.890486254400733,0.890524522155242,0.890606824539838
162,-0.0388354781994419,0.998942156165703,-0.999992103885685,-0.502218519183103,-0.0197376586542165,-1.31878194310615e-05,0.0237839820351561,-0.000982559421591339,3.18088158289666,0.00726522768005433,0.0302873996153467,0.499682524834562,0.890998354625579,0.891686496333291,0.889929547053374,0.88951480304262,-0.0391936317730314,0.99923163442161,-1,-0.499615817210774,-0.0195968158862668,-2.98602715380149e-14,0.0254786850875665,-7.13612985514564e-15,3.18079632679477,-6.26025249226427e-15,0.0127379642693785,0.499837717930802,0.890568556785329,0.890486254400733,0.890524522155242,0.890606824539838
163,-0.0488795435930896,0.998500606736108,-0.999992416448803,-0.502168212502345,-0.0244215444952118,-1.80320969123316e-05,0.0239327949518768,-0.000622038883116961,3.19088648160569,0.00837555837246298,0.0295674419625194,0.499663030535094,0.890638316445989,0.891725296224736,0.890318324913495,0.889454756965067,-0.0491838219142159,0.998789743470748,-1,-0.499394871735343,-0.024591910956855,-3.01089614955309e-14,0.0254786850875663,-7.16957534373205e-15,3.19079632679477,-6.29313313784268e-15,0.0127379642693785,0.499837717930802,0.890568556785329,0.890486254400733,0.890524522155242,0.890606824539838
164,-0.0589214234848833,0.997965113881142,-0.99999282330609,-0.502000461403561,-0.0291324770121042,-2.26019291541905e-05,0.0241048103391418,-0.000280521942447587,3.20089066715669,0.00923089577477752,0.0285526065920227,0.499647450659581,0.890292657547744,0.891730464765441,0.890692919474702,0.889428926281478,-0.0591690937141953,0.998247974377861,-1,-0.4991239871889,-0.0295845468568408,-3.0357651453047e-14,0.0254786850875661,-7.20197999823288e-15,3.20079632679477,-6.32597262585744e-15,0.0127379642693784,0.499837717930802,0.890568556785329,0.890486254400733,0.890524522155242,0.890606824539838
165,-0.068958802198556,0.99733511108148,-0.999993317963626,-0.501718765620344,-0.0338728667912532,-2.67944262610919e-05,0.0242946190448412,3.63040530734679e-05,3.2108940863534,0.00982545662875904,0.0272869671202815,0.499635669235847,0.889980073094118,0.891704725753014,0.891033300888872,0.889435259623667,-0.0691484486541108,0.997606381319407,-1,-0.498803190659673,-0.0345742243267945,-3.0606341410563e-14,0.0254786850875659,-7.23334381864812e-15,3.21079632679477,-6.35877115158159e-15,0.0127379642693784,0.499837717930802,0.890568556785329,0.890486254400733,0.890524522155242,0.890606824539838
166,-0.0789894442314276,0.996609992424676,-0.999993891809922,-0.501327614978666,-0.0386442470584872,-3.05033765289196e-05,0.0244967971607932,0.00032379091351407,3.22089670007086,0.0101674385453419,0.0258230841219833,0.499627451699751,0.8897094672857,0.891652385313681,0.891329878329835,0.889469687981566,-0.0791208888067845,0.996865028454157,-1,-0.498432514227048,-0.0395604444031273,-3.08550313680791e-14,0.0254786850875657,-7.26366680497778e-15,3.22079632679477,-6.3915289596558e-15,0.0127379642693783,0.499837717930802,0.890568556785329,0.890486254400733,0.890524522155242,0.890606824539838
167,-0.0890112123051396,0.995789129759973,-0.999994534209261,-0.500832311364693,-0.0434473178799307,-3.36354328266468e-05,0.0247061111832504,0.000578401091517506,3.2308984845505,0.0102701787893216,0.0242128554004178,0.499622543696902,0.889480190649047,0.891576716435648,0.891583251704851,0.889528788796139,-0.0890854169365114,0.996023989916779,-1,-0.498011994958359,-0.0445427084679866,-3.11037213255951e-14,0.0254786850875655,-7.29294895722185e-15,3.23079632679477,-6.424246199727e-15,0.0127379642693783,0.499837717930802,0.890568556785329,0.890486254400733,0.890524522155242,0.890606824539838
168,-0.0990220817862909,0.99487188878017,-0.99999523284192,-0.500238788081985,-0.048282004787492,-3.61153648500677e-05,0.0249175855086995,0.000797651553230922,3.24089943138305,0.0101493943955448,0.0225048061711858,0.499620687172801,0.889292156646174,0.891481654543066,0.89179333112263,0.889608611859947,-0.0990410365987822,0.995083349810428,-1,-0.497541674905183,-0.0495205182991179,-3.13524112831112e-14,0.0254786850875653,-7.32119027538033e-15,3.24079632679477,-6.45692275624067e-15,0.0127379642693782,0.499837717930802,0.890568556785329,0.890486254400733,0.890524522155242,0.890606824539838
169,-0.109020151588977,0.993857643900124,-0.999995974075199,-0.499553438862018,-0.0531475207749949,-3.78876753149839e-05,0.0251265668549509,0.000980045970993478,3.2508995472167,0.00982344258479807,0.0207442441421184,0.499621615677778,0.889144920262023,0.891370886847159,0.891960465931172,0.889705447494486,-0.108986752239927,0.994043202198328,-1,-0.497021601099133,-0.0544933761196862,-3.16011012406272e-14,0.0254786850875651,-7.34839075945323e-15,3.25079632679477,-6.48955912481212e-15,0.0127379642693782,0.499837717930802,0.890568556785329,0.890486254400733,0.890524522155242,0.890606824539838
170,-0.119003651752116,0.992745791850657,-0.999996743376193,-0.498782956327445,-0.0580424327002785,-3.89178135224775e-05,0.0253287858375413,0.00112500509196901,3.2608988534906,0.00931350074169874,0.0189730516595131,0.499625051471053,0.88903815156138,0.891248685883118,0.892084859631085,0.889815069274879,-0.11892156929667,0.992903651094376,-1,-0.496451825547157,-0.0594607846480535,-3.18497911981433e-14,0.0254786850875649,-7.37455040944055e-15,3.26079632679477,-6.52215549610783e-15,0.0127379642693781,0.499837717930802,0.890568556785329,0.890486254400733,0.890524522155242,0.890606824539838
171,-0.128970947882194,0.991535763893676,-0.999997525743787,-0.497934180076161,-0.0629647329195074,-3.9194128527526e-05,0.0255204166833419,0.00123279464378113,3.27089738602965,0.00864242426296732,0.0172299490179029,0.499630719351793,0.8889705657104,0.891117598901196,0.892167871236062,0.88993486801804,-0.128844494295585,0.991664810452731,-1,-0.495832405226334,-0.0644222471475064,-3.20984811556593e-14,0.0254786850875647,-7.39966922534227e-15,3.27079632679477,-6.55471181207654e-15,0.0127379642693781,0.499837717930802,0.890568556785329,0.890486254400733,0.890524522155242,0.890606824539838
172,-0.138920542649637,0.990227036574553,-0.999998306166713,-0.497013953960811,-0.0679119131373691,-3.8726429620388e-05,0.0256981145817821,0.00130445248727816,3.2808951946729,0.00783525862264091,0.0155494563685538,0.499638334304272,0.888940829435173,0.890982814063568,0.892210707711438,0.890059780864861,-0.13875453495244,0.990326804156426,-1,-0.495163402078182,-0.0693772674759296,-3.23788217212357e-14,0.0254786850875645,-7.42373139587673e-15,3.28079632679477,-6.58722737777402e-15,0.012737964269378,0.499837717930802,0.890568556785329,0.890486254400733,0.890524522155242,0.890606824539838
173,-0.148851074543225,0.988819140966501,-0.999999070035756,-0.496028995273194,-0.0728810423348601,-3.75454142644821e-05,0.0258590693589438,0.00134169342511159,3.29089234177682,0.00691850624455405,0.0139620023801851,0.499647609268856,0.888946917574258,0.890846969954969,0.892215491979666,0.890187148587774,-0.148650700271428,0.988889766004974,-1,-0.494444883002456,-0.0743253501354193,-3.26630388155397e-14,0.0254786850875643,-7.44674595606202e-15,3.29079632679477,-6.61970244748712e-15,0.012737964269378,0.499837717930802,0.890568556785329,0.890486254400733,0.890524522155242,0.890606824539838
174,-0.158761314135224,0.987311670317877,-0.999999803554013,-0.494985776574552,-0.0778688474626729,-3.57009443439444e-05,0.0260010271978694,0.00134681439060862,3.30088890073515,0.00591945125839788,0.0124920308808688,0.499658252427926,0.888984754351743,0.890715456130325,0.892186272940128,0.890311688194093,-0.158532000644264,0.987353839700994,-1,-0.493676919850466,-0.0792660003218331,-3.29472559098438e-14,0.025478685087564,-7.46871968216173e-15,3.30079632679477,-6.65213792837007e-15,0.0127379642693779,0.499837717930802,0.890568556785329,0.890486254400733,0.890524522155242,0.890606824539838
175,-0.168650158151131,0.985704286076354,-1.00000049409599,-0.493890425404295,-0.0828717953304808,-3.32601940056354e-05,0.0261223057866612,0.00132257339482014,3.31088495340819,0.00486495237246386,0.0111606023493234,0.499669985520359,0.889052817872762,0.890588193721715,0.892124804593575,0.890433369493766,-0.168397447949145,0.985719178835837,-1,-0.492859589417887,-0.0841987239742694,-3.32314730041478e-14,0.0254786850875638,-7.48965257417585e-15,3.31079632679477,-6.68453441690333e-15,0.0127379642693779,0.499837717930802,0.890568556785329,0.890486254400733,0.890524522155242,0.890606824539838
176,-0.178516621674261,0.983996722292571,-1.00000113053128,-0.492748636590759,-0.0878861714857394,-3.03048903918199e-05,0.0262217754390785,0.00127210391344059,3.3208805885597,0.00378040286554353,0.00997988730640843,0.499682535206609,0.889141406310062,0.890473039649895,0.89204080668685,0.890544438744266,-0.178246055649563,0.983985946874225,-1,-0.491992973437082,-0.0891230278244736,-3.35156900984519e-14,0.0254786850875636,-7.50954463210439e-15,3.32079632679477,-6.71689169514723e-15,0.0127379642693778,0.499837717930802,0.890568556785329,0.890486254400733,0.890524522155242,0.890606824539838
177,-0.188359828831174,0.9821887884897,-1.00000170347818,-0.491565612229395,-0.0929081554809879,-2.6927434918141e-05,0.0262988335515274,0.00119872869231174,3.33087589711007,0.00268997767450361,0.00896015970445606,0.499695649585262,0.889253736520427,0.890365435274077,0.891931364201725,0.890649257212094,-0.188076838892953,0.982154317137912,-1,-0.491077158568925,-0.0940384194461642,-3.37999071927559e-14,0.0254786850875634,-7.52839585594734e-15,3.33079632679477,-6.74921030134686e-15,0.0127379642693777,0.499837717930802,0.890568556785329,0.890486254400733,0.890524522155242,0.890606824539838
178,-0.198179002438624,0.980280371071019,-1.00000220547168,-0.49034600867895,-0.0979338907260892,-2.32261546125147e-05,0.0263533917236771,0.00110602800319772,3.34087097437176,0.00161802116962721,0.00811599116459376,0.499709097300543,0.889391622942032,0.890264757974192,0.891794746255879,0.890748438011398,-0.197888814609184,0.980224472788345,-1,-0.490112236394141,-0.0989444073042753,-3.40841242870599e-14,0.0254786850875632,-7.5462062457047e-15,3.34079632679477,-6.78149047410754e-15,0.0127379642693777,0.499837717930802,0.890568556785329,0.890486254400733,0.890524522155242,0.890606824539838
179,-0.207973452409392,0.978271433390685,-1.00000263104934,-0.489093868022668,-0.102959549391403,-1.93030359209239e-05,0.0263858781428969,0.000997828581116226,3.35086591968455,0.000587053036561336,0.00745384423348145,0.499722654712143,0.88954264587243,0.89017821954568,0.891643497278813,0.890834759146005,-0.207681001608861,0.97819660680835,-1,-0.489098303404144,-0.103840500804109,-3.4368341381364e-14,0.025478685087563,-7.56297580137648e-15,3.35079632679477,-6.81373234235226e-15,0.0127379642693776,0.499837717930802,0.890568556785329,0.890486254400733,0.890524522155242,0.890606824539838
180,-0.21774256295998,0.976162014555825,-1.00000297680589,-0.487812575759644,-0.107981393686291,-1.52610440117388e-05,0.0263971687013967,0.000877951017604891,3.3608608295937,-0.000384400756658324,0.00696899462390625,0.499736115967156,0.889700064734537,0.890107916673348,0.891484547939968,0.890906015178086,-0.217452420681445,0.976070921982835,-1,-0.488035460991386,-0.108726210340396,-3.4652558475668e-14,0.0254786850875628,-7.57870452296267e-15,3.36079632679477,-6.84593583998787e-15,0.0127379642693776,0.499837717930802,0.890568556785329,0.890486254400733,0.890524522155242,0.890606824539838
181,-0.227485779420368,0.973952227071973,-1.00000324136853,-0.486504859331656,-0.112995829917941,-1.11997751585445e-05,0.0263885177067757,0.000750068148154339,3.37085579407153,-0.00128044266619364,0.00665351977143709,0.499749297276951,0.889861834199341,0.890053243510774,0.891320103563399,0.890962698682058,-0.22720209469317,0.973847630878512,-1,-0.486923815439225,-0.113601047346254,-3.49367755699721e-14,0.0254786850875626,-7.59339081584346e-15,3.37079632679477,-6.87810164467052e-15,0.0127379642693775,0.499837717930802,0.890568556785329,0.890486254400733,0.890524522155242,0.890606824539838
182,-0.237202595189159,0.971642253481141,-1.00000342529645,-0.485172800586422,-0.117999455426027,-7.21243729300264e-06,0.0263615126294034,0.00061767010218051,3.38085089556457,-0.00208728764504617,0.00649837473428129,0.499762036312683,0.890025460585576,0.890013637061467,0.891152814547502,0.891005248785924,-0.23692904868476,0.971526955822638,-1,-0.485763477911288,-0.118464524342045,-3.52209926642761e-14,0.0254786850875624,-7.60700317478896e-15,3.38079632679477,-6.9102297438518e-15,0.0127379642693775,0.499837717930802,0.890568556785329,0.890486254400733,0.890524522155242,0.890606824539838
183,-0.24689253898535,0.969232342126282,-1.00000353093436,-0.483817853423218,-0.122989098768824,-3.38422324248237e-06,0.0263180167858381,0.000484021910479406,3.39084620797604,-0.00279503565086311,0.00649121778843907,0.499774202319013,0.890185289626416,0.88998870372252,0.890988576280435,0.891033850767786,-0.246632309968922,0.969109128880785,-1,-0.484554564440362,-0.123316154984121,-3.55052097585801e-14,0.0254786850875622,-7.61958029198414e-15,3.39079632679477,-6.94231990262303e-15,0.0127379642693774,0.499837717930802,0.890568556785329,0.890486254400733,0.890524522155242,0.890606824539838
184,-0.256555162568498,0.96672280220787,-1.00000356223386,-0.482440874223445,-0.127961849766588,2.0984030813458e-07,0.026260088028013,0.000352096554754464,3.40084179521269,-0.00339661992620239,0.00661797365859102,0.49978568838782,0.890340071488497,0.889977455512544,0.890828751452665,0.891049381886191,-0.256310908227613,0.966594391833632,-1,-0.483297195916785,-0.128155454113462,-3.57894268528842e-14,0.025478685087562,-7.63112216742899e-15,3.40079632679477,-6.97437270963319e-15,0.0127379642693774,0.499837717930802,0.890568556785329,0.890486254400733,0.890524522155242,0.890606824539838
185,-0.266190029171428,0.964113998328284,-1.0000035245304,-0.48104216043541,-0.132915081788887,3.50659714742886e-06,0.0261899402129095,0.000224564522512834,3.41083771104242,-0.00388619921135622,0.00686462872491761,0.499796401049696,0.890488895861744,0.889979126599372,0.890674327686909,0.891052522512869,-0.265963875609074,0.963982996152788,-1,-0.481991498076364,-0.132981937804187,-3.60736439471882e-14,0.0254786850875618,-7.64162320878826e-15,3.41079632679477,-7.00638793914833e-15,0.0127379642693773,0.499837717930802,0.890568556785329,0.890486254400733,0.890524522155242,0.890606824539838
186,-0.275796702712773,0.961406344627826,-1.00000342430214,-0.479621490107125,-0.137846470323359,6.45477172997152e-06,0.0261099029030534,0.000103781464233036,3.4208339990013,-0.00426128494111337,0.00721540552381853,0.499806274182358,0.890627095186299,0.889992404293666,0.890530194215979,0.891044370712486,-0.275590246824609,0.961275202975646,-1,-0.480637601487793,-0.13779512341195,-3.63578610414923e-14,0.0254786850875615,-7.65108341606193e-15,3.42079632679477,-7.03836612165633e-15,0.0127379642693773,0.499837717930802,0.890568556785329,0.890486254400733,0.890524522155242,0.890606824539838
187,-0.285374737865197,0.958600298621328,-1.0000032689297,-0.47817816938375,-0.142754003339295,9.01567208208503e-06,0.0260223443808169,-8.25212965487668e-06,3.43083069188558,-0.00452193574407259,0.00765350070337035,0.499815260202611,0.89075388718783,0.890016384524669,0.890397187873127,0.891025759324015,-0.28518905924512,0.958471283079267,-1,-0.479235641539603,-0.142594529622201,-3.66420781357963e-14,0.0254786850875613,-7.65950278925003e-15,3.43079632679477,-7.07030748804212e-15,0.0127379642693772,0.499837717930802,0.890568556785329,0.890486254400733,0.890524522155242,0.890606824539838
188,-0.294923671152165,0.95569635490601,-1.00000306644162,-0.476711086353079,-0.147635984874666,1.11629459574628e-05,0.0259296302097935,-0.000109897049511178,3.44082781195536,-0.00467064494963378,0.00816172043593361,0.499823331797547,0.890866706788285,0.890049384527751,0.89027803820671,0.890998206081011,-0.294759352997363,0.955571516853303,-1,-0.477785758426621,-0.147379676498317,-3.69262952301003e-14,0.0254786850875611,-7.66688244681959e-15,3.44079632679477,-7.10221269510968e-15,0.0127379642693772,0.499837717930802,0.890568556785329,0.890486254400733,0.890524522155242,0.890606824539838
189,-0.30444301315393,0.952695038852154,-1.00000282527395,-0.475218768579823,-0.152491032570244,1.28822537744824e-05,0.0258340655027225,-0.000199884420733352,3.45082537127398,-0.00471201455864211,0.00872278156309459,0.499830477999697,0.890964869243184,0.890090218613933,0.890173494280104,0.890962821324984,-0.304300171059938,0.95257619427196,-1,-0.47628809713595,-0.1521500855296,-3.72105123244044e-14,0.0254786850875609,-7.67322909957293e-15,3.45079632679477,-7.13408148400813e-15,0.0127379642693771,0.499837717930802,0.890568556785329,0.890486254400733,0.890524522155242,0.890606824539838
190,-0.313932241899042,0.949596900404648,-1.00000255403819,-0.473699443486536,-0.157318069563487,1.41699698694316e-05,0.025737852921218,-0.000277309839691856,3.46082337235913,-0.00465319460632816,0.00931972210837733,0.499836710710695,0.891046565725074,0.890136569688997,0.890085548529897,0.890921751802698,-0.31381055935899,0.949485614865002,-1,-0.474742807432471,-0.156905279679121,-3.74947294187084e-14,0.0254786850875607,-7.67853715517479e-15,3.46079632679477,-7.16591452419249e-15,0.0127379642693771,0.499837717930802,0.890568556785329,0.890486254400733,0.890524522155242,0.890606824539838
191,-0.323390797479728,0.946402508107926,-1.00000226131593,-0.472151100482468,-0.162116309768202,1.50329027117173e-05,0.0256430411517888,-0.000341623264001962,3.47082180907337,-0.00450246524337287,0.00993633527355275,0.499842050883098,0.891112468180748,0.89018778441997,0.890013519265641,0.890875648901686,-0.323289566863615,0.946300087687792,-1,-0.473150043843867,-0.161644783431428,-3.77789465130125e-14,0.0254786850875605,-7.68280437669106e-15,3.47079632679477,-7.19771126183802e-15,0.012737964269377,0.499837717930802,0.890568556785329,0.890486254400733,0.890524522155242,0.890606824539838
192,-0.332818077910415,0.943112443468852,-1.00000195546061,-0.470571552381816,-0.166885239950737,1.54864149470486e-05,0.0255515079659424,-0.000392606410500913,3.4808206675404,-0.00426959121363397,0.0105576570422856,0.49984653604728,0.891161902519183,0.890241359377534,0.889958253317697,0.890826870643041,-0.33273624568096,0.943019931290395,-1,-0.471509965645168,-0.166368122840096,-3.80631636073165e-14,0.0254786850875603,-7.68603076412175e-15,3.48079632679477,-7.22947199153396e-15,0.012737964269377,0.499837717930802,0.890568556785329,0.890486254400733,0.890524522155242,0.890606824539838
193,-0.342213436191413,0.93972729570757,-1.00000164444022,-0.468958494718139,-0.171624597962793,1.55539900662815e-05,0.0254649237275859,-0.00043034684490665,3.49081992733972,-0.00396497268752205,0.0111697239258539,0.499850208371562,0.891195680340613,0.890297039986932,0.889918896248545,0.890775707013846,-0.342149651151016,0.939645473685716,-1,-0.469822736842829,-0.171074825575119,-3.83809880154177e-14,0.0254786850875601,-7.68821631746685e-15,3.49079632679477,-7.26119675330538e-15,0.0127379642693769,0.499837717930802,0.890568556785329,0.890486254400733,0.890524522155242,0.890606824539838
194,-0.351576178539801,0.936247656972633,-1.00000133568288,-0.467309562902436,-0.176334349275113,1.52654932350672e-05,0.025384746131512,-0.000455214826275542,3.50081956225541,-0.00359967412106497,0.0117599723851474,0.499853118372356,0.891214055367184,0.890352715356815,0.889895313612242,0.890724179911116,-0.351528841941081,0.936177052316704,-1,-0.468088526158323,-0.175764420970146,-3.87007322465098e-14,0.0254786850875599,-7.68936103672637e-15,3.50079632679477,-7.29288567380242e-15,0.0127379642693769,0.499837717930802,0.890568556785329,0.890486254400733,0.890524522155242,0.890606824539838
195,-0.360905563731331,0.932674118033269,-1.00000103597076,-0.465622386050271,-0.181014661786085,1.46555838073232e-05,0.0253121955757127,-0.000467827875419358,3.51081954155506,-0.00318566629406239,0.0123175494750607,0.499855327509112,0.891217822106365,0.890406984853224,0.889886763000926,0.890673659608184,-0.360872880139892,0.932615014022605,-1,-0.466307507011274,-0.180436440069546,-3.90204764776018e-14,0.0254786850875597,-7.6894649219003e-15,3.51079632679477,-7.32453909822783e-15,0.0127379642693768,0.499837717930802,0.890568556785329,0.890486254400733,0.890524522155242,0.890606824539838
196,-0.370200803479805,0.929007264512329,-1.00000075135289,-0.463894636761694,-0.18566587735232,1.37626883706789e-05,0.0252482431324116,-0.000469014141093008,3.52081983112521,-0.00273512212304068,0.0128333780058831,0.499856903003038,0.891208155632683,0.890458611163458,0.889892112986254,0.890625363965237,-0.370180831351415,0.92895971500428,-1,-0.464479857502112,-0.185090415675303,-3.93402207086938e-14,0.0254786850875595,-7.68852797298864e-15,3.52079632679477,-7.35615707280857e-15,0.0127379642693768,0.499837717930802,0.890568556785329,0.890486254400733,0.890524522155242,0.890606824539838
197,-0.379461063763565,0.925247673703181,-1.00000048708215,-0.462124075885775,-0.190288482064192,1.26278099786265e-05,0.025193608468076,-0.000459773260478231,3.53082039456693,-0.0022600256019215,0.0133002409494808,0.499857915796362,0.891186482553466,0.890506593708355,0.889909965001447,0.890580288778219,-0.379451764788286,0.925211520788586,-1,-0.462605760394265,-0.189725882393733,-3.96599649397859e-14,0.0254786850875593,-7.6865501899914e-15,3.53079632679477,-7.38774006921477e-15,0.0127379642693767,0.499837717930802,0.890568556785329,0.890486254400733,0.890524522155242,0.890606824539838
198,-0.388685466990836,0.921395911984644,-1.00000024757187,-0.460308591670557,-0.194883076360591,1.12938703586822e-05,0.0251487648688275,-0.000441240966870781,3.54082119407893,-0.00177193745194166,0.0137121267952151,0.499858434755704,0.891153703174345,0.890550656599757,0.889939397466141,0.890538742704055,-0.388684753364887,0.92137080619182,-1,-0.460685403095883,-0.194342376682028,-3.99797091708779e-14,0.0254786850875591,-7.68353157290857e-15,3.54079632679477,-7.4192878922388e-15,0.0127379642693767,0.499837717930802,0.890568556785329,0.890486254400733,0.890524522155242,0.890606824539838
199,-0.397873094903716,0.917452532823589,-1.00000003636881,-0.458446234721317,-0.19945034633274,9.80423179853847e-06,0.0251139479938444,-0.000414661562896444,3.55082219103103,-0.00128183629401913,0.0140648672105647,0.499858529903309,0.891111826780436,0.890589650405726,0.889978437147397,0.890501865265333,-0.397878873790055,0.917437955282241,-1,-0.458718977641094,-0.198939436894607,-4.02994534019699e-14,0.0254786850875588,-7.67943515560894e-15,3.55079632679477,-7.4508008892849e-15,0.0127379642693766,0.499837717930802,0.890568556785329,0.890486254400733,0.890524522155242,0.890606824539838
200,-0.407022992127334,0.913418075341236,-0.999999856157112,-0.456535246900222,-0.203991035834043,8.20175371026713e-06,0.025089168542541,-0.000381342358871595,3.56082334705085,-0.000799919630767322,0.0143563071474259,0.499858271807236,0.891062524807865,0.890623040876933,0.890025408084925,0.890470209761616,-0.407033206659408,0.913413361341664,-1,-0.456706680670805,-0.203516603329278,-4.0619197633062e-14,0.0254786850875586,-7.6739975763498e-15,3.56079632679477,-7.48227910428309e-15,0.0127379642693766,0.499837717930802,0.89056855678531,0.890486254400714,0.890524522155222,0.890606824539818
201,-0.416134170223172,0.909293063430898,-0.999999708772932,-0.45457408313914,-0.208505919421765,6.52828038640994e-06,0.0250742286169374,-0.000342618567165058,3.57082462474405,-0.00033553683009389,0.0145856116488464,0.49985772770242,0.891007105764571,0.890650640551626,0.890078979437269,0.890443994137986,-0.416146836547289,0.909297426826127,-1,-0.454648713413038,-0.208073418273213,-3.65691040392294e-14,0.0254786850875583,-7.66748988375036e-15,3.57079632679477,-7.51376064258793e-15,0.0127379642693765,0.499837717930802,0.89056855678531,0.890486254400714,0.890524522155222,0.890606824539818
202,-0.425205612124596,0.905078005400226,-0.999999595232208,-0.4525614279814,-0.212995777070692,4.82383694347829e-06,0.0250687416178732,-0.000299823630750971,3.58082598823166,0.000103302501940521,0.0147537426330169,0.499856961918062,0.89094802023727,0.890672097652682,0.890136688462223,0.89042358974634,-0.425218852098303,0.905090563325654,-1,-0.452545281662801,-0.212609426048714,-3.25190104453969e-14,0.0254786850875581,-7.66034381291176e-15,3.58079632679476,-7.54528475173903e-15,0.0127379642693764,0.499837717930802,0.89056855678531,0.890486254400714,0.890524522155222,0.890606824539818
203,-0.434236276838352,0.900773394096342,-0.999999515773136,-0.450496205364436,-0.217461371212282,3.12614862308614e-06,0.0250721566261558,-0.000254256756668756,3.59082740376207,0.000509086966867732,0.0148620633337119,0.499856033194972,0.890884799810849,0.890687742396542,0.890198955543523,0.890408712676883,-0.434248346118455,0.900793191523088,-1,-0.450396595761519,-0.217124173058784,-2.84689168515644e-14,0.0254786850875579,-7.65251266640382e-15,3.59079632679476,-7.5768499884088e-15,0.0127379642693763,0.499837717930802,0.89056855678531,0.890486254400714,0.890524522155222,0.890606824539818
204,-0.443225104307561,0.896379707472026,-0.999999469907516,-0.448377586305681,-0.221903425406579,1.46996147039353e-06,0.0250837647391022,-0.000207180721748084,3.60082883951449,0.000875187432092731,0.0149127748399465,0.499854995488079,0.890819767733731,0.890697408561582,0.89026343654742,0.89039954999944,-0.443234415665867,0.896405741152028,-1,-0.448202870575989,-0.221617207832485,-2.44188232577319e-14,0.0254786850875576,-7.64398763050548e-15,3.60079632679476,-7.60845733105315e-15,0.0127379642693762,0.499837717930802,0.89056855678531,0.890486254400714,0.890524522155222,0.890606824539818
205,-0.452171020409015,0.891897409561292,-0.999999456486265,-0.446204993138268,-0.226322604996846,-1.13396401914176e-07,0.0251027309379435,-0.000159786581641058,3.6108302662962,0.00119693087319354,0.0149100628552649,0.499853898607696,0.890755407989359,0.890701239385021,0.890327610783929,0.890395986789213,-0.452176162141074,0.891928650953855,-1,-0.445964325476903,-0.226088081070083,-2.03687296638994e-14,0.0254786850875574,-7.63476870521676e-15,3.61079632679476,-7.64010657183797e-15,0.0127379642693761,0.499837717930802,0.89056855678531,0.890486254400714,0.890524522155222,0.890606824539818
206,-0.461072941947775,0.88732695180973,-0.999999473770087,-0.44397809496151,-0.230719501103775,-1.59628802642427e-06,0.0251281318692586,-0.000113160092653199,3.62083165819762,0.00147111411037352,0.014859147000837,0.499852786622312,0.890692784438482,0.890699623013655,0.890390369373445,0.890397669007708,-0.461072691376879,0.887362368633859,-1,-0.443681184316906,-0.23053634568798,-1.6318636070067e-14,0.0254786850875571,-7.62485589053764e-15,3.62079632679476,-7.67179659419577e-15,0.012737964269376,0.499837717930802,0.89056855678531,0.890486254400714,0.890524522155222,0.890606824539818
207,-0.46992978149631,0.882668774692936,-0.999999519507061,-0.44169679751985,-0.235094617624174,-2.95517236281103e-06,0.0251589783693953,-6.82702109408595e-05,3.63083299270242,0.00169528255555474,0.0147654520324044,0.499851697858786,0.890632387426702,0.890692921636345,0.890451181339087,0.890404265045846,-0.469923113727773,0.882707350816465,-1,-0.441353675408209,-0.234961556863421,-1.22685424762345e-14,0.0254786850875569,-7.61424918646814e-15,3.63079632679476,-7.70352793550508e-15,0.0127379642693759,0.499837717930802,0.89056855678531,0.890486254400714,0.890524522155222,0.890606824539818
208,-0.478740452009912,0.877923309574559,-0.999999591015042,-0.439361231154041,-0.239448360213613,-4.17046646033342e-06,0.0251942349642045,-2.59631912835794e-05,3.64083425067955,0.00186845670581824,0.0146349810075442,0.499850663827179,0.890576020914719,0.89068186716589,0.89050818478333,0.890415078966317,-0.478726544158895,0.877964062999577,-1,-0.438982031499766,-0.239363272078976,-8.21844888240199e-15,0.0254786850875566,-7.60294859300824e-15,3.64079632679476,-7.73530028511571e-15,0.0127379642693759,0.499837717930802,0.89056855678531,0.890486254400714,0.890524522155222,0.890606824539818
209,-0.487503871168743,0.873090980755521,-0.999999685260769,-0.436971734978895,-0.243781028515095,-5.22674899430522e-06,0.025232853869917,1.30503660685764e-05,3.65083541655894,0.00199092279442894,0.0144740851523266,0.499849709741208,0.890524222067552,0.890666991830953,0.890560798882084,0.890429607296521,-0.487482102334539,0.873132979508023,-1,-0.436566489753989,-0.243741051166792,-4.16835528856951e-15,0.0254786850875564,-7.59095411015795e-15,3.65079632679476,-7.76711296414166e-15,0.0127379642693758,0.499837717930802,0.89056855678531,0.890486254400714,0.890524522155222,0.890606824539818
210,-0.496218965365372,0.868172207645211,-0.999999798944926,-0.434528837816918,-0.248092811438119,-6.11277072579164e-06,0.0252737957080404,4.81972636951828e-05,3.66083647826824,0.00206395858874825,0.0142891307936348,0.49984885462931,0.890477748378081,0.890649012953497,0.89060821555224,0.89044716344588,-0.496188912706183,0.868214583446127,-1,-0.434107291723042,-0.248094456352608,-1.18261694737021e-16,0.0254786850875562,-7.57826573791728e-15,3.66079632679476,-7.79896669062308e-15,0.0127379642693757,0.499837717930802,0.89056855678531,0.890486254400714,0.890524522155222,0.890606824539818
211,-0.504884673294389,0.863167407002943,-0.999999928584697,-0.43203323745753,-0.252383784918498,-6.82147631688441e-06,0.0253160507784359,7.90412525155941e-05,3.67083742712915,0.00208965050644256,0.0140863742746998,0.499848112020247,0.890436880033546,0.890628481797368,0.890650115513814,0.890467220433327,-0.504846104600046,0.863209366649396,-1,-0.431604683324677,-0.252423052299533,3.93183189909546e-15,0.0254786850875559,-7.56488347628621e-15,3.67079632679476,-7.83086046619731e-15,0.0127379642693756,0.499837717930802,0.89056855678531,0.890486254400714,0.890524522155222,0.890606824539818
212,-0.513499949114581,0.858076995201703,-1.0000000705992,-0.429485778881168,-0.256653911729847,-7.3501527197089e-06,0.0253586522104689,0.000105278881242422,3.68083825769935,0.00207049705605956,0.0138718532139746,0.4998474913989,0.89040171618664,0.890605789221818,0.890686371118947,0.890489405838796,-0.513452812304153,0.858117829635339,-1,-0.429058914817649,-0.256726406151581,7.98192549292795e-15,0.0254786850875557,-7.55078491396322e-15,3.68079632679476,-7.86279435094767e-15,0.0127379642693755,0.499837717930802,0.89056855678531,0.890486254400714,0.890524522155222,0.890606824539818
213,-0.52206376517401,0.852901390484209,-1.00000022139169,-0.426887432338794,-0.26090304242498,-7.69967876014285e-06,0.0254006891225949,0.000126734573211023,3.69083896760869,0.00201008905424666,0.0136513808463342,0.499846996313051,0.890373051572153,0.890582070845901,0.890716131127386,0.890512615021473,-0.522008175154905,0.852940481553415,-1,-0.426470240776688,-0.261004087576951,1.20320190867604e-14,0.0254786850875554,-7.53598017908185e-15,3.69079632679476,-7.89476840968266e-15,0.0127379642693754,0.499837717930802,0.89056855678531,0.890486254400714,0.890524522155222,0.890606824539818
214,-0.530575114287025,0.847641015175598,-1.00000037741752,-0.424239270230045,-0.2651309191329,-7.87452937946352e-06,0.0254413313306131,0.000143354661863303,3.7008395573441,0.00191275851683568,0.0134304376029896,0.499846625838636,0.8903507859655,0.890557758965137,0.890739472434066,0.890536430503035,-0.530511337623147,0.847677840134116,-1,-0.423838920067039,-0.265255668811066,1.60821126805929e-14,0.0254786850875552,-7.52048155481009e-15,3.70079632679476,-7.92678170608551e-15,0.0127379642693753,0.499837717930802,0.89056855678531,0.890486254400714,0.890524522155222,0.890606824539818
215,-0.539033011539674,0.842296297792997,-1.00000053525685,-0.421542443432978,-0.269337181605772,-7.88258203689312e-06,0.0254798381104223,0.000155198355639004,3.71084003001023,0.00178316607471809,0.0132140291363397,0.499846375627302,0.890334856920659,0.89053347535151,0.890756428091527,0.890560247597489,-0.538961449399719,0.842330431637201,-1,-0.421165215818582,-0.269480724699346,2.01322062744254e-14,0.0254786850875549,-7.50428904114794e-15,3.71079632679476,-7.95883497977881e-15,0.0127379642693753,0.499837717930802,0.89056855678531,0.890486254400714,0.890524522155222,0.890606824539818
216,-0.547436495627867,0.836867675023726,-1.00000069167734,-0.418798158275644,-0.273521374378996,-7.73466630700106e-06,0.0255155666838469,0.00016242657056733,3.72084039103159,0.00162630214917704,0.0130066272634344,0.499846238105445,0.890325075673628,0.890509758902298,0.890767164170328,0.890583540856959,-0.547357665480483,0.836898790799061,-1,-0.418449395399513,-0.273678832739722,2.41822998682579e-14,0.0254786850875547,-7.4874026380954e-15,3.72079632679476,-7.99092803304161e-15,0.0127379642693752,0.499837717930802,0.89056855678531,0.890486254400714,0.890524522155222,0.890606824539818
217,-0.555784629742688,0.8313555935475,-1.00000084368919,-0.416007654337781,-0.277682955172729,-7.4441038611088e-06,0.025547978596684,0.000165289467873238,3.73084064782752,0.0014473995097037,0.0128120691428781,0.499846202863643,0.890321138757223,0.890487204389307,0.890771962461432,0.89060572771472,-0.55569914625083,0.831383460779255,-1,-0.415691730389611,-0.277849573124889,2.82323934620904e-14,0.0254786850875545,-7.4697463069401e-15,3.73079632679476,-8.02305155891911e-15,0.0127379642693751,0.499837717930802,0.89056855678531,0.890486254400714,0.890524522155222,0.890606824539818
218,-0.564076502023432,0.825760511678787,-1.00000098859008,-0.413172183496883,-0.281821304488342,-7.02625443638366e-06,0.0255766443009448,0.000164111715342602,3.74084080942908,0.00125179016207965,0.0126334744191448,0.499846257234415,0.890322584259623,0.890466300564148,0.890771269607907,0.890626327795221,-0.563985057569633,0.825784993106188,-0.999999999999999,-0.412892496553078,-0.281992528784284,3.22824870559229e-14,0.0254786850875542,-7.45106859538391e-15,3.74079632679476,-8.05517780998664e-15,0.012737964269375,0.499837717930802,0.89056855678531,0.890486254400714,0.890524522155222,0.890606824539818
219,-0.572311225607875,0.820082900806603,-1.00000112400315,-0.410292990654106,-0.285935736165714,-6.49829835349109e-06,0.0256012436539145,0.000159278339814298,3.75084088612207,0.00104468479330812,0.0124734628376448,0.499846387622845,0.890329036063556,0.890447177826323,0.890765459505616,0.890645213322699,-0.572214570852665,0.820103947621963,-0.999999999999998,-0.410051973810967,-0.286107285425794,3.63325806497554e-14,0.025478685087554,-7.43135004974214e-15,3.75079632679476,-8.08730476898388e-15,0.012737964269375,0.499837717930802,0.89056855678531,0.890486254400714,0.890524522155222,0.890606824539818
220,-0.580487938313121,0.814323246621387,-1.00000124790836,-0.407371296033176,-0.290025507972475,-5.87855623789141e-06,0.0256215629568351,0.000151223367356333,3.76084088917334,0.000831114967811065,0.01233392457225,0.499846579465506,0.890339773143717,0.890430343761875,0.890755242334883,0.890661881008819,-0.580386863155456,0.814340892426393,-0.999999999999997,-0.407170446213183,-0.290193431577183,4.03826742435879e-14,0.0254786850875537,-7.41059067001478e-15,3.76079632679476,-8.11943238793516e-15,0.0127379642693749,0.499837717930802,0.89056855678531,0.890486254400714,0.890524522155222,0.890606824539818
221,-0.58860580198252,0.808482050129081,-1.00000135866004,-0.404408279635938,-0.294089832434563,-5.18618141789852e-06,0.0256374919028652,0.000140413752159088,3.7708408304248,0.000615933175240149,0.0122162709630354,0.499846817929139,0.890354533931818,0.890415799650145,0.890740883876118,0.890676328916813,-0.588501117255585,0.808496403820196,-0.999999999999995,-0.404248201910085,-0.294250558627241,4.44327678374204e-14,0.0254786850875535,-7.38879045620184e-15,3.77079632679476,-8.15156071471959e-15,0.0127379642693748,0.499837717930802,0.89056855678531,0.890486254400714,0.890524522155222,0.890606824539818
222,-0.596664001540249,0.802559828447376,-1.00000145500057,-0.401405067304321,-0.298127887596527,-4.44067627626104e-06,0.0256490197957173,0.000127341824279314,3.78084072212025,0.000403760624839222,0.0121214730754279,0.499847088259028,0.890372717934441,0.890403795504061,0.890722983660123,0.890688306682141,-0.596556521734405,0.802571066247362,-0.999999999999994,-0.401285533123669,-0.298278260866645,4.8482861431253e-14,0.0254786850875532,-7.36594263203973e-15,3.78079632679476,-8.18368861264585e-15,0.0127379642693747,0.499837717930802,0.89056855678531,0.890486254400714,0.890524522155222,0.890606824539818
223,-0.60466174378041,0.796557115390633,-1.00000153606036,-0.398362718337483,-0.302138827501404,-3.66125074857921e-06,0.0256562296549798,0.000112511225526739,3.79084057655809,0.000198797666635205,0.0120496717264629,0.499847375867212,0.890393401271844,0.890394576500417,0.890702467568315,0.890697565372699,-0.60455227105818,0.79656547223671,-0.999999999999993,-0.398282736118344,-0.302276135528526,5.25329550250855e-14,0.025478685087553,-7.34203816251035e-15,3.79079632679476,-8.21581603241629e-15,0.0127379642693747,0.499837717930802,0.89056855678531,0.890486254400714,0.890524522155222,0.890606824539818
224,-0.612598255936599,0.790474461844371,-1.00000160134806,-0.395282216100304,-0.306121792739069,-2.86648307245768e-06,0.025659288094966,9.64193528539672e-05,3.80084040565919,4.69592275251223e-06,0.0120002871167858,0.499847666998285,0.890415851090175,0.890388156064568,0.890680076414538,0.890704085039006,-0.612487565658642,0.790480222342637,-0.999999999999992,-0.395240111171308,-0.30624378282875,5.6583048618918e-14,0.0254786850875528,-7.31709285889539e-15,3.80079632679476,-8.24794380267795e-15,0.0127379642693746,0.499837717930802,0.89056855678531,0.890486254400714,0.890524522155222,0.890606824539818
225,-0.62047278409523,0.784312435931272,-1.00000165073541,-0.392164461617939,-0.310075920648916,-2.07405936622915e-06,0.025658435318772,7.95462450792844e-05,3.8108402207076,-0.000175265947596056,0.0119724563740317,0.499847948931372,0.890439779008441,0.890384437028262,0.890656106977561,0.890707957656827,-0.620361612012942,0.784315925085061,-0.999999999999991,-0.392157962542521,-0.310180806005894,6.06331422127505e-14,0.0254786850875525,-7.29110672119483e-15,3.81079632679476,-8.28007243983248e-15,0.0127379642693745,0.499837717930802,0.89056855678531,0.890486254400714,0.890524522155222,0.890606824539818
226,-0.628284591498357,0.778071622980018,-1.00000168443594,-0.389010268750696,-0.314000354799089,-1.30040233612888e-06,0.0256539766609952,6.23484624680107e-05,3.82084003222213,-0.000338438839988553,0.0119648535236666,0.499848210578619,0.890464226779824,0.890383301779208,0.890631530790632,0.890709289531769,-0.628173622723008,0.778073196888572,-0.99999999999999,-0.389036598444278,-0.31408681136092,6.46832358065829e-14,0.0254786850875523,-7.26405716186344e-15,3.82079632679476,-8.31220172356439e-15,0.0127379642693745,0.499837717930802,0.89056855678531,0.890486254400714,0.890524522155222,0.890606824539818
227,-0.636032956770467,0.771752625313752,-1.00000170297655,-0.385820361713755,-0.317894253511944,-5.6039936005864e-07,0.0256462681116955,4.52480339781173e-05,3.83083984971134,-0.000482761372716897,0.0119757795331971,0.499848442464875,0.890488787435932,0.890384587054835,0.890606765852373,0.890708236087908,-0.635922816594278,0.771752662020786,-0.999999999999989,-0.385876331010385,-0.317961408296548,6.87333294004154e-14,0.025478685087552,-7.23596676844645e-15,3.83079632679476,-8.34432640054019e-15,0.0127379642693744,0.499837717930802,0.89056855678531,0.890486254400714,0.890524522155222,0.890606824539818
228,-0.643717172120621,0.765356061877791,-1.00000170716479,-0.382595374810434,-0.321756797437481,1.32811511639789e-07,0.0256357067892599,2.86276598980256e-05,3.84083968158288,-0.000606583733877638,0.0120033773528064,0.499848636582843,0.890513065463774,0.890388117129607,0.890582218878837,0.890704964813131,-0.643608418713822,0.765354952529922,-0.999999999999988,-0.382677476264955,-0.321804209356314,7.27834229942478e-14,0.0254786850875518,-7.20683554094389e-15,3.84079632679476,-8.37645144004167e-15,0.0127379642693743,0.499837717930802,0.89056855678531,0.890486254400714,0.890524522155222,0.890606824539818
229,-0.651336541552011,0.758882567724533,-1.00000169805217,-0.379335853457764,-0.325587196249735,7.67984231090311e-07,0.0256227205404771,1.28264007842692e-05,3.85083953506965,-0.000708921678556496,0.0120455169314679,0.499848786966715,0.890536343518596,0.890393585066227,0.890558623619685,0.890699770252853,-0.651229660527834,0.7588807081816,-0.999999999999987,-0.379440354090795,-0.325614830263313,7.68283309837135e-14,0.0254786850875515,-7.17665841528897e-15,3.85079632679476,-8.40857708766168e-15,0.0127379642693743,0.499837717930802,0.89056855678531,0.890486254400714,0.890524522155222,0.890606824539818
230,-0.658890379110886,0.752332793375592,-1.00000167689494,-0.37604225721431,-0.329384694177512,1.33592558490946e-06,0.0256077545882839,-1.86543361177841e-06,3.86083941614135,-0.000789213503828435,0.0120999597651175,0.499848889127029,0.890558481700084,0.890400831761519,0.890536128237816,0.890692805615075,-0.658785779918482,0.752330576394858,-0.999999999999985,-0.376165288197425,-0.32939288995863,8.0842897440758e-14,0.0254786850875513,-7.14541082514571e-15,3.86079632679476,-8.44070375468472e-15,0.0127379642693742,0.499837717930802,0.89056855678531,0.890486254400714,0.890524522155222,0.890606824539818
231,-0.666378007211381,0.745707404083256,-1.00000164511239,-0.372714964093416,-0.333148574630124,1.82950397382097e-06,0.0255912638834575,-1.52072313951052e-05,3.87083932951169,-0.000847423475443784,0.0121643848975524,0.499848940412701,0.890578920076672,0.890409482638454,0.89051530896093,0.890684433817899,-0.666276021280126,0.745705212177417,-0.999999999999984,-0.372852606088706,-0.333138010639445,8.48574638978025e-14,0.0254786850875511,-7.11312240091686e-15,3.87079632679476,-8.47283113475734e-15,0.0127379642693741,0.499837717930802,0.89056855678531,0.890486254400714,0.890524522155222,0.890606824539818
232,-0.673798755057702,0.739007079009142,-1.00000160424551,-0.369354276151628,-0.336878163756962,2.24370677910105e-06,0.0255737010242675,-2.7010037190043e-05,3.88083927862957,-0.000883933039038639,0.0122364410138287,0.499848939646091,0.890597526917468,0.890419345575784,0.890496305615912,0.890674841180489,-0.673699635594869,0.739005278060177,-0.999999999999982,-0.369502639030087,-0.33684981779681,8.88720303548471e-14,0.0254786850875508,-7.07979314260243e-15,3.88079632679476,-8.50495897050349e-15,0.012737964269374,0.499837717930802,0.89056855678531,0.890486254400714,0.890524522155222,0.890606824539818
233,-0.681151957190624,0.732232510342105,-1.00000155591534,-0.365960426169839,-0.340572833037616,2.57547564963e-06,0.0255555079317765,-3.71360541197692e-05,3.8908392657236,-0.000899719662022967,0.0123137974467254,0.499848887655174,0.890613795120202,0.890429900132357,0.890479643900628,0.890664536294788,-0.681055880507468,0.732231444030967,-0.999999999999979,-0.366115722015483,-0.340527940253103,9.28865968118916e-14,0.0254786850875506,-7.04542305020241e-15,3.89079632679476,-8.53708770955043e-15,0.012737964269374,0.499837717930802,0.89056855678531,0.890486254400714,0.890524522155222,0.890606824539818
234,-0.688436952178592,0.72538440237642,-1.00000150178397,-0.362533585539778,-0.344232000563406,2.82385159191241e-06,0.0255371046701763,-4.54978159144914e-05,3.90083929186051,-0.000895866509074303,0.0123942086730737,0.499848785948932,0.890627983572724,0.890441233094806,0.890465063052248,0.890653432707235,-0.68834402039956,0.725384387467545,-0.999999999999977,-0.362692193733773,-0.344172010199142,9.69011632689361e-14,0.0254786850875503,-7.0100121237168e-15,3.90079632679476,-8.56921709515858e-15,0.0127379642693739,0.499837717930802,0.89056855678531,0.890486254400714,0.890524522155222,0.890606824539818
235,-0.695653081471426,0.718463470571105,-1.0000014435134,-0.359073872310808,-0.34785513191468,2.98966242084414e-06,0.0255188889731791,-5.20554302449412e-05,3.9108393570256,-0.000873819906745313,0.0124755684550625,0.499848637455632,0.890639681213966,0.890452749827601,0.890452992489291,0.890642114723869,-0.695563326463231,0.718464793069861,-0.999999999999975,-0.359232396534932,-0.347781663230971,1.00915729725981e-13,0.0254786850875501,-6.97356036314561e-15,3.91079632679476,-8.60134718014125e-15,0.0127379642693738,0.499837717930802,0.89056855678531,0.890486254400714,0.890524522155222,0.890606824539818
236,-0.702799688416005,0.711470440597573,-1.00000138273259,-0.355581359643832,-0.351441740131454,3.07544515453642e-06,0.0255012248279228,-5.68136666226013e-05,3.92083946023142,-0.000835365448418241,0.012555893608187,0.499848446224526,0.890648938049725,0.890464334658414,0.890443385310457,0.890630695867575,-0.702713076773891,0.71147335279159,-0.999999999999973,-0.355736676395798,-0.351356538386293,1.04930296183025e-13,0.0254786850875498,-6.93606776848884e-15,3.92079632679476,-8.6334778492719e-15,0.0127379642693738,0.499837717930802,0.89056855678531,0.890486254400714,0.890524522155222,0.890606824539818
237,-0.709876117448794,0.704406047400016,-1.00000132100467,-0.3520560848396,-0.354991384670376,3.08510804214266e-06,0.0254844380050103,-5.98181777431794e-05,3.93083959962707,-0.000782627391365751,0.0126334713554784,0.499848217512474,0.890655647729219,0.890475428586503,0.890436362257745,0.890619729583145,-0.709792556362465,0.704410765770931,-0.999999999999971,-0.35220538288547,-0.354896278180573,1.0894486264007e-13,0.0254786850875496,-6.89753433974647e-15,3.93079632679476,-8.66560926660871e-15,0.0127379642693737,0.499837717930802,0.89056855678531,0.890486254400714,0.890524522155222,0.890606824539818
238,-0.716881713470214,0.697271034286517,-1.00000125980158,-0.348498058541371,-0.358503669218184,3.0239601359984e-06,0.0254688090712587,-6.11495398233309e-05,3.94083977266747,-0.000717773279918143,0.0127067635210422,0.499847956966169,0.890660009549421,0.890486139630905,0.890431721318849,0.890609108818951,-0.716801057286894,0.697277738260703,-0.999999999999968,-0.348638869130357,-0.358400528642781,1.12959429097114e-13,0.0254786850875494,-6.85796007691853e-15,3.94079632679476,-8.69774137395527e-15,0.0127379642693736,0.499837717930802,0.89056855678531,0.890486254400714,0.890524522155222,0.890606824539818
239,-0.723815821402189,0.690066152070521,-1.00000120047548,-0.344907273696087,-0.361978239187974,2.89860204121615e-06,0.0254545759024438,-6.09208505970493e-05,3.95083997616604,-0.000642865595954853,0.0127743217166882,0.499847670291524,0.890662086117069,0.8904963617075,0.890429402648927,0.890598938355877,-0.723737878702928,0.690074983557711,-0.999999999999966,-0.345037491778862,-0.361868939350791,1.16973995554159e-13,0.0254786850875491,-6.81734498000499e-15,3.95079632679476,-8.72987416232839e-15,0.0127379642693736,0.499837717930802,0.89056855678531,0.890486254400714,0.890524522155222,0.890606824539818
240,-0.730677785919594,0.682792158257981,-1.00000114423883,-0.34128371403669,-0.365414779490186,2.71621898949377e-06,0.0254419321423812,-5.92728529042218e-05,3.96084020641848,-0.000560209226375039,0.0128351678220891,0.499847363915975,0.890662086328768,0.89050544447907,0.890429208637489,0.890589869249809,-0.730602326934204,0.682803221931425,-0.999999999999964,-0.341401610965721,-0.365301163466422,1.20988562011203e-13,0.0254786850875489,-6.77568904900587e-15,3.96079632679476,-8.76200758336816e-15,0.0127379642693735,0.499837717930802,0.89056855678531,0.890486254400714,0.890524522155222,0.890606824539818
241,-0.737466951347123,0.675449816290315,-1.00000109215477,-0.337627362104557,-0.36881301093781,2.48472729619982e-06,0.0254310225753482,-5.63637709412562e-05,3.97084045946304,-0.000472112813146966,0.0128885335569383,0.49984704435415,0.890660094219817,0.890513592683725,0.89043105054523,0.890581697404789,-0.73739371554162,0.675463180551946,-0.999999999999962,-0.337731590275983,-0.368696857770123,1.25003128468247e-13,0.0254786850875486,-6.73299452085527e-15,3.97079632679476,-8.79414180613628e-15,0.0127379642693734,0.499837717930802,0.89056855678531,0.890486254400714,0.890524522155222,0.890606824539818
242,-0.744182661711894,0.66803989486756,-1.00000104512083,-0.333938206834327,-0.372172686263256,2.21264391059385e-06,0.0254219459707187,-5.23683341393344e-05,3.98084073108825,-0.000380743343857043,0.0129337292023507,0.499846717883173,0.890656298207843,0.89052069078725,0.890434740885326,0.890574540415645,-0.744111365391975,0.668055593417296,-0.999999999999959,-0.334027796708659,-0.372055682695293,1.29017694925292e-13,0.0254786850875484,-6.6892681063555e-15,3.98079632679476,-8.82627789497219e-15,0.0127379642693734,0.499837717930802,0.89056855678531,0.890486254400714,0.890524522155222,0.890606824539818
243,-0.750824260943473,0.660563167345529,-1.00000100386177,-0.330216250670215,-0.375493586543278,1.90869887411044e-06,0.025414756463649,-4.74733153721281e-05,3.9908410169317,-0.00028821536679511,0.0129703145066111,0.499846390691013,0.89065090107368,0.890526617101222,0.890440077188105,0.89056852221115,-0.750754604725882,0.660581201280016,-0.999999999999957,-0.330290600640021,-0.375377302362239,1.33032261382336e-13,0.0254786850875481,-6.64450085777014e-15,3.99079632679476,-8.85841447021174e-15,0.0127379642693733,0.499837717930802,0.89056855678531,0.890486254400714,0.890524522155222,0.890606824539818
244,-0.757391093209868,0.653020411206659,-1.00000096892724,-0.326461516030498,-0.378775517379677,1.58163814097063e-06,0.025409464799155,-4.18720743909239e-05,4.00084131260314,-0.000196556178665652,0.0129981066460946,0.499846068744176,0.890644146340327,0.890531272592069,0.89044681518305,0.890563745013669,-0.757322769224943,0.653040751573091,-0.999999999999955,-0.326520375786559,-0.378661384611762,1.37046827839381e-13,0.0254786850875479,-6.5986927750992e-15,4.00079632679476,-8.89055195772841e-15,0.0127379642693732,0.499837717930802,0.89056855678531,0.890486254400714,0.890524522155222,0.890606824539818
245,-0.763882503375449,0.645412407609888,-1.0000009406934,-0.322674051014812,-0.382018304824529,1.24003533668323e-06,0.025406040522676,-3.57590233406497e-05,4.0108416138063,-0.000107658068244578,0.0130171675290135,0.499845757646409,0.890636287439794,0.890534609717995,0.890454699593363,0.890560260080415,-0.763815202078182,0.645434998335207,-0.999999999999952,-0.322717499167619,-0.381907601038374,1.41061394296425e-13,0.0254786850875477,-6.55184892240944e-15,4.01079632679475,-8.92268980305185e-15,0.0127379642693731,0.499837717930802,0.89056855678531,0.890486254400714,0.890524522155222,0.890606824539818
246,-0.770297837564647,0.63773994102374,-1.000000919368,-0.318853934272139,-0.385221791160302,8.92132015377668e-07,0.0254044149945713,-2.93247835022969e-05,4.02084191644155,-2.32559905338328e-05,0.0130277542093845,0.499845462587908,0.89062755115962,0.890536624097359,0.890463501322841,0.890558075310325,-0.770231254047724,0.63776470213535,-0.999999999999949,-0.318882351067692,-0.385115627023138,1.45075960753469e-13,0.0254786850875474,-6.50401974678532e-15,4.02079632679475,-8.95482848281728e-15,0.0127379642693731,0.499837717930802,0.89056855678531,0.890486254400714,0.890524522155222,0.890606824539818
247,-0.776636443814838,0.630003798943957,-1.00000090499898,-0.31500127903197,-0.388385830687465,5.45620266428521e-07,0.0254044856606261,-2.27515502416762e-05,4.0308422167002,5.52343369833148e-05,0.01303040704894,0.499845187805789,0.890618418938259,0.890537365372865,0.890472732406667,0.890557150020028,-0.776570283533719,0.630030629996749,-0.999999999999945,-0.315015314998393,-0.388285141766128,1.49082956546841e-13,0.0254786850875472,-6.45515115757042e-15,4.03079632679474,-8.98696758654985e-15,0.012737964269373,0.499837717930802,0.89056855678531,0.890486254400714,0.890524522155222,0.890606824539818
248,-0.782897672797149,0.62220477169448,-1.00000089748679,-0.311116235751071,-0.391510285616026,2.07570774479987e-07,0.0254061232069317,-1.62072441975577e-05,4.04084251118212,0.000126682447213512,0.0130258384793888,0.499844936696795,0.89060905317558,0.89053692691057,0.890482226357878,0.890557394517211,-0.7828316566385,0.622233555320173,-0.999999999999942,-0.311116777660106,-0.391415828318511,1.53061995867098e-13,0.0254786850875469,-6.40521443302666e-15,4.04079632679474,-9.01910740911646e-15,0.0127379642693729,0.499837717930802,0.89056855678531,0.890486254400714,0.890524522155222,0.890606824539818
249,-0.789080878577199,0.614343652308233,-1.00000089659703,-0.307198993616043,-0.394595022233006,-1.15625985863361e-07,0.025409176395983,-9.84352879818445e-06,4.05084279692356,0.000190211198595145,0.0130148343968171,0.499844711810002,0.89059970578426,0.890535439023886,0.890491724872172,0.890558684539355,-0.789014747229975,0.61437425780659,-0.999999999999939,-0.307187128903317,-0.394507373614241,1.57041035187354e-13,0.0254786850875467,-6.35423687439731e-15,4.05079632679473,-9.05124800630115e-15,0.0127379642693729,0.499837717930802,0.89056855678531,0.890486254400714,0.890524522155222,0.890606824539818
250,-0.795185419398302,0.606421236480325,-1.000000901975,-0.303249781257569,-0.39763990750379,-4.18332650779408e-07,0.0254134775882685,-3.79408180550153e-06,4.06084307141686,0.000245182827761117,0.0129982332934622,0.499844514883773,0.890590528291185,0.890533019642313,0.8905010713771,0.890560906161078,-0.795118937004237,0.606453523379204,-0.999999999999935,-0.303226761689626,-0.397559468501364,1.61020074507611e-13,0.0254786850875464,-6.30221848168237e-15,4.06079632679473,-9.08338924972153e-15,0.0127379642693728,0.499837717930802,0.89056855678531,0.890486254400714,0.890524522155222,0.890606824539818
251,-0.801210658471383,0.59843832258485,-1.00000091316129,-0.29926886679148,-0.400644806094291,-6.95731344481027e-07,0.0254188459725314,1.82577639296273e-06,4.07084333260468,0.00029097061079405,0.0129768349551786,0.499844347563967,0.890581427296152,0.890529658738995,0.89051036001942,0.890564067850257,-0.801143615547396,0.598472144104856,-0.999999999999932,-0.299236072052454,-0.400571807772936,1.64999113827867e-13,0.0254786850875462,-6.24915925488185e-15,4.07079632679472,-9.11553120250741e-15,0.0127379642693727,0.499837717930802,0.89056855678531,0.890486254400714,0.890524522155222,0.890606824539818
252,-0.807155964765235,0.590395711748906,-1.00000092960886,-0.295256557899841,-0.403609577590152,-9.43883114468687e-07,0.0254250885905752,6.91876476969591e-06,4.0808435788647,0.000327226527974188,0.0129515064506125,0.499844210605781,0.890572839725377,0.890525598934619,0.890519143736888,0.890567936002005,-0.807088180396617,0.590430918114823,-0.999999999999929,-0.295215459057439,-0.40354409019754,1.68978153148124e-13,0.025478685087546,-6.19505919399574e-15,4.08079632679472,-9.14767367261964e-15,0.0127379642693727,0.499837717930802,0.89056855678531,0.890486254400714,0.890524522155222,0.890606824539818
253,-0.813020713793314,0.58229420797898,-1.00000095070095,-0.291213201118485,-0.406534074123515,-1.1597575020767e-06,0.0254320088856682,1.1407979251938e-05,4.09084380904236,0.000353960657159364,0.0129231939492754,0.499844103773711,0.890564918200995,0.890520977049842,0.890527265399845,0.890572377032192,-0.812952037100371,0.582330649525003,-0.999999999999926,-0.291165324762531,-0.406476018549409,1.7295719246838e-13,0.0254786850875457,-6.13991829902404e-15,4.09079632679471,-9.17981670750816e-15,0.0127379642693726,0.499837717930802,0.89056855678531,0.890486254400714,0.890524522155222,0.890606824539818
254,-0.818804288373181,0.574134618329146,-1.00000097576913,-0.287139179953447,-0.40941813853344,-1.34120833442008e-06,0.0254394120393841,1.52373266562751e-05,4.10084402244769,0.000371413615996404,0.0128928317755847,0.49984402611894,0.890557803469336,0.890515966341374,0.890534578448968,0.890577221551699,-0.818734599277873,0.574172148355504,-0.999999999999922,-0.287086074177784,-0.409367299638152,1.76936231788636e-13,0.0254786850875455,-6.08373656996676e-15,4.10079632679471,-9.21196039336691e-15,0.0127379642693725,0.499837717930802,0.89056855678531,0.890486254400714,0.890524522155222,0.890606824539818
255,-0.824506079341741,0.565917753101478,-1.00000100411085,-0.283034912381904,-0.412261602982923,-1.48697868475206e-06,0.0254471089712124,1.83709555034945e-05,4.11084421883031,0.000379912320255895,0.0128613129740759,0.499843976373973,0.89055146889592,0.890510605144305,0.890541108413565,0.890582431360317,-0.824435288677723,0.565956230449646,-0.999999999999919,-0.282978115224856,-0.41221764433807,1.80915271108893e-13,0.0254786850875452,-6.02651400682389e-15,4.1107963267947,-9.24410452930343e-15,0.0127379642693725,0.499837717930802,0.89056855678531,0.890486254400714,0.890524522155222,0.890606824539818
256,-0.830125486217849,0.557644426071049,-1.00000103500666,-0.278900848164383,-0.415064287846867,-1.59659786661819e-06,0.0254549182741048,2.07921163780531e-05,4.12084439834654,0.000380001370464147,0.0128294650455672,0.499843952554607,0.890546091257897,0.890505167729062,0.890546670376109,0.890587737008026,-0.830053535235733,0.557683717392371,-0.999999999999916,-0.278841858696221,-0.415026767617067,1.84894310429149e-13,0.025478685087545,-5.96825060959544e-15,4.1207963267947,-9.27624941889473e-15,0.0127379642693724,0.499837717930802,0.89056855678531,0.890486254400714,0.890524522155222,0.890606824539818
257,-0.835661917807992,0.549315454728876,-1.00000106773566,-0.274737465744214,-0.417826001097077,-1.67043459489888e-06,0.0254626707944321,2.25018633199947e-05,4.13084456151628,0.000372252520355127,0.0127980787708192,0.499843952597093,0.890541554991511,0.890499559853333,0.890551383002668,0.890593230303499,-0.835588777131929,0.549355436428091,-0.999999999999912,-0.274677718214083,-0.417794388565158,1.88873349749406e-13,0.0254786850875447,-5.9089463782814e-15,4.1307963267947,-9.30839518178698e-15,0.0127379642693723,0.499837717930802,0.89056855678531,0.890486254400714,0.890524522155222,0.890606824539818
258,-0.841114792747849,0.540931660534465,-1.00000110159183,-0.270545269090796,-0.420546537831593,-1.70953363460158e-06,0.0254702092724984,2.35180180480175e-05,4.14084470920199,0.00035739563866374,0.0127678503179854,0.499843973951229,0.890538008245483,0.890494116313768,0.890555089630676,0.890598580641486,-0.841040460846733,0.540972220377964,-0.999999999999909,-0.270486110189022,-0.420520230422552,1.92852389069662e-13,0.0254786850875445,-5.84860131288177e-15,4.14079632679469,-9.34054126349779e-15,0.0127379642693722,0.499837717930802,0.89056855678531,0.890486254400714,0.890524522155222,0.890606824539818
259,-0.846483539980075,0.532493869175049,-1.00000113589604,-0.266324784316871,-0.423225680243342,-1.71556995674473e-06,0.0254773936349905,2.38727165569951e-05,4.15084484253636,0.000336310310880841,0.0127393845573704,0.499844013701579,0.890535407226528,0.890488868496172,0.890557834096404,0.890603755891005,-0.846408041216318,0.532534907556608,-0.999999999999905,-0.266267453778346,-0.423204020607337,1.96831428389919e-13,0.0254786850875443,-5.78721541339656e-15,4.15079632679469,-9.3726878925106e-15,0.0127379642693722,0.499837717930802,0.89056855678531,0.890486254400714,0.890524522155222,0.890606824539818
260,-0.851767599160332,0.524002910819388,-1.00000117000894,-0.262076556009705,-0.425863198064773,-1.69082661269406e-06,0.025484101651091,2.36108946593029e-05,4.16084496288822,0.000309871288703626,0.0127132241390507,0.499844068943229,0.890533720809976,0.89048387539791,0.890559646636642,0.890608696785125,-0.851690981487118,0.524044341688274,-0.9999999999999,-0.262022170844181,-0.42584549074273,2.00810467710175e-13,0.025478685087544,-5.72475216802689e-15,4.16079632679468,-9.40483131531792e-15,0.0127379642693721,0.499837717930802,0.89056855678531,0.890486254400714,0.890524522155222,0.890606824539818
261,-0.856966420991066,0.515459620362013,-1.000001203342,-0.257801143672179,-0.428458849082595,-1.63808940603188e-06,0.0254902293776798,2.27887559357765e-05,4.1708450718277,0.000278986346989554,0.0126898399448526,0.49984413669401,0.890532927005024,0.890479217628291,0.890560548134732,0.890613322593122,-0.856888753369511,0.515501371822473,-0.999999999999896,-0.257750685911283,-0.428444376683918,2.04789507030432e-13,0.0254786850875438,-5.66095045958668e-15,4.17079632679468,-9.43694230109512e-15,0.0127379642693721,0.499837717930802,0.89056855678531,0.890486254400714,0.890524522155222,0.890606824539818
262,-0.862079467484561,0.506864837655738,-1.00000123536629,-0.253499118198541,-0.43101237981927,-1.56049508389734e-06,0.0254956922405688,2.14717372552439e-05,4.18084517107752,0.000244633353483593,0.0126695718365904,0.499844213841817,0.890532972817296,0.890475052059649,0.890560589469726,0.890617475908982,-0.862000837090638,0.506906852249074,-0.999999999999892,-0.253453426124585,-0.431000418544474,2.08768546350688e-13,0.0254786850875435,-5.59576097236569e-15,4.18079632679467,-9.4690157858805e-15,0.012737964269372,0.499837717930802,0.89056855678531,0.890486254400714,0.890524522155222,0.890606824539818
263,-0.867106212155606,0.498219407726952,-1.00000126561832,-0.24917105836571,-0.43352352661365,-1.46144826770694e-06,0.025500426341568,1.97313957109217e-05,4.19084526243699,0.000207814667917062,0.0126526292698138,0.499844297280016,0.890533780636162,0.890471436431114,0.89055984827595,0.890621097619703,-0.867026721446388,0.498261642412871,-0.999999999999887,-0.249130821206486,-0.433513360722342,2.12747585670945e-13,0.0254786850875433,-5.52918370636392e-15,4.19079632679467,-9.50105194757513e-15,0.012737964269372,0.499837717930802,0.89056855678531,0.890486254400714,0.890524522155222,0.890606824539818
264,-0.872046140145021,0.489524180965405,-1.00000129370487,-0.244817547455718,-0.435992017040294,-1.34456106622002e-06,0.0255043882362405,1.76430752230321e-05,4.20084534772963,0.000169494285896494,0.0126391315118119,0.499844384058174,0.890535265657451,0.890468393225295,0.890558410047231,0.89062416354019,-0.871965903852513,0.489566606827643,-0.999999999999883,-0.244783303413874,-0.435982951925397,2.16726624991201e-13,0.025478685087543,-5.46121866158136e-15,4.20079632679466,-9.53305076642548e-15,0.0127379642693719,0.499837717930802,0.89056855678531,0.890486254400714,0.890524522155222,0.890606824539818
265,-0.876898748277998,0.480780013284328,-1.00000131930633,-0.24043917012436,-0.438417571434043,-1.21356259191492e-06,0.0255075539876377,1.52840394521158e-05,4.21084542876412,0.000130580957399411,0.0126291183613737,0.49984447143103,0.890537339590986,0.890465936053039,0.890556364043175,0.890626658189086,-0.87681789039489,0.480822614989703,-0.999999999999878,-0.240411307494907,-0.438408945196577,2.20696925993412e-13,0.0254786850875428,-5.39185730450431e-15,4.21079632679466,-9.56501287025462e-15,0.0127379642693719,0.499837717930802,0.89056855678531,0.890486254400714,0.890524522155222,0.890606824539818
266,-0.88166354506256,0.471987766249656,-1.00000134217819,-0.236036509544235,-0.440799904451299,-1.07222991938883e-06,0.0255099180835272,1.27318620892987e-05,4.22084550730182,9.19341303408328e-05,0.0126225744591742,0.4998445568404,0.890539942775192,0.890464064281249,0.890553770966252,0.890628580873796,-0.881582195878906,0.472030541290949,-0.999999999999874,-0.236015270645532,-0.440791097938577,2.24640438176881e-13,0.0254786850875426,-5.32108200769068e-15,4.22079632679465,-9.59693787809819e-15,0.0127379642693718,0.499837717930802,0.89056855678531,0.890486254400714,0.890524522155222,0.890606824539818
267,-0.886340050633258,0.463148307178044,-1.00000136215104,-0.231610144780079,-0.443138726622968,-9.24264347746433e-07,0.0255114923151166,1.00629854086089e-05,4.23084558502847,5.43376191816453e-05,0.012619386923461,0.499844638017894,0.890542931904679,0.890462798361773,0.890550775633981,0.890629908188653,-0.886258343877984,0.463191264931423,-0.999999999999869,-0.231595632465772,-0.443129171938108,2.28583950360349e-13,0.0254786850875423,-5.24891893209626e-15,4.23079632679465,-9.62882626852731e-15,0.0127379642693717,0.499837717930802,0.89056855678531,0.890486254400714,0.890524522155222,0.890606824539818
268,-0.890927796645616,0.454262509203315,-1.00000137912799,-0.227160648527076,-0.445433745983726,-7.73213691068548e-07,0.0255123039102493,7.35029954843073e-06,4.24084566350302,1.84750307528456e-05,0.0126193430164354,0.49984471305143,0.890546192879986,0.890462121100671,0.890547494097078,0.890630654739064,-0.89084586678122,0.454305669831396,-0.999999999999865,-0.227152834915761,-0.445422933389719,2.32527462543818e-13,0.0254786850875421,-5.17536807772106e-15,4.24079632679464,-9.66067796755146e-15,0.0127379642693717,0.499837717930802,0.89056855678531,0.890486254400714,0.890524522155222,0.890606824539818
269,-0.895426326129895,0.445331251309382,-1.00000139308138,-0.222688585287257,-0.447684669770468,-6.22452171208972e-07,0.0255123937007755,4.6616522493402e-06,4.25084574412923,-1.50353314898281e-05,0.0126221988850809,0.49984478027184,0.8905496873248,0.890462006614036,0.890543966124984,0.890630845232673,-0.895344305840148,0.445374644542972,-0.99999999999986,-0.222687322271552,-0.447672152919175,2.36470974727286e-13,0.0254786850875418,-5.10042944456508e-15,4.25079632679464,-9.69249339680116e-15,0.0127379642693716,0.499837717930802,0.89056855678531,0.890486254400714,0.890524522155222,0.890606824539818
270,-0.899835193311152,0.436355418329728,-1.00000140404871,-0.218194509794576,-0.449891206052458,-4.75100925593173e-07,0.0255118147051582,2.0592083486532e-06,4.26084582814749,-4.56763866437827e-05,0.0126276633383536,0.499844838370197,0.890553282897483,0.890462412813651,0.890540326584152,0.890630518664481,-0.899753211214609,0.436399082161239,-0.999999999999856,-0.218199541080688,-0.449876605606398,2.40414486910755e-13,0.0254786850875416,-5.02410303262832e-15,4.26079632679463,-9.72427267279773e-15,0.0127379642693716,0.499837717930802,0.89056855678531,0.890486254400714,0.890524522155222,0.890606824539818
271,-0.904153963400817,0.427335900915126,-1.00000141212692,-0.21367896578363,-0.452053065286841,-3.33980512471347e-07,0.0255106297676314,-4.01788434736255e-07,4.27084591661345,-7.30283659635216e-05,0.0126354039572854,0.49984488635935,0.890556916369532,0.890463303255785,0.890536640401789,0.890629709862118,-0.904072142017742,0.427379880234954,-0.999999999999852,-0.213689940117548,-0.452036071007957,2.44357999094223e-13,0.0254786850875413,-4.94638884191078e-15,4.27079632679463,-9.75601602372036e-15,0.0127379642693715,0.499837717930802,0.89056855678531,0.890486254400714,0.890524522155222,0.890606824539818
272,-0.908382212367484,0.418273595470861,-1.00000141746604,-0.209142485113912,-0.454169961804291,-2.01574702331086e-07,0.0255089097200666,-2.67365329078993e-06,4.2808460103898,-9.67733654160485e-05,0.0126450610302833,0.49984492358879,0.890560489948079,0.890464619818065,0.890533007736528,0.890628474531751,-0.908300666360063,0.418317940676795,-0.999999999999847,-0.209158970338471,-0.45415033317911,2.48301511277692e-13,0.0254786850875411,-4.86728687241245e-15,4.28079632679463,-9.7877236199831e-15,0.0127379642693715,0.499837717930802,0.89056855678531,0.890486254400714,0.890524522155222,0.890606824539818
273,-0.912519526693362,0.409169404065264,-1.00000142026218,-0.204585587228828,-0.456241615190855,-8.00017142655445e-08,0.0255067311030384,-4.71686489964042e-06,4.29084611013954,-0.0001166963969494,0.0126562556540802,0.49984494973321,0.890563936248114,0.890466307817886,0.890529497932892,0.890626865580853,-0.912438361392664,0.409214169673165,-0.999999999999842,-0.204607084836659,-0.456219180695402,2.52245023461161e-13,0.0254786850875409,-4.78679712413335e-15,4.29079632679462,-9.81939543438097e-15,0.0127379642693714,0.499837717930802,0.89056855678531,0.890486254400714,0.890524522155222,0.890606824539818
274,-0.91656550312344,0.400024234311756,-1.00000142075,-0.200008778955935,-0.458267751549809,2.90010622669747e-08,0.02550417405774,-6.50034118437002e-06,4.30084621632649,-0.00013269473056695,0.0126686016972945,0.499844964812324,0.890567173200994,0.890468290293104,0.890526195480164,0.890624957822338,-0.916484813349488,0.400069477593579,-0.999999999999836,-0.200034738796869,-0.458242406673806,2.56188535644629e-13,0.0254786850875406,-4.70491959707346e-15,4.30079632679462,-9.851032087321e-15,0.0127379642693714,0.499837717930802,0.89056855678531,0.890486254400714,0.890524522155222,0.890606824539818
275,-0.920519748414014,0.390838999227144,-1.00000141919508,-0.195412554649201,-0.460248104611424,1.24081728166493e-07,0.0255013200873717,-8.00149931206914e-06,4.31084632922095,-0.000144749638233749,0.0126817197597292,0.49984496910398,0.890570168047091,0.890470516504681,0.890523134642,0.890622800918204,-0.920439617588713,0.390884778899623,-0.999999999999831,-0.195442389449894,-0.460219808793411,2.60132047828098e-13,0.0254786850875404,-4.62165429123279e-15,4.31079632679461,-9.882633190458e-15,0.0127379642693713,0.499837717930802,0.89056855678531,0.890486254400714,0.890524522155222,0.890606824539818
276,-0.924381879086831,0.38161461706921,-1.00000141588614,-0.19079739657427,-0.462182416699041,2.04276841842382e-07,0.0254982507859739,-9.20601976901272e-06,4.32084644890994,-0.000152881941924311,0.0126952439479752,0.499844963029035,0.890572906252325,0.890472954767486,0.890520330911999,0.890620425949235,-0.924302378633209,0.381660992053515,-0.999999999999825,-0.190830496026842,-0.462151189315651,2.64075560011566e-13,0.0254786850875401,-4.53700120661134e-15,4.32079632679461,-9.91419921501737e-15,0.0127379642693713,0.499837717930802,0.89056855678531,0.890486254400714,0.890524522155222,0.890606824539818
277,-0.928151521192001,0.372352011156025,-1.00000141112729,-0.18616377539222,-0.464070439596921,2.69008059918075e-07,0.0254950468341107,-1.01075764591934e-05,4.33084657530715,-0.000157186387990307,0.0127088220312036,0.499844947217291,0.890575331808805,0.890475528007656,0.890517842115803,0.890617908605601,-0.928072710210092,0.37239903942625,-0.99999999999982,-0.186199519713213,-0.464036355104084,2.68019072195035e-13,0.0254786850875399,-4.45096034320911e-15,4.3307963267946,-9.94573032739153e-15,0.0127379642693712,0.499837717930802,0.89056855678531,0.890486254400714,0.890524522155222,0.890606824539818
278,-0.931828310082265,0.363052109669122,-1.0000014052306,-0.181512150849629,-0.465911935277286,3.18053695564671e-07,0.0254917857595759,-1.07074081309073e-05,4.34084670816899,-0.000157898606190961,0.0127221348214754,0.499844922627115,0.890577374508798,0.890478108845073,0.890515741003037,0.89061537458408,-0.931750235289345,0.363099847205375,-0.999999999999814,-0.181549923602779,-0.465875117643703,2.71962584378503e-13,0.0254786850875396,-4.3635317010261e-15,4.3407963267946,-9.97722644537049e-15,0.0127379642693712,0.499837717930802,0.89056855678531,0.890486254400714,0.890524522155222,0.890606824539818
279,-0.93541189020485,0.353715845444625,-1.000001398509,-0.176842972849633,-0.467706676369215,3.51552332688512e-07,0.0254885397111269,-1.1013612694983e-05,4.3508468471166,-0.000155270591793294,0.0127348814976417,0.499844890262832,0.890579074540073,0.890480731202278,0.890513986750804,0.890612790605959,-0.935334586121526,0.353764345302361,-0.999999999999809,-0.176882172651275,-0.467667293059786,2.75906096561972e-13,0.0254786850875394,-4.2747152800623e-15,4.35079632679459,-1.00086879271102e-14,0.0127379642693711,0.499837717930802,0.89056855678531,0.890486254400714,0.890524522155222,0.890606824539818
280,-0.938901914916107,0.344344155756243,-1.00000139126933,-0.172156682579721,-0.469454446552492,3.69961209464166e-07,0.0254853757112833,-1.10407771829639e-05,4.36084699164379,-0.000149585220016712,0.0127467926510595,0.499844851214835,0.8905804025379,0.890483301102589,0.890512610371493,0.890610249843338,-0.938825404274537,0.34439346725962,-0.999999999999803,-0.172196733629908,-0.469412702136284,2.7984960874544e-13,0.0254786850875392,-4.18451108031773e-15,4.36079632679459,-1.00401149935827e-14,0.0127379642693711,0.499837717930802,0.89056855678531,0.890486254400714,0.890524522155222,0.890606824539818
281,-0.94229804631854,0.334937982090937,-1.00000138380648,-0.167453713680917,-0.471155040851563,3.74016774169305e-07,0.0254823541383097,-1.080903735606e-05,4.37084714114277,-0.000141196661429198,0.0127576450143763,0.499844806706838,0.890581354525365,0.890485757832704,0.890511616632221,0.890607812848127,-0.942222340669473,0.334988150157147,-0.999999999999798,-0.167494075078674,-0.471111170333744,2.83793120928909e-13,0.0254786850875389,-4.09289651424711e-15,4.37079632679458,-1.00715053001564e-14,0.012737964269371,0.499837717930802,0.89056855678531,0.890486254400714,0.890524522155222,0.890606824539818
282,-0.945599955123104,0.325498269920862,-1.00000137639807,-0.16273449358941,-0.472808265722659,3.64697477170838e-07,0.0254795276301426,-1.0343082024298e-05,4.38084729492952,-0.000130500917519957,0.0127672651762547,0.49984475801671,0.89058194065677,0.890488043534579,0.890510995978893,0.890605537655065,-0.945525055615526,0.325549334518814,-0.999999999999792,-0.162774667259511,-0.472762527806762,2.87736633112378e-13,0.0254786850875387,-3.99989416939571e-15,4.38079632679458,-1.01028615798924e-14,0.012737964269371,0.499837717930802,0.89056855678531,0.890486254400714,0.890524522155222,0.890606824539818
283,-0.948807320539272,0.316025968475344,-1.00000136930016,-0.157999444962118,-0.474413938962038,3.43176458585081e-07,0.025476940373963,-9.67100841621677e-06,4.39084745227155,-0.000117917057257255,0.0127755354658515,0.499844706419783,0.890582187005525,0.890490112629978,0.890510722589105,0.890603470452653,-0.948733218843951,0.31607796421832,-0.999999999999787,-0.158038982109267,-0.474366609420967,2.91680145295846e-13,0.0254786850875384,-3.90549318309034e-15,4.39079632679457,-1.01341835912603e-14,0.0127379642693709,0.499837717930802,0.89056855678531,0.890486254400714,0.890524522155222,0.890606824539818
284,-0.951919830193909,0.306522030516414,-1.00000136274345,-0.153248987117857,-0.475971889455461,3.10819250902983e-07,0.0254746279785921,-8.82340075326017e-06,4.4008476124086,-0.000103843071241773,0.0127823500757034,0.499844653143113,0.890582111159158,0.89049199502808,0.890510778380674,0.890601581636062,-0.951846509541102,0.306574986384801,-0.999999999999781,-0.153287493192511,-0.475923254769534,2.95623657479315e-13,0.0254786850875382,-3.80968058620786e-15,4.40079632679457,-1.01654719041417e-14,0.0127379642693709,0.499837717930802,0.89056855678531,0.890486254400714,0.890524522155222,0.890606824539818
285,-0.954937180078326,0.296987412119501,-1.00000135692986,-0.148483537402604,-0.477481956942347,2.69121119776563e-07,0.0254726179425745,-7.83309676695107e-06,4.41084777455542,-8.86718900132032e-05,0.012787636067253,0.499844599362169,0.890581742190015,0.890493639873376,0.890511134414,0.890599922816331,-0.954864616380501,0.297041351308122,-0.999999999999775,-0.148520675654175,-0.477432308189226,2.99567169662783e-13,0.0254786850875379,-3.71248021054459e-15,4.41079632679457,-1.01967266232832e-14,0.0127379642693708,0.499837717930802,0.89056855678531,0.890486254400714,0.890524522155222,0.890606824539818
286,-0.957859074521956,0.28742307245895,-1.00000135203068,-0.14370351249869,-0.478943991728445,2.19642028211919e-07,0.0254709294627897,-6.73396689962444e-06,4.42084793792958,-7.28032058148835e-05,0.0127913870405129,0.499844546169024,0.890581123031892,0.890495008131012,0.890511747494938,0.890598534152421,-0.95778723755398,0.287478012343846,-0.99999999999977,-0.14373900617204,-0.478893618775957,3.03510681846252e-13,0.0254786850875377,-3.61389205610055e-15,4.42079632679456,-1.02279479097298e-14,0.0127379642693708,0.499837717930802,0.89056855678531,0.890486254400714,0.890524522155222,0.890606824539818
287,-0.960685226191873,0.277829973601112,-1.00000134818541,-0.138909329694578,-0.480357854219985,1.64003605256022e-07,0.025469573501789,-5.55978821356933e-06,4.43084810177618,-5.66243992480769e-05,0.0127936210787713,0.499844494588747,0.890580267692704,0.890496108907351,0.890512603233861,0.890597406878837,-0.960614080801857,0.2778859258179,-0.999999999999764,-0.138942962909071,-0.480307040399888,3.0745419402972e-13,0.0254786850875375,-3.51391612287573e-15,4.43079632679456,-1.02591356742428e-14,0.0127379642693707,0.499837717930802,0.89056855678531,0.890486254400714,0.890524522155222,0.890606824539818
288,-0.963415356117114,0.268209080307459,-1.00000134550095,-0.134101408091733,-0.481723414413634,1.03825715443707e-07,0.0254685531986553,-4.34375426385229e-06,4.44084826537648,-4.04935216335848e-05,0.0127943995554107,0.499844445491515,0.890579241190482,0.890496922469973,0.890513635823543,0.890596562506365,-0.963344863442164,0.268266050930944,-0.999999999999757,-0.134133025465596,-0.481672431720033,3.11397706213189e-13,0.0254786850875372,-3.41255241087012e-15,4.44079632679455,-1.02902905714429e-14,0.0127379642693707,0.499837717930802,0.89056855678531,0.890486254400714,0.890524522155222,0.890606824539818
289,-0.966049193736026,0.258561359848328,-1.00000134405205,-0.129280169689908,-0.483040551322606,4.07144394131876e-08,0.0254678644573159,-3.11746669750944e-06,4.4508484280685,-2.47488251290131e-05,0.0127938037631092,0.499844399665046,0.890578047372266,0.890497461544324,0.890514841110248,0.890595988415497,-0.965979312398911,0.258619349662448,-0.99999999999975,-0.129309674831352,-0.482989656198399,3.15341218396657e-13,0.025478685087537,-3.30980407330505e-15,4.45079632679455,-1.03214125658555e-14,0.0127379642693706,0.499837717930802,0.89056855678531,0.890486254400714,0.890524522155222,0.890606824539818
290,-0.968586476964301,0.248887781828614,-1.00000134388179,-0.124446040381677,-0.484309152381219,-2.37928194653783e-08,0.0254674964598361,-1.91063022385833e-06,4.46084858925111,-9.68210518080939e-06,0.0127919496638221,0.499844357702067,0.890576766263867,0.890497730648276,0.890516137796271,0.890595682280978,-0.968517164229399,0.248946786674502,-0.999999999999744,-0.124473393337382,-0.484258582113635,3.19284730580126e-13,0.0254786850875367,-3.20572537895588e-15,4.46079632679454,-1.03525013997548e-14,0.0127379642693706,0.499837717930802,0.89056855678531,0.890486254400714,0.890524522155222,0.890606824539818
291,-0.971026952281499,0.239189318025474,-1.00000134500343,-0.119599450782973,-0.48552911281853,-8.82395001452085e-08,0.0254674327077412,-7.50160574541918e-07,4.47084874840088,4.4472411455817e-06,0.0127889723277844,0.499844320076163,0.890575402539584,0.89049774245327,0.890517520852459,0.890595631618276,-0.970958165150559,0.239249329215344,-0.999999999999737,-0.119624664607806,-0.485479082574207,3.23228242763595e-13,0.0254786850875365,-3.10026771954696e-15,4.47079632679454,-1.03835576390809e-14,0.0127379642693705,0.499837717930802,0.89056855678531,0.890486254400714,0.890524522155222,0.890606824539818
292,-0.973370374832649,0.229466942238887,-1.00000134740198,-0.11474083693783,-0.48670033502171,-1.5126991880328e-07,0.0254676514922684,3.39931682261894e-07,4.48084890507204,1.74091536986846e-05,0.0127850135832177,0.499844287150232,0.890573994976414,0.89049751337745,0.890518950643103,0.890595821124023,-0.973302071064334,0.229527947022638,-0.99999999999973,-0.114763973511457,-0.486651035531086,3.27171754947063e-13,0.0254786850875362,-2.99343809263895e-15,4.48079632679453,-1.04145810354991e-14,0.0127379642693704,0.499837717930802,0.89056855678531,0.890486254400714,0.890524522155222,0.890606824539818
293,-0.975616508543171,0.219721630154564,-1.00000135103665,-0.109870640931585,-0.487822727929537,-2.1165930725355e-07,0.0254681266883887,1.33887535141305e-06,4.49084905890097,2.90130853999199e-05,0.0127802303975931,0.499844259149754,0.890572576509225,0.890497060764902,0.890520393500341,0.890596234332956,-0.975548647582084,0.219783612226502,-0.999999999999724,-0.109891806113393,-0.487774323789953,3.31115267130532e-13,0.025478685087536,-2.88522746321374e-15,4.49079632679453,-1.04455720970036e-14,0.0127379642693704,0.499837717930802,0.89056855678531,0.890486254400714,0.890524522155222,0.890606824539818
294,-0.977765126244678,0.209954359218933,-1.00000135584362,-0.104989311363378,-0.488896206432445,-2.68336600587707e-07,0.0254688286992427,2.22945364297869e-06,4.50084920961019,3.91294962145758e-05,0.0127747944140108,0.499844236109412,0.890571203863745,0.89049642288543,0.890521791457973,0.890596834493325,-0.977697670048031,0.210017299252297,-0.999999999999717,-0.105008649626294,-0.488848835022919,3.35058779314e-13,0.0254786850875358,-2.77562905500774e-15,4.50079632679452,-1.04765310320929e-14,0.0127379642693703,0.499837717930802,0.89056855678531,0.890486254400714,0.890524522155222,0.890606824539818
295,-0.979816009808343,0.200166108525986,-1.00000136173923,-0.100097303622432,-0.48992069078799,-3.20382507075998e-07,0.0254697255401957,2.99824486527379e-06,4.5108493570105,4.76442184630151e-05,0.0127688779188004,0.499844218012067,0.890569861896119,0.890495594800979,0.89052315973541,0.890597626249783,-0.97974892356172,0.20022998472318,-0.99999999999971,-0.100114992361739,-0.489874461779755,3.39002291497469e-13,0.0254786850875355,-2.66464286802097e-15,4.51079632679452,-1.05074582974085e-14,0.0127379642693703,0.499837717930802,0.89056855678531,0.890486254400714,0.890524522155222,0.890606824539818
296,-0.981768950282811,0.190357858715591,-1.00000136862302,-0.0951950800999089,-0.490896106060792,-3.67046579872479e-07,0.0254707830906378,3.63556880561785e-06,4.52084950099822,5.44933991137691e-05,0.0127626529255516,0.499844204690843,0.890568613555222,0.890494634297391,0.890524433933292,0.890598553472913,-0.981702202999507,0.190422647362448,-0.999999999999704,-0.0952113236813777,-0.49085110149864,3.42945803680937e-13,0.0254786850875353,-2.55226890225341e-15,4.52079632679451,-1.05383530799709e-14,0.0127379642693702,0.499837717930802,0.89056855678531,0.890486254400714,0.890524522155222,0.890606824539818
297,-0.98362374803531,0.180530591882572,-1.00000137638134,-0.0902831102500651,-0.491822381610071,-4.07753739852653e-07,0.0254719666405545,4.13553034281955e-06,4.53084964155195,5.96794044010208e-05,0.0127562886517133,0.499844195813473,0.890567481359367,0.890493575850677,0.890525590834233,0.890599582314549,-0.983557313035076,0.180596267895666,-0.999999999999697,-0.0902981339479904,-0.491778656516417,3.46889315864406e-13,0.025478685087535,-2.43850827617212e-15,4.53079632679451,-1.05692165649438e-14,0.0127379642693702,0.499837717930802,0.89056855678531,0.890486254400714,0.890524522155222,0.890606824539818
298,-0.985380212891559,0.170685291495434,-1.00000138489069,-0.0853618704298191,-0.492699450639109,-4.42094495221019e-07,0.0254732418694099,4.49584265197283e-06,4.5408497787257,6.32423792525355e-05,0.0127499409837617,0.499844190956205,0.890566478653452,0.890492452740458,0.890526616472692,0.890600679948824,-0.985314068158971,0.170751828952591,-0.99999999999969,-0.0853759144764566,-0.492657034078356,3.50832828047874e-13,0.0254786850875348,-2.32336770057942e-15,4.5407963267945,-1.06000490641439e-14,0.0127379642693701,0.499837717930802,0.89056855678531,0.890486254400714,0.890524522155222,0.890606824539818
299,-0.987038164271201,0.160822942323412,-1.00000139402096,-0.0804318436237106,-0.493527249812399,-4.69819645031064e-07,0.0254745754102079,4.71755580430623e-06,4.5508499126409,6.52278526383776e-05,0.0127437558283474,0.499844189672061,0.890565595278431,0.890491263882901,0.890527520967847,0.890601847335572,-0.986972292697142,0.160890314968913,-0.999999999999684,-0.0804451574846217,-0.493486146347434,3.54776340231343e-13,0.0254786850875345,-2.20684158314004e-15,4.5507963267945,-1.06308504907155e-14,0.0127379642693701,0.499837717930802,0.89056855678531,0.890486254400714,0.890524522155222,0.890606824539818
300,-0.988597431317451,0.150944530370743,-1.00000140363868,-0.075493519158421,-0.494305718909613,-4.90835813545747e-07,0.0254759348926853,4.80487367711466e-06,4.56085004348177,6.5696084588202e-05,0.0127378686135535,0.499844191475473,0.890564844299244,0.89049004023365,0.890528290762516,0.89060305385953,-0.988531820828519,0.151012712087813,-0.999999999999677,-0.0755063560440758,-0.494265910413114,3.58719852414812e-13,0.0254786850875343,-2.08892768691988e-15,4.5607963267945,-1.06616205069097e-14,0.01273796426937,0.499837717930802,0.89056855678531,0.890486254400714,0.890524522155222,0.890606824539818
301,-0.990057853020918,0.141051042817529,-1.00000141360998,-0.0705473923856211,-0.495034800518273,-5.05199923515281e-07,0.025477289550013,4.76488336454364e-06,4.5708501714876,6.47409598614995e-05,0.0127324004891574,0.499844195820891,0.89056423688137,0.890488813393592,0.890528914305798,0.890604268159591,-0.989992496601586,0.141120008061348,-0.99999999999967,-0.0705600040308474,-0.49499624829964,3.62649477558614e-13,0.0254786850875341,-1.96961245035677e-15,4.57079632679449,-1.06923592177242e-14,0.01273796426937,0.499837717930802,0.89056855678531,0.890486254400714,0.890524522155222,0.890606824539818
302,-0.991419278336087,0.13114346796614,-1.00000142380353,-0.0655939642617028,-0.495714439789457,-5.13104857585247e-07,0.0254786109442472,4.60718514263825e-06,4.58085029694278,6.24957134210445e-05,0.012727449399182,0.499844202113463,0.890563782197863,0.89048762825659,0.890529382023738,0.890605445476028,-0.991354173949985,0.131213192151677,-0.999999999999662,-0.0656065960760159,-0.495677086973831,3.66557462605294e-13,0.0254786850875338,-1.84888830210552e-15,4.58079632679449,-1.07230669468121e-14,0.0127379642693699,0.499837717930802,0.89056855678531,0.890486254400714,0.890524522155222,0.890606824539818
303,-0.992681566288197,0.121222795191662,-1.00000143409311,-0.0606337408059811,-0.496344584283678,-5.14862889088785e-07,0.0254798737247578,4.34334539171104e-06,4.59085042016286,5.91206792021358e-05,0.0127230877187377,0.49984420974308,0.890563476168826,0.890486511045638,0.890529697885594,0.890606559416432,-0.992616716707115,0.121293255032134,-0.999999999999654,-0.0606466275162489,-0.496308358352388,3.70465447651974e-13,0.0254786850875336,-1.7267763750735e-15,4.59079632679448,-1.07537437189534e-14,0.0127379642693699,0.499837717930802,0.89056855678531,0.890486254400714,0.890524522155222,0.890606824539818
304,-0.993844586068329,0.11129001489448,-1.00000144435983,-0.0556672324777787,-0.496925183902162,-5.10899595370481e-07,0.0254810558882061,3.98649143292124e-06,4.60085054148507,5.47707630813998e-05,0.0127193813347754,0.499844218110716,0.890563309994732,0.890485450538278,0.890529870789312,0.89060762108934,-0.993779998619752,0.111361188688166,-0.999999999999647,-0.055680594344269,-0.496889999308698,3.74373432698655e-13,0.0254786850875333,-1.6032766692607e-15,4.60079632679448,-1.07843899844727e-14,0.0127379642693698,0.499837717930802,0.89056855678531,0.890486254400714,0.890524522155222,0.890606824539818
305,-0.994908217116069,0.101346118454032,-1.00000145449428,-0.0506949535700868,-0.497456190829474,-5.01726335735008e-07,0.0254821386642561,3.55114040526353e-06,4.61085066126518,4.96094799329602e-05,0.0127163744923679,0.499844226639855,0.890563276062842,0.890484486541768,0.890529908297837,0.890608590298719,-0.994843903360675,0.10141798631813,-0.999999999999639,-0.0507089931592552,-0.497421951679151,3.78281417745335e-13,0.0254786850875331,-1.47838918466711e-15,4.61079632679447,-1.08150055269187e-14,0.0127379642693698,0.499837717930802,0.89056855678531,0.890486254400714,0.890524522155222,0.890606824539818
306,-0.995872349190079,0.091392098183331,-1.00000146439793,-0.0457174215892035,-0.497937559532419,-4.87921674873909e-07,0.0254831068682351,3.05255664687789e-06,4.62085077986252,4.3812025762451e-05,0.0127140843710504,0.499844234787547,0.890563363053434,0.890483632564741,0.890529821875347,0.890609453150519,-0.995808324540296,0.091464642233977,-0.999999999999631,-0.045732321117183,-0.497904162268954,3.82189402792016e-13,0.0254786850875328,-1.35211392129274e-15,4.62079632679447,-1.08455906725525e-14,0.0127379642693697,0.499837717930802,0.89056855678531,0.890486254400714,0.890524522155222,0.890606824539818
307,-0.996736882425845,0.0814289472825901,-1.00000147398442,-0.0407351566032549,-0.498369246841016,-4.70119663598362e-07,0.025483948950694,2.50632046457936e-06,4.63085089763069,3.75501075310402e-05,0.01271251306571,0.499844242055129,0.890563559005451,0.890482893839843,0.890529623689798,0.890610204011851,-0.996673165717301,0.0815021517618209,-0.999999999999623,-0.0407510758811093,-0.498336582857448,3.86097387838696e-13,0.0254786850875326,-1.22445087913759e-15,4.63079632679446,-1.08761454442618e-14,0.0127379642693697,0.499837717930802,0.89056855678531,0.890486254400714,0.890524522155222,0.890606824539818
308,-0.997501727380502,0.0714576597908474,-1.00000148318049,-0.0357486806049042,-0.49875121206437,-4.4899215357462e-07,0.0254846568918976,1.92801803984707e-06,4.64085101491158,3.0989244250339e-05,0.0127116490409452,0.499844247995606,0.890563850723112,0.890482275700298,0.890529327188876,0.890610837089631,-0.997438340408292,0.0715315111424069,-0.999999999999616,-0.0357657555714068,-0.498719170202936,3.90005372885376e-13,0.0254786850875324,-1.09540005820166e-15,4.64079632679446,-1.09066701084696e-14,0.0127379642693696,0.499837717930802,0.89056855678531,0.890486254400714,0.890524522155222,0.890606824539818
309,-0.998166805065157,0.0614792305350098,-1.00000149192655,-0.0307585168980099,-0.499083417131422,-4.25237759993525e-07,0.0254852260791969,1.33296688544707e-06,4.65085113203008,2.42895205277041e-05,0.0127114733562573,0.499844252192008,0.890564232476954,0.890481777436068,0.890528938214547,0.890611352953973,-0.998103772096439,0.0615537174314882,-0.999999999999608,-0.0307768587159519,-0.499051886047001,3.93913357932057e-13,0.0254786850875321,-9.64961458484951e-16,4.65079632679445,-1.09371646771685e-14,0.0127379642693696,0.499837717930802,0.89056855678531,0.890486254400714,0.890524522155222,0.890606824539818
310,-0.998732046965142,0.0514946550759786,-1.00000150017712,-0.0257651895043119,-0.499365826739161,-3.99558971813626e-07,0.0254856551926453,7.36025781778511e-07,4.6608512492908,1.76046411754567e-05,0.0127119516896942,0.499844254285401,0.89056468405924,0.890481409131743,0.890528477357989,0.89061174083351,-0.998669394239127,0.0515697684001212,-0.9999999999996,-0.0257848842002729,-0.499334697118337,3.97821342978737e-13,0.0254786850875319,-8.33135079987458e-16,4.66079632679445,-1.09676294963318e-14,0.0127379642693695,0.499837717930802,0.89056855678531,0.890486254400714,0.890524522155222,0.890606824539818
311,-0.999197395048632,0.0415049296515781,-1.00000150790061,-0.0207692225936756,-0.499598408533416,-3.72642435155703e-07,0.0254859460340356,1.51148109629484e-07,4.67085136696898,1.10777716594174e-05,0.0127130294299316,0.499844253997901,0.890565186573199,0.890481173047222,0.890527963902685,0.890611997861351,-0.999135150274613,0.0415806624348889,-0.999999999999592,-0.0207903312176612,-0.499567575136071,4.01729328025417e-13,0.0254786850875316,-6.99920922709183e-16,4.67079632679444,-1.09980643877763e-14,0.0127379642693695,0.499837717930802,0.89056855678531,0.890486254400714,0.890524522155222,0.890606824539818
312,-0.999562801764214,0.0315110511153102,-1.00000151507884,-0.0157711399550741,-0.49978113334401,-3.45136784610065e-07,0.025486103187007,-4.09030557642472e-07,4.68085148530277,4.82586855722563e-06,0.012714630503639,0.499844251195139,0.890565704255938,0.890481062122655,0.890527434465567,0.890612129789456,-0.999500993627682,0.0315873984380636,-0.999999999999584,-0.0157936992192532,-0.499750496812597,4.05637313072098e-13,0.0254786850875314,-5.65318986650127e-16,4.68079632679444,-1.10284696184967e-14,0.0127379642693694,0.499837717930802,0.89056855678531,0.890486254400714,0.890524522155222,0.890606824539818
313,-0.999828230028678,0.021514016869865,-1.00000152170627,-0.0107714645522392,-0.499913975472621,-3.1766353498832e-07,0.0254861335141212,-9.33519907056457e-07,4.69085160448786,-1.04319336619423e-06,0.0127166809719099,0.499844245764773,0.890566251875648,0.890481069298716,0.890526874062102,0.890612144186759,-0.999766887714303,0.0215909757277174,-0.999999999999577,-0.0107954878640848,-0.4998834438559,4.09545298118778e-13,0.0254786850875311,-4.29329726142628e-16,4.69079632679443,-1.10588456326596e-14,0.0127379642693694,0.499837717930802,0.89056855678531,0.890486254400714,0.890524522155222,0.890606824539818
314,-0.999993653206403,0.0115148247948826,-1.00000152778951,-0.0057707181091013,-0.499996912961967,-2.90812008082053e-07,0.0254860461784804,-1.41277106508738e-06,4.70085172468268,-6.41888936873615e-06,0.0127191147695055,0.499844237576995,0.890566826368259,0.890481193098275,0.890526285892,0.890612042398869,-0.999932805945289,0.011592393937791,-0.999999999999569,-0.00579619696912627,-0.499966402971385,4.13453283165459e-13,0.0254786850875309,-2.92147595427756e-16,4.70079632679443,-1.10891922076846e-14,0.0127379642693693,0.499837717930802,0.89056855678531,0.890486254400714,0.890524522155222,0.890606824539818
315,-1.00005905508027,0.00151447316984618,-1.00000153334635,-0.000769420685673791,-0.500029927823208,-2.65103172393868e-07,0.0254858524117816,-1.83874841964656e-06,4.71085184600803,-1.12244674442611e-05,0.0127218529910483,0.499844226641244,0.890567382615158,0.890481411390414,0.89052571609108,0.890611845083348,-0.999998731728956,0.00159265291813122,-0.999999999999561,-0.000796326459301116,-0.49999936586321,4.17361268212139e-13,0.0254786850875307,-1.53824305786271e-16,4.71079632679443,-1.11194985941069e-14,0.0127379642693693,0.499837717930802,0.89056855678531,0.890486254400714,0.890524522155222,0.890606824539818
316,-1.00002442981497,-0.00848603940774276,-1.00000153840425,0.00423190963884733,-0.500013006288793,-2.40987798681732e-07,0.0254855646682761,-2.20522424835924e-06,4.7208519685432,-1.54137344784828e-05,0.0127248099052376,0.499844213067781,0.890567912660319,0.890481713310999,0.890525172848591,0.890611562863447,-0.99996465847278,-0.00840724736549304,-0.999999999999552,0.00420362368250624,-0.499982329235113,4.21269253258819e-13,0.0254786850875305,-1.41222827078431e-17,4.72079632679442,-1.11497384618294e-14,0.0127379642693692,0.499837717930802,0.89056855678531,0.890486254400714,0.890524522155222,0.890606824539818
317,-0.999889781915153,-0.0184857141094978,-1.00000154299909,0.00923275697783717,-0.499946139081178,-2.18856102910214e-07,0.0254851963238158,-2.50777714215244e-06,4.73085209232703,-1.89416878528332e-05,0.0127279036719093,0.499844196968199,0.890568421864099,0.890482099160457,0.890524650782021,0.89061119556553,-0.999830589584058,-0.0184063069313867,-0.999999999999543,0.00920315346544824,-0.499915294790744,4.251772383055e-13,0.0254786850875303,1.26967519151366e-16,4.73079632679442,-1.11799117333186e-14,0.0127379642693692,0.499837717930802,0.89056855678531,0.890486254400714,0.890524522155222,0.890606824539818
318,-0.999655126179578,-0.0284835519684752,-1.00000154717386,0.0142326078431543,-0.499829321661964,-1.99027770812773e-07,0.0254847616138416,-2.7437271992909e-06,4.74085221735996,-2.17782506113406e-05,0.0127310553011931,0.499844178503174,0.890568892748822,0.890482548275278,0.890524167862091,0.890610763253391,-0.999596538469567,-0.0284035258819256,-0.999999999999534,0.0142017629407128,-0.499798269233491,4.2908522335218e-13,0.0254786850875301,2.69445099791357e-16,4.74079632679441,-1.12100181190567e-14,0.0127379642693692,0.499837717930802,0.89056855678531,0.890486254400714,0.890524522155222,0.890606824539818
319,-0.999320487651355,-0.0384785539762971,-1.00000155097718,0.0192309513053601,-0.499662554463397,-1.81745157298267e-07,0.0254842750788319,-2.91207809419016e-06,4.75085234360725,-2.39257220715077e-05,0.0127341910500735,0.499844157917243,0.890569309743601,0.890483034977027,0.890523740092901,0.890610291109787,-0.999262528534224,-0.0383979045035457,-0.999999999999525,0.019198952251518,-0.499631264265811,4.32993208398861e-13,0.0254786850875299,4.13310459212129e-16,4.75079632679441,-1.12400580481573e-14,0.0127379642693691,0.499837717930802,0.89056855678531,0.890486254400714,0.890524522155222,0.890606824539818
320,-0.998885901566072,-0.0484697211847168,-1.00000155446179,0.0242272790488559,-0.499445843099803,-1.67180570499944e-07,0.02548375106636,-3.01340106404177e-06,4.7608524710031,-2.53916549474079e-05,0.0127372406987325,0.49984413546479,0.890569680514178,0.890483565872101,0.890523359691351,0.890609772751524,-0.998828593178744,-0.0483884433667135,-0.999999999999516,0.024194221683097,-0.499414296588062,4.36883753692196e-13,0.0254786850875297,5.58580628422809e-16,4.7607963267944,-1.12700317241361e-14,0.0127379642693691,0.499837717930802,0.89056855678531,0.890486254400714,0.890524522155222,0.890606824539818
321,-0.998351413299238,-0.0584560548112423,-1.00000155768322,0.0292210854047931,-0.499179198564161,-1.5543731297916e-07,0.0254832037622515,-3.04977734512412e-06,4.77085259945194,-2.61907927870983e-05,0.0127401393884044,0.499844111416044,0.890569996324508,0.890484120534408,0.890523035677823,0.89060922831752,-0.998294775796301,-0.0583741434258681,-0.999999999999508,0.0291870717126693,-0.499147387896833,4.40756211602088e-13,0.0254786850875295,7.05256239874663e-16,4.7707963267944,-1.12999400685303e-14,0.0127379642693691,0.499837717930802,0.89056855678531,0.890486254400714,0.890524522155222,0.890606824539818
322,-0.997717078313096,-0.0684365563485352,-1.00000156069834,0.0342118673657467,-0.498862637406671,-1.4654930996403e-07,0.0254826468604225,-3.02465790528488e-06,4.78085272883258,-2.63509715538294e-05,0.0127428275582038,0.499844086068044,0.890570255184489,0.890484692247826,0.89052277012656,0.890608664464754,-0.997661129768188,-0.0683540061193249,-0.999999999999499,0.0341770030593927,-0.498830564882768,4.44628669511981e-13,0.0254786850875293,8.53319630107299e-16,4.78079632679439,-1.13297828976311e-14,0.012737964269369,0.499837717930802,0.89056855678531,0.890486254400714,0.890524522155222,0.890606824539818
323,-0.996982962103652,-0.0784102276771804,-1.00000156356405,0.039199124552691,-0.498496181893561,-1.40486181493638e-07,0.0254820932639294,-2.94269675966198e-06,4.79085285900274,-2.59270590061451e-05,0.0127452626620254,0.499844059747152,0.890570448191417,0.890485240095519,0.890522572196161,0.890608121909591,-0.99692771845848,-0.0783270334691312,-0.99999999999949,0.0391635167342908,-0.498463859227906,4.48501127421874e-13,0.0254786850875291,1.00277079912072e-15,4.79079632679439,-1.13595604105889e-14,0.012737964269369,0.499837717930802,0.89056855678531,0.890486254400714,0.890524522155222,0.890606824539818
324,-0.996149140149158,-0.0883760711812126,-1.00000156633605,0.0441823590917494,-0.498079860117278,-1.37159363342232e-07,0.0254815545401505,-2.80937689850486e-06,4.80085298980883,-2.49817502260591e-05,0.0127474108143731,0.499844032780186,0.890570581957285,0.890485773104757,0.890522435161851,0.890607591804341,-0.996094615207697,-0.0882922281808628,-0.999999999999481,0.0441461140901514,-0.498047307602506,4.52373585331766e-13,0.0254786850875289,1.15360974691492e-15,4.80079632679438,-1.13892732762179e-14,0.012737964269369,0.499837717930802,0.89056855678531,0.890486254400714,0.890524522155222,0.890606824539818
325,-0.995215697861626,-0.0983330898654707,-1.00000156906774,0.0491610754585989,-0.497613706080992,-1.36427629476458e-07,0.0254810410675208,-2.63100396069255e-06,4.81085312108546,-2.35663175795057e-05,0.0127492339447771,0.499844005484501,0.890570658792107,0.890486297631115,0.890522356723411,0.890607067809347,-0.99516190332547,-0.0982485937433528,-0.999999999999472,0.0491242968713913,-0.497580951661384,4.56246043241659e-13,0.0254786850875286,1.30583647348989e-15,4.81079632679438,-1.14189215486415e-14,0.0127379642693689,0.499837717930802,0.89056855678531,0.890486254400714,0.890524522155222,0.890606824539818
326,-0.994182730541028,-0.108280287474778,-1.00000157180926,0.0541347803614867,-0.4970977597946,-1.38108369851049e-07,0.0254805620483813,-2.41462226630473e-06,4.82085325265717,-2.17485703879129e-05,0.0127507144865664,0.49984397815998,0.890570681433805,0.890486772238468,0.890522334064149,0.890606591631214,-0.994129676082209,-0.108195134528342,-0.999999999999463,0.0540975672638807,-0.497064838039745,4.60118501151551e-13,0.0254786850875284,1.45945433424681e-15,4.82079632679437,-1.14485056822107e-14,0.0127379642693689,0.499837717930802,0.89056855678531,0.890486254400714,0.890524522155222,0.890606824539818
327,-0.9930503433322,-0.118216668614632,-1.0000015746067,0.0591029825712802,-0.496532067316748,-1.41978658773278e-07,0.0254801251215865,-2.1675464023651e-06,4.83085338434969,-1.96004827213608e-05,0.0127518412114361,0.499843951105374,0.89057065085103,0.890487212606679,0.890522366244103,0.890606147518704,-0.992998036699779,-0.11813085589004,-0.999999999999454,0.0590654279447247,-0.496499018348522,4.63990959061444e-13,0.0254786850875282,1.61446780305388e-15,4.83079632679437,-1.14780258405423e-14,0.0127379642693688,0.499837717930802,0.89056855678531,0.890486254400714,0.890524522155222,0.890606824539818
328,-0.991818651185563,-0.128141238872341,-1.00000157750135,0.0640651927288823,-0.495916680774765,-1.47786583650794e-07,0.0254797364690049,-1.89737878712611e-06,4.84085351598899,-1.71933430435717e-05,0.012752610929263,0.499843924589376,0.890570575190667,0.890487599377613,0.890522444887316,0.890605755236184,-0.991767098341175,-0.128054764264592,-0.999999999999445,0.0640273821319951,-0.495883549169212,4.67863416971336e-13,0.025478685087528,1.77086905064173e-15,4.84079632679437,-1.1507482518299e-14,0.0127379642693688,0.499837717930802,0.89056855678531,0.890486254400714,0.890524522155222,0.890606824539818
329,-0.990487778821589,-0.138053004938505,-1.00000158052928,0.0690209231538642,-0.49525165836605,-1.55258897667043e-07,0.0254794007238111,-1.61168629339432e-06,4.85085364740833,-1.46006249370628e-05,0.0127530320251575,0.499843898849808,0.89057045899439,0.890487931553295,0.890522565345616,0.890605415949044,-0.990436984099207,-0.137965867269429,-0.999999999999436,0.0689829336344082,-0.49521849204822,4.71735874881228e-13,0.0254786850875278,1.92865807701036e-15,4.85079632679436,-1.15368757699805e-14,0.0127379642693688,0.499837717930802,0.89056855678531,0.890486254400714,0.890524522155222,0.890606824539818
330,-0.98905786069928,-0.147950974728111,-1.00000158372091,0.0739696876405847,-0.494537064325594,-1.64107959939977e-07,0.0254791210082139,-1.31785358962784e-06,4.8608537784511,-1.18925549470322e-05,0.0127531191651607,0.499843874091057,0.890570309220477,0.890488205994822,0.890522720458074,0.890605133103349,-0.989007826984192,-0.14786317380251,-0.999999999999426,0.0739315869009433,-0.494503913490703,4.7560833279112e-13,0.0254786850875276,2.08783488215977e-15,4.86079632679436,-1.15662062003891e-14,0.0127379642693687,0.499837717930802,0.89056855678531,0.890486254400714,0.890524522155222,0.890606824539818
331,-0.987529040988645,-0.15783415750083,-1.00000158710083,0.0789110012617007,-0.493772968877445,-1.74038290176298e-07,0.0254788990019362,-1.02293658377536e-06,4.87085390897341,-9.135734223933e-06,0.0127528919651744,0.49984385048772,0.890570130558511,0.89048842311016,0.890522905402068,0.890604906484285,-0.987479769910648,-0.157745694141429,-0.999999999999416,0.0788728470703976,-0.493739884953923,4.79480790701013e-13,0.0254786850875274,2.24839946608997e-15,4.87079632679435,-1.15954740518889e-14,0.0127379642693687,0.499837717930802,0.89056855678531,0.890486254400714,0.890524522155222,0.890606824539818
332,-0.985901473547025,-0.167701563980206,-1.0000015906877,0.0838443801815085,-0.492959448173757,-1.84754070164839e-07,0.0254787350285154,-7.33563455255357e-07,4.88085403884573,-6.39214643271443e-06,0.0127523753132497,0.499843828177819,0.890569930354617,0.890488581933917,0.890523112608263,0.890604737374776,-0.985852965683011,-0.167612440042389,-0.999999999999406,0.0838062200208719,-0.492926482840096,4.83353248610905e-13,0.0254786850875272,2.41035182880094e-15,4.88079632679435,-1.16246793749312e-14,0.0127379642693687,0.499837717930802,0.89056855678531,0.890486254400714,0.890524522155222,0.890606824539818
333,-0.984175321899018,-0.177552206471505,-1.00000159449431,0.0887693414816605,-0.492096584220867,-1.95964731487295e-07,0.0254786281555531,-4.55810804515176e-07,4.89085416795489,-3.7191713459982e-06,0.0127515984249735,0.499843807267862,0.890569713477473,0.890488683489325,0.890523337064117,0.89060462494759,-0.984127576980347,-0.17746242483902,-0.999999999999396,0.0887312124191823,-0.492063788488756,4.87225706520797e-13,0.025478685087527,2.5736919702927e-15,4.89079632679434,-1.16538227697649e-14,0.0127379642693686,0.499837717930802,0.89056855678531,0.890486254400714,0.890524522155222,0.890606824539818
334,-0.982350759219776,-0.187385098977954,-1.00000159852776,0.0936854030001196,-0.491184464793433,-2.07392856499189e-07,0.0254785763126537,-1.95110316194373e-07,4.90085429620549,-1.16635322378302e-06,0.0127505959822002,0.49984378781281,0.890569490302306,0.890488729784715,0.890523568059007,0.890604567649771,-0.982303776340089,-0.187294663541053,-0.999999999999386,0.0936473317701931,-0.491151888168619,4.91098164430689e-13,0.0254786850875268,2.73841989056523e-15,4.90079632679434,-1.16829041708156e-14,0.0127379642693686,0.499837717930802,0.89056855678531,0.890486254400714,0.890524522155222,0.890606824539818
335,-0.980427968321306,-0.197199257315118,-1.00000160278974,0.0985920831915875,-0.490223183332429,-2.18776607782795e-07,0.0254785764603353,4.38612187498899e-08,4.91085442352139,1.22278741731729e-06,0.0127494046478606,0.499843769838324,0.890569262860309,0.890488723946629,0.89052380348801,0.890604562440312,-0.980381746140782,-0.19710817293281,-0.999999999999376,0.0985540864660659,-0.490190873068957,4.94970622340582e-13,0.0254786850875266,2.90453558961855e-15,4.91079632679433,-1.17119242320449e-14,0.0127379642693686,0.499837717930802,0.89056855678531,0.890486254400714,0.890524522155222,0.890606824539818
336,-0.978407141641379,-0.206993699223145,-1.00000160727691,0.103488901006249,-0.489212838837283,-2.29872675882368e-07,0.025478624686037,2.57189725070642e-07,4.92085454984537,3.40882049916069e-06,0.0127480608811487,0.499843753353606,0.89056903457283,0.890488668668499,0.890524039810928,0.890604606773165,-0.978361678583843,-0.206901971671529,-0.999999999999367,0.10345098583542,-0.489180839290479,4.98843080250474e-13,0.0254786850875264,3.07203906745265e-15,4.92079632679433,-1.17408829419999e-14,0.0127379642693685,0.499837717930802,0.89056855678531,0.890486254400714,0.890524522155222,0.890606824539818
337,-0.976288481234724,-0.216767444476883,-1.00000161198127,0.108375375780682,-0.488153535761518,-2.40460930458364e-07,0.0254787162999611,4.4174326081706e-07,4.93085467513901,5.35686709481024e-06,0.0127466023264586,0.499843738347454,0.890568809655446,0.890488566331,0.890524272692027,0.890604698419968,-0.976243775674344,-0.2166750803855,-0.999999999999357,0.1083375401924,-0.488121887835722,5.02715538160366e-13,0.0254786850875261,3.24089358064586e-15,4.93079632679432,-1.17697808396277e-14,0.0127379642693685,0.499837717930802,0.89056855678531,0.890486254400714,0.890524522155222,0.890606824539818
338,-0.974072198766286,-0.226519514993912,-1.0000016168907,0.113251027142999,-0.487045383906161,-2.50350910256e-07,0.0254788459812877,5.95209282645734e-07,4.94085479938286,7.04382770605465e-06,0.0127450683938447,0.499843724758228,0.890568599183879,0.890488426214922,0.890524490705014,0.890604828554148,-0.974028249200813,-0.226426521771993,-0.999999999999347,0.113213260885641,-0.487014124598948,5.06587996070258e-13,0.0254786850875259,3.41110322710249e-15,4.94079632679432,-1.17986180217809e-14,0.0127379642693685,0.499837717930802,0.89056855678531,0.890486254400714,0.890524522155222,0.890606824539818
339,-0.971758515506063,-0.236248934940343,-1.00000162198959,0.118115374953783,-0.485888498303186,-2.59382571175014e-07,0.025479008046949,7.16122025120027e-07,4.95085492257596,8.4563239103207e-06,0.0127434981952555,0.499843712490181,0.890568405625013,0.890488253065119,0.890524691294028,0.890604992534239,-0.971715320714049,-0.236155320694997,-0.999999999999337,0.118077660347137,-0.485857660355557,5.10460453980151e-13,0.0254786850875257,3.58270065233989e-15,4.95079632679431,-1.18273947149415e-14,0.0127379642693684,0.499837717930802,0.89056855678531,0.890486254400714,0.890524522155222,0.890606824539818
340,-0.969347662324747,-0.245954730834228,-1.00000162725941,0.122967939279877,-0.484682999094991,-2.67425669416088e-07,0.0254791965888199,8.03834364366411e-07,4.96085504473464,9.58650466011218e-06,0.0127419285737522,0.499843701431146,0.890568231319222,0.890488052555362,0.890524872010357,0.890605184809781,-0.969305221504974,-0.245860504282728,-0.999999999999327,0.122930252140996,-0.484652610751012,5.14332911890043e-13,0.0254786850875255,3.75568585635808e-15,4.96079632679431,-1.1856111713199e-14,0.0127379642693684,0.499837717930802,0.89056855678531,0.890486254400714,0.890524522155222,0.890606824539818
341,-0.96683987968971,-0.255635931646606,-1.00000163267935,0.127808240386655,-0.483429011419227,-2.74379932705181e-07,0.025479405582419,8.58475085995427e-07,4.97085516589115,1.04297293615216e-05,0.0127403946314119,0.499843691460112,0.890568076573597,0.89048782680103,0.890525032521675,0.890605403285067,-0.966798192581501,-0.255541102024912,-0.999999999999317,0.127770551012083,-0.483399096289267,5.18205369799935e-13,0.0254786850875253,3.93007778101162e-15,4.9707963267943,-1.18847688558866e-14,0.0127379642693684,0.499837717930802,0.89056855678531,0.890486254400714,0.890524522155222,0.890606824539818
342,-0.964235417661015,-0.265291568900304,-1.00000163822688,0.132635798740916,-0.482126665298967,-2.80175943161046e-07,0.0254796289531085,8.8091734275698e-07,4.98085528609261,1.09863915465688e-05,0.0127389293982492,0.49984368244259,0.890567944607727,0.890487582865105,0.890525169493514,0.89060564103241,-0.964194484644432,-0.265196145869845,-0.999999999999307,0.132598072934543,-0.482097242320724,5.22077827709827e-13,0.0254786850875251,4.10587323706089e-15,4.9807963267943,-1.19133663152124e-14,0.0127379642693683,0.499837717930802,0.89056855678531,0.890486254400714,0.890524522155222,0.890606824539818
343,-0.961534535887231,-0.274920676766581,-1.00000164387841,0.137450135031599,-0.480776095537515,-2.84775868635347e-07,0.0254798607558976,8.72705700177022e-07,4.99085540539879,1.12694103340321e-05,0.0127375598833148,0.499843674216919,0.890567839682129,0.890487335130755,0.890525278504065,0.890605883853296,-0.961494358062393,-0.274824670321186,-0.999999999999297,0.137412335160208,-0.480747179029696,5.2595028561972e-13,0.0254786850875249,4.28305647189094e-15,4.9907963267943,-1.19419044861783e-14,0.0127379642693683,0.499837717930802,0.89056855678531,0.890486254400714,0.890524522155222,0.890606824539818
344,-0.958737503600422,-0.284522292159757,-1.00000164960988,0.142250770234426,-0.479377441622392,-2.88170706008558e-07,0.025480095401894,8.35931947387299e-07,5.00085552387857,1.12962808587937e-05,0.0127363094961425,0.499843666616138,0.890567760174857,0.890487083350157,0.890525361217367,0.890606131934891,-0.95869808284579,-0.284425712534515,-0.999999999999286,0.142212856266867,-0.479349041421386,5.29822743529612e-13,0.0254786850875247,4.46162070923819e-15,5.00079632679429,-1.19703841454912e-14,0.0127379642693683,0.499837717930802,0.89056855678531,0.890486254400714,0.890524522155222,0.890606824539818
345,-0.955844599609564,-0.294095454830003,-1.00000165539731,0.147037225696434,-0.477930847636989,-2.90377628292355e-07,0.0254803276738507,7.731904932507e-07,5.01085564160896,1.10854632090551e-05,0.0127351990841232,0.499843659475783,0.890567705821153,0.890486832421248,0.89052541788295,0.8906063803819,-0.955805938619815,-0.293998312413612,-0.999999999999275,0.146999156206409,-0.477902969308391,5.33695201439504e-13,0.0254786850875245,4.64155691408455e-15,5.01079632679429,-1.19988049652242e-14,0.0127379642693682,0.499837717930802,0.89056855678531,0.890486254400714,0.890524522155222,0.890606824539818
346,-0.95285611229225,-0.30363920745443,-1.00000166121733,0.151809023224932,-0.476436462178992,-2.91437931332716e-07,0.0254805527970137,6.87492820853809e-07,5.02085575867304,1.0660354096642e-05,0.0127342440224898,0.499843652630517,0.890567676156276,0.890486590004655,0.890525448962024,0.89060662151803,-0.952818214596481,-0.303541512706464,-0.999999999999264,0.151770756352829,-0.476409107296716,5.37567659349396e-13,0.0254786850875243,4.82288089771168e-15,5.02079632679428,-1.20271673362646e-14,0.0127379642693682,0.499837717930802,0.89056855678531,0.890486254400714,0.890524522155222,0.890606824539818
347,-0.949772339584439,-0.313152595726651,-1.00000166704759,0.156565685195924,-0.474894438290548,-2.91414467876127e-07,0.0254807665348674,5.82151775623879e-07,5.03085587515714,1.00473962685147e-05,0.0127334551548671,0.499843645918781,0.890567669934726,0.890486359402441,0.89052545573131,0.890606851990575,-0.949735209545701,-0.313054359100996,-0.999999999999253,0.156527179550089,-0.474867604771317,5.41440117259289e-13,0.0254786850875241,5.0055926601196e-15,5.03079632679428,-1.20554717271096e-14,0.0127379642693682,0.499837717930802,0.89056855678531,0.890486254400714,0.890524522155222,0.890606824539818
348,-0.946593588967863,-0.322634668445066,-1.00000167286721,0.161306734677621,-0.473304933399383,-2.90387612755704e-07,0.0254809652395083,4.6068033265381e-07,5.04085599114854,9.27627704759972e-06,0.0127328364823894,0.499843639192097,0.890567684399845,0.890486148856504,0.890525441027511,0.890607063428619,-0.946557231765409,-0.322535900320496,-0.999999999999241,0.161267950159833,-0.473278615881163,5.45312575169181e-13,0.0254786850875239,5.18959142213493e-15,5.04079632679427,-1.20837184139395e-14,0.0127379642693681,0.499837717930802,0.89056855678531,0.890486254400714,0.890524522155222,0.890606824539818
349,-0.943320177454814,-0.332084477600116,-1.00000167865704,0.166031695569861,-0.471668109275383,-2.8845376319039e-07,0.0254811459002549,3.26668428664791e-07,5.0508561067328,8.37567219404805e-06,0.012732391046557,0.49984363230858,0.890567719187524,0.890485953682069,0.890525405234284,0.890607260502999,-0.943284599050737,-0.331985188218743,-0.99999999999923,0.16599259410895,-0.471642299523818,5.49185033079073e-13,0.0254786850875237,5.37464051791202e-15,5.05079632679427,-1.21119074798343e-14,0.0127379642693681,0.499837717930802,0.89056855678531,0.890486254400714,0.890524522155222,0.890606824539818
350,-0.939952431570115,-0.341501078460723,-1.00000168440002,0.170740092742078,-0.469984131990043,-2.85721462838162e-07,0.0254813060974066,1.83792244806178e-07,5.06085622199422,7.37367628328479e-06,0.0127321195599505,0.499843625138475,0.89056777142054,0.890485779381664,0.890525351320708,0.890607437575864,-0.939917638662227,-0.341401277874821,-0.999999999999219,0.170700638936983,-0.469958819329555,5.53057490988965e-13,0.0254786850875235,5.56073044777471e-15,5.06079632679426,-1.21400393891773e-14,0.0127379642693681,0.499837717930802,0.89056855678531,0.890486254400714,0.890524522155222,0.890606824539818
351,-0.936490687330371,-0.350883529659944,-1.00000169008135,0.175431452170136,-0.468253171880236,-2.82308489060829e-07,0.0254814440245189,3.57108102645351e-08,5.07085633701368,6.29942330227147e-06,0.0127320183843603,0.499843617563596,0.890567839419367,0.890485627831576,0.890525281016938,0.890607592706072,-0.936456687293114,-0.350783227687612,-0.999999999999208,0.175391613843372,-0.46822834364499,5.56929948898858e-13,0.0254786850875234,5.74786121172297e-15,5.07079632679426,-1.21681141665411e-14,0.012737964269368,0.499837717930802,0.89056855678531,0.890486254400714,0.890524522155222,0.890606824539818
352,-0.932935290220403,-0.360230893280008,-1.00000169568862,0.180105301081218,-0.466475403523419,-2.78335280639342e-07,0.0254815584912282,-1.14039716859556e-07,5.08085645186645,5.18163503728056e-06,0.0127320748246052,0.499843609506076,0.890567914544393,0.890485506699606,0.890525203263356,0.890607717799237,-0.932902091035651,-0.360130099469952,-0.999999999999197,0.180065049734536,-0.46645104551625,5.6080240680875e-13,0.0254786850875232,5.93603280975683e-15,5.08079632679425,-1.21961321330826e-14,0.012737964269368,0.499837717930802,0.89056855678531,0.890486254400714,0.890524522155222,0.890606824539818
353,-0.929286595166697,-0.369542234937077,-1.00000170121187,0.184761168107849,-0.464651005736933,-2.73929427868828e-07,0.0254816489079534,-2.62196358387889e-07,5.0908565666192,4.04840909869545e-06,0.0127322798564581,0.499843600872179,0.890568006036105,0.890485406198634,0.890525108515812,0.890607823100799,-0.929254205346499,-0.369440958542453,-0.999999999999186,0.18472047927078,-0.464627102671666,5.64674864718642e-13,0.025478685087523,6.12524524187627e-15,5.09079632679425,-1.22240937061794e-14,0.0127379642693679,0.499837717930802,0.89056855678531,0.890486254400714,0.890524522155222,0.890606824539818
354,-0.925544966507788,-0.378816623865983,-1.00000170664376,0.18939858343618,-0.462780161565594,-2.69219559445442e-07,0.0254817152677876,-4.05610483681997e-07,5.10085668133353,2.9263521242426e-06,0.0127326246429541,0.499843591577046,0.890568104741181,0.890485332503991,0.890525006236896,0.890607902000493,-0.92551339501119,-0.378714873826965,-0.999999999999175,0.18935743691303,-0.462756697504003,5.68547322628534e-13,0.0254786850875228,6.31549850808129e-15,5.10079632679424,-1.22519992595204e-14,0.0127379642693679,0.499837717930802,0.89056855678531,0.890486254400714,0.890524522155222,0.890606824539818
355,-0.921710777961768,-0.38805313300457,-1.00000171197943,0.194017078948203,-0.460863058265818,-2.64327208744017e-07,0.0254817580961499,-5.41422740566383e-07,5.11085679606261,1.83871155174006e-06,0.0127330907768599,0.499843581585687,0.890568204522867,0.89048528667132,0.89052490275739,0.890607953178055,-0.921680034107639,-0.38795091793969,-0.999999999999164,0.193975458969386,-0.460840017052219,5.72419780538427e-13,0.0254786850875227,6.5067926083719e-15,5.11079632679424,-1.22798487562335e-14,0.0127379642693679,0.499837717930802,0.89056855678531,0.890486254400714,0.890524522155222,0.890606824539818
356,-0.917784412590931,-0.397250839078034,-1.0000017172164,0.198616188365396,-0.458899887320492,-2.59368959669128e-07,0.0254817783795296,-6.67176013282917e-07,5.12085691084904,8.06201051735574e-07,0.0127336585420184,0.499843570877744,0.890568305124424,0.890485266847614,0.8905247983614,0.890607978464754,-0.917754505968741,-0.397148167283912,-0.999999999999153,0.19857408364149,-0.458877252982762,5.76292238448319e-13,0.0254786850875225,6.6991275427481e-15,5.12079632679423,-1.23076427102293e-14,0.0127379642693678,0.499837717930802,0.89056855678531,0.890486254400714,0.890524522155222,0.890606824539818
357,-0.913766262763593,-0.406408822683674,-1.00000172235447,0.203195447386543,-0.456890844460156,-2.54454248826557e-07,0.0254817775168564,-7.80811218774164e-07,5.13085702572531,-1.53405805593183e-07,0.0127343086066009,0.499843559448667,0.890568403793193,0.890485270811281,0.890524695930127,0.890607979915767,-0.91373720314404,-0.406305702142361,-0.999999999999142,0.203152851070708,-0.456868601570403,5.80164696358211e-13,0.0254786850875223,6.89250331120989e-15,5.13079632679423,-1.23353811932336e-14,0.0127379642693678,0.499837717930802,0.89056855678531,0.890486254400714,0.890524522155222,0.890606824539818
358,-0.909656730113238,-0.415526168376042,-1.00000172739554,0.207754393816625,-0.454836129682976,-2.49684883657541e-07,0.0254817572596847,-8.80670559268915e-07,5.1408571407141,-1.02346800867819e-06,0.0127350221282918,0.499843547298437,0.890568501408378,0.890485298108424,0.890524594565881,0.890607958029568,-0.90962852736047,-0.415422606769183,-0.99999999999913,0.207711303384113,-0.45481426367861,5.84037154268104e-13,0.0254786850875222,7.08691991375726e-15,5.14079632679423,-1.23630646605019e-14,0.0127379642693678,0.499837717930802,0.89056855678531,0.890486254400714,0.890524522155222,0.890606824539818
359,-0.905456225495154,-0.424601964752476,-1.00000173234343,0.21229256769086,-0.452735947271888,-2.45151225483353e-07,0.02548171968411,-9.65490418605493e-07,5.15085725582863,-1.79115131613456e-06,0.0127357799050343,0.499843534447392,0.890568592980774,0.890485345207817,0.890524499442952,0.890607916085263,-0.905428889482186,-0.424497969481512,-0.999999999999118,0.212248984740271,-0.452714444739459,5.87909612177996e-13,0.025478685087522,7.28238294272547e-15,5.15079632679422,-1.23906931265536e-14,0.0127379642693677,0.499837717930802,0.89056855678531,0.890486254400714,0.890524522155222,0.890606824539818
360,-0.90116516894066,-0.43363530453898,-1.00000173720366,0.216809511387849,-0.450590505814691,-2.40930125164128e-07,0.0254816670749333,-1.03441935538312e-06,5.16085737107289,-2.4489716604876e-06,0.0127365624890944,0.499843520940464,0.890568676260449,0.890485409001786,0.890524412900573,0.890607857073685,-0.901138709469475,-0.43353088275064,-0.999999999999106,0.216765441374828,-0.450569354733096,5.91782070087888e-13,0.0254786850875218,7.47889239811454e-15,5.16079632679422,-1.24182671558765e-14,0.0127379642693677,0.499837717930802,0.89056855678531,0.890486254400714,0.890524522155222,0.890606824539818
361,-0.896783989609256,-0.442625284676579,-1.00000174198314,0.221304769726253,-0.448400018230241,-2.37085345002733e-07,0.0254816018349834,-1.08700747568329e-06,5.17085748644224,-2.9932749204306e-06,0.012737351717883,0.499843506836724,0.890568749924534,0.89048548602055,0.890524336333302,0.890607784371778,-0.896758416336764,-0.442520443292767,-0.999999999999094,0.221260221645885,-0.448379208166732,5.9565452799778e-13,0.0254786850875216,7.67642866017564e-15,5.17079632679421,-1.24457866473051e-14,0.0127379642693677,0.499837717930802,0.89056855678531,0.890486254400714,0.890524522155222,0.890606824539818
362,-0.892313125738962,-0.451571006408206,-1.00000174668994,0.225777890048595,-0.446164701794302,-2.33669844525524e-07,0.0254815264344455,-1.12318290651087e-06,5.18085760192427,-3.41964661589174e-06,0.0127381299796239,0.499843492191483,0.890568815888958,0.890485578322152,0.890524267773504,0.890607696020293,-0.892288448109716,-0.451465752159331,-0.999999999999081,0.225732876079161,-0.4461442240532,5.99526985907673e-13,0.0254786850875215,7.87501549149345e-15,5.18079632679421,-1.24732507842116e-14,0.0127379642693676,0.499837717930802,0.89056855678531,0.890486254400714,0.890524522155222,0.890606824539818
363,-0.887753024595008,-0.460471575366057,-1.00000175133306,0.230228422305882,-0.443884778160731,-2.30723566234454e-07,0.0254814434272392,-1.14324382410194e-06,5.19085771749886,-3.72603223821679e-06,0.012738880848481,0.499843477068206,0.890568871521743,0.890485680432093,0.890524209958765,0.890607597345454,-0.887729251781429,-0.460365914826899,-0.999999999999069,0.230182957412938,-0.443864625889048,6.03399443817565e-13,0.0254786850875213,8.07465445066948e-15,5.1907963267942,-1.25006598332399e-14,0.0127379642693676,0.499837717930802,0.89056855678531,0.890486254400714,0.890524522155222,0.890606824539818
364,-0.88310414241686,-0.469326101659342,-1.00000175592217,0.234655919134512,-0.441560473380338,-2.28272053513801e-07,0.0254813553480548,-1.14782123229041e-06,5.20085783313951,-3.91537697648802e-06,0.0127395899808353,0.499843461544171,0.890568915760515,0.890485788616325,0.890524163994025,0.890607492022867,-0.883081283267737,-0.469220041286621,-0.999999999999057,0.234610020642793,-0.441540641632193,6.07271901727457e-13,0.0254786850875211,8.2753342439311e-15,5.2007963267942,-1.25280158453147e-14,0.0127379642693676,0.499837717930802,0.89056855678531,0.890486254400714,0.890524522155222,0.890606824539818
365,-0.878366944363903,-0.478133699962416,-1.00000176046732,0.239059935914696,-0.439192017919548,-2.26327785115115e-07,0.0254812646338438,-1.13783688357914e-06,5.21085794881455,-3.99354677665549e-06,0.0127402451756658,0.499843445701951,0.89056894842211,0.890485899820763,0.890524130080338,0.890607383081724,-0.878345007361616,-0.47802724613323,-0.999999999999045,0.23901362306609,-0.439172503679125,6.1111785775091e-13,0.0254786850875209,8.47708075202677e-15,5.21079632679419,-1.25553177500069e-14,0.0127379642693675,0.499837717930802,0.89056855678531,0.890486254400714,0.890524522155222,0.890606824539818
366,-0.87354190446009,-0.486893489603253,-1.00000176497867,0.243440030816392,-0.436779646676297,-2.24891416531719e-07,0.0254811735757256,-1.11446090007521e-06,5.22085806448825,-3.96793775949788e-06,0.012740836036311,0.499843429625288,0.890568969842865,0.890486012258443,0.890524107882207,0.890607272312566,-0.873520897686712,-0.486786648653581,-0.999999999999032,0.243393324326259,-0.436760448841664,6.14954788524014e-13,0.0254786850875208,8.67987690792908e-15,5.22079632679419,-1.25825671220365e-14,0.0127379642693675,0.499837717930802,0.89056855678531,0.890486254400714,0.890524522155222,0.890606824539818
367,-0.868629505537752,-0.495604594652206,-1.00000176946629,0.247795764837439,-0.434323598992098,-2.2395246101628e-07,0.0254810842883941,-1.07907106507749e-06,5.23085818012181,-3.84782180109842e-06,0.0127413547369688,0.499843413397365,0.890568980482159,0.890486122375878,0.890524096931388,0.890607163272972,-0.868609436649971,-0.49549737291472,-0.99999999999902,0.247748686456822,-0.434304718323286,6.18791719297118e-13,0.0254786850875206,8.88371389791697e-15,5.23079632679418,-1.26097641104969e-14,0.0127379642693675,0.499837717930802,0.89056855678531,0.890486254400714,0.890524522155222,0.890606824539818
368,-0.863630239180737,-0.504266144010956,-1.00000177393995,0.252126701832872,-0.431824118659156,-2.23491071406884e-07,0.0254809986781,-1.03320686403608e-06,5.24085829567452,-3.64250481991743e-06,0.0127417940796338,0.499843397100235,0.890568980685772,0.890486231335955,0.890524096881913,0.890607054821662,-0.863611115393404,-0.504158547851481,-0.999999999999008,0.252079273925195,-0.431805557694994,6.22628650070222e-13,0.0254786850875204,9.08859172199044e-15,5.24079632679418,-1.26369077482329e-14,0.0127379642693674,0.499837717930802,0.89056855678531,0.890486254400714,0.890524522155222,0.890606824539818
369,-0.858544605666988,-0.512877271501574,-1.00000177840893,0.256432408542374,-0.429281453924964,-2.23478489619595e-07,0.025480918444695,-9.78556325271522e-07,5.25085841110389,-3.36262064536399e-06,0.0127421493256249,0.499843380812421,0.890568971384135,0.890486334333761,0.890524106769026,0.89060695178859,-0.858526433744973,-0.512769307353587,-0.999999999998996,0.256384653676241,-0.42926321687077,6.26465580843326e-13,0.0254786850875202,9.29451038014951e-15,5.25079632679417,-1.26639996100087e-14,0.0127379642693674,0.499837717930802,0.89056855678531,0.890486254400714,0.890524522155222,0.890606824539818
370,-0.853373113910631,-0.521437115955641,-1.00000178288184,0.260712454610672,-0.426695857491998,-2.23878122250188e-07,0.0254808450381613,-9.16885292468342e-07,5.26085852636744,-3.0202154706137e-06,0.0127424183255268,0.499843364608919,0.89056895324503,0.890486430301138,0.890524125906777,0.890606855268849,-0.853355900168603,-0.521328790352264,-0.999999999998984,0.260664395175573,-0.426677950082577,6.3030251161643e-13,0.0254786850875201,9.50146987239415e-15,5.26079632679417,-1.26910392243618e-14,0.0127379642693674,0.499837717930802,0.89056855678531,0.890486254400714,0.890524522155222,0.890606824539818
371,-0.848116281403745,-0.529944821303288,-1.00000178736651,0.264966412598816,-0.424067586511964,-2.24647121654061e-07,0.0254807796461366,-8.49997302653164e-07,5.27085864142348,-2.62781159867793e-06,0.0127426011288379,0.499843348558004,0.890568927602754,0.890486517009703,0.890524152908638,0.890606767547812,-0.848100031713344,-0.529836140906345,-0.999999999998971,0.264918070452607,-0.424050015854939,6.34139442389534e-13,0.0254786850875199,9.70947019872439e-15,5.27079632679416,-1.27180268409578e-14,0.0127379642693673,0.499837717930802,0.89056855678531,0.890486254400714,0.890524522155222,0.890606824539818
372,-0.842774634157973,-0.538399536662089,-1.00000179186987,0.269193857990123,-0.421396902574813,-2.25737813996548e-07,0.0254807231848834,-7.79683286734386e-07,5.28085875623219,-2.19804035299586e-06,0.0127426997141442,0.499843332720528,0.890568895496869,0.89048659370182,0.890524186695904,0.890606689432479,-0.842759353961663,-0.538290508287864,-0.999999999998959,0.269145254143359,-0.42137967697909,6.37976373162638e-13,0.0254786850875197,9.91849958780234e-15,5.28079632679416,-1.27449634227284e-14,0.0127379642693673,0.499837717930802,0.89056855678531,0.890486254400714,0.890524522155222,0.890606824539818
373,-0.837348706646051,-0.546800416425669,-1.00000179639783,0.273394369192077,-0.418684071692565,-2.2709915493875e-07,0.0254806763035812,-7.07684267809381e-07,5.29085887075638,-1.74319774505227e-06,0.0127427182085525,0.499843317145722,0.89056885882412,0.890486658901526,0.890524225286126,0.890606622494042,-0.837334400976883,-0.546691047067128,-0.999999999998946,0.273345523532984,-0.418667200486692,6.41813303935742e-13,0.0254786850875196,1.0128316830459e-14,5.29079632679416,-1.27718484953729e-14,0.0127379642693673,0.499837717930802,0.89056855678531,0.890486254400714,0.890524522155222,0.890606824539818
374,-0.831839041743331,-0.555146620351932,-1.00000180095529,0.277567527535362,-0.415929364277189,-2.28678159926275e-07,0.0254806393936133,-6.35651678383781e-07,5.30085898496215,-1.27497750804667e-06,0.0127426611104384,0.499843301878683,0.89056881740334,0.890486713751517,0.890524268875773,0.890606565588115,-0.831825715249782,-0.55503691719726,-0.999999999998933,0.277518458598043,-0.415912857623133,6.45650234708846e-13,0.0254786850875195,1.0338827962506e-14,5.30079632679415,-1.2798682360347e-14,0.0127379642693672,0.499837717930802,0.89056855678531,0.890486254400714,0.890524522155222,0.890606824539818
375,-0.82624619066932,-0.563437313650823,-1.00000180554605,0.281712917273673,-0.41313305511683,-2.30421120458112e-07,0.0254806126025197,-5.6515314803074e-07,5.31085909881869,-8.04568730700021e-07,0.0127425330157708,0.499843286961683,0.890568772155941,0.890486757730446,0.890524316508557,0.890606519279697,-0.826233847644342,-0.563327284098201,-0.999999999998919,0.281663642048506,-0.413116923820405,6.4948716548195e-13,0.0254786850875193,1.05500216901707e-14,5.31079632679415,-1.2825465865812e-14,0.0127379642693672,0.499837717930802,0.89056855678531,0.890486254400714,0.890524522155222,0.890606824539818
376,-0.820570712929215,-0.571671667071613,-1.00000181017287,0.285830125584831,-0.4102954233517,-2.32274632762498e-07,0.0254805958434214,-4.97648477784178e-07,5.32085921229872,-3.42627344812148e-07,0.0127423404071018,0.499843272426659,0.890568725044343,0.890486789832939,0.890524366144385,0.890606484660384,-0.820559357342664,-0.57156131874017,-0.999999999998906,0.285780659369484,-0.410279678669558,6.53324096255055e-13,0.0254786850875192,1.07618946580521e-14,5.32079632679414,-1.28521985186808e-14,0.0127379642693671,0.499837717930802,0.89056855678531,0.890486254400714,0.890524522155222,0.890606824539818
377,-0.814813176255418,-0.579848856989657,-1.00000181483743,0.289918742569774,-0.407416752444419,-2.34186790128037e-07,0.0254805888114004,-4.34445604027969e-07,5.3308593253793,1.01148586789219e-07,0.0127420916296051,0.49984325829363,0.890568677681452,0.890486809877761,0.890524416105443,0.890606461986001,-0.81480281178905,-0.579738197726565,-0.999999999998893,0.289869098862674,-0.407401405892742,6.57161027028159e-13,0.025478685087519,1.09744536860545e-14,5.33079632679414,-1.2878882002043e-14,0.0127379642693671,0.499837717930802,0.89056855678531,0.890486254400714,0.890524522155222,0.890606824539818
378,-0.808974156549104,-0.58796806549249,-1.0000018195404,0.29397836125018,-0.40449733014387,-2.36108242147576e-07,0.0254805910064822,-3.7667132087277e-07,5.34085943804229,5.18145030293548e-07,0.0127417958834509,0.499843244573828,0.890568631061314,0.890486818255871,0.890524465355369,0.89060645091791,-0.808964786633257,-0.587857103376301,-0.999999999998879,0.293928551687534,-0.404482393314837,6.60997957801263e-13,0.0254786850875189,1.11877112792518e-14,5.34079632679413,-1.29055147387527e-14,0.0127379642693671,0.499837717930802,0.89056855678531,0.890486254400714,0.890524522155222,0.890606824539818
379,-0.803054237821818,-0.596028480465156,-1.00000182428151,0.298008577566999,-0.401537448445059,-2.37993200263882e-07,0.0254806017600108,-3.25257902678112e-07,5.35085955027448,9.01357510830432e-07,0.0127414628960462,0.499843231266586,0.890568586819713,0.890486815912185,0.890524512171083,0.890606450610399,-0.803045865672937,-0.595917223805578,-0.999999999998866,0.297958611902166,-0.401522932834669,6.64834888574367e-13,0.0254786850875188,1.14016736720501e-14,5.35079632679413,-1.29320965998635e-14,0.012737964269367,0.499837717930802,0.89056855678531,0.890486254400714,0.890524522155222,0.890606824539818
380,-0.797054012137087,-0.604029295674696,-1.00000182905961,0.30200899038174,-0.398537403545365,-2.39799995138304e-07,0.0254806202633239,-2.80934612356964e-07,5.36085966206762,1.24384534569211e-06,0.0127411022154455,0.49984321837327,0.89056854379161,0.890486802508366,0.890524557795983,0.890606461328813,-0.797046640795253,-0.603917753009071,-0.999999999998853,0.301958876503905,-0.398523320395818,6.68671819347471e-13,0.0254786850875186,1.16163299542387e-14,5.36079632679412,-1.29586288016747e-14,0.012737964269367,0.499837717930802,0.89056855678531,0.890486254400714,0.890524522155222,0.890606824539818
381,-0.790974079551988,-0.611969710853762,-1.00000183387275,0.305979201478248,-0.39549749580155,-2.41492010435227e-07,0.0254806455706266,-2.44233221179065e-07,5.37085977341822,1.54072519925857e-06,0.012740723512849,0.499843205881746,0.890568505189484,0.890486780484854,0.890524598838621,0.890606480827091,-0.790967711917692,-0.611857890940525,-0.999999999998839,0.305928945469625,-0.39548385595703,6.72508750120575e-13,0.0254786850875185,1.18316801258177e-14,5.37079632679412,-1.29851115440923e-14,0.012737964269367,0.499837717930802,0.89056855678531,0.890486254400714,0.890524522155222,0.890606824539818
382,-0.784815048058649,-0.619848931783359,-1.00000183871831,0.309918815569291,-0.392418029683288,-2.43038206462192e-07,0.0254806766700057,-2.15479714339771e-07,5.38085988432734,1.79014856118645e-06,0.0127403364155628,0.499843193762426,0.890568471695542,0.890486751433035,0.89052463457417,0.89060650756548,-0.784809686928078,-0.619736843592766,-0.999999999998826,0.309868421795737,-0.392404843462215,6.76345680893679e-13,0.0254786850875183,1.20477241867871e-14,5.38079632679411,-1.30115453593317e-14,0.0127379642693669,0.499837717930802,0.89056855678531,0.890486254400714,0.890524522155222,0.890606824539818
383,-0.778577533525537,-0.627666170374576,-1.00000184359313,0.3138274403111,-0.389299313720973,-2.44413073139529e-07,0.0254807125195254,-1.9480463238594e-07,5.39085999480014,1.99082901356159e-06,0.0127399498284931,0.499843181984973,0.890568442866826,0.89048671578078,0.890524665461797,0.890606541105441,-0.778573181623778,-0.627553823077093,-0.999999999998813,0.313776911537893,-0.389286590810056,6.80182611666783e-13,0.0254786850875182,1.22644621371469e-14,5.39079632679411,-1.3037929921101e-14,0.0127379642693669,0.499837717930802,0.89056855678531,0.890486254400714,0.890524522155222,0.890606824539818
384,-0.772262159638416,-0.63542064474929,-1.00000184849356,0.317704686320706,-0.386141660454426,-2.45596673461769e-07,0.0254807520550448,-1.82157390137723e-07,5.4008601048455,2.14214478266024e-06,0.0127395718680699,0.499843170516963,0.890568418949228,0.890486674900307,0.890524691227132,0.890606580108681,-0.772258819650125,-0.635308047702071,-0.999999999998799,0.317654023850375,-0.386129409823221,6.84019542439887e-13,0.0254786850875181,1.24818950953642e-14,5.4007963267941,-1.30642658405426e-14,0.0127379642693669,0.499837717930802,0.89056855678531,0.890486254400714,0.890524522155222,0.890606824539818
385,-0.765869557840939,-0.643111579319851,-1.00000185341562,0.321550167195881,-0.382945386382904,-2.46574713289387e-07,0.0254807942093606,-1.77320192223723e-07,5.41086021447562,2.2439646219175e-06,0.0127392102461764,0.499843159324906,0.890568399875094,0.890486628925692,0.89052471194944,0.890606624435107,-0.765867232438054,-0.642998742051702,-0.999999999998786,0.321499371025183,-0.382933616217177,6.87856473212991e-13,0.0254786850875179,1.27000320091753e-14,5.4107963267941,-1.30905533412125e-14,0.0127379642693668,0.499837717930802,0.89056855678531,0.890486254400714,0.890524522155222,0.890606824539818
386,-0.759400367274816,-0.650738204867775,-1.00000185835512,0.325363499536824,-0.379710811915518,-2.47338516631213e-07,0.0254808379229683,-1.79915749044203e-07,5.42086032370581,2.29733079474587e-06,0.0127388719062135,0.499843148371818,0.890568386131888,0.890486579993343,0.890524727102857,0.890606671991677,-0.75939905914096,-0.650625137062957,-0.999999999998773,0.325312568530803,-0.379699529568622,6.91693403986095e-13,0.0254786850875178,1.29188628123768e-14,5.4207963267941,-1.31167926540225e-14,0.0127379642693668,0.499837717930802,0.89056855678531,0.890486254400714,0.890524522155222,0.890606824539818
387,-0.752855234719519,-0.658299758621446,-1.00000186330771,0.329144302972043,-0.376438261321398,-2.47884822696114e-07,0.0254808821810005,-1.89431145079915e-07,5.43086043255379,2.30513985991712e-06,0.0127385623797506,0.49984313761572,0.890568377798856,0.890486530083189,0.890524736589111,0.890606720820579,-0.752854946570783,-0.658186470102692,-0.999999999998759,0.329093235050663,-0.376427473283526,6.95530334759199e-13,0.0254786850875177,1.31383875049687e-14,5.43079632679409,-1.31429800866315e-14,0.0127379642693668,0.499837717930802,0.89056855678531,0.890486254400714,0.890524522155222,0.890606824539818
388,-0.746234814531394,-0.665795484332809,-1.00000186826907,0.332892200191713,-0.373128062679472,-2.48215443368966e-07,0.0254809260429666,-2.05244865329633e-07,5.44086054103892,2.27112858390748e-06,0.0127382861556394,0.499843127013934,0.890568374627077,0.890486479966449,0.89052474066456,0.890606770145912,-0.746235549133327,-0.665681985043904,-0.999999999998745,0.332840992521261,-0.373117774564789,6.99367265532303e-13,0.0254786850875175,1.33586060869509e-14,5.44079632679409,-1.31691178592248e-14,0.0127379642693667,0.499837717930802,0.89056855678531,0.890486254400714,0.890524522155222,0.890606824539818
389,-0.739539768582056,-0.673224632353075,-1.00000187323493,0.336606816985334,-0.369780547828881,-2.48336735842293e-07,0.0254809686538804,-2.26645646064239e-07,5.45086064918178,2.19950304175907e-06,0.0127380467233334,0.499843116524744,0.890568376243735,0.890486430804064,0.890524739707906,0.890606818800626,-0.739541528762818,-0.673110932341344,-0.99999999999873,0.336555466169974,-0.369770764379527,7.03204196305408e-13,0.0254786850875174,1.35795185583236e-14,5.45079632679408,-1.31952085242025e-14,0.0127379642693667,0.499837717930802,0.89056855678531,0.890486254400714,0.890524522155222,0.890606824539818
390,-0.732770766196001,-0.680586459707432,-1.00000187820121,0.34028778228203,-0.366396052320557,-2.48259456779474e-07,0.0254810092514568,-2.52848513838901e-07,5.46086075700381,2.09427556336505e-06,0.0127378476406791,0.499843106107726,0.890568382740479,0.890486381699484,0.890524733643277,0.890606867675147,-0.732773554855717,-0.680472569106474,-0.999999999998716,0.340236284552531,-0.366386777425968,7.07041127078512e-13,0.0254786850875172,1.38011249190867e-14,5.46079632679408,-1.32212519438142e-14,0.0127379642693667,0.499837717930802,0.89056855678531,0.890486254400714,0.890524522155222,0.890606824539818
391,-0.725928484087416,-0.687880230168804,-1.00000188316408,0.343934728190014,-0.362974915368953,-2.47997789344532e-07,0.025481047164382,-2.8299742812855e-07,5.47086086452728,1.96025404406399e-06,0.0127376908363773,0.499843095723917,0.890568393167188,0.890486335890919,0.890524723424376,0.89060691351757,-0.725932304203773,-0.687766159181752,-0.999999999998701,0.343883079590163,-0.362966152099988,7.10878057851616e-13,0.0254786850875171,1.40234478032512e-14,5.47079632679407,-1.32472453610242e-14,0.0127379642693666,0.499837717930802,0.89056855678531,0.890486254400714,0.890524522155222,0.890606824539818
392,-0.719013606296176,-0.69510521433065,-1.00000188812001,0.347547290040826,-0.359517479805552,-2.475687887616e-07,0.0254810818379115,-3.16215596905662e-07,5.48086097177406,1.80305072352436e-06,0.0127375763702277,0.499843085336531,0.890568407051576,0.890486293910015,0.890524709543177,0.890606955777077,-0.719018460926351,-0.694990973214249,-0.999999999998687,0.347495486606403,-0.359509230461268,7.1471498862472e-13,0.025478685087517,1.42467413891093e-14,5.48079632679407,-1.32731617792844e-14,0.0127379642693666,0.499837717930802,0.89056855678531,0.890486254400714,0.890524522155222,0.890606824539818
393,-0.712026824122868,-0.702260689678859,-1.00000189306584,0.351125106439816,-0.356024092034783,-2.46991861619637e-07,0.0254811128373809,-3.51627508381798e-07,5.49086107876517,1.62817647140386e-06,0.0127375034879616,0.499843074912752,0.890568423737286,0.890486256294187,0.890524692682385,0.890606993885765,-0.712032716402017,-0.702146288728581,-0.999999999998672,0.351073144363561,-0.356016358199093,7.18551919397824e-13,0.0254786850875168,1.44710753547207e-14,5.49079632679406,-1.32989930570155e-14,0.0127379642693666,0.499837717930802,0.89056855678531,0.890486254400714,0.890524522155222,0.890606824539818
394,-0.704968836062806,-0.709345940662782,-1.00000189799884,0.354667819317951,-0.352495101991489,-2.46288343486761e-07,0.0254811398450642,-3.88374420487832e-07,5.50086118552051,1.44089465786719e-06,0.0127374711199083,0.499843064422885,0.890568443049312,0.89048622281984,0.890524673034671,0.890607028053167,-0.704975769199401,-0.70923139019916,-0.999999999998658,0.354615695098843,-0.352487884597777,7.22388850170928e-13,0.0254786850875167,1.46962552458443e-14,5.50079632679406,-1.33247401481749e-14,0.0127379642693666,0.499837717930802,0.89056855678531,0.890486254400714,0.890524522155222,0.890606824539818
395,-0.697840347738998,-0.716360258765423,-1.00000190291668,0.358175073983155,-0.348930863098926,-2.45481371118438e-07,0.0254811626547995,-4.25614568395036e-07,5.51086129205885,1.24631292055016e-06,0.012737478454821,0.499843053837736,0.890568465097449,0.89048619334634,0.890524650494645,0.890607058425641,-0.697848325007345,-0.716245569121743,-0.999999999998644,0.358122784560127,-0.34892416250174,7.26225780944032e-13,0.0254786850875166,1.49221618460007e-14,5.51079632679405,-1.33504034527238e-14,0.0127379642693666,0.499837717930802,0.89056855678531,0.890486254400714,0.890524522155222,0.890606824539818
396,-0.690642071834109,-0.723302942572779,-1.00000190781755,0.36164651917019,-0.345331732225998,-2.44594258865695e-07,0.0254811811702527,-4.62530392438578e-07,5.52086139839781,1.04945518834355e-06,0.0127375230672931,0.499843043134424,0.89056848804355,0.89048616952005,0.890524626952857,0.890607083282861,-0.690651096564326,-0.723188124084284,-0.999999999998629,0.36159406204139,-0.345325548280223,7.30062711717136e-13,0.0254786850875165,1.51487642103745e-14,5.52079632679405,-1.33759828184745e-14,0.0127379642693665,0.499837717930802,0.89056855678531,0.890486254400714,0.890524522155222,0.890606824539818
397,-0.683374728021401,-0.730173297842344,-1.00000191270007,0.365081807093551,-0.341698069647623,-2.43649886338233e-07,0.0254811954007001,-4.98372487675186e-07,5.53086150455285,8.55010644799753e-07,0.012737600962259,0.499843032297161,0.890568511208525,0.89048615142587,0.890524603117674,0.890607102506158,-0.683384803587192,-0.730058360837071,-0.999999999998615,0.365029180417775,-0.341692401791647,7.3389964249024e-13,0.0254786850875164,1.53760604641388e-14,5.53079632679404,-1.34014791944604e-14,0.0127379642693665,0.499837717930802,0.89056855678531,0.890486254400714,0.890524522155222,0.890606824539818
398,-0.676039042894589,-0.736970637570874,-1.00000191756331,0.36848059350327,-0.338030239008993,-2.42670779493659e-07,0.0254812054515475,-5.32474452401216e-07,5.54086161053707,6.67201773111148e-07,0.012737708000896,0.499843021314034,0.890568534333152,0.890486138742834,0.890524579270999,0.890607116393963,-0.676050172699185,-0.736855592362154,-0.9999999999986,0.368427796180309,-0.338025086347636,7.37736573263344e-13,0.0254786850875163,1.56040506072935e-14,5.54079632679404,-1.34268924239213e-14,0.0127379642693665,0.499837717930802,0.89056855678531,0.890486254400714,0.890524522155222,0.890606824539818
399,-0.668635749896569,-0.743694282061438,-1.00000192240681,0.371842537739749,-0.334328607290554,-2.41678671069774e-07,0.0254812115142875,-5.64253956043504e-07,5.55086171636127,4.89785959541789e-07,0.0127378400322063,0.499843010176975,0.890568557049609,0.890486131219945,0.890524555805736,0.890607125170306,-0.668647937357283,-0.743579138942046,-0.999999999998586,0.371789569470247,-0.334323968676676,7.41573504036448e-13,0.0254786850875162,1.58327346398385e-14,5.55079632679403,-1.34522234529131e-14,0.0127379642693665,0.499837717930802,0.89056855678531,0.890486254400714,0.890524522155222,0.890606824539818
400,-0.661165589247081,-0.750343558989777,-1.00000192723051,0.375167302787087,-0.330593544773232,-2.40693961994768e-07,0.0254812138558789,-5.93215382529343e-07,5.56086182203397,3.2599921204185e-07,0.0127379927451451,0.499842998882248,0.890568578877562,0.890486128620855,0.890524533228202,0.890607129041305,-0.661178837778849,-0.75022832822769,-0.999999999998571,0.375114164113061,-0.330589418887451,7.45410434809552e-13,0.0254786850875161,1.60621125617739e-14,5.56079632679403,-1.34774726719617e-14,0.0127379642693665,0.499837717930802,0.890568556785349,0.890486254400753,0.890524522155262,0.890606824539858
401,-0.653629307869313,-0.756917803469971,-1.00000193203474,0.378454555325143,-0.326825425004424,-2.39735186386201e-07,0.0254812128063311,-6.18954251326586e-07,5.57086192756142,1.78426574306172e-07,0.0127381616372033,0.499842987431013,0.890568599261624,0.890486130593488,0.890524512121833,0.890607128323768,-0.653643620867619,-0.756802495305699,-0.999999999998557,0.378401247652058,-0.326821810431828,7.40507689932808e-13,0.025478685087516,1.629251270444e-14,5.57079632679403,-1.35026022151059e-14,0.0127379642693665,0.499837717930802,0.89056855678531,0.890486254400714,0.890524522155222,0.890606824539818
402,-0.646027659315472,-0.763416358119439,-1.0000019368202,0.381703965780256,-0.32302462476514,-2.38819183328631e-07,0.0254812087460452,-6.41160202471196e-07,5.58086203294762,4.92751822180096e-08,0.0127383422100399,0.499842975826925,0.89056861812968,0.890486136928674,0.890524492569856,0.890607123221145,-0.646043040139004,-0.763300982764845,-0.999999999998542,0.381650491381622,-0.323021520067512,7.44344620705912e-13,0.0254786850875159,1.65246535782603e-14,5.58079632679403,-1.34459000346184e-14,0.0127379642693665,0.499837717930802,0.89056855678531,0.890486254400714,0.890524522155222,0.890606824539818
403,-0.638361403691362,-0.769838573123283,-1.00000194158788,0.384915208374701,-0.319191524037385,-2.37960541199559e-07,0.0254812020976422,-6.5961623405287e-07,5.59086213819438,-5.98369333727379e-08,0.0127385299945368,0.49984296407739,0.890568634939691,0.890486147083066,0.890524475141359,0.890607114240077,-0.638377855644743,-0.769723140761796,-0.999999999998528,0.38486157038009,-0.319188927820373,7.48181551479017e-13,0.0254786850875158,1.67588761202517e-14,5.59079632679403,-1.3389352432073e-14,0.0127379642693666,0.499837717930802,0.89056855678531,0.890486254400714,0.890524522155222,0.890606824539818
404,-0.63063130757998,-0.776183806297987,-1.00000194633908,0.38808796117445,-0.315326505972107,-2.37171388745946e-07,0.0254811933106576,-6.7419867292783e-07,5.60086224330146,-1.47936065277405e-07,0.0127387205932414,0.499842952193417,0.890568649457991,0.890486160618604,0.890524460085686,0.890607101800902,-0.630648833896899,-0.776068327086105,-0.999999999998513,0.388034163542236,-0.315324416946443,7.52018482252121e-13,0.0254786850875157,1.69951825673484e-14,5.60079632679403,-1.33329584261259e-14,0.0127379642693667,0.499837717930802,0.89056855678531,0.890486254400714,0.890524522155222,0.890606824539818
405,-0.622838143964186,-0.782451423154483,-1.00000195107526,0.391221906134909,-0.311429956857962,-2.36461071535287e-07,0.0254811828482313,-6.84873806172539e-07,5.61086234826668,-2.14804223226045e-07,0.0127389099125479,0.499842940189636,0.890568661372012,0.89048617669974,0.89052444773488,0.890607086708259,-0.622856747791203,-0.782335907224427,-0.999999999998497,0.391167953611389,-0.311428373893587,7.55855413025226e-13,0.0254786850875156,1.72335517366704e-14,5.61079632679403,-1.32767175903447e-14,0.0127379642693667,0.499837717930802,0.89056855678531,0.890486254400714,0.890524522155222,0.890606824539818
406,-0.614982692148476,-0.7886407969606,-1.00000195579809,0.39431672914404,-0.307502266090626,-2.35836925231139e-07,0.025481171173481,-6.91691896940386e-07,5.62086245308615,-2.60414168275169e-07,0.0127390940325702,0.499842928081654,0.890568670842033,0.890486195406254,0.890524437931643,0.890607068892963,-0.615002376529775,-0.78852525442397,-0.999999999998482,0.394262627211153,-0.307501188262864,7.5969234379833e-13,0.0254786850875155,1.74739432773397e-14,5.62079632679403,-1.3220628894414e-14,0.0127379642693668,0.499837717930802,0.89056855678531,0.890486254400714,0.890524522155222,0.890606824539818
407,-0.60706573767991,-0.794751308802887,-1.00000196050934,0.397372120064129,-0.303543826141659,-2.35303906649163e-07,0.0254811587474227,-6.94783914299313e-07,5.63086255775436,-2.85124254277392e-07,0.012739269355306,0.499842915886684,0.89056867768694,0.890486215886426,0.890524430870124,0.890607049183583,-0.607086505543195,-0.794635749755174,-0.999999999998466,0.397317874876746,-0.303543252769566,7.63529274571434e-13,0.0254786850875154,1.77163952151662e-14,5.63079632679403,-1.31646935232894e-14,0.0127379642693668,0.499837717930802,0.89056855678531,0.890486254400714,0.890524522155222,0.890606824539818
408,-0.599088072268228,-0.800782347647825,-1.00000196521087,0.400387772771677,-0.299555032527004,-2.34864367042374e-07,0.0254811460152983,-6.94352500842393e-07,5.64086266226447,-2.89916449925318e-07,0.0127394327452994,0.499842903623961,0.890568681882092,0.890486237539455,0.890524426581491,0.890607028171653,-0.599109926411965,-0.800666782173596,-0.999999999998451,0.400333391085949,-0.299554963203942,7.67366205344539e-13,0.0254786850875153,1.79607031419002e-14,5.64079632679403,-1.31089124376506e-14,0.0127379642693669,0.499837717930802,0.89056855678531,0.890486254400714,0.890524522155222,0.890606824539818
409,-0.591050493705183,-0.806733310402394,-1.00000196990454,0.403363385194367,-0.295536283775599,-2.34518220372528e-07,0.0254811333956129,-6.90662236963839e-07,5.65086276660855,-2.76258340330353e-07,0.0127395816136778,0.499842891313712,0.890568683506624,0.890486259652468,0.890524424988651,0.890607006562459,-0.59107343678735,-0.806617748581021,-0.999999999998435,0.403308874289653,-0.295536718391626,7.71203136117643e-13,0.0254786850875152,1.82067412746011e-14,5.65079632679403,-1.30532819702156e-14,0.0127379642693669,0.499837717930802,0.89056855678531,0.890486254400714,0.890524522155222,0.890606824539818
410,-0.58295380578318,-0.812603601974017,-1.0000019745922,0.406298659345171,-0.291487981397684,-2.34263108666622e-07,0.025481121270506,-6.8402737627773e-07,5.66086287077792,-2.4599930948083e-07,0.0127397139866809,0.499842878976357,0.8905686827462,0.890486281630009,0.890524425902728,0.890606984951042,-0.582977840311617,-0.812488053885767,-0.99999999999842,0.406244026942018,-0.291488920153752,7.75040066890747e-13,0.0254786850875152,1.84544960607418e-14,5.66079632679403,-1.29978028406974e-14,0.012737964269367,0.499837717930802,0.89056855678531,0.890486254400714,0.890524522155222,0.890606824539818
411,-0.574798818213247,-0.818392635329871,-1.00000197927564,0.409193301353717,-0.287410529852455,-2.34095083631449e-07,0.0254811099803733,-6.74801346649887e-07,5.67086297476342,-2.01053549341858e-07,0.0127398281801822,0.499842866632075,0.890568679724484,0.890486303406585,0.890524429201491,0.890606963408354,-0.574823946537667,-0.818277111062196,-0.999999999998404,0.409138555530223,-0.287411973266768,7.78876997663852e-13,0.0254786850875151,1.87039855703584e-14,5.67079632679402,-1.29424723374178e-14,0.012737964269367,0.499837717930802,0.89056855678531,0.890486254400714,0.890524522155222,0.890606824539818
412,-0.566586346542399,-0.824099831555526,-1.00000198395655,0.412047021496318,-0.283304336514926,-2.34008613850159e-07,0.0254810998230377,-6.63371279518505e-07,5.68086307855547,-1.43455141210673e-07,0.0127399229254,0.49984285430045,0.890568674675442,0.890486324427175,0.890524434643887,0.890606942493192,-0.566612570848082,-0.823984341209414,-0.999999999998389,0.411992170603824,-0.283306285421967,7.82713928436956e-13,0.025478685087515,1.89552098034511e-14,5.68079632679402,-1.28872898967532e-14,0.0127379642693671,0.499837717930802,0.89056855678531,0.890486254400714,0.890524522155222,0.890606824539818
413,-0.558317212070424,-0.829724619912932,-1.00000198863648,0.414859534224397,-0.279169811641924,-2.33996793834381e-07,0.0254810910497331,-6.50147183894422e-07,5.6908631821444,-7.53983658307737e-08,0.0127399974269911,0.499842842000389,0.890568667789335,0.890486344365336,0.890524442036079,0.89060692253719,-0.558344534373588,-0.829609173609162,-0.999999999998373,0.414804586803689,-0.279172267184712,7.86550859210061e-13,0.025478685087515,1.92081665012652e-14,5.69079632679402,-1.28322545683138e-14,0.0127379642693671,0.499837717930802,0.89056855678531,0.890486254400714,0.890524522155222,0.890606824539818
414,-0.549992241766106,-0.835266437897701,-1.00000199331686,0.417630558190928,-0.275007368337287,-2.34051478267417e-07,0.0254810838625771,-6.35552409194267e-07,5.70086328552062,8.08304309768098e-10,0.0127400514260382,0.499842829749565,0.890568659388519,0.890486362733701,0.890524451043858,0.890606904035948,-0.550020663910943,-0.835151045782888,-0.999999999998357,0.417575522890544,-0.275010331953381,7.90387789983165e-13,0.0254786850875149,1.94628375937645e-14,5.70079632679402,-1.27773652388904e-14,0.0127379642693672,0.499837717930802,0.89056855678531,0.890486254400714,0.890524522155222,0.890606824539818
415,-0.541612268182949,-0.840724731295696,-1.00000199799892,0.420359816274817,-0.270817422516088,-2.34163620014703e-07,0.0254810784125811,-6.20012055464729e-07,5.71086338867485,8.28122743716591e-08,0.012740085129288,0.49984281756438,0.890568649717236,0.890486379294996,0.89052446141553,0.890606887235963,-0.541641791840257,-0.840609403547992,-0.999999999998342,0.420304701773087,-0.270820895918029,7.94224720756269e-13,0.0254786850875148,1.97192452065395e-14,5.71079632679402,-1.27226216277727e-14,0.0127379642693672,0.499837717930802,0.89056855678531,0.890486254400714,0.890524522155222,0.890606824539818
416,-0.533178129374431,-0.84609895423889,-1.00000200268372,0.423047035603416,-0.266600392867848,-2.34323152320277e-07,0.0254810747998583,-6.03942404467874e-07,5.7208634915984,1.68307765968064e-07,0.0127400994660703,0.499842805457602,0.890568639381145,0.890486393520326,0.890524472510873,0.890606872689868,-0.533208756041754,-0.845983701073248,-0.999999999998326,0.422991850535706,-0.266604378018769,7.98061651529374e-13,0.0254786850875147,1.99773813446462e-14,5.72079632679402,-1.26680234009541e-14,0.0127379642693673,0.499837717930802,0.89056855678531,0.890486254400714,0.890524522155222,0.890606824539818
417,-0.524690668808827,-0.851388569260468,-1.00000200737209,0.42569194757286,-0.262356700818186,-2.34520212788408e-07,0.0254810730751436,-5.87739210841191e-07,5.73086359428335,2.55070940257369e-07,0.0127400953010744,0.499842793442541,0.890568628070743,0.890486405847165,0.890524484668475,0.890606859952283,-0.524722399811986,-0.85127340093338,-0.999999999998311,0.425636700465763,-0.262361199903877,8.01898582302478e-13,0.0254786850875147,2.02371974385306e-14,5.73079632679402,-1.26135695089606e-14,0.0127379642693673,0.499837717930802,0.89056855678531,0.890486254400714,0.890524522155222,0.890606824539818
418,-0.516150735283635,-0.85659304734917,-1.00000201206471,0.428294287868161,-0.258086770490137,-2.34744836798186e-07,0.0254810732421336,-5.71781698051155e-07,5.74086369672247,3.41027124337544e-07,0.0127400737744648,0.499842781530251,0.890568616449075,0.8904864158354,0.890524497186294,0.89060684949033,-0.516183571779505,-0.856477974162811,-0.999999999998295,0.42823898708047,-0.258091785887627,8.05735513075582e-13,0.0254786850875147,2.0498434188336e-14,5.74079632679402,-1.25592592110357e-14,0.0127379642693674,0.499837717930802,0.89056855678531,0.890486254400714,0.890524522155222,0.890606824539818
419,-0.507559182839601,-0.861711868002841,-1.000002016762,0.430853796482577,-0.253791028664533,-2.34986944380689e-07,0.0254810752610477,-5.56419509581509e-07,5.75086379890948,4.24261675313562e-07,0.0127400365464955,0.499842769728832,0.890568604769248,0.890486423434094,0.890524509802737,0.890606841365995,-0.507593125819998,-0.861596900308554,-0.999999999998278,0.430798450153333,-0.253796562907865,8.09572443848687e-13,0.0254786850875146,2.07610587169221e-14,5.75079632679402,-1.25050918302183e-14,0.0127379642693674,0.499837717930802,0.89056855678531,0.890486254400714,0.890524522155222,0.890606824539818
420,-0.498916870674375,-0.866744519281179,-1.00000202146423,0.433370217735345,-0.249469904738861,-2.35236802436831e-07,0.0254810790524162,-5.41966251561804e-07,5.76086390083911,5.0306894969515e-07,0.012739985515386,0.499842758044129,0.890568593345108,0.890486428638986,0.890524522186376,0.890606835600715,-0.498951920970903,-0.866629667482262,-0.999999999998262,0.433314833740178,-0.249475960483309,8.13409374621791e-13,0.0254786850875146,2.1025071024289e-14,5.76079632679402,-1.24510672023673e-14,0.0127379642693675,0.499837717930802,0.89056855678531,0.890486254400714,0.890524522155222,0.890606824539818
421,-0.49022466305582,-0.871690497857646,-1.00000202617146,0.435843300288636,-0.245123830685025,-2.35485145618541e-07,0.025481084502268,-5.28694502043502e-07,5.77086400250724,5.76003451041635e-07,0.0127399227713304,0.499842746479281,0.890568582440678,0.890486431531191,0.890524534057134,0.89060683212949,-0.490260821345503,-0.871575772411411,-0.999999999998245,0.435787886204743,-0.2451304106706,8.17246305394896e-13,0.0254786850875146,2.12904711104367e-14,5.77079632679402,-1.23971844330559e-14,0.0127379642693675,0.499837717930802,0.89056855678531,0.890486254400714,0.890524522155222,0.890606824539818
422,-0.481483429234989,-0.876549309070526,-1.00000203088357,0.438272797163984,-0.240753241005975,-2.35723364333674e-07,0.025481091467943,-5.16832697996981e-07,5.78086410391086,6.41896694155806e-07,0.0127398504955158,0.499842735034961,0.890568572271091,0.890486432257164,0.890524545184686,0.890606830821672,-0.481520696046518,-0.876434720489629,-0.999999999998228,0.438217360243844,-0.240760348021099,8.21083236168e-13,0.0254786850875145,2.15572589753652e-14,5.78079632679402,-1.23434426013695e-14,0.0127379642693676,0.499837717930802,0.89056855678531,0.890486254400714,0.890524522155222,0.890606824539818
423,-0.472694043358776,-0.881320466973105,-1.00000203560027,0.440658465758502,-0.23635857269134,-2.35943743763057e-07,0.0254810997838513,-5.06563960268706e-07,5.79086420504806,6.99817740095563e-07,0.0127397708660405,0.499842723710042,0.890568562955545,0.890486430981318,0.890524555441974,0.890606831523319,-0.472732419079196,-0.881206025826159,-0.999999999998212,0.440603012912099,-0.236366209537429,8.24920166941104e-13,0.0254786850875145,2.18254346190745e-14,5.79079632679402,-1.22898406234335e-14,0.0127379642693676,0.499837717930802,0.89056855678531,0.890486254400714,0.890524522155222,0.890606824539818
424,-0.463857384382242,-0.886003494382951,-1.00000204032115,0.443000067861058,-0.231940265172384,-2.36139877814473e-07,0.0254811092653911,-4.98026578537002e-07,5.80086430591803,7.48898905978678e-07,0.0127396860058915,0.499842712503742,0.890568554456972,0.890486427735177,0.890524564877887,0.890606834201205,-0.463896869263908,-0.885889211294441,-0.999999999998195,0.442944605646231,-0.231948434629777,8.28757097714209e-13,0.0254786850875145,2.20950025154328e-14,5.80079632679402,-1.22363775367135e-14,0.0127379642693677,0.499837717930802,0.89056855678531,0.890486254400714,0.890524522155222,0.890606824539818
425,-0.454974335980619,-0.8905979229303,-1.00000204504567,0.445297369668327,-0.227498760276815,-2.36306149254182e-07,0.0254811197117325,-4.91314661880164e-07,5.81086440652098,7.88640124724607e-07,0.0127395980427831,0.499842701412186,0.89056854718138,0.890486422897639,0.890524573047616,0.890606838504597,-0.455014930148274,-0.890483808579833,-0.999999999998178,0.445241904288918,-0.227507465071951,8.32594028487313e-13,0.0254786850875144,2.2365955866356e-14,5.81079632679402,-1.21830532190407e-14,0.0127379642693677,0.499837717930802,0.89056855678531,0.890486254400714,0.890524522155222,0.890606824539818
426,-0.446045786460993,-0.895103293105521,-1.00000204977317,0.44755014180094,-0.223034502182551,-2.36438150424299e-07,0.0254811309149856,-4.8647751523682e-07,5.8208645068581,8.18757836597461e-07,0.012739509113293,0.499842690430582,0.890568541089332,0.890486416458699,0.890524580006849,0.890606844439009,-0.446087489918804,-0.894989358226434,-0.999999999998162,0.447494679112209,-0.223043744957207,8.36430959260418e-13,0.0254786850875144,2.26382817383985e-14,5.82079632679402,-1.21298669374878e-14,0.0127379642693678,0.499837717930802,0.89056855678531,0.890486254400714,0.890524522155222,0.890606824539818
427,-0.437072628673665,-0.899519154305651,-1.00000205450294,0.449758159319559,-0.218547937370709,-2.36532383475064e-07,0.0254811426632027,-4.83520769468217e-07,5.83086460693158,8.39304888675266e-07,0.0127394211975717,0.49984267955179,0.890568536399126,0.890486408960733,0.890524585502656,0.890606851485784,-0.43711544131208,-0.899405409683035,-0.999999999998145,0.4497027048405,-0.218557720653837,8.40267890033522e-13,0.0254786850875144,2.29117435271819e-14,5.83079632679402,-1.2076818652524e-14,0.0127379642693679,0.499837717930802,0.89056855678531,0.890486254400714,0.890524522155222,0.890606824539818
428,-0.428055759923184,-0.903845064879985,-1.0000020592342,0.4519212017414,-0.21403951457782,-2.3658664422063e-07,0.0254811547488553,-4.82409740356104e-07,5.84086470674437,8.50495346390323e-07,0.0127393361932226,0.499842668768193,0.890568533043871,0.890486400325774,0.890524589620867,0.890606859717007,-0.428099681525488,-0.903731521348169,-0.999999999998128,0.451865760673058,-0.214049840760532,8.44104820806626e-13,0.0254786850875144,2.31862461500508e-14,5.84079632679402,-1.20239072893171e-14,0.0127379642693679,0.499837717930802,0.89056855678531,0.890486254400714,0.890524522155222,0.890606824539818
429,-0.41899608187905,-0.908080592174701,-1.00000206396613,0.454039053056854,-0.209509684747585,-2.36599796880989e-07,0.0254811669699056,-4.83070990881032e-07,5.85086480630024,8.52729215266142e-07,0.0127392558031202,0.499842658071258,0.890568531065894,0.890486391035481,0.890524592299389,0.890606868664273,-0.419041112127493,-0.907967260614276,-0.999999999998112,0.453983630306102,-0.209520556061526,8.47941751579731e-13,0.0254786850875144,2.34617896070054e-14,5.85079632679402,-1.19711323565298e-14,0.012737964269368,0.499837717930802,0.89056855678531,0.890486254400714,0.890524522155222,0.890606824539818
430,-0.409894500486084,-0.91222531257652,-1.00000206869791,0.456111501746511,-0.204958900982314,-2.36571248824762e-07,0.0254811791371891,-4.85398920934526e-07,5.86086490560351,8.46791532590748e-07,0.0127391813159336,0.499842647450156,0.890568530387549,0.890486381588315,0.890524593601339,0.890606877836671,-0.409940638967485,-0.912112203910957,-0.999999999998095,0.456056101954433,-0.204970319481513,8.51778682352835e-13,0.0254786850875144,2.37383738980456e-14,5.86079632679402,-1.19184930970975e-14,0.012737964269368,0.499837717930802,0.89056855678531,0.890486254400714,0.890524522155222,0.890606824539818
431,-0.400751925874441,-0.916278811555381,-1.00000207342871,0.458138340799466,-0.200387618493692,-2.36501819145088e-07,0.0254811910792874,-4.89262185569977e-07,5.87086500465891,8.33426700943514e-07,0.0127391139792977,0.499842636895151,0.890568530983477,0.890486371701088,0.890524593576979,0.890606887509613,-0.400799172085197,-0.916165936747339,-0.999999999998079,0.458082968372615,-0.20039958604036,8.55615613125939e-13,0.0254786850875144,2.40159990231713e-14,5.87079632679402,-1.18659891141709e-14,0.0127379642693681,0.499837717930802,0.89056855678531,0.890486254400714,0.890524522155222,0.890606824539818
432,-0.391569272269257,-0.920240683706144,-1.00000207815772,0.460119367731319,-0.195796294553606,-2.36393370877505e-07,0.0254812026402547,-4.94502893128344e-07,5.88086510347162,8.13394681528004e-07,0.0127390549177881,0.499842626396973,0.89056853275736,0.890486361755558,0.890524592314789,0.890606897304888,-0.3916176256197,-0.920128053753516,-0.999999999998062,0.460064026875694,-0.195808812807602,8.59452543899044e-13,0.0254786850875144,2.42946649823826e-14,5.88079632679402,-1.18136194587713e-14,0.0127379642693681,0.499837717930802,0.89056855678531,0.890486254400714,0.890524522155222,0.890606824539818
433,-0.382347457899944,-0.924110532789299,-1.00000208288419,0.462054384602012,-0.191185388445038,-2.36248184424376e-07,0.0254812136832937,-5.00943317911511e-07,5.89086520204709,7.87674294624509e-07,0.0127390048267356,0.499842615945591,0.89056853554422,0.890486352157747,0.890524589974247,0.89060690681665,-0.382396917717988,-0.923998158721087,-0.999999999998044,0.46199907935947,-0.191198458856738,8.63289474672148e-13,0.0254786850875144,2.45743717756796e-14,5.89079632679402,-1.17613835513119e-14,0.0127379642693682,0.499837717930802,0.89056855678531,0.890486254400714,0.890524522155222,0.890606824539818
434,-0.373087404909115,-0.927887971770695,-1.00000208760742,0.463943198034754,-0.186555361412703,-2.36069586087483e-07,0.0254812240938073,-5.08392545530593e-07,5.90086530039088,7.57266085587297e-07,0.0127389643377857,0.49984260553158,0.890568539396807,0.890486342766701,0.890524586517377,0.89060691618511,-0.373137970443167,-0.927775864642783,-0.999999999998027,0.463887932320308,-0.186568985219319,8.67126405445253e-13,0.0254786850875144,2.48551194030621e-14,5.90079632679402,-1.17092809373663e-14,0.0127379642693682,0.499837717930802,0.89056855678531,0.890486254400714,0.890524522155222,0.890606824539818
435,-0.363790039261128,-0.931572622860281,-1.00000209232678,0.465785619234802,-0.181906676613591,-2.35861268826409e-07,0.0254812337792523,-5.16647477801396e-07,5.91086539850865,7.23230416911132e-07,0.0127389337589435,0.499842595145766,0.890568543999985,0.890486334090583,0.890524582251351,0.890606924897707,-0.363841709682251,-0.931460793751158,-0.999999999998009,0.465730396874486,-0.181920854838851,8.70963336218357e-13,0.0254786850875144,2.51369034864185e-14,5.91079632679402,-1.16573105553561e-14,0.0127379642693683,0.499837717930802,0.89056855678531,0.890486254400714,0.890524522155222,0.890606824539818
436,-0.354456290650257,-0.935164117549856,-1.0000020970417,0.467581464008759,-0.177239799067556,-2.35627154831775e-07,0.0254812426712353,-5.25502671402505e-07,5.92086549640591,6.86679469957238e-07,0.012738913039172,0.499842584779345,0.890568549239084,0.890486326212797,0.89052457729807,0.89060693286698,-0.354509065053567,-0.935052577556373,-0.999999999997991,0.467526288777084,-0.177254532524501,8.74800266991461e-13,0.0254786850875144,2.54195082951118e-14,5.92079632679402,-1.16054722708274e-14,0.0127379642693683,0.499837717930802,0.89056855678531,0.890486254400714,0.890524522155222,0.890606824539818
437,-0.345087092408463,-0.938662096649834,-1.00000210175171,0.469330552784665,-0.17255519560803,-2.35371223326406e-07,0.0254812507251729,-5.34755478423004e-07,5.93086559408793,6.48672631971631e-07,0.0127389018340794,0.49984257442449,0.890568554831778,0.890486319337509,0.89052457194214,0.890606939878759,-0.345140969813802,-0.938550856883041,-0.999999999997973,0.469275428440408,-0.172570484904609,8.78637197764566e-13,0.0254786850875145,2.57027900198058e-14,5.93079632679402,-1.15537652819704e-14,0.0127379642693684,0.499837717930802,0.89056855678531,0.890486254400714,0.890524522155222,0.890606824539818
438,-0.335683381412762,-0.942066210325026,-1.00000210645643,0.471032710632419,-0.167853334833003,-2.35098085338323e-07,0.0254812579190921,-5.44210947172904e-07,5.94086569155962,6.10215555925715e-07,0.0127388998316106,0.499842564074265,0.890568560923833,0.890486313264763,0.89052456605194,0.890606946135438,-0.335738360764673,-0.941955281906143,-0.999999999997956,0.470977640951949,-0.167869180380035,8.8247412853767e-13,0.0254786850875145,2.59867656338903e-14,5.94079632679402,-1.15021890016787e-14,0.0127379642693684,0.499837717930802,0.89056855678531,0.890486254400714,0.890524522155222,0.890606824539818
439,-0.326246097992185,-0.945376118129437,-1.00000211115555,0.472687767283584,-0.163134687055979,-2.34812437573247e-07,0.0254812642524032,-5.5367995722089e-07,5.95086578882561,5.72240065518187e-07,0.0127389066047681,0.499842553722815,0.890568567207062,0.890486308186265,0.890524559938405,0.890606951433129,-0.326302178159248,-0.945265512186015,-0.999999999997938,0.472632756091875,-0.163151089077314,8.86311059310775e-13,0.0254786850875145,2.62713803696668e-14,5.95079632679402,-1.14507488162771e-14,0.0127379642693685,0.499837717930802,0.89056855678531,0.890486254400714,0.890524522155222,0.890606824539818
440,-0.316776185834356,-0.948591489040093,-1.00000211584887,0.474295557150904,-0.158399724257053,-2.34518746164886e-07,0.0254812697441793,-5.62985095703487e-07,5.96086588589014,5.35600142623708e-07,0.0127389214775187,0.499842543365343,0.890568573551146,0.890486304138016,0.890524553738688,0.890606955730431,-0.316833365607927,-0.948481216702386,-0.99999999999792,0.474240608350051,-0.158416682801644,8.90147990083879e-13,0.0254786850875146,2.65563749272787e-14,5.96079632679402,-1.13994726755077e-14,0.0127379642693685,0.499837717930802,0.89056855678531,0.890486254400714,0.890524522155222,0.890606824539818
441,-0.307274591891666,-0.951712001489878,-1.00000212053628,0.475855919348011,-0.153648920034262,-2.34221682682744e-07,0.0254812744317298,-5.71963443371745e-07,5.97086598275698,5.01109334972667e-07,0.0127389437332672,0.499842532997804,0.890568579942411,0.890486301107323,0.890524547475093,0.890606959039495,-0.307332869984071,-0.951602073887486,-0.999999999997902,0.475801036942591,-0.153666434989708,8.93984920856983e-13,0.0254786850875146,2.68417164295858e-14,5.97079632679402,-1.13483635666299e-14,0.0127379642693685,0.499837717930802,0.89056855678531,0.890486254400714,0.890524522155222,0.890606824539818
442,-0.297742266287064,-0.954737343399414,-1.00000212521774,0.477368697708775,-0.148882749554942,-2.33925421544882e-07,0.0254812783692441,-5.80467985595722e-07,5.98086607942945,4.69444467573778e-07,0.0127389724726671,0.49984252261738,0.890568586047135,0.890486299147684,0.890524541484539,0.890606961291355,-0.297801641329328,-0.954627771658197,-0.999999999997885,0.477313885827936,-0.148900820662327,8.97821851630088e-13,0.0254786850875146,2.7127404876588e-14,5.98079632679402,-1.12974205052789e-14,0.0127379642693686,0.499837717930802,0.89056855678531,0.890486254400714,0.890524522155222,0.890606824539818
443,-0.288180162219459,-0.95766721220796,-1.00000212989332,0.478833740806559,-0.144101689507401,-2.33634053328672e-07,0.025481281624574,-5.8837196053716e-07,5.99086617591032,4.41212993135737e-07,0.0127390067136917,0.499842512222062,0.890568591928485,0.89048629822939,0.890524535713852,0.89060696251923,-0.28824063275862,-0.957558007447262,-0.999999999997867,0.478779003722459,-0.144120316376964,9.01658782403192e-13,0.0254786850875147,2.74134402682855e-14,5.99079632679402,-1.12466427018584e-14,0.0127379642693686,0.499837717930802,0.89056855678531,0.890486254400714,0.890524522155222,0.890606824539818
444,-0.278589235868738,-0.960501314903346,-1.00000213456316,0.480250901973224,-0.139306218052755,-2.33350821479393e-07,0.0254812842776869,-5.95569300220905e-07,6.00086627220182,4.16817724486639e-07,0.0127390453722399,0.499842501811253,0.890568597219988,0.890486298261318,0.890524530530895,0.890606962792073,-0.278650800364837,-0.960392488233545,-0.999999999997849,0.48019624411559,-0.139325400180063,9.05495713176296e-13,0.0254786850875147,2.76998108333403e-14,6.00079632679402,-1.11960295623108e-14,0.0127379642693686,0.499837717930802,0.89056855678531,0.890486254400714,0.890524522155222,0.890606824539818
445,-0.268970446300411,-0.963239368050958,-1.00000213922743,0.481620039317758,-0.134496814777196,-2.33078673841413e-07,0.0254812864156199,-6.01977402196746e-07,6.01086636830561,3.96559990266269e-07,0.0127390873422591,0.499842491385248,0.890568602039746,0.890486299212436,0.890524525827558,0.890606962146802,-0.269033103123226,-0.963130930571328,-0.999999999997831,0.481565465284472,-0.134516551559249,9.09332643949401e-13,0.0254786850875148,2.79862753625834e-14,6.01079632679402,-1.11455804164416e-14,0.0127379642693687,0.499837717930802,0.89056855678531,0.890486254400714,0.890524522155222,0.890606824539818
446,-0.259324755369884,-0.965881097821757,-1.00000214388639,0.48294101574441,-0.129673960644415,-2.32820443661429e-07,0.0254812881321857,-6.07535859332866e-07,6.02086646422281,3.80703076965488e-07,0.0127391315723256,0.499842480945025,0.890568606305401,0.890486300998877,0.890524521691506,0.890606960660617,-0.259388502795497,-0.965773060618662,-0.999999999997814,0.482886530308129,-0.129694251395375,9.13169574722506e-13,0.0254786850875149,2.82727356924182e-14,6.02079632679402,-1.109529412663e-14,0.0127379642693687,0.499837717930802,0.89056855678531,0.890486254400714,0.890524522155222,0.890606824539818
447,-0.249653127626381,-0.968426240019357,-1.00000214854035,0.484213698970119,-0.124838137947859,-2.32578271487127e-07,0.0254812895254405,-6.12206266650954e-07,6.03086655995404,3.69349984089269e-07,0.0127391770124815,0.499842470492546,0.890568609914772,0.890486303496946,0.890524518228899,0.890606958448666,-0.249717963833645,-0.968318614164742,-0.999999999997795,0.484159307081158,-0.12485898191444,9.17006505495611e-13,0.0254786850875149,2.85591958203168e-14,6.03079632679402,-1.10451701721735e-14,0.0127379642693687,0.499837717930802,0.89056855678531,0.890486254400714,0.890524522155222,0.890606824539818
448,-0.23995653021652,-0.970874540106143,-1.00000215318964,0.485437961541275,-0.119989830263267,-2.32353263365296e-07,0.0254812906938133,-6.15971737416103e-07,6.04086665549944,3.62393731273757e-07,0.012739222675788,0.499842460030666,0.890568612786015,0.890486306501756,0.890524515520872,0.890606955705804,-0.240022453283508,-0.970767336656335,-0.999999999997777,0.485383668326944,-0.120011226639362,9.20843436268717e-13,0.025478685087515,2.88456356194246e-14,6.04079632679402,-1.09952076343584e-14,0.0127379642693688,0.499837717930802,0.89056855678531,0.890486254400714,0.890524522155222,0.890606824539818
449,-0.230235932787562,-0.973225753228443,-1.0000021578346,0.486613680849638,-0.115129522401583,-2.32146332956118e-07,0.025481291732654,-6.18835352510927e-07,6.05086675085873,3.59687546044231e-07,0.0127392676367557,0.499842449562685,0.890568614990334,0.890486310029597,0.890524513504927,0.890606952420494,-0.230302940688062,-0.973118983223232,-0.999999999997758,0.486559491610382,-0.11515147034163,9.24680367041822e-13,0.0254786850875151,2.91320731597779e-14,6.05079632679402,-1.0945405640542e-14,0.0127379642693688,0.499837717930802,0.89056855678531,0.890486254400714,0.890524522155222,0.890606824539818
450,-0.220492307390354,-0.975479644240765,-1.00000216247562,0.487740739147542,-0.110257700361763,-2.31958527408356e-07,0.0254812927346864,-6.20819347758349e-07,6.06086684603124,3.61112905937024e-07,0.0127393109919699,0.499842439092415,0.890568616531658,0.890486314053623,0.890524512184816,0.89060694861906,-0.220560397990466,-0.975373318702737,-0.999999999997739,0.487686659350124,-0.110280198992823,9.28517297814927e-13,0.0254786850875151,2.94185107001312e-14,6.06079632679402,-1.08957637310128e-14,0.0127379642693688,0.499837717930802,0.89056855678531,0.890486254400714,0.890524522155222,0.890606824539818
451,-0.210726628381967,-0.977635987729079,-1.00000216711307,0.488819023562536,-0.105374851283284,-2.31790040317194e-07,0.0254812937888853,-6.21964073913149e-07,6.07086694101594,3.66400481527166e-07,0.0127393519597286,0.499842428624127,0.890568617381689,0.890486318304398,0.890524511583273,0.890606944562245,-0.210795799436872,-0.97753011766318,-0.99999999999772,0.488765058830335,-0.105397899716016,9.32354228588033e-13,0.0254786850875152,2.97049482404845e-14,6.07079632679402,-1.08462808976358e-14,0.0127379642693689,0.499837717930802,0.89056855678531,0.890486254400714,0.890524522155222,0.890606824539818
452,-0.200939872328052,-0.979694568033157,-1.00000217174734,0.489848426111065,-0.100481463398816,-2.31640279536086e-07,0.0254812949766687,-6.22324740621309e-07,6.08086703581153,3.7514397308715e-07,0.0127393899062556,0.499842418162247,0.89056861757176,0.890486322661612,0.890524511669493,0.890606940369335,-0.201010121478996,-0.979589164426462,-0.999999999997701,0.489794582211966,-0.100505060737069,9.36191159361138e-13,0.0254786850875153,2.99913857808378e-14,6.08079632679402,-1.0796956576809e-14,0.0127379642693689,0.499837717930802,0.89056855678531,0.890486254400714,0.890524522155222,0.890606824539818
453,-0.19113301790494,-0.981655179267961,-1.0000021763788,0.490828843711049,-0.0955780259870587,-2.31508419877216e-07,0.0254812963703299,-6.21969056636102e-07,6.0908671304165,3.8690852598664e-07,0.01273942428333,0.499842407711398,0.890568617142694,0.890486327068154,0.890524512405886,0.890606936097757,-0.191204342676482,-0.981550253089624,-0.999999999997682,0.490775126543536,-0.0956021713358025,9.40028090134243e-13,0.0254786850875154,3.02778115498532e-14,6.09079632679402,-1.07477898237373e-14,0.0127379642693689,0.499837717930802,0.89056855678531,0.890486254400714,0.890524522155222,0.890606824539818
454,-0.181307045801488,-0.983517625344096,-1.00000218100778,0.491760178193673,-0.090665029325486,-2.31393246635297e-07,0.0254812980324973,-6.20975353066933e-07,6.10086722482919,4.01228881707557e-07,0.0127394546595601,0.499842397276212,0.890568616158458,0.890486331401904,0.890524513725928,0.890606931868992,-0.181379443599037,-0.983413187545432,-0.999999999997663,0.49170659377143,-0.0906897217970707,9.43865020907348e-13,0.0254786850875155,3.05639843383617e-14,6.10079632679402,-1.06987801366875e-14,0.012737964269369,0.499837717930802,0.89056855678531,0.890486254400714,0.890524522155222,0.890606824539818
455,-0.171462938620704,-0.985281719987307,-1.00000218563462,0.492642336314307,-0.0857429646429504,-2.31293334289407e-07,0.0254813000153994,-6.19430039257341e-07,6.11086731904782,4.17621130996948e-07,0.0127394806995255,0.49984238686136,0.890568614663803,0.890486335613073,0.890524515587478,0.890606927733952,-0.171536406728382,-0.985177781501994,-0.999999999997644,0.492588890749701,-0.0857682033617337,9.47701951680454e-13,0.0254786850875156,3.08498256545826e-14,6.11079632679402,-1.06499264662729e-14,0.012737964269369,0.499837717930802,0.89056855678531,0.890486254400714,0.890524522155222,0.890606824539818
456,-0.161601680781163,-0.986947286757035,-1.0000021902596,0.493475229762597,-0.0808123240721546,-2.31206919260904e-07,0.0254813023605844,-6.17425608596386e-07,6.12086741307058,4.35586586099884e-07,0.012739502198304,0.499842376471224,0.890568612749428,0.890486339579573,0.890524517894132,0.890606923815695,-0.161676216360002,-0.986843858501385,-0.999999999997626,0.493421929249385,-0.0808381081775339,9.51538882453559e-13,0.0254786850875157,3.1135367251807e-14,6.12079632679402,-1.06012284310637e-14,0.0127379642693691,0.499837717930802,0.89056855678531,0.890486254400714,0.890524522155222,0.890606824539818
457,-0.151724258418229,-0.988514159064017,-1.00000219488297,0.494258775171656,-0.0758736006019664,-2.31132047642465e-07,0.0254813050985928,-6.1505771993681e-07,6.13086750689566,4.54623837491108e-07,0.0127395190613771,0.49984236610991,0.890568610472015,0.890486343257377,0.890524520589354,0.890606920160551,-0.151799858504715,-0.988411251937293,-0.999999999997607,0.494205625967328,-0.0758999292498813,9.55375813226664e-13,0.0254786850875158,3.14205797798395e-14,6.13079632679402,-1.0552684932218e-14,0.0127379642693691,0.499837717930802,0.89056855678531,0.890486254400714,0.890524522155222,0.890606824539818
458,-0.141831659285095,-0.98998218018693,-1.00000219950495,0.494992894126385,-0.0709272880295772,-2.31066546285761e-07,0.0254813082491105,-6.12423183519596e-07,6.14086760052132,4.74246556359848e-07,0.0127395313088545,0.499842355781003,0.890568607930986,0.890486346566151,0.890524523567592,0.890606916850968,-0.141908320790079,-0.98987980507168,-0.999999999997588,0.494939902534511,-0.0709541603925535,9.5921274399977e-13,0.0254786850875159,3.17054453631768e-14,6.14079632679401,-1.05042952349617e-14,0.0127379642693691,0.499837717930802,0.89056855678531,0.890486254400714,0.890524522155222,0.890606824539818
459,-0.131924872653678,-0.991351203288077,-1.00000220412568,0.495677513170962,-0.065973880912454,-2.31008416143341e-07,0.0254813118212949,-6.09617743298581e-07,6.15086769394589,4.9398369362993e-07,0.0127395390069945,0.499842345488205,0.89056860513474,0.890486349520685,0.890524526827455,0.890606913874011,-0.132002592361621,-0.991249371050458,-0.999999999997569,0.495624685523889,-0.0660012961783148,9.63049674772875e-13,0.025478685087516,3.19899504492917e-14,6.15079632679401,-1.04560589680461e-14,0.0127379642693692,0.499837717930802,0.89056855678531,0.890486254400714,0.890524522155222,0.890606824539818
460,-0.122004889215361,-0.992621091428113,-1.00000220874532,0.496312563815689,-0.0610138745201479,-2.30955831382743e-07,0.0254813158140975,-6.06735580024675e-07,6.16086778716785,5.13381036150819e-07,0.0127395422732177,0.499842335235134,0.890568602161814,0.890486352067386,0.890524530287685,0.890606911285498,-0.122083663783929,-0.992519812918169,-0.99999999999755,0.496259906457734,-0.0610418318894593,9.6688660554598e-13,0.0254786850875161,3.22740995556933e-14,6.16079632679401,-1.04079752911403e-14,0.0127379642693692,0.499837717930802,0.89056855678531,0.890486254400714,0.890524522155222,0.890606824539818
461,-0.112072700981605,-0.9937917175798,-1.00000221336394,0.496897982543215,-0.0560477647859654,-2.30906927688677e-07,0.0254813202166993,-6.03867368657827e-07,6.17086788018582,5.32010415295228e-07,0.0127395413377039,0.499842325024965,0.890568599108458,0.890486354152407,0.890524533847859,0.890606909141875,-0.112152526941595,-0.993691003631685,-0.999999999997531,0.496845501814481,-0.0560762634682829,9.70723536319086e-13,0.0254786850875162,3.25579017173998e-14,6.17079632679401,-1.03600435412762e-14,0.0127379642693692,0.499837717930802,0.89056855678531,0.890486254400714,0.890524522155222,0.890606824539818
462,-0.102129301184452,-0.994862964640803,-1.0000022179816,0.497433710813906,-0.0510760482584432,-2.30859613860039e-07,0.0254813250093304,-6.01097753983691e-07,6.18086797299864,5.49500522105961e-07,0.012739536564803,0.499842314859867,0.890568596103863,0.890486355733983,0.890524537367995,0.890606907488921,-0.102210174940028,-0.994762826072911,-0.999999999997511,0.497381413035083,-0.0511050874674898,9.74560467092191e-13,0.0254786850875163,3.28413525562994e-14,6.18079632679401,-1.03122624899518e-14,0.0127379642693693,0.499837717930802,0.89056855678531,0.890486254400714,0.890524522155222,0.890606824539818
463,-0.0921756841769195,-0.9958347254455,-1.00000222259832,0.497919695070292,-0.0460992220525298,-2.30811782114067e-07,0.025481330164641,-5.98502880734288e-07,6.19086806560536,5.65541748039009e-07,0.0127395283982185,0.499842304741284,0.890568593209223,0.890486356822007,0.89052454078426,0.890606906319914,-0.0922576020061429,-0.995735173060497,-0.999999999997491,0.497867586528865,-0.0461288010005375,9.78397397865296e-13,0.0254786850875164,3.31242307712401e-14,6.19079632679401,-1.02646318654853e-14,0.0127379642693693,0.499837717930802,0.89056855678531,0.890486254400714,0.890524522155222,0.890606824539818
464,-0.0822128453333223,-0.996706902775826,-1.00000222721405,0.49835588674076,-0.0411177838005004,-2.30761244031694e-07,0.0254813356490702,-5.96149287842153e-07,6.20086815800532,5.79902665570215e-07,0.0127395173296654,0.499842294669633,0.89056859051186,0.890486357441244,0.890524543998048,0.890606905615143,-0.0822958033889388,-0.996607947360552,-0.999999999997471,0.498303973678881,-0.0411479016919258,9.82234328638401e-13,0.0254786850875166,3.34064150967905e-14,6.20079632679401,-1.02171510653741e-14,0.0127379642693693,0.499837717930802,0.89056855678531,0.890486254400714,0.890524522155222,0.890606824539818
465,-0.0722417809495228,-0.997479409371121,-1.00000223182873,0.498742242242635,-0.0361322316025754,-2.30706364244981e-07,0.0254813414242847,-5.94093263241381e-07,6.2108682501981,5.9237608783723e-07,0.0127395038321238,0.499842284645532,0.890568587974607,0.890486357620571,0.890524547059184,0.890606905346126,-0.0723257752599762,-0.997381061696376,-0.999999999997451,0.498690530846782,-0.0361628876274347,9.86071259411507e-13,0.0254786850875167,3.36879039383307e-14,6.21079632679401,-1.01698190191436e-14,0.0127379642693694,0.499837717930802,0.89056855678531,0.890486254400714,0.890524522155222,0.890606824539818
466,-0.062263488143125,-0.998152167936999,-1.00000223644227,0.499078722984833,-0.0311430639774678,-2.30645946056124e-07,0.0254813474474466,-5.92381496900616e-07,6.22086834218356,6.02786306825791e-07,0.0127394883705134,0.499842274669603,0.890568585657259,0.890486357384032,0.890524549902914,0.890606905492152,-0.0623485146137596,-0.998054438757179,-0.999999999997431,0.499027219377172,-0.0311742573043167,9.89908190184612e-13,0.0254786850875169,3.39686680275649e-14,6.22079632679401,-1.01226350194905e-14,0.0127379642693694,0.499837717930802,0.89056855678531,0.890486254400714,0.890524522155222,0.890606824539818
467,-0.0522789647536197,-0.998725111153219,-1.00000224105453,0.499365295370083,-0.026150779812845,-2.30578713487384e-07,0.025481353672592,-5.91050610668171e-07,6.23086843396176,6.11045361002489e-07,0.0127394714422447,0.499842264741404,0.890568583636778,0.890486356777823,0.890524552441273,0.890606906011299,-0.0523650191680392,-0.998628011205815,-0.999999999997412,0.499314005601479,-0.0261825095814467,9.93745120957717e-13,0.025478685087517,3.42487471751451e-14,6.23079632679401,-1.00755987217484e-14,0.0127379642693694,0.499837717930802,0.89056855678531,0.890486254400714,0.890524522155222,0.890606824539818
468,-0.042289209242491,-0.999198181680568,-1.00000224566536,0.499601930796565,-0.0211558783154795,-2.30503748212545e-07,0.0254813600523352,-5.90126696044579e-07,6.24086852553304,6.17111815115741e-07,0.0127394535479142,0.499842254860291,0.890568581917403,0.890486355820614,0.890524554676234,0.890606906886147,-0.0423762872640402,-0.999101721685518,-0.999999999997392,0.499550860841319,-0.0211881436294374,9.97582051730823e-13,0.0254786850875171,3.4528132433335e-14,6.24079632679401,-1.00287090658676e-14,0.0127379642693695,0.499837717930802,0.89056855678531,0.890486254400714,0.890524522155222,0.890606824539818
469,-0.0322952205932947,-0.999571332166744,-1.00000225027462,0.499788605659057,-0.0161588589612526,-2.30420438156347e-07,0.0254813665385785,-5.89625499556531e-07,6.25086861689797,6.20989285429814e-07,0.012739435175403,0.499842245025362,0.890568580534996,0.890486354565594,0.890524556565964,0.890606908066325,-0.0323833177666289,-0.999475522825634,-0.999999999997372,0.499737761411366,-0.0161916588807219,1.00141898250393e-12,0.0254786850875173,3.48068238021344e-14,6.25079632679401,-9.98196565832844e-15,0.0127379642693695,0.499837717930802,0.89056855678531,0.890486254400714,0.890524522155222,0.890606824539818
470,-0.0222979982117191,-0.999844525251234,-1.00000225488212,0.499925301349636,-0.0111602214450387,-2.30327924861477e-07,0.0254813730840092,-5.8955276998957e-07,6.26086870805732,6.22772556645047e-07,0.0127394167804165,0.499842235234537,0.890568579518721,0.89048635311166,0.89052455806684,0.89060690945605,-0.0223871099644278,-0.999749377246361,-0.999999999997352,0.499874688621718,-0.0111935549796115,1.00525591327703e-12,0.0254786850875174,3.50848190227889e-14,6.26079632679401,-9.93536755661116e-15,0.0127379642693695,0.499837717930802,0.89056855678531,0.890486254400714,0.890524522155222,0.890606824539818
471,-0.0122985418256351,-1.0000177335692,-1.00000225948767,0.500012004257993,-0.00616046563027846,-2.30226039160727e-07,0.0254813796436511,-5.89904981754912e-07,6.27086879901206,6.22562980295339e-07,0.0127393988022407,0.499842225486285,0.890568578843819,0.890486351413146,0.890524559225584,0.89060691110018,-0.0123886634698868,-0.999923257562486,-0.999999999997332,0.499961628779769,-0.0061943317323311,1.00909284405014e-12,0.0254786850875176,3.53621000252623e-14,6.27079632679401,-9.88891426144874e-15,0.0127379642693696,0.499837717930802,0.89056855678531,0.890486254400714,0.890524522155222,0.890606824539818
472,-0.00229785138514388,-1.00009093975432,-1.0000022640911,0.500048705771314,-0.00116009149857287,-2.3011532213255e-07,0.025481386174351,-5.90669426213965e-07,6.28086888976335,6.20458644305613e-07,0.0127393816691804,0.499842215779609,0.890568578524102,0.890486349525191,0.890524560024436,0.890606912945907,-0.00238897811932347,-0.99999714638612,-0.999999999997312,0.499998573191575,-0.00119448905703949,1.01292977482324e-12,0.0254786850875177,3.5638558149264e-14,6.28079632679401,-9.84260489424839e-15,0.0127379642693696,0.499837717930802,0.89056855678531,0.890486254400714,0.890524522155222,0.890606824539818
473,0.00770307303736714,-1.00006413644068,-1.00000226869223,0.500035402273683,0.0038404009006536,-2.2999651227673e-07,0.0254813926356531,-5.91824704081589e-07,6.29086898031255,6.1661374031396e-07,0.0127393657813097,0.499842206113167,0.890568578573554,0.890486347505917,0.890524560448407,0.890606914936479,0.00761094612706026,-0.999971036328445,-0.999999999997292,0.499985518162725,0.00380547306616234,1.01676670559635e-12,0.0254786850875179,3.59139784542947e-14,6.29079632679401,-9.79643901819579e-15,0.0127379642693696,0.499837717930802,0.89056855678531,0.890486254400714,0.890524522155222,0.890606824539818
474,0.0177032313471534,-0.999937326263627,-1.0000022732909,0.499972095145104,0.00884051150063918,-2.2986969811933e-07,0.0254813989912,-5.93341864875978e-07,6.30086907066114,6.11271493402709e-07,0.0127393514265394,0.499842196484266,0.890568578946009,0.890486345523792,0.890524560520745,0.890606916904412,0.017610109285173,-0.999844930000443,-0.999999999997272,0.499922464998713,0.00880505464522869,1.02060363636945e-12,0.0254786850875181,3.61883579252398e-14,6.30079632679401,-9.75041564825246e-15,0.0127379642693697,0.499837717930802,0.89056855678531,0.890486254400714,0.890524522155222,0.890606824539818
475,0.0277016235270202,-0.999710521859562,-1.00000227788696,0.499858790760382,0.0138397402680794,-2.29735027167771e-07,0.0254814052103564,-5.95186883678031e-07,6.31086916081069,6.04702842121029e-07,0.0127393388226601,0.499842186889958,0.890568579625065,0.890486343569903,0.89052456026819,0.890606918859004,0.0276075114470314,-0.999618840012643,-0.999999999997252,0.499809420004801,0.013803755726168,1.02444056714256e-12,0.0254786850875182,3.64616965620994e-14,6.31079632679401,-9.70453441705164e-15,0.0127379642693697,0.499837717930802,0.89056855678531,0.890486254400714,0.890524522155222,0.890606824539818
476,0.0376972497372063,-0.999383745864811,-1.00000228248025,0.49969550048776,0.0188375872540041,-2.29593417041307e-07,0.0254814112680118,-5.97321101836697e-07,6.32086925076282,5.97155494168147e-07,0.0127393281892912,0.499842177328078,0.890568580603379,0.890486341638038,0.890524559706911,0.890606920807013,0.0376021528807506,-0.999292788973854,-0.999999999997231,0.499646394485395,0.0188010764430376,1.02827749791566e-12,0.0254786850875184,3.67339912476703e-14,6.32079632679401,-9.65879439005249e-15,0.0127379642693697,0.499837717930802,0.89056855678531,0.890486254400714,0.890524522155222,0.890606824539818
477,0.0476891104152341,-0.998957030913413,-1.00000228707065,0.499482240687042,0.0238335526445035,-2.29445760773365e-07,0.0254814171444059,-5.99701704219291e-07,6.33086934051919,5.88882503863618e-07,0.0127393196772136,0.499842167796343,0.890568581817082,0.890486339810005,0.890524558892823,0.890606922665641,0.0475930341305159,-0.99886680948891,-0.99999999999721,0.499433404742911,0.0237965170679304,1.03211442868877e-12,0.0254786850875186,3.70052393411459e-14,6.33079632679401,-9.61319514936829e-15,0.0127379642693698,0.499837717930802,0.89056855678531,0.890486254400714,0.890524522155222,0.890606824539818
478,0.0576762063757201,-0.998430419633908,-1.00000229165805,0.49921903270744,0.0288271368114428,-2.29292559464745e-07,0.0254814228253746,-6.02283771577029e-07,6.34086943008149,5.80141763460016e-07,0.0127393133315099,0.49984215829204,0.890568583200613,0.890486338142056,0.890524557887075,0.890606924376763,0.0575791561165282,-0.998340944155403,-0.999999999997189,0.499170472076145,0.0287895780609466,1.03595135946188e-12,0.0254786850875188,3.72754510744042e-14,6.34079632679401,-9.56773577854668e-15,0.0127379642693698,0.499837717930802,0.89056855678531,0.890486254400714,0.890524522155222,0.890606824539818
479,0.0676575389101398,-0.99780396464512,-1.00000229624232,0.498905902885262,0.0338178403632035,-2.29134778913456e-07,0.0254814283022696,-6.05021754292834e-07,6.35086951945134,5.71180166493709e-07,0.0127393091855995,0.499842148813033,0.890568584771348,0.890486336606531,0.890524556684868,0.89060692596915,0.0675595202349105,-0.997715245559428,-0.999999999997168,0.498857622778146,0.0337797601201479,1.03978829023498e-12,0.0254786850875189,3.75446016447861e-14,6.35079632679401,-9.52241831515323e-15,0.0127379642693699,0.499837717930802,0.89056855678531,0.890486254400714,0.890524522155222,0.890606824539818
480,0.0776321098865436,-0.997077728550919,-1.00000230082341,0.498542882541154,0.03880516419533,-2.28973601323821e-07,0.0254814335717065,-6.07869418167255e-07,6.36086960863036,5.62231733612684e-07,0.0127393072471796,0.499842139357509,0.890568586476335,0.890486335239576,0.890524555337549,0.890606927405072,0.0775331284575679,-0.996989776270324,-0.999999999997147,0.498494888133582,0.0387665642314868,1.04362522100809e-12,0.0254786850875191,3.78127091223279e-14,6.36079632679401,-9.47723938250878e-15,0.0127379642693699,0.499837717930802,0.89056855678531,0.890486254400714,0.890524522155222,0.890606824539818
481,0.0875989218492118,-0.996251783933969,-1.00000230540125,0.498130007976915,0.0437886095410993,-2.2881016658522e-07,0.0254814386353243,-6.10780984755254e-07,6.37086969762012,5.53518509785578e-07,0.0127393074674825,0.499842129923804,0.890568588277499,0.890486334062468,0.890524553885198,0.890606928661938,0.0874989834319896,-0.996164608834415,-0.999999999997126,0.498082304415616,0.0437494917187079,1.04746215178119e-12,0.0254786850875193,3.80797531317731e-14,6.37079632679401,-9.43219796491709e-15,0.0127379642693699,0.499837717930802,0.89056855678531,0.890486254400714,0.890524522155222,0.890606824539818
482,0.0975569781182433,-0.995326213348472,-1.00000230997581,0.497667320471997,0.0487676780220246,-2.28645443000769e-07,0.0254814434994643,-6.13712220603423e-07,6.38086978642211,5.45240867820104e-07,0.0127393097402267,0.499842120510353,0.890568590115321,0.890486333098508,0.890524552385211,0.890606929714564,0.0974560885809828,-0.995239825767758,-0.999999999997105,0.497619912882275,0.0487280442932147,1.0512990825543e-12,0.0254786850875195,3.83454772360749e-14,6.38079632679401,-9.38729467561101e-15,0.01273796426937,0.499837717930802,0.89056855678531,0.890486254400714,0.890524522155222,0.890606824539818
483,0.107505282889071,-0.994301109311895,-1.00000231454706,0.497154866279695,0.0537418716982757,-2.2848043798919e-07,0.0254814481746843,-6.166215323628e-07,6.39086987503773,5.37579618643291e-07,0.0127393139260413,0.499842111115801,0.890568591971022,0.890486332347697,0.890524550860991,0.890606930562501,0.10740344820233,-0.994215519547887,-0.999999999997084,0.497107759772327,0.0537017241038988,1.0551360133274e-12,0.0254786850875197,3.86097932328052e-14,6.39079632679401,-9.34252753642782e-15,0.01273796426937,0.499837717930802,0.89056855678531,0.890486254400714,0.890524522155222,0.890606824539818
484,0.117442841331898,-0.993176574295697,-1.00000231911502,0.496592696622968,0.0587106931189955,-2.28316133549204e-07,0.025481452675347,-6.19470462045469e-07,6.4008699634683,5.30691624148506e-07,0.0127393198582588,0.499842101739086,0.89056859380178,0.890486331814051,0.890524549355992,0.890606931199745,0.117340067568359,-0.993091792604572,-0.999999999997063,0.496545896300657,0.0586700337869236,1.05897294410051e-12,0.0254786850875199,3.88727214507547e-14,6.40079632679401,-9.2978960109991e-15,0.01273796426937,0.499837717930802,0.89056855678531,0.890486254400714,0.890524522155222,0.890606824539818
485,0.127368659691044,-0.991952720715047,-1.00000232367971,0.495980867689844,0.0636736453725015,-2.28153272234221e-07,0.0254814570189878,-6.22224405559349e-07,6.41087005171498,5.24699021800875e-07,0.0127393273342706,0.499842092379275,0.890568595561098,0.890486331494768,0.890524547915697,0.890606931626989,0.127264953025414,-0.99186875730957,-0.999999999997041,0.495934378653144,0.0636324765154612,1.06280987487361e-12,0.0254786850875201,3.91342618899234e-14,6.41079632679401,-9.25340066534864e-15,0.0127379642693701,0.499837717930802,0.89056855678531,0.890486254400714,0.890524522155222,0.890606824539818
486,0.137281745384202,-0.990629670917538,-1.00000232824117,0.495319440628465,0.0686302321363469,-2.27992370952185e-07,0.0254814612255557,-6.24853249872446e-07,6.42087013977885,5.19688823626658e-07,0.0127393361294208,0.499842083035544,0.890568597216931,0.890486331377428,0.890524546572388,0.890606931854777,0.137177112093219,-0.990546535965392,-0.99999999999702,0.495273267981043,0.068588556049374,1.06664680564672e-12,0.0254786850875203,3.93944145503114e-14,6.42079632679401,-9.20903953182933e-15,0.0127379642693701,0.499837717930802,0.89056855678531,0.890486254400714,0.890524522155222,0.890606824539818
487,0.14718110710158,-0.9892075571709,-1.00000233279943,0.494608481541712,0.0735799577272396,-2.27834111797349e-07,0.0254814653168026,-6.27331615142999e-07,6.43087022766083,5.15733168892751e-07,0.012739346021809,0.499842073707481,0.890568598776718,0.89048633145183,0.890524545325902,0.89060693189389,0.147075553564127,-0.989125260793071,-0.999999999996999,0.49456263039487,0.0735377767848388,1.07048373641982e-12,0.0254786850875205,3.96531794319186e-14,6.43079632679401,-9.16481329521543e-15,0.0127379642693701,0.499837717930802,0.89056855678531,0.890486254400714,0.890524522155222,0.890606824539818
488,0.157065754904947,-0.987686521649727,-1.00000233735455,0.493848061481324,0.0785223271508628,-2.27679580633907e-07,0.0254814693161259,-6.29638703747012e-07,6.44087031536175,5.12902919887972e-07,0.0127393567953712,0.499842064395266,0.890568600241447,0.890486331716734,0.890524544183402,0.890606931746223,0.156959287602241,-0.987605073918938,-0.999999999996978,0.493802536957791,0.0784796438039063,1.07432066719293e-12,0.0254786850875208,3.99105632455473e-14,6.44079632679401,-9.12071999696472e-15,0.0127379642693702,0.499837717930802,0.89056855678531,0.890486254400714,0.890524522155222,0.890606824539818
489,0.16693470032654,-0.986066716421193,-1.00000234190663,0.493038256441505,0.0834568461516019,-2.2752930633368e-07,0.0254814732481874,-6.31758410242943e-07,6.4508704028823,5.11218046724286e-07,0.0127393682139931,0.49984205509905,0.890568601533875,0.890486332137435,0.890524543211326,0.890606931440582,0.166827325842393,-0.985986127360416,-0.999999999996957,0.492993063678517,0.0834136629239927,1.07815759796603e-12,0.025478685087521,4.01665637542634e-14,6.45079632679401,-9.07675910598473e-15,0.0127379642693702,0.499837717930802,0.89056855678531,0.890486254400714,0.890524522155222,0.890606824539818
490,0.176786956467848,-0.984348303429785,-1.00000234645575,0.492179147352113,0.0883830212620909,-2.2738333130667e-07,0.025481477137582,-6.33679762377237e-07,6.46087049022308,5.10649958824911e-07,0.0127393800328782,0.499842045818928,0.890568602643874,0.890486332692915,0.890524542421351,0.890606930997184,0.176678681488982,-0.984268583010809,-0.999999999996936,0.492134291503702,0.0883393407472979,1.08201196849248e-12,0.0254786850875212,4.04211594531896e-14,6.46079632679401,-9.03293120924657e-15,0.0127379642693702,0.499837717930802,0.89056855678531,0.890486254400714,0.890524522155222,0.890606824539818
491,0.186621538098255,-0.982531454481041,-1.000002351002,0.491270820071407,0.0933003598525536,-2.27241978612635e-07,0.0254814810083076,-6.35396820450903e-07,6.47087057738456,5.11165172629588e-07,0.0127393920177179,0.499842036555426,0.890568603584513,0.890486333379384,0.890524541808834,0.890606930421389,0.186512369414654,-0.982452612623123,-0.999999999996914,0.491226306309846,0.093256184710144,1.08588442640238e-12,0.0254786850875214,4.06743360236e-14,6.47079632679401,-8.98923352120071e-15,0.0127379642693703,0.499837717930802,0.89056855678531,0.890486254400714,0.890524522155222,0.890606824539818
492,0.196437461753529,-0.980616351224311,-1.00000235554546,0.49031336537828,0.0982083701800312,-2.27105599187838e-07,0.0254814848836464,-6.36908456985654e-07,6.48087066436711,5.12714805821545e-07,0.0127394039451169,0.499842027309337,0.890568604343016,0.89048633416878,0.89052454138559,0.890606929739428,0.196327406258809,-0.980538397792883,-0.999999999996892,0.490269198894713,0.0981637031322323,1.08975688431227e-12,0.0254786850875216,4.09258502398605e-14,6.48079632679401,-8.94566656294731e-15,0.0127379642693703,0.499837717930802,0.89056855678531,0.890486254400714,0.890524522155222,0.890606824539818
493,0.206233745834155,-0.978603185134525,-1.00000236008625,0.489306878963969,0.103106561437479,-2.26973976103619e-07,0.0254814887855299,-6.38218053135026e-07,6.49087075117099,5.15211352599263e-07,0.0127394156137929,0.499842018081264,0.890568604908271,0.890486335015414,0.890524541156325,0.890606928994124,0.206122810525943,-0.978526129939976,-0.99999999999687,0.489263064968247,0.10306140526581,1.09362934222216e-12,0.0254786850875219,4.117561414663e-14,6.49079632679401,-8.9022314280984e-15,0.0127379642693703,0.499837717930802,0.89056855678531,0.890486254400714,0.890524522155222,0.890606824539818
494,0.216009410703491,-0.97649215749299,-1.00000236462445,0.48825146142321,0.107994443802685,-2.26847030552057e-07,0.0254814927338752,-6.39333033296744e-07,6.5008708377964,5.18556235809102e-07,0.0127394268363195,0.499842008872102,0.890568605292565,0.890486335920303,0.890524541117999,0.890606928186458,0.215897602683793,-0.97641601028951,-0.999999999996847,0.488208005143001,0.107948801344745,1.09750180013205e-12,0.0254786850875221,4.14236433299234e-14,6.50079632679401,-8.85892631747658e-15,0.0127379642693704,0.499837717930802,0.89056855678531,0.890486254400714,0.890524522155222,0.890606824539818
495,0.225763478785747,-0.974283479367198,-1.00000236916015,0.48714721824488,0.112871528487014,-2.26723991246537e-07,0.0254814967464193,-6.40264458510052e-07,6.51087092424345,5.2262821644815e-07,0.0127394374694178,0.499841999682265,0.890568605503467,0.890486336811837,0.890524541245443,0.890606927383428,0.225650805261287,-0.974208249851693,-0.999999999996825,0.48710412492408,0.112825402633503,1.10137425804195e-12,0.0254786850875224,4.16699264959683e-14,6.51079632679401,-8.81575005583153e-15,0.0127379642693704,0.499837717930802,0.89056855678531,0.890486254400714,0.890524522155222,0.890606824539818
496,0.235494974663772,-0.971977371589676,-1.00000237369343,0.485994259801998,0.117737327784025,-2.26604696702676e-07,0.0254815008382282,-6.41026166638411e-07,6.5208710105122,5.27311178176966e-07,0.0127394473698749,0.499841990512834,0.890568605549512,0.890486337742758,0.89052454155692,0.890606926538026,0.235381442946296,-0.971903069400729,-0.999999999996803,0.485951534698585,0.117690721476018,1.10524671595184e-12,0.0254786850875226,4.19144636447646e-14,6.52079632679401,-8.77270240089475e-15,0.0127379642693704,0.499837717930802,0.89056855678531,0.890486254400714,0.890524522155222,0.890606824539818
497,0.245202925176627,-0.969574064735853,-1.00000237822436,0.484792701341256,0.12259135511796,-2.26489192091929e-07,0.0254815050220464,-6.41635091554594e-07,6.53087109660267,5.32491311956205e-07,0.0127394564068103,0.499841981365185,0.890568605445078,0.890486338660399,0.890524542026385,0.890606925700218,0.24508854268316,-0.969500699452742,-0.999999999996781,0.484750349724578,0.122544271344461,1.10911917386173e-12,0.0254786850875229,4.21572660700849e-14,6.53079632679401,-8.72978256005516e-15,0.0127379642693705,0.499837717930802,0.89056855678531,0.890486254400714,0.890524522155222,0.890606824539818
498,0.254886359516954,-0.967073799100962,-1.00000238275302,0.483542662972011,0.127433125092141,-2.2637697175315e-07,0.0254815093079587,-6.42110387113741e-07,6.54087118251484,5.38038265570157e-07,0.0127394644959237,0.499841972240216,0.890568605207039,0.890486339536288,0.890524542634339,0.890606924898261,0.254771133769995,-0.967001380242723,-0.999999999996758,0.483500690119556,0.127385566887889,1.11299163177162e-12,0.0254786850875231,4.23983337719292e-14,6.54079632679401,-8.68698973764412e-15,0.0127379642693705,0.499837717930802,0.89056855678531,0.890486254400714,0.890524522155222,0.890606824539818
499,0.264544309328111,-0.964476824675979,-1.00000238727946,0.482244269654659,0.132262153537198,-2.26267667484467e-07,0.0254815137032066,-6.42472728429425e-07,6.55087126824867,5.43819453690161e-07,0.0127394715726271,0.49984196313899,0.89056860484585,0.890486340364007,0.890524543375445,0.890606924139341,0.26442824795576,-0.964405361700512,-0.999999999996736,0.482202680848438,0.132214123980783,1.11686408968152e-12,0.0254786850875233,4.26376667502975e-14,6.55079632679401,-8.64432369973776e-15,0.0127379642693705,0.499837717930802,0.89056855678531,0.890486254400714,0.890524522155222,0.890606824539818
500,0.274175808801075,-0.961783401122589,-1.00000239180374,0.480897651188451,0.137077957559137,-2.26160498641415e-07,0.025481518212199,-6.42743849296982e-07,6.56087135380412,5.49706399619032e-07,0.0127394776132149,0.499841954062171,0.890568604398252,0.890486341107316,0.890524544200845,0.890606923458109,0.274058919537085,-0.961712903425801,-0.999999999996714,0.480856451711069,0.137029459771456,1.12073654759141e-12,0.0254786850875236,4.28752750713933e-14,6.56079632679401,-8.60178366255497e-15,0.0127379642693706,0.499837717930802,0.89056855678531,0.890486254400714,0.890524522155222,0.890606824539818
501,0.283779894771089,-0.958993797747209,-1.00000239632589,0.479502942198696,0.141880055587293,-2.26054877252026e-07,0.0254815228366075,-6.42945656049999e-07,6.57087143918115,5.55575035666901e-07,0.0127394826103098,0.499841945010585,0.890568603863881,0.890486341778449,0.890524545123008,0.890606922844634,0.283662185454838,-0.958924274662171,-0.999999999996692,0.479462137329241,0.141831092730343,1.1246090055013e-12,0.0254786850875238,4.31111497874802e-14,6.57079632679401,-8.55936902047242e-15,0.0127379642693706,0.499837717930802,0.89056855678531,0.890486254400714,0.890524522155222,0.890606824539818
502,0.293355606814052,-0.956108293474035,-1.00000240084594,0.478060282123423,0.146667967422128,-2.25950173882848e-07,0.0254815275754834,-6.4310014915874e-07,6.58087152437976,5.61312187457509e-07,0.01273948657671,0.499841935984926,0.890568603279065,0.890486342355984,0.890524546095225,0.890606922319472,0.293237085390428,-0.956039754270176,-0.99999999999667,0.47801987713323,0.14661854269815,1.12848146341119e-12,0.0254786850875241,4.33451607910098e-14,6.58079632679401,-8.51707925754753e-15,0.0127379642693706,0.499837717930802,0.89056855678531,0.890486254400714,0.890524522155222,0.890606824539818
503,0.302901987342638,-0.953127176817144,-1.0000024053639,0.476569815199494,0.151441214282946,-2.25846342732463e-07,0.0254815324254594,-6.43228839353861e-07,6.59087160939994,5.66803926300974e-07,0.0127394895265109,0.499841926986485,0.890568602625305,0.89048634285503,0.89052454715762,0.890606921870633,0.302782661861842,-0.953059630699451,-0.999999999996647,0.476529815347854,0.151391330933867,1.13235392132109e-12,0.0254786850875244,4.35770931414829e-14,6.59079632679401,-8.47491381651273e-15,0.0127379642693707,0.499837717930802,0.89056855678531,0.890486254400714,0.890524522155222,0.890606824539818
504,0.312418081702123,-0.950050745851643,-1.00000240987979,0.47503169044824,0.156199318855425,-2.25742979484275e-07,0.0254815373807325,-6.43352848992128e-07,6.60087169424174,5.71953838067543e-07,0.0127394915075847,0.499841918015985,0.890568601970323,0.890486343244817,0.890524548215949,0.890606921526955,0.312297960319386,-0.949984201959871,-0.999999999996625,0.474992100978051,0.156148980162651,1.13622637923098e-12,0.0254786850875247,4.38067840640132e-14,6.60079632679401,-8.43288969233617e-15,0.0127379642693707,0.499837717930802,0.89056855678531,0.890486254400714,0.890524522155222,0.890606824539818
505,0.321902938265934,-0.946879308183866,-1.00000241439362,0.473446061660495,0.160941805339049,-2.25639464559266e-07,0.0254815424336295,-6.43491727477316e-07,6.61087177890525,5.76682493455096e-07,0.0127394926017776,0.49984190907374,0.890568601314615,0.890486343531011,0.890524549280688,0.890606921284769,0.321782029241146,-0.946813775591745,-0.999999999996602,0.473406887793974,0.160891014623542,1.14009883714087e-12,0.0254786850875249,4.40340454650125e-14,6.610796326794,-8.39102675717442e-15,0.0127379642693707,0.499837717930802,0.89056855678531,0.890486254400714,0.890524522155222,0.890606824539818
506,0.331355608530878,-0.943613180920627,-1.00000241890537,0.471813087381026,0.16566819949442,-2.25535299958017e-07,0.0254815475747766,-6.43663302341999e-07,6.62087186339061,5.80923640858176e-07,0.0127394928987133,0.499841900160049,0.890568600685181,0.890486343714031,0.890524550317921,0.890606921143497,0.331233920228131,-0.943548668635069,-0.999999999996579,0.471774334315623,0.165616960117045,1.14397129505076e-12,0.0254786850875252,4.42588782531454e-14,6.620796326794,-8.34932472405692e-15,0.0127379642693707,0.499837717930802,0.89056855678531,0.890486254400714,0.890524522155222,0.890606824539818
507,0.340775147212065,-0.94025269063752,-1.00000242341502,0.470132930892445,0.170378028690427,-2.25430110132279e-07,0.0254815527934827,-6.43883360591866e-07,6.63087194769801,5.84624297989711e-07,0.0127394924974433,0.499841891275231,0.890568600088616,0.890486343798382,0.890524551326875,0.89060692109971,0.34065268809912,-0.940189207597818,-0.999999999996556,0.470094603796984,0.170326344052551,1.14784375296066e-12,0.0254786850875255,4.44812758057437e-14,6.630796326794,-8.3077822777817e-15,0.0127379642693708,0.499837717930802,0.89056855678531,0.890486254400714,0.890524522155222,0.890606824539818
508,0.350160612337495,-0.936798173346289,-1.00000242792256,0.468405760198614,0.175070821951294,-2.25323646706782e-07,0.0254815580779522,-6.44165567248504e-07,6.6408720318277,5.87744847561846e-07,0.0127394915027841,0.499841882419609,0.890568599543676,0.890486343789394,0.890524552285638,0.89060692114832,0.350037390985174,-0.936735728423296,-0.999999999996533,0.468367864209709,0.175018695495589,1.15171621087055e-12,0.0254786850875258,4.47012166736743e-14,6.640796326794,-8.26639921172954e-15,0.0127379642693708,0.499837717930802,0.89056855678531,0.890486254400714,0.890524522155222,0.890606824539818
509,0.359511065342319,-0.933249974461248,-1.00000243242795,0.466631748007544,0.179746110003466,-2.25215246403913e-07,0.0254815634157172,-6.44521251467132e-07,6.65087211578,5.90272964868453e-07,0.0127394900316147,0.499841873592839,0.890568599072242,0.890486343699603,0.890524553161767,0.890606921277067,0.359387090423826,-0.933188576456542,-0.999999999996509,0.466594288226318,0.179693545214927,1.15558866878044e-12,0.025478685087526,4.49187085999479e-14,6.650796326794,-8.22517421714108e-15,0.0127379642693708,0.499837717930802,0.89056855678531,0.890486254400714,0.890524522155222,0.890606824539818
510,0.368825571162741,-0.929608448764771,-1.00000243693115,0.464811071713756,0.184403425322427,-2.25104472895406e-07,0.0254815687941389,-6.44959248914632e-07,6.66087219955525,5.92206726767524e-07,0.012739488199553,0.499841864794567,0.890568598671439,0.890486343534071,0.890524553966782,0.890606921482863,0.368700851452923,-0.929548106409797,-0.999999999996486,0.464774053202932,0.184350425729486,1.15946112669033e-12,0.0254786850875263,4.51337848107825e-14,6.660796326794,-8.1841065430356e-15,0.0127379642693708,0.499837717930802,0.89056855678531,0.890486254400714,0.890524522155222,0.890606824539818
511,0.37810319832957,-0.925873960371841,-1.00000244143211,0.462943913380165,0.189042302179366,-2.24991603017054e-07,0.0254815742004292,-6.45486029210888e-07,6.67087228315389,5.93540342426989e-07,0.0127394861163772,0.499841856025087,0.890568598343463,0.890486343293632,0.890524554708017,0.890606921765954,0.377977742704124,-0.925814682327032,-0.999999999996463,0.462907341161536,0.188988871355098,1.16333358460023e-12,0.0254786850875266,4.53464788485003e-14,6.670796326794,-8.14319544200024e-15,0.0127379642693708,0.499837717930802,0.89056855678531,0.890486254400714,0.890524522155222,0.890606824539818
512,0.387343019061405,-0.922046882693674,-1.0000024459308,0.461030459719536,0.193662276687604,-2.24876556260222e-07,0.0254815796217672,-6.46105746902388e-07,6.68087236657637,5.94290984529107e-07,0.0127394838919095,0.499841847284217,0.890568598106444,0.890486343002194,0.890524555350575,0.890606922101187,0.387216836496033,-0.921988677547544,-0.999999999996439,0.460994338771778,0.193608418251064,1.16720604251012e-12,0.0254786850875269,4.55567398357454e-14,6.680796326794,-8.10244071989827e-15,0.0127379642693708,0.499837717930802,0.89056855678531,0.890486254400714,0.890524522155222,0.890606824539818
513,0.396544109357437,-0.918127598400413,-1.00000245042716,0.459070902075436,0.198262886848944,-2.24759335709437e-07,0.0254815850458918,-6.468202331892e-07,6.69087244982323,5.94491079282064e-07,0.0127394816355282,0.499841838571662,0.890568597962476,0.890486342660817,0.890524555902584,0.890606922489526,0.396417208926972,-0.918070474668623,-0.999999999996416,0.459035237332304,0.198208604466544,1.17107850042001e-12,0.0254786850875272,4.57645430732623e-14,6.690796326794,-8.06184108406473e-15,0.0127379642693709,0.499837717930802,0.89056855678531,0.890486254400714,0.890524522155222,0.890606824539818
514,0.405705549089877,-0.914116499382893,-1.00000245492115,0.457065436402723,0.202843672599851,-2.24639713664675e-07,0.0254815904612552,-6.47629088389516e-07,6.70087253289504,5.94187288751333e-07,0.0127394794463287,0.499841829886727,0.890568597911906,0.890486342295538,0.890524556349152,0.890606922903467,0.405577939967364,-0.914060465507291,-0.999999999996393,0.457030232751624,0.202788969986752,1.1749509583299e-12,0.0254786850875275,4.59696205232601e-14,6.700796326794,-8.02139634821249e-15,0.0127379642693709,0.499837717930802,0.89056855678531,0.890486254400714,0.890524522155222,0.890606824539818
515,0.41482642209598,-0.910013986713491,-1.00000245941273,0.455014263247563,0.207404175857502,-2.24517889546113e-07,0.0254815958573799,-6.48529903647149e-07,6.7108726157924,5.93429519625387e-07,0.0127394774195215,0.499841821229068,0.890568597957627,0.890486341897427,0.890524556705178,0.890606923354802,0.414698113551738,-0.909959051061123,-0.999999999996369,0.454979525528526,0.20734905677895,1.1788234162398e-12,0.0254786850875278,4.61719224156964e-14,6.710796326794,-7.98110522591698e-15,0.0127379642693709,0.499837717930802,0.89056855678531,0.890486254400714,0.890524522155222,0.890606824539818
516,0.423905816269666,-0.90582047060605,-1.00000246390185,0.452917587727018,0.211943940565636,-2.24394144132132e-07,0.0254816012247958,-6.49518313635063e-07,6.72087269851595,5.92272373506166e-07,0.0127394756405524,0.499841812598319,0.8905685980933,0.890486341490288,0.890524556965449,0.890606923818338,0.423776817670337,-0.905766641468147,-0.999999999996346,0.452883320732023,0.211888408838261,1.18269587414969e-12,0.0254786850875281,4.63714487505712e-14,6.720796326794,-7.94096698737655e-15,0.0127379642693709,0.499837717930802,0.89056855678531,0.890486254400714,0.890524522155222,0.890606824539818
517,0.432942823652732,-0.901536370374893,-1.00000246838848,0.4507756195082,0.216462512740206,-2.24268512731536e-07,0.025481606555319,-6.50588325067128e-07,6.73087278106639,5.90781564733981e-07,0.0127394741798445,0.499841803993804,0.890568598315262,0.890486341084283,0.890524557134818,0.890606924283816,0.432813144460315,-0.901483655965826,-0.999999999996323,0.450741827980849,0.216406572233261,1.18656833205958e-12,0.0254786850875284,4.65681995278844e-14,6.730796326794,-7.90098145755501e-15,0.0127379642693709,0.499837717930802,0.89056855678531,0.890486254400714,0.890524522155222,0.890606824539818
518,0.441936540525643,-0.897162114392922,-1.00000247287258,0.448588572786984,0.220959440514887,-2.24141165340178e-07,0.0254816118421751,-6.51732567469371e-07,6.7408728634444,5.89025236019214e-07,0.0127394730973079,0.499841795414966,0.890568598618237,0.890486340687787,0.89052455721951,0.89060692474352,0.441806190296521,-0.897110522849143,-0.999999999996299,0.448555261422493,0.220903095151376,1.19044078996947e-12,0.0254786850875287,4.6762174747636e-14,6.740796326794,-7.8611473596512e-15,0.0127379642693709,0.499837717930802,0.89056855678531,0.890486254400714,0.890524522155222,0.890606824539818
519,0.450886067497885,-0.89269814004881,-1.00000247735412,0.446356666266317,0.225434274186394,-2.2401256931529e-07,0.0254816170800416,-6.52942493066042e-07,6.75087294565069,5.87072181367277e-07,0.0127394724460332,0.499841786861432,0.890568599001092,0.890486340305102,0.890524557225435,0.890606925193926,0.450755055881868,-0.892647679427765,-0.999999999996276,0.44632383971179,0.225377527944061,1.19431324787937e-12,0.025478685087529,4.69533744098261e-14,6.750796326794,-7.82146397422821e-15,0.012737964269371,0.499837717930802,0.89056855678531,0.890486254400714,0.890524522155222,0.890606824539818
520,0.459790509597893,-0.88814489370329,-1.00000248183308,0.444080123134083,0.229886566259559,-2.2388306229054e-07,0.0254816222650722,-6.5420856644e-07,6.76087302768601,5.84992643765758e-07,0.0127394722635733,0.499841778332724,0.890568599447999,0.890486339951187,0.890524557162473,0.890606925619021,0.459658846337254,-0.888095571982315,-0.999999999996251,0.444047785989051,0.229829423171766,1.19818570578926e-12,0.0254786850875294,4.71417985144546e-14,6.760796326794,-7.78193113473061e-15,0.012737964269371,0.499837717930802,0.89056855678531,0.890486254400714,0.890524522155222,0.890606824539818
521,0.468648976362519,-0.883502830644542,-1.00000248630943,0.441759171040579,0.234315871492221,-2.23752685472088e-07,0.0254816273949258,-6.5552068019106e-07,6.77087310955108,5.82856097630704e-07,0.0127394725672824,0.499841769828064,0.890568599944618,0.890486339635164,0.890524557042577,0.890606926008703,0.468516671291053,-0.883454655719744,-0.999999999996227,0.441727327857751,0.234258335648677,1.20205816369915e-12,0.0254786850875297,4.73274470615215e-14,6.770796326794,-7.74254757646719e-15,0.012737964269371,0.499837717930802,0.89056855678531,0.890486254400714,0.890524522155222,0.890606824539818
522,0.477460581926058,-0.878772415042688,-1.00000249078317,0.43939404207559,0.238721746939927,-2.23621455722348e-07,0.0254816324687136,-6.56868504139346e-07,6.78087319124662,5.8072764871271e-07,0.0127394733618457,0.499841761346705,0.890568600481571,0.890486339360343,0.890524556875699,0.890606926359945,0.477327644968151,-0.878725394727811,-0.999999999996203,0.43936269736177,0.238663822487238,1.20595125781717e-12,0.02547868508753,4.75102998984799e-14,6.780796326794,-7.70331314046778e-15,0.012737964269371,0.499837717930802,0.89056855678531,0.890486254400714,0.890524522155222,0.890606824539818
523,0.486224445108796,-0.87395411990339,-1.00000249525428,0.436984972745068,0.243103752000398,-2.23489677922395e-07,0.0254816374869099,-6.58241669402879e-07,6.79087327277335,5.78668529234752e-07,0.0127394746479113,0.499841752888122,0.890568601057991,0.890486339126595,0.890524556668188,0.890606926673917,0.486090886278523,-0.873908261928674,-0.999999999996178,0.436954130962187,0.243045443142435,1.20985924286385e-12,0.0254786850875303,4.76903626359541e-14,6.790796326794,-7.66422656801927e-15,0.012737964269371,0.499837717930802,0.89056855678531,0.890486254400714,0.890524522155222,0.890606824539818
524,0.494939689505108,-0.869048427020567,-1.00000249972276,0.434532203947393,0.247461448457744,-2.23357674818252e-07,0.0254816424512712,-6.59629873454965e-07,6.80087335413197,5.76734740267915e-07,0.0127394764168789,0.499841744451879,0.890568601659753,0.890486338938226,0.890524556432292,0.890606926945251,0.494805518905341,-0.869003739031599,-0.999999999996154,0.434501869513635,0.247402759455856,1.21376722791053e-12,0.0254786850875306,4.78676430396033e-14,6.800796326794,-7.62528715663765e-15,0.012737964269371,0.499837717930802,0.89056855678531,0.890486254400714,0.890524522155222,0.890606824539818
525,0.503605443571057,-0.864055826928222,-1.00000250418859,0.43203598094923,0.251794400526443,-2.23225690382394e-07,0.0254816473647117,-6.61023132145638e-07,6.81087343532316,5.74975963175226e-07,0.0127394786486996,0.499841736037557,0.890568602276663,0.890486338797356,0.890524556178867,0.890606927171416,0.503470671392603,-0.864012316484789,-0.999999999996129,0.432006158240215,0.251735335699499,1.21767521295721e-12,0.0254786850875309,4.80421320744092e-14,6.810796326794,-7.58649475821216e-15,0.0127379642693711,0.499837717930802,0.89056855678531,0.890486254400714,0.890524522155222,0.890606824539818
526,0.512220840711517,-0.858976818851403,-1.00000250865178,0.429496553360982,0.256102174895063,-2.23093694964145e-07,0.0254816522311507,-6.62412012917192e-07,6.82087351634758,5.7343204127539e-07,0.0127394813104659,0.499841727644568,0.890568602889331,0.890486338705141,0.890524555921991,0.890606927349992,0.512085477232283,-0.858934493426338,-0.999999999996105,0.429467246710975,0.256042738619351,1.22158319800389e-12,0.0254786850875312,4.82137907839552e-14,6.820796326794,-7.54784812326407e-15,0.0127379642693711,0.499837717930802,0.89056855678531,0.890486254400714,0.890524522155222,0.890606824539818
527,0.520785019366802,-0.853811910656282,-1.00000251311234,0.426914175111861,0.260384340769761,-2.22962246543753e-07,0.0254816570553549,-6.63787817991203e-07,6.83087359720586,5.7214280678826e-07,0.0127394843714015,0.499841719272824,0.89056860351562,0.890486338660399,0.890524555659044,0.89060692748563,0.520649074950976,-0.85377077763432,-0.99999999999608,0.426885388814951,0.260324537478709,1.22549118305057e-12,0.0254786850875316,4.83823688161211e-14,6.830796326794,-7.50934681288492e-15,0.0127379642693711,0.499837717930802,0.89056855678531,0.890486254400714,0.890524522155222,0.890606824539818
528,0.529297123098788,-0.848561618799371,-1.00000251757027,0.424289104424533,0.264640469917487,-2.22831768140205e-07,0.0254816618429374,-6.65142527782225e-07,6.84087367789864,5.71139702252966e-07,0.0127394877933457,0.499841710922243,0.890568604127165,0.890486338662339,0.890524555408404,0.89060692757567,0.529160608196045,-0.848521685476013,-0.999999999996056,0.424260842735783,0.264580304101255,1.22939916809725e-12,0.0254786850875319,4.85478265829643e-14,6.840796326794,-7.4709901798633e-15,0.0127379642693711,0.499837717930802,0.89056855678531,0.890486254400714,0.890524522155222,0.890606824539818
529,0.537756300676522,-0.843226468275879,-1.00000252202561,0.421621603789358,0.268870136708932,-2.22702341409705e-07,0.0254816666000736,-6.66469084787164e-07,6.85087375842648,5.70441935945917e-07,0.0127394915270162,0.499841702592573,0.890568604715424,0.890486338708769,0.890524555179111,0.890606927622073,0.537619225821259,-0.843187741856258,-0.999999999996032,0.42159387092589,0.268809612913875,1.23330715314393e-12,0.0254786850875323,4.87101618475507e-14,6.850796326794,-7.432777240044e-15,0.0127379642693711,0.499837717930802,0.89056855678531,0.890486254400714,0.890524522155222,0.890606824539818
530,0.546161706161319,-0.837806992567206,-1.00000252647837,0.41891193993826,0.273072918161212,-2.22573829799754e-07,0.025481671333292,-6.67761524202437e-07,6.86087383878997,5.70058177822516e-07,0.0127394955186259,0.49984169428344,0.890568605268179,0.890486338794359,0.890524554979847,0.890606927628822,0.546024081971905,-0.837769480164971,-0.999999999996007,0.418884740080232,0.273012040989209,1.23721513819061e-12,0.0254786850875326,4.88693746098804e-14,6.860796326794,-7.39470731075592e-15,0.0127379642693712,0.499837717930802,0.89056855678531,0.890486254400714,0.890524522155222,0.890606824539818
531,0.554512498991327,-0.832303733587593,-1.00000253092857,0.416160383818189,0.277248393980274,-2.22446450756229e-07,0.0254816760492939,-6.69015026635903e-07,6.87087391898962,5.69994742223537e-07,0.0127394997158725,0.499841685994836,0.890568605794536,0.890486338918997,0.89052455481133,0.890606927598473,0.554374336169371,-0.832267442223807,-0.999999999995983,0.416133721109635,0.277187168087955,1.24112312323729e-12,0.025478685087533,4.90254648699534e-14,6.870796326794,-7.35678026255836e-15,0.0127379642693712,0.499837717930802,0.89056855678531,0.890486254400714,0.890524522155222,0.890606824539818
532,0.562807844065561,-0.826717241629921,-1.00000253537623,0.413367210564175,0.281396146603012,-2.2232052831337e-07,0.025481680754926,-6.70225867886032e-07,6.88087399902594,5.70252935631616e-07,0.0127395040667882,0.499841677726883,0.890568606284748,0.890486339077261,0.890524554680616,0.89060692753545,0.562669153395197,-0.826682178231975,-0.999999999995958,0.413341089113703,0.281334576700879,1.24503110828397e-12,0.0254786850875333,4.91784326277696e-14,6.880796326794,-7.31899486665134e-15,0.0127379642693712,0.499837717930802,0.89056855678531,0.890486254400714,0.890524522155222,0.890606824539818
533,0.571046911827388,-0.821048075310676,-1.00000253982139,0.410532699471975,0.285515761239086,-2.22196009833427e-07,0.0254816854569795,-6.71391452410973e-07,6.89087407889941,5.70822458588784e-07,0.0127395085176921,0.499841669479478,0.890568606728801,0.890486339261247,0.89052455459347,0.890606927445967,0.570907704174571,-0.821014246711219,-0.999999999995934,0.41050712335331,0.285453852090579,1.24893909333065e-12,0.0254786850875337,4.9328277883329e-14,6.890796326794,-7.28135100083334e-15,0.0127379642693712,0.499837717930802,0.89056855678531,0.890486254400714,0.890524522155222,0.890606824539818
534,0.579228878347465,-0.815296801514077,-1.00000254426408,0.407657133970318,0.289606825912466,-2.22072539300029e-07,0.0254816901619615,-6.72510313343186e-07,6.90087415861046,5.71683757361315e-07,0.0127395130167218,0.499841661252349,0.890568607122177,0.890486339463586,0.890524554551586,0.890606927336526,0.579089164659281,-0.815264214449968,-0.999999999995908,0.40763210722267,0.289544582332946,1.25284707837733e-12,0.025478685087534,4.94750006366316e-14,6.900796326794,-7.2438474419365e-15,0.0127379642693712,0.499837717930802,0.89056855678531,0.890486254400714,0.890524522155222,0.890606824539818
535,0.587352925406121,-0.809463995335375,-1.0000025487043,0.404740801592736,0.293668931502668,-2.21950307656856e-07,0.0254816948759774,-6.7358205740064e-07,6.91087423815953,5.72818313836747e-07,0.0127395175143209,0.499841653045714,0.890568607476443,0.890486339688207,0.890524554557172,0.890606927206391,0.587212716710098,-0.809432656446657,-0.999999999995883,0.404716328221,0.293606358358367,1.25677801259677e-12,0.0254786850875344,4.96186008876775e-14,6.910796326794,-7.20648407493847e-15,0.0127379642693712,0.499837717930802,0.89056855678531,0.890486254400714,0.890524522155222,0.890606824539818
536,0.595418240575167,-0.803550240023337,-1.0000025531421,0.401783993948998,0.297701671785692,-2.21829652640698e-07,0.025481699604763,-6.746073177377e-07,6.920874317547,5.74204672081275e-07,0.0127395219635734,0.499841644859998,0.890568607785555,0.890486339926497,0.890524554611788,0.890606927062929,0.595277547978585,-0.803520155852227,-0.999999999995857,0.401760077923769,0.297638773992622,1.26072152478024e-12,0.0254786850875347,4.97590786364667e-14,6.920796326794,-7.16925968224155e-15,0.0127379642693713,0.499837717930802,0.89056855678531,0.890486254400714,0.890524522155222,0.890606824539818
537,0.603424017299127,-0.797556126921903,-1.0000025575775,0.398787006696128,0.301704643474655,-2.21710561368075e-07,0.0254817043535253,-6.75587680642612e-07,6.93087439677327,5.75812906980544e-07,0.0127395263219088,0.499841636695354,0.890568608046416,0.890486340169782,0.890524554715159,0.890606926913537,0.603282851988336,-0.79752730391181,-0.999999999995832,0.398763651953545,0.30164142599751,1.2646650369637e-12,0.0254786850875351,4.9896433882999e-14,6.930796326794,-7.13217360359363e-15,0.0127379642693713,0.499837717930802,0.89056855678531,0.890486254400714,0.890524522155222,0.890606824539818
538,0.611369454975897,-0.791482255411045,-1.00000256201052,0.395750139509022,0.305677446260122,-2.21592645010779e-07,0.0254817091267906,-6.76525569255793e-07,6.9408744758387,5.77607312508193e-07,0.0127395305536645,0.499841628551699,0.89056860825857,0.890486340409387,0.890524554862836,0.890606926765528,0.611227828215621,-0.791454699905606,-0.999999999995806,0.395727349950427,0.305613914111165,1.26860854914717e-12,0.0254786850875354,5.00306666272747e-14,6.940796326794,-7.09522518187937e-15,0.0127379642693713,0.499837717930802,0.89056855678531,0.890486254400714,0.890524522155222,0.890606824539818
539,0.6192537590368,-0.785329232846815,-1.00000256644121,0.392673696050639,0.309619682850118,-2.21476123628296e-07,0.0254817139283331,-6.7742412777957e-07,6.95087455474364,5.79552861698616e-07,0.0127395346240967,0.499841620429471,0.890568608430264,0.890486340651274,0.890524555062024,0.890606926617032,0.619111682169438,-0.785302951088954,-0.999999999995781,0.392651475542086,0.309555841088086,1.27255206133064e-12,0.0254786850875358,5.01617768692935e-14,6.950796326794,-7.05841431283062e-15,0.0127379642693713,0.499837717930802,0.89056855678531,0.890486254400714,0.890524522155222,0.890606824539818
540,0.627076141026046,-0.779097674500598,-1.00000257086958,0.38955798394181,0.313530959009823,-2.21360959228955e-07,0.0254817187611928,-6.78287190311081e-07,6.96087463348843,5.81612783477844e-07,0.0127395385060007,0.499841612328893,0.890568608560285,0.890486340881244,0.890524555300191,0.890606926478517,0.626933625470962,-0.779072672631612,-0.999999999995755,0.389536336313399,0.31346681273886,1.27649557351411e-12,0.0254786850875361,5.02897646090556e-14,6.960796326794,-7.02173979322401e-15,0.0127379642693713,0.499837717930802,0.89056855678531,0.890486254400714,0.890524522155222,0.890606824539818
541,0.63483581867959,-0.772788203497576,-1.00000257529565,0.386403314730634,0.317410883600948,-2.21246824243784e-07,0.0254817236276034,-6.79119055589068e-07,6.97087471207341,5.83748465881023e-07,0.0127395421807689,0.499841604249999,0.890568608653521,0.890486341096854,0.890524555575169,0.890606926352956,0.634692875932382,-0.772764487556231,-0.99999999999573,0.386382243775693,0.317346437969582,1.28043908569758e-12,0.0254786850875365,5.04146293922286e-14,6.970796326794,-6.98520152578906e-15,0.0127379642693713,0.499837717930802,0.89056855678531,0.890486254400714,0.890524522155222,0.890606824539818
542,0.642532016003359,-0.766401450754407,-1.00000257971945,0.383210003861446,0.3212590686208,-2.21133440227572e-07,0.0254817285289933,-6.79924361965432e-07,6.98087479049889,5.85922605768276e-07,0.0127395456352303,0.499841596192866,0.890568608714586,0.890486341295097,0.890524555881764,0.890606926243396,0.642388657635115,-0.766379026676063,-0.999999999995704,0.383189513335593,0.321194328820962,1.28438259788105e-12,0.0254786850875368,5.05361767645714e-14,6.980796326794,-6.94879831269498e-15,0.0127379642693714,0.499837717930802,0.89056855678531,0.890486254400714,0.890524522155222,0.890606824539818
543,0.65016396335087,-0.759938054916122,-1.00000258414099,0.379978370643385,0.325075129241015,-2.21020635806303e-07,0.0254817334660131,-6.80707970358189e-07,6.99087486876521,5.88099492511128e-07,0.0127395488608787,0.499841588157649,0.890568608748494,0.890486341474687,0.890524556217525,0.890606926151742,0.650020201007407,-0.759916928531874,-0.999999999995679,0.379958464263484,0.32501010050712,1.28832611006452e-12,0.0254786850875372,5.06543022818593e-14,6.990796326794,-6.91252951231296e-15,0.0127379642693714,0.499837717930802,0.89056855678531,0.890486254400714,0.890524522155222,0.890606824539818
544,0.657730897500205,-0.753398662292257,-1.00000258856028,0.376708738218567,0.328858683845973,-2.20908246317715e-07,0.0254817384385699,-6.81474864889935e-07,7.00087494687268,5.90245584901964e-07,0.0127395518546789,0.499841580144492,0.89056860876017,0.890486341633129,0.890524556575824,0.890606926080676,0.657586742901278,-0.753378839328095,-0.999999999995653,0.376689419661578,0.328793371454068,1.29226962224799e-12,0.0254786850875376,5.0768962079201e-14,7.000796326794,-6.8763950373608e-15,0.0127379642693714,0.499837717930802,0.89056855678531,0.890486254400714,0.890524522155222,0.890606824539818
545,0.665232061730349,-0.746783926792215,-1.00000259297732,0.373401433529851,0.332609354070889,-2.20796051780555e-07,0.025481743445877,-6.82230025742539e-07,7.01087502482162,5.92330121844953e-07,0.012739554619429,0.49984157215342,0.890568608754892,0.890486341768703,0.890524556950915,0.890606926031763,0.665087526668846,-0.746765412868197,-0.999999999995627,0.373382706431613,0.332543763337864,1.29621313443146e-12,0.025478685087538,5.08801546228841e-14,7.010796326794,-6.84039369837437e-15,0.0127379642693714,0.499837717930802,0.89056855678531,0.890486254400714,0.890524522155222,0.890606824539818
546,0.672666705896882,-0.74009450985987,-1.00000259739211,0.370056787288203,0.336326764839572,-2.20683660777937e-07,0.0254817484865202,-6.82978308276356e-07,7.02087510261237,5.94326452066216e-07,0.0127395571639688,0.499841564184327,0.890568608738141,0.890486341880045,0.890524557334017,0.890606926005778,0.672521802237983,-0.740077310489314,-0.999999999995602,0.370038655242156,0.336260901122446,1.30015664661492e-12,0.0254786850875384,5.09878821934834e-14,7.020796326794,-6.80452486283888e-15,0.0127379642693714,0.499837717930802,0.89056855678531,0.890486254400714,0.890524522155222,0.890606824539818
547,0.680034086507008,-0.733331080407423,-1.00000260180466,0.366675133939665,0.340010544401859,-2.20570636460692e-07,0.0254817535585473,-6.83724326539574e-07,7.03087518024525,5.96212046395061e-07,0.0127395595013309,0.499841556237014,0.890568608714515,0.890486341967636,0.890524557720442,0.890606926002406,0.679888826187328,-0.733315200996112,-0.999999999995576,0.366657600495539,0.339944413097131,1.30410015879839e-12,0.0254786850875387,5.10921179058293e-14,7.030796326794,-6.76878845070808e-15,0.0127379642693714,0.499837717930802,0.89056855678531,0.890486254400714,0.890524522155222,0.890606824539818
548,0.687333466793926,-0.726494314748508,-1.00000260621493,0.363256811631907,0.343660324370731,-2.20457150963448e-07,0.0254817586595246,-6.84472404930226e-07,7.04087525772059,5.97964148699921e-07,0.012739561643651,0.499841548311794,0.890568608686908,0.890486342033525,0.890524558120523,0.890606926023021,0.687187861820626,-0.726479760593905,-0.99999999999555,0.363239880294419,0.343593930913793,1.30804367098186e-12,0.0254786850875391,5.11928718880552e-14,7.040796326794,-6.7331832833889e-15,0.0127379642693715,0.499837717930802,0.89056855678531,0.890486254400714,0.890524522155222,0.890606824539818
549,0.694564116790519,-0.719584896530561,-1.00000261062294,0.359802162180444,0.347275739759075,-2.20343671015907e-07,0.025481763786521,-6.85226598968675e-07,7.05087533503875,5.99561575136663e-07,0.0127395636050052,0.49984154040919,0.890568608661272,0.890486342076682,0.890524558525502,0.890606926067853,0.694418179240395,-0.719571672821036,-0.999999999995523,0.359785836407969,0.34720908962369,1.31198718316533e-12,0.0254786850875395,5.12901564233291e-14,7.050796326794,-6.69770873735121e-15,0.0127379642693715,0.499837717930802,0.89056855678531,0.890486254400714,0.890524522155222,0.890606824539818
550,0.70172531340238,-0.712603516666459,-1.00000261502868,0.356311531034481,0.350856429016092,-2.20230107636115e-07,0.0254817689362164,-6.85990580259294e-07,7.0608754122001,6.00991541683211e-07,0.0127395654070207,0.499841532529244,0.89056860864396,0.890486342097491,0.89052455891874,0.890606926134421,0.701579055420919,-0.712591628480526,-0.999999999995497,0.356295814237698,0.350789527713965,1.3159306953488e-12,0.0254786850875399,5.13839715116511e-14,7.060796326794,-6.66236474227632e-15,0.0127379642693715,0.499837717930802,0.89056855678531,0.890486254400714,0.890524522155222,0.890606824539818
551,0.708816340480131,-0.705550873265429,-1.00000261943214,0.352785267242336,0.354402034063404,-2.20116346713447e-07,0.0254817741050693,-6.86767504381578e-07,7.07087548920501,6.02246357873854e-07,0.0127395670747604,0.499841524671905,0.890568608639075,0.890486342097486,0.890524559301301,0.890606926222523,0.708669774280547,-0.705540325570994,-0.99999999999547,0.352770162782915,0.354334887143792,1.31987420753227e-12,0.0254786850875403,5.14743171530212e-14,7.070796326794,-6.62715012768136e-15,0.0127379642693715,0.499837717930802,0.89056855678531,0.890486254400714,0.890524522155222,0.890606824539818
552,0.715836488891064,-0.698427671563244,-1.00000262383333,0.349223723416486,0.357912200330791,-2.20002418654177e-07,0.0254817792893814,-6.87559985403149e-07,7.08087556605387,6.03321557478882e-07,0.0127395686339812,0.49984151683724,0.890568608650004,0.890486342078704,0.890524559668874,0.8906069263299,0.715689626753302,-0.698418469216852,-0.999999999995443,0.349209234605828,0.357844813380182,1.32381771971574e-12,0.0254786850875407,5.15611933474393e-14,7.08079632679399,-6.59206482992924e-15,0.0127379642693715,0.499837717930802,0.89056855678531,0.890486254400714,0.890524522155222,0.890606824539818
553,0.722785056590066,-0.691234623851704,-1.00000262823223,0.345627255698263,0.361386576791587,-2.19887828731496e-07,0.0254817844854067,-6.88370073065692e-07,7.09087564274708,6.04220390185246e-07,0.012739570111625,0.499841509024818,0.890568608677869,0.890486342045445,0.890524560009062,0.890606926450061,0.722637910859788,-0.691226771597803,-0.999999999995417,0.345613385796287,0.361318955433438,1.32776123189921e-12,0.025478685087541,5.16446000949054e-14,7.09079632679399,-6.55710768361361e-15,0.0127379642693716,0.499837717930802,0.89056855678531,0.890486254400714,0.890524522155222,0.890606824539818
554,0.72966134868984,-0.683972449407414,-1.00000263262884,0.341996223722147,0.364824815997754,-2.197727836376e-07,0.0254817896894768,-6.89199242134898e-07,7.10087571928506,6.04945235309233e-07,0.0127395715339662,0.499841501234744,0.890568608727766,0.890486341996645,0.890524560338518,0.890606926589277,0.729513931777382,-0.683965951877614,-0.99999999999539,0.341982975936176,0.364756965892248,1.33170474408267e-12,0.0254786850875414,5.17245373954196e-14,7.10079632679399,-6.52227833349892e-15,0.0127379642693716,0.499837717930802,0.89056855678531,0.890486254400714,0.890524522155222,0.890606824539818
555,0.736464677530416,-0.676641874419867,-1.00000263702314,0.338330990579744,0.368226574114573,-2.19657570112214e-07,0.0254817948979455,-6.90048417610301e-07,7.11087579566822,6.05501058005881e-07,0.0127395729264593,0.499841493467197,0.890568608799642,0.890486341937371,0.890524560644079,0.890606926739416,0.736317001909724,-0.676636736132208,-0.999999999995363,0.338318368063456,0.368158500958432,1.33564825626614e-12,0.0254786850875418,5.18010052489818e-14,7.11079632679399,-6.48757621564918e-15,0.0127379642693716,0.499837717930802,0.89056855678531,0.890486254400714,0.890524522155222,0.890606824539818
556,0.743194362747919,-0.669243631918826,-1.00000264141513,0.334631922783405,0.37159151095498,-2.19542155175554e-07,0.025481800107339,-6.90917982549492e-07,7.12087587189702,6.05899191840489e-07,0.0127395743141201,0.499841485722034,0.890568608895633,0.890486341870413,0.890524560925109,0.890606926898126,0.743046440955469,-0.669239857277051,-0.999999999995337,0.334619928635861,0.371523220481317,1.33959176844961e-12,0.0254786850875422,5.18740036555921e-14,7.12079632679399,-6.45300042878896e-15,0.0127379642693716,0.499837717930802,0.89056855678531,0.890486254400714,0.890524522155222,0.890606824539818
557,0.749849731342624,-0.661778461701039,-1.00000264580482,0.330899390229497,0.374919290013558,-2.19426325868619e-07,0.025481805314443,-6.91807804109972e-07,7.1308759479719,6.06154776392449e-07,0.0127395757198033,0.499841477998934,0.890568609014187,0.89048634179988,0.89052456117799,0.89060692706035,0.749701575976321,-0.661776054993864,-0.99999999999531,0.330888027494251,0.374850787991756,1.34353528063308e-12,0.0254786850875426,5.19435326152504e-14,7.13079632679399,-6.41855037273318e-15,0.0127379642693716,0.499837717930802,0.89056855678531,0.890486254400714,0.890524522155222,0.890606824539818
558,0.756430117746267,-0.654247110256263,-1.00000265019218,0.327133766161307,0.378209578500187,-2.19310056051414e-07,0.0254818105163725,-6.92717282741947e-07,7.1408760238933,6.06284241993163e-07,0.0127395771646588,0.499841470297676,0.890568609157339,0.89048634172701,0.890524561406591,0.890606927226421,0.756281741464323,-0.654246075656657,-0.999999999995283,0.327123037825631,0.378140870735771,1.34748521816996e-12,0.0254786850875429,5.20095858531976e-14,7.14079632679399,-6.3842260001353e-15,0.0127379642693716,0.499837717930802,0.89056855678531,0.890486254400714,0.890524522155222,0.890606824539818
559,0.762934863888606,-0.646650330692629,-1.00000265457722,0.323335427131633,0.381462047373305,-2.19193336483347e-07,0.0254818157105848,-6.93645387982576e-07,7.1508760996617,6.06305201915354e-07,0.0127395786674554,0.499841462618035,0.890568609322869,0.890486341655161,0.89052456160978,0.890606927392504,0.762786279408411,-0.646650672257087,-0.999999999995257,0.323325336125829,0.381393139707828,1.35146425749022e-12,0.0254786850875433,5.20721412244825e-14,7.15079632679399,-6.35002616389944e-15,0.0127379642693717,0.499837717930802,0.89056855678531,0.890486254400714,0.890524522155222,0.890606824539818
560,0.769363319263234,-0.638988882661336,-1.00000265895991,0.319504752965054,0.384676371372804,-2.19075652249304e-07,0.0254818208949259,-6.94590733008175e-07,7.16087617527756,6.06237665436797e-07,0.0127395802420734,0.499841454959332,0.890568609504378,0.890486341588069,0.890524561785557,0.890606927552129,0.76921453936021,-0.638990604329166,-0.99999999999523,0.319495302161852,0.38460726968374,1.35544329681047e-12,0.0254786850875437,5.21312271488154e-14,7.16079632679399,-6.31595082314005e-15,0.0127379642693717,0.499837717930802,0.89056855678531,0.890486254400714,0.890524522155222,0.890606824539818
561,0.77571484099264,-0.631263532280703,-1.00000266334023,0.315642126719843,0.387852229052589,-2.18957219285922e-07,0.0254818260676566,-6.95551652021338e-07,7.17087625074132,6.06100436635449e-07,0.012739581902796,0.49984144732156,0.890568609712575,0.890486341523803,0.890524561943456,0.89060692771255,0.775565878499081,-0.631266637873302,-0.999999999995204,0.315633318933903,0.38778293925319,1.35942233613073e-12,0.0254786850875441,5.21868436261964e-14,7.17079632679399,-6.2819988356189e-15,0.0127379642693717,0.499837717930802,0.89056855678531,0.890486254400714,0.890524522155222,0.890606824539818
562,0.781988793892493,-0.623475052059559,-1.00000266771819,0.311747934649588,0.390989302812724,-2.18838478913824e-07,0.0254818312274186,-6.96526171546303e-07,7.18087632605345,6.05912017902212e-07,0.0127395836625215,0.499841439704855,0.890568609940921,0.890486341466049,0.890524562081574,0.890606927868012,0.781839661696405,-0.623479545279705,-0.999999999995176,0.311739772637088,0.390919830851865,1.36340137545098e-12,0.0254786850875445,5.22389906566254e-14,7.18079632679399,-6.24816961529789e-15,0.0127379642693717,0.499837717930802,0.89056855678531,0.890486254400714,0.890524522155222,0.890606824539818
563,0.788184550535165,-0.615624220820007,-1.00000267209377,0.307822566164503,0.394087278931187,-2.18719655914342e-07,0.0254818363732597,-6.97512095236329e-07,7.19087640121443,6.05692139677658e-07,0.0127395855301591,0.499841432109177,0.890568610188625,0.890486341416975,0.890524562202025,0.890606928016459,0.788035261579089,-0.615630105251145,-0.999999999995148,0.307815052622791,0.39401763079322,1.36738041477124e-12,0.0254786850875449,5.22876682401025e-14,7.19079632679399,-6.21446313048399e-15,0.0127379642693717,0.499837717930802,0.89056855678531,0.890486254400714,0.890524522155222,0.890606824539818
564,0.794301491312475,-0.60771182361955,-1.00000267646697,0.303866413792415,0.397145847595268,-2.18600845294401e-07,0.025481841504646,-6.98507074555064e-07,7.20087647622474,6.05460504965355e-07,0.012739587510836,0.499841424534379,0.890568610450375,0.890486341379026,0.890524562305819,0.890606928154944,0.794152058592307,-0.607719102725084,-0.99999999999512,0.303859551359743,0.397076029299842,1.3713594540915e-12,0.0254786850875453,5.23328216089293e-14,7.20079632679399,-6.18087824651298e-15,0.0127379642693717,0.499837717930802,0.89056855678531,0.890486254400714,0.890524522155222,0.890606824539818
565,0.800339004497647,-0.599738651672592,-1.0000026808378,0.299879873139451,0.400164702932573,-2.18482027039189e-07,0.0254818466214548,-6.99508693669996e-07,7.21087655108485,6.05235989376919e-07,0.012739589606164,0.499841416980144,0.8905686107238,0.890486341353147,0.890524562395653,0.890606928282229,0.800189441061456,-0.599747328795181,-0.999999999995093,0.299873664394774,0.400094720534431,1.37533849341175e-12,0.0254786850875457,5.23741914632491e-14,7.21079632679399,-6.1474143856722e-15,0.0127379642693718,0.499837717930802,0.89056855678531,0.890486254400714,0.890524522155222,0.890606824539818
566,0.80629648630648,-0.591705502271325,-1.00000268520626,0.295863342850419,0.403143543041653,-2.1836344520895e-07,0.0254818517239554,-7.00514523159052e-07,7.22087662579522,6.05036630972082e-07,0.012739591816461,0.499841409446454,0.890568611010692,0.890486341339969,0.890524562475053,0.890606928399085,0.806146805253321,-0.591715580632187,-0.999999999995065,0.29585779031326,0.403073402630376,1.37931753273201e-12,0.0254786850875461,5.24117449259218e-14,7.22079632679399,-6.11407152271891e-15,0.0127379642693718,0.499837717930802,0.89056855678531,0.890486254400714,0.890524522155222,0.890606824539818
567,0.812173340957723,-0.583613178706012,-1.00000268957234,0.29181722456891,0.406082070022216,-2.18244897084947e-07,0.0254818568127826,-7.01522161180865e-07,7.23087670035633,6.04877801459888e-07,0.0127395941376475,0.499841401932926,0.890568611298107,0.890486341339491,0.890524562544899,0.890606928501722,0.812023555436446,-0.583624661404225,-0.999999999995037,0.291812330699261,0.406011777721952,1.38329657205226e-12,0.0254786850875465,5.24454819969473e-14,7.23079632679399,-6.08084853307974e-15,0.0127379642693718,0.499837717930802,0.89056855678531,0.890486254400714,0.890524522155222,0.890606824539818
568,0.817968980732652,-0.575462490184658,-1.00000269393605,0.287741922897087,0.408979990004968,-2.18126430855966e-07,0.0254818618888796,-7.0252932831953e-07,7.24087677476863,6.04773630926677e-07,0.0127395965644484,0.499841394439422,0.890568611594577,0.890486341352393,0.890524562609722,0.890606928593452,0.81781910394071,-0.575475380196474,-0.999999999995009,0.287737690095369,0.408909551974098,1.38727561137252e-12,0.0254786850875469,5.24754026763257e-14,7.24079632679399,-6.04774539776054e-15,0.0127379642693718,0.499837717930802,0.89056855678531,0.890486254400714,0.890524522155222,0.890606824539818
569,0.823682826033833,-0.5672542517521,-1.0000026982974,0.283637845355199,0.41183701318104,-2.18008592112168e-07,0.0254818669534941,-7.03533847825905e-07,7.25087684903256,6.04737824285098e-07,0.012739599092029,0.499841386966141,0.890568611898597,0.890486341379048,0.89052456267232,0.890606928674338,0.823532871216093,-0.567268551930266,-0.999999999994982,0.283634275962247,0.411766435611803,1.39126498501876e-12,0.0254786850875473,5.25014968719417e-14,7.25079632679399,-6.01476099683498e-15,0.0127379642693718,0.499837717930802,0.89056855678531,0.890486254400714,0.890524522155222,0.890606824539818
570,0.82931430544308,-0.558989284208506,-1.00000270265639,0.279505402340821,0.41465285383099,-2.17891375546612e-07,0.0254818720081383,-7.0453368773063e-07,7.2608769231486,6.04780174143654e-07,0.0127396017113124,0.499841379512914,0.890568612197919,0.890486341417663,0.890524562734198,0.890606928742283,0.829164285890628,-0.559004997281587,-0.999999999994954,0.27950249863789,0.414582142949084,1.39527955147581e-12,0.0254786850875478,5.25237546717717e-14,7.26079632679399,-5.98189476620856e-15,0.0127379642693718,0.499837717930802,0.89056855678531,0.890486254400714,0.890524522155222,0.890606824539818
571,0.834862855778587,-0.550668414027299,-1.00000270701305,0.275345007087803,0.417427230353422,-2.17774629415412e-07,0.0254818770545021,-7.0552704748047e-07,7.27087699711717,6.04907574589898e-07,0.0127396044109316,0.499841372079521,0.890568612493503,0.890486341468098,0.890524562798243,0.890606928798795,0.834712784827541,-0.550685542599016,-0.999999999994926,0.275342771296587,0.417356392417554,1.39929411793285e-12,0.0254786850875482,5.25422452846631e-14,7.27079632679399,-5.94914669576507e-15,0.0127379642693719,0.499837717930802,0.89056855678531,0.890486254400714,0.890524522155222,0.890606824539818
572,0.840327922151248,-0.542292473272515,-1.00000271136738,0.271157075624949,0.420159865293182,-2.17658063602836e-07,0.0254818820944083,-7.06512375496143e-07,7.28087707093871,6.05124180522516e-07,0.0127396071787108,0.499841364665603,0.890568612779471,0.890486341528095,0.890524562865293,0.890606928844377,0.840177813181562,-0.542311019821089,-0.999999999994898,0.271155509907606,0.420088906594578,1.4033086843899e-12,0.0254786850875486,5.25569195059073e-14,7.28079632679399,-5.91651567283975e-15,0.0127379642693719,0.499837717930802,0.89056855678531,0.890486254400714,0.890524522155222,0.890606824539818
573,0.845708958020132,-0.533862299515598,-1.00000271571937,0.266942026734418,0.422850485369153,-2.17541883246273e-07,0.025481887129762,-7.07488383520919e-07,7.29087714461364,6.0543388794864e-07,0.0127396100031601,0.499841357271237,0.890568613065037,0.890486341599501,0.890524562939804,0.890606928881258,0.845558824454409,-0.533882266393104,-0.999999999994871,0.266941133193596,0.422779412231015,1.40732325084694e-12,0.025478685087549,5.25677773355044e-14,7.29079632679399,-5.8840011413523e-15,0.0127379642693719,0.499837717930802,0.89056855678531,0.890486254400714,0.890524522155222,0.890606824539818
574,0.851005425247138,-0.525378735751646,-1.00000272006906,0.262700281909863,0.425498821501616,-2.174265600206e-07,0.0254818921625576,-7.08454023984348e-07,7.30087721814238,6.05839492232902e-07,0.0127396128729106,0.499841349896688,0.890568613345333,0.890486341680537,0.89052456302315,0.890606928910237,0.85085528054944,-0.525400125183381,-0.999999999994843,0.262700062588716,0.425427640278545,1.41133781730399e-12,0.0254786850875494,5.25748187734544e-14,7.30079632679399,-5.85160309732786e-15,0.0127379642693719,0.499837717930802,0.89056855678531,0.890486254400714,0.890524522155222,0.890606824539818
575,0.856216794150802,-0.516842630315112,-1.00000272441644,0.258432265314323,0.428104608839168,-2.17311633283624e-07,0.0254818971948052,-7.09408513843849e-07,7.31087729152534,6.06338111575326e-07,0.0127396157748045,0.499841342541536,0.890568613607494,0.890486341765674,0.890524563113012,0.890606928932022,0.856066651825458,-0.516865444398972,-0.999999999994815,0.258432722196494,0.428033325916568,1.41535238376103e-12,0.0254786850875498,5.25780438197572e-14,7.31079632679399,-5.81932043788331e-15,0.0127379642693719,0.499837717930802,0.89056855678531,0.890486254400714,0.890524522155222,0.890606824539818
576,0.861342543559263,-0.508254836794974,-1.00000272876152,0.254138403737816,0.430667586785259,-2.17196970876607e-07,0.0254819022284348,-7.10351355131979e-07,7.32087736476293,6.0692587834319e-07,0.0127396186961356,0.499841335205629,0.890568613861876,0.890486341857736,0.890524563214524,0.890606928948613,0.861192417149679,-0.508279077500843,-0.999999999994786,0.254139538747411,0.430596208578692,1.41936695021808e-12,0.0254786850875502,5.2577455829814e-14,7.32079632679399,-5.7871526148388e-15,0.012737964269372,0.499837717930802,0.89056855678531,0.890486254400714,0.890524522155222,0.890606824539818
577,0.866382160862373,-0.499616213949373,-1.00000273310432,0.249819126554693,0.433187499024272,-2.17082803872022e-07,0.0254819072653114,-7.112823097565e-07,7.33087743785553,6.07598820965718e-07,0.0127396216252103,0.499841327889088,0.890568614106256,0.890486341954642,0.890524563327817,0.890606928961203,0.866232063949842,-0.499641883118528,-0.999999999994757,0.249820941556236,0.433116031978787,1.42338151667513e-12,0.0254786850875507,5.2573059277493e-14,7.33079632679399,-5.75509963286791e-15,0.012737964269372,0.499837717930802,0.89056855678531,0.890486254400714,0.890524522155222,0.890606824539818
578,0.871335142062957,-0.49092762561974,-1.00000273744484,0.245474865680749,0.435664093547176,-2.16969331202021e-07,0.0254819123072014,-7.12201388167836e-07,7.34087751080353,6.08351111196426e-07,0.0127396245507117,0.499841320592059,0.890568614340661,0.890486342055209,0.890524563454316,0.890606928971256,0.871185088265466,-0.490954724964269,-0.999999999994729,0.245477362479088,0.435592544136614,1.42739608313217e-12,0.0254786850875511,5.25648463335249e-14,7.34079632679399,-5.72316039612382e-15,0.012737964269372,0.499837717930802,0.89056855678531,0.890486254400714,0.890524522155222,0.890606824539818
579,0.876200991827212,-0.48218994064441,-1.00000274178309,0.241106055530063,0.438097122676748,-2.16856737452978e-07,0.0254819173557371,-7.13108838143797e-07,7.35087758360732,6.09175194127529e-07,0.0127396274619719,0.499841313314679,0.89056861456359,0.890486342157541,0.890524563594023,0.890606928980422,0.876050994798248,-0.482218471746642,-0.9999999999947,0.241109235870256,0.438025497403019,1.43141064958922e-12,0.0254786850875515,5.25528169979096e-14,7.35079632679399,-5.69133491525085e-15,0.012737964269372,0.499837717930802,0.89056855678531,0.890486254400714,0.890524522155222,0.890606824539818
580,0.880979223534238,-0.473404032771737,-1.00000274611911,0.236713132971611,0.440486343092348,-2.16744886102597e-07,0.0254819224123762,-7.14005125649048e-07,7.36087765626729,6.10061487773292e-07,0.0127396303494972,0.499841306056822,0.890568614772145,0.890486342258791,0.890524563744786,0.890606928990094,0.880829296961589,-0.473433997083687,-0.999999999994671,0.23671699853876,0.440414648484703,1.43545295768174e-12,0.0254786850875519,5.25369351441882e-14,7.36079632679399,-5.65962209877116e-15,0.012737964269372,0.499837717930802,0.89056855678531,0.890486254400714,0.890524522155222,0.890606824539818
581,0.885669359324699,-0.46457078057272,-1.00000275045289,0.232296537285618,0.44283151585427,-2.16633528824238e-07,0.0254819274783666,-7.1489090650885e-07,7.3708777287838,6.10999441153172e-07,0.0127396332051287,0.499841298818294,0.890568614967447,0.890486342357821,0.890524563906522,0.890606929001413,0.885519516929255,-0.464602179415551,-0.999999999994642,0.232301089704674,0.44275975846855,1.43950305127558e-12,0.0254786850875523,5.25172157432638e-14,7.37079632679399,-5.62802141142819e-15,0.012737964269372,0.499837717930802,0.89056855678531,0.890486254400714,0.890524522155222,0.890606824539818
582,0.890270930148613,-0.455691067353141,-1.00000275478445,0.227856710119679,0.445132406427638,-2.16522358822796e-07,0.0254819325547351,-7.15766996135267e-07,7.38087780115723,6.11978269767331e-07,0.0127396360222616,0.499841291598893,0.890568615149684,0.890486342453217,0.890524564077546,0.890606929015359,0.890121185683157,-0.455723901916642,-0.999999999994613,0.227861950955201,0.445060592845515,1.44355314486941e-12,0.0254786850875527,5.24936799506923e-14,7.38079632679399,-5.59653257410667e-15,0.0127379642693721,0.499837717930802,0.89056855678531,0.890486254400714,0.890524522155222,0.890606824539818
583,0.894783475812253,-0.446765781065238,-1.00000275911378,0.223394095444626,0.447388784705867,-2.1641137423752e-07,0.0254819376422848,-7.1663433873495e-07,7.39087787338793,6.1298740324868e-07,0.0127396387953013,0.499841284398631,0.890568615322834,0.890486342545855,0.890524564260498,0.89060692903321,0.894633843060255,-0.44680005240731,-0.999999999994584,0.223400026200517,0.447316921534078,1.44760323846324e-12,0.0254786850875532,5.24663277664737e-14,7.39079632679399,-5.56515509862918e-15,0.0127379642693721,0.499837717930802,0.89056855678531,0.890486254400714,0.890524522155222,0.890606824539818
584,0.899206545024172,-0.437795814218904,-1.0000027634409,0.218909139510179,0.449600425033675,-2.16300731754728e-07,0.0254819427415994,-7.17493988089651e-07,7.40087794547627,6.14016322476274e-07,0.0127396415197331,0.49984127721764,0.890568615487415,0.890486342634531,0.890524564454319,0.890606929055852,0.899057037798572,-0.437831523265069,-0.999999999994555,0.218915761629378,0.449528518903251,1.45165333205707e-12,0.0254786850875536,5.24351591906079e-14,7.40079632679399,-5.533888159119e-15,0.0127379642693721,0.499837717930802,0.89056855678531,0.890486254400714,0.890524522155222,0.890606824539818
585,0.903539695440338,-0.428782063792436,-1.00000276776581,0.214402290800372,0.451767106229636,-2.16190231213037e-07,0.0254819478530404,-7.18347075489371e-07,7.4108780174226,6.15054569069065e-07,0.0127396441929801,0.499841270055806,0.890568615641847,0.890486342717003,0.890524564654178,0.890606929083583,0.903390327582319,-0.428819211335361,-0.999999999994526,0.214409605664505,0.451695163795139,1.45570342565091e-12,0.025478685087554,5.24001742230949e-14,7.41079632679399,-5.50273178041864e-15,0.0127379642693721,0.499837717930802,0.89056855678531,0.890486254400714,0.890524522155222,0.890606824539818
586,0.907782493708365,-0.419725431142838,-1.00000277208851,0.209873999988734,0.453888611608298,-2.16079714287529e-07,0.0254819529767527,-7.19194769550231e-07,7.42087808922728,6.1609204176171e-07,0.0127396468138133,0.499841262913032,0.890568615789128,0.890486342793693,0.890524564861622,0.890606929117396,0.907633279086129,-0.419764017841868,-0.999999999994498,0.20988200891774,0.453816639547058,1.45975351924474e-12,0.0254786850875544,5.23613728639349e-14,7.42079632679399,-5.47168488727832e-15,0.0127379642693721,0.499837717930802,0.89056855678531,0.890486254400714,0.890524522155222,0.890606824539818
587,0.911934515510861,-0.410626821915681,-1.000002776409,0.205324719893248,0.455964729001849,-2.15969270144734e-07,0.0254819581126705,-7.20038256021515e-07,7.43087816089067,6.17119000998829e-07,0.0127396493818295,0.499841255789412,0.890568615931262,0.890486342864605,0.890524565076796,0.890606929157988,0.911785468018389,-0.410666848296393,-0.999999999994469,0.205333424144983,0.455892734013202,1.46380361283857e-12,0.0254786850875548,5.23187551131276e-14,7.43079632679399,-5.44074751031723e-15,0.0127379642693721,0.499837717930802,0.89056855678531,0.890486254400714,0.890524522155222,0.890606824539818
588,0.91599534560786,-0.401487145954538,-1.00000278072728,0.200754905431103,0.457995250781316,-2.15859111367101e-07,0.0254819632605265,-7.20878716771942e-07,7.44087823241311,6.18126195582962e-07,0.0127396518976918,0.499841248685125,0.890568616069907,0.890486342929428,0.890524565299163,0.890606929205983,0.915846479163663,-0.40152861240831,-0.99999999999444,0.200764306200923,0.457923239585854,1.4678537064324e-12,0.0254786850875552,5.22723209706732e-14,7.44079632679399,-5.40991857846221e-15,0.0127379642693722,0.499837717930802,0.89056855678531,0.890486254400714,0.890524522155222,0.890606824539818
589,0.919964577878354,-0.392307317210003,-1.00000278504336,0.196165013573236,0.459979973877316,-2.15749354170071e-07,0.0254819684198637,-7.21717303476087e-07,7.45087830379498,6.19105210287895e-07,0.0127396543634851,0.499841241600282,0.890568616205494,0.890486342987528,0.890524565525561,0.890606929261207,0.919815906424224,-0.392350223993592,-0.999999999994411,0.196175111993546,0.459907953216149,1.47190380002623e-12,0.0254786850875557,5.22220704365717e-14,7.45079632679399,-5.3791975765021e-15,0.0127379642693722,0.499837717930802,0.89056855678531,0.890486254400714,0.890524522155222,0.890606824539818
590,0.923841815360909,-0.383088253648288,-1.00000278935725,0.191555503298666,0.461918699800349,-2.15639822618321e-07,0.0254819735900603,-7.22555105788067e-07,7.46087837503664,6.20049218977564e-07,0.0127396567827611,0.499841234534762,0.89056861633793,0.890486343038579,0.890524565751958,0.890606929322877,0.923693352860651,-0.383132600883433,-0.999999999994381,0.191566300438447,0.461846676434377,1.47595389362007e-12,0.0254786850875561,5.21679915078623e-14,7.46079632679399,-5.34858454323434e-15,0.0127379642693722,0.499837717930802,0.89056855678531,0.890486254400714,0.890524522155222,0.890606824539818
591,0.927626670293371,-0.373830877159434,-1.00000279366895,0.186926835548605,0.463811234660627,-2.15530158502902e-07,0.0254819787703632,-7.23393124737788e-07,7.47087844613845,6.20952925693621e-07,0.0127396591600338,0.499841227488285,0.890568616467835,0.890486343082756,0.890524565976124,0.890606929390398,0.927478430731533,-0.373876664832462,-0.999999999994351,0.186938332412943,0.463739215369832,1.4800039872139e-12,0.0254786850875565,5.21100734959969e-14,7.47079632679399,-5.31807841415026e-15,0.0127379642693722,0.499837717930802,0.89056855678531,0.890486254400714,0.890524522155222,0.890606824539818
592,0.931318764151649,-0.364536113465117,-1.00000279797845,0.182279473180358,0.465657389187461,-2.15420761612965e-07,0.0254819839599059,-7.24232259334937e-07,7.48087851710076,6.21810565698226e-07,0.0127396614999368,0.499841220461104,0.89056861660186,0.890486343121995,0.890524566206837,0.890606929467173,0.931170761532237,-0.364583341426571,-0.999999999994321,0.182291670709978,0.465585380770199,1.48405408080773e-12,0.0254786850875569,5.20483390924844e-14,7.48079632679399,-5.28767868135946e-15,0.0127379642693722,0.499837717930802,0.89056855678531,0.890486254400714,0.890524522155222,0.890606824539818
593,0.934917727687573,-0.355204892026078,-1.00000280228578,0.177613880921068,0.467456978748155,-2.15311723651433e-07,0.0254819891577048,-7.25073303631642e-07,7.49087858792396,6.2261822065897e-07,0.0127396638077881,0.499841213453231,0.890568616736018,0.890486343155206,0.890524566433244,0.890606929548744,0.934769976032759,-0.355253559990357,-0.999999999994291,0.177626779991852,0.467384988020474,1.48810417440156e-12,0.0254786850875573,5.19827882973248e-14,7.49079632679399,-5.25738538910977e-15,0.0127379642693722,0.499837717930802,0.89056855678531,0.890486254400714,0.890524522155222,0.890606824539818
594,0.938423200965827,-0.345838145949179,-1.00000280659092,0.172930525321259,0.469209823366455,-2.1520266397409e-07,0.0254819943627214,-7.2591692560107e-07,7.5008786586084,6.23374492067836e-07,0.0127396660896203,0.499841206464411,0.89056861687118,0.890486343183294,0.890524566654176,0.890606929634598,0.938275714314649,-0.345888253494187,-0.999999999994261,0.172944126743747,0.469137857161434,1.4921542679954e-12,0.0254786850875577,5.1913421110518e-14,7.50079632679399,-5.2271974819882e-15,0.0127379642693723,0.499837717930802,0.89056855678531,0.890486254400714,0.890524522155222,0.890606824539818
595,0.941834833399951,-0.336436811894091,-1.00000281089388,0.168229874708156,0.470915747740536,-2.15093584084465e-07,0.0254819995738893,-7.26763660930174e-07,7.51087872915446,6.24078310328249e-07,0.0127396683515468,0.499841199494563,0.890568617010713,0.890486343207401,0.890524566872965,0.89060692972601,0.941687625807001,-0.336488358460907,-0.999999999994231,0.168244179227088,0.470843812907625,1.49620436158923e-12,0.0254786850875582,5.1840237532064e-14,7.51079632679399,-5.19711445932123e-15,0.0127379642693723,0.499837717930802,0.89056855678531,0.890486254400714,0.890524522155222,0.890606824539818
596,0.945152283787405,-0.327001829979632,-1.00000281519466,0.163512399138862,0.472574581260511,-2.14984205878745e-07,0.0254820047901263,-7.27613912776994e-07,7.5208787995625,6.24730229748669e-07,0.0127396705995901,0.499841192543427,0.890568617151739,0.890486343227614,0.890524567083469,0.89060692981957,0.945005369321507,-0.327054814872188,-0.999999999994201,0.163527407432709,0.472502684664893,1.50025445518306e-12,0.0254786850875586,5.17632793334331e-14,7.52079632679399,-5.16713637332519e-15,0.0127379642693723,0.499837717930802,0.89056855678531,0.890486254400714,0.890524522155222,0.890606824539818
597,0.9483752203437,-0.317534143689755,-1.00000281949324,0.158778570353328,0.474186158025485,-2.14874616204197e-07,0.0254820100103696,-7.28467952205315e-07,7.5308788698329,6.25331129020859e-07,0.0127396728399403,0.499841185611016,0.890568617299808,0.890486343245329,0.890524567292278,0.890606929918322,0.948228613086582,-0.317588566074527,-0.999999999994171,0.158794283033859,0.474114306547445,1.50430454877689e-12,0.025478685087559,5.16825323606238e-14,7.53079632679399,-5.1372621749459e-15,0.0127379642693723,0.499837717930802,0.89056855678531,0.890486254400714,0.890524522155222,0.890606824539818
598,0.951503320735581,-0.308034699779202,-1.00000282378964,0.154028861727182,0.475750316860125,-2.147648816093e-07,0.025482015233573,-7.29325917402437e-07,7.54087893996602,6.25882766019797e-07,0.0127396750784751,0.49984117869727,0.890568617452069,0.890486343260987,0.89052456749429,0.890606930018993,0.951357034780535,-0.308090558684915,-0.999999999994141,0.154045279339034,0.475678517394436,1.50835464237073e-12,0.0254786850875594,5.15979531848858e-14,7.54079632679399,-5.10749371562537e-15,0.0127379642693723,0.499837717930802,0.89056855678531,0.890486254400714,0.890524522155222,0.890606824539818
599,0.954536272113267,-0.298504448178834,-1.00000282808384,0.149263748224374,0.47726690133077,-2.14655086650645e-07,0.0254820204587409,-7.3018782193014e-07,7.55087900996224,6.26388014320721e-07,0.0127396773209059,0.499841171802206,0.89056861761159,0.890486343275418,0.890524567692166,0.890606930122189,0.954390321563804,-0.298561742496176,-0.999999999994111,0.149280871244644,0.477195160786086,1.51240473596456e-12,0.0254786850875598,5.1509550841237e-14,7.55079632679398,-5.07782886371383e-15,0.0127379642693724,0.499837717930802,0.89056855678531,0.890486254400714,0.890524522155222,0.890606824539818
600,0.957473771141745,-0.288944341900635,-1.00000283237584,0.144483706349666,0.478735759761059,-2.14545426167035e-07,0.0254820256849399,-7.31053556880297e-07,7.56087907982194,6.26850422372114e-07,0.0127396795726971,0.499841164925925,0.890568617777867,0.890486343289608,0.890524567884579,0.890606930226793,0.957328170110238,-0.289003070381988,-0.999999999994081,0.144501535187531,0.478664085059317,1.51645482955839e-12,0.0254786850875602,5.14173321059411e-14,7.56079632679398,-5.04826641127723e-15,0.0127379642693724,0.499837717930802,0.89056855678531,0.890486254400714,0.890524522155222,0.890606824539818
601,0.960315524031106,-0.279355336942418,-1.00000283666565,0.139689214100978,0.480156745247085,-2.14435539081351e-07,0.0254820309113237,-7.31922904677727e-07,7.57087914954549,6.27275076752724e-07,0.0127396818381072,0.499841158068074,0.890568617946058,0.890486343303956,0.890524568066598,0.890606930329051,0.96017028663743,-0.279415498201598,-0.999999999994051,0.139707749097316,0.480085143322928,1.52053657376028e-12,0.0254786850875607,5.13212660702011e-14,7.57079632679398,-5.01880642146049e-15,0.0127379642693724,0.499837717930802,0.89056855678531,0.890486254400714,0.890524522155222,0.890606824539818
602,0.963061246565935,-0.269738392192226,-1.00000284095326,0.134880750921542,0.481529715672093,-2.14325634144213e-07,0.0254820361371547,-7.32795559633896e-07,7.58087921913327,6.276668990635e-07,0.0127396841215225,0.499841151228727,0.890568618124643,0.890486343319875,0.890524568246741,0.890606930433464,0.962916386936096,-0.269799984704233,-0.999999999994021,0.134899992348614,0.481458193472277,1.5246221944909e-12,0.0254786850875611,5.12213798571414e-14,7.58079632679398,-4.98944785784067e-15,0.0127379642693724,0.499837717930802,0.89056855678531,0.890486254400714,0.890524522155222,0.890606824539818
603,0.965710664133733,-0.260094469332447,-1.00000284523868,0.130058797651947,0.482854533720676,-2.14216022534159e-07,0.0254820413617936,-7.33671119831527e-07,7.59087928858566,6.28030984974949e-07,0.0127396864268867,0.499841144407979,0.890568618308718,0.890486343337729,0.890524568420609,0.890606930536715,0.965566196398496,-0.260157491433231,-0.999999999993991,0.130078745713093,0.482783098203491,1.52870781522153e-12,0.0254786850875615,5.11176772524345e-14,7.59079632679398,-4.96019023855269e-15,0.0127379642693724,0.499837717930802,0.89056855678531,0.890486254400714,0.890524522155222,0.890606824539818
604,0.968263511752388,-0.250424532743651,-1.0000028495219,0.125223836482051,0.484131066892504,-2.14106587704363e-07,0.0254820465847175,-7.34549113431593e-07,7.60087935790305,6.28373241114107e-07,0.0127396887568017,0.499841137605627,0.890568618496876,0.890486343358036,0.89052456858759,0.890606930637504,0.96811945004589,-0.250488982629884,-0.999999999993959,0.125244491311399,0.484059725027203,1.53279343595215e-12,0.0254786850875619,5.10101808436257e-14,7.60079632679398,-4.93103363444051e-15,0.0127379642693724,0.499837717930802,0.89056855678531,0.890486254400714,0.890524522155222,0.890606824539818
605,0.970719534096674,-0.240729549408149,-1.00000285380294,0.120376350902727,0.485359187515571,-2.13997319223417e-07,0.0254820518055277,-7.35429018951055e-07,7.61087942708581,6.28699629387689e-07,0.0127396911132958,0.499841130821557,0.890568618690359,0.890486343381384,0.890524568749524,0.890606930736104,0.970575892555041,-0.240795425137014,-0.999999999993928,0.120397712564944,0.485287946281794,1.53687905668277e-12,0.0254786850875623,5.0898872517038e-14,7.61079632679398,-4.9019764819494e-15,0.0127379642693725,0.499837717930802,0.89056855678531,0.890486254400714,0.890524522155222,0.890606824539818
606,0.973078485523791,-0.231010488813304,-1.00000285808179,0.115516825657507,0.486538772758967,-2.13887712962303e-07,0.0254820570239495,-7.36310281370541e-07,7.62087949613432,6.2901603179335e-07,0.0127396934969282,0.499841124055336,0.890568618882174,0.890486343407077,0.890524568902165,0.890606930829152,0.972935278283747,-0.231077788302292,-0.999999999993897,0.115538894147563,0.486467639146162,1.54096467741339e-12,0.0254786850875627,5.07837545096055e-14,7.62079632679398,-4.87301868335758e-15,0.0127379642693725,0.499837717930802,0.89056855678531,0.890486254400714,0.890524522155222,0.890606824539818
607,0.975340130097929,-0.221268322854586,-1.00000286235844,0.110645746694066,0.487669704645166,-2.13777687397501e-07,0.0254820622398292,-7.3719233936305e-07,7.63087956504895,6.29328026770015e-07,0.0127396959083325,0.499841117306822,0.890568619080466,0.890486343436658,0.890524569052413,0.89060693092065,0.9751973712954,-0.221337043881305,-0.999999999993866,0.11066852193705,0.487598685652003,1.54505029814401e-12,0.0254786850875632,5.06648189920587e-14,7.63079632679398,-4.84415992510558e-15,0.0127379642693725,0.499837717930802,0.89056855678531,0.890486254400714,0.890524522155222,0.890606824539818
608,0.977504241613874,-0.211504025738379,-1.00000286663289,0.105763601115601,0.488751870061835,-2.13667863328076e-07,0.0254820674531269,-7.38074608391205e-07,7.64087963383007,6.29640957461878e-07,0.0127396983488121,0.499841110576306,0.890568619287205,0.890486343470975,0.890524569202378,0.890606931011369,0.977361945382583,-0.211574165940378,-0.999999999993835,0.105787082966566,0.48868097269561,1.54913591887463e-12,0.0254786850875636,5.05420570166613e-14,7.64079632679398,-4.8153997366633e-15,0.0127379642693725,0.499837717930802,0.89056855678531,0.890486254400714,0.890524522155222,0.890606824539818
609,0.979570603619618,-0.201718573884568,-1.00000287090516,0.100870877132132,0.489785160773135,-2.13558600578034e-07,0.0254820726639147,-7.38956486074251e-07,7.65087970247806,6.29960005009315e-07,0.0127397008184916,0.499841103863943,0.890568619497421,0.890486343509193,0.890524569350001,0.890606931098462,0.979428784089693,-0.201790130759168,-0.999999999993804,0.10089506537594,0.48971439204918,1.55322153960525e-12,0.025478685087564,5.04154786496168e-14,7.65079632679398,-4.78673772199728e-15,0.0127379642693725,0.499837717930802,0.89056855678531,0.890486254400714,0.890524522155222,0.890606824539818
610,0.981539009438021,-0.191912945828901,-1.00000287517524,0.0959680640116582,0.490769473430553,-2.13449973566343e-07,0.0254820778723702,-7.39837384508438e-07,7.66087977099329,6.30289945425258e-07,0.0127397033161422,0.499841097169794,0.890568619709728,0.890486343551816,0.890524569495599,0.890606931181839,0.98139768073458,-0.19198591673304,-0.999999999993773,0.0959929583628559,0.490698840371639,1.55730716033588e-12,0.0254786850875644,5.02850838909252e-14,7.66079632679398,-4.75817381980313e-15,0.0127379642693725,0.499837717930802,0.89056855678531,0.890486254400714,0.890524522155222,0.890606824539818
611,0.983409262187471,-0.182088122125135,-1.00000287944316,0.0910556520312202,0.491704709583247,-2.13341841147972e-07,0.0254820830787665,-7.40716751667178e-07,7.67087983937613,6.30634905237711e-07,0.0127397058395848,0.499841090493642,0.890568619921146,0.890486343598271,0.890524569638436,0.890606931260758,0.983268438429221,-0.182162504275227,-0.999999999993742,0.091081252133929,0.491634219218975,1.56140745715753e-12,0.0254786850875648,5.01508727405863e-14,7.67079632679398,-4.72970708658893e-15,0.0127379642693726,0.499837717930802,0.89056855678531,0.890486254400714,0.890524522155222,0.890606824539818
612,0.985181174801581,-0.172245085246985,-1.00000288370891,0.0861341324278549,0.492590775687899,-2.13234048054168e-07,0.0254820882834575,-7.4159408764855e-07,7.68087990762698,6.3099833948827e-07,0.0127397083862675,0.499841083835286,0.890568620131902,0.890486343648796,0.890524569779513,0.89060693133617,0.985040870099406,-0.172320875718789,-0.999999999993711,0.0861604378556893,0.492520435054083,1.56552860502494e-12,0.0254786850875652,5.0012844744268e-14,7.68079632679398,-4.70133768287779e-15,0.0127379642693726,0.499837717930802,0.89056855678531,0.890486254400714,0.890524522155222,0.890606824539818
613,0.986854570484464,-0.162384820706916,-1.00000287668954,0.0812041340675392,0.493427073172104,2.62325706967952e-06,0.0254770594754836,1.58996088770627e-05,7.69087863525549,-0.0012709165836499,0.0169128450768387,0.499397431560615,0.892320378817537,0.883005878648142,0.879424947411094,0.907266950904256,0.986714798503444,-0.162462015218379,-0.99999999999368,0.0812310076054639,0.493357399256117,1.56964975289234e-12,0.0254786850875657,4.98708401421987e-14,7.69079632679398,-4.67308424030482e-15,0.0127379642693726,0.499837717930802,0.89056855678531,0.890486254400714,0.890524522155222,0.890606824539818
614,0.988429307655144,-0.152508472595593,-1.00000267235933,0.0762696549841948,0.494189941368202,2.24761772117588e-05,0.0253922767271407,0.000308774312817791,7.70085552338963,-0.00833080115516875,0.0423760458229761,0.496793574108948,0.898230207735113,0.86875509335881,0.857389647746899,0.937161844889279,0.98829005624989,-0.152586908651833,-0.999999999993649,0.0762934543221699,0.494145028129356,1.57377090075975e-12,0.0254786850875661,4.9724678438193e-14,7.70079632679398,-4.64496502683183e-15,0.0127379642693726,0.499837717930802,0.89056855678531,0.890486254400714,0.890524522155222,0.890606824539818
615,0.989905411276462,-0.142618389430045,-1.00000173926354,0.0713436423246403,0.494774140571883,8.10653296531042e-05,0.0251188431532734,0.00139251450881601,7.71077478189417,-0.0202855388541229,0.0954877892604775,0.49165634273178,0.905688421369842,0.856178591778135,0.833588997205381,0.965017141944445,0.989766485814282,-0.142696543521577,-0.999999999993618,0.0713482717570212,0.494883242911567,1.57789204862716e-12,0.0254786850875665,4.95743627494541e-14,7.71079632679398,-4.61697940475063e-15,0.0127379642693726,0.499837717930802,0.89056855678531,0.890486254400714,0.890524522155222,0.890606824539818
616,0.991283234239983,-0.13272008606735,-0.999998932796726,0.0664447938405717,0.494968441256279,0.000217424988205361,0.0246012752634464,0.00378976152675298,7.7205992228199,-0.0338881245635108,0.171718278718129,0.484130834093443,0.910504939099444,0.849926269139732,0.81316810124675,0.985012399728007,0.991143939554894,-0.132791908855883,-0.999999999993586,0.0663959544241532,0.495571969781889,1.58201319649457e-12,0.0254786850875669,4.94198837243728e-14,7.72079632679398,-4.58912673938273e-15,0.0127379642693726,0.499837717930802,0.89056855678531,0.890486254400714,0.890524522155222,0.890606824539818
617,0.992563501947538,-0.122824236701467,-0.999992260268743,0.0615906791800366,0.494473214543971,0.000473101016856768,0.0238483361380212,0.00787883260860041,7.73029012807151,-0.0466118919420206,0.262020574736457,0.474393172304653,0.910454023634188,0.850677296552796,0.798386320850293,0.996679574772826,0.9924222797275,-0.122873995109963,-0.999999999993554,0.0614369975511724,0.496211139868207,1.58613434436198e-12,0.0254786850875673,4.92612413629491e-14,7.73079632679398,-4.56140639906494e-15,0.0127379642693726,0.499837717930802,0.89056855678531,0.890486254400714,0.890524522155222,0.890606824539818
618,0.993747245966301,-0.11294810246212,-0.999979083459487,0.0567941258115791,0.492935670252829,0.000867504518942184,0.0229072146074458,0.0138485768558029,7.73980610440206,-0.0572860518444926,0.357028900249527,0.462604268217538,0.905494716439142,0.857237160621076,0.789613849952287,1.0015540885589,0.993601378499148,-0.112943794066927,-0.999999999993522,0.0564718970296336,0.496800689254047,1.59025549222939e-12,0.0254786850875677,4.90984356651831e-14,7.74079632679398,-4.53381775513501e-15,0.0127379642693726,0.499837717930802,0.89056855678531,0.890486254400714,0.890524522155222,0.890606824539818
619,0.994835708088035,-0.103116228738479,-0.999956730978065,0.0520636409905802,0.489985668655747,0.0013837304085441,0.0218375696044992,0.0217136003374172,7.74910418803166,-0.0656714723433884,0.448913470585881,0.448936546929286,0.896700774215699,0.868099861142649,0.786324123692782,1.00141425909377,0.994681117960942,-0.103002298738605,-0.99999999999349,0.0515011493654513,0.49734055898496,1.5943766400968e-12,0.0254786850875682,4.89314666310747e-14,7.75079632679398,-4.50636018191742e-15,0.0127379642693726,0.499837717930802,0.89056855678531,0.890486254400714,0.890524522155222,0.890606824539818
620,0.99583027629864,-0.0933604883570181,-0.999923246586913,0.0474057874039599,0.485264793015555,0.00196834433329413,0.0206964107851972,0.0313492137151685,7.75814202793183,-0.071935460675799,0.531594631513017,0.433577135544355,0.885214721159558,0.882215141547425,0.787808944340042,0.997613761050283,0.995661390139838,-0.0930505032662444,-0.999999999993458,0.0465252516292498,0.497830695074423,1.5984977879642e-12,0.0254786850875685,4.87604350397974e-14,7.76079632679398,-4.47903305670916e-15,0.0127379642693726,0.499837717930802,0.89056855678531,0.890486254400714,0.890524522155222,0.890606824539818
621,0.996732471712553,-0.0837196180819677,-0.999878026105031,0.0428276954156537,0.478448193643826,0.00254244882197354,0.0195319118953456,0.0425246020728182,7.76687982294305,-0.0763667831084174,0.600631386942271,0.416735332567955,0.872272014302621,0.898509275882083,0.793234409064446,0.991287843313969,0.996542097009433,-0.0830894028210993,-0.999999999993425,0.041544701406656,0.498271048509236,1.60261893583161e-12,0.0254786850875689,4.85855775571968e-14,7.77079632679398,-4.45183575976562e-15,0.0127379642693726,0.499837717930802,0.89056855678531,0.890486254400714,0.890524522155222,0.890606824539818
622,0.99754397907978,-0.0742383797738447,-0.999822173607358,0.0383388101125349,0.469260439909428,0.00301663869911194,0.0183814251726102,0.0549338803219157,7.77528201255015,-0.0792635699437542,0.65292167316152,0.398633802549223,0.858683397109057,0.916283836112676,0.801888215305457,0.983204802707229,0.997323150499775,-0.0731199935049134,-0.999999999993393,0.0365599967485417,0.498661575254423,1.60674008369902e-12,0.0254786850875693,4.84069273049429e-14,7.78079632679398,-4.42476767428651e-15,0.0127379642693726,0.499837717930802,0.89056855678531,0.890486254400714,0.890524522155222,0.890606824539818
623,0.998266702683599,-0.0649664516990394,-0.999758574737537,0.0339516868349724,0.457486955588256,0.0033032547359907,0.0172715648746371,0.0682184060565654,7.78331801812947,-0.0808945763413239,0.686252374975255,0.379491150034318,0.844921484617309,0.935072849696631,0.81320895479708,0.973857804103532,0.998004472506165,-0.0631432722503107,-0.999999999993361,0.031571636121219,0.499002236257634,1.61086123156643e-12,0.0254786850875697,4.82244717335175e-14,7.79079632679398,-4.39782818640192e-15,0.0127379642693726,0.499837717930802,0.89056855678531,0.890486254400714,0.890524522155222,0.890606824539818
624,0.998902830612227,-0.0559571173618938,-0.999691747607539,0.0296821309309097,0.44298318627333,0.00332862925257931,0.0162189351725187,0.0819823548094765,7.79096233661896,-0.081509474586843,0.69915253421253,0.359519070749551,0.831405699261484,0.954278921810775,0.826552935587978,0.963696732423445,0.998585994896971,-0.0531602367211027,-0.999999999993329,0.0265801183565935,0.499292997453053,1.61498237943384e-12,0.0254786850875701,4.80381997704449e-14,7.80079632679398,-4.37101668515836e-15,0.0127379642693726,0.499837717930802,0.89056855678531,0.890486254400714,0.890524522155222,0.890606824539818
625,0.999454899816143,-0.0472657755969189,-0.999627330615096,0.0255492785493358,0.425683802101977,0.00306268152597749,0.0152308116518758,0.0958116259216903,7.79819453654982,-0.0813637186070954,0.69150312562704,0.338929471823221,0.818962253582479,0.972502099459532,0.840554609296818,0.953558630013502,0.999067659520438,-0.043171885212523,-0.999999999993297,0.0215859426022821,0.499533829764803,1.61910352730125e-12,0.0254786850875704,4.78481114157252e-14,7.81079632679398,-4.34433256250491e-15,0.0127379642693726,0.499837717930802,0.89056855678531,0.890486254400714,0.890524522155222,0.890606824539818
626,0.999925856259336,-0.0389483042327526,-0.999571116266503,0.0215745432736481,0.405605791204411,0.00251149247969321,0.0143059855404339,0.109300804833138,7.80499928673213,-0.0806945181172415,0.663946826445508,0.317921506659528,0.807479994688429,0.98962696005181,0.854906626643552,0.943429138321377,0.999449418210506,-0.0331792165513991,-0.999999999993264,0.0165896082716985,0.499724709109852,1.62322467516866e-12,0.0254786850875708,4.76542066693583e-14,7.82079632679398,-4.31777521327944e-15,0.0127379642693726,0.499837717930802,0.89056855678531,0.890486254400714,0.890524522155222,0.890606824539818
627,1.00031908733693,-0.0310594157714534,-0.999528474271798,0.0177805985260405,0.382849204849295,0.0017165545707196,0.0134364928222948,0.122060463490823,7.81136570626077,-0.0796988155931489,0.617616823138325,0.296676103386837,0.797231083275542,1.00490805286759,0.868739450647603,0.933637710491318,0.999731232791623,-0.0231832299962697,-0.999999999993232,0.0115916149941121,0.499865616400427,1.62734582303607e-12,0.0254786850875712,4.74564855313443e-14,7.83079632679398,-4.29134403519489e-15,0.0127379642693726,0.499837717930802,0.89056855678531,0.890486254400714,0.890524522155222,0.890606824539818
628,1.00063843895892,-0.0236509948106618,-0.999503543033268,0.0141903938236463,0.357596024063478,0.000756873193752023,0.0126093910278496,0.133731625812707,7.81728698529956,-0.0785363201127185,0.554370003162076,0.275358873413808,0.788382701725914,1.01781409303499,0.88137619777368,0.9243963550827,0.999913075082565,-0.0131849251374605,-0.9999999999932,0.00659246256468577,0.499956537545914,1.63146697090347e-12,0.0254786850875716,4.72549480016831e-14,7.84079632679398,-4.26503842882557e-15,0.0127379642693726,0.499837717930802,0.89056855678531,0.890486254400714,0.890524522155222,0.890606824539818
629,1.00088820780903,-0.0167705190810144,-0.999498632831999,0.0108258387486333,0.330103485984101,-0.000266725017976801,0.0118087296674205,0.143997307815575,7.82276009268492,-0.0773154668296289,0.476491017639854,0.254122024390516,0.781010994127391,1.02803978417942,0.892389448194608,0.915780743308547,0.999994926899257,-0.00318530179712541,-0.999999999993168,0.00159265089449639,0.499997463454276,1.63558811877088e-12,0.025478685087572,4.70495940803748e-14,7.85079632679398,-4.23885779759364e-15,0.0127379642693726,0.499837717930802,0.89056855678531,0.890486254400714,0.890524522155222,0.890606824539818
630,1.00107310880334,-0.0104596467316798,-0.999513922584,0.00770667712221443,0.300694535096889,-0.00124370142462489,0.0110176261432745,0.152588105073477,7.82778570334874,-0.0760919723714868,0.386358989776805,0.233123929237956,0.775091797157043,1.03546114525183,0.901732739527294,0.907577508496276,0.999994926899257,-0.00318530179712541,-0.999999999993168,0,0,0,0,0,7.85079632679398,0,0,0,0.8902575,0.8902575,0.8902575,0.8902575
631,1.00119822269378,-0.00475300791774474,-0.999547340900374,0.00484963404080327,0.269747240530113,-0.00205987266273056,0.0102201585032258,0.159283332741147,7.83236863887264,-0.0748826842538838,0.28656066187695,0.212538836070626,0.770847629133139,1.03972599450395,0.909070467034288,0.899935683053033,0.999994926899257,-0.00318530179712541,-0.999999999993168,0,0,0,0,0,7.85079632679398,0,0,0,0.8902575,0.8902575,0.8902575,0.8902575
632,1.00126892865778,0.000322775256503233,-0.999594564125068,0.00226769840218559,0.237681595365474,-0.00260810250632076,0.00940271195273068,0.163917392294589,7.83651826251936,-0.0736854735183627,0.179969068556674,0.19254122367423,0.768389771846666,1.04080235843883,0.914268478297287,0.893044667527216,0.999994926899257,-0.00318530179712541,-0.999999999993168,0,0,0,0,0,7.85079632679398,0,0,0,0.8902575,0.8902575,0.8902575,0.8902575
633,1.00129082286957,0.0047497544812178,-0.999649405627202,-3.04624394441795e-05,0.204942237867448,-0.00281154340084626,0.00855478790570537,0.166383190722604,7.84024838563819,-0.0724867613619196,0.0695327035124499,0.173278047264003,0.767734688378185,1.03891896969333,0.917317667804626,0.88713412109367,0.999994926899257,-0.00318530179712541,-0.999999999993168,0,0,0,0,0,7.85079632679398,0,0,0,0.8902575,0.8902575,0.8902575,0.8902575
634,1.00126963117327,0.00851899078183218,-0.999704511829422,-0.0020405287047025,0.171982906982315,-0.00263164568435767,0.00766945512484774,0.166631988907313,7.84357662301045,-0.0712596309789471,-0.0418922257627643,0.154854511655763,0.768819819291768,1.03448297938037,0.918334066625928,0.882396190893781,0.999994926899257,-0.00318530179712541,-0.999999999993168,0,0,0,0,0,7.85079632679398,0,0,0,0.8902575,0.8902575,0.8902575,0.8902575
635,1.00121112489058,0.0116306028073852,-0.999752113498057,-0.00376218246652242,0.139253981120966,-0.00206254870619763,0.00674361378880904,0.164670665407343,7.84652357466936,-0.0699587241958679,-0.151590933457726,0.137349675455035,0.771655724573652,1.02777333173153,0.91747355146229,0.878911993301188,0.999994926899257,-0.00318530179712541,-0.999999999993168,0,0,0,0,0,7.85079632679398,0,0,0,0.8902575,0.8902575,0.8902575,0.8902575
636,1.00112104504512,0.0140935850905533,-0.999784630965024,-0.00519871822698637,0.107190534023411,-0.00113062260241676,0.00577818213777831,0.160558727475877,7.84911227764442,-0.0685211219977788,-0.257033242141065,0.120821057079648,0.776204286750055,1.01921159237224,0.91497479651774,0.876784541782563,0.999994926899257,-0.00318530179712541,-0.999999999993168,0,0,0,0,0,7.85079632679398,0,0,0,0.8902575,0.8902575,0.8902575,0.8902575
637,1.00100503400987,0.0159253877721146,-0.999795365556088,-0.00635663018737991,0.0762014728689507,0.000102141326115936,0.0047779932623248,0.154403350624188,7.85136739980286,-0.0668746225827293,-0.356016999697056,0.105296017947328,0.78232084964954,1.00934375401757,0.911183418438645,0.876052448394681,0.999994926899257,-0.00318530179712541,-0.999999999993168,0,0,0,0,0,7.85079632679398,0,0,0,0.8902575,0.8902575,0.8902575,0.8902575
638,1.00086857657833,0.0171513207424118,-0.99977913718151,-0.00724508817205982,0.0466632604249079,0.00154937063571166,0.00375142499070056,0.146352640354177,7.85331436032106,-0.0649417385624988,-0.446611311679241,0.0907876817907821,0.789995174333245,0.998453225305191,0.906345881711534,0.876726034887034,0.999994926899257,-0.00318530179712541,-0.999999999993168,0,0,0,0,0,7.85079632679398,0,0,0,0.8902575,0.8902575,0.8902575,0.8902575
639,1.00071695109417,0.0178038577419193,-0.999732654482366,-0.00787551054500017,0.0189149277353158,0.00310889582919419,0.00270997014206724,0.136590886049656,7.85497878474883,-0.0626468933617022,-0.527160461815805,0.0772991867007498,0.79908669599964,0.986925394434393,0.900767790841422,0.87875499883519,0.999994926899257,-0.00318530179712541,-0.999999999993168,0,0,0,0,0,7.85079632679398,0,0,0,0.8902575,0.8902575,0.8902575,0.8902575
640,1.00055518786125,0.0179218449556881,-0.999654772358807,-0.00826123143047679,-0.00674573888296131,0.00467009242529224,0.00166761759907435,0.125332316989877,7.85638588319938,-0.0599226003182137,-0.596318922285487,0.0648241279158179,0.809456008919364,0.97505471713247,0.894710509336705,0.882054255436868,0.999994926899257,-0.00318530179712541,-0.999999999993168,0,0,0,0,0,7.85079632679398,0,0,0,0.8902575,0.8902575,0.8902575,0.8902575
641,1.0003880335486,0.0175496514373037,-0.999546565019881,-0.00841724594157662,-0.0300645796640973,0.00612306050000462,0.00064017323465607,0.112814990216862,7.85755994564165,-0.0567158113930345,-0.653065872237849,0.0533478492588127,0.820878930117678,0.963133304963151,0.888429906335433,0.886475661421205,0.999994926899257,-0.00318530179712541,-0.999999999993168,0,0,0,0,0,7.85079632679398,0,0,0,0.8902575,0.8902575,0.8902575,0.8902575
642,1.00021991979853,0.0167362783301907,-0.99941123092382,-0.0083600395370912,-0.0508327934920512,0.00736649558221097,-0.000355461737986092,0.0992945212910405,7.85852393177315,-0.0529895690482318,-0.696641905566615,0.0428530904800227,0.833203412395747,0.951304760893246,0.882090446674289,0.891884075689873,0.999994926899257,-0.00318530179712541,-0.999999999993168,0,0,0,0,0,7.85079632679398,0,0,0,0.8902575,0.8902575,0.8902575,0.8902575
643,1.00005493450576,0.0155344405390219,-0.999253816789206,-0.00810749052996132,-0.0688878237363743,0.00831972756123972,-0.00130203579689576,0.0850371670305448,7.85929913936044,-0.0487390515643086,-0.726884435982614,0.0332988896949399,0.845714064767581,0.940106403650285,0.876062892303984,0.897830880947775,0.999994926899257,-0.00318530179712541,-0.999999999993168,0,0,0,0,0,7.85079632679398,0,0,0,0.8902575,0.8902575,0.8902575,0.8902575
644,0.999896794818812,0.0139996347491735,-0.999080762462452,-0.00767877705312748,-0.0841143357126937,0.00892161367476306,-0.00218282175517988,0.0703091233905257,7.85990475755309,-0.0439740579652401,-0.743711335458616,0.024653761118265,0.858705328033807,0.929176884008983,0.870194393494535,0.904403244801377,0.999994926899257,-0.00318530179712541,-0.999999999993168,0,0,0,0,0,7.85079632679398,0,0,0,0.8902575,0.8902575,0.8902575,0.8902575
645,0.999748821920045,0.0121891885978314,-0.998899501965006,-0.00709431496844258,-0.0964444928372655,0.00913764652252742,-0.00298193750244247,0.0553784131336293,7.86035826496447,-0.0387261786704642,-0.747249944073968,0.0168833749075777,0.871547487008446,0.918865470797359,0.864716680068231,0.911170283383889,0.999994926899257,-0.00318530179712541,-0.999999999993168,0,0,0,0,0,7.85079632679398,0,0,0,0.8902575,0.8902575,0.8902575,0.8902575
646,0.999613916966041,0.0101613053094118,-0.998717889896695,-0.0063756624101159,-0.105858876101222,0.00895600592012794,-0.003684965382029,0.0405071362052436,7.8606753282038,-0.03304307511182,-0.73777888703869,0.00995900058422892,0.884364332608578,0.908923888690938,0.859545857357399,0.918114155948607,0.999994926899257,-0.00318530179712541,-0.999999999993168,0,0,0,0,0,7.85079632679398,0,0,0,0.8902575,0.8902575,0.8902575,0.8902575
647,0.999494539410203,0.00797408979986662,-0.998543791729429,-0.00554542386840191,-0.1123865636611,0.00839149475870069,-0.00427928946893396,0.0259509086543477,7.86087023672124,-0.0269964170093928,-0.715857938090755,0.00384777536916801,0.896509184625855,0.899667208591336,0.854895445500301,0.924769994019687,0.999994926899257,-0.00318530179712541,-0.999999999993168,0,0,0,0,0,7.85079632679398,0,0,0,0.8902575,0.8902575,0.8902575,0.8902575
648,0.999392687215155,0.00568458502040021,-0.998384454731921,-0.00462710813186864,-0.11610450221468,0.00749014012481051,-0.00475469661391164,0.0119481938435511,7.86095580813855,-0.0206830796601334,-0.682618098952615,-0.00150433553224923,0.907483119457783,0.891300255200399,0.850897921823118,0.930770604424619,0.999994926899257,-0.00318530179712541,-0.999999999993168,0,0,0,0,0,7.85079632679398,0,0,0,0.8902575,0.8902575,0.8902575,0.8902575
649,0.999309881579701,0.00334783322990368,-0.998246007454136,-0.00364481608977654,-0.117135317465297,0.00631384417360248,-0.00510380570815972,-0.00128687811216388,7.86094350190077,-0.0142175613917761,-0.639230029521285,-0.00614285690427657,0.917398893526461,0.883572011590407,0.84744902795466,0.936118503033165,0.999994926899257,-0.00318530179712541,-0.999999999993168,0,0,0,0,0,7.85079632679398,0,0,0,0.8902575,0.8902575,0.8902575,0.8902575
650,0.999247158668624,0.00101599641353494,-0.998133225141458,-0.00262289717071486,-0.115643764186023,0.00493769464382543,-0.00532231859466983,-0.0135634759156029,7.8608439343189,-0.00772485688925426,-0.58696822930882,-0.0101146731726925,0.925913859092262,0.876628264929844,0.844617970478801,0.940564547187628,0.999994926899257,-0.00318530179712541,-0.999999999993168,0,0,0,0,0,7.85079632679398,0,0,0,0.8902575,0.8902575,0.8902575,0.8902575
651,0.999205068456176,-0.00126244471799314,-0.998049273467984,-0.00158554407553349,-0.111832381671266,0.00344541073752284,-0.00540911598155119,-0.0247185468059538,7.86066698397807,-0.00133230139562456,-0.52729315868904,-0.0134722449843498,0.932914764995105,0.870477695859347,0.842418174088037,0.943998518048018,0.999994926899257,-0.00318530179712541,-0.999999999993168,0,0,0,0,0,7.85079632679398,0,0,0,0.8902575,0.8902575,0.8902575,0.8902575
652,0.999183682390425,-0.00344339213100752,-0.997995631957182,-0.00055634090468687,-0.105935883034377,0.00192080003512621,-0.00536625897583949,-0.0346187446427223,7.86042200818911,0.00483086389867402,-0.461706880625938,-0.0162660234337848,0.93836680146409,0.865105191609198,0.840852194403844,0.946370240947757,0.999994926899257,-0.00318530179712541,-0.999999999993168,0,0,0,0,0,7.85079632679398,0,0,0,0.8902575,0.8902575,0.8902575,0.8902575
653,0.999182610136249,-0.00548771111576398,-0.997972154641893,0.000442194777250312,-0.0982147734073682,0.000441520613800373,-0.00519891137465014,-0.0431609932576554,7.86011803115536,0.0106419692104384,-0.39173948660804,-0.0185472931380623,0.942248808819509,0.860549811592033,0.839932932339854,0.947659094238866,0.999994926899257,-0.00318530179712541,-0.999999999993168,0,0,0,0,0,7.85079632679398,0,0,0,0.8902575,0.8902575,0.8902575,0.8902575
654,0.999201025267818,-0.00736167896107776,-0.997977232080794,0.00138903888353135,-0.0889486107788529,-0.000923832639406387,-0.00491513665760356,-0.0502728042599264,7.85976384268043,0.0159812869601601,-0.318905906007373,-0.0203621975811795,0.944622148068327,0.856773186417061,0.839675388235303,0.947875068604331,0.999994926899257,-0.00318530179712541,-0.999999999993168,0,0,0,0,0,7.85079632679398,0,0,0,0.8902575,0.8902575,0.8902575,0.8902575
655,0.999237699333675,-0.00903729676417292,-0.998008008843775,0.00226508381354113,-0.0784290374701152,-0.00212042619362278,-0.00452574770185808,-0.0559116621136954,7.8593681268252,0.0207411584853995,-0.244694336706475,-0.0217555417576976,0.945547131121522,0.85382776703656,0.840093258755596,0.947066033538623,0.999994926899257,-0.00318530179712541,-0.999999999993168,0,0,0,0,0,7.85079632679398,0,0,0,0.8902575,0.8902575,0.8902575,0.8902575
656,0.999291044038141,-0.0104924620261832,-0.998060696013475,0.00305350548652559,-0.0669529391325438,-0.00310977261076962,-0.00404386424910601,-0.0600644582023909,7.85893939781348,0.0248326700936307,-0.170548326341726,-0.0227717898698893,0.945133086278323,0.851730588860294,0.841194575989506,0.945306149966108,0.999994926899257,-0.00318530179712541,-0.999999999993168,0,0,0,0,0,7.85079632679398,0,0,0,0.8902575,0.8902575,0.8902575,0.8902575
657,0.999359159846083,-0.0117110084841973,-0.998130896314494,0.0037400450686165,-0.054816026498647,-0.00386930911355811,-0.00348448345883521,-0.0627462844872656,7.85848593236876,0.0281820307738536,-0.0978418036286386,-0.0234522086922129,0.943505905433021,0.850486530413185,0.842987906019991,0.942678937022279,0.999994926899257,-0.00318530179712541,-0.999999999993168,0,0,0,0,0,7.85079632679398,0,0,0,0.8902575,0.8902575,0.8902575,0.8902575
658,0.99943988962322,-0.0126826219786247,-0.998213922894403,0.00431323394580519,-0.0423068387988695,-0.00439282969436556,-0.00286405672860669,-0.0639987845540837,7.85801568083164,0.0307351894443139,-0.0278462197013781,-0.0238356512454769,0.940830129195512,0.850093427806947,0.845453283339608,0.939307311698384,0.999994926899257,-0.00318530179712541,-0.999999999993168,0,0,0,0,0,7.85079632679398,0,0,0,0.8902575,0.8902575,0.8902575,0.8902575
659,0.99953087606247,-0.0134026429725215,-0.998305117239916,0.00476454029794571,-0.0297015055551908,-0.00468874843136922,-0.00219997011179459,-0.0638878934724798,7.85753613223446,0.032458244186905,0.0382801349250073,-0.0239581898834826,0.937261614202842,0.850538923318047,0.848574070045258,0.935301363247644,0.999994926899257,-0.00318530179712541,-0.999999999993168,0,0,0,0,0,7.85079632679398,0,0,0,0.8902575,0.8902575,0.8902575,0.8902575
660,0.999629621272983,-0.0138717721873362,-0.998400117153127,0.00508844498301745,-0.017259222137754,-0.00477803824001159,-0.00151006044843773,-0.0625014731579714,7.8570541869155,0.0333385375180596,0.0995115504930473,-0.0238531927013014,0.93297783389748,0.851791485222487,0.852304120744702,0.93079312103502,0.999994926899257,-0.00318530179712541,-0.999999999993168,0,0,0,0,0,7.85079632679398,0,0,0,0.8902575,0.8902575,0.8902575,0.8902575
661,0.999733547227534,-0.0140956927923776,-0.998495086001347,0.00528244834138442,-0.00521848298618132,-0.00469174731972829,-0.000812094537429035,-0.0599463744695678,7.85657602647616,0.0333860571653745,0.154979766932084,-0.0235516368229505,0.928157853323711,0.853799570070713,0.856577630800659,0.925916361120385,0.999994926899257,-0.00318530179712541,-0.999999999993168,0,0,0,0,0,7.85079632679398,0,0,0,0.8902575,0.8902575,0.8902575,0.8902575
662,0.999840055624372,-0.0140846255199451,-0.998586883300819,0.00534700613058299,0.00620587636894577,-0.00446793942777543,-0.000123256388449473,-0.0563450224638391,7.85610700522824,0.0326343040790327,0.204006198856707,-0.0230823758427891,0.922993969554288,0.856478960759514,0.861292108479741,0.920819094015581,0.999994926899257,-0.00318530179712541,-0.999999999993168,0,0,0,0,0,7.85079632679398,0,0,0,0.8902575,0.8902575,0.8902575,0.8902575
663,0.999946585788547,-0.0138528331616707,-0.998673163501675,0.00528539928853764,0.0168247657944982,-0.00414702948338484,0.000540291626743943,-0.0518320702151396,7.85565158155017,0.031130034561189,0.246017205562644,-0.0224708982208018,0.917563289899687,0.859798062930947,0.86642877844653,0.915542157616256,0.999994926899257,-0.00318530179712541,-0.999999999993168,0,0,0,0,0,7.85079632679398,0,0,0,0.8902575,0.8902575,0.8902575,0.8902575
664,1.00005066956099,-0.0134180879602031,-0.99875239339473,0.00510356719391993,0.0264765979775888,-0.00376996372741029,0.00116371705996532,-0.0465515527539959,7.85521330032921,0.0289453875826108,0.280729789820003,-0.0217415750073489,0.912172548766162,0.863527485099189,0.871712953477972,0.910348882622998,0.999994926899257,-0.00318530179712541,-0.999999999993168,0,0,0,0,0,7.85079632679398,0,0,0,0.8902575,0.8902575,0.8902575,0.8902575
665,1.00014998226459,-0.0128011116771141,-0.99882383725616,0.00480987597684255,0.0350280537577347,-0.00337440622406552,0.00173392887345365,-0.0406522675285104,7.85479479085713,0.0261505515407223,0.307776484855595,-0.0209144562649836,0.906593627565668,0.867851747758992,0.877395079078509,0.904995573856213,0.999994926899257,-0.00318530179712541,-0.999999999993168,0,0,0,0,0,7.85079632679398,0,0,0,0.8902575,0.8902575,0.8902575,0.8902575
666,1.00024238887471,-0.0120250016972902,-0.998887461047802,0.00441488833516929,0.0423751397289976,-0.00299312110306828,0.00223944476220134,-0.0342903691885727,7.85439785821753,0.0228306829276859,0.326989344921601,-0.020008070118391,0.901200045105825,0.872425403175792,0.883077642534436,0.899818431805408,0.999994926899257,-0.00318530179712541,-0.999999999993168,0,0,0,0,0,7.85079632679398,0,0,0,0.8902575,0.8902575,0.8902575,0.8902575
667,1.0003259854415,-0.0111146363248715,-0.998943822549989,0.00393109701094715,0.0484436752065409,-0.00265178558788947,0.00267088731404498,-0.0276205056345812,7.85402352815106,0.0190918517679324,0.338634268977596,-0.0190406576928096,0.896171946371252,0.877032828404491,0.888535477070792,0.894970547032223,0.999994926899257,-0.00318530179712541,-0.999999999993168,0,0,0,0,0,7.85079632679398,0,0,0,0.8902575,0.8902575,0.8902575,0.8902575
668,1.00039913429808,-0.01009608607996,-0.998993921979256,0.00337257475968493,0.0531884646387865,-0.00236973650830695,0.00302117029970868,-0.020791654500704,7.8536721589953,0.0150413055363028,0.342886709272355,-0.0180278368138871,0.891320243534356,0.881822586650483,0.893943807198355,0.890250363812847,0.999994926899257,-0.00318530179712541,-0.999999999993168,0,0,0,0,0,7.85079632679398,0,0,0,0.8902575,0.8902575,0.8902575,0.8902575
669,1.00046049203669,-0.00899604174526317,-0.999039072457336,0.002754617322231,0.056592580252969,-0.00215787771119984,0.00328542636544105,-0.0139494854987273,7.85334357530527,0.0107882885321691,0.340047323801493,-0.016983666165452,0.886863396583405,0.886501484096486,0.899007096285399,0.885864982226041,0.999994926899257,-0.00318530179712541,-0.999999999993168,0,0,0,0,0,7.85079632679398,0,0,0,0.8902575,0.8902575,0.8902575,0.8902575
670,1.00050903031523,-0.00784125726719164,-0.999080714718432,0.00209337003852529,0.0586663927512053,-0.00201867886933532,0.00346102983255397,-0.00723077321147167,7.85303719972082,0.00644137875323685,0.330640226061842,-0.0159210352401849,0.882837330557037,0.890969346838524,0.903636040124011,0.881842644988692,0.999994926899257,-0.00318530179712541,-0.999999999993168,0,0,0,0,0,7.85079632679398,0,0,0,0.8902575,0.8902575,0.8902575,0.8902575
671,1.0005440489233,-0.00665802048177489,-0.99912027393295,0.00140543446967649,0.0594458209247774,-0.00194843930736249,0.00354754423942599,-0.00076130366808133,7.85275218474222,0.00210869692970606,0.315225262455702,-0.0148515407049869,0.879232952330875,0.895179909543362,0.907793283136842,0.878168050719306,0.999994926899257,-0.00318530179712541,-0.999999999993168,0,0,0,0,0,7.85079632679398,0,0,0,0.8902575,0.8902575,0.8902575,0.8902575
672,1.00056518094064,-0.00547166196950513,-0.99915904403415,0.000707472610999246,0.0589903158986238,-0.00193763313122835,0.00354665296648123,0.00534502988677006,7.85248753063237,-0.00210769969423705,0.294458709894009,-0.0137854828820926,0.876113367238898,0.898998105038347,0.911363936964332,0.874907480501889,0.999994926899257,-0.00318530179712541,-0.999999999993168,0,0,0,0,0,7.85079632679398,0,0,0,0.8902575,0.8902575,0.8902575,0.8902575
673,1.00057239003362,-0.00430610748164187,-0.999198080057536,1.58178110326165e-05,0.0573804662429671,-0.00197232241868902,0.00346196084093675,0.0109886446183158,7.85224219629615,-0.00611715732837781,0.269101565345999,-0.0127317457124883,0.873504055098099,0.902340097588691,0.91428815115956,0.872092356083901,0.999994926899257,-0.00318530179712541,-0.999999999993168,0,0,0,0,0,7.85079632679398,0,0,0,0.8902575,0.8902575,0.8902575,0.8902575
674,1.00056596020319,-0.0031834832211529,-0.999238134496504,-0.000653888215987874,0.054715137457737,-0.00203667589254678,0.00329877996252309,0.0160854718062819,7.85201518505033,-0.00983600914363065,0.239922078889785,-0.0116982033223634,0.871377145457924,0.905204057177184,0.916575345150873,0.86969585418227,0.999994926899257,-0.00318530179712541,-0.999999999993168,0,0,0,0,0,7.85079632679398,0,0,0,0.8902575,0.8902575,0.8902575,0.8902575
675,1.00054647853228,-0.00212378025388001,-0.999279637466519,-0.00128703415514107,0.0511084811186714,-0.00211440831589918,0.00306402994871574,0.0205666105023849,7.85180559252107,-0.0131839547432909,0.207672331951492,-0.0106921725194466,0.869723520554541,0.907577040401573,0.918220754119544,0.867711016854746,0.999994926899257,-0.00318530179712541,-0.999999999993168,0,0,0,0,0,7.85079632679398,0,0,0,0.8902575,0.8902575,0.8902575,0.8902575
676,1.00051481129291,-0.00114457857038895,-0.99932269530876,-0.00187036528656195,0.0466869499262144,-0.0021895019757,0.00276614162710643,0.0243783894128217,7.85161262938791,-0.0160886242471841,0.173134225951977,-0.00972036546558322,0.868566713279451,0.909409897163755,0.919195792747393,0.866171971960293,0.999994926899257,-0.00318530179712541,-0.999999999993168,0,0,0,0,0,7.85079632679398,0,0,0,0.8902575,0.8902575,0.8902575,0.8902575
677,1.00047207374968,-0.000260832083681183,-0.999367107574615,-0.00239228218129826,0.0415861538931636,-0.00224762229719033,0.00241477718846607,0.0274832685930061,7.85143563457208,-0.0184996490391062,0.137137870237712,-0.00878796231090159,0.867924430533498,0.910656731195443,0.919502052486843,0.865120038887171,0.999994926899257,-0.00318530179712541,-0.999999999993168,0,0,0,0,0,7.85079632679398,0,0,0,0.8902575,0.8902575,0.8902575,0.8902575
678,1.00041959469925,0.000515281263224474,-0.999412415450136,-0.0028430594163847,0.0359475142247077,-0.00227741819245003,0.00202035039650455,0.0298604149915487,7.85127408104973,-0.0203864018314843,0.100510064845222,-0.00789878085566365,0.867779200634584,0.911334567229363,0.919181232440018,0.864549829802379,0.999994926899257,-0.00318530179712541,-0.999999999993168,0,0,0,0,0,7.85079632679398,0,0,0,0.8902575,0.8902575,0.8902575,0.8902575
679,1.00035887750513,0.00117444208225069,-0.999457970445088,-0.00321498361028018,0.0299149209667927,-0.00227144341912843,0.00159370685989442,0.0315050268339367,7.85112755235565,-0.0217340670925879,0.0640196849958924,-0.00705539638882231,0.868093627732322,0.91148679136255,0.918307657196167,0.864438053731711,0.999994926899257,-0.00318530179712541,-0.999999999993168,0,0,0,0,0,7.85079632679398,0,0,0,0.8902575,0.8902575,0.8902575,0.8902575
680,1.00029155902349,0.00171020742143505,-0.99950301516642,-0.00350242566334869,0.023631638824689,-0.00222615750840086,0.00114582002668704,0.0324269830395646,7.85099570937244,-0.0225397612986765,0.0283655718734756,-0.00625948462057397,0.868833620543991,0.911162998694352,0.916947714704023,0.864758848514429,0.999994926899257,-0.00318530179712541,-0.999999999993168,0,0,0,0,0,7.85079632679398,0,0,0,0.8902575,0.8902575,0.8902575,0.8902575
681,1.0002193676334,0.0021189699983269,-0.999546753015007,-0.0037018642379552,0.0172375305282407,-0.00214084886929582,0.000687654544815952,0.0326497622363988,7.85087823937561,-0.0228004131168832,-0.00577431558326277,-0.00551297992191119,0.870010487641384,0.910376064956872,0.915105432593957,0.865522784284905,0.999994926899257,-0.00318530179712541,-0.999999999993168,0,0,0,0,0,7.85079632679398,0,0,0,0.8902575,0.8902575,0.8902575,0.8902575
682,1.00014408091323,0.00239986322694419,-0.999588408390206,-0.00381190125003637,0.0108663584559601,-0.00201900401835683,0.000230065330808718,0.0322095616815951,7.85077480201145,-0.0225367618234557,-0.0378571833485554,-0.00481587459675485,0.871489981049002,0.909254174577939,0.91298268072773,0.86662767505465,0.999994926899257,-0.00318530179712541,-0.999999999993168,0,0,0,0,0,7.85079632679398,0,0,0,0.8902575,0.8902575,0.8902575,0.8902575
683,1.00006748364465,0.00255461647949603,-0.999627307285224,-0.00383319457998069,0.00464367444086595,-0.00186614493460634,-0.000216710136783679,0.0311525763132231,7.85068501454673,-0.0217720736584169,-0.0673429779191185,-0.00416860150767779,0.873368908543489,0.907733198299478,0.910471027046844,0.868159310791642,0.999994926899257,-0.00318530179712541,-0.999999999993168,0,0,0,0,0,7.85079632679398,0,0,0,0.8902575,0.8902575,0.8902575,0.8902575
684,0.999991327656633,0.00258737126203862,-0.999662897684415,-0.00376837043220606,-0.00131524372365037,-0.00168967081692337,-0.000642896664204329,0.0295359553094135,7.85060838281563,-0.0205377629930186,-0.093756277374691,-0.00357113003761313,0.875510247586191,0.905944510640109,0.907756290915928,0.870003519479008,0.999994926899257,-0.00318530179712541,-0.999999999993168,0,0,0,0,0,7.85079632679398,0,0,0,0.8902575,0.8902575,0.8902575,0.8902575
685,0.999917293446117,0.00250445594793455,-0.999694797404504,-0.00362190956376632,-0.00690722477285174,-0.0014986659119711,-0.00103957232373238,0.0274249042121581,7.85054429837718,-0.0188787117676948,-0.116716331547148,-0.00302277135291868,0.877912555199266,0.903899115598405,0.904849648699094,0.872166164792343,0.999994926899257,-0.00318530179712541,-0.999999999993168,0,0,0,0,0,7.85079632679398,0,0,0,0.8902575,0.8902575,0.8902575,0.8902575
686,0.999846954733809,0.00231412944774972,-0.999722811556845,-0.00339997832487782,-0.0120426048957072,-0.00130279254727272,-0.00139882608784833,0.0248913627834842,7.85049202256648,-0.0168527196621774,-0.135980648132138,-0.00252187095848322,0.88043014526521,0.901730319073616,0.901920142306629,0.874514781055307,0.999994926899257,-0.00318530179712541,-0.999999999993168,0,0,0,0,0,7.85079632679398,0,0,0,0.8902575,0.8902575,0.8902575,0.8902575
687,0.999781746804555,0.00202630074024662,-0.999746937009934,-0.0031102132106013,-0.0166461230593227,-0.00111127020384558,-0.00171405016343569,0.0220102030174718,7.85045071365009,-0.0145280098884796,-0.151480644717395,-0.00206562782658541,0.88297748141382,0.899515366393734,0.899056117800002,0.876967032666418,0.999994926899257,-0.00318530179712541,-0.999999999993168,0,0,0,0,0,7.85079632679398,0,0,0,0.8902575,0.8902575,0.8902575,0.8902575
688,0.999722939643137,0.00165223740076485,-0.999767344672857,-0.00276146398836459,-0.0206572124664595,-0.00093232515103656,-0.00198001244666955,0.0188574440243198,7.85041944316878,-0.011970302772784,-0.163114457914763,-0.00165213787796596,0.885627352266142,0.897187898268251,0.896172734181839,0.879597727333293,0.999994926899257,-0.00318530179712541,-0.999999999993168,0,0,0,0,0,7.85079632679398,0,0,0,0.8902575,0.8902575,0.8902575,0.8902575
689,0.999671616208881,0.00120426877240254,-0.999784354716898,-0.00236354318608972,-0.0240303257097327,-0.000772374175221892,-0.0021927766551385,0.015511001992046,7.85039719364887,-0.0092455436338046,-0.170873659550712,-0.00127910666637932,0.8882196004545,0.894888012026466,0.893425651433958,0.882242501798333,0.999994926899257,-0.00318530179712541,-0.999999999993168,0,0,0,0,0,7.85079632679398,0,0,0,0.8902575,0.8902575,0.8902575,0.8902575
690,0.999628655672271,0.00069548391972769,-0.99979839774611,-0.00192697350075508,-0.0267350074603996,-0.000636394324296366,-0.00234973982718173,0.0120477976374923,7.85038290277091,-0.00642012616296104,-0.174786118143552,-0.000944616775428693,0.89081243354003,0.892554607948129,0.89074295492106,0.884968553789494,0.999994926899257,-0.00318530179712541,-0.999999999993168,0,0,0,0,0,7.85079632679398,0,0,0,0.8902575,0.8902575,0.8902575,0.8902575
691,0.999594721781328,0.000139431233588194,-0.999809986767038,-0.00146273282620235,-0.0287557597951442,-0.000527183550319646,-0.00244961762574323,0.00854403239883574,7.8503754754824,-0.00356013131180736,-0.174973079159252,-0.000646505791343228,0.893246176996396,0.890325553885242,0.888269597308921,0.887606004167877,0.999994926899257,-0.00318530179712541,-0.999999999993168,0,0,0,0,0,7.85079632679398,0,0,0,0.8902575,0.8902575,0.8902575,0.8902575
692,0.999570256309348,-0.000450177433799953,-0.999819667677562,-0.000981997039762383,-0.030091615049501,-0.000445642673907102,-0.00249242689410573,0.00507208305120024,7.85037383624471,-0.00073133741273702,-0.171635305004108,-0.000382667054588281,0.895530588546065,0.888179486260912,0.885980165173777,0.890172531900523,0.999994926899257,-0.00318530179712541,-0.999999999993168,0,0,0,0,0,7.85079632679398,0,0,0,0.8902575,0.8902575,0.8902575,0.8902575
693,0.99955547767645,-0.00105974984537314,-0.999827984163767,-0.000495884507694004,-0.0307553566736699,-0.000390153845129607,-0.00247944725589082,0.00169964232787147,7.85037695654838,0.00200826575149454,-0.16510372813393,-0.000150285338589058,0.897514041250052,0.886257770135492,0.884007477133633,0.892487729039021,0.999994926899257,-0.00318530179712541,-0.999999999993168,0,0,0,0,0,7.85079632679398,0,0,0,0.8902575,0.8902575,0.8902575,0.8902575
694,0.999550384497849,-0.0016760772979434,-0.999835428055671,-1.52193669143706e-05,-0.0307723104197561,-0.00035789615724808,-0.00241303437395911,-0.00151312741145965,7.85038390529838,0.00460286022740699,-0.15571505565905,5.29385600702042e-05,0.89927889583918,0.884467110156451,0.882256570283688,0.894654719298047,0.999994926899257,-0.00318530179712541,-0.999999999993168,0,0,0,0,0,7.85079632679398,0,0,0,0.8902575,0.8902575,0.8902575,0.8902575
695,0.999554763730759,-0.00228657189113962,-0.999842431533554,0.000449695138479758,-0.0301790444476392,-0.000345444845804706,-0.00229669550351619,-0.004511900393777,7.8503938414517,0.00699445994434689,-0.143756846929378,0.000228497803974377,0.90079459837276,0.882831394666567,0.880744678726078,0.896637002202166,0.999994926899257,-0.00318530179712541,-0.999999999993168,0,0,0,0,0,7.85079632679398,0,0,0,0.8902575,0.8902575,0.8902575,0.8902575
696,0.999568203393574,-0.00287948013298611,-0.999849346660263,0.000889304279794547,-0.0290222246409407,-0.000348192974883236,-0.00213498779883536,-0.00724880188896205,7.85040602953477,0.00913735968261466,-0.12959933827603,0.000378247361399698,0.902000457189156,0.881418288367085,0.879522279511784,0.898350082714846,0.999994926899257,-0.00318530179712541,-0.999999999993168,0,0,0,0,0,7.85079632679398,0,0,0,0.8902575,0.8902575,0.8902575,0.8902575
697,0.99959010951887,-0.00344407120186971,-0.999856426070728,0.00129499199851263,-0.0273571869007326,-0.0003609928778041,-0.00193326038527855,-0.00968404372893761,7.85041985916714,0.0109948143180994,-0.113663022987043,0.000504072301625446,0.902886553852418,0.880237895321968,0.878592167037127,0.899780293249577,0.999994926899257,-0.00318530179712541,-0.999999999993168,0,0,0,0,0,7.85079632679398,0,0,0,0.8902575,0.8902575,0.8902575,0.8902575
698,0.999619726507228,-0.0039707940677397,-0.999863819387958,0.00165923438619757,-0.0252462944091668,-0.000378729019688297,-0.00169751622601937,-0.0117863889395117,7.85043484476767,0.0125399326839453,-0.0963863140891297,0.000607927143908074,0.903446452007113,0.879311941622494,0.877959611649465,0.900901533764497,0.999994926899257,-0.00318530179712541,-0.999999999993168,0,0,0,0,0,7.85079632679398,0,0,0,0.8902575,0.8902575,0.8902575,0.8902575
699,0.999656160200997,-0.00445140092710317,-0.999871577830313,0.00197571442343604,-0.0227572145753643,-0.000396783315139597,-0.00143416409501498,-0.0135334329473738,7.85045062358005,0.0137581155287438,-0.0782064082500836,0.000691886095536719,0.903698122553007,0.878638592331461,0.877609125903617,0.901717992134498,0.999994926899257,-0.00318530179712541,-0.999999999993168,0,0,0,0,0,7.85079632679398,0,0,0,0.8902575,0.8902575,0.8902575,0.8902575
700,0.999698402765364,-0.00487903593296593,-0.999879668029946,0.00223939008278234,-0.019961194457156,-0.000411334678239344,-0.00114984479071242,-0.0149112867850373,7.85046694208247,0.0146383839522097,-0.0595351211825756,0.000757752225514632,0.9036606731551,0.878203598066646,0.877523351896955,0.902250624318607,0.999994926899257,-0.00318530179712541,-0.999999999993168,0,0,0,0,0,7.85079632679398,0,0,0,0.8902575,0.8902575,0.8902575,0.8902575
701,0.999745358692724,-0.00524829029077245,-0.999887988428263,0.00244654434412932,-0.0169314280614249,-0.000419354820743423,-0.000851422368812189,-0.0159140990331257,7.85048363198409,0.0151688725122696,-0.0407694144527115,0.000806939435530699,0.903339182815244,0.87800635015706,0.877699402203907,0.902506564714049,0.999994926899257,-0.00318530179712541,-0.999999999993168,0,0,0,0,0,7.85079632679398,0,0,0,0.8902575,0.8902575,0.8902575,0.8902575
702,0.999795871802599,-0.00555522542719381,-0.999896386519192,0.00259483359550564,-0.013741484839213,-0.000418872802110559,-0.000545925790486338,-0.0165438130741463,7.85050058717278,0.0153489972597624,-0.0222871166681554,0.000840942909349982,0.902769760126007,0.878043972450215,0.878112242378305,0.902495821104079,0.999994926899257,-0.00318530179712541,-0.999999999993168,0,0,0,0,0,7.85079632679398,0,0,0,0.8902575,0.8902575,0.8902575,0.8902575
703,0.999848752889975,-0.00579736537843412,-0.999904682034406,0.00268329485397463,-0.0104638181526132,-0.00040904480984225,-0.000240243881185325,-0.0168096251114807,7.85051774814492,0.0151913686089434,-0.00443557990985616,0.000861381270157265,0.901982433448784,0.878306545522104,0.878740145150518,0.902236879623035,0.999994926899257,-0.00318530179712541,-0.999999999993168,0,0,0,0,0,7.85079632679398,0,0,0,0.8902575,0.8902575,0.8902575,0.8902575
704,0.999902806955458,-0.00597366058902671,-0.999912687635759,0.00271230167401287,-0.00716839776630953,-0.000389977755178372,5.90539401920506e-05,-0.0167273790064505,7.85053508270127,0.0147146441666118,0.0124672111053693,0.000869798512003968,0.90100353201241,0.878782192558034,0.879564090365442,0.901750124741529,0.999994926899257,-0.00318530179712541,-0.999999999993168,0,0,0,0,0,7.85079632679398,0,0,0,0.8902575,0.8902575,0.8902575,0.8902575
705,0.99995685926681,-0.00608442556958499,-0.999920226954503,0.0026834935643708,-0.00392146500819905,-0.00036266175307696,0.00034583024121248,-0.0163188777370997,7.85055256761971,0.0139440868626807,0.0281485910786114,0.000867718468329825,0.899877494382144,0.879444952214585,0.880548032113256,0.901069759424938,0.999994926899257,-0.00318530179712541,-0.999999999993168,0,0,0,0,0,7.85079632679398,0,0,0,0.8902575,0.8902575,0.8902575,0.8902575
706,1.00000977976316,-0.00613125330022664,-0.999927150417747,0.00259968021662482,-0.000784462701722614,-0.000328712684777842,0.000614503416417183,-0.01561096387376,7.85057017457961,0.0129087692869806,0.0423705388276284,0.000856571874374162,0.898624026458654,0.880283368407378,0.881676978614342,0.900213824061694,0.999994926899257,-0.00318530179712541,-0.999999999993168,0,0,0,0,0,7.85079632679398,0,0,0,0.8902575,0.8902575,0.8902575,0.8902575
707,1.0000605053514,-0.00611690982952943,-0.999933345282842,0.0024647290138959,0.00218688810092464,-0.000290190401099719,0.000860105975205551,-0.0146348539070383,7.85058785843915,0.0116419277336274,0.0549418478792093,0.000837725322428604,0.897289470494206,0.881263974866684,0.882909804284594,0.899221272080902,0.999994926899257,-0.00318530179712541,-0.999999999993168,0,0,0,0,0,7.85079632679398,0,0,0,0.8902575,0.8902575,0.8902575,0.8902575
708,1.00010805981015,-0.00604521201987176,-0.999938742788691,0.00228343687226676,0.00494333321670134,-0.000249376381074483,0.00107837625290487,-0.013425070017921,7.85060555140683,0.010180203939798,0.0657180813430184,0.000812470639117877,0.895901362267671,0.882365199189249,0.884221209045922,0.898117290800439,0.999994926899257,-0.00318530179712541,-0.999999999993168,0,0,0,0,0,7.85079632679398,0,0,0,0.8902575,0.8902575,0.8902575,0.8902575
709,1.00015157097532,-0.00592089234920889,-0.999943320037534,0.00206138825169428,0.00744264658244932,-0.000208544255833786,0.0012658040647538,-0.0120186508321976,7.85062316036991,0.0085620870468604,0.0745927182042647,0.000781995184631226,0.8944880334601,0.883562537359221,0.885583582699821,0.89692838898935,0.999994926899257,-0.00318530179712541,-0.999999999993168,0,0,0,0,0,7.85079632679398,0,0,0,0.8902575,0.8902575,0.8902575,0.8902575
710,1.00019028500624,-0.00574945396106146,-0.999947098272972,0.00180480562848015,0.0096500463560605,-0.000169816728084095,0.00141966072896114,-0.0104544644741619,7.85064056784393,0.00682706648765546,0.0814828277571665,0.000747370130978572,0.893060443241866,0.884846174918351,0.886985334030321,0.895665346712369,0.999994926899257,-0.00318530179712541,-0.999999999993168,0,0,0,0,0,7.85079632679398,0,0,0,0.8902575,0.8902575,0.8902575,0.8902575
711,1.00022357761268,-0.00553701850642509,-0.999950138264882,0.0015203956435005,0.011538504323709,-0.000134981639099863,0.00153801610973595,-0.00877259859672881,7.85065763596636,0.0050158711717806,0.086366914079653,0.000709588306803068,0.891678555438832,0.886156261989771,0.888364166341705,0.894386368336939,0.999994926899257,-0.00318530179712541,-0.999999999993168,0,0,0,0,0,7.85079632679398,0,0,0,0.8902575,0.8902575,0.8902575,0.8902575
712,1.00025096215917,-0.00529016966902637,-0.999952532299881,0.00121519024367965,0.0130888375223713,-0.000105411371183706,0.00161975949809567,-0.00701293105105693,7.8506742150451,0.00316944403719353,0.0892701311238273,0.0006695461155635,0.890350448985084,0.887481993522822,0.889708910974737,0.893100784398592,0.999994926899257,-0.00318530179712541,-0.999999999993168,0,0,0,0,0,7.85079632679398,0,0,0,0.8902575,0.8902575,0.8902575,0.8902575
713,1.00027209456015,-0.00501579703604967,-0.999954396200724,0.000896385583714865,0.0142896212028874,-8.21117290045347e-05,0.00166459964618458,-0.00521480944291387,7.85069015134382,0.00132936923598026,0.0902139009800562,0.000628025640029159,0.889070367165412,0.888828287625902,0.891022530221464,0.891802214429927,0.999994926899257,-0.00318530179712541,-0.999999999993168,0,0,0,0,0,7.85079632679398,0,0,0,0.8902575,0.8902575,0.8902575,0.8902575
714,1.00028677494227,-0.00472094189065679,-0.999955861335295,0.000571179688579491,0.0151370900333453,-6.55649720193515e-05,0.00167307025796425,-0.00341689632960403,7.85070529546354,-0.000464108849395061,0.0892674986414743,0.000585718135048284,0.887892289674671,0.890131770083134,0.892245325812104,0.890549391414182,0.999994926899257,-0.00318530179712541,-0.999999999993168,0,0,0,0,0,7.85079632679398,0,0,0,0.8902575,0.8902575,0.8902575,0.8902575
715,1.00029494608636,-0.00441264622435702,-0.999957062386891,0.00024661471588322,0.01563486647284,-5.56320357214772e-05,0.00164646659191789,-0.00165563446723291,7.8507195131287,-0.00217519559179185,0.0865779178956774,0.000543216551586799,0.886849886141387,0.891347888003584,0.893337908687605,0.889382522126834,0.999994926899257,-0.00318530179712541,-0.999999999993168,0,0,0,0,0,7.85079632679398,0,0,0,0.8902575,0.8902575,0.8902575,0.8902575
716,1.00029668885215,-0.00409781017403332,-0.999958126197932,-7.05661459316082e-05,0.015793404244283,-5.17019258243e-05,0.00158675871572069,3.58845425479267e-05,7.85073269392886,-0.00377187822454612,0.0823249486520764,0.000501007066276048,0.885949322502064,0.892462232191254,0.894289588290503,0.88831280451205,0.999994926899257,-0.00318530179712541,-0.999999999993168,0,0,0,0,0,7.85079632679398,0,0,0,0.8902575,0.8902575,0.8902575,0.8902575
717,1.00029221489208,-0.00378306223381459,-0.999959163845467,-0.000374047063297284,0.0156292933209716,-5.28269017805601e-05,0.00149652003795137,0.00162827388960126,7.85074475689169,-0.0052259788603676,0.0766984793841448,0.000459476323916032,0.885192296771277,0.893464143524656,0.895094793641211,0.887348225104472,0.999994926899257,-0.00318530179712541,-0.999999999993168,0,0,0,0,0,7.85079632679398,0,0,0,0.8902575,0.8902575,0.8902575,0.8902575
718,1.00028185694022,-0.00347464387674224,-0.999960265251921,-0.000658053766389151,0.0151645218491341,-5.7874815263634e-05,0.00137886279436326,0.00309593669611747,7.8507556536935,-0.00651069569236991,0.0698825585964773,0.00041894686819315,0.884570547793618,0.894359696549083,0.895759514166603,0.886481053153022,0.999994926899257,-0.00318530179712541,-0.999999999993168,0,0,0,0,0,7.85079632679398,0,0,0,0.8902575,0.8902575,0.8902575,0.8902575
719,1.00026605690774,-0.00317830890599603,-0.999961496300647,-0.000917459464198019,0.0144257468374019,-6.55582245852314e-05,0.00123738952304745,0.00441703344299522,7.85076536988095,-0.00760622362565192,0.062079359612495,0.000379654011271208,0.884098897656398,0.895117058387426,0.896265792697707,0.885741302101308,0.999994926899257,-0.00318530179712541,-0.999999999993168,0,0,0,0,0,7.85079632679398,0,0,0,0.8902575,0.8902575,0.8902575,0.8902575
720,1.00024535205884,-0.00289923778447742,-0.999962896364457,-0.00114786636471341,0.0134435053590384,-7.45548351106764e-05,0.00107601803231997,0.00557398270226271,7.85077392392435,-0.00849910581558637,0.0535044748595299,0.000341767869647072,0.883774054028859,0.895735008311921,0.896616006162742,0.885129794202818,0.999994926899257,-0.00318530179712541,-0.999999999993168,0,0,0,0,0,7.85079632679398,0,0,0,0.8902575,0.8902575,0.8902575,0.8902575
721,1.00022035984294,-0.00264196846742218,-0.999964479269238,-0.0013456616757714,0.0122513705967922,-8.36476780698647e-05,0.000898891579990367,0.00655349526633029,7.85078136409675,-0.0091814816063062,0.0443726564759257,0.000305400242528475,0.883592035344167,0.896207774648862,0.896813901632035,0.884652890457269,0.999994926899257,-0.00318530179712541,-0.999999999993168,0,0,0,0,0,7.85079632679398,0,0,0,0.8902575,0.8902575,0.8902575,0.8902575
722,1.00019176180667,-0.00241034411226965,-0.999966236022008,-0.00150805265298197,0.0108851093441203,-9.17744655640942e-05,0.000710273440626685,0.00734654292165626,7.85078776354951,-0.00964712076109005,0.0348927942714955,0.00027064773506152,0.883548120154936,0.896542761062549,0.896864837831053,0.884303671533043,0.999994926899257,-0.00318530179712541,-0.999999999993168,0,0,0,0,0,7.85079632679398,0,0,0,0.8902575,0.8902575,0.8902575,0.8902575
723,1.00016028693278,-0.00220747748216863,-0.999968138404137,-0.00163309257151631,0.00938185988824097,-9.80898901526022e-05,0.000514536571403343,0.00794819745357496,7.85079321493719,-0.00989340557284433,0.0252673906996455,0.000237584372374149,0.883635541451176,0.896738139107845,0.896776748061245,0.884085673645803,0.999994926899257,-0.00318530179712541,-0.999999999993168,0,0,0,0,0,7.85079632679398,0,0,0,0.8902575,0.8902575,0.8902575,0.8902575
724,1.00012669455401,-0.00203573151192595,-0.999970143864051,-0.00171969290940245,0.00777933579707795,-0.000102007665388084,0.00031603669296053,0.00835752460314444,7.85079782366247,-0.00992423813350616,0.0156923510825967,0.0002062540056706,0.883845900375926,0.896796956735622,0.896559698709822,0.883997762180701,0.999994926899257,-0.00318530179712541,-0.999999999993168,0,0,0,0,0,7.85079632679398,0,0,0,0.8902575,0.8902575,0.8902575,0.8902575
725,1.00009175727767,-0.00189671555551663,-0.999972200562312,-0.00176761132662771,0.00611505557764627,-0.000103170704641499,0.000119017835784347,0.0085774453431171,7.85080170115228,-0.00974591359998903,0.00635925633798647,0.000176707723549664,0.884177807691511,0.896720819970726,0.896216758392731,0.884039750199995,0.999994926899257,-0.00318530179712541,-0.999999999993168,0,0,0,0,0,7.85079632679398,0,0,0,0.8902575,0.8902575,0.8902575,0.8902575
726,1.00005624428479,-0.00179129681312313,-0.999974252097593,-0.00177742788047031,0.00442559400312442,-0.000101506925696717,-7.24406067351808e-05,0.00861458968888197,7.85080495864966,-0.00937052191066018,-0.00255807129583504,0.000148973014714639,0.884608382487703,0.896523589915844,0.89577328758624,0.884200863279884,0.999994926899257,-0.00318530179712541,-0.999999999993168,0,0,0,0,0,7.85079632679398,0,0,0,0.8902575,0.8902575,0.8902575,0.8902575
727,1.00002090528173,-0.00171962619790035,-0.999976243425654,-0.001750500100281,0.00274589936445508,-9.71984448357797e-05,-0.000254566182455625,0.00847882968388797,7.85080770081238,-0.00881528690934722,-0.0109061160284223,0.000123062685081638,0.885127266075914,0.896214289795685,0.895241607188518,0.884473957837746,0.999994926899257,-0.00318530179712541,-0.999999999993168,0,0,0,0,0,7.85079632679398,0,0,0,0.8902575,0.8902575,0.8902575,0.8902575
728,0.999986455586523,-0.00168117699026904,-0.999978125129745,-0.00168889744521923,0.00110869222984153,-9.06259505224246e-05,-0.000423957043987533,0.00818291810441806,7.85081002109428,-0.00810038440508648,-0.0185528923022908,9.89823224009665e-05,0.885715916914602,0.895808841341964,0.894642142612998,0.884845191538596,0.999994926899257,-0.00318530179712541,-0.999999999993168,0,0,0,0,0,7.85079632679398,0,0,0,0.8902575,0.8902575,0.8902575,0.8902575
729,0.999953562644824,-0.00167479472516116,-0.999979857077674,-0.00159532368934744,-0.000456050327662824,-8.2326382434875e-05,-0.000577645701925081,0.00774196052326148,7.85081199826437,-0.00724894731481651,-0.0253963363589711,7.67176041686247e-05,0.886353121058315,0.895326532464326,0.893997538537995,0.8852969622685,0.999994926899257,-0.00318530179712541,-0.999999999993168,0,0,0,0,0,7.85079632679398,0,0,0,0.8902575,0.8902575,0.8902575,0.8902575
730,0.999922834218684,-0.00169875628180652,-0.999981410743626,-0.00147302802229956,-0.00192149945815481,-7.29039095113172e-05,-0.00071313935896509,0.0071729072638926,7.85081369453772,-0.00628462595929274,-0.0313481189544308,5.62637687308214e-05,0.88703641774125,0.894771155857707,0.893311174021465,0.885826102892273,0.999994926899257,-0.00318530179712541,-0.999999999993168,0,0,0,0,0,7.85079632679398,0,0,0,0.8902575,0.8902575,0.8902575,0.8902575
731,0.999894808398674,-0.00175083634236637,-0.999982769902895,-0.00132571312417617,-0.00326431944882506,-6.29829969321606e-05,-0.000828418444452248,0.00649439138003917,7.85081515548229,-0.0052314230215395,-0.0363308504481888,3.76260368073368e-05,0.887753451167294,0.894154287392612,0.892596044920256,0.886421693404607,0.999994926899257,-0.00318530179712541,-0.999999999993168,0,0,0,0,0,7.85079632679398,0,0,0,0.8902575,0.8902575,0.8902575,0.8902575
732,0.999869945461868,-0.00182838035561905,-0.999983930761292,-0.00115744170708779,-0.00446496455150634,-5.31748886381048e-05,-0.000921956019783843,0.00572631841887082,7.85081641081901,-0.0041147216287646,-0.0402993809267958,2.0786346237928e-05,0.888477075796688,0.893501263693447,0.891879324225953,0.887058848733508,0.999994926899257,-0.00318530179712541,-0.999999999993168,0,0,0,0,0,7.85079632679398,0,0,0,0.8902575,0.8902575,0.8902575,0.8902575
733,0.999848621648864,-0.00192838235519788,-0.999984901158267,-0.000972537874791846,-0.00550785621744487,-4.40206242415521e-05,-0.000992741493043535,0.00488912582838546,7.85081747615803,-0.00296046454739449,-0.043244098844496,5.69768788374377e-06,0.889186838278375,0.892832138701988,0.891180974143314,0.887717324940022,0.999994926899257,-0.00318530179712541,-0.999999999993168,0,0,0,0,0,7.85079632679398,0,0,0,0.8902575,0.8902575,0.8902575,0.8902575
734,0.999831124948664,-0.00204756491810746,-0.999985698691831,-0.000775485863088673,-0.00638142567732163,-3.59499283063708e-05,-0.00104027860123519,0.00400320523626653,7.85081835573099,-0.00179393073660379,-0.0451765653749426,-7.70040713786058e-06,0.889872192073359,0.892158061227927,0.890510807474174,0.888385351793284,0.999994926899257,-0.00318530179712541,-0.999999999993168,0,0,0,0,0,7.85079632679398,0,0,0,0.8902575,0.8902575,0.8902575,0.8902575
735,0.999817652894213,-0.00218245904314919,-0.999986348401679,-0.000570830747096891,-0.00707807379718391,-2.92830193027681e-05,-0.0010645691322578,0.00308864975091405,7.85081904570354,-0.000639839461322498,-0.0461097950314212,-1.94563416647318e-05,0.890536202970874,0.891475742692037,0.889865271106013,0.889065462607845,0.999994926899257,-0.00318530179712541,-0.999999999993168,0,0,0,0,0,7.85079632679398,0,0,0,0.8902575,0.8902575,0.8902575,0.8902575
736,0.999808312317793,-0.00232948298497608,-0.999986880560929,-0.000363081557172281,-0.00759411554349377,-2.42163272439457e-05,-0.00106610212534563,0.00216523694301876,7.85081953772316,0.000478011709848902,-0.046068726526072,-2.96226728317996e-05,0.89116249308487,0.890802498028071,0.88925957838215,0.889739441924486,0.999994926899257,-0.00318530179712541,-0.999999999993168,0,0,0,0,0,7.85079632679398,0,0,0,0.8902575,0.8902575,0.8902575,0.8902575
737,0.999803121013303,-0.00248501967746099,-0.9999873279173,-0.000156618174910549,-0.00792967815829202,-2.079734204788e-05,-0.00104582018103787,0.00125194956456785,7.8508198222316,0.00153837160827466,-0.0451097476351509,-3.82820082867752e-05,0.891730509968003,0.890161496202886,0.888712804108638,0.890383049069309,0.999994926899257,-0.00318530179712541,-0.999999999993168,0,0,0,0,0,7.85079632679398,0,0,0,0.8902575,0.8902575,0.8902575,0.8902575
738,0.999802011179475,-0.00264549101597921,-0.999987722858665,4.43930793684911e-05,-0.00808848625558392,-1.89541622584118e-05,-0.00100506974627128,0.000366425035705147,7.85081989145151,0.00252158887657819,-0.0433049920262753,-4.55250175417083e-05,0.892236869542578,0.889556225500255,0.888227454136219,0.890991846018323,0.999994926899257,-0.00318530179712541,-0.999999999993168,0,0,0,0,0,7.85079632679398,0,0,0,0.8902575,0.8902575,0.8902575,0.8902575
739,0.999804834476698,-0.00280742703927794,-0.999988095333831,0.000236077273565008,-0.00807758010900254,-1.85125006400075e-05,-0.000945576291603713,-0.000475221584757643,7.85081974192536,0.00340984745538216,-0.0407372628638748,-5.1448580807836e-05,0.892672288852662,0.888998685510388,0.887811671926262,0.891552868402659,0.999994926899257,-0.00318530179712541,-0.999999999993168,0,0,0,0,0,7.85079632679398,0,0,0,0.8902575,0.8902575,0.8902575,0.8902575
740,0.999811368577008,-0.00296752908789583,-0.999988470827928,0.000414921121689895,-0.00790698991737773,-1.92030174106802e-05,-0.000869383031587348,-0.00125870598988658,7.85081937621429,0.00418961314137046,-0.0375074763465256,-5.61696975394912e-05,0.893027604428896,0.888503370538365,0.887473542567761,0.892050796423362,0.999994926899257,-0.00318530179712541,-0.999999999993168,0,0,0,0,0,7.85079632679398,0,0,0,0.8902575,0.8902575,0.8902575,0.8902575
741,0.9998213249731,-0.0031227257843839,-0.999988868802187,0.000577827578927527,-0.00758934346377184,-2.07017316936127e-05,-0.000778758665895318,-0.00197188821465309,7.85081880369401,0.00485177433629717,-0.0337268783034359,-5.98174219258811e-05,0.893301388711251,0.888076312235301,0.887213889772947,0.892479069564097,0.999994926899257,-0.00318530179712541,-0.999999999993168,0,0,0,0,0,7.85079632679398,0,0,0,0.8902575,0.8902575,0.8902575,0.8902575
742,0.999834357707364,-0.00327022068683631,-0.999989302085529,0.000722154217755483,-0.00713943406902375,-2.26782759472693e-05,-0.000676137337226773,-0.00260483614567595,7.85081804064354,0.00538774777375654,-0.0295016123344414,-6.25058217656802e-05,0.89349915847292,0.887710355560689,0.887027162234007,0.892844492494431,0.999994926899257,-0.00318530179712541,-0.999999999993168,0,0,0,0,0,7.85079632679398,0,0,0,0.8902575,0.8902575,0.8902575,0.8902575
743,0.999850072807552,-0.00340753136775265,-0.999989777006452,0.000845747998281432,-0.00657380253646823,-2.48118312782787e-05,-0.000564129012011374,-0.00314968215963853,7.85081710995676,0.00578904440330991,-0.0249344830051054,-6.43335534792101e-05,0.893620388672199,0.887408051668214,0.886913749267395,0.893144274704857,0.999994926899257,-0.00318530179712541,-0.999999999993168,0,0,0,0,0,7.85079632679398,0,0,0,0.8902575,0.8902575,0.8902575,0.8902575
744,0.999868038418697,-0.00353252031885981,-0.999990293696728,0.000946978047906142,-0.00591033116940893,-2.68086553561243e-05,-0.000445466764440921,-0.00360066538617978,7.85081604014366,0.00605334650641247,-0.0201346633118082,-6.54087283329302e-05,0.893665371547625,0.887180213847981,0.886873339811498,0.893367786026739,0.999994926899257,-0.00318530179712541,-0.999999999993168,0,0,0,0,0,7.85079632679398,0,0,0,0.8902575,0.8902575,0.8902575,0.8902575
745,0.99988779540649,-0.00364341755637816,-0.999990846902191,0.00102474687311754,-0.00516781753502296,-2.84282262627367e-05,-0.00032286594799393,-0.00395423704877566,7.85081486354948,0.00618366178310685,-0.0152116395824416,-6.58406585459593e-05,0.893639197301412,0.887025990703954,0.88690122299818,0.893516147345319,0.999994926899257,-0.00318530179712541,-0.999999999993168,0,0,0,0,0,7.85079632679398,0,0,0,0.8902575,0.8902575,0.8902575,0.8902575
746,0.999908867951301,-0.00373883461360463,-0.999991427159628,0.00107848122769198,-0.00436554585123282,-2.94883008737029e-05,-0.000198969606823801,-0.00420898584631257,7.85081361453305,0.00618347383705138,-0.0102697605312632,-6.57229155480837e-05,0.89354496229707,0.88694199522576,0.886994754057827,0.893592960599145,0.999994926899257,-0.00318530179712541,-0.999999999993168,0,0,0,0,0,7.85079632679398,0,0,0,0.8902575,0.8902575,0.8902575,0.8902575
747,0.999930773904011,-0.00381777014580874,-0.999992022016396,0.00110811908585005,-0.0035228778296193,-2.98766492512148e-05,-7.63413015273193e-05,-0.00436552329268705,7.85081232769576,0.0060581814947827,-0.00540614934417098,-6.513853790828e-05,0.893390974378548,0.886925398531603,0.887146236719753,0.893601592032982,0.999994926899257,-0.00318530179712541,-0.999999999993168,0,0,0,0,0,7.85079632679398,0,0,0,0.8902575,0.8902575,0.8902575,0.8902575
748,0.999953034831583,-0.00387960760856637,-0.999992617421871,0.00111408999876406,-0.00265886996719694,-2.95371650351423e-05,4.25831650422034e-05,-0.00442635812696664,7.85081103603988,0.00581401416241983,-0.000716049247810336,-6.41569527143851e-05,0.893175654594085,0.886976964133953,0.887357696820076,0.893541494894225,0.999994926899257,-0.00318530179712541,-0.999999999993168,0,0,0,0,0,7.85079632679398,0,0,0,0.8902575,0.8902575,0.8902575,0.8902575
749,0.999975185608665,-0.00392410543361861,-0.999993198784758,0.001097290983416,-0.00179190215878936,-2.84810035479439e-05,0.000155505690186184,-0.00439586046605899,7.85080976941569,0.00545994735370418,0.00371341993270157,-6.28394799389659e-05,0.892913024350433,0.887090414584744,0.887615853857224,0.893419661544171,0.999994926899257,-0.00318530179712541,-0.999999999993168,0,0,0,0,0,7.85079632679398,0,0,0,0.8902575,0.8902575,0.8902575,0.8902575
750,0.999996783454573,-0.00395138000187117,-0.999993752524441,0.00105905208755257,-0.000939338660679176,-2.67962033123267e-05,0.000260358863387091,-0.00427994806402403,7.85080855304428,0.00500986516868158,0.0078163699892031,-6.12448422864885e-05,0.892620844162617,0.887253987413299,0.887903637840106,0.893248492040526,0.999994926899257,-0.00318530179712541,-0.999999999993168,0,0,0,0,0,7.85079632679398,0,0,0,0.8902575,0.8902575,0.8902575,0.8902575
751,1.00001741609347,-0.00396188257066174,-0.999994267265416,0.00100108423998553,-0.000117263479611283,-2.46025309790631e-05,0.000355366632872036,-0.00408576157417803,7.85080740657622,0.00447762853708944,0.0115290502155424,-5.94195031629897e-05,0.892291572084894,0.887472481345817,0.888228880493448,0.893023274342588,0.999994926899257,-0.00318530179712541,-0.999999999993168,0,0,0,0,0,7.85079632679398,0,0,0,0.8902575,0.8902575,0.8902575,0.8902575
752,1.00003670882282,-0.00395637122642349,-0.999994734225966,0.000925425211959208,0.0006597662017824,-2.20460028160282e-05,0.000439023332677672,-0.00382169954723095,7.85080634366445,0.00387743277365731,0.0147964479213443,-5.74016194423802e-05,0.891941375952115,0.887733072280884,0.888575872667189,0.892757247497488,0.999994926899257,-0.00318530179712541,-0.999999999993168,0,0,0,0,0,7.85079632679398,0,0,0,0.8902575,0.8902575,0.8902575,0.8902575
753,1.00005433051068,-0.00393587808290004,-0.999995147804402,0.000834384498633077,0.00137893325729362,-1.92936844179762e-05,0.000510125057385718,-0.00349702971079547,7.85080537190925,0.00322499411607389,0.0175866472259518,-5.52256019736134e-05,0.891585048756591,0.888022526267315,0.888930074289281,0.892463846060555,0.999994926899257,-0.00318530179712541,-0.999999999993168,0,0,0,0,0,7.85079632679398,0,0,0,0.8902575,0.8902575,0.8902575,0.8902575
754,1.00006999842743,-0.00390167305769644,-0.999995505748414,0.000730482489371169,0.00202929114487703,-1.65093925024294e-05,0.000567785294242238,-0.00312154372818316,7.85080449327537,0.00253598411521461,0.0198737728209625,-5.2919686863471e-05,0.891220466163573,0.888342258189189,0.889293695044893,0.892141653216042,0.999994926899257,-0.00318530179712541,-0.999999999993168,0,0,0,0,0,7.85079632679398,0,0,0,0.8902575,0.8902575,0.8902575,0.8902575
755,1.00008348184884,-0.00385522545059118,-0.999995808954196,0.000616389277957324,0.00260186538417247,-1.38442197432922e-05,0.000611427348666727,-0.00270555451578815,7.85080370473225,0.00182587581781876,0.0216333414597827,-5.05072619284724e-05,0.890852031287169,0.888687987122005,0.889662361720335,0.891794938315014,0.999994926899257,-0.00318530179712541,-0.999999999993168,0,0,0,0,0,7.85079632679398,0,0,0,0.8902575,0.8902575,0.8902575,0.8902575
756,1.00009460444666,-0.00379816353109185,-0.999996061155838,0.000494864296950214,0.00308974597233401,-1.1429024882413e-05,0.000640783782321646,-0.00225974997858363,7.85080299914619,0.00111009957141349,0.0228550130466901,-4.80098882261106e-05,0.890492251282617,0.889046953369326,0.890023468912016,0.891436351881569,0.999994926899257,-0.00318530179712541,-0.999999999993168,0,0,0,0,0,7.85079632679398,0,0,0,0.8902575,0.8902575,0.8902575,0.8902575
757,1.00010324547205,-0.00373223272987351,-0.999996268408375,0.000368696103208428,0.00348812724164367,-9.363047650627e-06,0.000655891440995363,-0.00179483069071953,7.85080236646135,0.000403515919576138,0.0235478212883337,-4.54485048425225e-05,0.890152431206036,0.889406588254977,0.89036549212273,0.891078237346261,0.999994926899257,-0.00318530179712541,-0.999999999993168,0,0,0,0,0,7.85079632679398,0,0,0,0.8902575,0.8902575,0.8902575,0.8902575
758,1.00010933974974,-0.00365925376618348,-0.999996438403522,0.000240643990585894,0.00379427581465718,-7.71153014501946e-06,0.000657077168645637,-0.00132119080855986,7.85080179496306,-0.000279666346102786,0.0237306128294767,-4.28434646167798e-05,0.889835395251209,0.889763083411118,0.890685380309841,0.890724169032271,0.999994926899257,-0.00318530179712541,-0.999999999993168,0,0,0,0,0,7.85079632679398,0,0,0,0.8902575,0.8902575,0.8902575,0.8902575
759,1.00011287653024,-0.00358108189766422,-0.999996579777917,0.000113382216965694,0.00400745669928364,-6.50227368001123e-06,0.000644941944764346,-0.000848774821414448,7.85080127242206,-0.000926474133808832,0.0234312241642241,-4.02148525201289e-05,0.889547809080536,0.890107242875752,0.890976150609845,0.890383024825335,0.999994926899257,-0.00318530179712541,-0.999999999993168,0,0,0,0,0,7.85079632679398,0,0,0,0.8902575,0.8902575,0.8902575,0.8902575
760,1.00011389726794,-0.0034995679707786,-0.999996701325138,-1.05509473410307e-05,0.00412882377196325,-5.72283735550997e-06,0.000620324342135963,-0.000386844680954192,7.85080078718888,-0.00152637261117707,0.0226905457248497,-3.75821452249666e-05,0.889296265391199,0.890428600959148,0.891230869853518,0.890064919196246,0.999994926899257,-0.00318530179712541,-0.999999999993168,0,0,0,0,0,7.85079632679398,0,0,0,0.8902575,0.8902575,0.8902575,0.8902575
761,1.00011249246264,-0.00341652213998968,-0.999996811311353,-0.000128795792874811,0.00416126426392136,-5.33929210459317e-06,0.00058426304654062,5.61844268054922e-05,7.85080032906502,-0.00206893092929684,0.0215467854336565,-3.49652885506994e-05,0.889074333507851,0.890735270934943,0.891455837116011,0.889761621362271,0.999994926899257,-0.00318530179712541,-0.999999999993168,0,0,0,0,0,7.85079632679398,0,0,0,0.8902575,0.8902575,0.8902575,0.8902575
762,1.00010879768318,-0.00333368077229749,-0.999996917145168,-0.000239212008717886,0.004109245969759,-5.2954964780931e-06,0.00053800252674981,0.000472636845407515,7.85079988978487,-0.00254506289117637,0.0200412672408711,-3.23838497041727e-05,0.888888704487075,0.891015754693891,0.891644068589545,0.889484318853797,0.999994926899257,-0.00318530179712541,-0.999999999993168,0,0,0,0,0,7.85079632679398,0,0,0,0.8902575,0.8902575,0.8902575,0.8902575
763,1.00010298880101,-0.00325267639138077,-0.999997024888591,-0.000339914786614405,0.00397865493213724,-5.51665091399167e-06,0.00048294286868565,0.000855763666575863,7.85079946348751,-0.00294765261440657,0.0182226427085953,-2.98571686083229e-05,0.888740313841125,0.891267895076992,0.891794465813419,0.889235010086235,0.999994926899257,-0.00318530179712541,-0.999999999993168,0,0,0,0,0,7.85079632679398,0,0,0,0.8902575,0.8902575,0.8902575,0.8902575
764,1.00009527658771,-0.00317501119368826,-0.999997139002204,-0.000429303144716545,0.00377660477813013,-5.91711165624134e-06,0.000420608592086689,0.00119983126962553,7.85079904687088,-0.00327203880106584,0.0161453632315647,-2.74028480056067e-05,0.88863218412178,0.891483783062743,0.891903864555815,0.889021424062491,0.999994926899257,-0.00318530179712541,-0.999999999993168,0,0,0,0,0,7.85079632679398,0,0,0,0.8902575,0.8902575,0.8902575,0.8902575
765,1.00008590082629,-0.00310203457650504,-0.999997262183624,-0.000506079224661254,0.00351122448422188,-6.40868462129281e-06,0.000352592386232764,0.0015002428567612,7.85079863915805,-0.00351540316230527,0.0138667615222005,-2.50371124077647e-05,0.888563446595862,0.891663355209067,0.891973086053822,0.888843569620345,0.999994926899257,-0.00318530179712541,-0.999999999993168,0,0,0,0,0,7.85079632679398,0,0,0,0.8902575,0.8902575,0.8902575,0.8902575
766,1.00007512412432,-0.00303492507457385,-0.9999973954158,-0.000569260016858738,0.00319143403011003,-6.90885617448056e-06,0.000280530869838074,0.00175354346508905,7.85079824177952,-0.00367659814111976,0.0114441455795711,-2.27739733344306e-05,0.888533054821119,0.891804384035983,0.892003194270961,0.888703649896973,0.999994926899257,-0.00318530179712541,-0.999999999993168,0,0,0,0,0,7.85079632679398,0,0,0,0.8902575,0.8902575,0.8902575,0.8902575
767,1.00006322555037,-0.00297467678392886,-0.999997538132228,-0.000618182570189235,0.00282671984018817,-7.34619968970653e-06,0.000206061668175207,0.00195742259752359,7.85079785794008,-0.00375648772979818,0.00893416226462295,-2.0624534100225e-05,0.88853896870403,0.8919067828903,0.891996301019609,0.888601789301739,0.999994926899257,-0.00318530179712541,-0.999999999993168,0,0,0,0,0,7.85079632679398,0,0,0,0.8902575,0.8902575,0.8902575,0.8902575
768,1.00005049424641,-0.00292209026389784,-0.999997688467624,-0.000652501768964952,0.00242691257975916,-7.66176321550458e-06,0.000130797832138958,0.00211068883473447,7.85079749205643,-0.00375619793509644,0.00639229423993817,-1.85994550655834e-05,0.888580816769315,0.891971340923617,0.891952834746097,0.888537260258728,0.999994926899257,-0.00318530179712541,-0.999999999993168,0,0,0,0,0,7.85079632679398,0,0,0,0.8902575,0.8902575,0.8902575,0.8902575
769,1.00003722311352,-0.00287776783281605,-0.999997843553104,-0.000672185746442125,0.00200197017853964,-7.81668152206618e-06,5.6313513308702e-05,0.00221323411798777,7.85079714913777,-0.00367957789813808,0.0038705393338691,-1.67043641155088e-05,0.888652569457786,0.891998378549587,0.891879050213172,0.88850986927652,0.999994926899257,-0.00318530179712541,-0.999999999993168,0,0,0,0,0,7.85079632679398,0,0,0,0.8902575,0.8902575,0.8902575,0.8902575
770,1.00002370266245,-0.00284211309455352,-0.999997999945101,-0.000677502036294067,0.00156177340367617,-7.79018405788844e-06,-1.59207501544455e-05,0.00226595341597842,7.8507968342509,-0.00353211831221854,0.00141796163830934,-1.49420736706835e-05,0.888753245510977,0.891989197627687,0.89177603718855,0.888518422436145,0.999994926899257,-0.00318530179712541,-0.999999999993168,0,0,0,0,0,7.85079632679398,0,0,0,0.8902575,0.8902575,0.8902575,0.8902575
771,1.00001021523259,-0.00281533441765637,-0.999998153957197,-0.000668996600683783,0.00111593415456372,-7.5802112034583e-06,-8.45500632463778e-05,0.00227068212894671,7.85079655196152,-0.00332041331706306,-0.000921719190956838,-1.33122334124667e-05,0.888876772352493,0.891947403003643,0.891650076205043,0.888559461613465,0.999994926899257,-0.00318530179712541,-0.999999999993168,0,0,0,0,0,7.85079632679398,0,0,0,0.8902575,0.8902575,0.8902575,0.8902575
772,0.999997029664217,-0.00279745207634499,-0.999998302032825,-0.000647468738694685,0.000673623227957563,-7.19989983645125e-06,-0.000148363213698384,0.00223007569298055,7.85079630591424,-0.00305178680169237,-0.00310905514544764,-1.18125198324967e-05,0.889021633493957,0.891874595874647,0.891502799331708,0.88863149641659,0.999994926899257,-0.00318530179712541,-0.999999999993168,0,0,0,0,0,7.85079632679398,0,0,0,0.8902575,0.8902575,0.8902575,0.8902575
773,0.999984396513277,-0.00278830863830131,-0.999998440998482,-0.000613942789945295,0.000243415835753783,-6.67467194075413e-06,-0.000206298509389088,0.0021475407769616,7.85079609848393,-0.0027340755830145,-0.00510921929868914,-1.04389295582394e-05,0.889183140026819,0.891774360686119,0.891339040334313,0.888731056329793,0.999994926899257,-0.00318530179712541,-0.999999999993168,0,0,0,0,0,7.85079632679398,0,0,0,0.8902575,0.8902575,0.8902575,0.8902575
774,0.99997254384868,-0.00278758227924745,-0.999998568296764,-0.000569637783124425,-0.00016684466420425,-6.03997073181014e-06,-0.000257459316495618,0.00202711414058639,7.85079593058932,-0.0023758990482006,-0.0068941374499151,-9.18525485359582e-06,0.889356384744318,0.891650783940713,0.89116381999497,0.888854144770645,0.999994926899257,-0.00318530179712541,-0.999999999993168,0,0,0,0,0,7.85079632679398,0,0,0,0.8902575,0.8902575,0.8902575,0.8902575
775,0.999961673687978,-0.00279480256842219,-0.999998682142145,-0.000515934069670245,-0.000550157223862972,-5.33670637084056e-06,-0.000301126452404587,0.00187332901091093,7.85079580164547,-0.00198630738324749,-0.00844212452060281,-8.04391754110494e-06,0.889537141135591,0.891507744592695,0.890981437701508,0.888996943051164,0.999994926899257,-0.00318530179712541,-0.999999999993168,0,0,0,0,0,7.85079632679398,0,0,0,0.8902575,0.8902575,0.8902575,0.8902575
776,0.999951959120649,-0.00280936820905916,-0.99999878158702,-0.000454338168893626,-0.000900448732061059,-4.60705442131398e-06,-0.000336763364983543,0.00169109971929954,7.85079570962968,-0.00157445470780122,-0.00973629443699278,-7.00698166608975e-06,0.889722618619397,0.89134802767325,0.890794717965634,0.889156700751259,0.999994926899257,-0.00318530179712541,-0.999999999993168,0,0,0,0,0,7.85079632679398,0,0,0,0.8902575,0.8902575,0.8902575,0.8902575
777,0.999943542141468,-0.00283056628948249,-0.999998866515477,-0.000386447073529019,-0.0012126408801148,-3.89174660165092e-06,-0.000364016784875871,0.00148565065768795,7.85079565122549,-0.00114953509378489,-0.0107615435537931,-6.06733290624451e-06,0.889912198312317,0.891172164206082,0.89060428742772,0.889332910541732,0.999994926899257,-0.00318530179712541,-0.999999999993168,0,0,0,0,0,7.85079632679398,0,0,0,0.8902575,0.8902575,0.8902575,0.8902575
778,0.999936532199376,-0.00285759277070772,-0.999998937593539,-0.000313912367035008,-0.00148270807240036,-3.22791629869918e-06,-0.000382718079301899,0.00126247110816008,7.85079562203167,-0.000720838437962673,-0.0115083713995239,-5.21788172565921e-06,0.890099558986077,0.890986372128934,0.890416463681398,0.889519341256751,0.999994926899257,-0.00318530179712541,-0.999999999993168,0,0,0,0,0,7.85079632679398,0,0,0,0.8902575,0.8902575,0.8902575,0.8902575
779,0.999931005467211,-0.00288957395960745,-0.999998996159255,-0.000238404109054493,-0.00170771263602742,-2.64447738029667e-06,-0.00039288085584372,0.00102711111592006,7.85079561693296,-0.000297087533050461,-0.0119819458759011,-4.44973973513663e-06,0.890274518045667,0.890801945587855,0.890241378445468,0.889704623552406,0.999994926899257,-0.00318530179712541,-0.999999999993168,0,0,0,0,0,7.85079632679398,0,0,0,0.8902575,0.8902575,0.8902575,0.8902575
