step,r_n,r_e,r_d,v_n,v_e,v_d,phi,theta,psi,p,q,r,T1,T2,T3,T4,ref_rn,ref_re,ref_rd,ref_vn,ref_ve,ref_vd,ref_phi,ref_theta,ref_psi,ref_p,ref_q,ref_r,ref_T1,ref_T2,ref_T3,ref_T4
1,1.2,-0.2,-1,0,0,0,0,0,0,0,0,0,0.714017266892608,0.713796224869866,0.713796224869866,0.714017266892608,1,0,-1,-0,0.498665500569808,0,0.0253429197281107,1.55114191587858e-18,1.5707963267949,-3.09400383974562e-18,0.0505451480517383,0.498505371795595,0.714017266892608,0.713796224869866,0.713796224869866,0.714017266892608
2,1.2,-0.199999303036802,-1.00000480591347,1.62039321359719e-18,2.38572265203481e-05,-5.8798286524209e-05,5.69263420988298e-05,-7.22166938130725e-18,-2.96628819777441e-22,0.000696473214428459,-1.27706922463208e-16,0,0.713679140417905,0.71367807321183,0.71367807321183,0.713679140417905,0.998756918857093,0.0497839528825985,-1.00000004147784,-0.0248564584620309,0.496188583384939,6.47130351938863e-07,0.0255325610648413,0.00376861403437192,1.62100550476979,0.00189115343561257,0.0502806483741911,0.504277497168534,0.712090239486539,0.715707373917095,0.711890426800186,0.715950546654038
3,1.1998126995972,-0.19960824780435,-1.00000386753397,-0.00853038592336004,0.0173014532673082,0.000352841013432684,0.0611445756483258,0.0276143012937337,0.0513530260111689,1.40376923699464,0.699952382291567,1.18163086766839,0.396284744714507,1.07927639509677,0.245173539650108,1.13387084336849,0.995030759383491,0.0990732762118695,-1.00000006846873,-0.0496512470856741,0.48878049302745,1.31337280426393e-06,0.0261040822467588,0.00743650338350004,1.67231728196364,0.00375951329395713,0.0494417958123096,0.521135107941291,0.708831914429372,0.718963829312188,0.708674296136696,0.719248685862131
4,1.19610279302421,-0.19261460235485,-0.999958022414925,-0.0777826165195499,0.143942510993663,0.00278064845039158,0.20572274396548,0.0584260815421445,0.22604573109675,1.01010733816548,0.198931308930123,2.1362881022097,0.439231156281126,0.945275853700243,0.545020631751905,0.957550986757178,0.988830777709675,0.147378017075704,-1.00000008327428,-0.0743226036827113,0.476513329595902,1.82927400414761e-06,0.027065134521999,0.010890729109866,1.72593015572062,0.00558546602732756,0.048026015909968,0.550344527139364,0.705469627711554,0.722360505433711,0.705350187082802,0.722683232062181
5,1.18269203155642,-0.1678061973011,-0.999271576990846,-0.195506207498187,0.358134652217923,0.0112160462551034,0.257193031543736,0.0189386387095898,0.465311622276995,-0.232481550625594,0.303046328738313,2.645156080869,0.582737214544574,0.895596572589299,0.644207305225539,0.802925515777366,0.980172393444776,0.19421799055112,-1.00000009506217,-0.0988090803989082,0.45950958273603,2.18602479658917e-06,0.0284276002672231,0.0140138872980762,1.78313394152563,0.00734487217591555,0.0460616145441398,0.593115888762019,0.701746759731327,0.726147286319534,0.701665545206227,0.726506949080105
6,1.15650457815901,-0.121933513803003,-0.997638382044185,-0.327483296050362,0.54786471213481,0.0199967558331012,0.199148542087634,-0.0101951326635783,0.7422985422068,-0.833526380093119,0.380223440717087,2.84656722921486,0.680401689159093,0.78276179185013,0.69074880940935,0.750905351033936,0.969077145346165,0.2391276350399,-1.00000011029147,-0.123049764538443,0.437938878904838,2.39201976793005e-06,0.0302049981493898,0.0166766187314798,1.84536821013867,0.00900536400813453,0.0435672128364075,0.651190571239217,0.697540598377553,0.730442427729519,0.697498600555058,0.730837620163546
7,1.11809748685504,-0.0609861002533057,-0.995525647687885,-0.433102973932225,0.657419240134428,0.0207825854795019,0.106883256258929,-0.0190179059529896,1.03016901105857,-0.856419182779747,0.315134384580771,2.84913996796425,0.736454112416123,0.711614825006808,0.721914528492684,0.713859198206062,0.955572631828157,0.281660625592417,-1.00000013344645,-0.146984393746013,0.412015986839184,2.4533317484207e-06,0.0324074881220302,0.0187318323510641,1.91426273285418,0.0105233331016109,0.0405658389255466,0.726638454812087,0.692765603456025,0.735326271049771,0.692764826040734,0.735754403289324
8,1.07169684462458,0.0072344969636032,-0.99368393470345,-0.485603863097955,0.697868516975108,0.0154970444513378,0.0290535589916413,-0.00852643222273956,1.31147020814271,-0.584306066699774,0.274835111928546,2.73988882225892,0.767835787577313,0.676721028987241,0.739075358406734,0.692225773078575,0.939692439761483,0.321394284051437,-1.00000016733417,-0.17055348408669,0.381998690154183,2.37918433183617e-06,0.0350327288150811,0.0200097238121218,1.991653182279,0.0118389753323557,0.0370909842362152,0.821494450436884,0.687448197579791,0.740766816461918,0.687491750856711,0.741223106218274
9,1.02258535936907,0.077196826923572,-0.992471615527052,-0.490270836367461,0.696101358767358,0.00878490280925588,-0.0124625880659476,0.0167704967007241,1.57798746950573,-0.261832916919308,0.264712265191026,2.58369943533793,0.775791352705503,0.66514441595096,0.749815969186465,0.68354524150609,0.921476058858809,0.357933759997124,-1.00000021311879,-0.193698488065067,0.348185308662231,2.18378923136359e-06,0.0380501671606116,0.0203158424803471,2.07953929112056,0.0128701868697551,0.0331948046538506,0.936948436180658,0.681858761582742,0.746488243909238,0.681950833426359,0.746964289459215
10,0.974529409770795,0.145578866135161,-0.991892020267705,-0.468103585883989,0.667746782231734,0.00301481895949725,-0.0182137367434214,0.0460506150718505,1.82802516315724,-0.0219718736679771,0.228124569759049,2.42454700959706,0.768393323622978,0.666599737390616,0.754349651858133,0.683989095943331,0.900968779694695,0.390915942908173,-1.00000027025815,-0.216361958471613,0.310911798838062,1.88693581157801e-06,0.0413765160056978,0.0194378045640737,2.17992730396697,0.0135069592992555,0.028961052347029,1.07180242355111,0.676726252029629,0.751757110138446,0.676871528115405,0.752238926153166
11,0.929247314798004,0.210044689301951,-0.991814638455047,-0.437131928925472,0.618338416014935,-0.00123301622329805,0.000113046937410147,0.0675933071660399,2.06360405244351,0.103498548274958,0.147974432447338,2.28659512244412,0.755196249505122,0.674723171521649,0.753247928612838,0.688701256039912,0.87822157660645,0.420013063767873,-1.000000336435,-0.238487681944549,0.270548449115219,1.51349367774769e-06,0.044843325623952,0.0171708742353597,2.29447433926593,0.013610853843388,0.0245244961232719,1.22001725665759,0.673493829145006,0.755127731887668,0.673695709847975,0.755593533258092
12,0.887047109150024,0.268664959110004,-0.992085396162612,-0.407632314743962,0.55154258579143,-0.0039691957089297,0.0286512755484863,0.0745036918105364,2.28718388189788,0.134057546987081,0.0508563825994395,2.17463950980916,0.743934639899512,0.684057682909943,0.749463384348103,0.692834713310815,0.853290980027176,0.444935948242904,-1.00000040760669,-0.260020758228685,0.227496227361903,1.09107977554343e-06,0.0481672241753794,0.0133752809108031,2.42386567025978,0.013028526220073,0.0200942495966585,1.36786087068586,0.674395479909029,0.754366316407313,0.674652416304884,0.754785245759957
13,0.847506101221174,0.319941313277029,-0.99256365345073,-0.384461922871417,0.472392916904056,-0.00543584561730772,0.056164749302032,0.0664316639427104,2.50001748037432,0.105850731077886,-0.0282934663565751,2.07584217128293,0.739632498951443,0.689233932403966,0.747442774397471,0.692465672156551,0.82623894317403,0.465436890038644,-1.00000047837248,-0.280907647277198,0.182182847629905,6.45421851452677e-07,0.0509503269861511,0.00806872116750784,2.56698162899171,0.011630017148387,0.0159679814526626,1.49277741365763,0.681867879360136,0.747038479405823,0.682168084130688,0.747372751640148
14,0.809877364697905,0.362920049325132,-0.993139990249741,-0.369540763379866,0.386486923831867,-0.0059922815520254,0.0759104430079652,0.0477946722040105,2.70175534032275,0.0538178961866904,-0.0706631080876909,1.96639433459894,0.744080474294032,0.686875235287829,0.750595312414971,0.685771494213665,0.797132702585306,0.48131211856541,-1.00000054279842,-0.301096263613113,0.135058594455952,1.9521876699069e-07,0.0527483488230344,0.00152347859355686,2.72019694213891,0.00937122779923523,0.0125110230236077,1.56758272744639,0.696910453386697,0.732145851989531,0.697227792484872,0.732358887610091
15,0.773316415943458,0.397175333561902,-0.9937412748008,-0.363019146549587,0.298612903847525,-0.00598494879467618,0.0856279312947025,0.0247753861502852,2.89039536032444,0.00318671762790484,-0.0772266665796693,1.82449047585923,0.754984121466061,0.677825472369967,0.758722791443253,0.674404014161783,0.766044623161283,0.492403836467942,-1.00000059552641,-0.320536189147079,0.0865918944736803,-2.49434929616303e-07,0.0532134399108313,-0.00570764017081177,2.87742598948253,0.00635023931277442,0.0100793070465347,1.57135296961654,0.717223022869643,0.711983068068106,0.717519306190331,0.71205241197444
16,0.737027401136288,0.422693025470641,-0.994324975016629,-0.363858876953557,0.212192827926461,-0.00567457707601152,0.0864087068185798,0.0027742141327108,3.06279163592164,-0.0331135227182332,-0.0604002337613651,1.64345308822165,0.766798004082707,0.666916937354387,0.767876662956079,0.66304403082766,0.733052016420655,0.498601800922892,-1.00000063265083,-0.339178959151986,0.0372646201046996,-6.82718026218419e-07,0.0522407582738321,-0.0129036695141036,3.03132052457799,0.00280652988570887,0.0089084987169869,1.50087491217899,0.737430123636838,0.691910694748832,0.737666215123647,0.691837983450971
17,0.700355997715366,0.439735758276847,-0.994870072691666,-0.370356091064174,0.129386065345847,-0.00523395194973939,0.0810686005360382,-0.0149407319435785,3.2159101341395,-0.0524753969541252,-0.0343685695558621,1.43482197593539,0.774140032951203,0.659505123448633,0.773453186047485,0.656333694160665,0.698236932506619,0.499844424283478,-1.00000065190898,-0.356978270079196,-0.012432816620684,-1.09604950228097e-06,0.0500066043620479,-0.0193880668980962,3.17518726912404,-0.000953430016834008,0.00903952446271159,1.37248581821836,0.752224253000676,0.677216428201076,0.75237386293029,0.677026065214972
18,0.662830226765181,0.448732083559396,-0.995369311200616,-0.380643778798921,0.0514057104926759,-0.00476916322023007,0.0726245732135578,-0.0273303303007203,3.34811717504781,-0.0583792443088655,-0.00930496931313156,1.21968032394502,0.774911203644816,0.658030753256524,0.773437242176173,0.655946236338416,0.661685940289143,0.496119379392401,-1.00000065222802,-0.373890026661955,-0.0620064432531246,-1.47434979477309e-06,0.0468675126610521,-0.0247043328882732,3.30452177962717,-0.00465441803524734,0.0103310891638635,1.21253258730222,0.759451220594162,0.670038499001195,0.759507475914183,0.669766210844879
19,0.624156875930234,0.450197194779687,-0.995823481255699,-0.393059668779378,-0.0211843553567416,-0.00433759368620281,0.0633574787642644,-0.0348679813862113,3.45966740419882,-0.0562316743932172,0.0100012343852049,1.01726745533545,0.770325897672824,0.661671597830886,0.768756445703739,0.660554679195322,0.623489908358936,0.487463708728928,-1.00000063310061,-0.389872315894535,-0.110963652773161,-1.79805813943668e-06,0.0432083955941168,-0.028659052033325,3.41741309538545,-0.00811113275680029,0.0125363451654123,1.04542095312576,0.760227925309857,0.669253290502167,0.760200056488133,0.668933835699783
20,0.584190530491549,0.444680259832537,-0.996237257140949,-0.40632511168993,-0.0882337324131695,-0.00396169096905072,0.054571837363481,-0.0386595822380728,3.55232789756898,-0.0506882298054161,0.0228358054562708,0.839046308599102,0.762904116337078,0.668175274290028,0.761578161353839,0.667714321541201,0.583743786506399,0.473963445608742,-1.00000059425128,-0.404885438327423,-0.158818032604783,-2.04836100920108e-06,0.039338938658814,-0.0312580609451283,3.51400010811407,-0.0112317467698522,0.0153841414519395,0.887341584622724,0.75703171654955,0.672385303917093,0.756937280228323,0.672045940308184
21,0.542893126118071,0.432732695895533,-0.996616346620612,-0.419565537691288,-0.149820885357757,-0.00364169572992134,0.0467966689299198,-0.0398316672054589,3.62864606540815,-0.0446823438411335,0.0305296840199968,0.688754944362693,0.754815052436686,0.675488622426611,0.753817363539288,0.67538470515646,0.542546379258524,0.455752756662974,-1.00000053572272,-0.418892024962021,-0.205094113429793,-2.21171235220606e-06,0.035463249846543,-0.0326148006575333,3.59561473861929,-0.0139912498503729,0.0186289943964484,0.746138044029936,0.752084876132965,0.677219184035178,0.751943174782192,0.676878759132228
22,0.500296587289712,0.414892536526327,-0.996965851983362,-0.432240058298264,-0.206116163411405,-0.00336685610044221,0.0401039412611606,-0.0392644976727044,3.69131377077488,-0.0395839107390785,0.0348947438179258,0.565070639675539,0.747346058138679,0.682338191972038,0.746634923735831,0.682383592542978,0.500000105426936,0.433012613020474,-1.00000045820493,-0.431857185861276,-0.249332045124576,-2.28162311938317e-06,0.031694674541881,-0.0328810750010784,3.6640688144891,-0.0164015284762746,0.0220689658723478,0.623898401329401,0.74680818444491,0.682343176157811,0.74663671154953,0.682013875816147
23,0.456474375486121,0.391680077189148,-0.997289605257554,-0.444042301723705,-0.257292946834255,-0.00312351019639666,0.0343620223490647,-0.0375540204148537,3.74278570929116,-0.0357651742739778,0.0374320071055016,0.464260459624453,0.741041616279196,0.688149467870894,0.740539067972784,0.688228224854618,0.456210743446501,0.405968998908219,-1.00000036334819,-0.443748639229263,-0.29109216417749,-2.25802358166114e-06,0.0280839045982345,-0.0322094830681882,3.72121483900757,-0.0184900326270499,0.0255449803127726,0.519609524621451,0.741920546123516,0.687047930327122,0.741733781757062,0.686737452221972
24,0.411522688610339,0.363600202942622,-0.997590131452412,-0.454810832380171,-0.303481291750673,-0.00289962787921127,0.0293834177638462,-0.0350707450863804,3.78511846411097,-0.0331189145965469,0.0391189950399305,0.381929580493023,0.735999735536921,0.692787662950414,0.735635481837249,0.692848212743993,0.411287165560246,0.37489067157572,-1.0000002538957,-0.454536805459869,-0.329959388663819,-2.14553736768719e-06,0.024643878465189,-0.0307383919799798,3.76873166651335,-0.020287760059758,0.0289333175174097,0.430958132095947,0.737699442422266,0.69106544799244,0.737508865657658,0.690778714271157
25,0.36554943925271,0.331147692075133,-0.997868918262665,-0.4644641266103,-0.344752629585976,-0.00268658421182784,0.0249917275634187,-0.0320357499850078,3.81994532334134,-0.0313821742505138,0.0404804893426023,0.313927222792529,0.732106388520894,0.696338693640542,0.731830839031779,0.696366255037596,0.365341064073955,0.340086493141326,-1.0000001336048,-0.46419487403348,-0.365547374589767,-1.95182039955466e-06,0.0213671101490823,-0.0285888235730002,3.80804800384302,-0.0218236134923057,0.0321374106480447,0.355317212348722,0.734193106261847,0.694356721212172,0.734007652097971,0.694097008477525
26,0.318668466634551,0.294813015174092,-0.998126771305153,-0.472960199646456,-0.381123271619614,-0.00247927480338738,0.021043042116333,-0.0285820464257951,3.84851674296211,-0.0302895139976002,0.0417367590421302,0.256708501625883,0.729174517978094,0.698972799856604,0.728957416084282,0.69897027897806,0.318486671737955,0.30190236107272,-1.00000000701247,-0.472698856122316,-0.397502378674984,-1.68648811860922e-06,0.0182363120581827,-0.0258663171734048,3.84033607329658,-0.0231222967324949,0.0350811424975315,0.290200228004545,0.731349837063235,0.696982333439408,0.731176420344453,0.696751950963338
27,0.270996799809088,0.25508725696741,-0.998364136819542,-0.480274754302493,-0.412567145409945,-0.00227546987960068,0.0174268934992371,-0.0247955625882919,3.87176363078005,-0.0296245878864092,0.0429347661076455,0.207405006924487,0.72701332564061,0.700872886499791,0.726838174360635,0.700850005291781,0.270840477192436,0.260717768861622,-0.99999987912588,-0.480027631753363,-0.425506785247619,-1.36063588187264e-06,0.0152303684550879,-0.0226642295880867,3.86653490933364,-0.0242039210648331,0.0377039847938245,0.233424733823386,0.729085587334545,0.699034769998981,0.7289295526329,0.698835442073428
28,0.222653471669707,0.2124655704814,-0.998581345999865,-0.486390961699503,-0.439031653925034,-0.00207495739606412,0.0140602969509269,-0.0207396173561221,3.89036154007925,-0.0292254460308441,0.0440376578357512,0.163761860404934,0.725457302730355,0.702202249492019,0.725316057074784,0.702170164570214,0.222520935802583,0.216942032196415,-0.999999755105305,-0.486162995063198,-0.449282264083852,-9.86712245694014e-07,0.0123274338731333,-0.0190669686794471,3.88738233852871,-0.0250843289451516,0.039957689330564,0.183135954884247,0.727315312608352,0.700606922510334,0.727180778528202,0.700439992324415
29,0.173759004030247,0.167449036902586,-0.998778775398094,-0.491295535479912,-0.460453322409362,-0.00187874874450673,0.0108808007611452,-0.0164683794235319,3.9047863320095,-0.0289746211848343,0.0449773071550744,0.124026138435025,0.724374911432734,0.703093258807876,0.724264189360703,0.703062240966792,0.173648176054885,0.171010218947711,-0.999999639979254,-0.491089697591305,-0.468592531696601,-5.78477112670245e-07,0.00950636653163091,-0.0151526603870353,3.90344604194607,-0.0257756483203648,0.0418041228029065,0.137771129798844,0.725965553305184,0.701779330251831,0.725855660684919,0.70164586133186
30,0.12443511914849,0.120545041271453,-0.99895693589537,-0.494977708780893,-0.476771677361208,-0.00168845115639261,0.00784056405691695,-0.0120337202731373,3.91535835204923,-0.0287873747808255,0.0456817185883867,0.0868276268338996,0.723668107937666,0.703646041099832,0.723586844183976,0.703624671996382,0.124343701786101,0.123378823840178,-0.999999538407114,-0.494795487963288,-0.483245692226969,-1.50857224950171e-07,0.00674723910366349,-0.0109951800912674,3.915149926399,-0.0262868572222242,0.0432138924686254,0.0960038036124963,0.72497818186238,0.702616245770649,0.724895265982258,0.702517067120522
31,0.0748044900583165,0.0722663745724229,-0.999116508226241,-0.497429272825429,-0.487940799794177,-0.00150582320441774,0.00490183502133557,-0.00748838787868292,3.92227517043292,-0.0286022106433691,0.0460875552725708,0.0510691900635282,0.72326841031236,0.703931285421154,0.723216527447642,0.703926341577733,0.0747300907032099,0.0745212309192964,-0.999999454488963,-0.497271146040952,-0.493096137087139,2.80385608002614e-07,0.00403135612190304,-0.00666563750410824,3.92279474397478,-0.0266242670588662,0.0441654994918821,0.0566851631567744,0.724310447197668,0.703165412726818,0.724256153281017,0.703101134847974
32,0.0249904719570589,0.0231293000224089,-0.999258342466247,-0.498644833292767,-0.493938505837363,-0.00133249154759387,0.00203364928728025,-0.0028872706340803,3.92563410658465,-0.0283740068442533,0.0461446717976033,0.0158321031454372,0.723132234154613,0.703994229219576,0.723109932922976,0.704010850871536,0.0249306898313059,0.0249230088526879,-0.999999391615203,-0.498510509949328,-0.498045985692789,6.9917770428126e-07,0.00134101681170547,-0.00223344669076911,3.9265730114035,-0.0267918911805219,0.0446448373341674,0.0187885971998631,0.723933805531431,0.703459083654097,0.723909162626443,0.703430101207227
33,-0.0248831892184647,-0.0263491875962177,-0.999383435890335,-0.498621988551025,-0.494773348018906,-0.0011697935521637,-0.000790543707569913,0.00171223702223976,3.92544602297489,-0.0280691456744501,0.0458168519505899,-0.019703966673574,0.723236713244908,0.703858451166895,0.7232441009471,0.703900397904484,-0.0249306913378096,-0.0249229143094037,-0.99999935234753,-0.498510494855992,-0.498046053378445,1.08980567275779e-06,-0.00134084747149651,0.00223288736943466,3.92657862065636,-0.0267916894133858,0.0446449154268136,-0.0186414273245786,0.723832681695716,0.703515146458758,0.723838145436058,0.703521636515632
34,-0.0746926597674754,-0.0756547052996878,-0.999492899905488,-0.497361385321524,-0.490489714624732,-0.0010187083295364,-0.00359459785704217,0.00625022658553687,3.92164172097344,-0.0276621641459259,0.0450813603411557,-0.0563291396886435,0.723576499049458,0.703528888134551,0.723613377788343,0.703598758819898,-0.0747300891308025,-0.0745211491122865,-0.999999338324325,-0.497271102751229,-0.493096336964753,1.43767428558282e-06,-0.00403109185809926,0.00666514550751914,3.9228115194583,-0.0266236877235032,0.0441657362743622,-0.0565373210285033,0.724003655929617,0.703337874099668,0.724039126548657,0.703379794735869
35,-0.124314322060943,-0.124279250953878,-0.999587923250466,-0.494866687621433,-0.48117128100155,-0.000879844286164177,-0.00640095457706461,0.0106643589069027,3.91407194245483,-0.0271335126141606,0.0439285126342629,-0.0948634098782682,0.724161685984527,0.702993846280106,0.724227410143634,0.703093228078136,-0.124343694484068,-0.12337876689815,-0.999999350186428,-0.494795422720914,-0.483246013316514,1.73007702323749e-06,-0.00674679255436719,0.010994823851434,3.91517767764836,-0.0262859739002329,0.0432142922604478,-0.0958552016430878,0.724455267205293,0.702918112722041,0.724520085559979,0.702995203857126
36,-0.173625072603721,-0.171725243261302,-0.999669735979979,-0.4911444981584,-0.466943008484861,-0.000753462166897001,-0.00923162839493123,0.014889853250114,3.90250159791552,-0.0264674613586825,0.0423607008156535,-0.136212509606522,0.725016832979905,0.702225934988137,0.725110217158561,0.702355597574056,-0.17364816127219,-0.171010197504896,-0.999999387522917,-0.491089621397886,-0.468592951371008,1.95689518806961e-06,-0.00950566602337214,0.0151525090962081,3.90348433903164,-0.0257745695537058,0.0418046819231294,-0.137622872445423,0.72520847070122,0.702232874222434,0.725301391706654,0.702344660282542
37,-0.222502611312913,-0.217509697809975,-0.999739577026845,-0.486204267807432,-0.447971909018421,-0.000639519780969135,-0.0121089151796349,0.0188591581103695,3.88659847540841,-0.025649782430307,0.0403906178341737,-0.181422995144507,0.726180934932893,0.701182115860795,0.726300198048749,0.701342269449366,-0.222520913186307,-0.216942054043179,-0.999999448841791,-0.486162923563971,-0.449282743244551,2.11112524970939e-06,-0.0123264325669691,0.0190670889497142,3.88743034275425,-0.025083178408473,0.0399583791730588,-0.182990991674041,0.726297664946867,0.701244419050948,0.726416804410972,0.70139021054667
38,-0.270825722971103,-0.261168429371446,-0.999798666827917,-0.48005823635462,-0.424466852282835,-0.00053772536510627,-0.0150557962420769,0.0225011327130831,3.86591639533038,-0.0246656909346519,0.0380401265212369,-0.231738875246024,0.727708026984179,0.699803280247759,0.727850694985661,0.699993752746014,-0.270840448196405,-0.260717837137968,-0.999999531577654,-0.480027583403478,-0.425507264815556,2.18912051293254e-06,-0.0152290547232463,0.0226646774851205,3.86659113786173,-0.0242028132894921,0.0377047276610277,-0.233288581569239,0.7277720105454,0.699899106982474,0.727914757612991,0.700077994772359
39,-0.318474555435954,-0.30226019715932,-0.999848185381594,-0.472721427253775,-0.396677646010107,-0.000447590526955388,-0.0180959895205852,0.025739702553749,3.83987266014897,-0.0234985966414207,0.0353409254314179,-0.288659644778798,0.729667655192825,0.698014067241145,0.72983038518053,0.698234306835404,-0.31848663972209,-0.301902472274687,-0.999999632156666,-0.472698847767816,-0.397502780292592,2.19044200863627e-06,-0.018234720835728,0.0258671240662962,3.84039810726491,-0.0231213132342362,0.0350817813610456,-0.290081787024813,0.729696357361587,0.698126697648663,0.729859240436599,0.698337528569386
40,-0.365330899345985,-0.34037072614822,-0.999889255512863,-0.464211677051172,-0.364893483621822,-0.000368480052634311,-0.0212534893255038,0.028491970532286,3.80771991107543,-0.0221292675034446,0.0323362688492594,-0.353994284184515,0.732143586802389,0.695724424268294,0.732321935386925,0.695973424769179,-0.36534103382722,-0.340086635508579,-0.999999746144664,-0.464194913922977,-0.365547608421282,2.11727192070058e-06,-0.021365334064653,0.0285899748253444,3.80811216768355,-0.0218227858037055,0.032137676505904,-0.355229702943106,0.73215023820756,0.69584164138639,0.732328727539857,0.696082955646438
41,-0.411278471008426,-0.375116542553538,-0.999922930942415,-0.454549664649269,-0.329440784267742,-0.000299657208712625,-0.0245511867744249,0.0306657010233682,3.76851357121324,-0.0205350431143743,0.0290830753111266,-0.429894675296326,0.73522742829214,0.692836272305143,0.735415568743861,0.693112462163724,-0.411287142054099,-0.374890824676541,-0.999999868501502,-0.454536885234478,-0.329959370093977,1.97347394389424e-06,-0.024642075643369,0.0307397992418603,3.76879274412587,-0.0202870650333808,0.028932801996343,-0.43092017449812,0.735221640931262,0.69294964775822,0.735409867427127,0.693219544774789
42,-0.45620319740574,-0.406148564609953,-0.999950188597362,-0.443758923541286,-0.290680469264147,-0.000240322755699416,-0.0280078181841996,0.0321562076194464,3.72107875627918,-0.0186892440208348,0.0256548410137643,-0.518829603367177,0.739000501308476,0.689261988478021,0.739190854876052,0.689563012428156,-0.45621072987253,-0.40596913530469,-0.999999993945599,-0.44374872827391,-0.291091838610162,1.76358668454316e-06,-0.0280822964900581,0.0322109549785406,3.72126596419969,-0.0184893981781224,0.0255431272598357,-0.519646356155139,0.738988932043675,0.689366158313,0.739179303703125,0.689662035362846
43,-0.499993501595919,-0.433155395722999,-0.999971924452903,-0.431865838240849,-0.249004746004336,-0.000189646600166747,-0.0316320196480211,0.0328431373099059,3.66398637714704,-0.0165613250972118,0.0221461427455654,-0.623418654501066,0.743491530996841,0.684967154158771,0.743674293788036,0.685289429759542,-0.500000100981766,-0.433012702623063,-1.00000011739291,-0.431857232655667,-0.249331415919686,1.49225257407546e-06,-0.0316935219440133,0.0328822992665254,3.66410179208744,-0.0164008325600297,0.0220651055383193,-0.624043083213845,0.743478519632274,0.685059132213923,0.743661235719663,0.68537720640505
44,-0.542540587064647,-0.455866274481598,-0.999988952142754,-0.418899626509771,-0.204833473023355,-0.00014679205662362,-0.0354117091195081,0.0325886810879487,3.59555951902507,-0.0141187919342934,0.0186791933047635,-0.745975075409733,0.748589526263439,0.680058151088123,0.748752148266919,0.68039605999532,-0.542546377583428,-0.455752773645376,-1.00000023437829,-0.418891969348332,-0.205093263121591,1.16467972246107e-06,-0.0354627914598058,0.0326153641022387,3.59562120331456,-0.013990277080045,0.0186224603576748,-0.746431966588199,0.748577665644525,0.6801367140661,0.748740189664023,0.680471195487128
45,-0.58373871923888,-0.474053643068923,-1.00000200361047,-0.404892298146121,-0.158610173910909,-0.000110933404385021,-0.0392967494040147,0.0312407822283304,3.51395064739209,-0.011332706989663,0.0154120973783949,-0.887514265950443,0.753885634291278,0.674940739469848,0.754012464780729,0.675285300235762,-0.583743775895428,-0.473963376574577,-1.00000034131681,-0.404885234629092,-0.158817124128354,7.88498169956783e-07,-0.0393392850449748,0.0312575487324431,3.51397397868254,-0.0112300698970311,0.0153745343607825,-0.887831796065403,0.753876259461399,0.675005898329475,0.754002962259111,0.675347656981321
46,-0.623485500897754,-0.487535302410577,-1.00001173117164,-0.389878571725366,-0.110797770460407,-8.12679671418355e-05,-0.0431740690938731,0.0286482819963627,3.41735680833912,-0.00818967123161631,0.0125465522570393,-1.04594081853695,0.758435117150154,0.670558268498494,0.758507728672292,0.670895222876691,-0.623489874480195,-0.487463559515478,-1.00000043546105,-0.389871959890077,-0.110962899054276,3.76618722580931e-07,-0.0432094130505909,0.028657257604188,3.41735431878063,-0.00810796469231709,0.0125240189713547,-1.04614714656057,0.758428703850258,0.67061083822522,0.758501185843045,0.67094549060052
47,-0.661682136413401,-0.496176129978287,-1.00001871052812,-0.373895735752945,-0.0618741169383873,-5.70249606144602e-05,-0.0468396823433685,0.0246985401111182,3.30445818198526,-0.00471340536817694,0.0103287195542829,-1.21336803753436,0.760521311602954,0.668627235934484,0.760520437142333,0.668934882580241,-0.66168587107663,-0.496119177143954,-1.00000051450806,-0.373889573063668,-0.0620060437271594,-5.04754305287037e-08,-0.0468688120249891,0.0247015147948723,3.30443967187846,-0.0046486887928683,0.010317842104532,-1.21348913268916,0.760517792016252,0.66866849707053,0.760516817495043,0.668974242039009
48,-0.698233679690929,-0.499889344666072,-1.00002344454434,-0.356983470708449,-0.0123274205874055,-3.7474086809266e-05,-0.0499841333046618,0.0193864523385758,3.17512614159117,-0.000995399675103992,0.00903111137424602,-1.37349149307517,0.757724901016107,0.671566274384475,0.757635098591942,0.67181437546889,-0.698236823479387,-0.499844212116064,-1.00000057601925,-0.356977827213201,-0.0124328780037061,-4.6543996416285e-07,-0.0500077742814241,0.0193849710294892,3.17509896040485,-0.000944551365055288,0.00902907285859561,-1.37354989813793,0.757723894044762,0.671597728184519,0.757634050674715,0.67184425665918
49,-0.733049264705539,-0.498637310519783,-1.00002636786967,-0.339183693152401,0.0373483951674409,-2.19359074480976e-05,-0.05222298480408,0.0129055181123832,3.03127073483145,0.00277770755924268,0.0089012282557319,-1.50173981190608,0.747830325379667,0.681586599730765,0.747647395080204,0.681739038341803,-0.733051873956288,-0.498601625160917,-1.00000061704157,-0.339178656763657,0.0372641427887586,-8.39388998706238e-07,-0.0522417288852111,0.0129009483351415,3.03124014934129,0.00281718430211084,0.00890562406800612,-1.50175416138643,0.747831306715946,0.681609794203856,0.747648415415486,0.681760942631389
50,-0.766042324974694,-0.492431874023297,-1.00002785256505,-0.320540491950118,0.0866583857046991,-9.79288796816923e-06,-0.0532000349885206,0.00571139868542568,2.87738082307775,0.00632855560971182,0.0100781591059288,-1.57171121830698,0.730713383837508,0.698801596423975,0.730451303875458,0.698825254210003,-0.766044464021468,-0.492403730358418,-1.00000063434391,-0.320536129669583,0.0865911996163565,-1.15013919175583e-06,-0.0532144472710891,0.00570495754470458,2.87735040994405,0.00635870843528832,0.0100869136362861,-1.57169637122739,0.730715785220388,0.698818028363476,0.730453830552601,0.698840650107861
51,-0.797130811960343,-0.48133422740125,-1.00002821460788,-0.301100143416078,0.135111376576721,-4.96453828429777e-07,-0.052738648551038,-0.00152011271527962,2.72013433452203,0.00935068983047001,0.0125159333723766,-1.56729682724923,0.70981388880255,0.719755496438759,0.709504911508769,0.719633309515696,-0.797132549846735,-0.481312089238731,-1.00000062533435,-0.301096480434484,0.135057969162264,-1.38805639937794e-06,-0.0527493406720733,-0.00152738196401538,2.72010634884378,0.00937325263467389,0.0125272747681116,-1.56726439561205,0.709817160251205,0.719766554487714,0.709508383938031,0.7196435656113
52,-0.826237414214822,-0.465454288215614,-1.00002772064342,-0.280911079255735,0.182224843352366,6.4342901832389e-06,-0.0509430936021507,-0.00806737581930459,2.56688427655547,0.011608095545603,0.0159748861677807,-1.49206298928125,0.690900936622525,0.738665296450519,0.69058558095778,0.73840493213878,-0.826238820183811,-0.465436914624403,-1.0000005891623,-0.280908094888673,0.182182566974789,-1.55471539301025e-06,-0.050950736331104,-0.00807465662532084,2.56685996723245,0.0116245728461233,0.015987360671513,-1.492021894859,0.690904583244184,0.73867222952182,0.690589479975966,0.738411275427948
53,-0.853289765219862,-0.44494959092247,-1.00002659413447,-0.26002370162509,0.227529772791662,1.14208840470094e-05,-0.0481612970816721,-0.013375985098245,2.42373658072192,0.0130065799239363,0.0200992040591984,-1.36706800249915,0.678506049281671,0.750995478159413,0.678219051755486,0.750626115056516,-0.853290904454234,-0.444935980348859,-1.00000052726048,-0.260021337340911,0.227496466520793,-1.65548012398667e-06,-0.0481665737532051,-0.0133827241774284,2.42371645113099,0.013018281188347,0.0201116967104601,-1.36702480432716,0.678509664126579,0.750999364871221,0.678222941097611,0.750629594841992
54,-0.878220626056755,-0.420023699388134,-1.0000250204897,-0.238490105400044,0.270575356940691,1.4834390179385e-05,-0.0448381588952619,-0.0171726827545576,2.29433075160315,0.0135914669940857,0.0245261827629319,-1.21937817732229,0.673624968347254,0.755757642155543,0.673387095439728,0.75531771935824,-0.878221556545509,-0.42001304658461,-1.000000443006,-0.238488278168442,0.27054924157023,-1.6925650394473e-06,-0.0448416969109712,-0.0171785783731309,2.29431478130372,0.0135995164737721,0.0245379193456223,-1.21933726538155,0.673628255635459,0.755759368290387,0.67339065288391,0.755319185968642
55,-0.900968042108953,-0.390924162179367,-1.00002315143951,-0.216363857703588,0.310933431008258,1.69996566675924e-05,-0.0413720195750285,-0.0194398194916276,2.17978586281644,0.0134916834754924,0.0289603183832302,-1.07138604555021,0.674492772336128,0.754730559354107,0.674311449086903,0.754255970786528,-0.900968812865251,-0.39091582377476,-1.0000003408758,-0.216362472949758,0.310913038843811,-1.6637763238855e-06,-0.0413743406821572,-0.0194447678419085,2.17977369935669,0.0134970146342499,0.0289708265851369,-1.07134993870138,0.674495551784957,0.75473081424857,0.674314476754608,0.754256076909121
56,-0.921475483936162,-0.357940037388951,-1.00002110916473,-0.193699890204445,0.348202646036074,1.81957872787268e-05,-0.0380463375793018,-0.0203176091049387,2.07940832039846,0.0128591190527509,0.03319321428166,-0.936730262739252,0.678602536787878,0.750436028698282,0.678476950235712,0.749954333158429,-0.921476134361897,-0.357933503283349,-1.00000022570676,-0.193698851611469,0.348186772817325,-1.56602821573487e-06,-0.0380478422868281,-0.0203216381105624,2.07939943604309,0.0128624792378659,0.0332022411521658,-0.936700052207907,0.678604723511866,0.750435328481007,0.678479355670741,0.749953563647724
57,-0.93969198088224,-0.321399012917263,-1.00001899038342,-0.170554441901351,0.382012388652601,1.86568322799376e-05,-0.0350294935983913,-0.0200111171324259,1.99153347204841,0.0118313055717015,0.0370897813640212,-0.821417869519351,0.683983603615092,0.744857819393783,0.683909580424215,0.744387726111974,-0.939692540963345,-0.321393881733181,-1.00000010235096,-0.170553658532903,0.382000059640727,-1.39939176409489e-06,-0.0350304706298612,-0.0200143322718456,1.99152727881702,0.0118332853019124,0.0370971857482614,-0.821393688364605,0.683985184781072,0.744856536358536,0.683911351264026,0.744386431878494
58,-0.955572248242078,-0.281664148057889,-1.00001687025702,-0.146984978039836,0.412026430281222,1.857473981361e-05,-0.032404742928231,-0.0187328576241667,1.91415164388953,0.0105179275241712,0.0405653869376157,-0.726641985150474,0.689480535388908,0.739162218681521,0.689453476318876,0.738715451728888,-0.955572739427642,-0.281660105407907,-0.999999975633311,-0.146984371409161,0.412016877650194,-1.1689761181157e-06,-0.0324053877613393,-0.0187354082307013,1.91414756835877,0.0105190149992765,0.0405710549828288,-0.726623397439574,0.689481547889552,0.739160613441648,0.689454652837402,0.738713881960524
59,-0.969076803869964,-0.239130265504944,-1.0000148059265,-0.123050060810752,0.437946261773861,1.81037646890656e-05,-0.0302026881277683,-0.0166773306245235,1.84526346016345,0.00900109488077002,0.04356657717724,-0.651215573515005,0.694563996487873,0.733887527723303,0.694580137345478,0.733471041569463,-0.969077240771588,-0.239127064014038,-0.999999850391714,-0.123049574415104,0.437938911397467,-8.84621699155373e-07,-0.0302031197629277,-0.0166793886133555,1.84526098613646,0.00900172758823809,0.0435704775566156,-0.651201852303717,0.694564509282202,0.733885782842327,0.694580784741558,0.73346936674983
60,-0.980172070017595,-0.194220027375773,-1.00001283964959,-0.0988091884498103,0.45951407292535,1.73643204992496e-05,-0.0284257601962945,-0.0140144465560476,1.78303605999803,0.00734081789048213,0.0460582139288428,-0.593107148112165,0.699074878503931,0.72920035725059,0.699131596569026,0.728818110512472,-0.980172463141119,-0.194217467947553,-0.999999731452237,-0.0988087979179435,0.459508529506526,-5.59531702931699e-07,-0.0284260363345752,-0.014016175225251,1.78303474829116,0.00734134753872441,0.046060696794482,-0.593097453957121,0.699074980210238,0.729198608116438,0.699131783350438,0.728816430793583
61,-0.988830458723518,-0.147379732064189,-1.000011001622,-0.0743226319201199,0.476515352180607,1.64463761691931e-05,-0.0270638618945292,-0.0108915180540236,1.72584382104577,0.00558116494941356,0.0480161766258574,-0.550248871503606,0.703039695014285,0.725080479032089,0.703135379410955,0.724734626124012,-0.988830817851013,-0.147377647811393,-0.99999962350245,-0.0743223456816031,0.476511355645116,-2.08789359941608e-07,-0.027064003423895,-0.0108930147075984,1.72584331434026,0.00558169508411269,0.0480182521050456,-0.55024236084568,0.703039474697538,0.725078830305929,0.703135171631673,0.724732984233894
62,-0.995030441515694,-0.0990748714110251,-1.00000931241596,-0.0496512850459978,0.488781071080187,1.54153221289904e-05,-0.0261034471953307,-0.00743807548284929,1.67225196962676,0.00375525190743606,0.049424169614966,-0.520902942444185,0.706564928126749,0.721426566190008,0.706698694898931,0.721118146076084,-0.9950307781599,-0.0990731184151891,-0.999999530892436,-0.049651124263588,0.488778403514849,1.51823894441084e-07,-0.0261034763126303,-0.00743932083437022,1.6722519889792,0.00375555913683889,0.0494270705651978,-0.520898829733508,0.706564450401746,0.72142507453164,0.706698173803,0.721116569125874
63,-0.998756604361257,-0.049785493285277,-1.00000778479543,-0.0248565157505949,0.496189376523359,1.43200731697177e-05,-0.0255324707285649,-0.00377095931076566,1.62097593904607,0.00188877771299446,0.0502724410050764,-0.503800447535887,0.709784853479785,0.718108296701499,0.709956286503325,0.7178376297776,-0.998756931375971,-0.04978395192834,-0.999999457411322,-0.0248564808314379,0.496187755669688,5.06667728734911e-07,-0.0255324398212936,-0.00377184809346564,1.62097627640031,0.00188856928541551,0.0502765092405623,-0.503798062758146,0.709784160754409,0.718106945693214,0.709955563423915,0.717836165942761
64,-0.999999686889746,-1.4226064666067e-06,-1.00000642493201,1.16429559044026e-09,0.498666725666823,1.3198127148308e-05,-0.0253429474526628,1.06876326864448e-06,1.57083241267311,2.80658705280748e-06,0.0505561392909692,-0.498179453325579,0.712839537404368,0.714988178157133,0.713048542874388,0.714755210947025,-1.00000001519943,-6.5540267744532e-09,-0.999999406079511,-5.00130233514898e-08,0.498665772093511,8.40838891697126e-07,-0.0253429291988543,6.11528951092318e-07,1.57083292122801,2.1014042521798e-06,0.0505604353456413,-0.498178253942185,0.712838672731244,0.714986925167445,0.713047715238716,0.71475391984821
65,-0.998756604206764,0.0497826046239238,-1.00000523342142,0.0248564609125928,0.496188506499925,1.20763011416326e-05,-0.0255321367374102,0.00377315253393627,1.52068855445036,-0.00188360400497953,0.0502735986773917,-0.503788189832096,0.715868059266168,0.711928239477181,0.716114742795693,0.711732854073831,-0.998756939122058,0.0497839417396044,-0.999999378982747,0.0248563921096842,0.496187819104249,1.14061762958969e-06,-0.0255321852672357,0.00377308147065243,1.52068913839385,-0.00188444536190851,0.0502768348617283,-0.503787751733602,0.715867089403872,0.711927073165699,0.716113862132599,0.711731754084288
66,-0.995030451710025,0.0990718479803538,-1.0000042063349,0.0496510879194922,0.488779244233335,1.0971657701445e-05,-0.0261028620335693,0.00744040784388509,1.46941127144336,-0.00375111118402297,0.049426121743991,-0.520883358808206,0.719008403116394,0.708790195535454,0.719292878499712,0.70863238212893,-0.995030791467914,0.099073116159419,-0.999999377163524,0.0496510695324962,0.488778513281322,1.39380225231901e-06,-0.0261029863366303,0.00744057659438688,1.46941187443028,-0.00375167629944721,0.0494277008845904,-0.520883364755133,0.719007401750873,0.708789138905256,0.719291964473275,0.708631444930768
67,-0.988830495259983,0.147376470410926,-1.00000333618869,0.0743222707311906,0.476512411560036,9.89412959997889e-06,-0.0270631523630248,0.0108940319572917,1.41581649190978,-0.00557815485581444,0.0480189576023348,-0.550232091668987,0.722398719138005,0.705434247559875,0.722720880537657,0.705314201510354,-0.988830832372393,0.147377656096748,-0.999999400579955,0.074322346465512,0.476511479100488,1.58992693891293e-06,-0.0270633216070709,0.0108942778919836,1.41581708525242,-0.00557823373874781,0.0480191280158108,-0.550232320637744,0.722397739880353,0.705433324920878,0.722719950697209,0.705313386729926
68,-0.980172148422961,0.194216404601798,-1.00000261274711,0.0988086889067159,0.459509777347894,8.84882768258566e-06,-0.0284250715931719,0.014017171999201,1.35861845958044,-0.0073389043152248,0.046062287768886,-0.593109054268961,0.72617547152891,0.701720983082327,0.726534753514365,0.701639249237117,-0.980172472654845,0.194217485665151,-0.999999448138881,0.0988088699098697,0.459508622740702,1.72036321058096e-06,-0.0284252393627285,0.0140173822299343,1.35861903171835,-0.00733853317043751,0.0460616866998784,-0.593109371913603,0.726174542196654,0.70172019934364,0.726533834004967,0.701638528885907
69,-0.969076936649372,0.239126128760847,-1.00000202373773,0.123049449597563,0.437940242641757,7.83716024957893e-06,-0.0302021974146682,0.0166802756179342,1.29638094109963,-0.0090005123941695,0.0435721193055726,-0.651258660832911,0.730462361479912,0.697522576527455,0.730857415753134,0.697480274584345,-0.969077238106455,0.239127085644795,-0.99999951780349,0.123049719464963,0.437938927881429,1.77836942696346e-06,-0.0302023243494111,0.0166804031588822,1.29638148894343,-0.0089998723145333,0.0435713263685799,-0.651259009075189,0.730461494248189,0.697521918388544,0.730856535513327,0.69747963498585
70,-0.955572446871581,0.281659300313364,-1.00000155554894,0.146984243233151,0.412018167274599,6.85760148606058e-06,-0.0324046809809738,0.0187359552160183,1.22747695127332,-0.0105192646188097,0.0405719654136166,-0.726756392747301,0.735339466826327,0.692753904436403,0.73576762992732,0.692752998231109,-0.955572718219665,0.281660121442205,-0.999999606760895,0.146984569179129,0.412016782188993,1.75925640178369e-06,-0.0324047457774889,0.0187360018731746,1.22747747327565,-0.010518559271214,0.0405713177314812,-0.726756778260273,0.735338668450086,0.692753350108805,0.735766813005776,0.692752432707588
71,-0.939692260495486,0.32139319808704,-1.00000119388178,0.170553519163143,0.382001219399628,5.90700023622083e-06,-0.0350301369690826,0.0200141973871863,1.15007307709052,-0.0118354143050035,0.03709654507751,-0.821642172458943,0.740774667072666,0.687441531474926,0.741231072873638,0.687485059823997,-0.939692498016585,0.321393880688595,-0.999999711611105,0.170553863332865,0.381999846136577,1.66091512701581e-06,-0.0350301366073767,0.0200141884432275,1.15007356779818,-0.0118347949981047,0.0370961528435916,-0.821642650690022,0.740773944763689,0.687441057270245,0.74123033671259,0.687484561226437
72,-0.921475868144263,0.357932927039276,-1.00000092426737,0.193698672362714,0.348187782475385,4.9826781716121e-06,-0.0380479536443947,0.0203204517645383,1.0621713697696,-0.0128669672829537,0.0331990488225347,-0.937110349735069,0.746491970223902,0.681855991429688,0.746968157017301,0.681948083717601,-0.921476071798387,0.357933475473299,-0.999999828514112,0.193699000114725,0.348186480369961,1.48487867678733e-06,-0.0380478980212929,0.0203204165183011,1.06217181611845,-0.0128665120457824,0.0331988839042995,-0.937111000493699,0.74649133357133,0.681855574015547,0.746967514567968,0.68194764046979
73,-0.900968566013832,0.390915342902767,-1.00000073237008,0.216362220080696,0.31091395244672,4.0848837006278e-06,-0.0413747815974879,0.0194423142163838,0.961766949672935,-0.0135040198020923,0.0289638721969892,-1.07196683926497,0.751757750671462,0.676726397713449,0.752239699597056,0.676871703334538,-0.900968738858684,0.390915766224745,-0.999999953229547,0.216362504592786,0.310912756551551,1.23771511062612e-06,-0.0413746871017039,0.0194422755514163,0.96176733000763,-0.0135037457758482,0.0289638511559064,-1.07196772674163,0.751757211959401,0.67672601366712,0.752239162483406,0.676871298185995
74,-0.878221336364866,0.420012657678768,-1.00000060407204,0.238487938391844,0.270550165178054,3.21851312114861e-06,-0.0448421102085093,0.0171750733176282,0.847203701208326,-0.0136082079232954,0.0245260963903057,-1.22017584072901,0.755126146107737,0.673496069152204,0.755592057778413,0.673697970713514,-0.878221483668621,0.420012967430899,-1.00000008103635,0.23848816238935,0.270549091218525,9.31865202261011e-07,-0.0448419945694735,0.0171750443219055,0.847203988714236,-0.0136080954034195,0.0245261325745274,-1.22017695333347,0.755125721421382,0.673495692580734,0.755591639978467,0.673697579826798
75,-0.85329071745475,0.444935691587356,-1.00000052546949,0.260020938788356,0.227497507928831,2.39261891714847e-06,-0.0481665101974269,0.0133790035931763,0.717797045253426,-0.0130262257287377,0.0200949373353665,-1.36800813035842,0.754363198637747,0.674399144586408,0.754782212552082,0.674656087285699,-0.853290845728488,0.444935900186183,-1.00000020664057,0.260021094623872,0.227496558650842,5.84504676937206e-07,-0.0481663891785161,0.0133789883093163,0.717797217451162,-0.0130262402142755,0.0200949643440078,-1.36800931553441,0.754362906385685,0.674398747549846,0.754781930361655,0.674655682496535
76,-0.826238668290275,0.465436742761101,-1.00000048303553,0.280907708808147,0.18218377174459,1.61694276617929e-06,-0.0509500454484708,0.00807185565364833,0.574667085042031,-0.0116281182831918,0.0159680606107892,-1.49291018618268,0.747034377463401,0.68187243810248,0.74736871050214,0.682172634957891,-0.826238784351944,0.465436862470571,-1.00000032430168,0.280907797875162,0.182182942002707,2.13667055564002e-07,-0.050949931165288,0.00807185175361988,0.574667138503482,-0.0116282244008679,0.0159680376655465,-1.49291112812005,0.747034236150083,0.68187199230348,0.747368580764867,0.682172186885324
77,-0.797132428033048,0.481312050529751,-1.00000046415783,0.301096196948325,0.135059274616007,8.97234842993912e-07,-0.0527483909676227,0.00152597202272951,0.421439321316515,-0.00936976517774417,0.0125107549501236,-1.56769959591985,0.732141198480019,0.696915486646955,0.732354275007318,0.69723280636486,-0.797132538143344,0.481312092837403,-1.00000042836687,0.301096228847582,0.135058554334206,-1.66672180445903e-07,-0.0527482914649812,0.00152597395214909,0.421439285009652,-0.00936993110104807,0.0125106639677084,-1.5676999236623,0.732141213409297,0.696914976994362,0.732354301479859,0.697232298887546
78,-0.766044360939549,0.492403828902644,-1.00000045794512,0.320536014752594,0.0865924403488421,2.33575474169321e-07,-0.0532136774695145,-0.0057057801088061,0.264199452123172,-0.00634921409048118,0.0100788990320669,-1.57145360701838,0.711978212397341,0.717228191720001,0.712047581916286,0.717524447637002,-0.766044470037883,0.492403804097403,-1.00000051409486,0.320536006059531,0.0865918157665135,-5.48495749233005e-07,-0.0532135970268608,-0.00570577863736467,0.264199386653121,-0.00634940731936935,0.010078741186511,-1.57145313672286,0.711978361794889,0.717227630595133,0.712047740877454,0.717523892254322
79,-0.733051775513175,0.498601844837813,-1.00000045583809,0.339178714284473,0.0372651148814047,-3.75896266239831e-07,-0.0522410699712061,-0.0129023808334365,0.110295713339401,-0.0028059111314367,0.00890809581343305,-1.50095953948616,0.691905926630031,0.73743514648941,0.691833230765874,0.737671206486796,-0.733051886614925,0.49860176167845,-1.00000057830376,0.339178686478868,0.03726456937502,-9.26190989821402e-07,-0.0522410092213902,-0.0129023854056866,0.110295688228919,-0.00280609346719546,0.00890789251273816,-1.50095846565026,0.69190615557908,0.737434580437937,0.69183346485379,0.7376706484109
80,-0.698236718003334,0.499844517007093,-1.00000045147235,0.356977992254251,-0.0124323361450396,-9.25369775040346e-07,-0.0500069365794343,-0.0193872473410312,-0.033578677603527,0.000952828493440825,0.0090393343102617,-1.37255515223782,0.677211998911722,0.752228886549942,0.677021702596732,0.752378395322002,-0.698236831836918,0.49984438274712,-1.00000061942282,0.356977969688122,-0.0124328096843333,-1.29048287353837e-06,-0.0500068548055518,-0.0193872649136127,-0.0335786107412008,0.000953566941391397,0.00903899657651879,-1.37255380976541,0.677212214433252,0.752228399335588,0.67702186031127,0.75237798620451
81,-0.661685754418673,0.496119517398782,-1.00000043998488,0.373889733950115,-0.0620060312315142,-1.4048183696434e-06,-0.0468678568908004,-0.0247038832536743,-0.162919375117498,0.00465389885927964,0.0103306919342299,-1.21258770750792,0.670034607323903,0.759455235069719,0.66976231572747,0.759511533036793,-0.661685868894065,0.496119341466478,-1.00000063699192,0.373889748311498,-0.0620063801920424,-1.62549803727063e-06,-0.0468677049897858,-0.0247039011054244,-0.162919195109517,0.00465435880541192,0.0103307083443115,-1.21258647074729,0.67003470746052,0.759454957658819,0.669762419707575,0.759511192203921
82,-0.623489751721878,0.48746388175143,-1.00000041767452,0.389872028424075,-0.11096337139102,-1.80110936344893e-06,-0.0432086724914836,-0.0286588970596592,-0.275815541363865,0.00811109608186275,0.0125359880245508,-1.04546326207497,0.669249962926802,0.760231368707517,0.66893047011817,0.760203519189095,-0.62348986235793,0.487463679117033,-1.00000063105117,0.389872089640313,-0.110963553705384,-1.91119219739383e-06,-0.0432085061368283,-0.0286588818282738,-0.275815261267555,0.00811096878229754,0.0125361346923311,-1.04546240045944,0.669249970093451,0.760231201864588,0.668930510618584,0.760203315783597
83,-0.583743657298693,0.473963639281576,-1.00000038176932,0.404885181101454,-0.158817900830964,-2.10254835155747e-06,-0.0393390995518736,-0.0312581036757235,-0.372406217809843,0.0112319733108966,0.0153840150579135,-0.887372738879867,0.672382513641497,0.757034602634806,0.672043121074419,0.756940158299719,-0.583743760019927,0.473963426630097,-1.00000060184235,0.404885274622033,-0.15881792315513,-2.12860825676242e-06,-0.0393389677638865,-0.0312580594255127,-0.372405871527997,0.0112315456284287,0.0153840896741635,-0.887372345897534,0.672382467532481,0.757034517443849,0.672043097246331,0.756940067939192
84,-0.542546273516027,0.455752956522683,-1.00000033047342,0.418891814910066,-0.205094117427689,-2.30144056401653e-06,-0.0354632917957753,-0.0326149517349514,-0.454023491827118,0.0139915252308997,0.0186290943315162,-0.746159811939165,0.677216896381996,0.752087233655528,0.676876457407375,0.751945514455834,-0.542546366145293,0.455752748208784,-1.00000054992115,0.418891919639326,-0.205094015385391,-2.26421820666701e-06,-0.0354632112461535,-0.0326148955563254,-0.454023119583064,0.0139910522773567,0.018629068279124,-0.746159844647937,0.677216818679956,0.752087212505716,0.676876387427921,0.751945501991332
85,-0.500000018050518,0.433012806890042,-1.00000026314271,0.431857028898225,-0.249332155432046,-2.39555590696441e-06,-0.0316946207062263,-0.0328812680614693,-0.522479362599096,0.0164017426809262,0.0220692134076185,-0.623912522703147,0.682341345800566,0.746810059933241,0.682012042937084,0.746638569992964,-0.500000100419757,0.433012613200566,-1.00000047649171,0.431857126679171,-0.249331971956595,-2.31150649451911e-06,-0.0316945872707593,-0.0328812144603447,-0.522478999989056,0.0164013521238766,0.0220691240193611,-0.623912870485164,0.682341251268808,0.746810085533113,0.682011946295164,0.746638606993714
86,-0.456210669193294,0.40596917783302,-1.00000018045359,0.443748532982751,-0.291092347276975,-2.3878225276733e-06,-0.0280837868100561,-0.0322096760947041,-0.579626498665512,0.0184901480159232,0.0255452907770273,-0.519617610381897,0.687046505606358,0.741921995556632,0.686736032016303,0.741735218994358,-0.456210742660341,0.405969004933384,-1.00000038370787,0.443748611598765,-0.291092120565544,-2.27020144278446e-06,-0.0280837879817899,-0.0322096327936138,-0.579626171343268,0.018489879219524,0.0255451829669292,-0.519618149070657,0.687046404388399,0.741922052594248,0.686735923861741,0.741735285383136
87,-0.411287099738897,0.37489083009936,-1.00000008451697,0.454536740180519,-0.329959602871086,-2.28726453031883e-06,-0.0246437030065435,-0.0307385311374508,-0.627143894133536,0.0202883637025738,0.0289343474340674,-0.430961331601726,0.691064331336336,0.7377006244629,0.69077751089273,0.737510029853479,-0.411287166517832,0.374890680554272,-1.00000027478571,0.454536796281079,-0.329959372409034,-2.14451663431343e-06,-0.0246437494809532,-0.0307385314585609,-0.627143627991577,0.0202876229867161,0.028933532555471,-0.430962229964274,0.691064273643823,0.737700601114692,0.690777539533579,0.737510023563668
88,-0.365341003808851,0.340086632558405,-0.99999997883934,0.464194823665558,-0.36554752621011,-2.10368063681363e-06,-0.0213668808892432,-0.028588866490594,-0.666460373795048,0.0218237731011953,0.032138028956329,-0.355316851492544,0.694355872638498,0.734193918635725,0.694096243194496,0.734008463012401,-0.365341065448874,0.34008650262967,-1.00000015390563,0.464194873553849,-0.365547379403237,-1.94153118471043e-06,-0.0213669822969397,-0.0285889423132403,-0.666460199535006,0.0218234839654832,0.0321376158614796,-0.355317922319416,0.694355849081873,0.734193966191443,0.69409613742962,0.734008512665548
89,-0.318486616646265,0.301902491173568,-0.999999867718194,0.472698801412614,-0.397502410467828,-1.84483431471312e-06,-0.0182360954853361,-0.0258663192943056,-0.698748286018942,0.0231219892417073,0.0350811475177774,-0.290197465048419,0.696981775032804,0.731350356048129,0.696751453787878,0.731176950726574,-0.318486672993125,0.301902369348954,-1.00000002596481,0.47269885826847,-0.397502396799928,-1.67019358303579e-06,-0.0182361950921474,-0.0258664114414596,-0.698748213199088,0.0231221677333668,0.0350813251693666,-0.290198509878491,0.696981714926969,0.731350446514005,0.696751334321787,0.731177031381803
90,-0.270840427919437,0.260717901450134,-0.9999997557007,0.480027571038523,-0.425506709895959,-1.52026791707106e-06,-0.0152302022747129,-0.0226642381608041,-0.724946769252675,0.0242034248036068,0.0377036771110477,-0.23342047377375,0.699034445813585,0.729085886306162,0.698835141682965,0.728929860550682,-0.270840478236242,0.260717774969103,-0.999999896262784,0.480027633546427,-0.42550680938786,-1.34092087967306e-06,-0.0152302685815741,-0.0226642998211337,-0.724946790926984,0.0242037891279303,0.0377041397622509,-0.233421377094509,0.699034359209936,0.72908599185528,0.698835033326028,0.728929959363812
91,-0.222520892567001,0.216942175729548,-0.999999647423577,0.486162936804602,-0.449282129723861,-1.14253340818917e-06,-0.0123273280765832,-0.0190670026011921,-0.745793730531038,0.0250838241088546,0.0399573390495422,-0.183130885246979,0.700606771923604,0.727315448602114,0.700439841042574,0.727180918222672,-0.222520936726147,0.216942035835778,-0.999999770186444,0.486162995658717,-0.449282288509177,-9.6553307034497e-07,-0.0123273541968539,-0.0190670175874267,-0.745793830421146,0.0250841942802193,0.0399578165523616,-0.183131592587688,0.700606677514224,0.727315553735151,0.700439749089308,0.727181022276882
92,-0.173648138128283,0.171010376621723,-0.999999547440602,0.491089650887298,-0.468592391239086,-7.26095743810673e-07,-0.00950631514786294,-0.0151527162023831,-0.76185691094068,0.0257752417187229,0.0418039219535061,-0.137765756314232,0.701779303836309,0.725965572032527,0.701645817965095,0.725855678178976,-0.17364817696767,0.171010220295512,-0.999999652932163,0.491089697320303,-0.468592552635651,-5.57247649789419e-07,-0.00950630762754833,-0.0151526916612631,-0.761857069043293,0.0257755139274881,0.0418042250980151,-0.13776625545101,0.701779213807744,0.725965667849363,0.701645746111802,0.725855778119541
93,-0.124343667799241,0.123378994230455,-0.999999459994386,0.494795455565691,-0.483245582022961,-2.86213812416915e-07,-0.00674722545256507,-0.0109952365420498,-0.773560260457155,0.0262866483768837,0.0432140113732752,-0.0959984831275421,0.702616305729668,0.724978119878724,0.702517094210996,0.724895198517516,-0.124343702738229,0.123378823355108,-0.999999549277901,0.494795487577961,-0.483245707761298,-1.30548725877383e-07,-0.00674719963913722,-0.0109951975975235,-0.773560456837376,0.026286727599134,0.0432139737916635,-0.0959987895599898,0.702616225641372,0.724978201624971,0.702517047596689,0.724895288793254
94,-0.0747300595386936,0.0745214105774551,-0.999999388766532,0.497271119528511,-0.493096058102729,1.61756432109805e-07,-0.004031352659304,-0.00666565637319605,-0.781204560643035,0.0266243721704239,0.044166099768036,-0.0566801321027388,0.70316552829529,0.724310333072064,0.703101200991057,0.72425603102839,-0.0747300916697766,0.0745212291745309,-0.999999463402948,0.497271146231403,-0.493096146769159,2.99147629402594e-07,-0.00403133347348106,-0.00666564483112763,-0.781204777904567,0.0266241469412173,0.0441655638169298,-0.0566802790807734,0.703165461683652,0.724310398994829,0.703101183839106,0.724256108184368
95,-0.0249306618840838,0.024923196761572,-0.999999336685305,0.498510467479243,-0.498045886130567,6.02102918059634e-07,-0.00134098703326029,-0.00223337960831785,-0.784982346628897,0.0267923612570581,0.0446459324785069,-0.0187839950516903,0.703459222292325,0.723933660506445,0.703430189425951,0.723909012597502,-0.0249306907321152,0.0249230064124635,-0.99999939874669,0.498510511110099,-0.498045990068678,7.16028813632958e-07,-0.00134100763260841,-0.00223344693884727,-0.784982571596204,0.0267917845728132,0.0446448880788381,-0.0187840278837508,0.703459179258221,0.723933711436732,0.703430196398888,0.723909071597473
96,0.0249307129327139,-0.0249227111718358,-0.999999305893643,0.498510404888959,-0.498045827944603,1.01762884622063e-06,0.00134093390348638,0.00223307047732389,-0.784987520028625,0.0267923219820092,0.0446460860721011,0.0186455372041329,0.70351526774533,0.723832520966563,0.703521752592255,0.723837994779452,0.0249306906050729,-0.0249229169660718,-0.999999357897262,0.49851049703853,-0.498046053537666,1.10457354678767e-06,0.00134084676632393,0.00223289165154307,-0.784987744832869,0.0267915990089811,0.044644955269557,0.018645565560404,0.703515270690816,0.72383255942443,0.703521760043465,0.723838026095001
97,0.0747300981624046,-0.0745209121458817,-0.999999297879855,0.497270938730851,-0.493095870236709,1.38969586999085e-06,0.00403122981218036,0.00666540899707242,-0.781220032120062,0.0266239659526693,0.044166092165605,0.0565409272047672,0.703337946125325,0.724003492170065,0.703379953388033,0.724038996588292,0.0747300886588546,-0.0745211516270842,-0.999999342503062,0.49727110572865,-0.49309633418125,1.45032498722341e-06,0.0040310847103086,0.00666515230377855,-0.781220254184791,0.0266236146987643,0.0441657672094703,0.0565409655843121,0.703338012896333,0.724003519306478,0.703379932687625,0.724038992634736
98,0.124343683314706,-0.123378469081823,-0.999999313572529,0.494795186518499,-0.483245267915447,1.70107899249654e-06,0.00674692538343599,0.0109950491461204,-0.773585853199987,0.0262854458384211,0.0432131636694905,0.0958583183045226,0.70291814826598,0.724455116742244,0.702995386996818,0.724519978688521,0.12434369433367,-0.123378769038678,-0.999999353203231,0.494795426101224,-0.483246008802942,1.74067411189409e-06,0.00674678199206136,0.0109948316214329,-0.773586073619278,0.0262859180029332,0.043214315761368,0.0958583307663964,0.70291825546648,0.724455126670901,0.702995345741754,0.724519947445064
99,0.173648124570216,-0.171009815127098,-0.999999353210804,0.49108935750273,-0.468592035625645,1.93928542681658e-06,0.0095057137141689,0.015152559144088,-0.761892225710387,0.0257733099572026,0.0418024508112571,0.137625533826215,0.702232920397224,0.725208357068412,0.702344807771526,0.725301295549066,0.173648161461555,-0.171010199150745,-0.999999389577001,0.491089624740081,-0.468592946138998,1.9655687289744e-06,0.00950565449895587,0.0151525167056462,-0.76189244754808,0.025774529381604,0.0418046991245903,0.137625494265538,0.702233013224848,0.725208333823633,0.70234479850096,0.725301256912318
100,0.222520851651146,-0.216941580761801,-0.999999416089743,0.486162702894875,-0.449281882767614,2.09707878736094e-06,0.0123263461396266,0.0190669099194186,-0.7458379847897,0.0250817760566967,0.039956238287298,0.18299324459239,0.701244504947626,0.7262975960064,0.701390279296577,0.726416713344215,0.222520913691093,-0.216942055162467,-0.9999994501171,0.486162926470713,-0.449282738049407,2.11804809987982e-06,0.0123264218902653,0.0190670956018849,-0.745838213207493,0.0250831517778195,0.0399583910218195,0.182993135085047,0.701244549045804,0.726297536914319,0.701390339887929,0.726416678103575
101,0.270840369375653,-0.260717290541107,-0.999999500396685,0.480027465576512,-0.425506692023746,2.1717094778554e-06,0.0152288464101576,0.0226643318621401,-0.724998573218057,0.0242018764035441,0.0377036406288483,0.233290478228653,0.699899212331248,0.727771975411833,0.700077995318403,0.727914683157988,0.270840448957317,-0.260717837761476,-0.999999532239529,0.480027585580025,-0.425507260159193,2.19448991629306e-06,0.0152290460712296,0.0226646826590512,-0.724998816041541,0.0242027976129522,0.0377047350162036,0.233290288835109,0.699899224660795,0.727771894623713,0.700078111950378,0.727914643060226
102,0.318486555283397,-0.301901889057165,-0.999999603159362,0.472698853019936,-0.397502633120157,2.16479935641128e-06,0.0182344484496768,0.0258667332855388,-0.698805367200862,0.0231211042976143,0.0350818986316671,0.290083376000016,0.698126782996225,0.729696340570043,0.698337498139134,0.729859197722296,0.318486640656691,-0.301902472472161,-0.999999632350139,0.472698849047932,-0.397502776460297,2.19446520446671e-06,0.0182347148176326,0.025867127463046,-0.698805634327584,0.0231213058532785,0.0350817850454963,0.290083107939021,0.698126801236877,0.72969625530605,0.698337631808983,0.729859139415859
103,0.365340955371871,-0.340086059871005,-0.999999720280837,0.464195022755627,-0.365547900192294,2.08156256593491e-06,0.0213650657891879,0.0285896427393285,-0.666519278360213,0.0218232146538323,0.0321385553455565,0.355231019997506,0.69584168287383,0.73215023272896,0.696082921847578,0.732328720994289,0.36534103484295,-0.340086635369571,-0.999999745994042,0.464194914268699,-0.365547605532675,2.12015499108261e-06,0.0213653308214671,0.0285899763221744,-0.666519579633025,0.0218227842451443,0.0321376773208162,0.355230690353586,0.695841730277694,0.732150150623895,0.696083044322562,0.732328640694022
104,0.411287078010973,-0.374890297082986,-0.999999846746754,0.454537057501804,-0.32996002092618,1.92883443411334e-06,0.0246418633169052,0.0307395751676577,-0.627199729238782,0.0202878657329682,0.0289338878720262,0.430921235201307,0.692949644232354,0.735221647616377,0.693219516235194,0.73540989039566,0.411287143060338,-0.37489082429644,-0.999999868110907,0.454536884718737,-0.329959368154291,1.97541345745519e-06,0.024642074963082,0.0307397988535751,-0.627200071681147,0.0202870671797454,0.028932800714069,0.430920881001864,0.692949722198221,0.735221567584082,0.693219619105384,0.735409794567173
105,0.456210684512118,-0.405968685744478,-0.99999997705152,0.44374892381348,-0.29109272732291,1.713066089933e-06,0.0280821658859855,0.0322108384529347,-0.57967284778353,0.0184902965848663,0.0255440459519969,0.519647150463393,0.68936612214479,0.738988952569727,0.689662010263808,0.739179344835944,0.456210730790424,-0.40596913477553,-0.999999993400233,0.443748727054328,-0.291091837553271,1.76476386054186e-06,0.0280822979236632,0.0322109528254685,-0.579673232941327,0.0184894023555484,0.0255431246079156,0.519646831770912,0.689366219138246,0.738988872113595,0.689662096153344,0.73917924405962
106,0.500000075091364,-0.433012348736805,-1.00000010576406,0.431857423069361,-0.249332422177248,1.43946897896268e-06,0.0316934754861511,0.0328822623204768,-0.522508601299345,0.0164016331299056,0.0220657125493651,0.624043572493742,0.685059080609358,0.743478550870037,0.685377182998051,0.743661282650688,0.500000101751252,-0.433012702028027,-1.00000011676078,0.431857230945582,-0.249331415638736,1.49282972740107e-06,0.0316935249114844,0.032882295548842,-0.522509022794685,0.0164008375558005,0.0220651021827691,0.624043373853168,0.68505918063986,0.743478471924786,0.685377254840851,0.743661188146928
107,0.542546369825962,-0.455752522109617,-1.00000022806881,0.418892140324879,-0.205094290208185,1.11285458868787e-06,0.0354628162823426,0.032615372251792,-0.454027970818403,0.0139908839052196,0.0186227769853385,0.746432092404809,0.6801366621651,0.748577701504433,0.680471173802852,0.748740232617724,0.542546378167369,-0.455752773055713,-1.00000023371217,0.418891967388332,-0.2050932634867,1.16479871859697e-06,0.035462795339553,0.0326153590803257,-0.454028412421926,0.0139902821059297,0.0186224568881051,0.746432113161077,0.680136751519675,0.748577628755022,0.680471232969435,0.748740152801772
108,0.583743784073591,-0.473963225882794,-1.00000034009886,0.404885382442857,-0.158818105112046,7.39964509008241e-07,0.0393393614166964,0.0312575737394998,-0.372380743751594,0.0112304650189712,0.0153746528022173,0.887831501857233,0.675005861529803,0.753876287577105,0.675347644609381,0.754002989666089,0.583743776280979,-0.473963376047724,-1.00000034065634,0.404885232659958,-0.158817124993714,7.88280527355886e-07,0.0393392892442942,0.0312575427125277,-0.372381178800047,0.0112300745157613,0.0153745312754668,0.887831834076221,0.67500592632095,0.753876231901455,0.675347685001108,0.754002934656835
109,0.623489896334932,-0.487463502841426,-1.00000043891824,0.389872086177846,-0.110963793501275,3.3279234868346e-07,0.0432095205287782,0.0286572818723107,-0.2757611259316,0.00810817539049493,0.012524039342398,1.04614641636337,0.670610833423898,0.7584287069827,0.670945501766077,0.758501182859088,0.623489874677514,-0.487463559093557,-1.00000043483465,0.389871958126868,-0.110962900259416,3.76166883583608e-07,0.0432094170580683,0.0286572509274836,-0.275761519235342,0.00810796872420524,0.0125240166585919,1.04614710606944,0.670610858253617,0.758428684140605,0.670945510645227,0.758501166052463
110,0.661685904584268,-0.496119204670249,-1.00000052211908,0.373889680251493,-0.0620068311007321,-8.89047208927816e-08,0.0468689331487317,0.0247015309114832,-0.162846565125822,0.00464876047658938,0.010317843243102,1.2134880503111,0.668668544647013,0.760517747989189,0.668974297317742,0.760516764496612,0.661685871115061,-0.496119176852357,-1.00000051393481,0.373889571671168,-0.0620060450987018,-5.10762463062831e-08,0.0468688154480932,0.0247015078267802,-0.162846879246628,0.00464869221875389,0.0103178408187395,1.21348903853377,0.668668510557321,0.760517778751953,0.66897425552656,0.760516804135673
111,0.698236866760843,-0.499844312695853,-1.00000058721968,0.356977915393896,-0.0124335513459667,-4.98286112251777e-07,0.050007896335785,0.0193849789071006,-0.0335059717779927,0.000944528251375082,0.00902910259360205,1.37354870273532,0.671597851023569,0.757723777789431,0.671844380638152,0.757633924704355,0.698236823401349,-0.499844211962516,-1.00000057551045,0.356977826285243,-0.0124328793638391,-4.66119937850558e-07,0.0500077768723868,0.0193849641434731,-0.033506179014008,0.000944554240730356,0.00902907269570868,1.37354977032947,0.671597736430602,0.757723885937882,0.671844264894163,0.757634042477179
112,0.733051924957377,-0.498601787438079,-1.00000063126618,0.339178722262054,0.0372635812192527,-8.66817091886533e-07,0.0522418439804938,0.012900951398631,0.110352715891862,-0.00281727056968241,0.00890570059033712,1.50175322919018,0.681610015567195,0.747831092873246,0.681761160890542,0.74764819263445,0.733051873809507,-0.498601625135865,-1.00000061660228,0.339178656311726,0.0372641416038556,-8.40092387713848e-07,0.05224173055433,0.012900941885426,0.110352618270385,-0.00281718190695458,0.00890562495244063,1.50175401561042,0.681609798365306,0.747831302620549,0.681760946778668,0.747648411246782
113,0.766044520138484,-0.492403943561092,-1.00000065105788,0.320536165339286,0.0865907407082188,-1.17258899080015e-06,0.0532145517184943,0.00570495938057689,0.264242363439192,-0.00635882242371661,0.0100870359786444,1.57169607549221,0.698818347223284,0.730715473245543,0.698840962390224,0.730453512639413,0.7660444638508,-0.492403730437682,-1.00000063397426,0.32053612962715,0.0865911987310762,-1.15082359394789e-06,0.0532144480801293,0.00570495182662007,0.264242342729828,-0.00635870646618476,0.0100869153353651,1.57169621939554,0.698818029441941,0.730715784143956,0.698840651179545,0.730453829427316
114,0.797132607645243,-0.481312343756496,-1.00000064405771,0.301096477122943,0.135057599234475,-1.40616472660321e-06,0.0527494341976224,-0.00152737987824136,0.421486394683885,-0.0093733646358537,0.0125274160956836,1.56726485574058,0.719766938025473,0.709816780608656,0.719643942125049,0.709508003081005,0.797132549687364,-0.481312089388654,-1.00000062503088,0.301096480679771,0.135057968638867,-1.38869221333813e-06,0.0527493407990847,-0.00152738675578517,0.421486388757279,-0.0093732510529705,0.0125272769429833,1.56726424642455,0.719766553331448,0.709817161355683,0.719643564463893,0.709508385019327
115,0.826238875321475,-0.465437202327415,-1.00000060948602,0.280908044090106,0.182182270646411,-1.56923229015198e-06,0.0509508199614763,-0.00807465618255604,0.574732811517983,-0.0116246681345033,0.015987474908984,1.49202285055571,0.738672615380656,0.690904196783886,0.738411657004227,0.690589097072488,0.826238820057443,-0.465436914808635,-1.00000058891917,0.280908095280274,0.182182566805133,-1.55528482067864e-06,0.0509507360099549,-0.00807466042046693,0.574732755885538,-0.0116245716155907,0.0159873629559019,1.49202175434839,0.738672226833594,0.690904585839279,0.738411272767361,0.690589482569761
116,0.853290951912303,-0.444936294589304,-1.00000054885273,0.260021234574804,0.22749623014063,-1.66715564799466e-06,0.0481666479169222,-0.0133827302167271,0.717876399185487,-0.0130183654856769,0.0201117359621943,1.36702577509072,0.750999686765391,0.678509337178899,0.750629917288315,0.678222620566068,0.853290904368979,-0.44493598053498,-1.00000052707061,0.260021337753517,0.227496466637842,-1.65597529870045e-06,0.0481665732092087,-0.0133827270213972,0.717876258576662,-0.0130182802642458,0.0201116987911864,1.36702467636422,0.750999361219943,0.678509667657733,0.750629591234541,0.67822294464248
117,0.878221591191306,-0.420013381852738,-1.00000046560657,0.238488126059646,0.270549056485702,-1.70203586565472e-06,0.0448417600737318,-0.0171785972587609,0.847278134814806,-0.0135996153996572,0.0245378574731408,1.21933784407263,0.755759583296815,0.673628032999978,0.755319406227821,0.673390436126988,0.878221556498795,-0.420013046748793,-1.00000044286189,0.238488278516203,0.270549241874159,-1.69298544004811e-06,0.0448416963174743,-0.017178580391553,0.847277916359602,-0.013599515801818,0.0245379210166947,1.2193371521315,0.755759364124424,0.673628259668802,0.755319181856092,0.673390656938329
118,0.900968830268126,-0.390916175098766,-1.00000036428023,0.216362283078959,0.310912902979764,-1.67147408408251e-06,0.0413743884536715,-0.0194448050095304,0.961819245543233,-0.0134971627998273,0.0289706803654257,1.0713499603668,0.754730913443658,0.674495445512547,0.754256183327759,0.674314372265384,0.900968812848217,-0.390915823903569,-1.00000034077016,0.216362473192438,0.310913039231134,-1.66412606303863e-06,0.0413743401471159,-0.0194447691970898,0.961818987775536,-0.013497014157171,0.0289708277623084,1.07134984102425,0.754730809909885,0.674495555991135,0.754256072625697,0.674314480982587
119,0.921476131702851,-0.357933865623328,-1.00000024973907,0.19369864442127,0.34818668897016,-1.5720472146515e-06,0.0380478675920483,-0.0203216940411947,1.06219349116337,-0.0128627032918028,0.033202087523909,0.936699573417895,0.750435326831408,0.678604722165394,0.749953566097952,0.678479349015127,0.92147613436366,-0.357933503372913,-1.00000022563284,0.193698851746761,0.348186773202959,-1.56631377939465e-06,0.038047841861224,-0.020321638966206,1.06219324210822,-0.0128624789039557,0.0332022418538931,0.936699970001283,0.750435324219792,0.678604727650003,0.749953559437201,0.678479359826751
120,0.939692517809445,-0.321394249773585,-1.0000001268114,0.17055346056786,0.382000028931665,-1.40307697030753e-06,0.0350304657874847,-0.0200143962689007,1.15006559253606,-0.0118335828198995,0.0370971826037162,0.821392880476702,0.744856461687086,0.683985264262761,0.744386350472727,0.6839114157332,0.939692540974098,-0.321393881786724,-1.00000010230271,0.170553658582127,0.382000059968727,-1.39962047559974e-06,0.0350304703247726,-0.0200143327717876,1.15006539185994,-0.0118332850713205,0.0370971860592939,0.821393620850024,0.744856532347982,0.683985188683585,0.744386427910189,0.683911355178022
121,0.955572698053081,-0.281660474322197,-1.00000000019274,0.146984208809836,0.412016886385776,-1.16825988145617e-06,0.0324053494134094,-0.0187354505217006,1.22744522545941,-0.0105193251042443,0.0405714433228227,0.726622451592289,0.739160496155278,0.689481679806604,0.738713737765824,0.689454759735098,0.95557273944028,-0.281660105432738,-0.999999975605411,0.146984371402872,0.412016877894252,-1.16915528879195e-06,0.0324053875645481,-0.0187354084899888,1.22744509625111,-0.0105190148461533,0.0405710550162494,0.726623343395998,0.739160609792288,0.689481551448233,0.738713878343632,0.689454656400624
122,0.969077185602057,-0.239127431875933,-0.999999874432682,0.123049461966086,0.437938911963501,-8.75701062371983e-07,0.0302030566065395,-0.0166793575070218,1.29633172534216,-0.00900191207639508,0.0435714634366181,0.651200927122329,0.733885644686537,0.694564664813367,0.733469180095263,0.694580914469333,0.96907724078206,-0.239127064018847,-0.999999850379561,0.123049574382418,0.437938911554911,-8.84758262476822e-07,0.0302031196514141,-0.0166793887175418,1.29633167367907,-0.00900172749891735,0.043570477424184,0.651201810252869,0.733885779615335,0.694564512435776,0.733469363546038,0.694580787893566
123,0.980172398982738,-0.194217839953886,-0.999999753953971,0.0988087268230943,0.459508426514581,-5.38232563780318e-07,0.0284259743556677,-0.0140160166099962,1.35855788902585,-0.00734125831513221,0.0460621128449853,0.593096661151446,0.729198451735075,0.699075130310057,0.728816231442701,0.699131932874117,0.980172463147948,-0.19421746794047,-0.999999731451896,0.0988087978806616,0.459508529589792,-5.59632109768014e-07,0.0284260362826083,-0.0140161752341053,1.35855790784933,-0.00734134750745612,0.0460606965886745,0.593097422306296,0.729198605335438,0.699074982933484,0.728816428028019,0.699131786067652
124,0.988830747259676,-0.147378040519379,-0.999999643156863,0.0743222808630441,0.476511024713953,-1.73869966655511e-07,0.0270639764675156,-0.0108927251163883,1.4157492645284,-0.00558136480199813,0.0480192594441003,0.550241768194072,0.725078640537719,0.703039598942105,0.724732814406248,0.703135348730316,0.988830817854452,-0.147377647798894,-0.999999623510606,0.0743223456524987,0.476511355673615,-2.08859571043421e-07,0.0270640034076867,-0.0108930146605428,1.41574933908476,-0.00558169510824823,0.0480182518917951,0.55024233799395,0.725078827967091,0.703039476991997,0.724732981904521,0.703135173917546
125,0.995030699551634,-0.099073559441299,-0.99999954650977,0.0496510227706371,0.488777763269872,1.96527960179223e-07,0.0261034981382262,-0.00743899734328789,1.46934054976485,-0.00375530354930579,0.0494265920836904,0.520898467500856,0.721424850280845,0.706564553807021,0.72111645478899,0.706698370649659,0.995030778161064,-0.0990731184017288,-0.999999530906345,0.0496511242474409,0.488778403508774,1.51778406890021e-07,0.0261034763126597,-0.00743932075601141,1.46934066253296,-0.00375555921297226,0.0494270703842882,0.520898814147192,0.721425072612026,0.706564452287923,0.72111656721141,0.706698175679823
126,0.998756839841523,-0.0497844710182315,-0.999999468350235,0.0248563241712574,0.496186856378047,5.54223132363839e-07,0.0255324819755414,-0.00377165869557855,1.5206162405921,-0.00188873761560032,0.0502743368120731,0.503797929528358,0.718106727105497,0.709784273978303,0.717836081312473,0.709955745586104,0.998756931376149,-0.0497839519164818,-0.999999457428763,0.0248564808273994,0.496187755646218,5.06641998183982e-07,0.0255324398231631,-0.00377184799837833,1.52061637385395,-0.00188856940723392,0.050276509110323,0.503798053021096,0.718106944157507,0.709784162265385,0.717836164409214,0.709955564926179
127,0.999999906092042,-6.20632896086888e-07,-0.999999412386488,-1.37473531284919e-07,0.49866481373702,8.84776456031345e-07,0.0253429354527679,5.42002433076197e-07,1.57075959233751,-2.71138461906839e-06,0.0505576169872253,0.498178326101578,0.714986762949571,0.712838817917467,0.714753813534942,0.713047853223584,1.00000001519965,-6.5448441399021e-09,-0.999999406098734,5.00172091540406e-08,0.498665772065137,8.40828488860505e-07,0.0253429291932534,6.11632508550187e-07,1.57075972828892,-2.1015621125178e-06,0.0505604352692003,0.49817824878597,0.714986923973213,0.712838673907554,0.714753918654122,0.713047716407889
128,0.998756811968346,0.0497832398931488,-0.999999381273077,-0.0248565554231268,0.496187064113874,1.17620477284949e-06,0.0255321128360627,0.00377275900842028,1.62090339023975,0.00188372834499428,0.0502747454561036,0.503787993666571,0.711926977254632,0.715867255370245,0.711731606737069,0.716113961906751,0.998756939122913,0.0497839417460421,-0.999999379002415,-0.0248563921020286,0.496187819078631,1.14061869139951e-06,0.0255321852493795,0.00377308157809359,1.62090351078754,0.00188444518011488,0.0502768348330136,0.503787750052118,0.711927072267411,0.715867090289514,0.711731753184813,0.716113863013143
129,0.995030651607626,0.099072357910906,-0.999999376464148,-0.0496511523922747,0.488778164237972,1.41763082197849e-06,0.0261028338460491,0.0074401166087244,1.67218068661174,0.00375124596589555,0.0494270079527698,0.520883733262965,0.70878907924305,0.719007560367626,0.708631278217026,0.719292053373169,0.995030791469529,0.0990731161635961,-0.999999377182658,-0.0496510695255336,0.48877851326205,1.39381149475412e-06,0.0261029863054109,0.00744057670306435,1.672180774715,0.00375167610676157,0.0494277008931347,0.520883365607523,0.70878913825725,0.719007402390305,0.708631444280726,0.719291965109722
130,0.988830689780757,0.14737688691889,-0.999999398197987,-0.0743223151903961,0.476511611051198,1.5999174121121e-06,0.0270631247144767,0.0108938188756576,1.72577552185223,0.00557828727715102,0.0480196398772115,0.550232764048053,0.705433267036682,0.72239787344376,0.705313231211535,0.722720048253735,0.988830832374546,0.147377656099351,-0.999999400597876,-0.0743223464620562,0.476511479088218,1.58994164603351e-06,0.0270633215640881,0.0108942780001492,1.72577556407015,0.00557823354751881,0.0480191280500754,0.550232323242929,0.705433324479462,0.722397740316327,0.705313386285975,0.722719951132111
131,0.980172339142702,0.194216752283369,-0.999999445500794,-0.0988087215503711,0.459509192003565,1.71625399744235e-06,0.0284250472535499,0.0140170183841363,1.7829736289194,0.00733902645721874,0.046062811150309,0.593109826007171,0.701720126795682,0.726174649940934,0.701638401338386,0.726533942103808,0.98017247265711,0.194217485666835,-0.999999448155155,-0.0988088699111909,0.459508622734303,1.72038120055487e-06,0.0284252393113197,0.0140173823361765,1.78297361792431,0.00733853299100172,0.0460616867492106,0.593109375639133,0.701720199068489,0.726174542468754,0.701638528607999,0.726533834277544
132,0.969077124416916,0.239126426523169,-0.999999516262226,-0.123049476778567,0.437939822370608,1.76179730483444e-06,0.0302021776968742,0.0166801670825322,1.84521122451574,0.00900062012262129,0.0435725188908844,0.651259393429538,0.697521832713386,0.730461583235191,0.697479537630889,0.730856645260698,0.969077238108348,0.239127085646053,-0.999999517817876,-0.123049719470962,0.437938927878952,1.77838900010011e-06,0.0302023242937675,0.0166804032618617,1.84521116110569,0.00899987215441877,0.0435713264241223,0.651259013422579,0.697521918243546,0.730461494391938,0.697479634838096,0.730856535658675
133,0.95557263198903,0.281659562626035,-0.999999607430323,-0.146984269565946,0.412017872944948,1.73317870747409e-06,0.0324046662184731,0.0187358807061663,1.91411528247834,0.0105193564297696,0.0405722679618422,0.726756994464981,0.692753261768076,0.735338744542882,0.692752361190297,0.735766913607983,0.955572718220767,0.281660121443324,-0.999999606773302,-0.146984569188699,0.41201678218838,1.7592762775153e-06,0.0324047457219163,0.0187360019715265,1.91411517722242,0.0105185591348929,0.040571317786394,0.726756782848527,0.69275335006247,0.735338668496493,0.69275243265868,0.735766813054491
134,0.939692442881291,0.321393435951494,-0.999999715276827,-0.170553547757243,0.38200102043355,1.62874706093664e-06,0.0350301268835954,0.0200141484005628,1.99151920852051,0.0118354902998205,0.0370967707797192,0.82164258677743,0.687440979329433,0.740774008054627,0.687484512327915,0.741230418497135,0.939692498016621,0.321393880689673,-0.99999971162155,-0.170553863344316,0.381999846136123,1.660934376531e-06,0.0350301365557291,0.0200141885355456,1.99151908315838,0.0118347948872174,0.0370961528929183,0.821642655238624,0.687441057295791,0.740773944739143,0.687484561249727,0.741230336690701
135,0.921476047467745,0.357933148751851,-0.999999835625911,-0.193698705154014,0.34818765509236,1.4497758770693e-06,0.0380479476289773,0.0203204217696754,2.07942094716882,0.0128670284955694,0.0331992132870247,0.937110546480276,0.681855519781674,0.746491377873651,0.681947615918212,0.746967568291791,0.921476071797261,0.357933475474291,-0.999999828522692,-0.193699000126183,0.348186480368558,1.48489665751327e-06,0.0380478979765817,0.020320416603161,2.07942083528234,0.0128665119596776,0.0331988839447226,0.937111004806002,0.681855574090747,0.746491333497743,0.68194764054314,0.746967514497099
136,0.900968741793508,0.390915554665286,-0.99999996394971,-0.216362258216381,0.31091387833264,1.20218407453422e-06,0.0413747789634477,0.0194422982728119,2.17982537615019,0.0135040680813976,0.0289639884789116,1.07196680945987,0.676725996617696,0.751757226064097,0.676871305348199,0.752239177782629,0.900968738856486,0.390915766225529,-0.99999995323641,-0.216362504602534,0.310912756548774,1.23773140641969e-06,0.0413746870658657,0.0194422756274239,2.17982532180694,0.0135037457122734,0.0289638511855465,1.07196773068928,0.676726013773994,0.751757211854511,0.676871298291456,0.752239162381085
137,0.878221508027785,0.420012864087829,-1.00000009531139,-0.238487982615573,0.270550130354853,8.97666705049617e-07,0.0448421104585154,0.0171750678502084,2.29438861122614,0.0136082463798161,0.0245261765981765,1.22017559645023,0.673495727745351,0.755125689806546,0.673697631617845,0.755591603576777,0.878221483665589,0.420012967431341,-1.00000008104168,-0.2384881623961,0.270549091214578,9.31879572761559e-07,0.044841994543271,0.0171750443877819,2.29438866347358,0.0136080953592042,0.0245261325928368,1.22017695684229,0.673495692705126,0.755125721299171,0.673697579950192,0.755591639858525
138,0.853290884359947,0.444935896012399,-1.00000022427249,-0.260020989760723,0.227497501634716,5.5273971592112e-07,0.0481665133536895,0.0133790061926228,2.42379523405715,0.0130262592810059,0.0200949931714511,1.36800771071646,0.674398849670688,0.754362812705716,0.674655793774384,0.754781828203019,0.853290845724962,0.444935900186199,-1.00000020664456,-0.260021094626944,0.227496558646394,5.84517017810613e-07,0.0481663891615559,0.0133789883640376,2.42379543506407,0.0130262401858994,0.0200949643517191,1.36800931857192,0.674398747680956,0.754362906256838,0.674655682626997,0.754781930234679
139,0.826238829726753,0.465436947606696,-1.00000034500774,-0.280907767280989,0.182183785237192,1.84916142627135e-07,0.050950052342613,0.00807186471313043,2.56692514717856,0.0116281532701149,0.0159681024645407,1.4929096685808,0.681872172953737,0.74703406708116,0.682172370310493,0.747368401429445,0.826238784348297,0.465436862470154,-1.00000032430454,-0.280907797874565,0.18218294199864,2.1367736959552e-07,0.0509499311561644,0.00807185179661832,2.56692551429167,0.0116282243848529,0.0159680376645608,1.49291113068481,0.681871992433372,0.747034236022471,0.68217218701482,0.747368580638672
140,0.797132583211104,0.481312257377465,-1.00000045182613,-0.301096263713883,0.13505929999531,-1.92251671214039e-07,0.0527484032157148,0.00152598608633132,2.72015285993408,0.00936980697851853,0.0125107898838736,1.56769910591485,0.696915231888017,0.73214097141806,0.697232551512912,0.732354049198735,0.797132538139916,0.481312092836633,-1.0000004283688,-0.30109622884395,0.135058554331322,-1.66663803845568e-07,0.0527482914615789,0.00152597398353242,2.72015336801896,0.00936993109417478,0.0125106639607989,1.5676999257749,0.696914977117476,0.732141213288437,0.697232299010412,0.732354301359956
141,0.766044508998798,0.492404038548595,-1.00000053998588,-0.320536090377132,0.0865924697151869,-5.71077244325801e-07,0.0532136968028685,-0.00570576314846072,2.87739268892125,0.00634926302696844,0.0100789287412257,1.57145331142889,0.717227930830831,0.711978073851795,0.71752418674676,0.712047444592603,0.766044470034927,0.492403804096425,-1.00000051409604,-0.32053600605392,0.0865918157652844,-5.48489151640101e-07,0.0532135970268103,-0.00570577861668167,2.87739326656538,0.0063494073187771,0.0100787411768128,1.57145313841861,0.71722763070783,0.711978361684382,0.71752389236683,0.712047740767484
142,0.733051915559429,0.498602057279936,-1.0000006063348,-0.339178798858512,0.037265140227329,-9.46204338658441e-07,0.0522410969443014,-0.0129023642456391,3.03129641527296,0.00280595943415248,0.00890811618648583,1.50095960721678,0.737434875593063,0.691905869809277,0.737670936509285,0.691833174901171,0.733051886612579,0.498601761677435,-1.00000057830435,-0.339178686472464,0.0372645693754708,-9.26185962868069e-07,0.0522410092225721,-0.0129023853940557,3.03129696513997,0.00280609347044628,0.00890789250312138,1.50095846697336,0.737434580538089,0.691906155481011,0.737670648510864,0.691833464755918
143,0.698236849129797,0.499844731699394,-1.00000064935196,-0.356978086723796,-0.0124323115903314,-1.3084818964296e-06,0.0500069320056707,-0.0193872385699958,3.17517082866214,-0.000953666818042308,0.0090392064533471,1.37255552857411,0.752228641834468,0.677211976229389,0.752378223181931,0.677021623453435,0.698236831835208,0.49984438274622,-1.00000061942298,-0.356977969681956,-0.0124328096825743,-1.29047918180615e-06,0.0500068548064607,-0.0193872649089444,3.17517126422569,-0.000953566936241698,0.00903899656906964,1.37255381076448,0.752228399422214,0.677212214348543,0.752377986290934,0.677021860226525
144,0.661685875145031,0.496119737015397,-1.00000066863012,-0.373889849359991,-0.0620059446820686,-1.64195559828515e-06,0.0468677741811742,-0.0247038734363093,3.30451157354799,-0.00465441765201065,0.0103308466872273,1.21258826145335,0.759455122993116,0.670034540595576,0.759511355917676,0.669762258735918,0.66168586889293,0.496119341465795,-1.00000063699177,-0.373889748306263,-0.0620063801895683,-1.62549544191609e-06,0.0468677049896319,-0.0247039011055696,3.30451184867978,-0.00465435879975752,0.0103307083400913,1.21258647147196,0.759454957731789,0.670034707389244,0.759511192276687,0.669762419636139
145,0.623489859898175,0.487464115421061,-1.0000006642444,-0.389872161602126,-0.110963173051912,-1.92630286342932e-06,0.0432085696084285,-0.0286588596781645,3.41740780047493,-0.00811100031578443,0.0125361643427462,1.04546388709274,0.760231290230893,0.669249875855338,0.760203406638,0.668930423689168,0.623489862357257,0.487463679116607,-1.0000006310508,-0.389872089636317,-0.110963553702804,-1.91119047578445e-06,0.0432085061354118,-0.0286588818313355,3.41740791489865,-0.00811096877699137,0.0125361346914488,1.04546240095798,0.760231201924375,0.669249970035095,0.760203315843204,0.668930510560031
146,0.583743751984593,0.473963898429915,-1.00000063643847,-0.404885314743627,-0.158817593564204,-2.14220060434277e-06,0.039339026311625,-0.0312580505607833,3.51399854021653,-0.0112315728073129,0.0153840120244045,0.887373362282324,0.757034544103701,0.672382433328793,0.756940099080105,0.672043068632634,0.583743760019592,0.473963426629914,-1.00000060184185,-0.404885274619272,-0.158817923152914,-2.12860721460937e-06,0.0393389677613773,-0.0312580594300088,3.51399852519965,-0.0112315456238611,0.0153840896760572,0.887372346215296,0.757034517491329,0.672382467486151,0.756940067986537,0.672043097199827
147,0.542546355427204,0.45575325042189,-1.00000058573582,-0.418891935226091,-0.205093736987213,-2.27582119072263e-06,0.035463264027824,-0.0326149058917145,3.59561587407543,-0.0139910910875209,0.018628917169551,0.746160388827271,0.752087194764754,0.67721682931982,0.751945488056442,0.676876400663382,0.542546366145179,0.455752748208793,-1.00000054992057,-0.418891919637602,-0.205094015383799,-2.2642176824438e-06,0.0354632112428873,-0.032614895561218,3.5956157732793,-0.0139910522735799,0.0186290682829093,0.746159844826327,0.752087212542007,0.677216818644542,0.751945502027541,0.676876387392389
148,0.500000088792023,0.433013140580613,-1.00000051328707,-0.431857132195247,-0.249331747649324,-2.32051937771206e-06,0.0316946328479394,-0.0328812463359721,3.66407179830547,-0.0164014038746552,0.022068944839598,0.623913029353763,0.746810038900141,0.682341292022492,0.746638561847061,0.682011987189393,0.500000100419776,0.433012613200699,-1.0000004764911,-0.431857126678209,-0.249331971955686,-2.31150635792783e-06,0.0316945872670972,-0.0328812144649891,3.66407165369782,-0.0164013521207357,0.0220691240241272,0.623912870561194,0.746810085559448,0.682341251243108,0.746638607020015,0.682011946269406
149,0.456210730260079,0.4059695518658,-1.00000042118961,-0.44374862461239,-0.291091954593708,-2.2760832316739e-06,0.0280838256108376,-0.0322096849884849,3.72121898030108,-0.0184899333441372,0.0255450140707405,0.519618037919901,0.741921988782389,0.687046463309272,0.74173522050563,0.686735981777237,0.456210742660429,0.405969004933578,-1.00000038370726,-0.443748611598305,-0.291092120565224,-2.27020159053782e-06,0.0280837879780418,-0.0322096327976723,3.72121882505598,-0.0184898792167685,0.0255451829719287,0.519618149076828,0.741922052611876,0.687046404371203,0.741735285400768,0.686735923844537
150,0.411287151731679,0.374891240976889,-1.0000003126171,-0.454536833677993,-0.32995926936068,-2.14693172081729e-06,0.0246437798757221,-0.0307386003700914,3.76873642510443,-0.0202876641973099,0.0289333969393036,0.43096195806553,0.737700528501002,0.691064341799113,0.737509948011243,0.690777606719332,0.411287166517949,0.374890680554475,-1.00000027478513,-0.454536796280917,-0.329959372409128,-2.14451698490176e-06,0.0246437494773468,-0.030738531461913,3.76873628170267,-0.0202876229840802,0.0289335325602021,0.430962229928706,0.737700601124817,0.69106427363397,0.737510023573819,0.690777539523756
151,0.365341045127654,0.34008707002177,-1.00000019173289,-0.464194948814128,-0.365547343845152,-1.94043405492618e-06,0.0213670077192448,-0.0285890233843852,3.8080529720523,-0.0218234982778775,0.032137521942888,0.355317577650084,0.734193890994012,0.694355919896022,0.734008433577895,0.694096207978956,0.365341065448998,0.340086502629851,-1.00000015390509,-0.464194873553854,-0.365547379403544,-1.94153167395585e-06,0.0213669822936186,-0.0285889423159029,3.80805285324152,-0.0218234839627277,0.0321376158656857,0.355317922266143,0.734193966195181,0.69435584907829,0.734008512669318,0.694096137426089
152,0.318486642877961,0.30190293673001,-1.00000006344733,-0.47269897993889,-0.397502433400417,-1.66584041497822e-06,0.0182362189858586,-0.0258665001752091,3.84034095598673,-0.0231221460243966,0.0350812729202718,0.290198156027938,0.731350373442526,0.696981783771135,0.731176954175954,0.696751403657586,0.318486672993243,0.301902369349102,-1.00000002596432,-0.472698858268571,-0.397502396800271,-1.67019416074404e-06,0.0182361950891852,-0.0258664114435237,3.84034086690029,-0.0231221677302942,0.0350813251729886,0.290198509827835,0.731350446512364,0.696981714928683,0.731177031380188,0.696751334323563
153,0.270840433489085,0.260718334876918,-0.999999933100657,-0.480027804607456,-0.425506923112595,-1.3338077535908e-06,0.0152302949139747,-0.0226643919901162,3.8665395042025,-0.0242037303449899,0.0377041305379825,0.23342105527291,0.729085924369732,0.699034423234704,0.728929887776557,0.698835097838749,0.270840478236347,0.26071777496922,-0.999999896262357,-0.480027633546595,-0.42550680938811,-1.34092150735459e-06,0.0152302685789969,-0.0226642998227184,3.866539444624,-0.0242037891243786,0.0377041397653642,0.233421377063461,0.729085991849162,0.699034359216076,0.728929959357703,0.698835033332233
154,0.222520872499338,0.216942580311882,-0.999999806135731,-0.486163213285645,-0.44928248410094,-9.56209669303442e-07,0.0123273863498272,-0.0190671082253118,3.88738651775304,-0.0250841123451579,0.0399578682488218,0.183131325759212,0.727315494306133,0.700606735501463,0.727180958540616,0.700439805392767,0.222520936726233,0.216942035835878,-0.999999770186081,-0.486162995658943,-0.449282288509263,-9.65533719601483e-07,0.0123273541946657,-0.0190670175886474,3.88738648411665,-0.0250841942760483,0.039957816555117,0.183131592590249,0.727315553725365,0.700606677524005,0.727181022267081,0.700439749099152
155,0.173648089000835,0.171010741017281,-0.999999687791486,-0.491089952484148,-0.46859283186633,-5.45919607904778e-07,0.00950634626776256,-0.0151527721865026,3.9034497357473,-0.0257754521352681,0.0418043950554893,0.137766052615809,0.72596561806195,0.701779266160439,0.725855723061277,0.701645790066181,0.17364817696773,0.171010220295612,-0.999999652931865,-0.491089697320581,-0.468592552635562,-5.5724830102226e-07,0.00950630762575677,-0.0151526916622112,3.90344972274123,-0.0257755139225669,0.0418042251005934,0.137766255498435,0.725965667836655,0.701779213820438,0.725855778106787,0.701645746124557
156,0.124343588024172,0.123379312254296,-0.99999958282284,-0.494795764003442,-0.483246061988079,-1.16424228928913e-07,0.00674723893745335,-0.0109952506412236,3.91515310872396,-0.0262867765190147,0.0432143810279016,0.0959986491721199,0.724978162172084,0.702616273824067,0.724895242148013,0.702517073754535,0.124343702738259,0.123378823355224,-0.999999549277668,-0.494795487578277,-0.483245707761076,-1.30549367406885e-07,0.00674719963777678,-0.0109951975982541,3.91515311054268,-0.0262867275933399,0.0432139737942503,0.0959987896609091,0.724978201610057,0.702616225656276,0.724895288778261,0.702517047611653
157,0.0747299492627402,0.0745216801372012,-0.999999495254459,-0.497271418664592,-0.493096542636274,3.18495056505888e-07,0.00403135657869288,-0.00666563893132096,3.92279742021744,-0.0266244358732962,0.0441663641312731,0.056680190954581,0.724310369537996,0.70316550522917,0.724256069945156,0.70310118776457,0.0747300916697741,0.0745212291746727,-0.999999463402778,-0.497271146231734,-0.493096146768889,2.99147002468767e-07,0.00403133347263095,-0.00666564483165089,3.9227974316229,-0.0266241469344446,0.0441655638197088,0.0566802792411468,0.724310398978444,0.703165461700041,0.724256108167869,0.703101183855555
158,0.0249305227156481,0.0249234186525306,-0.999999428215868,-0.498510744298527,-0.498046351915357,7.4438097417697e-07,0.00134098690880483,-0.00223334026099624,3.92657520796377,-0.0267923829617807,0.0446461088841303,0.0187839732827784,0.723933690300689,0.703459208680859,0.723909045113523,0.703430183069304,0.0249306907320802,0.0249230064126298,-0.999999398746583,-0.498510511110413,-0.498045990068481,7.16028200467445e-07,0.00134100763240339,-0.00223344693912223,3.92657522533368,-0.0267917845649946,0.0446448880819957,0.0187840281066386,0.723933711419682,0.7034591792753,0.723909071580273,0.703430196416022
159,-0.0249308782474932,-0.0249225342935331,-0.999999383941798,-0.498510649627028,-0.498046260613593,1.14497746171216e-06,-0.00134093495181332,0.00223312403451339,3.92658037630528,-0.0267923207988632,0.044646196569326,-0.0186456134762823,0.723832544158052,0.703515262741554,0.723838020497399,0.703521752396871,-0.0249306906051371,-0.0249229169658951,-0.999999357897215,-0.498510497038797,-0.498046053537679,1.10457294203224e-06,-0.00134084676569192,0.00223289165161402,3.92658039859576,-0.0267915990001129,0.0446449552733034,-0.0186455652752789,0.723832559407645,0.703515270707659,0.723838026078034,0.703521760060353
160,-0.074730286050846,-0.0745207765191792,-0.999999363932425,-0.497271144527254,-0.493096261610585,1.50231175753991e-06,-0.00403123044940504,0.00666547135029152,3.92281287892867,-0.0266239550225351,0.044166161124096,-0.0565410374329279,0.7240035104466,0.703337947452915,0.724039016654658,0.703379957329721,-0.0747300886589423,-0.0745211516269253,-0.999999342503076,-0.497271105728853,-0.493096334181613,1.4503243824635e-06,-0.00403108470859967,0.00666515230435545,3.92281290797912,-0.02662361468893,0.0441657672140608,-0.0565409652412235,0.724003519291079,0.703338012911824,0.724038992619127,0.703379932703141
161,-0.124343889631319,-0.12337837032921,-0.999999369070282,-0.494795348601389,-0.483245613437398,1.79967088865883e-06,-0.00674692539849567,0.0109951173877732,3.91517868768965,-0.0262854329020013,0.0432132169669047,-0.0958584527999291,0.724455133191983,0.7029181522711,0.724519995792071,0.702995391657853,-0.124343694333775,-0.123378769038578,-0.999999353203305,-0.494795426101367,-0.483246008803765,1.74067349825471e-06,-0.00674678198900842,0.0109948316227431,3.91517872745043,-0.0262859179923129,0.0432143157671225,-0.0958583303745013,0.724455126658257,0.702918255479252,0.724519947432187,0.70299534575452
162,-0.173648344752343,-0.171009748504575,-0.999999399505925,-0.491089472225994,-0.468592332294797,2.0248928119947e-06,-0.00950571364090835,0.0151526316218987,3.90348504588173,-0.0257733016374629,0.0418024830648966,-0.137625683677672,0.725208369898917,0.702232926189223,0.725301310164272,0.702344814561494,-0.173648161461673,-0.171010199150752,-0.999999389577138,-0.49108962474019,-0.46859294614033,1.96556809694659e-06,-0.00950565449429706,0.0151525167079861,3.90348510142021,-0.0257745293704627,0.0418046991318958,-0.137625493839989,0.725208333815429,0.702233013233219,0.725301256903863,0.702344798509283
163,-0.222521080844722,-0.216941541283369,-0.999999454420095,-0.486162768259442,-0.449282128819222,2.17093012268251e-06,-0.0123263469573231,0.0190669838800565,3.88743078958859,-0.0250817733115054,0.0399562377642037,-0.182993400241938,0.726297605215762,0.701244512324312,0.726416724996139,0.701390288390645,-0.222520913691221,-0.216942055162632,-0.999999450117301,-0.486162926470829,-0.449282738051194,2.11804744615855e-06,-0.0123264218837873,0.0190670956056137,3.88743086712289,-0.0250831517664658,0.0399583910311082,-0.182993134648316,0.726297536912602,0.701244549047718,0.7264166781016,0.701390339889744
164,-0.270840602647909,-0.260717273130282,-0.999999531872894,-0.480027482098685,-0.425506887507907,2.23510494125432e-06,-0.0152288489442393,0.0226644037248647,3.86659136254084,-0.0242018761154981,0.0377036039529286,-0.23329063079863,0.727771981581674,0.699899221147374,0.727914691608892,0.700078006200293,-0.270840448957458,-0.260717837761834,-0.999999532239796,-0.480027585580173,-0.425507260161239,2.19448924623374e-06,-0.0152290460628199,0.0226646826645711,3.86659146999982,-0.024202797601666,0.0377047350278799,-0.23329028841849,0.72777189463095,0.699899224653774,0.727914643067207,0.700078111943209
165,-0.318486787887838,-0.301901888749353,-0.999999628762758,-0.472698823868503,-0.39750278023882,2.21901220640798e-06,-0.0182344530619671,0.0258667995664773,3.84039814176987,-0.0231211022620569,0.0350818313204664,-0.290083518303198,0.729696344444743,0.698126792936114,0.729859203152716,0.698337510025661,-0.318486640656848,-0.301902472472722,-0.999999632350474,-0.472698849048074,-0.397502776462229,2.19446453671467e-06,-0.0182347148073375,0.0258671274707574,3.8403982883247,-0.0231213058422196,0.0350817850598129,-0.290083107584267,0.729696255325153,0.698126801217983,0.729859139434723,0.698337631789907
166,-0.365341182991752,-0.340086072024508,-0.999999740869845,-0.464194953234668,-0.365548003138577,2.12777044924486e-06,-0.0213650723338759,0.0285897007633935,3.8081120395171,-0.0218232075654615,0.0321384677715809,-0.35523114704742,0.732150235000899,0.69584169345871,0.732328723919215,0.696082933949904,-0.365341034843114,-0.340086635370297,-0.999999745994441,-0.464194914268665,-0.365547605533945,2.12015436231679e-06,-0.021365330809551,0.0285899763323966,3.80811223366016,-0.0218227842342582,0.0321376773376858,-0.355230690114602,0.732150150658235,0.695841730243519,0.732328640728162,0.696083044288202
167,-0.411287296933069,-0.374890317554381,-0.999999863068462,-0.454536954235901,-0.329960085369502,1.96808427557861e-06,-0.0246418712593655,0.0307396233536649,3.7687924787082,-0.0202878520481788,0.0289337911170055,-0.430921344310834,0.735221648865122,0.692949654902664,0.735409891503128,0.693219527875173,-0.411287143060475,-0.374890824297232,-0.999999868111365,-0.454536884718151,-0.329959368154224,1.97541292479375e-06,-0.0246420749500824,0.030739798866418,3.7687927257234,-0.0202870671686955,0.0289328007328337,-0.430920880946353,0.735221567637468,0.692949722144901,0.735409794620428,0.693219619051928
168,-0.456210891717781,-0.405968711003993,-0.999999989755032,-0.443748793946191,-0.291092759752243,1.74627322368704e-06,-0.0280821745006649,0.0322108763016117,3.72126558741262,-0.0184902769485493,0.0255439502759184,-0.519647241785708,0.738988953520986,0.689366132160022,0.739179345048565,0.689662020612238,-0.456210730790449,-0.405969134776219,-0.999999993400736,-0.443748727052551,-0.291091837551172,1.76476350064022e-06,-0.0280822979104287,0.0322109528406464,3.72126588697627,-0.0184894023437194,0.0255431246271213,-0.519646831981831,0.738988872190215,0.689366219061524,0.739179244136218,0.689662096076598
169,-0.500000268273916,-0.43301237591508,-1.00000011541261,-0.431857273597899,-0.249332429187834,1.46744136963909e-06,-0.0316934841207266,0.0328822903245045,3.6641013326794,-0.0164016108840707,0.0220656272769783,-0.624043650930143,0.74347855283057,0.685059088661014,0.743661283512979,0.68537719061835,-0.500000101751003,-0.433012702028382,-1.0000001167613,-0.431857230941701,-0.249331415634081,1.49282963041335e-06,-0.0316935248991789,0.0328822955654231,3.66410167679078,-0.0164008375424046,0.0220651022000325,-0.624043374429815,0.743478472029099,0.685059180535204,0.743661188251375,0.685377254736348
170,-0.542546547349632,-0.455752548971676,-1.00000023515046,-0.418891977619571,-0.20509427780454,1.13628747984895e-06,-0.0354628244775019,0.0326153914757872,3.59562069492775,-0.0139908607140477,0.0186227030226247,-0.746432164512932,0.748577704552621,0.680136667712566,0.748740234667063,0.680471178898847,-0.542546378166582,-0.455752773055467,-1.00000023371269,-0.418891967381256,-0.205093263479375,1.16479897606172e-06,-0.0354627953295927,0.0326153590964266,3.59562106633688,-0.0139902820902466,0.0186224569001959,-0.746432114219572,0.748577628891586,0.680136751382459,0.748740152938668,0.680471232832598
171,-0.583743944904389,-0.473963250753343,-1.00000034503657,-0.404885212182837,-0.158818078479015,7.59469330864965e-07,-0.0393393687374694,0.0312575852116828,3.51397346085827,-0.0112304415775813,0.0153745896869262,-0.887831575301698,0.753876292118508,0.675005864316801,0.754002993241447,0.67534764692236,-0.58374377627928,-0.473963376046632,-1.00000034065681,-0.404885232648648,-0.158817124984266,7.88281215952222e-07,-0.0393392892381684,0.0312575427249848,3.51397383257919,-0.0112300744975153,0.0153745312787413,-0.88783183574909,0.753876232074679,0.675005926146735,0.75400293483061,0.675347684827495
172,-0.623490039974695,-0.487463524522553,-1.00000044207809,-0.389871913405158,-0.110963757005965,3.48894164813193e-07,-0.0432095264983936,0.0286572865969374,3.41735383552568,-0.00810815201537878,0.0125239866206607,-1.04614649879285,0.758428713018651,0.670610833591355,0.758501187956901,0.670945501455552,-0.623489874674444,-0.487463559091467,-1.00000043483503,-0.389871958110718,-0.110962900249207,3.76168049246558e-07,-0.0432094170569767,0.0286572509315727,3.41735417281007,-0.00810796870404892,0.0125240166498505,-1.04614710850397,0.758428684354401,0.670610858038516,0.75850116626701,0.670945510430869
173,-0.661686031008386,-0.496119222362766,-1.00000052381849,-0.373889509406338,-0.0620067883875758,-7.57563849711185e-08,-0.0468689370634812,0.0247015298215555,3.30443926623134,-0.0046487339598218,0.0103177983127654,-1.21348814231683,0.760517753308518,0.66866854439629,0.760516768803122,0.668974296976883,-0.661685871110142,-0.496119176849294,-1.00000051393504,-0.373889571650489,-0.0620060450898528,-5.1074595552559e-08,-0.0468688154523463,0.0247015078161128,3.30443953253312,-0.00464869219878645,0.0103178407964679,-1.21348904188868,0.760517779009276,0.668668510298482,0.760516804393878,0.668974255268416
174,-0.698236976362706,-0.499844325942304,-1.00000058773468,-0.356977750392677,-0.0124335056362329,-4.87712162180579e-07,-0.0500078973135165,0.0193849731102274,3.17509866342613,-0.000944501678845723,0.00902906980691542,-1.37354880429739,0.757723782834954,0.671597850570292,0.757633928648802,0.671844379411403,-0.698236823394199,-0.499844211958741,-1.0000005755105,-0.356977826261698,-0.0124328793588557,-4.66117821966362e-07,-0.0500077768805955,0.0193849641102569,3.17509883191233,-0.000944554224923001,0.00902907266141108,-1.37354977476952,0.757723886240121,0.671597736126811,0.757634042780329,0.671844264590717
175,-0.733052018485002,-0.498601796076128,-1.00000063083754,-0.339178566197481,0.0372636273438127,-8.58483320947368e-07,-0.0522418419383876,0.0129009426438899,3.03123996493157,0.00281728484782916,0.00890568422812749,-1.50175334837632,0.747831099713673,0.68161001278412,0.74764819907559,0.681761156220768,-0.733051873799985,-0.49860162513188,-1.0000006166021,-0.3391786562885,0.0372641416027808,-8.40089823743963e-07,-0.0522417305626127,0.0129009418212722,3.03124003412346,0.0028171819125595,0.00890562491157928,-1.50175402129837,0.747831302966763,0.681609798017721,0.747648411593846,0.681760946430683
176,-0.766044598587138,-0.492403947624256,-1.00000064989316,-0.320536020018175,0.0865907859849012,-1.16616070072085e-06,-0.0532145475342627,0.00570494936646047,2.87735030471681,0.00635882451989844,0.0100870297605277,-1.57169621058308,0.730715478340656,0.698818344973564,0.730453517821283,0.698840958956948,-0.766044463839152,-0.492403730434158,-1.00000063397379,-0.320536129608636,0.0865911987229013,-1.15082055015039e-06,-0.0532144480818041,0.00570495172390208,2.87735030902746,0.00635870645359415,0.0100869152973264,-1.57169622648086,0.730715784529937,0.698818029054956,0.730453829814081,0.698840650791002
177,-0.797132672130996,-0.481312343342275,-1.00000064233135,-0.301096343231084,0.135057643548676,-1.40132090619801e-06,-0.0527494285927554,-0.00152739019301188,2.72010626004786,0.00937336009309441,0.0125274144439658,-1.56726498650636,0.709816779097674,0.719766941553322,0.709508001685911,0.719643945135308,-0.797132549674299,-0.48131208938628,-1.00000062503008,-0.30109648067069,0.135057968624324,-1.38868856734494e-06,-0.0527493407853331,-0.00152738690240609,2.7201062622175,0.00937325101260096,0.0125272769197703,-1.56726425502834,0.709817161772862,0.719766552913718,0.709508385437363,0.719643564043104
178,-0.826238926991262,-0.465437197513307,-1.00000060734186,-0.280907921620334,0.182182314418382,-1.56568492023854e-06,-0.0509508133558026,-0.00807466617431574,2.56685983194099,0.0116246607625488,0.0159874757489969,-1.49202293985266,0.690904184217953,0.738672629473166,0.690589084554524,0.738411670864893,-0.826238820044109,-0.465436914807933,-1.00000058891797,-0.280908095284464,0.182182566786779,-1.55528034479545e-06,-0.0509507359714961,-0.00807466061302022,2.56685989415067,0.0116245715366595,0.0159873629598233,-1.49202176454389,0.690904586273491,0.73867222639923,0.690589483005187,0.73841127232825
179,-0.853290991889132,-0.444936285403603,-1.00000054640807,-0.260021123074174,0.227496273867831,-1.66466464132404e-06,-0.0481666406643665,-0.0133827391597278,2.42371623907311,0.0130183576853802,0.0201117417162687,-1.36702578398341,0.678509314100512,0.750999711262437,0.678222597235336,0.750629941477404,-0.853290904356813,-0.44493598053615,-1.00000052706891,-0.260021337772788,0.227496466619416,-1.65596968336846e-06,-0.0481665731383792,-0.0133827272585353,2.42371639036085,0.0130182801351018,0.0201116988323524,-1.36702468815228,0.678509668087859,0.750999360789883,0.678222945074553,0.750629590798051
180,-0.878221620530445,-0.420013368286869,-1.00000046295674,-0.238488024600397,0.270549100359267,-1.70039931019438e-06,-0.0448417527730818,-0.0171786041484493,2.294314507389,0.0135996041982453,0.024537870353904,-1.2193377525978,0.673628005424977,0.755759612143852,0.673390408462131,0.755319434389544,-0.878221556489285,-0.420013046751648,-1.00000044285955,-0.23848827854966,0.270549241859461,-1.69297834815053e-06,-0.0448416962099402,-0.0171785806692751,2.2943147313239,0.013599515610417,0.0245379211011575,-1.21933716541057,0.673628260065295,0.755759363727961,0.673390657337874,0.755319181451712
181,-0.900968849898646,-0.390916157145596,-1.0000003615019,-0.216362190023324,0.310912946791022,-1.67051866198318e-06,-0.0413743822244228,-0.0194448089320065,2.17977341047674,0.0134971447028133,0.0289706989017289,-1.07134977472664,0.67449542066577,0.754730939188678,0.674314347701482,0.754256208337976,-0.90096881284262,-0.390915823907589,-1.00000034076703,-0.216362473236413,0.310913039222829,-1.66411719470043e-06,-0.0413743400028509,-0.0194447695097195,2.17977365851561,0.0134970138920428,0.0289708278911804,-1.0713498555545,0.674495556314468,0.754730809586275,0.674314481310356,0.754256072293052
182,-0.921476142347934,-0.357933843311054,-1.00000024689245,-0.19369855728807,0.348186732247684,-1.57161570871167e-06,-0.0380478637293506,-0.0203216945628657,2.07939918685681,0.0128626783856308,0.0332021087882163,-0.936699320659511,0.678604705477998,0.750435344039009,0.678479332759819,0.749953582838259,-0.921476134362746,-0.357933503377411,-1.00000022562873,-0.193698851795294,0.348186773201603,-1.56630293009753e-06,-0.0380478416848139,-0.0203216393071966,2.07939940268513,0.0128624785558768,0.0332022420231778,-0.936699985362807,0.678604727849097,0.750435324019873,0.67847936003177,0.749953559227678
183,-0.939692519906405,-0.321394223186026,-1.00000012394129,-0.170553376162407,0.382000071039773,-1.40301733791921e-06,-0.0350304652614285,-0.0200143934283123,1.99152711243457,0.0118335543535714,0.0370972046556294,-0.821392596908781,0.683985257787608,0.744856468436249,0.683911409555842,0.744386357103221,-0.93969254097796,-0.321393881791086,-1.0000001022974,-0.170553658627838,0.382000059972217,-1.39960757954474e-06,-0.0350304701252067,-0.0200143331342242,1.99152725138343,0.0118332846356499,0.0370971862598895,-0.821393636395385,0.683985188694306,0.74485653233569,0.683911355196047,0.744386427888481
184,-0.955572691697139,-0.281660443616209,-0.999999997328753,-0.146984123549089,0.412016926478926,-1.16842073400198e-06,-0.032405352591102,-0.0187354445712078,1.91414750779307,0.0105192978824645,0.0405714664393718,-0.726622171938043,0.689481682715535,0.739160493450012,0.689454762576233,0.738713735198327,-0.955572739448252,-0.281660105436699,-0.999999975598717,-0.146984371438138,0.412016877897747,-1.16914044963496e-06,-0.0324053873545449,-0.0187354088668394,1.91414754546865,0.0105190143255315,0.0405710552336988,-0.726623358197784,0.689481551192096,0.73916061004594,0.689454656152834,0.73871387858907
185,-0.969077170527724,-0.239127397311131,-0.999999871589174,-0.123049372291081,0.437938948786807,-8.75929310977511e-07,-0.0302030631984554,-0.0166793485874394,1.84526103439505,0.00900189127247315,0.0435714901791726,-0.651200678352556,0.694564674809739,0.73388563496365,0.694580923886727,0.733469170615633,-0.969077240792758,-0.239127064022749,-0.999999850371299,-0.123049574400778,0.437938911551291,-8.84741777534602e-07,-0.0302031194462197,-0.0166793891017476,1.84526096665271,0.00900172690583371,0.0435704776380501,-0.651201823047647,0.694564511819032,0.733885780228542,0.69458078728566,0.733469364153516
186,-0.980172374588233,-0.194217801949031,-0.999999751129719,-0.0988086296424076,0.459508458080846,-5.38369359109896e-07,-0.0284259834945762,-0.0140160045107649,1.78303489313261,0.00734124868463659,0.0460621468065492,-0.593096461320336,0.699075144944229,0.729198437465098,0.699131946411759,0.728816217420449,-0.980172463159465,-0.194217467945434,-0.999999731441926,-0.0988087978783973,0.459508529570764,-5.59614497187031e-07,-0.0284260360981804,-0.014016175618546,1.78303473137578,0.00734134686605391,0.0460606967718255,-0.593097431437062,0.699074981846813,0.729198606417426,0.699131784989569,0.728816429108278
187,-0.988830712676318,-0.147377999742655,-0.999999640333983,-0.074322174002367,0.476511047979907,-1.7373905155799e-07,-0.0270639868826054,-0.010892709265907,1.72584353446033,0.00558136937942255,0.0480193025849904,-0.550241630206986,0.70303961688984,0.725078622859597,0.703135365316818,0.724732796977464,-0.988830817864715,-0.147377647806857,-0.999999623498852,-0.0743223456302181,0.476511355631621,-2.08841609004613e-07,-0.0270640032582227,-0.0108930150378159,1.72584329950279,0.00558169445471753,0.0480182520102581,-0.550242341354139,0.70303947531109,0.725078829642181,0.703135172244074,0.724732983583496
188,-0.995030653755168,-0.0990735169224108,-0.999999543650969,-0.0496509053348002,0.488777774088367,1.97142738587313e-07,-0.0261035084941427,-0.00743897723508001,1.67225225909529,0.00375532098571706,0.0494266392209331,-0.52089840698432,0.706564575800028,0.721424827884591,0.706698391799935,0.72111643284712,-0.995030778168331,-0.0990731184152289,-0.999999530892825,-0.0496511242113426,0.488778403439832,1.51795618176921e-07,-0.0261034762075193,-0.00743932111783772,1.6722519761214,0.00375555859399744,0.0494270703986771,-0.520898809130513,0.706564449875289,0.721425075017956,0.706698173272402,0.721116569628315
189,-0.998756781787969,-0.0497844282343771,-0.999999465395829,-0.0248561966807442,0.496186850083934,5.55548803747872e-07,-0.0255324910281035,-0.00377163445947357,1.62097657022008,0.00188876958032703,0.050274380272874,-0.503797947790818,0.709784295106835,0.718106704827401,0.709955766169248,0.717836060067134,-0.998756931379599,-0.0497839519381268,-0.999999457413625,-0.0248564807896834,0.496187755553649,5.06656943187437e-07,-0.0255324397633416,-0.00377184833428827,1.62097626585886,0.00188856887625658,0.0502765089801011,-0.503798036482813,0.709784158973785,0.718106947442196,0.709955561636277,0.717836167712968
190,-0.999999834868852,-5.79518322479781e-07,-0.999999409254565,2.7288085995144e-07,0.498664785988097,8.87027465641531e-07,-0.0253429418940404,5.69639059976284e-07,1.57083321303621,2.75742442329066e-06,0.0505576515658077,-0.498178412624816,0.712838835383619,0.714986743817298,0.713047870450027,0.71475379561303,-1.00000001519994,-6.57636673181012e-09,-0.999999406082303,-4.99949547770136e-08,0.498665771963821,8.40839109383995e-07,-0.0253429291676818,6.11337722631473e-07,1.57083291381622,2.10117369935876e-06,0.0505604349611032,-0.498178217022869,0.712838669585518,0.714986928289518,0.713047712082389,0.714753922997686
191,-0.998756726957744,0.0497832770151184,-0.999999377861453,0.0248566950339279,0.49618701156205,1.17957054490031e-06,-0.0255321156197755,0.00377278899250907,1.52068940365566,-0.00188367236334725,0.0502747679690478,-0.503788132994304,0.71586726812316,0.711926962454532,0.716113974838223,0.711731593019044,-0.998756939122538,0.0497839417051437,-0.999999378985256,0.0248563920902113,0.496187818998937,1.14062223850366e-06,-0.0255321852314413,0.00377308134883648,1.52068913544173,-0.0018844453768426,0.0502768343346417,-0.503787698810174,0.715867084789445,0.711927077765344,0.716113857502211,0.711731758716974
192,-0.995030552624223,0.0990723884511343,-0.999999372653312,0.0496512913746742,0.488778084972557,1.42226711592587e-06,-0.0261028324572764,0.00744014769928554,1.46941209136012,-0.00375118602123096,0.0494270162505644,-0.520883909607228,0.719007568526645,0.7087890687381,0.719292062163207,0.708631268547606,-0.995030791472666,0.0990731161177372,-0.999999377165652,0.0496510694655154,0.488778513251979,1.39380439952499e-06,-0.0261029862501961,0.00744057658008224,1.46941187782115,-0.00375167607392106,0.0494277002318312,-0.520883290128269,0.719007395579698,0.708789145073065,0.719291958277732,0.708631451134826
193,-0.988830577149873,0.1473769081804,-0.999999393854897,0.0743224482840138,0.476511504852851,1.60593754000599e-06,-0.0270631192223161,0.0108938497203807,1.41581723723448,-0.00557822904752348,0.0480196328505358,-0.550232963866928,0.722397877802193,0.705433260128812,0.722720053592539,0.705313224888778,-0.988830832386223,0.14737765605858,-0.999999400582301,0.0743223463526604,0.476511479211714,1.58991948597461e-06,-0.0270633214070726,0.0108942780510825,1.41581709745233,-0.00557823326120382,0.0480191273154995,-0.550232218361563,0.722397732092616,0.70543333272098,0.722719942872225,0.705313394565097
194,-0.980172213707497,0.194216761635214,-0.999999440483766,0.098808843766776,0.459509060405313,1.72371539409617e-06,-0.0284250381861179,0.0140170476224775,1.35861910950378,-0.0073389740172708,0.0460627891870534,-0.593110039312866,0.726174651644702,0.70172012247451,0.726533944936686,0.701638397380923,-0.98017247268142,0.194217485648098,-0.999999448142771,0.0988088697738221,0.459508623063409,1.72033887054323e-06,-0.0284252389694386,0.0140173826699273,1.35861905579313,-0.00733853243865581,0.0460616861154046,-0.593109235949493,0.726174532778273,0.701720208796029,0.726533824530602,0.701638538366112
195,-0.969076987481873,0.239126421570034,-0.999999510427307,0.123049583954635,0.437939668509639,1.77068582289029e-06,-0.0302021658376496,0.016680193495431,1.29638149225401,-0.00900057558402072,0.043572484235661,-0.651259614425678,0.730461583596149,0.697521829836265,0.730856646668636,0.697479534911584,-0.969077238145765,0.239127085673274,-0.999999517810967,0.123049719357604,0.437938928477824,1.77832120769513e-06,-0.0302023236703279,0.0166804040464481,1.29638152855612,-0.00899987132540558,0.0435713261635609,-0.651258833526061,0.730461483253375,0.69752192944586,0.730856524437054,0.697479646056719
196,-0.955572485218963,0.281659541352586,-0.999999600639114,0.146984358692893,0.412017701209526,1.74339624212029e-06,-0.0324046524085865,0.0187359033849212,1.22747741199906,-0.0105193202267016,0.040572224640952,-0.726757221782943,0.735338744907619,0.692753259162647,0.735766914741832,0.692752358531535,-0.955572718264917,0.281660121545457,-0.999999606774654,0.14698456918391,0.412016783088683,1.75917843565068e-06,-0.0324047447175469,0.0187360034537652,1.22747753265509,-0.0105185580048344,0.0405713182652484,-0.726756557705667,0.735338656029127,0.692753362627231,0.735766800471523,0.692752445218659
197,-0.939692288179491,0.321393396822807,-0.999999707405139,0.170553617070227,0.382000835948673,1.64010797234764e-06,-0.0350301118783046,0.0200141668830021,1.15007346293802,-0.0118354617419578,0.0370967239739538,-0.821642823247549,0.740774009646717,0.687440975914164,0.741230420467021,0.687484508643102,-0.939692498051372,0.321393880895941,-0.999999711634323,0.170553863555834,0.381999847306245,1.66080383407083e-06,-0.0350301350885148,0.0200141910587966,1.15007365166757,-0.0118347933995568,0.0370961545350638,-0.821642380643163,0.740773931196027,0.687441070974378,0.741230322996014,0.687484574897843
198,-0.921475886856204,0.357933090757884,-0.999999826572193,0.193698754007947,0.348187463133506,1.46201512351769e-06,-0.0380479320164421,0.0203204360887866,1.06217170008312,-0.0128670062267523,0.0331991681879212,-0.937110798022127,0.746491381516599,0.681855514805995,0.746967571910974,0.681947610491683,-0.921476071795545,0.357933475806306,-0.999999828550159,0.193699000659309,0.348186481683495,1.48473398056851e-06,-0.0380478960151591,0.0203204206163315,1.06217192957087,-0.0128665100107539,0.03319888715435,-0.937110678001505,0.746491319303931,0.681855588457413,0.746967500117832,0.681947654853415
199,-0.900968577314159,0.390915477308479,-0.999999953642141,0.216362286799868,0.310913683799701,1.21497507584613e-06,-0.0413747631152446,0.0194423088809073,0.961767245067284,-0.0135040501432788,0.0289639488683499,-1.07196708224437,0.751757231669726,0.676725990152752,0.752239183039189,0.676871298367799,-0.900968738782557,0.390915766686908,-0.999999953281591,0.21636250551693,0.310912757772485,1.23754114770783e-06,-0.041374684678123,0.0194422816745754,0.961767478313802,-0.0135037431473122,0.0289638562274776,-1.07196735114746,0.751757197650419,0.676726028179924,0.752239147968257,0.676871312621281
200,-0.878221341677517,0.420012767327652,-1.000000083713,0.238487991575491,0.270549937463281,9.10641358020121e-07,-0.0448420944551794,0.0171750754316992,0.847203981741102,-0.0136082298025063,0.0245261436777782,-1.22017589104387,0.755125695512705,0.67349572156358,0.755591608712068,0.673697625064561,-0.878221483482298,0.420012967996803,-1.00000008110695,0.238488163650832,0.270549092009913,9.31669783490997e-07,-0.0448419919575953,0.0171750530640524,0.847204177047156,-0.013608091984487,0.0245261394477923,-1.22017652721952,0.755125707989078,0.673495706228468,0.755591626336937,0.673697593391762
201,-0.85329071806375,0.444935780195835,-1.00000021138463,0.260020979833205,0.227497313960462,5.65499949641641e-07,-0.0481664968461011,0.0133790114610115,0.717797329104094,-0.0130262396089337,0.020094965345367,-1.36800801195238,0.75436281369036,0.674398848498548,0.754781828448838,0.674655792610565,-0.853290845406464,0.444935900793606,-1.00000020673141,0.260021096030068,0.227496558625453,5.8429690526885e-07,-0.0481663868240331,0.0133790002237622,0.717797450511465,-0.0130262357966057,0.0200949725885317,-1.36800884585595,0.754362895062197,0.674398759074578,0.754781918853937,0.674655693955007
202,-0.826238665342464,0.465436813423117,-1.00000033087313,0.280907739050451,0.182183606151904,1.97030006102071e-07,-0.050950034408663,0.00807186835907767,0.574667387527297,-0.0116281250014296,0.0159680765316059,-1.49290993178785,0.747034054638445,0.681872185486577,0.747368388055942,0.682172383340651,-0.826238783896529,0.465436863019733,-1.00000032441364,0.280907799063107,0.182182940814691,2.13453206861467e-07,-0.0509499297468651,0.00807186721111387,0.574667420028126,-0.0116282188000121,0.0159680463917948,-1.49291062753614,0.747034228538522,0.681872000072928,0.747368573022587,0.682172194632055
203,-0.797132422546618,0.481312105870952,-1.00000043653293,0.301096217620734,0.135059133333778,-1.81263772631828e-07,-0.0527483824331824,0.00152598900678221,0.421439654092041,-0.00936976592116347,0.0125107633872695,-1.56769924593017,0.732140934052761,0.696915269747092,0.732354010691312,0.697232590155417,-0.797132537600419,0.481312093200725,-1.00000042850052,0.301096229320526,0.135058551792041,-1.66893204505149e-07,-0.0527482918210879,0.00152599297625561,0.421439617142413,-0.00936992418213909,0.0125106719160093,-1.56769941205731,0.732141211540452,0.696914978953084,0.732354299552084,0.697232300893797
204,-0.766044353814454,0.492403871193073,-1.00000052367271,0.320536026992396,0.0865923202834976,-5.61743488985151e-07,-0.0532136718219488,-0.0057057594237436,0.264199822440404,-0.00634921025680053,0.0100789024725065,-1.57145320948381,0.71197800289028,0.717228002906543,0.712047372411535,0.71752425930741,-0.766044469505684,0.492403804139953,-1.00000051425138,0.32053600528872,0.0865918119259333,-5.48735053935152e-07,-0.0532135999692233,-0.00570575649181776,0.264199769149558,-0.00634939899397598,0.0100787469653143,-1.57145264289902,0.711978368177085,0.717227624223157,0.712047747271216,0.717523886018203
205,-0.733051767538085,0.498601876076635,-1.00000058919401,0.339178719191669,0.037265013673055,-9.39062280244886e-07,-0.0522410675549182,-0.0129023572898338,0.110296123247322,-0.00280590409175164,0.00890809523780028,-1.50095915096386,0.691905769145201,0.737434978146047,0.691833073276182,0.737671038512219,-0.733051886240258,0.498601761284808,-1.0000005784859,0.33917868404634,0.0372645645687776,-9.26468295430947e-07,-0.0522410152801028,-0.0129023610610035,0.110296117469337,-0.00280608365681241,0.0089078949223445,-1.50095802915247,0.691906173232903,0.73743456272098,0.691833482566704,0.737670630919058
206,-0.698236709855491,0.499844538985749,-1.00000063149462,0.356977990968466,-0.0124324203226662,-1.30065509083506e-06,-0.050006937441285,-0.0193872221164012,-0.0335782321900007,0.000952837636065704,0.0090393298862429,-1.37255483924025,0.677211891352288,0.752228731001227,0.67702159506519,0.752378240093661,-0.698236831797129,0.499844381847259,-1.00000061963552,0.356977965419408,-0.0124328148948297,-1.29082088791229e-06,-0.0500068640072321,-0.019387239653302,-0.0335781429419926,0.000953578343143831,0.00903899490291331,-1.372553482775,0.677212246902903,0.752228366752238,0.677021892850475,0.752377953913887
207,-0.661685746656818,0.496119531745126,-1.00000064982379,0.373889727706974,-0.062006099851309,-1.63025839648551e-06,-0.046867860587807,-0.02470385779027,-0.16291890552148,0.00465390938134458,0.0103306836570017,-1.21258754828907,0.670034548507291,0.759455084550906,0.669762256964118,0.759511382816695,-0.661685869368343,0.496119340053858,-1.00000063724218,0.373889742350334,-0.0620063851169882,-1.62591467406064e-06,-0.0468677167475794,-0.0247038763981845,-0.162918702885238,0.00465437190897447,0.0103307025280889,-1.21258631994952,0.670034758794427,0.759454906192962,0.66976247108455,0.75951114105324
208,-0.623489744775597,0.487463889957297,-1.00000064399641,0.389872018568473,-0.110963425720549,-1.90905701630038e-06,-0.0432086780118432,-0.0286588729353715,-0.275815067430402,0.00811110752044193,0.0125359761956977,-1.0454633484942,0.669249952600228,0.760231215382622,0.668930459843627,0.760203366118766,-0.623489863494895,0.487463677256057,-1.00000063134727,0.389872082448531,-0.110963557631333,-1.91169352226108e-06,-0.0432085192562772,-0.028658859171103,-0.275814766253368,0.00811098356540977,0.0125361253524366,-1.04546250875124,0.669250044786295,0.760231127055,0.668930585305979,0.760203241244434
209,-0.583743651458655,0.473963642717865,-1.0000006142167,0.404885169058214,-0.158817942032606,-2.12024145964201e-06,-0.0393391053376378,-0.0312580824787839,-0.372405769356839,0.0112319851456724,0.015384000536797,-0.887373178063217,0.672382552402482,0.75703443866789,0.672043159868762,0.756939994474557,-0.583743761908431,0.473963424454462,-1.00000060219237,0.404885266919682,-0.158817925418527,-2.129183950481e-06,-0.039338980525029,-0.0312580402407432,-0.372405404554725,0.0112315616811564,0.0153840780321887,-0.887372813756135,0.672382570418352,0.757034414485258,0.672043200081759,0.756939965117736
210,-0.542546268928735,0.455752956446924,-1.00000056118161,0.418891802125551,-0.205094146610475,-2.2515643957269e-06,-0.0354632958427256,-0.0326149349641341,-0.454023110229151,0.0139915364369449,0.0186290786022912,-0.746160727435777,0.677216985508065,0.752087051352358,0.67687654655898,0.751945332072219,-0.542546368793048,0.455752745914466,-1.0000005503312,0.418891912312208,-0.205094015407377,-2.26483956985771e-06,-0.0354632215323999,-0.0326148811326901,-0.454022722471637,0.0139910684657635,0.0186290560489102,-0.746160790929434,0.677216954763061,0.752087076416274,0.676876523449507,0.751945365794684
211,-0.500000014719787,0.433012804450523,-1.00000048631187,0.431857016765727,-0.249332173672675,-2.29678640266524e-06,-0.0316946207310217,-0.0328812570467016,-0.522479102441016,0.0164017512622953,0.0220691985281935,-0.623914054797269,0.682341486981887,0.746809851966777,0.682012184182351,0.746638361581757,-0.500000103741927,0.433012611036671,-1.00000047696411,0.431857120674833,-0.249331969254832,-2.31212585640156e-06,-0.0316945927418179,-0.0328812059127959,-0.52247872737939,0.0164013662296018,0.0220691133068978,-0.623914432364401,0.682341425475469,0.746809911403423,0.682012120493174,0.746638432377506
212,-0.456210666989721,0.405969174071268,-1.00000039197364,0.443748522758014,-0.291092355636407,-2.25533952456836e-06,-0.0280837804853491,-0.0322096719260842,-0.579626429365958,0.0184901506070812,0.0255452792753446,-0.519619915175812,0.687046700570138,0.741921755293367,0.686736227161613,0.741734977755138,-0.456210746478678,0.405969003191917,-1.00000038423919,0.443748607819958,-0.29109211476829,-2.2707516416406e-06,-0.0280837863018845,-0.0322096310207812,-0.579626092457965,0.0184898876187265,0.0255451761943402,-0.519620480770895,0.687046621222481,0.741921835933868,0.686736140829518,0.741735067699153
213,-0.411287098418184,0.374890825950104,-1.00000028164199,0.454536732889069,-0.329959602432059,-2.13322769964942e-06,-0.0246436882656432,-0.0307385345916583,-0.627144101396508,0.0202883553049181,0.0289343421917881,-0.430964578437037,0.691064581350403,0.737700346404522,0.690777761309042,0.737509750105568,-0.411287170570555,0.374890679557382,-1.00000027536477,0.454536795477401,-0.329959363294845,-2.14490972709819e-06,-0.0246437386118449,-0.0307385370853932,-0.627143828194828,0.020287620433855,0.0289335324007183,-0.430965499858906,0.691064536727125,0.737700338313157,0.690777802999883,0.737509759026761
214,-0.365341003039747,0.340086628843959,-1.00000015990761,0.464194820003765,-0.36554751815341,-1.93766440814145e-06,-0.0213668562945694,-0.0285888779470295,-0.666460960699971,0.0218237470149802,0.0321380330905179,-0.355321218196788,0.694356177871662,0.734193599000328,0.694096549164232,0.734008140789261,-0.3653410694115,0.340086502710966,-1.00000015451134,0.46419487621137,-0.365547366981541,-1.94165631365e-06,-0.0213669608545578,-0.0285889556131541,-0.666460781501263,0.0218234635482453,0.0321376251996262,-0.355322307920835,0.694356160561313,0.734193655111574,0.694096449653992,0.7340081989586
215,-0.318486616048433,0.301902488588314,-1.0000000319135,0.472698801650066,-0.39750239619412,-1.67422040112177e-06,-0.0182360606428565,-0.0258663386364355,-0.69874937350698,0.0231219372472319,0.035081164273221,-0.290203130482755,0.696982133773741,0.731349993491212,0.696751813705663,0.731176584513595,-0.318486676510241,0.301902370824494,-1.00000002656375,0.472698864502829,-0.397502381436813,-1.66991468954088e-06,-0.0182361627510958,-0.0258664322363389,-0.698749297454344,0.0231221210628832,0.0350813470098879,-0.290204190165073,0.696982074731615,0.731350087234875,0.696751695335394,0.731176668415833
216,-0.270840427110368,0.260717900530754,-0.999999902850867,0.480027574938329,-0.425506691186676,-1.35059671577771e-06,-0.0152301582621439,-0.0226642646597392,-0.724948495710567,0.024203337640332,0.0377037097803951,-0.233427607063493,0.699034853519062,0.729085482813646,0.698835551081148,0.728929452198481,-0.27084048096321,0.260717778093826,-0.99999989680661,0.480027643014678,-0.425506791968698,-1.34007555838548e-06,-0.0152302264957859,-0.0226643273593669,-0.724948515467759,0.0242037068188173,0.0377041771942183,-0.23342852157093,0.699034764143431,0.729085587580216,0.698835440003088,0.728929550207238
217,-0.22252089121494,0.216942176808076,-0.999999777832231,0.486162943587931,-0.449282108918714,-9.77816973887709e-07,-0.0123272778376123,-0.0190670347796129,-0.745796250109819,0.0250836922830584,0.0399573909459165,-0.183139631056188,0.700607220095732,0.727315010556948,0.700440291442,0.72718047403629,-0.222520938377642,0.216942040742734,-0.999999770609303,0.486163007515766,-0.449282270614906,-9.63934190476464e-07,-0.012327305388527,-0.0190670504005793,-0.745796349053447,0.0250840667523842,0.0399578727286853,-0.183140346433454,0.700607120172257,0.72731511187611,0.700440194039191,0.727180574262902
218,-0.173648136005111,0.17101037976163,-0.999999661748413,0.491089659275526,-0.468592371389455,-5.69095825083327e-07,-0.00950626378994993,-0.0151527516775868,-0.761860390181427,0.0257750566272607,0.0418039964847251,-0.137776215510913,0.701779778724129,0.725965111462329,0.701646295547798,0.725855210186012,-0.173648177366976,0.171010226918392,-0.999999653148487,0.49108971025331,-0.468592536692144,-5.54689306650766e-07,-0.00950625728176773,-0.015152727399889,-0.76186054801767,0.0257753325202593,0.0418043033043791,-0.137776720096152,0.701779681316545,0.725965201292382,0.701646216389877,0.725855304133069
219,-0.124343664823857,0.12337899915106,-0.999999559066548,0.494795463933179,-0.483245566960131,-1.38688428695893e-07,-0.00674718037513154,-0.0109952718476579,-0.773564872730056,0.0262864036680313,0.0432141122635597,-0.096010688205002,0.702616786860302,0.724977655879342,0.702517578325129,0.724894725906556,-0.124343701857766,0.123378831339596,-0.999999549181043,0.494795499952269,-0.483245697102005,-1.26817456320077e-07,-0.00674715523054089,-0.0109952328474297,-0.773565069289749,0.0262864859243277,0.0432140776477184,-0.09601099804663,0.702616698222362,0.724977730171506,0.702517523243411,0.724894808728266
220,-0.0747300557986444,0.0745214165790268,-0.999999473603441,0.497271126186376,-0.493096052341184,2.98835227341723e-07,-0.00403132343530366,-0.00666568676386975,-0.781210477844161,0.0266240651722478,0.0441662314398285,-0.0566940167911116,0.703165986852224,0.724309893388113,0.7031016625139,0.724255581735285,-0.0747300896504683,0.0745212377909124,-0.999999462865203,0.497271156369599,-0.493096145533016,3.04256791802034e-07,-0.0040313046468955,-0.00666567491524032,-0.781210695549877,0.0266238423158615,0.0441656976385427,-0.0566941656383754,0.703165911062188,0.724309950959825,0.703101636272372,0.724255650548342
221,-0.0249306576224447,0.0249232026721013,-0.999999408353637,0.498510471081709,-0.49804589451665,7.28359268855327e-07,-0.00134098497333624,-0.00223339886474864,-0.784989727526935,0.0267919942041676,0.0446461005272885,-0.0187993576878001,0.703459619374977,0.723933283230292,0.703430589030818,0.723908624999763,-0.0249306878683075,0.024923014490388,-0.999999397621067,0.49851051769729,-0.498046002844105,7.22693986385307e-07,-0.00134100576489786,-0.00223346571958149,-0.784989953069281,0.0267914192728152,0.0446450573828781,-0.0187993912805931,0.703459566951862,0.723933325365285,0.703430586704666,0.723908675221373
222,0.0249307173751875,-0.0249227069985721,-0.999999365474964,0.498510404908011,-0.498045854970915,1.13312280703221e-06,0.00134089655780871,0.0022330702013906,-0.784996494619396,0.0267919027070177,0.0446462976832354,0.0186290767616614,0.703515552570498,0.723832256291391,0.703522038988647,0.723837719434928,0.0249306939254896,-0.0249229110509415,-0.999999356021003,0.498510499598896,-0.498046084668633,1.11293051290597e-06,0.00134080937834959,0.0022328919352893,-0.784996720035878,0.0267911809912818,0.044645167321937,0.0186291051077284,0.703515546235749,0.723832285863946,0.703522037234448,0.723837741884452
223,0.0747301024515098,-0.0745209117450612,-0.999999346433624,0.497270935884253,-0.493095918982145,1.49479700343096e-06,0.00403114109296147,0.0066654372130434,-0.781230681339803,0.0266235076959854,0.0441663563620145,0.056523977008467,0.703338054263002,0.724003404108505,0.703380061624201,0.724038897923651,0.0747300920608114,-0.0745211498777928,-0.999999339702269,0.497271105052116,-0.493096386685107,1.46046213553199e-06,0.00403099606027394,0.00666518109853821,-0.781230903993355,0.0266231573839768,0.0441660314054403,0.0565240158365342,0.703338112100961,0.724003422539616,0.703380032029061,0.724038885270079
224,0.124343687260002,-0.123378474668501,-0.999999352109781,0.494795182963607,-0.483245338641593,1.79638027943209e-06,0.00674677518784626,0.010995116849199,-0.773598183382568,0.0262849658277899,0.0432134912643506,0.0958417695052038,0.702918000049555,0.724455284667892,0.702995236967201,0.724520136494052,0.124343697593548,-0.123378773634658,-0.999999349297122,0.494795424422933,-0.483246082924882,1.75264622472177e-06,0.0067466319548001,0.0109948999052708,-0.773598404332244,0.0262854387385857,0.0432146434995386,0.0958417826614381,0.702918098819801,0.724455286275654,0.70299518727743,0.724520096904437
225,0.173648128259238,-0.171009828734734,-0.999999382674268,0.491089356533076,-0.468592124166623,2.0255610472908e-06,0.00950549571904326,0.0151526782645887,-0.761906137261377,0.025772826396579,0.0418028538200903,0.137610620495947,0.702232419647681,0.725208876935906,0.702344303077743,0.725301806139423,0.173648164640585,-0.171010212088402,-0.999999384379584,0.491089625408366,-0.46859303769419,1.97943557579418e-06,0.00950543673531863,0.0151526364392148,-0.761906359553873,0.025774046371773,0.0418051027264299,0.137610581724181,0.702232504635282,0.725208845880852,0.702344285950003,0.725301759651968
226,0.222520855515345,-0.216941603720869,-0.999999437336116,0.486162707826797,-0.449281979007923,2.1752819182367e-06,0.0123260599165343,0.0190670921658391,-0.745853234708162,0.0250813035962947,0.0399567276667865,0.182981606192452,0.701243538251042,0.7262985809522,0.701389306732124,0.726417690176688,0.222520917197813,-0.216942077732147,-0.999999443433767,0.486162932813679,-0.44928283687975,2.13393613976029e-06,0.0123261359532648,0.0190672785284689,-0.74585346350046,0.0250826796182045,0.0399588812112029,0.182981497468607,0.701243575143864,0.726298514630532,0.701389360124156,0.726417647682618
227,0.27084037409343,-0.260717322830528,-0.999999514177859,0.480027477576729,-0.425506778983617,2.24299101051544e-06,0.0152284995857805,0.0226645865787666,-0.72501473135294,0.0242014208930327,0.0377042216562437,0.233284221796009,0.699897649180325,0.727773555476008,0.700076425195732,0.727916256641164,0.270840453446494,-0.260717869897142,-0.999999523856913,0.480027598742024,-0.425507349235979,2.21266149080888e-06,0.0152286995659339,0.0226649381190897,-0.725014974474479,0.0242023421361044,0.0377053165814721,0.233284033115383,0.699897654965314,0.727773468080112,0.700076535320272,0.72791620994231
228,0.318486561410707,-0.301901928624673,-0.99999961010217,0.472698867854463,-0.39750268738309,2.23051089034598e-06,0.0182340587495706,0.0258670638875458,-0.69882176649529,0.0231206583931271,0.035082564237115,0.290085133891623,0.698124477185374,0.729698661209548,0.698335185743402,0.729861513862538,0.31848664665791,-0.301902512072745,-0.999999622020032,0.472698864767702,-0.397502832343799,2.21536044258381e-06,0.0182343254486943,0.025867458826331,-0.698822033853317,0.0231208597335339,0.0350824506347742,0.290084866435532,0.698124489556312,0.729698569985727,0.698335313592859,0.72986144961723
229,0.365340962607632,-0.340086102097182,-0.999999720869581,0.464195026843352,-0.365547894477013,2.14318696191474e-06,0.0213646627952686,0.0285900413136249,-0.666534959841007,0.0218227564626789,0.0321392784132291,0.355243997619577,0.695838475583405,0.732153451721848,0.696079710383277,0.732331938470862,0.365341042026793,-0.340086677766638,-0.999999733416686,0.464194918955032,-0.365547600961327,2.14435190348397e-06,0.0213649281511669,0.0285903756205365,-0.666535261291275,0.0218223256048256,0.0321383999171327,0.355243668456643,0.695838517788909,0.732153364312601,0.696079827698577,0.732331852876764
230,0.411287084069842,-0.374890334636188,-0.999999841319109,0.454537024220674,-0.329959929393002,1.98777652176283e-06,0.0246414897204878,0.0307400149090538,-0.627213383169941,0.0202873632283782,0.0289346139286699,0.430949241473712,0.692945369289569,0.73522592988535,0.693215241705453,0.735414175604232,0.411287149113021,-0.374890862113272,-0.99999985292909,0.4545368517555,-0.329959277345001,2.0034407996964e-06,0.0246417016630954,0.0307402392498461,-0.627213725749549,0.0202865640058042,0.0289335261727915,0.43094888763084,0.69294544270515,0.735225845189025,0.693215340041691,0.735414075100068
231,0.456210683705307,-0.405968709105794,-0.999999965824805,0.443748811682234,-0.291092533584901,1.77024797479122e-06,0.0280818778679406,0.0322112637557874,-0.579682753244437,0.0184897205086576,0.0255446883001381,0.519694601862169,0.689360614001632,0.738994462415109,0.689656508798595,0.739184864350768,0.456210729995384,-0.405969158454866,-0.999999975221811,0.443748614964126,-0.291091644193381,1.79671327878791e-06,0.0280820101575166,0.0322113787172871,-0.579683138511074,0.0184888254475751,0.0255437665608971,0.519694283428898,0.689360707049016,0.73899437790406,0.689656590734677,0.739184759491956
232,0.500000056910626,-0.433012347618817,-1.00000008891226,0.431857178034303,-0.249332128844649,1.49472526468226e-06,0.0316933414841987,0.0328825766520747,-0.522512567479414,0.0164009798931519,0.0220661528607448,0.624115459538287,0.685052185560188,0.743485441124712,0.685370301193158,0.743668192501632,0.500000083571978,-0.433012701251582,-1.00000009523047,0.43185698565952,-0.249331122411456,1.52776397924836e-06,0.0316933911079377,0.0328826104271638,-0.522512989064271,0.0164001834277372,0.0220655423141574,0.624115261065736,0.685052282200128,0.74348535867094,0.685370369633751,0.743668094471331
233,0.542546318062502,-0.455752487795653,-1.00000020586688,0.418891704538615,-0.205093927121069,1.16421778370618e-06,0.0354629126649379,0.0326154244962598,-0.45402328453913,0.0139902067477833,0.0186228741425962,0.74653389505391,0.680128253335601,0.748586099019422,0.680462782860593,0.748748663663291,0.542546326364484,-0.45575273908288,-1.00000020864928,0.418891531032217,-0.205092900297783,1.2000512399819e-06,0.0354628918750102,0.0326154118340004,-0.454023726222293,0.0139896042306418,0.018622553659363,0.746533915888524,0.680128339796479,0.748586023229449,0.680462839136131,0.748748580833426
234,0.583743677211301,-0.4739631541334,-1.0000003131349,0.40488471108065,-0.15881773151534,7.83071690283743e-07,0.0393397624580678,0.0312571447339288,-0.372364129101788,0.0112299068781725,0.0153742628792542,0.887969038260478,0.674995858063274,0.753886274573243,0.675337658986777,0.754013028377776,0.58374366930652,-0.473963304621413,-1.00000031225879,0.40488456042628,-0.158816751148851,8.18880373817947e-07,0.0393396904359438,0.0312571140933509,-0.372364564233165,0.0112295163835117,0.0153741393113749,0.887969370458512,0.67499592035923,0.753886216214289,0.675337696953098,0.754012970844152
235,0.623489710004336,-0.487463396461995,-1.0000004083471,0.389871171386092,-0.110963488034795,3.60710531247448e-07,0.0432102790879357,0.0286560746777853,-0.275728723324582,0.00810799190512018,0.0125230455146482,1.04632560715302,0.67059922422393,0.758440297714993,0.670933903225768,0.758512847081391,0.623489688139754,-0.48746345300755,-1.00000040391919,0.389871042365708,-0.110962594458241,3.94760788466091e-07,0.0432101758335404,0.0286560437371311,-0.275729116736713,0.00810778619126109,0.0125230173128275,1.04632629673231,0.670599246774065,0.758440272406834,0.670933910014785,0.758512828075831
236,0.661685616562142,-0.496119074226262,-1.00000048984976,0.373888576439603,-0.0620066640402338,-8.39541836967596e-08,0.046870048703845,0.0246991737913816,-0.162793938339333,0.00464930545474455,0.0103162532182813,1.2137145790314,0.66865541791155,0.76053086187156,0.668961162027811,0.760529970098988,0.661685582820691,-0.496119046665772,-1.00000048214233,0.373888468051473,-0.0620058776775237,-5.33839914312353e-08,0.0468699315803424,0.0246991474196659,-0.162794252751329,0.00464924803781457,0.0103161826746927,1.21371556682457,0.668655380605983,0.760530888640223,0.668961121028318,0.760530010765769
237,0.698237616811533,-0.499831825681557,-1.00001203966514,0.357024064216497,-0.0118919093575976,-0.000256705427047465,0.0518579933900984,0.019306782607244,-0.0333181127244049,0.0442206176397373,0.00970407897172966,1.37647543309589,0.672481800122658,0.757261810242336,0.669673755752628,0.760389006123944,0.698236420702975,-0.499844072970412,-1.00000054536938,0.356976671595978,-0.0124328656137395,-4.97756959989036e-07,0.0500091545009363,0.0193810194197914,-0.0334283612436919,0.000946268996335712,0.00902681998801514,1.37382861747038,0.671583307573944,0.757738304713836,0.671829808182818,0.75764857738114
238,0.733062439925543,-0.498374414219301,-1.00003770307184,0.339302795380139,0.0415984368991537,-0.000194580392968722,0.0575097312167774,0.0122813611693752,0.110973544427524,0.0110012637578063,0.00795141578557267,1.50799919905929,0.679174081033933,0.750034333745779,0.682519068194849,0.747381892947647,0.733051361738878,-0.498601489021363,-1.00000059133945,0.339177664054723,0.037264098689642,-9.06079116471032e-07,0.0522431379173442,0.0128949774424867,0.110461030480359,-0.00281392575254605,0.00890301246865764,1.5020888490948,0.681594463223727,0.747846647344969,0.681745553790978,0.747663880795198
239,0.766067173644498,-0.491475985116943,-1.00004361603741,0.320646549602517,0.0962085698252908,8.37678432604939e-05,0.0580130170243748,0.00437596840563929,0.265612496308373,-0.0242574397300123,0.0153367808622328,1.58109246414837,0.69741225190061,0.732652875920487,0.698529600775604,0.730181212832715,0.766043871217749,-0.492403591508706,-1.00000061702422,0.320535552748201,0.0865913548933998,-1.2499158785222e-06,0.053215505202061,0.00569661266497429,0.26438702741134,-0.0063536857730824,0.0100844093165595,1.5720886132971,0.698802401154981,0.73073145570864,0.69882492806759,0.730469615103792
240,0.797164101130702,-0.479216830452157,-1.00002172304698,0.301163745346573,0.148382299295397,0.000335070278394757,0.0550217881588888,-0.00263925569299799,0.423955607766991,-0.0349368197428389,0.0239486717059842,1.57942939266794,0.719186669880212,0.710814195679778,0.718660346938001,0.709872760925241,0.797131929829028,-0.481311907994514,-1.00000061933152,0.301096543744431,0.135058742896405,-1.51226831099918e-06,0.0527495596007541,-0.00153827673989565,0.421673050716897,-0.00936649945970682,0.0125256407270256,1.56771271403991,0.719751519461799,0.709832292176783,0.719628387502795,0.709523591701152
241,0.826275589607784,-0.461933056561032,-0.999980584255008,0.280951354459028,0.196597168831774,0.000462994760639546,0.0507907658874245,-0.00817641433761318,0.578586936741784,-0.0312096032994119,0.0287152956919297,1.50633483027748,0.738433253193033,0.691205050912695,0.737440813844184,0.691280491519557,0.826238244057223,-0.46543660361781,-1.00000059625164,0.280908916365179,0.182184476198445,-1.68953838950637e-06,0.050949610507699,-0.00808801946443788,0.574966766123732,-0.0116163968216132,0.0159877175637837,1.49252057736507,0.738659007318969,0.690917981598947,0.738397842357736,0.690602884543599
242,0.853331688442585,-0.440033663974609,-0.999933041360777,0.26005822137943,0.240735251126338,0.000466996692616813,0.046535458093564,-0.01224973852898,0.723287456951135,-0.0238581847945486,0.0304266001711987,1.38254528754661,0.750935259387827,0.678402355647346,0.750060202885821,0.678809432039105,0.853290447209589,-0.444935401317731,-1.00000054780736,0.260022870199046,0.227499981950106,-1.78781123094226e-06,0.048163685095373,-0.0133981779274562,0.718162157969998,-0.0130091727680836,0.0201155395410255,1.36756252136515,0.75098956613806,0.678519744619157,0.750619490343168,0.678232931731252
243,0.878264431357315,-0.413911105876576,-0.999889930770292,0.238481468437854,0.281111299373374,0.000379616004948018,0.0426394057831283,-0.0149722989499554,0.854283598633424,-0.0185122547955058,0.0320326559108438,1.23468743376473,0.755979815598548,0.673251623617935,0.755309061919709,0.673501786259557,0.87822127941699,-0.420012024979661,-1.00000047644133,0.238490295757032,0.270554580117747,-1.81829610490502e-06,0.0448367990272184,-0.0171954510344245,0.847618766033648,-0.0135899685888617,0.024546995455917,1.21989547555215,0.755755045996434,0.673632980346165,0.755314438215173,0.673395183968596
244,0.901004921897531,-0.38393150684436,-0.999858850212012,0.216213466141206,0.3178659615937,0.000229397260464667,0.0390731936373712,-0.016306504182578,0.970293968779306,-0.016727427540276,0.0365096641252089,1.08456993643414,0.755498673610235,0.673811357421064,0.754878881409258,0.673662451275845,0.900968746663265,-0.39091418579081,-1.00000038700842,0.216364603148701,0.310919930624818,-1.79571705099981e-06,0.041367411165305,-0.0194621242847153,0.962215550963271,-0.0134873056071167,0.0289867182780804,1.07190109831731,0.754734504871618,0.674492366965562,0.754259222018368,0.674311025255825
245,0.921484783186373,-0.350468891103141,-0.999845384987482,0.193275323859528,0.350669683275776,2.73212839426826e-05,0.0357021558641294,-0.0160129421910801,1.0717962846622,-0.0179390400594381,0.0459070123060836,0.94508340783557,0.752073937374435,0.677431110988195,0.751308106326625,0.67682282127449,0.92147626849377,-0.357931135067322,-1.00000028666855,0.193700654617429,0.34819426311997,-1.73803088234686e-06,0.0380391136478246,-0.0203383624045611,1.06264298142415,-0.012852475259662,0.0332254688918192,0.937205664252781,0.750450076307933,0.678590504824277,0.749967704812503,0.678464892460329
246,0.939639592348888,-0.313959073234125,-0.999854911234374,0.16972532141675,0.378605993026655,-0.000232316843477047,0.0324351997246359,-0.0137020464664656,1.1601583857541,-0.0209909747338455,0.0612508545848708,0.82132012070215,0.747703660127066,0.682047971856149,0.746645976015958,0.681008700382107,0.939692821978045,-0.321390802855393,-1.0000001846174,0.170554737679904,0.382006441434451,-1.66318538343252e-06,0.0350204480980968,-0.0200293110491972,1.15056126735754,-0.0118223108113041,0.0371257072181671,0.821802251017288,0.744885896075536,0.683956198921525,0.744415285120733,0.683882331538422
247,0.955412786405083,-0.274960320319617,-0.999893833735915,0.145664309574053,0.400141844876253,-0.000561898523637106,0.0292551229830957,-0.00890878825857506,1.23699021082382,-0.0249239566930132,0.0827293629488249,0.71340954541555,0.743551987673345,0.686452768246598,0.742134448711184,0.685040905701367,0.955573081754276,-0.281656536745017,-1.00000009124939,0.14698450317156,0.412019899015462,-1.58117865934474e-06,0.0323948478316113,-0.0187478741475791,1.22797415643899,-0.0105058395567609,0.0405982814842977,0.726868343460235,0.739208630342249,0.68943344744197,0.73876179165061,0.689407026353175
248,0.968760903610006,-0.234214418431822,-0.999969428310635,0.121259849581533,0.413147640837699,-0.000962520544976382,0.0261898769343686,-0.00117224819016683,1.30377358124274,-0.0292443597280827,0.109622390509199,0.618996402168071,0.740137080146304,0.690083307993815,0.738386287453357,0.688378971767237,0.969077550346613,-0.239123453574443,-1.00000001640455,0.12304882921964,0.437936439668367,-1.48433221750126e-06,0.0301930694963507,-0.0166894401081879,1.29687344402206,-0.00898473683820309,0.0435835977022766,0.651199607658052,0.733956962317364,0.694492393427828,0.733541258411299,0.694510013902372
249,0.979662731299734,-0.192702674530664,-1.00008749522788,0.0968015983455865,0.41498715374774,-0.00139835671724809,0.023260377827463,0.00984207751871747,1.3616988127486,-0.0339542487046752,0.139571487896149,0.534862111631017,0.73756012642415,0.692754076365133,0.735647515629466,0.690906473005957,0.980172670269612,-0.194214421169266,-0.999999966862755,0.0988075897909055,0.459499805362228,-1.34288030656253e-06,0.0284176036697215,-0.0140253317519754,1.35908260087625,-0.00731903035180041,0.0460417294678872,0.592745809243129,0.729297908555589,0.698973595288254,0.728917628125529,0.699032833649408
250,0.988135776580897,-0.151686054552294,-1.00024725651909,0.0727923577070299,0.402766235791591,-0.00176907887810565,0.0204170372786311,0.0241022501485443,1.41162616032474,-0.0395298954701322,0.166959540439911,0.457870330436816,0.735649971952084,0.694460590817282,0.733998288925133,0.692791340768018,0.988830907140604,-0.147375707832363,-0.999999944113852,0.0743213028841816,0.476498653893806,-1.11571550695691e-06,0.0270582177488495,-0.0109042339236272,1.41621592239508,-0.00555385241574327,0.0479543122812989,0.54941894953647,0.725211946692191,0.702903557683065,0.724868897091775,0.703002196678272
251,0.994263409067884,-0.112705742568846,-1.00043421152652,0.0500677032424402,0.373911766629884,-0.00190276935411283,0.0174698959951921,0.040757822477568,1.45411730653089,-0.0468299378879165,0.180286154290003,0.385546964259623,0.734020352589959,0.695265383902657,0.733467269602669,0.694437437694454,0.995030791779841,-0.0990724014578288,-0.999999944372265,0.0496506779702194,0.488767934609213,-7.83702264035593e-07,0.0261008671582939,-0.00745496352163104,1.46969526050787,-0.00372631237065268,0.0493425531618421,0.51946987555767,0.721595717975791,0.706392901456718,0.721288589842218,0.706527164443632
252,0.998234129870784,-0.0774989056308618,-1.0006152965555,0.0299079680690616,0.327335361031918,-0.00162139949771118,0.0140485321776069,0.0574045096766107,1.48950377870281,-0.0564188899140049,0.159262541791222,0.316291210776399,0.732189315281039,0.695165335819065,0.734114927727854,0.696403832195315,0.998756922574361,-0.0497838793733916,-0.999999963209764,0.0248563891413759,0.496185460872191,-4.06269751925488e-07,0.0255320475162059,-0.00378295764300374,1.52078276667041,-0.0018824384928224,0.050383239558313,0.501414729573001,0.71839198659425,0.709513150785599,0.718109308381032,0.709668472873625
253,1.00038678806996,-0.0477578540797827,-1.00074698791605,0.0140020899781746,0.265427108287208,-0.000944333945669202,0.00980930399854847,0.0691926461259159,1.51818625744334,-0.0645017205224424,0.075256672932455,0.254228507961452,0.728237468612112,0.695636313583851,0.734202527707458,0.700954591048856,1,1.28649811974131e-15,-1,-6.41532228862917e-16,0.498665500569808,0,0.0253429197281107,9.25358369241111e-17,1.5707963267949,5.91923711984949e-17,0.0505451480517383,0.498505371795595,0.714017266892608,0.713796224869866,0.713796224869866,0.714017266892608
254,1.00122685393402,-0.0246600747399289,-1.00079504063775,0.00377469146991857,0.196288224770295,-2.22966366630344e-05,0.00538900029771641,0.0701951219642944,1.54055288945379,-0.0526022515497814,-0.0569583326515678,0.191391215968453,0.728400730370192,0.693016168272974,0.735696191719962,0.702215682448778,1,1.28649811974131e-15,-1,0,0,0,0,0,1.5707963267949,0,0,0,0.7136775,0.7136775,0.7136775,0.7136775
255,1.00131667808846,-0.00833618070849434,-1.00074976624968,-0.00125640683047444,0.131806958139224,0.000867708555815774,0.00227374054400357,0.0602387524167969,1.55687402590481,-0.0304673853601742,-0.131344842028936,0.136200482841442,0.727932748738171,0.697615407904076,0.730135377434462,0.702432308914811,1,1.28649811974131e-15,-1,0,0,0,0,0,1.5707963267949,0,0,0,0.7136775,0.7136775,0.7136775,0.7136775
256,1.00108308479614,0.00211674647386993,-1.00063306788436,-0.00303755152069723,0.0795770768947168,0.00138343787456441,0.000672513288235097,0.0460432221084252,1.56818241384233,-0.014869709348151,-0.145633015565112,0.0912543173024585,0.72623681268373,0.702074820468997,0.725720958244742,0.703065463606928,1,1.28649811974131e-15,-1,0,0,0,0,0,1.5707963267949,0,0,0,0.7136775,0.7136775,0.7136775,0.7136775
257,1.00076076679496,0.00804932319608333,-1.00048508935216,-0.0032432457700299,0.0413456468093968,0.00151674024845644,-7.64248476079724e-05,0.0321829737195555,1.57549610342965,-0.00673714558611133,-0.128421270488292,0.0561330486758906,0.723994235555,0.705500884993074,0.722323053901623,0.704563577147242,1,1.28649811974131e-15,-1,0,0,0,0,0,1.5707963267949,0,0,0,0.7136775,0.7136775,0.7136775,0.7136775
258,1.00045543342746,0.0108041844398335,-1.00033726778213,-0.00280318634337329,0.0156300403597768,0.0014083012521529,-0.000415192283467818,0.0207098825489701,1.57974746091432,-0.00273935439673144,-0.100146064514724,0.0298285459078246,0.721676933743224,0.708052195641141,0.719737167628288,0.706475449799241,1,1.28649811974131e-15,-1,0,0,0,0,0,1.5707963267949,0,0,0,0.7136775,0.7136775,0.7136775,0.7136775
259,1.00020659808633,0.011503291517206,-1.00020666424516,-0.00216143790585741,-0.000244033269289802,0.00119189012186213,-0.000543743364213641,0.0121272280394996,1.58175225700877,-0.00070132383324534,-0.0717073014593604,0.0110434551188349,0.719545719074602,0.70995898462033,0.71778016871761,0.708388981366901,1,1.28649811974131e-15,-1,0,0,0,0,0,1.5707963267949,0,0,0,0.7136775,0.7136775,0.7136775,0.7136775
260,1.00002307691324,0.0109911230364664,-1.00009941081731,-0.0015181854492802,-0.00902822748204325,0.000951689740235618,-0.00055084189676962,0.00618441125282268,1.58219259300174,0.000370640977209662,-0.0477687772783372,-0.00160275226980077,0.717726917811324,0.711382675535677,0.716310847239933,0.710075232708319,1,1.28649811974131e-15,-1,0,0,0,0,0,1.5707963267949,0,0,0,0.7136775,0.7136775,0.7136775,0.7136775
261,0.99990007452557,0.00985522503993903,-1.00001554467367,-0.000959743865533122,-0.0130641309835995,0.000728509246943366,-0.00048698313066739,0.00235194925135978,1.58161532714593,0.000891450028621231,-0.0295733355696038,-0.00943891630943641,0.716263635070803,0.712431047267605,0.715222874650533,0.711443714143989,1,1.28649811974131e-15,-1,0,0,0,0,0,1.5707963267949,0,0,0,0.7136775,0.7136775,0.7136775,0.7136775
262,0.999827225825875,0.00847620175168529,-0.999952479547979,-0.000517406331556067,-0.0141438717721325,0.00053691676659748,-0.000388627625692305,6.74526375589392e-05,1.58044108350456,0.00106280928495957,-0.016729364423898,-0.0136616197363154,0.715147322494988,0.713181640271331,0.714435422972056,0.712485432691626,1,1.28649811974131e-15,-1,0,0,0,0,0,1.5707963267949,0,0,0,0.7136775,0.7136775,0.7136775,0.7136775
263,0.999792622438202,0.00708209283654503,-0.999906895943718,-0.000193675685826213,-0.0135391474382591,0.000378811860181169,-0.000282577351610231,-0.00115609860440948,1.57897936058094,0.00101715639454103,-0.00822441050494234,-0.0152945159296494,0.714339985667653,0.713695651625426,0.713885137792756,0.71323256583424,1,1.28649811974131e-15,-1,0,0,0,0,0,1.5707963267949,0,0,0,0.7136775,0.7136775,0.7136775,0.7136775
264,0.99978495851804,0.00579594640595049,-0.9998755734647,2.43166308004946e-05,-0.0120960082248614,0.00025120457813092,-0.000186108868086027,-0.00169700723171553,1.57744642780283,0.000855648740860988,-0.00294637142261375,-0.0151757207439324,0.713790126681281,0.714024379119157,0.713520540652658,0.713734109417457,1,1.28649811974131e-15,-1,0,0,0,0,0,1.5707963267949,0,0,0,0.7136775,0.7136775,0.7136775,0.7136775
265,0.999794625374681,0.00467299202729009,-0.99985567220171,0.000156529658075973,-0.0103421148439918,0.000149837704217669,-0.000107918314652505,-0.00182799829082016,1.57598364650708,0.000652511247509344,8.39630075487678e-05,-0.0139637955476614,0.713443465358131,0.714211725073634,0.713298705328561,0.714042356927815,1,1.28649811974131e-15,-1,0,0,0,0,0,1.5707963267949,0,0,0,0.7136775,0.7136775,0.7136775,0.7136775
266,0.999814126416321,0.00372755163571813,-0.99984477824545,0.000224517303951194,-0.00858233598789424,7.05626295132541e-05,-5.02531411481274e-05,-0.00173406149797014,1.57467465529683,0.000455459961311336,0.00163688147654511,-0.0121549765708799,0.713249393979955,0.714295013017236,0.713183530419573,0.71420596620984,1,1.28649811974131e-15,-1,0,0,0,0,0,1.5707963267949,0,0,0,0.7136775,0.7136775,0.7136775,0.7136775
267,0.999838051094909,0.00295135771910866,-0.999840869008314,0.000248033541848257,-0.00697447583218434,9.72015075347221e-06,-1.1383402926944e-05,-0.00153364693347788,1.5735605231807,0.000289474819137492,0.00227456799599926,-0.0101061858250022,0.713164260380673,0.714305295944639,0.713144897734173,0.714266825823643,1,1.28649811974131e-15,-1,0,0,0,0,0,1.5707963267949,0,0,0,0.7136775,0.7136775,0.7136775,0.7136775
268,0.999862797356548,0.00232532424733323,-0.999842261738802,0.000243326436370707,-0.00558481502981979,-3.58361990292147e-05,1.22926029825505e-05,-0.00129797320075467,1.57265247276551,0.000163043264093709,0.00238372700677875,-0.00805995169747055,0.713152515330162,0.71426765821864,0.713158196071077,0.71425906126166,1,1.28649811974131e-15,-1,0,0,0,0,0,1.5707963267949,0,0,0,0.7136775,0.7136775,0.7136775,0.7136775
269,0.999886188986321,0.00182665380720953,-0.999847565442607,0.000222661917918968,-0.00442647276767275,-6.8807146890817e-05,2.47958642802688e-05,-0.00106655579787813,1.57194211663768,7.46053165395152e-05,0.00221642585008272,-0.00616866103389527,0.713186564294595,0.714201669199086,0.713203906900825,0.714209212523988,1,1.28649811974131e-15,-1,0,0,0,0,0,1.5707963267949,0,0,0,0.7136775,0.7136775,0.7136775,0.7136775
270,0.99990708711651,0.00143280416397732,-0.999855639887289,0.000194609546814918,-0.00348451289084524,-9.15162081524216e-05,2.97479251012082e-05,-0.000858746184559604,1.57140936265918,1.77353008393766e-05,0.00192808989001086,-0.00451657192769854,0.713245927467346,0.714121990517294,0.713267121073137,0.71413701526685,1,1.28649811974131e-15,-1,0,0,0,0,0,1.5707963267949,0,0,0,0.7136775,0.7136775,0.7136775,0.7136775
271,0.999925051648573,0.00112345043289778,-0.999865560622805,0.000164699130876789,-0.00273149352205412,-0.000105961447321416,3.00275612492853e-05,-0.000681806131311959,1.57102826201998,-1.53894811719596e-05,0.00160846970857425,-0.00313876780993962,0.713316105325489,0.714039082416906,0.713336962927723,0.714056446659438,1,1.28649811974131e-15,-1,0,0,0,0,0,1.5707963267949,0,0,0,0.7136775,0.7136775,0.7136775,0.7136775
272,0.999940074999551,0.000881240447427474,-0.999876588429776,0.000136175179990004,-0.00213649700019402,-0.000113853502540151,2.77229248127129e-05,-0.000536269421746675,1.5707711261327,-3.2048887186569e-05,0.00130490132523243,-0.00203676660880839,0.713387390530124,0.713959944965747,0.713405951622143,0.713976832674757,1,1.28649811974131e-15,-1,0,0,0,0,0,1.5707963267949,0,0,0,0.7136775,0.7136775,0.7136775,0.7136775
273,0.999952389174463,0.000691874655781909,-0.999888142135416,0.000110690827099428,-0.00166993247360569,-0.000116645906854879,2.42336266855199e-05,-0.000419323981679387,1.57061124665395,-3.81411238404755e-05,0.00103874868045743,-0.00119085593042526,0.713453759474734,0.713888839166066,0.713469347214045,0.713903898025977,1,1.28649811974131e-15,-1,0,0,0,0,0,1.5707963267949,0,0,0,0.7136775,0.7136775,0.7136775,0.7136775
274,0.999962335985143,0.000543846907265949,-0.999899774256375,8.88706549894331e-05,-0.00130573828263349,-0.000115561841590359,2.0425970142338e-05,-0.000326827751895722,1.57052453318721,-3.8014529819922e-05,0.000816442601300045,-0.000569444210459361,0.713511907449936,0.713827948328871,0.713524526381372,0.71384069517124,1,1.28649811974131e-15,-1,0,0,0,0,0,1.5707963267949,0,0,0,0.7136775,0.7136775,0.7136775,0.7136775
275,0.999970286241185,0.000428047485457277,-0.999911149225529,7.07280733025769e-05,-0.00102208082389888,-0.000111619269802291,1.67870838860497e-05,-0.000254427495947324,1.57049034745053,-3.46389609575914e-05,0.00063653746430621,-0.00013583379966947,0.713560449340831,0.713777955329882,0.713570421110562,0.7137883849717,1,1.28649811974131e-15,-1,0,0,0,0,0,1.5707963267949,0,0,0,0.7136775,0.7136775,0.7136775,0.7136775
276,0.999976593979468,0.000337340799125368,-0.999922024077737,5.59526782330248e-05,-0.000801253823813984,-0.000105655017424716,1.35535743036542e-05,-0.000198117199005902,1.57049176942554,-2.99024685498088e-05,0.000493994012436447,0.0001471352799846,0.713599283619899,0.713738524499275,0.7136070398969,0.713746864862368,1,1.28649811974131e-15,-1,0,0,0,0,0,1.5707963267949,0,0,0,0.7136775,0.7136775,0.7136775,0.7136775
277,0.999981574040875,0.000266174362327372,-0.999932231489292,4.40946610728184e-05,-0.000629207224979885,-9.83477343907056e-05,1.08081776428537e-05,-0.000154465242682022,1.57051548619479,-2.49147141796218e-05,0.000382622990344568,0.000314129295010628,0.713629104698101,0.713708686987192,0.713635078745166,0.713715254356801,1,1.28649811974131e-15,-1,0,0,0,0,0,1.5707963267949,0,0,0,0.7136775,0.7136775,0.7136775,0.7136775
278,0.999985494124297,0.000210242575577657,-0.999941665046435,3.46743918559773e-05,-0.000494951994872681,-9.02394690425944e-05,8.54691381758494e-06,-0.000120659048144237,1.5705514517258,-2.02633569249237e-05,0.000296366209999607,0.000395647962812512,0.713651042932265,0.713687135589288,0.713655619885608,0.713692255255944,1,1.28649811974131e-15,-1,0,0,0,0,0,1.5707963267949,0,0,0,0.7136775,0.7136775,0.7136775,0.7136775
279,0.999988575085865,0.000166210457020015,-0.999950266591037,2.72413150414091e-05,-0.00038997106509562,-8.17555983385436e-05,6.7226830167594e-06,-9.44590624123645e-05,1.57059242803753,-1.62090953250604e-05,0.000229879529609247,0.000417284234626591,0.713666409961993,0.713672439482057,0.713669910035186,0.713676406908206,1,1.28649811974131e-15,-1,0,0,0,0,0,1.5707963267949,0,0,0,0.7136775,0.7136775,0.7136775,0.7136775
280,0.999990995391072,0.000131493265038934,-0.999958015470041,2.1400736685855e-05,-0.000307696557793376,-7.32229502927861e-05,5.27170893258974e-06,-7.41158203559769e-05,1.57063348611964,-1.28215576613005e-05,0.000178721588174042,0.000399626331917073,0.713676528027162,0.713663191379313,0.713679206559009,0.7136662572405,1,1.28649811974131e-15,-1,0,0,0,0,0,1.5707963267949,0,0,0,0.7136775,0.7136775,0.7136775,0.7136775
281,0.999992897207969,0.00010408412678382,-0.999964919503721,1.68216471811517e-05,-0.000243073663413534,-6.48860475167063e-05,4.12838618352854e-06,-5.82793824813588e-05,1.5706715189298,-1.0069176170418e-05,0.000139338231789665,0.00035857112935452,0.71368262372266,0.713658100460574,0.713684678877219,0.71366046854164,1,1.28649811974131e-15,-1,0,0,0,0,0,1.5707963267949,0,0,0,0.7136775,0.7136775,0.7136775,0.7136775
282,0.99999439271454,8.24209125271629e-05,-0.999971007484693,1.32343381892687e-05,-0.000192210729052225,-5.69214794200115e-05,3.23269436339767e-06,-4.59155243847606e-05,1.57070479848191,-7.87454584954997e-06,0.000108955184998691,0.000305872869250352,0.713685769637834,0.713656043464659,0.713687352507793,0.71365787486283,1,1.28649811974131e-15,-1,0,0,0,0,0,1.5707963267949,0,0,0,0.7136775,0.7136775,0.7136775,0.7136775
283,0.99999556989638,6.52841844718915e-05,-0.999976323023586,1.04232847419692e-05,-0.000152105627795214,-4.94504708376883e-05,2.53318404852848e-06,-3.62344415297642e-05,1.57073259386306,-6.14629615785317e-06,8.54417472362086e-05,0.000249798791807781,0.71368685996837,0.713656085231791,0.713688084519831,0.71365750496894,1,1.28649811974131e-15,-1,0,0,0,0,0,1.5707963267949,0,0,0,0.7136775,0.7136775,0.7136775,0.7136775
