step,position_error_m,attitude_error_deg,velocity_error_ms,rate_error_rads,yaw_error_raw_rad,yaw_error_corrected_rad,fullstate_error,cumulative_mse_pos,cumulative_rmse_pos,cumulative_mse_full,cumulative_rmse_full,cumulative_mse_input,cumulative_rmse_input,in_track,solve_time_s
1,0,0,0,0,0,0,0,0,0,0,0,1.57795682615791e-21,3.97235047063814e-11,1,0.0108108
2,1.64533933805511e-14,1.164163560121e-09,9.74528355004523e-12,8.12449903922171e-10,-1.97981631089306e-11,-1.97981631089306e-11,8.12762362640909e-10,1.35357076867581e-28,1.16343060329175e-14,3.30291329062816e-19,5.74709778116587e-10,3.06809471933069e-15,5.53903847191071e-08,1,0.0098018
3,9.09805111906261e-11,2.04575331351546e-06,1.70492172117891e-08,1.43177407457165e-06,2.86109032021642e-08,2.86109032021642e-08,1.43232068374388e-06,2.75915122907393e-21,5.25276234858758e-11,6.83847733887729e-13,8.26950865461624e-07,4.81826706607271e-15,6.94137383093052e-08,1,0.0091435
4,7.1805293759191e-10,4.49612567833949e-06,1.79811508563405e-08,1.25676920220599e-06,3.89474847928284e-08,3.89474847928284e-08,1.259345286508e-06,1.30969368717898e-19,3.61896903437841e-10,9.09373438078275e-13,9.53610737186969e-07,4.0338836929436e-15,6.35128624212734e-08,1,0.0091896
5,3.00563425317467e-09,5.94679879855206e-06,4.9037325186444e-08,7.05477164742593e-07,6.06963568294816e-09,6.06963568294816e-09,7.14761736672471e-07,1.91154294774569e-18,1.38258560232113e-09,8.29675618504829e-13,9.10865313042949e-07,3.29995968759781e-15,5.74452755898848e-08,1,0.0090842
6,7.80197281008489e-09,6.75138736425882e-06,1.12422942610623e-07,5.00143476096035e-07,-2.05284944598816e-08,-2.05284944598816e-08,5.26049543834581e-07,1.17380824113387e-17,3.42608850021985e-09,7.37517702515453e-13,8.5878850860701e-07,2.78349651820565e-15,5.27588525103195e-08,1,0.0090518
7,1.54145264043958e-08,7.06987670989789e-06,1.80378922547817e-07,4.52331148930615e-07,-4.2821434842466e-08,-4.2821434842466e-08,5.02596629357318e-07,4.40051598199782e-17,6.63363850537382e-09,6.68244226704865e-13,8.17462064382724e-07,2.40016403085486e-15,4.89914689599614e-08,1,0.0089632
8,2.58212057086328e-08,7.05566585155687e-06,2.46506406920331e-07,4.92003376863745e-07,-6.22713260955976e-08,-6.22713260955976e-08,5.64503373487656e-07,1.21846347873422e-16,1.10384033208351e-08,6.24546705701625e-13,7.90282674554887e-07,2.10516004352095e-15,4.58820230975156e-08,1,0.0090952
9,3.8766492993633e-08,6.94221082974227e-06,3.0671094517883e-07,5.41939971459539e-07,-8.01300028552276e-08,-8.01300028552276e-08,6.35573912438415e-07,2.75290195779197e-16,1.6591871376647e-08,6.00036427087252e-13,7.74620182468319e-07,1.87287188839221e-15,4.32766898964351e-08,1,0.0092091
10,5.38369799214211e-08,6.9650199479494e-06,3.58456927509192e-07,5.7412960677457e-07,-9.73662079850612e-08,-9.73662079850612e-08,6.89776807016133e-07,5.37603216907227e-16,2.3186272164952e-08,5.87611988728264e-13,7.66558535748096e-07,1.68626641183507e-15,4.10641743108889e-08,1,0.009187
11,7.05284149851253e-08,7.286717295527e-06,4.00460708689042e-07,5.85483096526914e-07,-1.14709063581131e-07,-1.14709063581131e-07,7.24090833526254e-07,9.40935408126029e-16,3.06746704648319e-08,5.81857038407217e-13,7.62795541680218e-07,1.53364186647531e-15,3.91617398295238e-08,1,0.0091864
12,8.82991445529945e-08,7.95460953359732e-06,4.32401326334333e-07,5.81091742742398e-07,-1.3269427112661e-07,-1.3269427112661e-07,7.42771953070166e-07,1.51225236818141e-15,3.88876891596995e-08,5.79344799728921e-13,7.61147028982523e-07,1.40674501017243e-15,3.75065995549107e-08,1,0.0091746
13,1.06610892373858e-07,8.91955800615641e-06,4.54678150572291e-07,5.68167551838268e-07,-1.5169870559717e-07,-1.5169870559717e-07,7.51762847919153e-07,2.2702239069944e-15,4.76468667069977e-08,5.78252690481429e-13,7.60429280394586e-07,1.29963747208789e-15,3.60504850464996e-08,1,0.0091028
14,1.24958380310555e-07,1.00973279271004e-05,4.68200512011089e-07,5.53631028152291e-07,-1.71970886864159e-07,-1.71970886864159e-07,7.56565406800109e-07,3.22339340005462e-15,5.67749363720878e-08,5.77834013644656e-13,7.6015394075454e-07,1.20798541999174e-15,3.47560846470333e-08,1,0.009141
15,1.4288933302682e-07,1.14142465053884e-05,4.74208926850777e-07,5.42946734638112e-07,-1.93658026947929e-07,-1.93658026947929e-07,7.61426104150736e-07,4.36965793957428e-15,6.61033882609226e-08,5.77963060207157e-13,7.60238817877091e-07,1.76558371612045e-15,4.20188495335182e-08,1,0.0091332
16,1.60003748433068e-07,1.0142404591236e-05,4.44608249273356e-07,1.65047983633122e-06,-1.65507644034335e-07,-1.65507644034335e-07,1.72589017109704e-06,5.69662928789042e-15,7.54760179652479e-08,7.28008924112295e-13,8.53234389902502e-07,1.68396626022979e-15,4.10361579613612e-08,1,0.0092109
17,1.75841997345228e-07,7.14657462025314e-06,3.79935711628316e-07,1.29485071973281e-06,-9.45930649365323e-08,-9.45930649365323e-08,1.36655326495412e-06,7.18038097862388e-15,8.47371286899897e-08,7.9503591833844e-13,8.91647866782869e-07,1.60333405439415e-15,4.0041653991739e-08,1,0.0093518
18,1.89967909603773e-07,5.65356328465949e-06,3.15526975477726e-07,9.98059288927444e-07,-3.8455906903323e-08,-3.8455906903323e-08,1.06841183167097e-06,8.78634907310185e-15,9.37355272727574e-08,8.14284136322667e-13,9.02376936940803e-07,1.52433158100807e-15,3.90426892133222e-08,1,0.0094976
19,2.02142261639908e-07,5.38098929875387e-06,2.55566392465462e-07,7.64359731072705e-07,4.90612128700718e-09,4.90612128700718e-09,8.36206723684875e-07,1.04745145924595e-14,1.02345076053807e-07,8.08229270449673e-13,8.99015723138185e-07,1.44985443464208e-15,3.8076954114557e-08,1,0.0104746
20,2.12284459169442e-07,5.70016711109827e-06,2.03344692849852e-07,5.83163506165115e-07,3.76614717190193e-08,3.76614717190193e-08,6.60598994043798e-07,1.22040234430796e-14,1.10471821941523e-07,7.89637358473773e-13,8.88615416518177e-07,1.38165645234441e-15,3.71706396547652e-08,1,0.0097798
21,2.20424888960686e-07,6.12963537008805e-06,1.61979615791611e-07,4.451406238825e-07,6.16803168540514e-08,6.16803168540514e-08,5.3331034046562e-07,1.39365524064249e-14,1.18053176181011e-07,7.65579385177287e-13,8.74973933998772e-07,1.3200786228508e-15,3.63328862444316e-08,1,0.0101316
22,2.26666620198609e-07,6.46750486765188e-06,1.344010635821e-07,3.42716318267309e-07,7.85704026284861e-08,7.85704026284861e-08,4.46808240153307e-07,1.56384253294175e-14,1.25053689787297e-07,7.39854758735996e-13,8.60148102791604e-07,1.26447736486931e-15,3.55594905035113e-08,1,0.0107977
23,2.31156218548964e-07,6.65993891001247e-06,1.21976312986244e-07,2.69724675514813e-07,8.97026515289667e-08,8.97026515289667e-08,3.93159076505304e-07,1.72816762878713e-14,1.31459789623563e-07,7.14407771810018e-13,8.45226461849142e-07,1.21379433441037e-15,3.48395512946187e-08,1,0.0102987
24,2.34062297112921e-07,6.70889811181431e-06,1.22300959105027e-07,2.20872993169236e-07,9.62375819035799e-08,9.62375819035799e-08,3.63645684283764e-07,1.88443213979507e-14,1.37274620370813e-07,6.90150705638693e-13,8.30753095473434e-07,1.16698794252573e-15,3.41612052264807e-08,1,0.0096011
25,2.35560432390584e-07,6.63426605292685e-06,1.30071943869487e-07,1.90987991679663e-07,9.91509252479261e-08,9.91509252479261e-08,3.49701466133018e-07,2.03100972343543e-14,1.42513498428585e-07,6.67436322029768e-13,8.16967760704037e-07,1.12325605476728e-15,3.35150123790412e-08,1,0.0093387
26,2.35823121964652e-07,6.45983095609643e-06,1.40494610460005e-07,1.74627227288297e-07,9.92576643099596e-08,9.92576643099596e-08,3.44321733205014e-07,2.16678836812312e-14,1.47200148373673e-07,6.46325596411597e-13,8.03943776897114e-07,1.08208903247816e-15,3.28951217124692e-08,1,0.0090288
27,2.35013592911438e-07,6.20832187025088e-06,1.50727898059937e-07,1.6657822034558e-07,9.72341061000748e-08,9.72341061000748e-08,3.42694528913174e-07,2.29109764653761e-14,1.51363722421775e-07,6.26737223957353e-13,7.91667369516613e-07,1.04322261245048e-15,3.22989568322335e-08,1,0.0090143
28,2.33282444286849e-07,5.89985770995905e-06,1.59451421685965e-07,1.62705714434048e-07,9.36378037330599e-08,9.36378037330599e-08,3.41938335272696e-07,2.40363236920572e-14,1.55036523735722e-07,6.08529531142057e-13,7.80083028364326e-07,1.0065519620983e-15,3.17262030835443e-08,1,0.00906
29,2.30766275391842e-07,5.55167735750608e-06,1.66194928055678e-07,1.60279286405005e-07,8.89252680380537e-08,8.89252680380537e-08,3.40517148057019e-07,2.50437978357181e-14,1.58252323318548e-07,5.9154409655512e-13,7.69119039261882e-07,9.72047124832806e-16,3.11776702919382e-08,1,0.008928
30,2.27587627941163e-07,5.17832213385024e-06,1.70910998017464e-07,1.57741413009475e-07,8.34675204508528e-08,8.34675204508528e-08,3.37723812092818e-07,2.59355421875903e-14,1.61045155740837e-07,5.756278724451e-13,7.58701438277996e-07,9.39689672877563e-16,3.06543581384045e-08,1,0.0089412
31,2.23855729157251e-07,4.79194646298218e-06,1.73747280662817e-07,1.54316184178153e-07,7.7563624856225e-08,7.7563624856225e-08,3.33328432098376e-07,2.67154081646527e-14,1.6344848780167e-07,5.60643355387037e-13,7.48761213863964e-07,9.0943557746148e-16,3.01568495944367e-08,1,0.0088824
32,2.19667652828523e-07,4.40263324976507e-06,1.74929764448393e-07,1.49693678241802e-07,7.1452336936062e-08,7.1452336936062e-08,3.27363638223618e-07,2.73884853376071e-14,1.65494668607805e-07,5.46472217769661e-13,7.39237592232471e-07,8.81200883995878e-16,2.96850279433232e-08,1,0.0090513
33,2.15109649508674e-07,4.01867709395958e-06,1.74703651446338e-07,1.43826758785782e-07,6.53221001734039e-08,6.53221001734039e-08,3.19998693131818e-07,2.7960717942884e-14,1.6721458651351e-07,5.33015458552583e-13,7.30079076917413e-07,8.54863326304409e-16,2.923804587014e-08,1,0.0092394
34,2.10258466929858e-07,3.64682683543572e-06,1.73304309477581e-07,1.36811130405113e-07,5.93195426112914e-08,5.93195426112914e-08,3.11466698790477e-07,2.84385975009078e-14,1.68637473596196e-07,5.20191812843843e-13,7.2124324110791e-07,8.30272756538939e-16,2.88144539517746e-08,1,0.0093619
35,2.05182570863748e-07,3.29249320704136e-06,1.70944261201147e-07,1.28815790879817e-07,5.35566866410875e-08,5.35566866410875e-08,3.0202242375652e-07,2.88289200690607e-14,1.69790812675659e-07,5.07935405175498e-13,7.12695871445526e-07,8.07264665050402e-16,2.84124033663188e-08,1,0.0095429
36,1.99943210940009e-07,2.95992731843711e-06,1.67808790594723e-07,1.20042203513627e-07,4.8117033468742e-08,4.8117033468742e-08,2.91917819503826e-07,2.91385969449479e-14,1.70700313253807e-07,4.96193199846841e-13,7.04409823786439e-07,7.8567295882967e-16,2.80298583448021e-08,1,0.0089617
37,1.94595326270556e-07,2.65237563567498e-06,1.64056086154924e-07,1.1070002764017e-07,4.30606981183246e-08,4.30606981183246e-08,2.81388076289679e-07,2.93745089466072e-14,1.7138993245406e-07,4.84922552539576e-13,6.96363807603163e-07,7.65339961341955e-16,2.76647783533857e-08,1,0.0088039
38,1.89188291244668e-07,2.37221338923913e-06,1.59819602902291e-07,1.00992483968265e-07,3.8428738857732e-08,3.8428738857732e-08,2.70644046294295e-07,2.95433958044354e-14,1.7188192401889e-07,4.74089016941022e-13,6.88541223850121e-07,7.46122949529198e-16,2.73152512258115e-08,1,0.0085427
39,1.83766523781782e-07,2.12105340274525e-06,1.55211289904223e-07,9.11093186848393e-08,3.42467636471611e-08,3.42467636471611e-08,2.59869238558476e-07,2.96517737392663e-14,1.72196903977006e-07,4.6366447858738e-13,6.80929128902105e-07,7.27897451944579e-16,2.69795747176374e-08,1,0.0086768
40,1.7836998022308e-07,1.89983027875496e-06,1.50324951950698e-07,8.12215448898792e-08,3.05279765910882e-08,3.05279765910882e-08,2.49218484089932e-07,2.97058756419042e-14,1.72353925519276e-07,4.53625612942997e-13,6.73517344203546e-07,7.10557934565193e-16,2.66562925885276e-08,1,0.0090414
41,1.7303455836166e-07,1.70885671383337e-06,1.4523937099881e-07,7.14811751086808e-08,2.72757483266162e-08,2.72757483266162e-08,2.38819037766947e-07,2.97116093674044e-14,1.72370558296376e-07,4.43952659768776e-13,6.66297726072044e-07,6.94016694178982e-16,2.63441965939176e-08,1,0.0088904
42,1.67792434304054e-07,1.54785274035338e-06,1.40020992918423e-07,6.20232591746223e-08,2.4485768079785e-08,2.4485768079785e-08,2.28772553455128e-07,2.96745305969824e-14,1.72262969314309e-07,4.346284745651e-13,6.59263585044025e-07,6.78201699361774e-16,2.60423059532326e-08,1,0.0088034
43,1.62672352269318e-07,1.41595961282729e-06,1.3472613980006e-07,5.29713609785896e-08,2.21478484441207e-08,2.21478484441207e-08,2.19157779161181e-07,2.95998274247929e-14,1.72046003803613e-07,4.2563781543956e-13,6.52409239235282e-07,6.63053989086523e-16,2.57498347390138e-08,1,0.0087505
44,1.57699877724706e-07,1.31176399530182e-06,1.29402774781099e-07,4.44477100189176e-08,2.02474432775546e-08,2.02474432775546e-08,2.10033547853232e-07,2.94923143341019e-14,1.71733265077276e-07,4.16966821707384e-13,6.45729681606308e-07,6.48525054046418e-16,2.54661550699437e-08,1,0.0087625
45,1.52897632644667e-07,1.23336740421076e-06,1.24091888758616e-07,3.65918194877182e-08,1.87669182416528e-08,1.87669182416528e-08,2.01441869332518e-07,2.93564337059739e-14,1.71337193002494e-07,4.08602644041001e-13,6.39220340759743e-07,6.34574460820749e-16,2.51907614180427e-08,1,0.008613
46,1.48285515139696e-07,1.17852859983214e-06,1.18828576841696e-07,2.95961099521093e-08,1.76866161716305e-08,1.76866161716305e-08,1.9341108181345e-07,2.91962632775885e-14,1.70869140799585e-07,4.00533191922028e-13,6.3287691688197e-07,6.21167847621931e-16,2.4923239107747e-08,1,0.0086273
47,1.43880912526358e-07,1.14487557525979e-06,1.13642871761945e-07,2.37688882279353e-08,1.69857421461472e-08,1.69857421461472e-08,1.85958741664255e-07,2.90155282501806e-14,1.7033945007009e-07,3.9274696770244e-13,6.26695274996102e-07,6.08275340786069e-16,2.46632386516059e-08,1,0.0086077
48,1.39698909050402e-07,1.13014497317179e-06,1.08560409477325e-07,1.96100754342429e-08,1.6643104228109e-08,1.6643104228109e-08,1.79094300715239e-07,2.88176169364242e-14,1.69757523946434e-07,3.85232963553403e-13,6.20671381290779e-07,5.95870349371606e-16,2.44104557387118e-08,1,0.0085558
49,1.3575249076718e-07,1.13238475293072e-06,1.03602968878702e-07,1.77300193756427e-08,1.66377236432425e-08,1.66377236432425e-08,1.72821517644642e-07,2.86055990142419e-14,1.69131898275405e-07,3.77980602602538e-13,6.14801270820529e-07,5.83928700455308e-16,2.41646167040843e-08,1,0.0087065
50,1.32052749059437e-07,1.15007064764116e-06,9.87889249962721e-08,1.83267190976808e-08,1.69493414858835e-08,1.69493414858835e-08,1.67140524425713e-07,2.83822456046402e-14,1.68470310751302e-07,3.70979709648593e-13,6.09081037012804e-07,5.72428034174874e-16,2.39254683167305e-08,1,0.0085503
51,1.28609077706176e-07,1.18212252621582e-06,9.41336447639126e-08,2.08072758330023e-08,1.75588197315335e-08,1.75588197315335e-08,1.62049551737037e-07,2.81500504921655e-14,1.67779767827249e-07,3.64220500777408e-13,6.03506835733787e-07,5.61347409172032e-16,2.36927712429769e-08,1,0.0093388
52,1.25429369147192e-07,1.22784404030095e-06,8.96498482851421e-08,2.43307506557643e-08,1.84484787446593e-08,1.84484787446593e-08,1.57546338873693e-07,2.79112519566366e-14,1.67066609340815e-07,3.57693584395006e-13,5.98074898649831e-07,5.50667044985197e-16,2.34662959366236e-08,1,0.008587
53,1.22520202096739e-07,1.28682322911767e-06,8.53479468490765e-08,2.83204235965906e-08,1.9602360623594e-08,1.9602360623594e-08,1.53629224442951e-07,2.76678547484327e-14,1.66336570688567e-07,3.51389968436665e-13,5.92781552038072e-07,5.40368169093903e-16,2.32458204650622e-08,1,0.0088557
54,1.19887024168323e-07,1.35883032479068e-06,8.12363653670269e-08,3.24771785747941e-08,2.10064277084143e-08,2.10064277084143e-08,1.50297918818554e-07,2.74216518561272e-14,1.65594842480456e-07,3.45301070213786e-13,5.87623238320087e-07,5.30432925177093e-16,2.30311294811412e-08,1,0.008924
55,1.17534324034281e-07,1.44373713942506e-06,7.73218510704587e-08,3.66641557655567e-08,2.26487189003421e-08,2.26487189003421e-08,1.47554003059064e-07,2.71742457737648e-14,1.64846127566785e-07,3.39418726824786e-13,5.82596538630969e-07,5.20844316645264e-16,2.28220138604213e-08,1,0.0088306
56,1.15465794415607e-07,1.54146697534903e-06,7.360977813133e-08,4.08285064341875e-08,2.45194677894744e-08,2.45194677894744e-08,1.45401250787475e-07,2.69270690578052e-14,1.6409469539813e-07,3.3373520534096e-13,5.77698195722438e-07,5.11586176221512e-16,2.26182708495038e-08,1,0.0087051
57,1.13684485613354e-07,1.65197344649269e-06,7.01044547157241e-08,4.49612187307339e-08,2.66111923608037e-08,2.66111923608037e-08,1.43845799118374e-07,2.66814040264257e-14,1.63344433717301e-07,3.28243212509084e-13,5.72925136915011e-07,5.02643140547329e-16,2.24197042921473e-08,1,0.0085359
58,1.12192946373612e-07,1.77524388528917e-06,6.68094725728294e-08,4.90792141404063e-08,2.89188197832857e-08,2.89188197832857e-08,1.4289692478842e-07,2.64384014952113e-14,1.62598897583013e-07,3.22935907657444e-13,5.68274500270287e-07,4.94000607859932e-16,2.22261244453443e-08,1,0.0084914
59,1.10993354196246e-07,1.91124891802739e-06,6.37269173958477e-08,5.31620851162823e-08,3.1438465608602e-08,3.1438465608602e-08,1.42546766164094e-07,2.6199098498271e-14,1.6186135579029e-07,3.17806817367383e-13,5.63743574125136e-07,4.85644755156809e-16,2.20373490954971e-08,1,0.0085625
60,1.10087640171955e-07,2.05993909018114e-06,6.08573006780611e-08,5.72348414342927e-08,3.41671468895299e-08,3.41671468895299e-08,1.427981956431e-07,2.59644349986103e-14,1.61134834839057e-07,3.12849892489242e-13,5.59329860180236e-07,4.77562519613908e-16,2.18532038752652e-08,1,0.0085661
61,1.09477604955191e-07,2.22141500593164e-06,5.82024115498156e-08,6.1405799944038e-08,3.71058352932607e-08,3.71058352932607e-08,1.43689699918696e-07,2.57352696049728e-14,1.60422160579431e-07,3.0805967670848e-13,5.5503123939872e-07,4.69741510386e-16,2.16735209503671e-08,1,0.0085228
62,1.09165017188299e-07,2.39596077958611e-06,5.57658999483787e-08,6.57152878526683e-08,4.02596223025853e-08,4.02596223025853e-08,1.452378426551e-07,2.55123943045333e-14,1.59725997585031e-07,3.03431198550909e-13,5.50845893649857e-07,4.62170009281838e-16,2.14981396702561e-08,1,0.0085825
63,1.0915168542891e-07,2.58396389182764e-06,5.35519433406095e-08,7.02034051038262e-08,4.36358198463438e-08,4.36358198463438e-08,1.47459519471734e-07,2.5296548211318e-14,1.59048886230989e-07,2.9895997809586e-13,5.46772327478138e-07,4.54836875266924e-16,2.1326904962205e-08,1,0.008606
64,1.094395221818e-07,2.78567009682665e-06,5.15617462858826e-08,7.47324145491906e-08,4.72393910655455e-08,4.72393910655455e-08,1.50280986253706e-07,2.50884304113815e-14,1.5839327767106e-07,2.94641609294822e-13,5.4280899890737e-07,4.47731705872632e-16,2.11596716863148e-08,1,0.008341
65,1.10030601045648e-07,3.00145503714917e-06,4.97978241127116e-08,7.95360368021423e-08,5.10778339624096e-08,5.10778339624096e-08,1.53807523886146e-07,2.4888711992229e-14,1.57761566904709e-07,2.9047261152727e-13,5.38955110864783e-07,4.40844596858767e-16,2.09962995991857e-08,1,0.0084478
66,1.10927197152281e-07,3.23206492690281e-06,4.82673776315825e-08,8.46427917048322e-08,5.51653633884541e-08,5.51653633884541e-08,1.58054081879943e-07,2.46980473115598e-14,1.57156124002725e-07,2.86450012758659e-13,5.35210250984283e-07,4.34166182094667e-16,2.08366547721717e-08,1,0.0085162
67,1.12131812110186e-07,3.47833936306881e-06,4.69781716801901e-08,9.00861604365997e-08,5.95178071272073e-08,5.95178071272073e-08,1.63038422054945e-07,2.45170845649262e-14,1.56579323554952e-07,2.82571378643845e-13,5.31574433775596e-07,4.27687597554519e-16,2.06806092162325e-08,1,0.0083734
68,1.13647187243646e-07,3.7412138913847e-06,4.59385696151942e-08,9.58967603457653e-08,6.41526596290021e-08,6.41526596290021e-08,1.68777536892146e-07,2.43464757208596e-14,1.56033572415873e-07,2.78834826854368e-13,5.2804812929729e-07,4.21400449485721e-16,2.05280405661554e-08,1,0.0083759
69,1.15476298947793e-07,4.02171006842424e-06,4.51573770294227e-08,1.02101157699753e-07,6.90889057075594e-08,6.90889057075594e-08,1.7528701929614e-07,2.41868858643062e-14,1.55521335720557e-07,2.75239040075808e-13,5.24632290348019e-07,4.1529678497008e-16,2.03788317861962e-08,1,0.0084227
70,1.17622330062572e-07,4.32092129690837e-06,4.46436575220419e-08,1.08720497985411e-07,7.43467793995478e-08,7.43467793995478e-08,1.82580208451917e-07,2.40390019595211e-14,1.55045161032265e-07,2.7178327568213e-13,5.21328376056905e-07,4.09369065933635e-16,2.02328709266292e-08,1,0.0084025
71,1.20088620511842e-07,4.63999390988599e-06,4.44065453782359e-08,1.15768836519757e-07,7.9947442443995e-08,7.9947442443995e-08,1.90667027939335e-07,2.39035410414495e-14,1.54607700459743e-07,2.684673692013e-13,5.18138368779325e-07,4.03610129904727e-16,2.00900505202134e-08,1,0.0083517
72,1.22878585934471e-07,4.98005539436594e-06,4.44545636874285e-08,1.23217981524322e-07,8.59117301743595e-08,8.59117301743595e-08,1.99531521342771e-07,2.37812577892246e-14,1.54211730387881e-07,2.65291611684745e-13,5.15064667478508e-07,3.98013210837054e-16,1.99502684402254e-08,1,0.0087305
73,1.25995600356916e-07,5.34221077060394e-06,4.47959388710722e-08,1.31080820985329e-07,9.22601146591262e-08,9.22601146591262e-08,2.09182435673673e-07,2.36729513990886e-14,1.53860168331796e-07,2.62256894968439e-13,5.1211023712521e-07,3.92571898170464e-16,1.98134272191982e-08,1,0.0084352
74,1.29442837826031e-07,5.72757236523062e-06,4.5439393333113e-08,1.39352019522191e-07,9.90132482669992e-08,9.90132482669992e-08,2.19618242605296e-07,2.3579471626999e-14,1.53556086258406e-07,2.59364668988934e-13,5.09278576997829e-07,3.87280119724908e-16,1.96794339279591e-08,1,0.0083212
75,1.33223063836761e-07,6.13718000980071e-06,4.63938598746347e-08,1.47990401702693e-07,1.06190560344999e-07,1.06190560344999e-07,2.30814519748911e-07,2.35017238018131e-14,1.53302719486032e-07,2.56616811302773e-13,5.06573599097676e-07,3.82132144980788e-16,1.95482005560816e-08,1,0.0083445
76,1.37338368989403e-07,6.57191268855145e-06,4.76683914184661e-08,1.56931414648022e-07,1.13808709567564e-07,1.13808709567564e-07,2.42730322549332e-07,2.34406725359559e-14,1.5310347003238e-07,2.54015511278854e-13,5.0399951515736e-07,3.77122588579512e-16,1.94196443988944e-08,1,0.0084801
77,1.4178983603832e-07,7.03240847900276e-06,4.92723981343863e-08,1.66081506884625e-07,1.21880178838296e-07,1.21880178838296e-07,2.55303697357519e-07,2.33973437706029e-14,1.52961903003993e-07,2.51563101754251e-13,5.01560666075651e-07,3.72246423184023e-16,1.92936886878591e-08,1,0.0084293
78,1.46577131152258e-07,7.51896512892963e-06,5.12158739302982e-08,1.75311419571225e-07,1.30411517140772e-07,1.30411517140772e-07,2.68446476988557e-07,2.33728246886314e-14,1.52881734319805e-07,2.49261824949806e-13,4.99261279241447e-07,3.67499008915637e-16,1.91702636631747e-08,1,0.0083671
79,1.51698005090395e-07,8.03141786443899e-06,5.35095374942092e-08,1.84448395135132e-07,1.39401163057329e-07,1.39401163057329e-07,2.82038487140974e-07,2.33682608919197e-14,1.52866807685382e-07,2.47113519674856e-13,4.97105139457295e-07,3.62876142534151e-16,1.90493081904344e-08,1,0.0085753
80,1.57147691051992e-07,8.5689894064198e-06,5.6164830253284e-08,1.9326725899494e-07,1.48836753588455e-07,1.48836753588455e-07,2.95921337777795e-07,2.33848500908078e-14,1.52921058362829e-07,2.45119218655823e-13,4.9509516121229e-07,3.58374139279279e-16,1.89307722842804e-08,1,0.0083627
81,1.62918183281139e-07,9.13010787736556e-06,5.91937097652199e-08,2.01480751765666e-07,1.58691830787205e-07,1.58691830787205e-07,3.09892379548461e-07,2.34238313791142e-14,1.530484608845e-07,2.43278651597137e-13,4.93232857377868e-07,3.53989962573666e-16,1.88146209787406e-08,1,0.0084937
82,1.68997383639164e-07,9.71218836812312e-06,6.26081953456664e-08,2.08729408872105e-07,1.68921855614457e-07,1.68921855614457e-07,3.23699543282699e-07,2.34864689925017e-14,1.53252957532642e-07,2.4158966065475e-13,4.91517711435458e-07,3.4972142185268e-16,1.87008401376163e-08,1,0.0083423
83,1.7536809269173e-07,1.0311372234866e-05,6.64196333220596e-08,2.14572403841637e-07,1.79459402449567e-07,1.79459402449567e-07,3.37038745104102e-07,2.35740292207165e-14,1.53538364002996e-07,2.40047557703504e-13,4.89946484530203e-07,3.4556747375171e-16,1.858944522442e-08,1,0.0087236
84,1.82006832810667e-07,1.09222210218467e-05,7.06376569361383e-08,2.18481450658303e-07,1.90208447659046e-07,1.90208447659046e-07,3.49556316423161e-07,2.36877489584434e-14,1.5390824850684e-07,2.38644486996931e-13,4.88512524913057e-07,3.41528664874779e-16,1.84804941729051e-08,1,0.0090254
85,1.88882482597208e-07,1.15373617724321e-05,7.52688296110572e-08,2.1984278861052e-07,2.01037649638636e-07,2.01037649638636e-07,3.60861031014034e-07,2.38287941734274e-14,1.54365780448347e-07,2.37368912840549e-13,4.87205206089333e-07,3.37607780744629e-16,1.837410625703e-08,1,0.0090605
86,1.95954710077692e-07,1.21470841549393e-05,8.03149721245691e-08,2.17976910777098e-07,2.1177256259719e-07,2.1177256259719e-07,3.7055293919407e-07,2.39982064318949e-14,1.54913545023974e-07,2.36205431072001e-13,4.86009702652118e-07,3.33810764759983e-16,1.82704889031461e-08,1,0.0090345
87,2.03172189794116e-07,1.27388937779827e-05,8.57711835834336e-08,2.12197989126723e-07,2.22186764986532e-07,2.22186764986532e-07,3.78281320996467e-07,2.41968355384908e-14,1.55553320564014e-07,2.35135216436861e-13,4.84907430791549e-07,3.30147997917325e-16,1.81699751765743e-08,1,0.0093176
88,2.10470605554671e-07,1.32970339067639e-05,9.16235985406538e-08,2.01963908048334e-07,2.31991972743373e-07,2.31991972743373e-07,3.83851434936319e-07,2.44252564505823e-14,1.56285816536826e-07,2.34137565387609e-13,4.83877634725566e-07,3.26636022588471e-16,1.80730745195296e-08,1,0.0091538
89,2.17770441011371e-07,1.38019994912682e-05,9.78469569690086e-08,1.87245258315676e-07,2.40827333630733e-07,2.40827333630733e-07,3.87410547061585e-07,2.46836689059498e-14,1.57110371732581e-07,2.33193176248136e-13,4.82900793381142e-07,3.23299789544564e-16,1.79805391894838e-08,1,0.0090603
90,2.24974587498968e-07,1.4230084014886e-05,1.04402123257522e-07,1.69443984781793e-07,2.48248252621153e-07,2.48248252621153e-07,3.89754057611543e-07,2.49717788627763e-14,1.58024614736997e-07,2.32290010127875e-13,4.81964739506818e-07,3.20175431227309e-16,1.78934466000072e-08,1,0.0091319
91,2.31965811270808e-07,1.45530301812222e-05,1.11233776342305e-07,1.5357175990891e-07,2.53715383369268e-07,2.53715383369268e-07,3.92785576093346e-07,2.52886619258065e-14,1.59024092281033e-07,2.31432762860393e-13,4.8107459178426e-07,3.17313487569809e-16,1.78132952473654e-08,1,0.0091535
92,2.38604163639061e-07,1.47378988648206e-05,1.18268625288246e-07,1.51611598227568e-07,2.56584702373885e-07,2.56584702373885e-07,4.00087640350683e-07,2.563261067559e-14,1.60101875927767e-07,2.30657081959317e-13,4.80267719047738e-07,3.1478227672306e-16,1.77421046305972e-08,1,0.0091031
93,2.44724454711602e-07,1.47473499148729e-05,1.25414664920753e-07,1.79694685778035e-07,2.56099995876724e-07,2.56099995876724e-07,4.17323126974577e-07,2.60009703321309e-14,1.61248163810106e-07,2.30049571317903e-13,4.796348312184e-07,3.12670812855415e-16,1.76825001867783e-08,1,0.0091894
94,2.50133963406872e-07,1.45406752362148e-05,1.32562236446119e-07,2.44166146467302e-07,2.5138956116777e-07,2.5138956116777e-07,4.51843436306843e-07,2.63899706440192e-14,1.62449901951399e-07,2.29774176845729e-13,4.79347657599085e-07,3.1109022220989e-16,1.76377499191334e-08,1,0.0092187
95,2.54610627071973e-07,1.40762299125689e-05,1.39587944197142e-07,3.41305135061769e-07,2.41469427120222e-07,2.41469427120222e-07,5.11035744417507e-07,2.67945664416399e-14,1.63690459226064e-07,2.30104527953378e-13,4.79692117877059e-07,3.10172092849974e-16,1.76117032921286e-08,1,0.0093601
96,2.57902020603016e-07,1.3316622533205e-05,1.46362858749118e-07,4.67200628133107e-07,2.25255900154764e-07,2.25255900154764e-07,6.00192064746986e-07,2.72083048352803e-14,1.64949400833347e-07,2.31460006980793e-13,4.81102906851323e-07,3.10061660373203e-16,1.76085678115287e-08,1,0.0097642
97,2.59725544256953e-07,1.22398942328587e-05,1.52766834031028e-07,6.19794669977008e-07,2.01590622861403e-07,2.01590622861403e-07,7.21510054605043e-07,2.76232435312008e-14,1.66202417344637e-07,2.34440592052086e-13,4.84190656717048e-07,3.10903508268702e-16,1.76324561042613e-08,1,0.0096381
98,2.59770309098871e-07,1.08652702369534e-05,1.58711093473911e-07,7.97573713964297e-07,1.69281444861724e-07,1.69281444861724e-07,8.74502709206377e-07,2.80299513879163e-14,1.67421478275388e-07,2.39851963443486e-13,4.89746836072971e-07,3.12817812437808e-16,1.76866563385454e-08,1,0.0086932
99,2.57701341731313e-07,9.31778325519758e-06,1.64171218315049e-07,9.9841875254853e-07,1.27162086194232e-07,1.27162086194232e-07,1.0567163246235e-06,2.84176284600598e-14,1.68575290182339e-07,2.48708503113004e-13,4.98706830826493e-07,3.15866608925422e-16,1.77726365215019e-08,1,0.0085556
100,2.53166830880717e-07,7.98901894681637e-06,1.69231646706987e-07,1.2188384349887e-06,7.41725485475797e-08,7.41725485475797e-08,1.26401817882017e-06,2.8774386618041e-14,1.69630146548428e-07,2.62198837645753e-13,5.1205354958808e-07,3.20012742568427e-16,1.78888999820678e-08,1,0.0088012
101,2.45809301801265e-07,7.75755873828626e-06,1.74139547032504e-07,1.45343568977794e-06,9.46034273141549e-09,9.46034273141549e-09,1.49048780246772e-06,2.90877314322389e-14,1.705512574924e-07,2.81598392612677e-13,5.30658451937474e-07,3.25078711247605e-16,1.80299393023827e-08,1,0.0090748
102,2.35281865675376e-07,9.5137972318446e-06,1.79358541744667e-07,1.69456311305122e-06,-6.75003053451917e-08,-6.75003053451917e-08,1.72819062076967e-06,2.93452787350178e-14,1.71304637225668e-07,3.0811843603526e-13,5.55084170225796e-07,3.3071842947382e-16,1.81856654943893e-08,1,0.0087536
103,2.21271314169949e-07,1.31320129350668e-05,1.85599940296272e-07,1.93220057510721e-06,-1.56778053650442e-07,-1.56778053650442e-07,1.96706344504349e-06,2.95357225771486e-14,1.71859601352815e-07,3.4269338905265e-13,5.85400195637694e-07,3.36419556584472e-16,1.83417435535576e-08,1,0.0088016
104,2.03531432343319e-07,1.803538633142e-05,1.93794332448927e-07,2.15412213821095e-06,-2.57854127383439e-07,-2.57854127383439e-07,2.19506445316968e-06,2.96500429749811e-14,1.72191878365331e-07,3.85728144480693e-13,6.21070160674857e-07,3.41554685919374e-16,1.84811981732618e-08,1,0.0084617
105,1.81934579034248e-07,2.3824567817399e-05,2.04964451353248e-07,2.34641984430082e-06,-3.69507895836563e-07,-3.69507895836563e-07,2.39868726731785e-06,2.9682901528061e-14,1.72287264555628e-07,4.36851691736999e-13,6.60947571095468e-07,3.45492390072136e-16,1.85874255902246e-08,1,0.0085782
106,1.56564208428842e-07,3.02355785078855e-05,2.19993738120881e-07,2.49442529707525e-06,-4.89737560727121e-07,-4.89737560727121e-07,2.56389263057721e-06,2.96341227528996e-14,1.72145644013723e-07,4.94745028806726e-13,7.03381140496905e-07,3.47762268780567e-16,1.86483851520867e-08,1,0.0083438
107,1.27922630052068e-07,3.70416267131326e-05,2.39352867370862e-07,2.58401295213218e-06,-6.15736077680396e-07,-6.15736077680396e-07,2.67744972747074e-06,2.95101047765121e-14,1.71785053996301e-07,5.57118785949964e-13,7.46403902689398e-07,3.48243246205433e-16,1.86612766499356e-08,1,0.0087464
108,9.75392636431762e-08,4.40113176795887e-05,2.62892849860699e-07,2.60321520384377e-06,-7.43939866154619e-07,-7.43939866154619e-07,2.72862579061254e-06,2.93249548059152e-14,1.71245305938339e-07,6.20899155572612e-13,7.87971544900329e-07,3.47319492837536e-16,1.86365096742265e-08,1,0.0087883
109,7.01891192768921e-08,5.08978715212904e-05,2.89779579648986e-07,2.54405508700993e-06,-8.70162137456276e-07,-8.70162137456276e-07,2.71113534473786e-06,2.91011158853551e-14,1.70590491778865e-07,6.82636363847054e-13,8.26218109125583e-07,3.45936118489547e-16,1.85993580128333e-08,1,0.0089706
110,5.99710117512266e-08,5.74431113118259e-05,3.18564212963719e-07,2.40433040607415e-06,-9.89809557871979e-07,-9.89809557871979e-07,2.62507787385302e-06,2.88692559432198e-14,1.6990955224242e-07,7.39076340937469e-13,8.5969549314712e-07,3.45500237693893e-16,1.8587636689313e-08,1,0.008872
111,8.02832956118821e-08,6.33890939062613e-05,3.47335784224589e-07,2.18947297997025e-06,-1.09816833138154e-06,-1.09816833138154e-06,2.47888811031984e-06,2.86672392910674e-14,1.69314025677341e-07,7.87777331230691e-13,8.87568212156503e-07,3.47614664016352e-16,1.86444271570985e-08,1,0.0086507
112,1.1917819097838e-07,6.84935274824936e-05,3.73911730583249e-07,1.91470519066934e-06,-1.19073416815496e-06,-1.19073416815496e-06,2.29110898398737e-06,2.85380982367264e-14,1.68932229715725e-07,8.27611286992092e-13,9.09731436739488e-07,3.53693277851053e-16,1.88067349067044e-08,1,0.0089642
113,1.65199465705314e-07,7.25459905462396e-05,3.96051431011827e-07,1.60863844327059e-06,-1.26354886198499e-06,-1.26354886198499e-06,2.0916602444769e-06,2.85270607609087e-14,1.68899558202231e-07,8.59004484260526e-13,9.26824948013662e-07,3.64563578614841e-16,1.90935480886828e-08,1,0.0091218
114,2.13815206552288e-07,7.53824236086852e-05,4.11693123312509e-07,1.32056615979475e-06,-1.3135025938027e-06,-1.3135025938027e-06,1.92096190035229e-06,2.86778491976814e-14,1.69345354815777e-07,8.83838608281093e-13,9.40126910731255e-07,3.80184947012691e-16,1.9498331903337e-08,1,0.0089384
115,2.62708738800665e-07,7.68958625843483e-05,4.19215770255323e-07,1.12922850274973e-06,-1.33856437578572e-06,-1.33856437578572e-06,1.82239116035854e-06,2.90286146954601e-14,1.70377858583386e-07,9.05032268568674e-13,9.51331839354005e-07,3.99584737875676e-16,1.99896157510763e-08,1,0.0090794
116,3.10217553974461e-07,7.7042108543646e-05,4.17725095876935e-07,1.11746589101878e-06,-1.33791358170043e-06,-1.33791358170043e-06,1.82414686457048e-06,2.96079794894122e-14,1.72069693698258e-07,9.25915712663102e-13,9.62245141667705e-07,4.21043601171194e-16,2.05193469967052e-08,1,0.0090491
117,3.54940516384775e-07,7.58398721395821e-05,4.07364910604952e-07,1.28404637528392e-06,-1.31196023644975e-06,-1.31196023644975e-06,1.92165757771334e-06,3.04316956490881e-14,1.74446827569572e-07,9.49564021494897e-13,9.74455756561013e-07,4.42475270260795e-16,2.10350961552543e-08,1,0.0090639
118,3.95646933336889e-07,7.33658015820314e-05,3.89659329370897e-07,1.54482430115707e-06,-1.26225841334815e-06,-1.26225841334815e-06,2.08193869107326e-06,3.15003803966287e-14,1.77483465135851e-07,9.78249654477041e-13,9.89065040569649e-07,4.61881406967369e-16,2.14914263595362e-08,1,0.008784
119,4.31271923832688e-07,6.97454764729158e-05,3.67874620255465e-07,1.82345293844076e-06,-1.19133116172065e-06,-1.19133116172065e-06,2.26453050232464e-06,3.27986584797356e-14,1.81103999071626e-07,1.01312233297689e-12,1.0065397821134e-06,4.7774509405699e-16,2.18573807684496e-08,1,0.0087036
120,4.60936074612249e-07,6.51418665874789e-05,3.47269273517876e-07,2.07619523592045e-06,-1.10243509698904e-06,-1.10243509698904e-06,2.43644769174996e-06,3.42958535330624e-14,1.85191397027676e-07,1.05414862482403e-12,1.02671740261088e-06,4.89260759048691e-16,2.21192395675957e-08,1,0.0087114
121,4.83967681671474e-07,5.9742848252257e-05,3.34738054507765e-07,2.28075664859955e-06,-9.99296265291605e-07,-9.99296265291605e-07,2.57592082149608e-06,3.59481581890078e-14,1.89599995224177e-07,1.10027440543389e-12,1.04893965767049e-06,4.96363678383284e-16,2.22792207759447e-08,1,0.0087419
122,4.99918818803236e-07,5.37492492952076e-05,3.36968096105184e-07,2.42701267954534e-06,-8.85847426523867e-07,-8.85847426523867e-07,2.67093449030963e-06,3.77020161169145e-14,1.94170070085259e-07,1.14973027958218e-12,1.07225476430845e-06,4.99589180994623e-16,2.23514916950664e-08,1,0.0091441
123,5.08571700146211e-07,4.73646167481079e-05,3.57241663347553e-07,2.51219383081354e-06,-7.65990927575899e-07,-7.65990927575899e-07,2.71675642103e-06,3.94983019549039e-14,1.98741797201555e-07,1.20038910211572e-12,1.09562270062085e-06,4.99834828838902e-16,2.23569861304896e-08,1,0.009108
124,5.09934494233162e-07,4.07876756865423e-05,3.93662105017717e-07,2.53823542054789e-06,-6.43403584632551e-07,-6.43403584632551e-07,2.71374540748303e-06,4.12768091037259e-14,2.03166948846819e-07,1.25009898142636e-12,1.1180782537132e-06,4.98108428372952e-16,2.23183428679853e-08,1,0.0093316
125,5.04227301163656e-07,3.42084681829873e-05,4.4078584052168e-07,2.51009034569692e-06,-5.21391635643909e-07,-5.21391635643909e-07,2.66562564032564e-06,4.29805560008063e-14,2.07317524586819e-07,1.29694267000984e-12,1.13883390799969e-06,4.95325896238141e-16,2.22559182294989e-08,1,0.0091171
126,4.91859985880956e-07,2.78099259274939e-05,4.92431658257507e-07,2.43453682541199e-06,-4.02796854537257e-07,-4.02796854537257e-07,2.57817249374663e-06,4.45594900461239e-14,2.11091188935313e-07,1.33940323141859e-12,1.15732589680633e-06,4.9219066589403e-16,2.21853705376771e-08,1,0.0092652
127,4.73404132240032e-07,2.17793513667449e-05,5.43284322261385e-07,2.31930245259755e-06,-2.89949445786419e-07,-2.89949445786419e-07,2.45823625089705e-06,4.59732851829413e-14,2.14413817611975e-07,1.37643883955879e-12,1.17321730278699e-06,4.89154956948449e-16,2.21168478076883e-08,1,0.0096265
128,4.49561628312212e-07,1.63427308986455e-05,5.89295809717615e-07,2.17242403108708e-06,-1.84660092550359e-07,-1.84660092550359e-07,2.31304130501376e-06,4.71930693428459e-14,2.17239658770782e-07,1.40748353673958e-12,1.18637411331316e-06,4.86442587114009e-16,2.20554434803295e-08,1,0.0093804
129,4.21132466733608e-07,1.18568738400821e-05,6.27601376250622e-07,2.00179445461244e-06,-8.82420101433468e-08,-8.82420101433468e-08,2.14970738933834e-06,4.82020576001659e-14,2.19549670006962e-07,1.43239639195691e-12,1.19682763669499e-06,4.84105467598191e-16,2.20023968603012e-08,1,0.0094584
130,3.88984311236357e-07,8.98828172286397e-06,6.56336938461994e-07,1.81485830171243e-06,-1.55382373634438e-09,-1.55382373634438e-09,1.97494491737369e-06,4.89951863446879e-14,2.21348563005699e-07,1.45138109222386e-12,1.20473278872282e-06,4.82088748141562e-16,2.19565194906106e-08,1,0.0098481
131,3.5402642961704e-07,8.51085824920241e-06,6.74467555689151e-07,1.61842387814593e-06,7.49449808878921e-08,7.49449808878921e-08,1.79488214649141e-06,4.95779308219604e-14,2.2266102223326e-07,1.46489422831218e-12,1.21032814902083e-06,4.80287554898799e-16,2.19154638303368e-08,1,0.0094638
132,3.17190942183346e-07,1.00251550911588e-05,6.816396178691e-07,1.41859350321107e-06,1.41133609687927e-07,1.41133609687927e-07,1.6150125009169e-06,4.99645381172725e-14,2.2352748850482e-07,1.47355613096222e-12,1.21390120313073e-06,4.78588559118477e-16,2.18766670020476e-08,1,0.0091351
133,2.79425397276343e-07,1.22997163093565e-05,6.78051054800967e-07,1.22066460336711e-06,1.9716764931843e-07,1.9716764931843e-07,1.44011711436127e-06,5.01759216851355e-14,2.23999825189966e-07,1.47807027511346e-12,1.21575913531976e-06,4.76893698434865e-16,2.18378959250855e-08,1,0.0089672
134,2.41703215194578e-07,1.45960508772642e-05,6.64333773115039e-07,1.02921816332492e-06,2.43418974754661e-07,2.43418974754661e-07,1.27434177567751e-06,5.0237447972824e-14,2.24137118685915e-07,1.47915890709945e-12,1.21620676987898e-06,4.75130412688758e-16,2.17974863846444e-08,1,0.0090973
135,2.05063965927519e-07,1.66250887713708e-05,6.41444929046972e-07,8.48251354467519e-07,2.80422700171812e-07,2.80422700171812e-07,1.12126155987108e-06,5.01768093220766e-14,2.24001806515208e-07,1.47751497064423e-12,1.2155307361989e-06,4.73253024660603e-16,2.17543794363481e-08,1,0.008828
136,1.7070536537631e-07,1.82850622171611e-05,6.1056782487127e-07,6.81383536607016e-07,3.08830636619462e-07,3.08830636619462e-07,9.83902316734131e-07,5.00221292665338e-14,2.2365627482039e-07,1.47376900592534e-12,1.21398888212592e-06,4.71238943675567e-16,2.17080386879047e-08,1,0.0087845
137,1.40158889740707e-07,1.95496598610375e-05,5.73023723372003e-07,5.32288982337359e-07,3.29371118823474e-07,3.29371118823474e-07,8.64727558726086e-07,4.98003948512551e-14,2.23160020727851e-07,1.46846962450121e-12,1.21180428473463e-06,4.69082949980522e-16,2.16583228801429e-08,1,0.0086573
138,1.15542562191008e-07,2.04264576260801e-05,5.30195456829643e-07,4.05545049704143e-07,3.4281556793303e-07,3.4281556793303e-07,7.65521206647526e-07,4.95362621615914e-14,2.22567432841356e-07,1.46207508169923e-12,1.20916296738663e-06,4.66791451287079e-16,2.16053570043885e-08,1,0.0084848
139,9.9590239687396e-08,2.0939816664142e-05,4.83463542626983e-07,3.08098416466454e-07,3.49951350564481e-07,3.49951350564481e-07,6.87129719264005e-07,4.92512402456158e-14,2.21926204504146e-07,1.45495329874525e-12,1.20621444973323e-06,4.64377618584758e-16,2.15494226972501e-08,1,0.0085412
140,9.44956385898307e-08,2.11227731306213e-05,4.34154988085667e-07,2.49907607758594e-07,3.51560282219054e-07,3.51560282219054e-07,6.29114788051425e-07,4.8963227284665e-14,2.21276359525063e-07,1.44738781387239e-12,1.20307431768465e-06,4.61857729624902e-16,2.14908754969383e-08,1,0.008513
141,9.96181851313584e-08,2.1012637262439e-05,3.8350446244461e-07,2.36724811510369e-07,3.48402028116368e-07,3.48402028116368e-07,5.89521927457771e-07,4.86863517919288e-14,2.20649839773177e-07,1.43958744712828e-12,1.19982809065644e-06,4.59248693629891e-16,2.14300885119472e-08,1,0.0085712
142,1.11511973605725e-07,2.06483341387533e-05,3.32627131318649e-07,2.57518021257655e-07,3.41201722875439e-07,3.41201722875439e-07,5.65036304014057e-07,4.84310600205592e-14,2.2007057963426e-07,1.43169785964748e-12,1.19653577449547e-06,4.56566563699478e-16,2.13674182740798e-08,1,0.0084972
143,1.26557652585986e-07,2.0068673003393e-05,2.82502266538586e-07,2.92814758105685e-07,3.30641094947737e-07,3.30641094947737e-07,5.51588630050398e-07,4.82043871492831e-14,2.19554975232362e-07,1.4238136089982e-12,1.19323661065113e-06,4.53825827411513e-16,2.13031881982842e-08,1,0.0085984
144,1.42349438328102e-07,1.93111760049101e-05,2.33966934651409e-07,3.29497958527815e-07,3.17352476741917e-07,3.17352476741917e-07,5.45134097799418e-07,4.80103522565265e-14,2.1911264741344e-07,1.4159897032731e-12,1.18995365593501e-06,4.51039238190288e-16,2.12376843886119e-08,1,0.0087876
145,1.57545883036487e-07,1.84112821544195e-05,1.87720041317385e-07,3.6153418129559e-07,3.0191519329037e-07,3.0191519329037e-07,5.42240046378118e-07,4.78504236565625e-14,2.18747396913798e-07,1.40825201061533e-12,1.18669794413546e-06,4.48217989286855e-16,2.11711593751229e-08,1,0.0087875
146,1.71446908874867e-07,1.74018190853463e-05,1.44340364239849e-07,3.86634149281645e-07,2.84853817866804e-07,2.84853817866804e-07,5.40332678336178e-07,4.77240100874267e-14,2.18458257082278e-07,1.40060617083904e-12,1.18347208283045e-06,4.45372048483712e-16,2.11038396621021e-08,1,0.0085904
147,1.83709441749148e-07,1.6312679178693e-05,1.04334916559997e-07,4.04229779066226e-07,2.66637953494353e-07,2.66637953494353e-07,5.37676864163571e-07,4.76289430731435e-14,2.18240562391924e-07,1.39304487995073e-12,1.18027322258481e-06,4.42510520835095e-16,2.10359340376199e-08,1,0.0086349
148,1.94191482633699e-07,1.51706515590996e-05,6.8295898710194e-08,4.14548436990509e-07,2.47683172638347e-07,2.47683172638347e-07,5.33228245645832e-07,4.75619254302673e-14,2.18086967584648e-07,1.38555357915346e-12,1.17709539934258e-06,4.39641949651564e-16,2.0967640536111e-08,1,0.0085806
149,2.02868312326983e-07,1.39993750754124e-05,3.76889794513485e-08,4.18189842833832e-07,2.28352845965674e-07,2.28352845965674e-07,5.26458393610922e-07,4.75189296364158e-14,2.17988370415524e-07,1.37811468560346e-12,1.17393129509501e-06,4.36774492140401e-16,2.08991505124108e-08,1,0.0086283
150,2.09785755413857e-07,1.28193853002134e-05,2.09018421998493e-08,4.15919449426516e-07,2.08960655889712e-07,2.08960655889712e-07,5.17199904956062e-07,4.74955371933368e-14,2.17934708555881e-07,1.37071055931068e-12,1.17077348761862e-06,4.33915967045597e-16,2.08306497029161e-08,1,0.0087469
151,2.15032652297867e-07,1.16482312404108e-05,3.26224677386352e-08,4.08560325927474e-07,1.89773585290709e-07,1.89773585290709e-07,5.05525164224779e-07,4.74872160301641e-14,2.17915616765215e-07,1.36332542773686e-12,1.16761527385388e-06,4.31073782314577e-16,2.07623164005025e-08,1,0.0085393
152,2.18723719707404e-07,1.05006428132495e-05,5.23673650443787e-08,3.96933218801224e-07,1.7101523042129e-07,1.7101523042129e-07,4.91656963119584e-07,4.74895374086672e-14,2.17920943024454e-07,1.35594648787928e-12,1.16445115306709e-06,4.28254788965122e-16,2.06943177941463e-08,1,0.0085366
153,2.20988352325073e-07,9.38873344693427e-06,7.07796843559318e-08,3.81822273351829e-07,1.52869316316639e-07,1.52869316316639e-07,4.75904797734758e-07,4.74983368495475e-14,2.17941131614818e-07,1.34856438911214e-12,1.1612770509711e-06,4.25465094431794e-16,2.06268052405552e-08,1,0.0086046
154,2.21963029809743e-07,8.32222512126082e-06,8.66250079565585e-08,3.63955564287334e-07,1.35483315233387e-07,1.35483315233387e-07,4.58620497295054e-07,4.75098254843058e-14,2.17967487218406e-07,1.34117327464088e-12,1.15809035685515e-06,4.22709885888344e-16,2.05599096760745e-08,1,0.0084991
155,2.21786042384149e-07,7.3086844442018e-06,9.97730985559068e-08,3.43994730676208e-07,1.18972063312128e-07,1.18972063312128e-07,4.40167926047546e-07,4.75206591818033e-14,2.17992337438276e-07,1.33377052966334e-12,1.15488983442722e-06,4.1999329270907e-16,2.04937378901232e-08,1,0.008704
156,2.20593784857583e-07,6.35376296336305e-06,1.10336440662498e-07,3.22530404347849e-07,1.03421329278319e-07,1.03421329278319e-07,4.20902729336087e-07,4.75279730198546e-14,2.18009112240417e-07,1.32635635388064e-12,1.15167545510037e-06,4.17318310655175e-16,2.04283702398203e-08,1,0.0086189
157,2.18518163468879e-07,5.46143513600315e-06,1.18506327876421e-07,3.00081420681894e-07,8.88912667917907e-08,8.88912667917907e-08,4.01159199967336e-07,4.75293884004021e-14,2.18012358366222e-07,1.31893324782865e-12,1.14844819118176e-06,4.14686796115398e-16,2.03638600494945e-08,1,0.0088669
158,2.15684814540392e-07,4.63423115935479e-06,1.2450377452196e-07,2.77096656125119e-07,7.54197175822924e-08,7.54197175822924e-08,3.81242284672925e-07,4.75229994815598e-14,2.17997705220857e-07,1.31150547840962e-12,1.14520979667903e-06,4.12099525799203e-16,2.03002346242403e-08,1,0.0086789
159,2.12211927288098e-07,3.87346339243043e-06,1.28559213314597e-07,2.53958562783586e-07,6.30253200739617e-08,6.30253200739617e-08,3.61423185594992e-07,4.7507344780942e-14,2.17961796608814e-07,1.30407856797362e-12,1.14196259482245e-06,4.09556314123927e-16,2.0237497723877e-08,1,0.00862
160,2.0820953076896e-07,3.17945060098829e-06,1.30901990341148e-07,2.30987679143961e-07,5.17104110642208e-08,5.17104110642208e-08,3.41937416196319e-07,4.7481368930455e-14,2.17902200380021e-07,1.29665883440251e-12,1.13870928441043e-06,4.07056165648277e-16,2.01756329677231e-08,1,0.0086165
161,2.0377912776999e-07,2.55175335818496e-06,1.31754142804801e-07,2.08447889272727e-07,4.14637133516749e-08,4.14637133516749e-08,3.22984688862172e-07,4.74443786446429e-14,2.17817305659222e-07,1.28925299760025e-12,1.13545277206947e-06,4.04597463993963e-16,2.01146082237254e-08,1,0.0083789
162,1.99013597304507e-07,1.9894768472378e-06,1.31326788389666e-07,1.86536710820977e-07,3.22631903415527e-08,3.22631903415527e-08,3.04720795177572e-07,4.73959961339481e-14,2.1770621519366e-07,1.28186782331268e-12,1.13219601806078e-06,4.0217813495136e-16,2.00543794456812e-08,1,0.0085159
163,1.93997296370862e-07,1.49170432683932e-06,1.29817783127942e-07,1.65417303454069e-07,2.40783801785938e-08,2.40783801785938e-08,2.87277429039514e-07,4.7336112421465e-14,2.17568638414329e-07,1.27450991225699e-12,1.12894194370525e-06,3.99795808659307e-16,1.9994894564846e-08,1,0.0086975
164,1.88806310541936e-07,1.05834795859313e-06,1.27409467821234e-07,1.45242218798681e-07,1.68713158998912e-08,1.68713158998912e-08,2.70772043621024e-07,4.72648423634101e-14,2.17404789191522e-07,1.26718556827742e-12,1.12569337222772e-06,3.9744801670856e-16,1.99360983321351e-08,1,0.0085655
165,1.83508814671515e-07,6.92891624154127e-07,1.2426791488287e-07,1.26099983261932e-07,1.05983000153742e-08,1.05983000153742e-08,2.55275247465748e-07,4.71824826221903e-14,2.17215290949303e-07,1.25990059787555e-12,1.1224529379335e-06,3.95132283485071e-16,1.98779345880066e-08,1,0.0085894
166,1.78165505232862e-07,4.13611671821918e-07,1.20543199231895e-07,1.0806006931251e-07,5.21201570791163e-09,5.21201570791163e-09,2.40837499205582e-07,4.70894733729896e-14,2.17001090718433e-07,1.25266024909933e-12,1.11922305600775e-06,3.92846238553089e-16,1.98203491027048e-08,1,0.00872
167,1.72830083582976e-07,2.91622463325932e-07,1.16369529500484e-07,9.11674025645418e-08,6.62702781539792e-10,6.62702781539792e-10,2.2748517810716e-07,4.69863641778897e-14,2.16763382926844e-07,1.24546916680687e-12,1.11600589909143e-06,3.90587692052619e-16,1.97632915288071e-08,1,0.0085205
168,1.67549766347848e-07,3.7054615690672e-07,1.11865896291551e-07,7.54508204901739e-08,-3.10055892072114e-09,-3.10055892072114e-09,2.15224428440628e-07,4.68737841780404e-14,2.1650354310736e-07,1.23833138340086e-12,1.11280338937337e-06,3.88354674647597e-16,1.97067164856959e-08,1,0.0085396
169,1.62365806998345e-07,5.13248868712692e-07,1.07136883111651e-07,6.09378453439081e-08,-6.12884676343128e-09,-6.12884676343128e-09,2.04045660727383e-07,4.6752416551438e-14,2.1622307127464e-07,1.23125033753258e-12,1.10961720315277e-06,3.86145467433234e-16,1.96505844043691e-08,1,0.0089465
170,1.57314018258696e-07,6.45173203800253e-07,1.02273566832993e-07,4.76742760669264e-08,-8.47261105718644e-09,-8.47261105718644e-09,1.93925800100721e-07,4.6622977044316e-14,2.15923544441814e-07,1.2242289074056e-12,1.10644878209775e-06,3.83958611596181e-16,1.95948618672391e-08,1,0.0087673
171,1.52425285601025e-07,7.50368255794632e-07,9.73545467609502e-08,3.5771707435134e-08,-1.01809645158824e-08,-1.01809645158824e-08,1.84831020459347e-07,4.64861962878612e-14,2.15606577561681e-07,1.21726945476652e-12,1.10329934957224e-06,3.81792896459168e-16,1.95395213979045e-08,1,0.0086458
172,1.47726062161368e-07,8.26393085640972e-07,9.24470403919952e-08,2.55422389550948e-08,-1.13010996116714e-08,-1.13010996116714e-08,1.7671978299909e-07,4.63428055503836e-14,2.15273792065787e-07,1.21037387585336e-12,1.10016993044409e-06,3.79647347287956e-16,1.94845412388374e-08,1,0.0084758
173,1.43238844891718e-07,8.74320532861185e-07,8.76079067555444e-08,1.79006067528808e-08,-1.18778986646362e-08,-1.18778986646362e-08,1.69545876906842e-07,4.61935255569473e-14,2.14926791156773e-07,1.20354365578702e-12,1.0970613728443e-06,3.77521201336358e-16,1.94299048205687e-08,1,0.0084282
174,1.38982624896271e-07,8.96436943304872e-07,8.28847087076395e-08,1.49349467745914e-08,-1.19535830123141e-08,-1.19535830123141e-08,1.63260184700925e-07,4.60390579964077e-14,2.14567140998821e-07,1.19677992148887e-12,1.09397436966726e-06,3.75413881622292e-16,1.93756001616025e-08,1,0.0086366
175,1.34973312366439e-07,8.95622681095844e-07,7.83167525691134e-08,1.75918592685228e-08,-1.15674110290342e-08,-1.15674110290342e-08,1.57813586581697e-07,4.58800793510064e-14,2.14196356997514e-07,1.19008349409813e-12,1.09090948024945e-06,3.73324969639998e-16,1.93216192292468e-08,1,0.008495
176,1.31224130193442e-07,8.75252797498033e-07,7.39359872943851e-08,2.31920325660424e-08,-1.0755575097221e-08,-1.0755575097221e-08,1.53158514061965e-07,4.57172366975633e-14,2.13815894398811e-07,1.18345493748638e-12,1.08786715066058e-06,3.71254177453585e-16,1.92679572724663e-08,1,0.0084722
177,1.27745984473584e-07,8.39349296662581e-07,6.97679253946279e-08,2.95742526374727e-08,-9.55103640620791e-09,-9.55103640620791e-09,1.49250934872386e-07,4.55511451713009e-14,2.13427142536513e-07,1.17689460361109e-12,1.08484773291513e-06,3.69201324406388e-16,1.92146122627127e-08,1,0.0083528
178,1.24547799876206e-07,7.92963053589688e-07,6.58324486820816e-08,3.59622897477136e-08,-7.98347432606761e-09,-7.98347432606761e-09,1.46050992971438e-07,4.53823867964847e-14,2.13031422087176e-07,1.17040267265006e-12,1.08185150212497e-06,3.67166313672393e-16,1.91615843205199e-08,1,0.0083582
179,1.21636833246959e-07,7.42806744037814e-07,6.21445499336369e-08,4.21167584268817e-08,-6.07927486129256e-09,-6.07927486129256e-09,1.43524778010672e-07,4.52115104412101e-14,2.12629984812138e-07,1.16397919046712e-12,1.0788786727279e-06,3.65149110975003e-16,1.91088751886395e-08,1,0.0083418
180,1.19018953570883e-07,6.98054628438248e-07,5.87150231169718e-08,4.79748167464001e-08,-3.86152176901078e-09,-3.86152176901078e-09,1.41643857429132e-07,4.5039032668254e-14,2.12224015295758e-07,1.15762410042201e-12,1.0759294123789e-06,3.63149728682092e-16,1.90564878370095e-08,1,0.0085083
181,1.16698900906985e-07,6.70735549384102e-07,5.55510543260841e-08,5.35416759206298e-08,-1.3500587314752e-09,-1.3500587314752e-09,1.40386279018023e-07,4.48654393025338e-14,2.11814634297382e-07,1.1513372728359e-12,1.07300385499582e-06,3.61168210656599e-16,1.9004426080695e-08,1,0.0084629
182,1.14680517145208e-07,6.7424745116206e-07,5.26567793643546e-08,5.88495748617182e-08,1.43847511679951e-09,1.43847511679951e-09,1.39735864752836e-07,4.46911875536885e-14,2.11402903371e-07,1.14511853019339e-12,1.07010211204043e-06,3.59204619030867e-16,1.89526942420034e-08,1,0.0089183
183,1.1296695361847e-07,7.18956517320026e-07,5.00337730241087e-08,6.39435100540697e-08,4.4905430485187e-09,4.4905430485187e-09,1.39682281661921e-07,4.45167085649243e-14,2.109898304775e-07,1.13896767013665e-12,1.06722428295867e-06,3.57259024703115e-16,1.89012969053215e-08,1,0.0085893
184,1.11560857777513e-07,8.07865724045738e-07,4.76815200265989e-08,6.88745499407982e-08,7.79567077557886e-09,7.79567077557886e-09,1.40220767446825e-07,4.43424102846152e-14,2.10576376368802e-07,1.1328844864056e-12,1.06437046483149e-06,3.55331499249084e-16,1.88502387053608e-08,1,0.0086747
185,1.10464538170616e-07,9.37182635078229e-07,4.55978212196249e-08,7.36956976312381e-08,1.13463540785119e-08,1.13463540785119e-08,1.41351265512422e-07,4.41686805760133e-14,2.10163461562692e-07,1.12686878745347e-12,1.06154076108903e-06,3.53422109906932e-16,1.87995241936314e-08,1,0.008443
186,1.09680110975975e-07,1.10049269163698e-06,4.37791025572797e-08,7.84556216632512e-08,1.51378332091667e-08,1.51378332091667e-08,1.43075289509678e-07,4.3995890501646e-14,2.09751973772945e-07,1.12092040977075e-12,1.05873528786508e-06,3.51530915286387e-16,1.87491577220521e-08,1,0.0084833
187,1.09209630324622e-07,1.29194911372488e-06,4.2220820318406e-08,8.32078340958824e-08,1.91680298300412e-08,1.91680298300412e-08,1.45400589813637e-07,4.38243977361593e-14,2.09342775696128e-07,1.1150392382293e-12,1.05595418377375e-06,3.49657959246265e-16,1.86991432757296e-08,1,0.0085312
188,1.09055202673328e-07,1.50728009611878e-06,4.09179202253052e-08,8.80012341895898e-08,2.34374954999339e-08,2.34374954999339e-08,1.48336067482069e-07,4.36545500738932e-14,2.08936713082917e-07,1.10922521881805e-12,1.05319761622312e-06,3.47803268667451e-16,1.864948440755e-08,1,0.0085812
189,1.09219086835996e-07,1.74369072580042e-06,3.98654214115081e-08,9.28953102573232e-08,2.79495431243504e-08,2.79495431243504e-08,1.51900545402243e-07,4.3486689009636e-14,2.08534623047675e-07,1.10347838578565e-12,1.05046579467665e-06,3.45966845613928e-16,1.86001840209695e-08,1,0.0084801
190,1.09703778935471e-07,1.99948188504149e-06,3.90585854197328e-08,9.79235220429526e-08,3.27098526042846e-08,3.27098526042846e-08,1.5610043827793e-07,4.33211533785996e-14,2.0813734258561e-07,1.09779885400168e-12,1.04775896751193e-06,3.44148668611974e-16,1.85512443952414e-08,1,0.0085508
191,1.10512085961419e-07,2.27368659757089e-06,3.84928134756785e-08,1.03111225727554e-07,3.77256084149735e-08,3.77256084149735e-08,1.60938834265331e-07,4.31582830527616e-14,2.07745717291023e-07,1.09218682496698e-12,1.0450774253456e-06,3.42348695847414e-16,1.85026672630573e-08,1,0.0084753
192,1.11647182941437e-07,2.56584891280357e-06,3.81641474491707e-08,1.08494077520931e-07,4.30055537847807e-08,4.30055537847807e-08,1.66427262835537e-07,4.29984226902929e-14,2.07360610266976e-07,1.08664261251306e-12,1.04242151383836e-06,3.40566867929115e-16,1.84544538778343e-08,1,0.008406
193,1.1311265711134e-07,2.8759308120866e-06,3.80701774868163e-08,1.14134843536331e-07,4.85609286116073e-08,4.85609286116073e-08,1.72597966703375e-07,4.28419255426685e-14,2.06982911233436e-07,1.08116669254206e-12,1.03979165823835e-06,3.38803100628485e-16,1.84066048099177e-08,1,0.0086195
194,1.14912531503397e-07,3.20421408037947e-06,3.82102196756419e-08,1.20063233516963e-07,5.44053353479512e-08,5.44053353479512e-08,1.79464743561385e-07,4.26891573176883e-14,2.06613545823328e-07,1.07575968688041e-12,1.03718835651024e-06,3.37057289461359e-16,1.8359120062284e-08,1,0.0085486
195,1.17051270218485e-07,3.55118684486565e-06,3.85850589006251e-08,1.2630377389069e-07,6.05537735509643e-08,6.05537735509643e-08,1.87039991124382e-07,4.25405000999554e-14,2.06253485061357e-07,1.07042237545169e-12,1.03461218601546e-06,3.35329310945297e-16,1.83119990974578e-08,1,0.0092758
196,1.19533761174545e-07,3.91748620081199e-06,3.91970293126916e-08,1.32873636747923e-07,6.70223432308603e-08,6.70223432308603e-08,1.95333054288772e-07,4.2396356324244e-14,2.05903755002778e-07,1.06515570517948e-12,1.03206380867632e-06,3.3361902447189e-16,1.82652408818469e-08,1,0.0091424
197,1.22365271480278e-07,4.30384692554599e-06,4.00500208557536e-08,1.397807607083e-07,7.38278203016307e-08,7.38278203016307e-08,2.04348680758185e-07,4.22571527878999e-14,2.05565446483352e-07,1.05996079491627e-12,1.02954397425087e-06,3.31926275351137e-16,1.82188439630822e-08,1,0.009274
198,1.25551370671994e-07,4.71105764980304e-06,4.11494681233481e-08,1.47024961919862e-07,8.09872178209048e-08,8.09872178209048e-08,2.14087513407507e-07,4.21233446762318e-14,2.05239724898061e-07,1.05483893970657e-12,1.02705352329203e-06,3.30250897967593e-16,1.81728065517573e-08,1,0.0092373
199,1.29097817894219e-07,5.13991654539408e-06,4.25022906356953e-08,1.54592471682734e-07,8.85172415365787e-08,8.85172415365787e-08,2.24542050952321e-07,4.19954195601957e-14,2.04927839885643e-07,1.0497916039927e-12,1.02459338471059e-06,3.28592719379329e-16,1.81271266167401e-08,1,0.0092531
200,1.33010402251364e-07,5.59116914556011e-06,4.41167135006688e-08,1.62447496444477e-07,9.64333670694373e-08,9.64333670694373e-08,2.35690344092813e-07,4.187390129793e-14,2.04631134722774e-07,1.04482039566423e-12,1.02216456388599e-06,3.2695156777658e-16,1.80818021163981e-08,1,0.0095126
201,1.37294730667318e-07,6.06544567600795e-06,4.60020772279426e-08,1.70538365638484e-07,1.04748866469606e-07,1.04748866469606e-07,2.47499759350987e-07,4.17593537445523e-14,2.04351055158892e-07,1.03992704111306e-12,1.01976813105385e-06,3.2532728036414e-16,1.80368312173768e-08,1,0.009247
202,1.41955953426305e-07,6.56319315895982e-06,4.81686649808782e-08,1.78788361293647e-07,1.13473708651668e-07,1.13473708651668e-07,2.5992025729511e-07,4.16523841354861e-14,2.04089157319751e-07,1.03511333566276e-12,1.0174051973834e-06,3.23719716063778e-16,1.79922126505824e-08,1,0.0092397
203,1.46998413466326e-07,7.08458770134474e-06,5.06274409889326e-08,1.8709023875696e-07,1.22613082353951e-07,1.22613082353951e-07,2.72880190440366e-07,4.15536459553193e-14,2.03847114169711e-07,1.03038107094686e-12,1.01507687932829e-06,3.22128772789175e-16,1.79479461997515e-08,1,0.0093752
204,1.52425207189104e-07,7.62942658857494e-06,5.33897448796089e-08,1.95299581965623e-07,1.32165537181095e-07,1.32165537181095e-07,2.8628142071381e-07,4.14638410427277e-14,2.03626719864382e-07,1.02573193359832e-12,1.0127842482969e-06,3.20554414373937e-16,1.79040334666224e-08,1,0.0096858
205,1.58237642017148e-07,8.19699976386325e-06,5.64669161053378e-08,2.03227403752302e-07,1.4212073207176e-07,1.4212073207176e-07,2.99994218766319e-07,4.13837206052078e-14,2.03429891130109e-07,1.02116737066025e-12,1.01052826316746e-06,3.18996710397144e-16,1.78604790080542e-08,1,0.0095676
206,1.6443457158291e-07,8.78593124487268e-06,5.98698360598085e-08,2.10631917067167e-07,1.5245661622032e-07,1.5245661622032e-07,3.13852094183296e-07,4.13140847203847e-14,2.03258664564108e-07,1.01668841806978e-12,1.00830968361401e-06,3.17455897099361e-16,1.78172920809915e-08,1,0.0094997
207,1.71011585236803e-07,9.39399230899784e-06,6.36083599909159e-08,2.17210160936387e-07,1.63136060216118e-07,1.63136060216118e-07,3.27647434106878e-07,4.12557797810843e-14,2.03115188454936e-07,1.01229549257706e-12,1.00612896418752e-06,3.15932471611864e-16,1.77744893488354e-08,1,0.0091332
208,1.77960033479399e-07,1.00178769902584e-05,6.76906092541338e-08,2.22590070420895e-07,1.74102749106453e-07,1.74102749106453e-07,3.41128837436028e-07,4.12096932125022e-14,2.03001707412776e-07,1.00798815311145e-12,1.00398613193184e-06,3.14427334617451e-16,1.77320989907414e-08,1,0.0092505
209,1.85265857163707e-07,1.06529392360791e-05,7.21221073497589e-08,2.26325462251118e-07,1.85276292086201e-07,1.85276292086201e-07,3.54002533585864e-07,4.11767446221581e-14,2.02920537704191e-07,1.00376484995678e-12,1.00188065654387e-06,3.12942006800918e-16,1.7690166952319e-08,1,0.0090552
210,1.92908198419556e-07,1.1292880412369e-05,7.69046782721757e-08,2.27891968332128e-07,1.96546298347755e-07,1.96546298347755e-07,3.65937497124484e-07,4.11578723764216e-14,2.02874030808336e-07,9.99622685203661e-13,9.99811324802666e-07,3.11478950051023e-16,1.7648766247277e-08,1,0.0091331
211,2.00857760117251e-07,1.19292961876218e-05,8.20343765802656e-08,2.26634321672099e-07,2.07763730664112e-07,2.07763730664112e-07,3.76544981418069e-07,4.11540144021225e-14,2.02864522285496e-07,9.95557109079621e-13,9.9777608163336e-07,3.10042065724552e-16,1.76080114074404e-08,1,0.0091536
212,2.09074900016453e-07,1.25514380302107e-05,8.75009047257368e-08,2.22071871140769e-07,2.18735790369351e-07,2.18735790369351e-07,3.85582207729782e-07,4.11660818521922e-14,2.02894262738482e-07,9.91562375729801e-13,9.95772250933817e-07,3.08637340006364e-16,1.75680772996468e-08,1,0.0089816
213,2.17507405062194e-07,1.31459009792979e-05,9.32871153157817e-08,2.13713178972537e-07,2.29218904301831e-07,2.29218904301831e-07,3.92845582701176e-07,4.11949240559701e-14,2.02965327226032e-07,9.87631696274956e-13,9.93796607095715e-07,3.07273819360516e-16,1.75292275745543e-08,1,0.0089905
214,2.26087918924075e-07,1.36960529300589e-05,9.93664422317628e-08,2.01425734375124e-07,2.38906374683268e-07,2.38906374683268e-07,3.98374782549964e-07,4.12412830420797e-14,2.0307949931512e-07,9.83758195205314e-13,9.91845852542276e-07,3.05964913337015e-16,1.74918527702761e-08,1,0.0089131
215,2.34731033345918e-07,1.41816354926506e-05,1.05701334403669e-07,1.8603816906282e-07,2.47417985654863e-07,2.47417985654863e-07,4.02673460624118e-07,4.13057359489334e-14,2.03238126218811e-07,9.79936742743388e-13,9.89917543406211e-07,3.04730104365001e-16,1.74565203968317e-08,1,0.008953
216,2.43330046572893e-07,1.45784530819434e-05,1.12242056916328e-07,1.70693880774555e-07,2.54289388657014e-07,2.54289388657014e-07,4.07044133137922e-07,4.13886237990086e-14,2.03441942084243e-07,9.76167058408103e-13,9.88011669165959e-07,3.03597095116892e-16,1.74240378534051e-08,1,0.0092042
217,2.51753428749557e-07,1.48582480456691e-05,1.18926278353568e-07,1.63241269271586e-07,2.58961918575551e-07,2.58961918575551e-07,4.14029705992078e-07,4.14899655736084e-14,2.03690857854761e-07,9.72458549371402e-13,9.86133129638895e-07,3.02604316577561e-16,1.73955257631829e-08,1,0.009154
218,2.59841054186606e-07,1.49889276202826e-05,1.25680092672224e-07,1.76891939139821e-07,2.60773847848839e-07,2.60773847848839e-07,4.27833365777742e-07,4.16093573528157e-14,2.03983718352264e-07,9.68837369736087e-13,9.84295367121113e-07,3.01803600115276e-16,1.73724955062673e-08,1,0.0096757
219,2.67400325226693e-07,1.49354254739086e-05,1.32421442400492e-07,2.22374783882133e-07,2.5895446675861e-07,2.5895446675861e-07,4.54355577435348e-07,4.17458577024893e-14,2.04318030781645e-07,9.65356098599148e-13,9.82525367916345e-07,3.01262560970801e-16,1.73569168048591e-08,1,0.0092008
220,2.74202379028496e-07,1.46617139903019e-05,1.3906731498425e-07,3.00600295174191e-07,2.52622910146272e-07,2.52622910146272e-07,5.00369408500205e-07,4.18978626432275e-14,2.04689674002446e-07,9.62106159718983e-13,9.80870103387285e-07,3.01065920156136e-16,1.73512512562102e-08,1,0.0091477
221,2.79978651464144e-07,1.41349635472417e-05,1.45546598239171e-07,4.08172075939495e-07,2.40794037154046e-07,2.40794037154046e-07,5.71872369480391e-07,4.20629765917906e-14,2.05092604917366e-07,9.59232548168106e-13,9.79404180187172e-07,3.0131456595946e-16,1.73584148458164e-08,1,0.0091426
222,2.84418189809831e-07,1.33339725490418e-05,1.51820984381714e-07,5.42488874635093e-07,2.22394263005299e-07,2.22394263005299e-07,6.72604562589188e-07,4.22378897904524e-14,2.05518587457321e-07,9.5694950469715e-13,9.78237959137321e-07,3.02120815298859e-16,1.73816229190159e-08,1,0.0089349
223,2.87166239160925e-07,1.22667231999913e-05,1.57916592680371e-07,7.01864998352814e-07,1.96290415921396e-07,1.96290415921396e-07,8.03649873502066e-07,4.24182779479563e-14,2.05956980818705e-07,9.55554453641019e-13,9.77524656282909e-07,3.03598071014883e-16,1.74240658577406e-08,1,0.0089353
224,2.87824775529652e-07,1.10085650922338e-05,1.63968340831535e-07,8.84508365653902e-07,1.61334806847435e-07,1.61334806847435e-07,9.63846407336341e-07,4.25987459098346e-14,2.06394636339791e-07,9.55435906512868e-13,9.77464018014406e-07,3.05843401865518e-16,1.74883790519738e-08,1,0.0090066
225,2.85955842864133e-07,9.78452845903303e-06,1.70276251839455e-07,1.08768440122291e-06,1.1642913388954e-07,1.1642913388954e-07,1.1502109631398e-06,4.27728436794271e-14,2.06815965726602e-07,9.57069459193819e-13,9.78299268728041e-07,3.08912605556333e-16,1.75759098073566e-08,1,0.008835
226,2.81088750222337e-07,9.10258277489188e-06,1.77365678875452e-07,1.30711975458687e-06,6.06087269261479e-08,6.06087269261479e-08,1.358039473631e-06,4.29331889972241e-14,2.0720325527661e-07,9.60995130666147e-13,9.80303591070719e-07,3.12789588814967e-16,1.76858584415619e-08,1,0.008841
227,2.72732460314819e-07,9.72088029240121e-06,1.8603017774422e-07,1.53659518577804e-06,-6.85351153606462e-09,-6.85351153606462e-09,1.58079093065764e-06,4.30717343977182e-14,2.07537308447706e-07,9.67770041836999e-13,9.83753039048418e-07,3.17355317117579e-16,1.78144693189996e-08,1,0.0089262
228,2.6039494128589e-07,1.20671589968491e-05,1.97319508474907e-07,1.76773886670094e-06,-8.63271720774605e-08,-8.63271720774606e-08,1.80997195677168e-06,4.31802159374092e-14,2.07798498400275e-07,9.77893850795169e-13,9.88885155513606e-07,3.2236577371952e-16,1.79545474384491e-08,1,0.0089089
229,2.43612258063858e-07,1.59165533680299e-05,2.12430750743868e-07,1.99007590063751e-06,-1.77696098724311e-07,-1.77696098724311e-07,2.03520185965222e-06,4.32508129520012e-14,2.07968297949474e-07,9.91711111750351e-13,9.95846931887804e-07,3.27451777707814e-16,1.8095628690593e-08,1,0.0086504
230,2.21992874583424e-07,2.08620599647e-05,2.32490602139517e-07,2.19140249905972e-06,-2.80233997784762e-07,-2.80233997784762e-07,2.24458346072787e-06,4.32770304451047e-14,2.08031320827189e-07,1.00930434566523e-12,1.00464140152854e-06,3.32154171931431e-16,1.82250973092445e-08,1,0.0088439
231,1.95290978533242e-07,2.65845197060003e-05,2.582810576283e-07,2.35853947541629e-06,-3.92500204782209e-07,-3.92500204782209e-07,2.42545674760235e-06,4.32547860115609e-14,2.07977849809928e-07,1.03040190449131e-12,1.01508714132892e-06,3.36003119769589e-16,1.8330387878318e-08,1,0.0086197
232,1.63551925818427e-07,3.28325275710284e-05,2.90005979520904e-07,2.47847914464397e-06,-5.12274787922706e-07,-5.12274787922706e-07,2.56555676092378e-06,4.31836413840926e-14,2.0780674046838e-07,1.05433155789231e-12,1.02680648512381e-06,3.38638515586487e-16,1.84021334520345e-08,1,0.0086007
233,1.2749503193498e-07,3.93734890292237e-05,3.27168576746165e-07,2.53987975895728e-06,-6.36552309529748e-07,-6.36552309529748e-07,2.65452880888059e-06,4.30680677436806e-14,2.07528474537063e-07,1.08004911857593e-12,1.0392541164585e-06,3.39951091347051e-16,1.8437762644829e-08,1,0.00876
234,8.99344027363087e-08,4.59705969516281e-05,3.68558616346723e-07,2.53479834692961e-06,-7.61610130517454e-07,-7.61610130517454e-07,2.68567924724293e-06,4.29185811156971e-14,2.07168002152111e-07,1.10625776772335e-12,1.05178789103286e-06,3.40205667841099e-16,1.84446650238246e-08,1,0.008803
235,6.24432140041884e-08,5.23787654754117e-05,4.12308502216065e-07,2.46051800372484e-06,-8.83159401610101e-07,-8.83159401610101e-07,2.6577763031485e-06,4.27525410044608e-14,2.06766875984672e-07,1.13160890436103e-12,1.06377107704667e-06,3.40097437776819e-16,1.84417308780065e-08,1,0.0089428
236,7.36756050488363e-08,5.83512087291978e-05,4.5598881371817e-07,2.32135225128781e-06,-9.96575726830429e-07,-9.96575726830429e-07,2.57666662958087e-06,4.25943865713034e-14,2.06384075382049e-07,1.15494620103744e-12,1.07468423317617e-06,3.40698110019132e-16,1.84580093731456e-08,1,0.0087835
237,1.19685174230723e-07,6.36515511848687e-05,4.96741011043993e-07,2.13042611402343e-06,-1.09719327312519e-06,-1.09719327312519e-06,2.4564110322249e-06,4.24751045221867e-14,2.06094892033225e-07,1.17553273672605e-12,1.08421987471456e-06,3.43275363376777e-16,1.85276917984075e-08,1,0.0086385
238,1.78685478498334e-07,6.80679290099044e-05,5.3145877957533e-07,1.91157025558949e-06,-1.18063374987543e-06,-1.18063374987543e-06,2.31944913552686e-06,4.24307910587581e-14,2.05987356550731e-07,1.19319791132928e-12,1.09233598829723e-06,3.49011382456025e-16,1.86818463342365e-08,1,0.008584
239,2.42981887263946e-07,7.14262818628035e-05,5.57026982990204e-07,1.70110260029682e-06,-1.24313316440805e-06,-1.24313316440805e-06,2.19479843954978e-06,4.25002864833589e-14,2.06155976103917e-07,1.20836084973481e-12,1.09925467919623e-06,3.58689772509341e-16,1.89391069617694e-08,1,0.0085767
240,3.09377440016466e-07,7.36006655484857e-05,5.706171894521e-07,1.54662835726771e-06,-1.28182691749856e-06,-1.28182691749856e-06,2.11270155824258e-06,4.27220119579746e-14,2.06693038000738e-07,1.22192396233675e-12,1.10540669544596e-06,3.72445159109049e-16,1.92988382839239e-08,1,0.0085785
241,3.7565774663568e-07,7.45192011448124e-05,5.70030458457238e-07,1.49411350711744e-06,-1.29495853862238e-06,-1.29495853862238e-06,2.09523342047638e-06,4.31302971473913e-14,2.07678350213476e-07,1.23506951886764e-12,1.11133681612176e-06,3.89661386938315e-16,1.97398426269896e-08,1,0.0084355
242,4.39875626978537e-07,7.41652104635555e-05,5.54079728108084e-07,1.56027116228992e-06,-1.28198860771533e-06,-1.28198860771533e-06,2.14720342844227e-06,4.37516205774011e-14,2.09168880518592e-07,1.24901750665378e-12,1.11759451799558e-06,4.09060795516854e-16,2.02252514327227e-08,1,0.0085107
243,5.00213355353692e-07,7.25739822153469e-05,5.23025360333254e-07,1.71971248826574e-06,-1.24359528896889e-06,-1.24359528896889e-06,2.2551263179997e-06,4.4601257533355e-14,2.11190098094951e-07,1.2648058902072e-12,1.12463589228123e-06,4.28964343949836e-16,2.07114544141602e-08,1,0.0087708
244,5.54990445136139e-07,6.98263009875379e-05,4.79131639016926e-07,1.92737458438831e-06,-1.18157352613224e-06,-1.18157352613224e-06,2.39532486598766e-06,4.56808195688429e-14,2.13730717419942e-07,1.28313693661463e-12,1.13275634476909e-06,4.47645488477973e-16,2.1157634283586e-08,1,0.0089217
245,6.02712341868709e-07,6.60401921343881e-05,4.2750505816864e-07,2.14361870311935e-06,-1.09865250674801e-06,-1.09865250674801e-06,2.54355144717774e-06,4.69770699666879e-14,2.16741943256694e-07,1.30430639387106e-12,1.14206234237499e-06,4.63673400558288e-16,2.15330768948213e-08,1,0.0085587
246,6.42125773463159e-07,6.1362345564729e-05,3.77383139999465e-07,2.34143657539292e-06,-9.98259383599986e-07,-9.98259383599986e-07,2.68030896717354e-06,4.84622262227e-14,2.20141377806854e-07,1.3282078156826e-12,1.1524789870894e-06,4.76152772817165e-16,2.18209251136877e-08,1,0.0091653
247,6.72266232174882e-07,5.59604376303506e-05,3.43136056797993e-07,2.50434807407865e-06,-8.84259693023637e-07,-8.84259693023637e-07,2.79201978260033e-06,5.00957471162219e-14,2.2382079241264e-07,1.35439067661681e-12,1.16378291644826e-06,4.84810263559886e-16,2.20184073801873e-08,1,0.0085738
248,6.92490522452157e-07,5.00172837187792e-05,3.4077251295932e-07,2.62307843534517e-06,-7.60702142166281e-07,-7.60702142166281e-07,2.87024034531842e-06,5.18273897636809e-14,2.27656297439102e-07,1.38214829340421e-12,1.17564803125945e-06,4.89930434777414e-16,2.21343722471954e-08,1,0.0090239
249,7.02491353828968e-07,4.37277313351462e-05,3.76464077261818e-07,2.69313812427443e-06,-6.31589736066474e-07,-6.31589736066474e-07,2.9104425164705e-06,5.36011516610334e-14,2.31519225251454e-07,1.41061627472259e-12,1.18769367882573e-06,4.92186952306818e-16,2.21852868430142e-08,1,0.0088265
250,7.02293615277591e-07,3.72997555565452e-05,4.41197157798485e-07,2.71331930935592e-06,-5.00691631266648e-07,-5.00691631266648e-07,2.91097553129199e-06,5.5359612342628e-14,2.35286234919572e-07,1.43886892379882e-12,1.19952862566877e-06,4.9243335951857e-16,2.21908395406431e-08,1,0.0086353
251,6.92233945167991e-07,3.09629834077592e-05,5.20530282328351e-07,2.68480140178334e-06,-3.71402530063847e-07,-3.71402530063847e-07,2.87233995703244e-06,5.70481709980073e-14,2.38847589474977e-07,1.46600624612936e-12,1.21078744878255e-06,4.9151273013174e-16,2.21700863807911e-08,1,0.0084942
252,6.72926547621444e-07,2.49919761337332e-05,6.02719044188822e-07,2.61060478244187e-06,-2.46650041724195e-07,-2.46650041724195e-07,2.79671618355112e-06,5.86187343610855e-14,2.42113061112129e-07,1.49122694122939e-12,1.22115803286446e-06,4.90123910949011e-16,2.21387423072995e-08,1,0.0084676
253,6.45219035459273e-07,1.9757949099553e-05,6.79790782194804e-07,2.49521511131256e-06,-1.28845761615537e-07,-1.28845761615537e-07,2.68764526327472e-06,6.00325243585476e-14,2.45015355352573e-07,1.51388389822534e-12,1.23039989362212e-06,4.88756502781619e-16,2.21078380395193e-08,1,0.0090687
254,6.10142394734732e-07,1.58102647235247e-05,7.46544306385187e-07,2.3442675400422e-06,-1.98731253675533e-08,-1.98731253675533e-08,2.5497717495151e-06,6.12618204904141e-14,2.47511253260158e-07,1.5335195363214e-12,1.23835355869049e-06,4.87685953966024e-16,2.2083612792431e-08,1,0.0086283
255,5.68859124637079e-07,1.38384488943827e-05,7.99704273617309e-07,2.16424244472614e-06,7.88961829201185e-08,7.88961829201185e-08,2.38859959746858e-06,6.22906004245021e-14,2.49580849474679e-07,1.54987988338299e-12,1.24494171887e-06,4.8700893448738e-16,2.20682789199199e-08,1,0.0084728
256,5.22613379250861e-07,1.41173210978274e-05,8.37414620957172e-07,1.96215699773964e-06,1.66565513382011e-07,1.66565513382011e-07,2.21023934175735e-06,6.31141712985158e-14,2.51225339682357e-07,1.56290831332232e-12,1.25016331466026e-06,4.86697249160206e-16,2.20612159492673e-08,1,0.0084661
257,4.72686644418489e-07,1.59934953067017e-05,8.58923872882688e-07,1.74525193227915e-06,2.42663190874737e-07,2.42663190874737e-07,2.02113974195876e-06,6.373797866238e-14,2.52463816540866e-07,1.57272192243984e-12,1.25408210354819e-06,4.86652589263103e-16,2.2060203744823e-08,1,0.0086623
258,4.20362458863652e-07,1.85292617998704e-05,8.64358246468115e-07,1.52072304454801e-06,3.07085107564831e-07,3.07085107564831e-07,1.82784127626753e-06,6.41758337715254e-14,2.53329496449832e-07,1.57957572790026e-12,1.25681173128685e-06,4.86751402915032e-16,2.20624432671233e-08,1,0.0089097
259,3.66904446985336e-07,2.11102158646732e-05,8.54533582235565e-07,1.29551874110393e-06,3.60034798418951e-07,3.60034798418951e-07,1.63675453310874e-06,6.44478146188076e-14,2.53865741325622e-07,1.58382047567536e-12,1.25849929506351e-06,4.86875623178985e-16,2.20652582848918e-08,1,0.0089375
260,3.13554464516656e-07,2.34273893011527e-05,8.3078736608851e-07,1.07625514838686e-06,4.01964404872501e-07,4.01964404872501e-07,1.45397255877826e-06,6.45780784172673e-14,2.541221722268e-07,1.58585976692923e-12,1.25930924197721e-06,4.86929674277006e-16,2.20664830518369e-08,1,0.0090626
261,2.61564500690015e-07,2.5339460315282e-05,7.94825733081514e-07,8.69328466628398e-07,4.33518804854316e-07,4.33518804854316e-07,1.28510201252167e-06,6.45927830517652e-14,2.54151102794706e-07,1.58611121296623e-12,1.25940907292517e-06,4.86846674132719e-16,2.20646022881157e-08,1,0.0091922
262,2.12293345038941e-07,2.67911212066683e-05,7.48585755981952e-07,6.81385901180148e-07,4.55484428840691e-07,4.55484428840691e-07,1.13506797853401e-06,6.45182627513685e-14,2.54004454195922e-07,1.58497483167969e-12,1.25895783554482e-06,4.86587529713829e-16,2.20587291046839e-08,1,0.0091677
263,1.67440408074636e-07,2.77735815485184e-05,6.94114854138644e-07,5.20472205232651e-07,4.68743678538885e-07,4.68743678538885e-07,1.00781760977949e-06,6.43795480270522e-14,2.53731251577436e-07,1.58281027465651e-12,1.25809787960099e-06,4.86136224891119e-16,2.20484971118469e-08,1,0.0094249
264,1.29560319798486e-07,2.83048611744866e-05,6.33468981030776e-07,3.98070530068333e-07,4.7423527504975e-07,4.7423527504975e-07,9.05857515852151e-07,6.41992689681099e-14,2.53375746605925e-07,1.57992303058215e-12,1.25694989183426e-06,4.85493755291087e-16,2.2033922830288e-08,1,0.0092755
265,1.02867818309332e-07,2.84189666859803e-05,5.68630415962484e-07,3.29277730072268e-07,4.72920604011051e-07,4.72920604011051e-07,8.29678650996271e-07,6.39969388514141e-14,2.52976162615006e-07,1.57655866693436e-12,1.25561087401088e-06,4.84672239485345e-16,2.2015272868746e-08,1,0.0088474
266,9.25986957546982e-08,2.81592874834987e-05,5.01445049518457e-07,3.20502449225112e-07,4.65755887191222e-07,4.65755887191222e-07,7.77359942166484e-07,6.37885838875196e-14,2.52564019384234e-07,1.57290351585448e-12,1.25415450238576e-06,4.8369000379592e-16,2.19929535032455e-08,1,0.0086405
267,9.93793889700222e-08,2.75741991608014e-05,4.33578256725545e-07,3.5383925068236e-07,4.53669814604041e-07,4.53669814604041e-07,7.44768630784445e-07,6.35866650825179e-14,2.52163964678774e-07,1.56908994580783e-12,1.25263320481609e-06,4.82567906800984e-16,2.19674283155991e-08,1,0.0086891
268,1.16711892911624e-07,2.67139645530902e-05,3.66487993049385e-07,4.03044959629329e-07,4.375461859496e-07,4.375461859496e-07,7.26475245040862e-07,6.34002285185794e-14,2.51794020021484e-07,1.56520440974757e-12,1.25108129621842e-06,4.81326876800526e-16,2.19391630834115e-08,1,0.0086578
269,1.37886343899538e-07,2.56284915717704e-05,3.01413858741702e-07,4.51764981586046e-07,4.18211055119855e-07,4.18211055119855e-07,7.16961116422916e-07,6.32352189100865e-14,2.51466138694828e-07,1.56129671024093e-12,1.24951859139468e-06,4.79986453119007e-16,2.19085931341793e-08,1,0.0084387
270,1.59210527946554e-07,2.43657115243274e-05,2.39382176591864e-07,4.92737649309152e-07,3.96423819992719e-07,3.9642381999272e-07,7.11540501587481e-07,6.30948958482307e-14,2.51186973882466e-07,1.55738927755633e-12,1.2479540366361e-06,4.7856411464492e-16,2.18761083066646e-08,1,0.0084732
271,1.7899598860763e-07,2.29704361137761e-05,1.81232175814067e-07,5.23343825151095e-07,3.72871705067723e-07,3.72871705067723e-07,7.06754586177945e-07,6.29803005275273e-14,2.50958762603595e-07,1.55348563463208e-12,1.24638903823488e-06,4.77075129322979e-16,2.18420495678171e-08,1,0.0084902
272,1.96513095172698e-07,2.14835966030055e-05,1.27689113563745e-07,5.43116069331991e-07,3.4816711469432e-07,3.4816711469432e-07,7.00351050990715e-07,6.28907310276995e-14,2.50780244492463e-07,1.54957756830852e-12,1.24482029558829e-06,4.7553271655338e-16,2.18067126489386e-08,1,0.0086072
273,2.11486116771202e-07,1.99417912770935e-05,7.96246649493919e-08,5.52600073022229e-07,3.22847361289291e-07,3.22847361289291e-07,6.91065879606649e-07,6.282419493451e-14,2.50647551223845e-07,1.54565080816804e-12,1.24324205534081e-06,4.73948368399606e-16,2.17703552658106e-08,1,0.0082827
274,2.23868153258731e-07,1.83770755133055e-05,3.96759018736481e-08,5.52820376220147e-07,2.97376224978052e-07,2.97376224978052e-07,6.78362696232959e-07,6.27778181283383e-14,2.50555020161916e-07,1.54168922108582e-12,1.24164778463372e-06,4.7233218366621e-16,2.17332046340665e-08,1,0.0084024
275,2.33735096383304e-07,1.68169493489003e-05,2.63681433292377e-08,5.45009660510906e-07,2.72147060442762e-07,2.72147060442762e-07,6.62202152997253e-07,6.27481973179855e-14,2.50495902796803e-07,1.53767766643254e-12,1.24003131671444e-06,4.70693158949906e-16,2.16954640178519e-08,1,0.0085763
276,2.41231126131307e-07,1.5284488198176e-05,5.02635579572851e-08,5.30460605838458e-07,2.47486910964767e-07,2.47486910964767e-07,6.42861346530368e-07,6.27316910096398e-14,2.50462953367638e-07,1.53360372818772e-12,1.23838755169281e-06,4.69039384027495e-16,2.16573171013285e-08,1,0.0085065
277,2.46538127424212e-07,1.37985845640628e-05,7.78728980228081e-08,5.10440800567655e-07,2.23661436038469e-07,2.23661436038469e-07,6.20801489403092e-07,6.27246489781026e-14,2.50448894942866e-07,1.52945856848035e-12,1.23671280759938e-06,4.67378142999972e-16,2.16189302001735e-08,1,0.0088093
278,2.49857199006915e-07,1.23742645190913e-05,1.02439616032214e-07,4.86142665693351e-07,2.00880315048835e-07,2.00880315048835e-07,5.96574340258867e-07,6.27235841252878e-14,2.50446769045416e-07,1.5252371381745e-12,1.23500491423091e-06,4.65715933488296e-16,2.15804525783936e-08,1,0.0086434
279,2.51396807542542e-07,1.102305040584e-05,1.23235062023394e-07,4.58655179857366e-07,1.79302876546217e-07,1.79302876546217e-07,5.7075840179687e-07,6.27252929809053e-14,2.504501806366e-07,1.52093795543274e-12,1.23326313308748e-06,4.64058433119729e-16,2.15420155305795e-08,1,0.0085693
280,2.51364924126363e-07,9.75335139842536e-06,1.40306286301534e-07,4.28949326728461e-07,1.5904383410259e-07,1.5904383410259e-07,5.4391663725899e-07,6.2726932381263e-14,2.50453453522332e-07,1.51656262455007e-12,1.23148797174397e-06,4.6241044273801e-16,2.15037309027529e-08,1,0.0085138
281,2.4996371348675e-07,8.57085911673385e-06,1.53891444255656e-07,3.97872733284482e-07,1.40178878282882e-07,1.40178878282882e-07,5.16569674193833e-07,6.27260602306539e-14,2.50451712373172e-07,1.51211522812213e-12,1.22968094566116e-06,4.60775835852109e-16,2.14656897362304e-08,1,0.0084784
282,2.47385968539961e-07,7.47894100818603e-06,1.64293904515998e-07,3.66150814429669e-07,1.22750108744185e-07,1.22750108744185e-07,4.89180298374651e-07,6.27206480221425e-14,2.50440907245886e-07,1.507601689598e-12,1.22784432628815e-06,4.59157533937155e-16,2.14279614974723e-08,1,0.0084259
283,2.43812786259202e-07,6.47901824984075e-06,1.71839417434182e-07,3.34392006546843e-07,1.06771139485318e-07,1.06771139485318e-07,4.62145654499914e-07,6.27090721448327e-14,2.50417795184034e-07,1.50302916986788e-12,1.22598090110241e-06,4.57557520373358e-16,2.13905942033726e-08,1,0.0084198
284,2.39412160063376e-07,5.57092508573495e-06,1.76856235253407e-07,3.03095715769266e-07,9.223186481222e-08,9.223186481222e-08,4.35794891802175e-07,6.26900901386404e-14,2.50379891641962e-07,1.49840553612792e-12,1.22409376116698e-06,4.55976895868927e-16,2.13536155221763e-08,1,0.0084591
285,2.34338249885281e-07,4.75324486909191e-06,1.79663942322219e-07,2.72661941793238e-07,7.91027989777149e-08,7.91027989777149e-08,4.10390552996171e-07,6.26628070692392e-14,2.5032540236508e-07,1.4937389216362e-12,1.22218612397466e-06,4.54415970633539e-16,2.1317034752365e-08,1,0.0084973
286,2.28731159890094e-07,4.02362839618824e-06,1.80566577144422e-07,2.43401723218834e-07,6.73390623262549e-08,6.73390623262548e-08,3.86132439592547e-07,6.26266362176148e-14,2.50253144271186e-07,1.48903738086442e-12,1.22026119370585e-06,4.5287438793286e-16,2.12808455643299e-08,1,0.0084787
287,2.22717095199882e-07,3.3790905128159e-06,1.79848350902191e-07,2.15547176963236e-07,5.68838895986801e-08,5.68838895986801e-08,3.63162660508195e-07,6.25812573614359e-14,2.50162461935111e-07,1.48430863430387e-12,1.21832205688967e-06,4.51351260490483e-16,2.12450290771861e-08,1,0.0084056
288,2.16408794933392e-07,2.81629027154634e-06,1.77771082643678e-07,1.89264504852773e-07,4.76717136876914e-08,4.76717136876914e-08,3.41573487608547e-07,6.25265751015855e-14,2.50053144554484e-07,1.47955989754392e-12,1.21637161161543e-06,4.49845316247461e-16,2.1209557191216e-08,1,0.008432
289,2.09906165244886e-07,2.33179433504972e-06,1.74572910381351e-07,1.64661381239e-07,3.96308603711759e-08,3.96308603711759e-08,3.21412437996455e-07,6.24626789877663e-14,2.49925346829341e-07,1.47479777317629e-12,1.2144125218295e-06,4.48355039334328e-16,2.11743958434315e-08,1,0.0083594
290,2.03297038739515e-07,1.92230563861183e-06,1.70467984106526e-07,1.4179765709986e-07,3.26858771160232e-08,3.26858771160232e-08,3.02689998805637e-07,6.23898065980162e-14,2.49779515969617e-07,1.47002819890801e-12,1.21244719427611e-06,4.46878794053865e-16,2.11395078952625e-08,1,0.0083761
291,1.96658022967259e-07,1.58479415577494e-06,1.65646846883311e-07,1.20694395073427e-07,2.67595048342173e-08,2.67595048342173e-08,2.85386512683063e-07,6.2308310279801e-14,2.49616326148353e-07,1.46525643692421e-12,1.21047777217271e-06,4.45414933074982e-16,2.11048556752938e-08,1,0.0084243
292,1.90055394945114e-07,1.31637958549009e-06,1.60277329975892e-07,1.01342590387871e-07,2.17743245656266e-08,2.17743245656266e-08,2.69458817191691e-07,6.22186278923625e-14,2.49436620992914e-07,1.46048709314763e-12,1.20850614112946e-06,4.43961883812205e-16,2.1070403029183e-08,1,0.0086379
293,1.83546004843677e-07,1.11371332467856e-06,1.54505802544283e-07,8.37122123338169e-08,1.76540897456334e-08,1.76540897456334e-08,2.54846518260071e-07,6.21212576125048e-14,2.4924136416836e-07,1.45572415681562e-12,1.20653394349915e-06,4.42518208338287e-16,2.10361167599509e-08,1,0.0084312
294,1.7717817671465e-07,9.71715771883648e-07,1.48458668069601e-07,6.77621262548583e-08,1.43248275463748e-08,1.43248275463748e-08,2.41477571545076e-07,6.20167366896865e-14,2.49031597773629e-07,1.45097105226033e-12,1.2045625979003e-06,4.41082646825426e-16,2.1001967689372e-08,1,0.0084138
295,1.70992581549351e-07,8.82204903930002e-07,1.42244002364167e-07,5.34546725307784e-08,1.17156719880995e-08,1.17156719880995e-08,2.29273418623812e-07,6.19056238973314e-14,2.4880840801173e-07,1.44623069716957e-12,1.20259332160526e-06,4.39654139524927e-16,2.09679312170974e-08,1,0.0084599
296,1.65023077807399e-07,8.3385459167732e-07,1.35953251445262e-07,4.07818857083103e-08,9.75951941484254e-09,9.75951941484254e-09,2.18153316701192e-07,6.17884853578438e-14,2.48572897472439e-07,1.44150556261693e-12,1.2006271538729e-06,4.38231833556607e-16,2.09339875216502e-08,1,0.0084433
297,1.59297499347066e-07,8.14279497013594e-07,1.29662934988847e-07,2.98266340841547e-08,8.39350633441427e-09,8.39350633441427e-09,2.08037917274671e-07,6.16658833643771e-14,2.48326163269957e-07,1.43679773168227e-12,1.19866497891708e-06,4.36815076235996e-16,2.09001214406997e-08,1,0.0083458
298,1.53838398378981e-07,8.12868662424209e-07,1.23436312029923e-07,2.09309692811031e-08,7.55933093898875e-09,7.55933093898875e-09,1.98852103439859e-07,6.15383678256236e-14,2.48069280294081e-07,1.43210895459288e-12,1.19670754764599e-06,4.35403403030854e-16,2.08663222210061e-08,1,0.0083754
299,1.48663733210958e-07,8.22423859386779e-07,1.17324977662927e-07,1.51155572018462e-08,7.2034733733517e-09,7.2034733733517e-09,1.90527093773372e-07,6.14064699585553e-14,2.47803288837245e-07,1.42744069913759e-12,1.19475549763857e-06,4.33996516201785e-16,2.0832583041999e-08,1,0.008566
300,1.43787501422445e-07,8.3922360618272e-07,1.11370364858901e-07,1.40339237295951e-08,7.27727567095826e-09,7.27727567095826e-09,1.83001900698344e-07,6.12706978772445e-14,2.47529185909954e-07,1.42279419579266e-12,1.19280937110364e-06,4.32594262762166e-16,2.07989005181083e-08,1,0.0083167
301,1.39220317461937e-07,8.62255207994818e-07,1.05605141472978e-07,1.7138793932997e-08,7.73696839928562e-09,7.73696839928562e-09,1.76224172996376e-07,6.1131533754045e-14,2.47247919615201e-07,1.4181704773985e-12,1.19086963073146e-06,4.3119661054711e-16,2.07652741505406e-08,1,0.0083354
302,1.34969937066346e-07,8.92276673297224e-07,1.00054496526357e-07,2.19293752171026e-08,8.54363690905302e-09,8.54363690905302e-09,1.70150542687652e-07,6.09894322645008e-14,2.4696038602274e-07,1.41357041358981e-12,1.18893667349856e-06,4.29803624040411e-16,2.07317057677464e-08,1,0.0082041
303,1.31041731631572e-07,9.30981829613955e-07,9.47373050070065e-08,2.70243293092948e-08,9.66310409467042e-09,9.66310409467042e-09,1.64746553702653e-07,6.08448200637236e-14,2.46667428055922e-07,1.4089947403666e-12,1.18701084256489e-06,4.28415439916725e-16,2.0698198953453e-08,1,0.0082703
304,1.2743910783564e-07,9.80303987588198e-07,8.96661913080273e-08,3.19282939357556e-08,1.10647082607329e-08,1.10647082607329e-08,1.59977823829507e-07,6.06980960707704e-14,2.46369835959621e-07,1.40444407643157e-12,1.18509243370784e-06,4.27032256197149e-16,2.06647587984266e-08,1,0.0081999
305,1.2416389417296e-07,1.04190199762177e-06,8.48478741371184e-08,3.64944543541845e-08,1.2720615671924e-08,1.2720615671924e-08,1.55815146816221e-07,6.05496323873127e-14,2.46068349015701e-07,1.399918942935e-12,1.18318170326244e-06,4.25654319493798e-16,2.06313916034231e-08,1,0.0082737
306,1.21216679011184e-07,1.11697376514695e-06,8.02868812180579e-08,4.07933225190793e-08,1.4608810161576e-08,1.4608810161576e-08,1.52261655314906e-07,6.03997756908526e-14,2.45763658197978e-07,1.39541980786554e-12,1.18127888657401e-06,4.24281888119241e-16,2.05981039933107e-08,1,0.0084846
307,1.18597107089839e-07,1.20623390293047e-06,7.59869680993458e-08,4.48606176212612e-08,1.6713375572408e-08,1.6713375572408e-08,1.49315058047705e-07,6.02488489746285e-14,2.45456409520364e-07,1.3909470885779e-12,1.17938419888427e-06,4.22915231667483e-16,2.05649029092647e-08,1,0.0087528
308,1.16304124235563e-07,1.3099322656174e-06,7.19499243227429e-08,4.8750974743908e-08,1.90221811635638e-08,1.90221811635638e-08,1.46978904471266e-07,6.00971535211856e-14,2.45147207859249e-07,1.38650116555771e-12,1.17749784099917e-06,4.21554621932109e-16,2.05317953898851e-08,1,0.0087714
309,1.1433618559064e-07,1.42799623774234e-06,6.81760915069016e-08,5.25217683894552e-08,2.15266950931436e-08,2.15266950931436e-08,1.45259927849247e-07,5.9944971028675e-14,2.44836621093894e-07,1.38208239300457e-12,1.17562000365959e-06,4.20200325483832e-16,2.04987883906301e-08,1,0.0088225
310,1.12691441538364e-07,1.56014587223717e-06,6.46641206593802e-08,5.62037798673724e-08,2.42209790002335e-08,2.42209790002335e-08,1.44156616099299e-07,5.97925658350212e-14,2.44525184459641e-07,1.37769109860767e-12,1.17375086735119e-06,4.18852596092913e-16,2.04658885976865e-08,1,0.0089911
311,1.11367892227101e-07,1.70591544726874e-06,6.14096013372954e-08,5.97734731218291e-08,2.70994675588554e-08,2.70994675588554e-08,1.43642947168448e-07,5.96401871905971e-14,2.44213405018228e-07,1.37332756869662e-12,1.17189059587345e-06,4.17511688176638e-16,2.04331027545167e-08,1,0.0089045
312,1.10363523419852e-07,1.86494196678888e-06,5.84089722539083e-08,6.34134475493929e-08,3.01607006036875e-08,3.01607006036875e-08,1.43779145423797e-07,5.94880715499273e-14,2.43901766188618e-07,1.36899213560035e-12,1.17003937352567e-06,4.16177830612554e-16,2.04004370201365e-08,1,0.008942
313,1.09676411434697e-07,2.03715217312668e-06,5.56616366253782e-08,6.7178904124347e-08,3.34092824516574e-08,3.34092824516574e-08,1.44583184051652e-07,5.93364448524042e-14,2.43590732279379e-07,1.36468514570102e-12,1.16819739158287e-06,4.14851233546555e-16,2.03678971311855e-08,1,0.0087755
314,1.0930480959167e-07,2.22263581147516e-06,5.3167372801324e-08,7.11226160589728e-08,3.68525405747278e-08,3.68525405747278e-08,1.46073888810107e-07,5.91855247777146e-14,2.43280752994795e-07,1.36040696874335e-12,1.16636485232681e-06,4.13532086693049e-16,2.03354883563943e-08,1,0.008769
315,1.09247218065426e-07,2.42165567682999e-06,5.09264998566689e-08,7.52948008843501e-08,4.05003977022034e-08,4.05003977022034e-08,1.48270608751415e-07,5.90355229678014e-14,2.42972267898625e-07,1.35615800748835e-12,1.16454197326174e-06,4.12220556805296e-16,2.03032154302045e-08,1,0.0091107
316,1.09502437189448e-07,2.63460572654196e-06,4.89393817374157e-08,7.97127635931356e-08,4.4364481865955e-08,4.4364481865955e-08,1.51176605022956e-07,5.88866472107843e-14,2.42665710826199e-07,1.35193869216689e-12,1.16272898483133e-06,4.10916793977345e-16,2.02710827036285e-08,1,0.0088813
317,1.10069604134288e-07,2.86204263987895e-06,4.72071504108969e-08,8.4450305286291e-08,4.84587090454625e-08,4.84587090454625e-08,1.54825372289279e-07,5.87391035847386e-14,2.42361514240068e-07,1.34774951930802e-12,1.16092614722385e-06,4.0962092556445e-16,2.02390939907015e-08,1,0.00892
318,1.10948210228925e-07,3.10472363250692e-06,4.57323585648803e-08,8.95507127003293e-08,5.27999919341937e-08,5.27999919341937e-08,1.59237512865722e-07,5.85930985588526e-14,2.42060113523176e-07,1.34359105096272e-12,1.15913375024745e-06,4.08333058802956e-16,2.02072526287706e-08,1,0.0088028
319,1.12138105758824e-07,3.36355029016941e-06,4.45183198435563e-08,9.50506221753874e-08,5.7407275377841e-08,5.7407275377841e-08,1.64431555821694e-07,5.8448841054791e-14,2.4176195121398e-07,1.33946392458525e-12,1.15735211780393e-06,4.07053281692032e-16,2.0175561496326e-08,1,0.0088838
320,1.13639480198332e-07,3.63954871550386e-06,4.35689845472473e-08,1.0098206060404e-07,6.23012645917242e-08,6.23012645917242e-08,1.70424830028145e-07,5.83065444623064e-14,2.41467481169425e-07,1.33536886426683e-12,1.15558161298405e-06,4.05781664208642e-16,2.01440230393197e-08,1,0.0092796
321,1.15452820333893e-07,3.9338511796121e-06,4.28888772880398e-08,1.07371646424795e-07,6.75041782471908e-08,6.75041782471908e-08,1.77232872038315e-07,5.81664286033056e-14,2.41177172641412e-07,1.33130669176422e-12,1.15382264311471e-06,4.04518259690181e-16,2.01126393019459e-08,1,0.0092901
322,1.17578848485668e-07,4.24767542028997e-06,4.24830643933662e-08,1.14239250037002e-07,7.30394535963796e-08,7.30394535963796e-08,1.8486843294059e-07,5.80287216374917e-14,2.40891514249655e-07,1.32727833662675e-12,1.15207566445384e-06,4.03263106633607e-16,2.00814119681263e-08,1,0.0090094
323,1.20018428824311e-07,4.58229748568129e-06,4.23571656343409e-08,1.21596229693004e-07,7.89313308047213e-08,7.89313308047213e-08,1.93340075850848e-07,5.78936618901851e-14,2.40611017807134e-07,1.32328484451623e-12,1.15034118613402e-06,4.02016230539698e-16,2.005034240455e-08,1,0.0085941
324,1.22772445031579e-07,4.93902201355892e-06,4.25174511949578e-08,1.29443441339617e-07,8.52043839927319e-08,8.52043839927319e-08,2.02650511990947e-07,5.77614995795951e-14,2.40336221946662e-07,1.31932738274307e-12,1.14861977292012e-06,4.00777646487298e-16,2.00194317223866e-08,1,0.008554
325,1.25841630937494e-07,5.31914300649636e-06,4.29710111662847e-08,1.37768249538726e-07,9.18828764184809e-08,9.18828764184809e-08,2.12794128484142e-07,5.76324983995871e-14,2.40067695451902e-07,1.31540724107653e-12,1.14691204592005e-06,3.99547361955524e-16,1.99886808458068e-08,1,0.0085155
326,1.29226367285503e-07,5.72389639963682e-06,4.37260007428685e-08,1.46541305632351e-07,9.89899628933699e-08,9.89899628933699e-08,2.23754215324782e-07,5.75069369137044e-14,2.39806040194371e-07,1.31152582606978e-12,1.14521868045792e-06,3.98325380390478e-16,1.99580905998164e-08,1,0.0085625
327,1.32926423286943e-07,6.15440259721228e-06,4.47919206714712e-08,1.5571213684726e-07,1.06546705680444e-07,1.06546705680444e-07,2.35499285810081e-07,5.73851096876926e-14,2.39551893517235e-07,1.30768464590937e-12,1.14354039977142e-06,3.97111706063873e-16,1.99276618313307e-08,1,0.0084435
328,1.3694063977952e-07,6.61159292062006e-06,4.61798879132813e-08,1.65203931992011e-07,1.14570797293823e-07,1.14570797293823e-07,2.47978729562088e-07,5.72673280692034e-14,2.3930592986636e-07,1.30388528250817e-12,1.14187796305392e-06,3.95906350138967e-16,1.98973955617052e-08,1,0.0084443
329,1.41266541279436e-07,7.09611984671655e-06,4.79028397404813e-08,1.74907307349293e-07,1.23074984870186e-07,1.23074984870186e-07,2.61117729688509e-07,5.71539204935677e-14,2.39068861405177e-07,1.30012934690406e-12,1.14023214605801e-06,3.94709338960788e-16,1.98672931966282e-08,1,0.0087451
330,1.45899881933938e-07,7.60824332716343e-06,4.99756083505818e-08,1.84672533785864e-07,1.32065057556474e-07,1.32065057556474e-07,2.74811158266166e-07,5.70452321755519e-14,2.3884143730842e-07,1.29641841304286e-12,1.13860371202753e-06,3.93520725541267e-16,1.98373568184188e-08,1,0.0082167
331,1.50834086526741e-07,8.14769688540104e-06,5.24148213030666e-08,1.94301103786114e-07,1.4153745553358e-07,1.4153745553358e-07,2.88917238483261e-07,5.69416239866781e-14,2.38624441301972e-07,1.29275392590585e-12,1.13699337109143e-06,3.92340606562054e-16,1.98075896201949e-08,1,0.0082756
332,1.56059612966325e-07,8.71351746652766e-06,5.52385717426818e-08,2.03535300296398e-07,1.51476212906232e-07,1.51476212906232e-07,3.03250253830962e-07,5.68434703084026e-14,2.38418686994964e-07,1.28913707888941e-12,1.13540172577349e-06,3.9116914626982e-16,1.97779965180961e-08,1,0.0081938
333,1.61563182120553e-07,9.30384462179358e-06,5.84658383904769e-08,2.12047460542063e-07,1.6184932150054e-07,1.6184932150054e-07,3.17573912529089e-07,5.67511555681879e-14,2.3822501037504e-07,1.28556865880242e-12,1.13382920177706e-06,3.90006611552331e-16,1.97485850519051e-08,1,0.0082121
334,1.67326894518158e-07,9.9156750934695e-06,6.21156232720373e-08,2.19428092971576e-07,1.72604256221121e-07,1.72604256221121e-07,3.31595385339354e-07,5.66650691432206e-14,2.38044258790714e-07,1.2820488589245e-12,1.13227596412028e-06,3.88853424106306e-16,1.97193667268071e-08,1,0.0082378
335,1.73327209256794e-07,1.05445749236043e-05,6.62057917633856e-08,2.25175253856711e-07,1.83662679731356e-07,1.83662679731356e-07,3.44962669468474e-07,5.65855982546401e-14,2.37877275616315e-07,1.27857706902719e-12,1.13074182244542e-06,3.87710235593097e-16,1.96903589503365e-08,1,0.0084941
336,1.79533777132084e-07,1.11843378948011e-05,7.07516033517369e-08,2.2868658199099e-07,1.94914102635835e-07,1.94914102635835e-07,3.57267594206895e-07,5.65131184298683e-14,2.37724879703131e-07,1.27515166148208e-12,1.12922613389971e-06,3.86578036998085e-16,1.96615878554629e-08,1,0.0082648
337,1.85908107536843e-07,1.1826592815831e-05,7.57639238340387e-08,2.29260221770603e-07,2.06208504494043e-07,2.06208504494043e-07,3.68060546409722e-07,5.6447981059002e-14,2.3758783861764e-07,1.27176981253354e-12,1.12772772092094e-06,3.85458315419529e-16,1.9633092354989e-08,1,0.0082018
338,1.92402088655678e-07,1.24603586922268e-05,8.12471159493026e-08,2.26114263036351e-07,2.17347844611027e-07,2.17347844611027e-07,3.76885104803802e-07,5.63904975757477e-14,2.37466834685915e-07,1.26842742368647e-12,1.12624483292332e-06,3.84353273391328e-16,1.96049298236777e-08,1,0.0083365
339,1.98956347568496e-07,1.30715512236764e-05,8.71966059508887e-08,2.18449904588183e-07,2.28076444841463e-07,2.28076444841463e-07,3.83348183869212e-07,5.63409197900901e-14,2.3736242286868e-07,1.26511924789411e-12,1.12477519882602e-06,3.8326612991354e-16,1.95771839117259e-08,1,0.0084977
340,2.05498466117425e-07,1.36424564722027e-05,9.35961642893346e-08,2.05617864756383e-07,2.38070402502899e-07,2.38070402502899e-07,3.87250477067994e-07,5.62994159659328e-14,2.37274979645838e-07,1.26183937637674e-12,1.12331624059155e-06,3.82201519735949e-16,1.95499749292921e-08,1,0.0083329
341,2.11941098804001e-07,1.41511966782329e-05,1.0041494029142e-07,1.87548458686588e-07,2.46926285640825e-07,2.46926285640825e-07,3.88816398693352e-07,5.626604239818e-14,2.37204642446517e-07,1.2585823054545e-12,1.12186554695939e-06,3.81166004558229e-16,1.95234731684255e-08,1,0.0084677
342,2.18180027010051e-07,1.45712348908717e-05,1.07604375728496e-07,1.65900563425883e-07,2.54149620459998e-07,2.54149620459998e-07,3.89076937560963e-07,5.62407104735833e-14,2.37151239662759e-07,1.25534487433721e-12,1.12042173949688e-06,3.80168688753722e-16,1.94979149847804e-08,1,0.0089514
343,2.24092232515377e-07,1.48709902931986e-05,1.15095171280075e-07,1.47031173866915e-07,2.5914389389925e-07,2.5914389389925e-07,3.90445161895228e-07,5.62231495937004e-14,2.37114212129304e-07,1.25212942987689e-12,1.11898589351113e-06,3.79221912100217e-16,1.94736209293551e-08,1,0.0084277
344,2.29534119449764e-07,1.50136877453375e-05,1.22794603390935e-07,1.46626013585257e-07,2.61201240192577e-07,2.61201240192577e-07,3.9740115345436e-07,5.62128669262523e-14,2.3709252819575e-07,1.24894861082715e-12,1.11756369430434e-06,3.78341920037135e-16,1.94510133421664e-08,1,0.0084094
345,2.34340012032092e-07,1.49576446186303e-05,1.30584623135609e-07,1.83400357901733e-07,2.59496406584958e-07,2.59496406584958e-07,4.16840109198486e-07,5.62091056923768e-14,2.37084596067262e-07,1.24583210956863e-12,1.11616849515144e-06,3.77549366338785e-16,1.943062959193e-08,1,0.0083381
346,2.38321173493578e-07,1.46573471917721e-05,1.38321359847967e-07,2.60131925085807e-07,2.53086026802407e-07,2.53086026802407e-07,4.57210830160855e-07,5.62108047560849e-14,2.37088179283753e-07,1.24283560561963e-12,1.11482537001076e-06,3.76869350665508e-16,1.94131231558837e-08,1,0.0083328
347,2.41265585087684e-07,1.40660060921559e-05,1.45836872275364e-07,3.70233021257134e-07,2.40915861482449e-07,2.40915861482449e-07,5.2613619176228e-07,5.62165634817091e-14,2.37100323664286e-07,1.24005169693567e-12,1.11357608493343e-06,3.76330635707467e-16,1.93992431735742e-08,1,0.0082077
348,2.42938814885352e-07,1.31411003971165e-05,1.52944280753544e-07,5.09415637789286e-07,2.21839112413136e-07,2.21839112413136e-07,6.28107828401356e-07,5.62246172296867e-14,2.37117306896158e-07,1.23762200655395e-12,1.11248460958071e-06,3.75963539103996e-16,1.93897792433023e-08,1,0.008291
349,2.43086387929472e-07,1.1856746192965e-05,1.59447717908137e-07,6.75639697265171e-07,1.94649064866326e-07,1.94649064866326e-07,7.64086005920707e-07,5.62328303379013e-14,2.37134624924116e-07,1.23574866964246e-12,1.11164232990763e-06,3.75796027930978e-16,1.93854591880352e-08,1,0.0082511
350,2.41438081682969e-07,1.02342653473485e-05,1.65158851113694e-07,8.67175440298626e-07,1.58129481064861e-07,1.58129481064861e-07,9.32453067568489e-07,5.62387146720409e-14,2.37147031758867e-07,1.23470215550982e-12,1.11117152389261e-06,3.75847704147388e-16,1.93867920024791e-08,1,0.008354
351,2.3771467882234e-07,8.42847586083417e-06,1.69921992705448e-07,1.08139453679038e-06,1.11125284973923e-07,1.11125284973923e-07,1.12979452811829e-06,5.62394826317434e-14,2.37148650916979e-07,1.23482105442793e-12,1.11122502420884e-06,3.76121882090467e-16,1.939386196946e-08,1,0.0081932
352,2.31637711654084e-07,6.97657941264452e-06,1.73649756871e-07,1.31402065459671e-06,5.26347889717727e-08,5.26347889717727e-08,1.35103186062487e-06,5.62321432761428e-14,2.37133176245212e-07,1.23649851475178e-12,1.11197954781182e-06,3.76596772437387e-16,1.94061014229388e-08,1,0.0081436
353,2.22942889900218e-07,7.11028475431806e-06,1.76370387672103e-07,1.55862463672777e-06,-1.80778716440955e-08,-1.80778716440955e-08,1.58918881438605e-06,5.62136486270802e-14,2.3709417670428e-07,1.24015013677166e-12,1.11362028392611e-06,3.77217994839506e-16,1.94221006803977e-08,1,0.0086627
354,2.11398067618262e-07,9.65704124983262e-06,1.78285151953894e-07,1.80632759130692e-06,-1.01354778792029e-07,-1.01354778792029e-07,1.83513003697813e-06,5.61810935264182e-14,2.37025512395645e-07,1.24616017099722e-12,1.11631544421692e-06,3.77895870271868e-16,1.94395439831254e-08,1,0.0082334
355,1.96827328717167e-07,1.40068604252362e-05,1.79827541546475e-07,2.04575643157138e-06,-1.97009894620237e-07,-1.97009894620237e-07,2.07748931706046e-06,5.61319664948788e-14,2.3692185735993e-07,1.25480749970568e-12,1.12018190473944e-06,3.78511542421278e-16,1.94553730989996e-08,1,0.008341
356,1.7914460397376e-07,1.94895090005195e-05,1.81703144272998e-07,2.2633233165643e-06,-3.04202291800948e-07,-3.04202291800948e-07,2.30292149900276e-06,5.60644407157722e-14,2.36779308039728e-07,1.26618008378114e-12,1.12524667685852e-06,3.7893524286966e-16,1.94662590877051e-08,1,0.0080739
357,1.58405706251942e-07,2.57475987895888e-05,1.8487094764367e-07,2.44389142963672e-06,-4.21334888756064e-07,-4.21334888756064e-07,2.49676143731627e-06,5.59776842089302e-14,2.36596035911277e-07,1.28009503501668e-12,1.13141284905939e-06,3.7905718957451e-16,1.94693910940869e-08,1,0.0082286
358,1.34904445616474e-07,3.25386284973854e-05,1.90417118515755e-07,2.57185406123144e-06,-5.45999251144735e-07,-5.45999251144735e-07,2.64412720085281e-06,5.5872157743115e-14,2.36372920917594e-07,1.29604842501465e-12,1.13844122598167e-06,3.78826604190117e-16,1.94634684522085e-08,1,0.0080842
359,1.09395214026355e-07,3.96361314594851e-05,1.99302110021297e-07,2.63258577928187e-06,-6.74986079474138e-07,-6.74986079474138e-07,2.73143871917579e-06,5.57498601250335e-14,2.36114082860454e-07,1.31322031652328e-12,1.145958252522e-06,3.78288525410836e-16,1.94496407527449e-08,1,0.0081357
360,8.37346588085143e-08,4.67992389739021e-05,2.12047620488774e-07,2.61416403744944e-06,-8.04376375285187e-07,-8.04376375285187e-07,2.74827088553943e-06,5.56144757721467e-14,2.35827215927566e-07,1.33055301803378e-12,1.15349599827385e-06,3.77603832941441e-16,1.94320311069492e-08,1,0.008207
361,6.29080590921707e-08,5.37690333367479e-05,2.28509094018151e-07,2.50922991938991e-06,-9.29719881526125e-07,-9.29719881526125e-07,2.68944060461509e-06,5.54713814456276e-14,2.35523632456761e-07,1.34690353811056e-12,1.16056173386449e-06,3.7703883947292e-16,1.94174879805015e-08,1,0.0081274
362,5.81278948801899e-08,6.02769447829804e-05,2.47848089644476e-07,2.31671809372829e-06,-1.0462929314059e-06,-1.0462929314059e-06,2.55709987936378e-06,5.53274794310353e-14,2.35217940283124e-07,1.3612456824612e-12,1.16672433867697e-06,3.76918167263191e-16,1.94143804243965e-08,1,0.0082029
363,7.56875729381228e-08,6.6059317629241e-05,2.68690086379444e-07,2.0435956172532e-06,-1.14941436990534e-06,-1.14941436990534e-06,2.36294428682998e-06,5.51908434235042e-14,2.34927315192389e-07,1.37287725276479e-12,1.17169844788016e-06,3.77547755853638e-16,1.9430588149967e-08,1,0.0081318
364,1.06172474628467e-07,7.08747385237825e-05,2.89368389571769e-07,1.70707521166793e-06,-1.23478759661566e-06,-1.23478759661566e-06,2.13055752345188e-06,5.5070188893134e-14,2.34670383502337e-07,1.38157614866581e-12,1.17540467442741e-06,3.79128460886415e-16,1.94712213506604e-08,1,0.0082381
365,1.41552282249403e-07,7.45212736691879e-05,3.08172483705277e-07,1.33965156999569e-06,-1.2988280815307e-06,-1.2988280815307e-06,1.8977202635133e-06,5.49742076868788e-14,2.34465792146485e-07,1.38765769948741e-12,1.17798883674142e-06,3.81689240750885e-16,1.95368687550202e-08,1,0.0081718
366,1.78265447792011e-07,7.68510322343374e-05,3.23571815295237e-07,1.00425957933249e-06,-1.33893419906883e-06,-1.33893419906883e-06,1.71584084193296e-06,5.49108316272876e-14,2.34330603266598e-07,1.39191030084084e-12,1.17979248210897e-06,3.8506263607103e-16,1.96230129203196e-08,1,0.0081282
367,2.14437672098546e-07,7.77802269645457e-05,3.34415351603554e-07,8.25519379166311e-07,-1.3536703491468e-06,-1.3536703491468e-06,1.63773099092104e-06,5.48865065144477e-14,2.34278694111197e-07,1.39542597522172e-12,1.18128149702843e-06,3.88915480712431e-16,1.97209401579243e-08,1,0.0082131
368,2.48795100930482e-07,7.72935797922558e-05,3.40111066256954e-07,9.21138453752442e-07,-1.3428426619555e-06,-1.3428426619555e-06,1.6869930862727e-06,5.49055622093731e-14,2.34319359442136e-07,1.39936760483561e-12,1.18294869070286e-06,3.92829244757425e-16,1.98199204023988e-08,1,0.008433
369,2.80343878052848e-07,7.54421377308025e-05,3.40785302023507e-07,1.20482573760101e-06,-1.30745520010578e-06,-1.30745520010578e-06,1.83849594313039e-06,5.49697549675096e-14,2.34456296497897e-07,1.40473535477618e-12,1.18521532000569e-06,3.96390401396869e-16,1.99095555298673e-08,1,0.0081677
370,3.08276068690456e-07,7.23358144241446e-05,3.37401387561843e-07,1.53654444269792e-06,-1.24956950919852e-06,-1.24956950919852e-06,2.04052546676044e-06,5.50780370744278e-14,2.34687104618954e-07,1.41219213538624e-12,1.18835690572582e-06,3.99278607685054e-16,1.99819570534283e-08,1,0.0082439
371,3.31944808201661e-07,6.81322057061255e-05,3.31799562417961e-07,1.84604332631645e-06,-1.17209447836331e-06,-1.17209447836331e-06,2.2454815864666e-06,5.52265797122111e-14,2.35003361065775e-07,1.42197648961744e-12,1.19246655702264e-06,4.0131846044818e-16,2.00329343943462e-08,1,0.0082462
372,3.50860175087987e-07,6.30226596991933e-05,3.26584670922131e-07,2.10288468791409e-06,-1.07852858732826e-06,-1.07852858732826e-06,2.42111148770091e-06,5.54090428378846e-14,2.35391254803327e-07,1.43391144753749e-12,1.19746041585411e-06,4.02488173605516e-16,2.00621079053403e-08,1,0.008536
373,3.64689182126697e-07,5.72177029790458e-05,3.24744218257752e-07,2.29411167880399e-06,-9.72690774148077e-07,-9.72690774148077e-07,2.54925123780161e-06,5.56170566628775e-14,2.35832687859163e-07,1.44748992052917e-12,1.20311675265918e-06,4.02890988569555e-16,2.00721445931808e-08,1,0.0084165
374,3.73253912842715e-07,5.09334631080605e-05,3.28934955592359e-07,2.41612468950582e-06,-8.58467817721476e-07,-8.58467817721476e-07,2.62210203747494e-06,5.58408572692666e-14,2.36306701701976e-07,1.46200310013987e-12,1.20913320198391e-06,4.02705269105939e-16,2.00675177614457e-08,1,0.0082813
375,3.76525879579063e-07,4.43804155073293e-05,3.40631814981115e-07,2.47117075412733e-06,-7.39598819521348e-07,-7.39598819521348e-07,2.63902777929272e-06,5.60700062845293e-14,2.36791060398254e-07,1.47667633885917e-12,1.21518572196153e-06,4.02131118188244e-16,2.00532071796071e-08,1,0.0084079
376,3.74616409244203e-07,3.77557570185709e-05,3.59622746102397e-07,2.46503193352964e-06,-6.19512981359094e-07,-6.19512981359094e-07,2.60389701836415e-06,5.62941218371636e-14,2.37263823279411e-07,1.49078166690009e-12,1.22097570282954e-06,4.01350001646478e-16,2.00337216124832e-08,1,0.0084098
377,3.67763556432777e-07,3.12392940987963e-05,3.84193315746552e-07,2.40628840944473e-06,-5.01210823955489e-07,-5.01210823955489e-07,2.52395574553259e-06,5.65035539634313e-14,2.37704762180801e-07,1.50372482588817e-12,1.22626458233457e-06,4.00498513626233e-16,2.00124589600137e-08,1,0.0082716
378,3.56316670077636e-07,2.49951880023213e-05,4.11784539438712e-07,2.30435394336109e-06,-3.87195242979033e-07,-3.87195242979033e-07,2.40767268873577e-06,5.66899508296001e-14,2.38096515786351e-07,1.51508239983049e-12,1.23088683469704e-06,3.99662228846031e-16,1.99915539377516e-08,1,0.0082603
379,3.40719850312982e-07,1.9184645992966e-05,4.39672877201808e-07,2.16882489500762e-06,-2.79455154128527e-07,-2.79455154128527e-07,2.26391658800141e-06,5.68466792347919e-14,2.38425416503342e-07,1.52460808826742e-12,1.23475021290438e-06,3.98881389857578e-16,1.99720151676684e-08,1,0.0082674
380,3.2149534530351e-07,1.40028871735028e-05,4.65411378252698e-07,2.00883976260329e-06,-1.7947893660164e-07,-1.7947893660164e-07,2.1012219878504e-06,5.6969080755363e-14,2.38681965710363e-07,1.53221473498837e-12,1.23782661749874e-06,3.98163262516509e-16,1.99540287289687e-08,1,0.0082795
381,2.99228278400641e-07,9.78677379700076e-06,4.870286708964e-07,1.83267581728804e-06,-8.82920456746206e-08,-8.82920456746206e-08,1.92733278998776e-06,5.70545623349936e-14,2.38860968630276e-07,1.53794281096835e-12,1.24013822252536e-06,3.97495672088586e-16,1.99372934995848e-08,1,0.008331
382,2.74554411149804e-07,7.25479603645035e-06,5.03079079296887e-07,1.64752641647289e-06,-6.50989129269419e-09,-6.50989129269419e-09,1.74895529436403e-06,5.71025350112942e-14,2.38961367194143e-07,1.54192422932101e-12,1.24174241665533e-06,3.96858409645886e-16,1.9921305420225e-08,1,0.0082521
383,2.48153332096655e-07,7.22250051587219e-06,5.12621159900257e-07,1.45939352693682e-06,6.56004175425551e-08,6.56004175425551e-08,1.57164888440183e-06,5.71142257194388e-14,2.38985827444723e-07,1.54434761309783e-12,1.24271783325815e-06,3.9623073778145e-16,1.99055454027628e-08,1,0.0083521
384,2.20750746562673e-07,9.00033205681311e-06,5.15165931409746e-07,1.27319873768935e-06,1.28057230597278e-07,1.28057230597278e-07,1.39994202965285e-06,5.70923941214923e-14,2.38940147571504e-07,1.54542961849702e-12,1.24315309535753e-06,3.95595566592872e-16,1.98895843745633e-08,1,0.0082139
385,1.93136046148734e-07,1.1292804413829e-05,5.10613426188093e-07,1.09287613162109e-06,1.81105189511754e-07,1.81105189511754e-07,1.23743804674698e-06,5.70409892856493e-14,2.38832554911698e-07,1.54539279590232e-12,1.24313828510843e-06,3.94940895719331e-16,1.98731199291739e-08,1,0.0081428
386,1.6620556301773e-07,1.34966866207409e-05,4.99186196962356e-07,9.21538365131378e-07,2.25160697198135e-07,2.25160697198135e-07,1.08698361692946e-06,5.6964780218013e-14,2.38672956612208e-07,1.54445015493748e-12,1.24275908966198e-06,3.94259609664692e-16,1.98559716373864e-08,1,0.0082432
387,1.41046690707161e-07,1.54099682346561e-05,4.81363394291745e-07,7.61680168842603e-07,2.60764286608151e-07,2.6076428660815e-07,9.50840779317287e-07,5.68689905248384e-14,2.38472200738028e-07,1.54279549869116e-12,1.24209319243411e-06,3.93548508122464e-16,1.98380570652084e-08,1,0.0082413
388,1.19070745952815e-07,1.69716207329933e-05,4.57817655361798e-07,6.15432908939023e-07,2.88540290327433e-07,2.88540290327433e-07,8.30826858804393e-07,5.67589617929233e-14,2.38241393953535e-07,1.54059827645049e-12,1.24120839364326e-06,3.92807150136182e-16,1.98193630103538e-08,1,0.0082558
389,1.02126142939542e-07,1.81733455624479e-05,4.29356425823108e-07,4.84927992661499e-07,3.09163683098745e-07,3.09163683098745e-07,7.2838038942864e-07,5.66398635597068e-14,2.37991309840731e-07,1.53800172044857e-12,1.24016197347305e-06,3.92036817013208e-16,1.97999196213825e-08,1,0.0082602
390,9.22648746323617e-08,1.90293980191542e-05,3.96868969822645e-07,3.72902252263785e-07,3.2333356436709e-07,3.2333356436709e-07,6.44500832816555e-07,5.65164608508125e-14,2.37731909618403e-07,1.53512320661024e-12,1.23900089048e-06,3.91239716396684e-16,1.97797804941482e-08,1,0.0081771
391,9.06715104061035e-08,1.95646509372783e-05,3.61279999371575e-07,2.83736225469324e-07,3.31752380233752e-07,3.31752380233752e-07,5.79526454747135e-07,5.63929438736987e-14,2.37471985450281e-07,1.53205601404027e-12,1.2377625030838e-06,3.90418427584006e-16,1.97590087702801e-08,1,0.008262
392,9.64573005567132e-08,1.98091100457379e-05,3.23510524283022e-07,2.24453069665503e-07,3.35110122762217e-07,3.35110122762217e-07,5.32798632020323e-07,5.62728190445073e-14,2.37218926404508e-07,1.52887187722456e-12,1.23647558699093e-06,3.8957556307647e-16,1.97376686332624e-08,1,0.0086706
393,1.07170333167767e-07,1.97950382837577e-05,2.84446236529206e-07,2.01650648627223e-07,3.34072609575742e-07,3.34072609575742e-07,5.02414663592978e-07,5.61588563505297e-14,2.36978598929375e-07,1.52562390932881e-12,1.23516149119409e-06,3.88713586744656e-16,1.97158207220662e-08,1,0.0083594
394,1.20353736170798e-07,1.95552753108412e-05,2.4491353461327e-07,2.11174630994037e-07,3.29273031951516e-07,3.29273031951516e-07,4.85335724722962e-07,5.60530851968742e-14,2.36755327705364e-07,1.52234961200994e-12,1.23383532613146e-06,3.87834758193307e-16,1.96935207160453e-08,1,0.0084131
395,1.34283271841543e-07,1.91221756321141e-05,2.05663332150951e-07,2.38083223280168e-07,3.21306158568291e-07,3.21306158568291e-07,4.77910765110583e-07,5.59568292776327e-14,2.36551958938481e-07,1.51907378691474e-12,1.2325071143465e-06,3.86941150380249e-16,1.96708197688924e-08,1,0.0082219
396,1.47910625771819e-07,1.85269013959292e-05,1.67363364805479e-07,2.69546284072235e-07,3.1072460515702e-07,3.1072460515702e-07,4.765521820039e-07,5.58707704996998e-14,2.36369986461268e-07,1.51581123185226e-12,1.23118285882003e-06,3.86034713592355e-16,1.9647766122192e-08,1,0.0084308
397,1.60632222854944e-07,1.77989384827999e-05,1.30602026814789e-07,2.98902342184273e-07,2.98036678003655e-07,2.98036678003655e-07,4.78231829475117e-07,5.57950323146107e-14,2.36209721041727e-07,1.51256915238342e-12,1.22986550174538e-06,3.85117353599894e-16,1.96244070891299e-08,1,0.0082757
398,1.72113713260074e-07,1.69657702496843e-05,9.59158409072462e-08,3.23335722311997e-07,2.83705494652509e-07,2.83705494652509e-07,4.80675818118447e-07,5.57292737668156e-14,2.36070484743044e-07,1.50934925311141e-12,1.22855575905671e-06,3.84190997770383e-16,1.96007907434977e-08,1,0.0084606
399,1.82184005584247e-07,1.60526665302652e-05,6.38968975402413e-08,3.41871891558096e-07,2.68149060289602e-07,2.68149060289602e-07,4.82334428179684e-07,5.56727868949457e-14,2.35950814567243e-07,1.50614949683947e-12,1.22725282515033e-06,3.83257633168992e-16,1.95769669042217e-08,1,0.0084311
400,1.90773901100267e-07,1.50825609045175e-05,3.57546039042637e-08,3.54397505430347e-07,2.51741052892385e-07,2.51741052892385e-07,4.82251122761293e-07,5.56245916310609e-14,2.35848662559407e-07,1.50296553846089e-12,1.22595494960495e-06,3.8231931263761e-16,1.95529873072533e-08,1,0.0083399
401,1.9787980846437e-07,1.40760026590609e-05,1.81946975064061e-08,3.61213105188048e-07,2.34812230104353e-07,2.34812230104353e-07,4.79913945823178e-07,5.55835238678859e-14,2.35761582680228e-07,1.49979185231858e-12,1.22465989250836e-06,3.81378126280563e-16,1.95289048919944e-08,1,0.0086299
402,2.03541321313009e-07,1.30511633774467e-05,2.8135190006653e-08,3.62820076207378e-07,2.17652207368246e-07,2.17652207368246e-07,4.7512674529291e-07,5.55483137823485e-14,2.35686897774035e-07,1.49662258259662e-12,1.22336526949093e-06,3.80436144934122e-16,1.95047723630429e-08,1,0.0083602
403,2.07826658198396e-07,1.20238929424157e-05,4.73583179698083e-08,3.59810981758221e-07,2.00511610870535e-07,2.00511610870535e-07,4.67908572303378e-07,5.55176527552407e-14,2.35621842695538e-07,1.49345215046124e-12,1.22206879939766e-06,3.79495350720535e-16,1.94806404083781e-08,1,0.0082018
404,2.10822749087655e-07,1.10078111233605e-05,6.57007165207652e-08,3.52809513254004e-07,1.8360444542509e-07,1.8360444542509e-07,4.58419503948205e-07,5.54902482472645e-14,2.35563681936042e-07,1.49027565613237e-12,1.22076846950287e-06,3.78557560691944e-16,1.94565557253062e-08,1,0.0082963
405,2.12628225800056e-07,1.00144285404202e-05,8.1874112177923e-08,3.42435343662303e-07,1.67110643545243e-07,1.67110643545243e-07,4.46906932515905e-07,5.54648668007451e-14,2.35509801920738e-07,1.48708911329336e-12,1.21946263300413e-06,3.77624361294748e-16,1.94325593089214e-08,1,0.0083398
406,2.13348313093909e-07,9.05328856446725e-06,9.5684159471206e-08,3.29282980113078e-07,1.51178717544553e-07,1.51178717544553e-07,4.33667274914887e-07,5.54403659039453e-14,2.35457779450893e-07,1.48388955219e-12,1.21815005323236e-06,3.76697057966194e-16,1.94086851168799e-08,1,0.0081681
407,2.13091045299328e-07,8.13212292798167e-06,1.07169989010208e-07,3.13909018735524e-07,1.35928447164702e-07,1.35928447164702e-07,4.19018920470175e-07,5.54157158491119e-14,2.35405428673835e-07,1.48067502468023e-12,1.21682990786725e-06,3.7577664564483e-16,1.93849592634297e-08,1,0.0084017
408,2.1196444037447e-07,7.25701799342948e-06,1.16452149292064e-07,2.96824490619107e-07,1.21453602730526e-07,1.21453602730526e-07,4.03283115892739e-07,5.5390012927872e-14,2.35350829460769e-07,1.47744453999122e-12,1.21550176470099e-06,3.74863801116667e-16,1.93613997716247e-08,1,0.0082574
409,2.1007439278107e-07,6.43258596302745e-06,1.23688032065992e-07,2.7849102311059e-07,1.07824641659704e-07,1.07824641659704e-07,3.86770912463886e-07,5.53624853913793e-14,2.35292340273497e-07,1.47419795612505e-12,1.21416553901231e-06,3.73958896877467e-16,1.93380168806801e-08,1,0.0082827
410,2.07523125841703e-07,5.66213511025235e-06,1.29053047404116e-07,2.59319373363258e-07,9.50913001673825e-08,9.50913001673825e-08,3.6977430933178e-07,5.53324935922762e-14,2.35228598585028e-07,1.47093584657314e-12,1.21282144051511e-06,3.73062030307881e-16,1.93148137528655e-08,1,0.0081743
411,2.04408080628885e-07,4.94784130048477e-06,1.32730314692724e-07,2.39669740300579e-07,8.3285140561884e-08,8.3285140561884e-08,3.52560582044251e-07,5.52995256356682e-14,2.3515851172277e-07,1.46765935780778e-12,1.21146991617942e-06,3.72173065133979e-16,1.92917875048939e-08,1,0.0080859
412,2.00821153891107e-07,4.2909146235557e-06,1.34904036936483e-07,2.1985329698639e-07,7.24219439973695e-08,7.24219439973695e-08,3.3536891241455e-07,5.52631897381305e-14,2.35081240719311e-07,1.46437006885052e-12,1.21011159355264e-06,3.71291679121396e-16,1.92689304093765e-08,1,0.0082088
413,1.96848215563778e-07,3.6917641363953e-06,1.35754884999643e-07,2.00134865872717e-07,6.25039877633071e-08,6.25039877633071e-08,3.18408921704554e-07,5.52232043391778e-14,2.34996179414002e-07,1.46106986103592e-12,1.20874722793309e-06,3.70417413909834e-16,1.92462311611867e-08,1,0.0084707
414,1.92568842818074e-07,3.15015913755178e-06,1.35456700676734e-07,1.80735857626636e-07,5.35221484909698e-08,5.35221484909698e-08,3.01860230850878e-07,5.51793868389003e-14,2.3490293067329e-07,1.45776080243189e-12,1.20737765526445e-06,3.69549722951829e-16,1.92236761040085e-08,1,0.0082954
415,1.88056232404647e-07,2.66539306827689e-06,1.34174162163853e-07,1.61837952480879e-07,4.54578881203815e-08,4.54578881203815e-08,2.85873179737157e-07,5.51316416815686e-14,2.34801281260492e-07,1.45444504983541e-12,1.2060037519989e-06,3.68688008017376e-16,1.92012501680848e-08,1,0.008237
416,1.83377251460835e-07,2.23640992319575e-06,1.32060675211748e-07,1.43612452317906e-07,3.82843516888443e-08,3.82843516888443e-08,2.70583310119833e-07,5.50799483514526e-14,2.34691176552193e-07,1.45112478608032e-12,1.20462640934039e-06,3.67831666488286e-16,1.91789380959501e-08,1,0.0082441
417,1.78592587055268e-07,1.86197962335545e-06,1.29257384965278e-07,1.26169987180675e-07,3.19680708571468e-08,3.19680708571468e-08,2.56081526602079e-07,5.50243497034901e-14,2.34572695988877e-07,1.44780213131338e-12,1.20324649648913e-06,3.66980124117474e-16,1.91567252973329e-08,1,0.0082813
418,1.73756983649953e-07,1.54096504664183e-06,1.25894008136539e-07,1.09557720004066e-07,2.64721258247391e-08,2.64721258247391e-08,2.42419102069987e-07,5.49649409467046e-14,2.34446029923103e-07,1.44447908081035e-12,1.20186483466751e-06,3.66132838443772e-16,1.91345979430918e-08,1,0.00826
419,1.68919530370753e-07,1.27245970303615e-06,1.22088821704642e-07,9.38363392546021e-08,2.17574616101501e-08,2.17574616101501e-08,2.29647488798978e-07,5.49018594832057e-14,2.34311458284066e-07,1.44115750297814e-12,1.20048219602714e-06,3.65289317597815e-16,1.91125434622872e-08,1,0.0081387
420,1.64123991693666e-07,1.05570585000345e-06,1.1794769816869e-07,7.90677089745468e-08,1.77825594249725e-08,1.77825594249725e-08,2.17806215225004e-07,5.48352757336015e-14,2.34169331325862e-07,1.4378391268934e-12,1.19909929817901e-06,3.64449135112169e-16,1.90905509378899e-08,1,0.0084665
421,1.59409164560623e-07,8.89745609030028e-07,1.13564378987815e-07,6.52877435099017e-08,1.45043639321329e-08,1.45043639321329e-08,2.0691009863157e-07,5.47653850115405e-14,2.34020052584261e-07,1.43452552276519e-12,1.19771679572643e-06,3.63611930394532e-16,1.90686111291444e-08,1,0.0082693
422,1.54809251585948e-07,7.72503271917151e-07,1.090213373125e-07,5.25346192353821e-08,1.18794929448995e-08,1.18794929448995e-08,1.96959961599328e-07,5.46924004602729e-14,2.33864064063449e-07,1.43121810026213e-12,1.1963352792015e-06,3.62777409780193e-16,1.9046716509157e-08,1,0.0081878
423,1.50354239469316e-07,6.99439794329423e-07,1.04390474211533e-07,4.08691707538706e-08,9.86501191846401e-09,9.86501191846401e-09,1.8794435685633e-07,5.46165470249682e-14,2.33701833593509e-07,1.42791811203757e-12,1.19495527616625e-06,3.61945341976143e-16,1.90248611552396e-08,1,0.0082197
424,1.46070278138785e-07,6.62954010217038e-07,9.97338909778763e-08,3.04336896934306e-08,8.41902725312593e-09,8.41902725312593e-09,1.79842893750101e-07,5.45380564097101e-14,2.33533844248987e-07,1.42462666240171e-12,1.19357725447568e-06,3.61115555140399e-16,1.90030406814383e-08,1,0.0088796
425,1.41980049281331e-07,6.53758235526458e-07,9.51046916726447e-08,2.16118245621337e-08,7.50119788506254e-09,7.50119788506254e-09,1.7262821660022e-07,5.44571629461436e-14,2.33360585674067e-07,1.42134471849292e-12,1.19220162661058e-06,3.60287930013954e-16,1.89812520665512e-08,1,0.0090904
426,1.38103127262992e-07,6.6349686162658e-07,9.0547819904973e-08,1.54830782521305e-08,7.07314562475858e-09,7.07314562475858e-09,1.66268482596708e-07,5.43741002954715e-14,2.33182547150235e-07,1.41807312339858e-12,1.19082875485881e-06,3.59462393217614e-16,1.89594934852599e-08,1,0.009021
427,1.34456324003024e-07,6.86597944065158e-07,8.61008827366702e-08,1.40884063295877e-08,7.0987997702332e-09,7.0987997702332e-09,1.60729431080167e-07,5.42890988968039e-14,2.33000212224804e-07,1.41481261011197e-12,1.18945895688417e-06,3.58638912467388e-16,1.89377641887153e-08,1,0.0092018
428,1.31054018942209e-07,7.20555716948233e-07,8.17949521115756e-08,1.74599532455732e-08,7.54461559893116e-09,7.54461559893116e-09,1.5597620834088e-07,5.42023840766733e-14,2.32814054723235e-07,1.41156381564341e-12,1.18809251139943e-06,3.57817487483784e-16,1.89160642704497e-08,1,0.0091784
429,1.27908469799301e-07,7.65219340067227e-07,7.76553451919981e-08,2.29591460591434e-08,8.37976443790467e-09,8.37976443790467e-09,1.51975075725772e-07,5.41141747353439e-14,2.32624535970185e-07,1.40832729491614e-12,1.18672966378874e-06,3.56998146543603e-16,1.88943945799701e-08,1,0.0092042
430,1.25030102145282e-07,8.21803718112485e-07,7.3702368146529e-08,2.89789916104265e-08,9.5762970886426e-09,9.5762970886426e-09,1.48694567149644e-07,5.40246825300117e-14,2.32432103053799e-07,1.40510353393796e-12,1.18537063146425e-06,3.56180938807282e-16,1.88727565238171e-08,1,0.0089621
431,1.22427784000255e-07,8.9200225495283e-07,6.99520074869334e-08,3.49703460165292e-08,1.11091846832778e-08,1.11091846832778e-08,1.46106622325292e-07,5.39341114853834e-14,2.32237187989743e-07,1.40189296227009e-12,1.18401560896387e-06,3.55365932229774e-16,1.88511520133326e-08,1,0.0093373
432,1.20109077235911e-07,9.77361753742268e-07,6.64165981057253e-08,4.07629021149026e-08,1.29563968442881e-08,1.29563968442881e-08,1.44187206964171e-07,5.38426579644322e-14,2.32040207646072e-07,1.39869596455801e-12,1.18266477268836e-06,3.54553206256421e-16,1.8829583273573e-08,1,0.0089182
433,1.18080468274086e-07,1.07895642690449e-06,6.31054290468984e-08,4.63173455093127e-08,1.50989141189939e-08,1.50989141189939e-08,1.42916787343742e-07,5.37505109413915e-14,2.31841564309318e-07,1.39551289121747e-12,1.18131828531411e-06,3.53742850279591e-16,1.88080528040409e-08,1,0.0088617
434,1.16347586237093e-07,1.19731957680041e-06,6.00253102155099e-08,5.16448927419003e-08,1.75206977814923e-08,1.75206977814923e-08,1.42280305384895e-07,5.36578525309809e-14,2.31641646797334e-07,1.39234406816236e-12,1.17997629983079e-06,3.52934959727933e-16,1.87865632761272e-08,1,0.0090095
435,1.14915394567165e-07,1.33254059219057e-06,5.71810990150077e-08,5.67792253935434e-08,2.02086809508728e-08,2.02086809508728e-08,1.42267370631518e-07,5.35648587272511e-14,2.31440832022466e-07,1.38918980594762e-12,1.17863896335885e-06,3.52129633223975e-16,1.87651174583048e-08,1,0.0089573
436,1.13788372191943e-07,1.4844225200035e-06,5.45761650671388e-08,6.17630400802793e-08,2.31526744443045e-08,2.31526744443045e-08,1.42871453259685e-07,5.34717003211017e-14,2.31239486941789e-07,1.38605040788846e-12,1.17730642055858e-06,3.51326970415712e-16,1.87437181587782e-08,1,0.0089602
437,1.12970672889516e-07,1.6526327063344e-06,5.2212748512945e-08,6.66407691561247e-08,2.63452246684892e-08,2.63452246684892e-08,1.44088534193103e-07,5.33785439655228e-14,2.31037970830603e-07,1.38292617699097e-12,1.17597881655707e-06,3.50527070301156e-16,1.87223681808994e-08,1,0.0094645
438,1.12466274213947e-07,1.83683065285437e-06,5.00925039510575e-08,7.14685519269562e-08,2.97817113192878e-08,2.97817113192878e-08,1.4592271476813e-07,5.32855533693356e-14,2.30836637840131e-07,1.3798174264469e-12,1.17465630141199e-06,3.4973002815768e-16,1.87010702409696e-08,1,0.0092009
439,1.12279109895041e-07,2.03674070141265e-06,4.82167513415666e-08,7.62867777529806e-08,3.34601306661853e-08,3.34601306661853e-08,1.48373765859061e-07,5.31928906020224e-14,2.3063583980384e-07,1.37672448190919e-12,1.17333903110277e-06,3.48935935285875e-16,1.86798269608119e-08,1,0.0091916
440,1.12413192813181e-07,2.25220416564872e-06,4.65868906517578e-08,8.11556979921144e-08,3.73811168685734e-08,3.73811168685734e-08,1.51454482290501e-07,5.31007175004688e-14,2.3043592927421e-07,1.37364769549623e-12,1.1720271735315e-06,3.48144871075825e-16,1.86586406545553e-08,1,0.0088678
441,1.12872717002678e-07,2.48309782038847e-06,4.52031508430595e-08,8.60363977022032e-08,4.15459133762397e-08,4.15459133762397e-08,1.55125881868435e-07,5.3009197166553e-14,2.30237262767244e-07,1.37058741509652e-12,1.17072089547275e-06,3.47356911491116e-16,1.8637513554418e-08,1,0.0087612
442,1.13662156597728e-07,2.7293018919169e-06,4.40644712308876e-08,9.0960156159921e-08,4.59556073195699e-08,4.59556073195699e-08,1.59385180274721e-07,5.29184955572224e-14,2.30040204219224e-07,1.36754401288067e-12,1.1694203747501e-06,3.46572132676145e-16,1.86164479070564e-08,1,0.0086918
443,1.1478634560374e-07,2.9909896613364e-06,4.31727576824726e-08,9.60926565122031e-08,5.06163146951621e-08,5.06163146951621e-08,1.64312823755982e-07,5.28287831634974e-14,2.29845128648613e-07,1.36451795123546e-12,1.16812582851141e-06,3.4579059551504e-16,1.85954455583898e-08,1,0.0087081
444,1.16250540958338e-07,3.2686323604441e-06,4.25327660730756e-08,1.01464332286769e-07,5.55391057588395e-08,5.55391057588395e-08,1.69919848041518e-07,5.27402367786092e-14,2.29652426023783e-07,1.36150974133348e-12,1.16683749568373e-06,3.45012352455941e-16,1.85745081349666e-08,1,0.0089256
445,1.18060472138095e-07,3.56280714469852e-06,4.2149470143232e-08,1.07101118605159e-07,6.07365251426017e-08,6.07365251426017e-08,1.76216323313025e-07,5.2653041359065e-14,2.29462505344697e-07,1.35851994908914e-12,1.1655556396368e-06,3.44237443069297e-16,1.85536369229673e-08,1,0.0092313
446,1.20222369455426e-07,3.87407888896945e-06,4.20268356228199e-08,1.12951746779102e-07,6.62204939771982e-08,6.62204939771982e-08,1.83165544761354e-07,5.25673919795996e-14,2.29275798940053e-07,1.35554916359071e-12,1.16428053474698e-06,3.43465907847351e-16,1.85328332385351e-08,1,0.0088507
447,1.22742985563845e-07,4.20309267883219e-06,4.21691216436105e-08,1.19114803810643e-07,7.20041999358045e-08,7.20041999358045e-08,1.90823949008177e-07,5.24834958912898e-14,2.29092766999069e-07,1.3525980777203e-12,1.16301250110233e-06,3.42697774828866e-16,1.85120980666392e-08,1,0.0087071
448,1.256295862766e-07,4.55066025538121e-06,4.25821249409467e-08,1.25603714836207e-07,7.81037421404562e-08,7.81037421404562e-08,1.99199638551992e-07,5.24015746793629e-14,2.2891390232872e-07,1.34966745811824e-12,1.16175189180747e-06,3.41933064375038e-16,1.84914321883146e-08,1,0.0088464
449,1.28889894070182e-07,4.91761826368695e-06,4.32717488964218e-08,1.32414941467145e-07,8.45355234702083e-08,8.45355234702083e-08,2.08291429269857e-07,5.23218665058975e-14,2.28739735301713e-07,1.34675814377835e-12,1.16049909253663e-06,3.41171790652105e-16,1.84708362196221e-08,1,0.008789
450,1.32532005083838e-07,5.30478653693649e-06,4.42438433463832e-08,1.39534501207037e-07,9.13155879800343e-08,9.13155879800343e-08,2.1809239518243e-07,5.22446284300434e-14,2.28570838975674e-07,1.34387104633181e-12,1.15925452180779e-06,3.40413963092893e-16,1.84503106503087e-08,1,0.0088377
451,1.3656425345538e-07,5.71292692252234e-06,4.55042090601974e-08,1.46934183562556e-07,9.84589618724385e-08,9.84589618724385e-08,2.28587060143879e-07,5.21701387779188e-14,2.28407834318175e-07,1.34100714610506e-12,1.15801862942919e-06,3.3965958856769e-16,1.84298559019784e-08,1,0.0088017
452,1.40995037095847e-07,6.14269455107742e-06,4.70586170331077e-08,1.54568240997273e-07,1.05978857689593e-07,1.05978857689593e-07,2.39748809487747e-07,5.20986995339093e-14,2.28251395469796e-07,1.33816748315272e-12,1.1567918927589e-06,3.38908674377449e-16,1.84094724089923e-08,1,0.0088467
453,1.45832572152088e-07,6.5945746211632e-06,4.89128336973589e-08,1.62368845507829e-07,1.13885615604659e-07,1.13885615604659e-07,2.51536428749142e-07,5.20306386941005e-14,2.2810225490797e-07,1.33535314119209e-12,1.15557480986395e-06,3.38161232862674e-16,1.83891607438369e-08,1,0.0087636
454,1.51084579561571e-07,7.06880625751138e-06,5.10726095775322e-08,1.70241262259476e-07,1.22185406681297e-07,1.22185406681297e-07,2.63890467639469e-07,5.19663125079489e-14,2.27961208340255e-07,1.33256522277297e-12,1.15436788883483e-06,3.37417287936618e-16,1.8368921795702e-08,1,0.008816
455,1.56757879599571e-07,7.56528875771088e-06,5.35436177424716e-08,1.78057967258465e-07,1.3087861105987e-07,1.3087861105987e-07,2.76729003263714e-07,5.19061074976382e-14,2.27829119073129e-07,1.32980481336303e-12,1.15317163222264e-06,3.36676885539676e-16,1.83487570570782e-08,1,0.0088197
456,1.62857881322424e-07,8.08346419621102e-06,5.63312922978435e-08,1.85651657598533e-07,1.39957762712584e-07,1.39957762712584e-07,2.89942879294411e-07,5.18504421073118e-14,2.27706921518235e-07,1.32707293191542e-12,1.15198651550937e-06,3.35940110185987e-16,1.83286690784134e-08,1,0.0088759
457,1.69387945374779e-07,8.62218066128932e-06,5.94405663347586e-08,1.92810585173666e-07,1.49405121163682e-07,1.49405121163682e-07,3.03392891718116e-07,5.17997677833096e-14,2.27595623383468e-07,1.32437046870936e-12,1.15081295991545e-06,3.35207110159408e-16,1.83086621619224e-08,1,0.0087401
458,1.76348596927487e-07,9.17952694584019e-06,6.28754760353674e-08,1.99269452193587e-07,1.5918969253903e-07,1.5918969253903e-07,3.16904817148667e-07,5.1754569224041e-14,2.27496305956912e-07,1.32169810668845e-12,1.14965129786751e-06,3.34478138267295e-16,1.82887434851959e-08,1,0.0089794
459,1.83736561892008e-07,9.75262677776096e-06,6.66385471379221e-08,2.04699562590381e-07,1.69263469018688e-07,1.69263469018688e-07,3.30265090192273e-07,5.17153634614089e-14,2.27410121721547e-07,1.31905622634664e-12,1.14850173110302e-06,3.33753616079584e-16,1.82689248747589e-08,1,0.0090549
460,1.91543594971806e-07,1.03374024249955e-05,7.07300358259731e-08,2.08713162989416e-07,1.7955701991923e-07,1.7955701991923e-07,3.43227131819206e-07,5.16826973425248e-14,2.27338288333762e-07,1.31644481034157e-12,1.14736428842002e-06,3.33034232728072e-16,1.82492255377611e-08,1,0.0089315
461,1.99755064617329e-07,1.09283081158264e-05,7.51470145448239e-08,2.10863523772986e-07,1.89974384667835e-07,1.89974384667835e-07,3.55517101710298e-07,5.16571428707194e-14,2.27282077759597e-07,1.31386335177166e-12,1.14623878479646e-06,3.32321096415272e-16,1.82296762564581e-08,1,0.0086241
462,2.08348265801371e-07,1.15180193498304e-05,7.98822506752409e-08,2.10662555889906e-07,2.00386944371189e-07,2.00386944371189e-07,3.66852676350029e-07,5.16392897473249e-14,2.2724279910995e-07,1.31131079232225e-12,1.14512479334012e-06,3.31615962185281e-16,1.82103257023394e-08,1,0.0084546
463,2.17290407719398e-07,1.2097089973094e-05,8.49229201625792e-08,2.07628322494246e-07,2.10626359020694e-07,2.10626359020694e-07,3.76980279327509e-07,5.16297343078855e-14,2.27221773401858e-07,1.30878552955482e-12,1.14402164732789e-06,3.30921565364926e-16,1.81912496922264e-08,1,0.0086022
464,2.26536248761153e-07,1.26535820537218e-05,9.02492149725649e-08,2.01395061351653e-07,2.20476476187059e-07,2.20476476187059e-07,3.85741901736146e-07,5.16290639149865e-14,2.27220298201958e-07,1.30628555387637e-12,1.14292849902186e-06,3.3024210381299e-16,1.81725645909704e-08,1,0.0083632
465,2.36025339421826e-07,1.31726934536933e-05,9.5832939841279e-08,1.91957711449182e-07,2.2966437107641e-07,2.2966437107641e-07,3.9318805429709e-07,5.16378357363504e-14,2.27239599841996e-07,1.30380880396705e-12,1.14184447450914e-06,3.29583907033197e-16,1.81544459302177e-08,1,0.008633
466,2.45678842702335e-07,1.36364105523143e-05,1.01636274620037e-07,1.80207838648775e-07,2.37850565909525e-07,2.37850565909525e-07,3.99758697255636e-07,5.1656548736383e-14,2.27280770714073e-07,1.30135386450796e-12,1.14076897946427e-06,3.28956345210931e-16,1.81371537240806e-08,1,0.0086545
467,2.55395917447429e-07,1.40232501216269e-05,1.07611004107641e-07,1.69038571134177e-07,2.44618854949863e-07,2.44618854949863e-07,4.06552244253179e-07,5.16856076783797e-14,2.27344689136077e-07,1.29892116828269e-12,1.13970222790108e-06,3.28373000254457e-16,1.81210650971309e-08,1,0.0082904
468,2.65049672413202e-07,1.43081827571119e-05,1.13698680631057e-07,1.65064536932075e-07,2.49466197033144e-07,2.49466197033143e-07,4.15677212992295e-07,5.17252780227557e-14,2.27431919533639e-07,1.29651489985773e-12,1.13864608191384e-06,3.27853116234716e-16,1.81067146725936e-08,1,0.0083848
469,2.74482735213658e-07,1.44629024383776e-05,1.19832468118248e-07,1.78873843255928e-07,2.51793546013346e-07,2.51793546013346e-07,4.30598373822733e-07,5.17756308882303e-14,2.2754259137188e-07,1.29414581682933e-12,1.13760529922699e-06,3.27423246218969e-16,1.80948403203501e-08,1,0.0086416
470,2.83502520557681e-07,1.44567157765193e-05,1.25941762071067e-07,2.19658549544166e-07,2.50898736453564e-07,2.50898736453564e-07,4.56233382685246e-07,5.18364777994523e-14,2.27676256556217e-07,1.29183518509028e-12,1.13658927721947e-06,3.27118936237911e-16,1.80864296155408e-08,1,0.0087277
471,2.91876360773288e-07,1.42585494990345e-05,1.31961210591393e-07,2.89681421081079e-07,2.45973083679019e-07,2.45973083679019e-07,4.98449111916421e-07,5.19072959144816e-14,2.27831727190226e-07,1.28961993314141e-12,1.13561434172936e-06,3.26986088594455e-16,1.80827566646918e-08,1,0.0082771
472,2.9932675631734e-07,1.38410141603491e-05,1.3784636532964e-07,3.87132967873308e-07,2.36103755213435e-07,2.36103755213435e-07,5.62873645022403e-07,5.19871459380684e-14,2.28006898882618e-07,1.28755893061412e-12,1.13470653942511e-06,3.27081439747336e-16,1.80853929939976e-08,1,0.0082646
473,3.05527108035323e-07,1.31884204738507e-05,1.43598833251187e-07,5.10123054225164e-07,2.20284437801865e-07,2.20284437801865e-07,6.53587352835071e-07,5.20745870962214e-14,2.28198569443854e-07,1.28573994012188e-12,1.13390473150167e-06,3.27471327955971e-16,1.80961688750954e-08,1,0.0082573
474,3.10098444525543e-07,1.23127748284837e-05,1.49304065285975e-07,6.57313881521229e-07,1.97437200810668e-07,1.97437200810668e-07,7.72460766970524e-07,5.21675965017086e-14,2.28402269038004e-07,1.28428626015645e-12,1.13326354399868e-06,3.2822770929281e-16,1.81170557567396e-08,1,0.0082234
475,3.12607842897537e-07,1.1286211497457e-05,1.55183839609181e-07,8.27264371340923e-07,1.66448723248891e-07,1.66448723248891e-07,9.19224542169078e-07,5.22635040110546e-14,2.28612125686838e-07,1.28336139173281e-12,1.13285541519331e-06,3.29420340487052e-16,1.81499405091877e-08,1,0.0081336
476,3.12569422505572e-07,1.03037959374941e-05,1.61661162224672e-07,1.01772624143835e-06,1.26223698160288e-07,1.26223698160288e-07,1.09176067165972e-06,5.2358958086421e-14,2.28820799068662e-07,1.2831693328514e-12,1.13277064441634e-06,3.31104362981683e-16,1.8196273326747e-08,1,0.0082422
477,3.09449021011071e-07,9.77184586084548e-06,1.69424912330679e-07,1.22508900372804e-06,7.57575495669016e-08,7.57575495669016e-08,1.28623254845432e-06,5.24499428631889e-14,2.29019525069783e-07,1.28394758198317e-12,1.13311410810349e-06,3.33303423188428e-16,1.82565994420765e-08,1,0.0081635
478,3.0267392031624e-07,1.02840194659638e-05,1.7946410266469e-07,1.44397569987285e-06,1.42289309223997e-08,1.42289309223997e-08,1.49703084407617e-06,5.25318708112567e-14,2.29198322007943e-07,1.28594999571984e-12,1.13399735260707e-06,3.35990109481003e-16,1.83300329918144e-08,1,0.0081276
479,2.91649351608792e-07,1.2257223402345e-05,1.93025204411158e-07,1.66701190646562e-06,-5.88899613518379e-08,-5.88899613518379e-08,1.71668644392282e-06,5.25997778540179e-14,2.29346414521827e-07,1.28941776680759e-12,1.13552532636115e-06,3.39067741564065e-16,1.84137921559918e-08,1,0.0081585
480,2.75784105194898e-07,1.56324427794744e-05,2.11454120119528e-07,1.88482658451631e-06,-1.43710773059524e-07,-1.43710773059524e-07,1.93591872903506e-06,5.26486468015681e-14,2.294529293811e-07,1.29453935755471e-12,1.1377782550017e-06,3.42360126838523e-16,1.85029761616482e-08,1,0.0082334
481,2.54529211541204e-07,2.01103008652779e-05,2.35938116136528e-07,2.08635456983623e-06,-2.3980364538545e-07,-2.3980364538545e-07,2.14395008379985e-06,5.26738785535977e-14,2.2950790520938e-07,1.30140418625382e-12,1.14079103531445e-06,3.45617547037122e-16,1.85907919959619e-08,1,0.0082332
482,2.27438349023416e-07,2.54024927170052e-05,2.67233144206953e-07,2.25950554052276e-06,-3.46083218971671e-07,-3.46083218971671e-07,2.32917852338025e-06,5.2671916570305e-14,2.29503630843403e-07,1.30995951490013e-12,1.14453462809132e-06,3.48546762768611e-16,1.86694071348988e-08,1,0.008175
483,1.94274969730408e-07,3.12672041684687e-05,3.05472824281621e-07,2.39222556179948e-06,-4.60723391881857e-07,-4.60723391881857e-07,2.48024295806386e-06,5.26410073514508e-14,2.29436281680668e-07,1.3199836259066e-12,1.14890540337601e-06,3.50868751541153e-16,1.87314909054553e-08,1,0.0082525
484,1.55257324241746e-07,3.7480696708873e-05,3.50088850652922e-07,2.47392110023659e-06,-5.81120085385578e-07,-5.81120085385578e-07,2.5874466180877e-06,5.25820483212427e-14,2.29307758964329e-07,1.33108878370732e-12,1.15372821050164e-06,3.52399546193604e-16,1.87723079612924e-08,1,0.0083164
485,1.11873694121065e-07,4.38172436712222e-05,3.99806714788708e-07,2.49714438816642e-06,-7.03919662115027e-07,-7.03919662115027e-07,2.64441708130019e-06,5.24994373420984e-14,2.291275569243e-07,1.3427627072458e-12,1.15877638362447e-06,3.5837222214814e-16,1.89307216489002e-08,1,0.0075889
486,7.10630097540585e-08,5.13197698274816e-05,4.34420389213451e-07,3.46218408371662e-06,-8.49700928284847e-07,-8.49700928284847e-07,3.60316059497617e-06,5.24018046548828e-14,2.28914404646983e-07,1.36671333186709e-12,1.16906515296073e-06,3.59277357908372e-16,1.89546131036318e-08,1,0.0075026
487,6.34651147034547e-08,5.95619948787313e-05,4.56255480292353e-07,3.08708382497557e-06,-1.0077740864034e-06,-1.0077740864034e-06,3.28982578556109e-06,5.23024740925203e-14,2.28697341682234e-07,1.38613066321714e-12,1.17734050436445e-06,3.59972060741274e-16,1.89729296826103e-08,1,0.0076801
488,1.08427958599296e-07,6.67232120218347e-05,4.84774903228853e-07,2.71390419197168e-06,-1.14394907946291e-06,-1.14394907946291e-06,2.9946939896973e-06,5.22193883304577e-14,2.28515619445275e-07,1.40166767434155e-12,1.18392046791224e-06,3.61275583785989e-16,1.90072508213573e-08,1,0.0079099
489,1.73924934593639e-07,7.26435510494146e-05,5.15357217415358e-07,2.3586528196883e-06,-1.25611298429362e-06,-1.25611298429362e-06,2.73250402378578e-06,5.21744609164351e-14,2.28417295572019e-07,1.41407035443493e-12,1.18914690195742e-06,3.64298517185211e-16,1.90866057009939e-08,1,0.0076155
490,2.46894296597446e-07,7.72247630394485e-05,5.4289821566761e-07,2.05192444677437e-06,-1.34227286352484e-06,-1.34227286352484e-06,2.52640557903212e-06,5.21923840445492e-14,2.28456525502226e-07,1.42421046626213e-12,1.19340289352009e-06,3.69953026169025e-16,1.92341629963205e-08,1,0.0075911
491,3.23239292155602e-07,8.04122619498496e-05,5.62582707297031e-07,1.82836102336617e-06,-1.4008080349015e-06,-1.4008080349015e-06,2.39449021320272e-06,5.22988835474998e-14,2.28689491554596e-07,1.43298719317631e-12,1.19707443092579e-06,3.78708677857281e-16,1.94604387889194e-08,1,0.0076691
492,4.00443634600495e-07,8.21939922427358e-05,5.70414975659852e-07,1.71991932704285e-06,-1.43076393932517e-06,-1.43076393932517e-06,2.34559185603359e-06,5.25185100128342e-14,2.29169173347626e-07,1.44125714025337e-12,1.20052369416575e-06,3.90425717692923e-16,1.97591932449916e-08,1,0.0077065
493,4.76311172696259e-07,8.26030955648208e-05,5.6369102889757e-07,1.73345625374296e-06,-1.43215470949087e-06,-1.43215470949087e-06,2.37233594171669e-06,5.2872168883468e-14,2.29939489612959e-07,1.4497494742901e-12,1.2040554282466e-06,4.04397653307424e-16,2.01096408050324e-08,1,0.0076528
494,5.48738344393965e-07,8.17143649282828e-05,5.41569974914943e-07,1.83930553493364e-06,-1.40608302423573e-06,-1.40608302423573e-06,2.45182778720708e-06,5.33746822472833e-14,2.31029613355698e-07,1.45898370510757e-12,1.20788397833052e-06,4.19528817671587e-16,2.04824026342513e-08,1,0.0076815
495,6.15712584563379e-07,7.96256338816675e-05,5.05933117544836e-07,1.99625810965948e-06,-1.35452576266459e-06,-1.35452576266459e-06,2.55958292985391e-06,5.40327172059549e-14,2.32449386331638e-07,1.46927154565241e-12,1.21213511856245e-06,4.34509761873959e-16,2.08448977419885e-08,1,0.0077338
496,6.7537410806515e-07,7.64505464127635e-05,4.62476625507606e-07,2.16943234330523e-06,-1.28022610113021e-06,-1.28022610113021e-06,2.67522796976392e-06,5.48433975862751e-14,2.34186672520609e-07,1.48073842699223e-12,1.21685595983758e-06,4.48115648063984e-16,2.11687422409548e-08,1,0.0076191
497,7.26092626203668e-07,7.23203963704242e-05,4.22116522122898e-07,2.33478677557338e-06,-1.18665266235496e-06,-1.18665266235496e-06,2.78385421300135e-06,5.5793834415734e-14,2.36207185360086e-07,1.49335232206719e-12,1.22202795469956e-06,4.59429161582348e-16,2.14342987191638e-08,1,0.0078035
498,7.66538349739622e-07,6.73788958269104e-05,4.01330485712146e-07,2.47754066235302e-06,-1.07776831193007e-06,-1.07776831193007e-06,2.87572465840992e-06,5.6861680213336e-14,2.38456872858251e-07,1.50695963128189e-12,1.22758284090398e-06,4.67969460483719e-16,2.16326017964488e-08,1,0.0077458
499,7.95736838173565e-07,6.17785090598397e-05,4.16465546344501e-07,2.58884531661741e-06,-9.57783695909598e-07,-9.57783695909597e-07,2.94471709440914e-06,5.80166610458273e-14,2.40866479705723e-07,1.52131714457813e-12,1.23341685758633e-06,4.73708144259359e-16,2.17648373359269e-08,1,0.0077292
500,8.13102398095202e-07,5.56781381108189e-05,4.71894775215122e-07,2.66329708110782e-06,-8.30922759931241e-07,-8.30922759931241e-07,2.98685491872926e-06,5.9222898743312e-14,2.43357553290034e-07,1.53611711490005e-12,1.2394019182251e-06,4.76987825870451e-16,2.18400509585132e-08,1,0.0075768
501,8.18448186574168e-07,4.92416763364319e-05,5.57699256935745e-07,2.69758570509983e-06,-7.01218958454319e-07,-7.01218958454319e-07,2.99941217458453e-06,6.04417301512226e-14,2.45848998678503e-07,1.55100804559495e-12,1.24539473485114e-06,4.78382314597787e-16,2.1871952692839e-08,1,0.0075254
502,8.11973914499376e-07,4.2637200613806e-05,6.59528472085046e-07,2.68997585617597e-06,-5.72354073469228e-07,-5.72354073469228e-07,2.98060781770783e-06,6.1634678174482e-14,2.48263324263738e-07,1.56561564503197e-12,1.25124563736781e-06,4.78544036739449e-16,2.1875649401548e-08,1,0.0075678
503,7.94234015372754e-07,3.60372121398267e-05,7.65356860032889e-07,2.64024666564381e-06,-4.47544405091094e-07,-4.47544405091094e-07,2.92968974487601e-06,6.27662348206065e-14,2.50531903797913e-07,1.57956687039221e-12,1.25680820748124e-06,4.78076292902285e-16,2.18649558175242e-08,1,0.0075517
