step,x_I,y_I,z_I,u_B,v_B,w_B,phi,theta,psi,p,q,r,ref_x,ref_y,ref_z,ref_xb,ref_yb,ref_zb,ref_phi,ref_theta,ref_psi,ref_p,ref_q,ref_r
1,1.2,-0.2,-1,0,0,0,0,0,1.5707963267949,0,0,0,1,0,-1,0.5,3.06062330678537e-17,0,0.0254786850875829,1.55944441295558e-18,1.5707963267949,-3.11888882591116e-18,0.0509518570775537,0.499837717930802
2,1.19994016415919,-0.199875253755229,-1.00000698971557,0.0100087096787216,0.00464115091704047,-0.000877700847356275,0.0286481355977264,-0.0613021568380461,1.58417170557737,1.15937312875774,-2.44543788508005,0.569967000940884,0.999687516435564,0.0249895832281062,-0.999999993782128,0.499530465710374,1.17317550073372e-05,0.000954429145819471,0.0255264806586956,0.00190963137383002,1.5958450480444,0.000955032371109163,0.0509492137025899,0.499837717930802
3,1.19914005176028,-0.198220820173445,-0.99959466762868,0.0669943449284121,0.0286474740641936,0.00509459970523174,0.0687150113386227,-0.160610306538523,1.6111598751522,0.569418248977872,-1.46549076140413,0.698063808289099,0.998750261967216,0.0499166702619608,-0.99999993789526,0.498123984064438,5.86357908939233e-05,0.00190012702872053,0.0256699807421884,0.00381132755436079,1.62096454023738,0.00190883855032929,0.0508025454571047,0.502662347913843
4,1.19649029794323,-0.192677809293744,-0.999460980217549,0.161102689385381,0.0614963592999134,-0.0523392765991585,0.0798198064248659,-0.218114659811743,1.63986005020331,0.0948144057408447,-0.741617291513616,0.599515838636383,0.997188823490078,0.074718843623198,-0.99999975802024,0.495788669496649,0.000140797188575684,0.00282521040083056,0.0259096405803813,0.00569180288376268,1.64629688034647,0.00285896444914334,0.0505120944727096,0.50834385291657
5,1.19137647402874,-0.181664941593835,-1.00055948073718,0.274835922753655,0.0919378007815399,-0.107746235087414,0.0757364428491345,-0.24011612186238,1.66968367011676,0.0172313331932498,-0.044949157131569,0.627077107776032,0.995004175727835,0.0993339135852284,-0.999999380219633,0.49253930555115,0.000258507635139071,0.00371799600305955,0.0262462595275297,0.00753756827835442,1.6719865556867,0.00380286215341738,0.0500783626792788,0.516946823943482
6,1.18372042574216,-0.164788860851272,-1.0022494188926,0.395171961130086,0.115884120185031,-0.13849304258289,0.0661272027673943,-0.23351517968846,1.70194398763671,-0.0960229987941952,0.397917663799557,0.605436747589229,0.99219767905327,0.123700073618408,-0.999998731023858,0.488397509633599,0.000412264245531778,0.00456712433609825,0.0266809598938346,0.00933480605207976,1.69818207810941,0.00473782356105564,0.0495021181546017,0.528568339147157
7,1.17367595132671,-0.142419733826465,-1.00376861593378,0.51081214911509,0.131658113871058,-0.141977295951224,0.0535972332704385,-0.209158462124067,1.73427148509777,-0.119648062175412,0.650147787744311,0.595730843477253,0.98877107710601,0.147756054796044,-0.999997737512208,0.483391962638921,0.000602767908612797,0.00536168013922676,0.0272151519554177,0.011069237528271,1.72503760215821,0.00566090788738588,0.0487844061935765,0.54333801543985
8,1.16151847599189,-0.115276027917299,-1.00465478702381,0.613510038895767,0.138600083790313,-0.124872622388421,0.0416426623114227,-0.175101158718445,1.76614648934108,-0.114225707386989,0.770035106690964,0.58975746457219,0.984726494219424,0.171441278773507,-0.999996327388683,0.477558708985101,0.000830920225857684,0.00609130832747661,0.0278504808754377,0.0127259813276778,1.75271453693895,0.00656886042736507,0.0479265670024662,0.561417754028671
9,1.14755996718196,-0.0842085157314646,-1.0047863007606,0.698241826518963,0.137431356070508,-0.0960314509200728,0.0316538413884071,-0.1369230297413,1.79743229242722,-0.0906019874957038,0.801096745313205,0.589952616259353,0.980066432669561,0.194696008955864,-0.999994429052622,0.470941533484964,0.00109781762280902,0.00674632418826719,0.0285887494337694,0.0142894009812731,1.7813831277383,0.00745801985812427,0.0469302628185248,0.583000848826721
10,1.13211744963005,-0.0501054949753301,-1.00428367633628,0.762892032110561,0.12950916100916,-0.0631812016130683,0.0242631769577706,-0.0983690509903508,1.82840266631676,-0.0597462544416079,0.774540386168505,0.596973233014728,0.974793769760133,0.217461499473572,-0.999991971664236,0.46359242183527,0.00140474057711841,0.00731781670237184,0.0294318082367573,0.0157429418056202,1.81122396299884,0.00832421132748947,0.0457975183852883,0.60830997254822
11,1.11549763483641,-0.0138464672069489,-1.00338500815081,0.807522542090434,0.116456103558527,-0.0317613960769953,0.0195880187673173,-0.0618659631259366,1.85951094627149,-0.0280857144510314,0.712110123374511,0.611301626809324,0.968911754758852,0.239680141591068,-0.999988885205247,0.45557211090448,0.00175313507376199,0.00779774393008906,0.0303814024184112,0.0170689590821405,1.84242933283693,0.00916262271005814,0.0445307801464745,0.637593348688708
12,1.09798631363875,0.0237301728866562,-1.00234630729084,0.833599628731529,0.0998732654524255,-0.00493055635172347,0.0174728398150762,-0.0289126987453736,1.89126759800109,0.000510940831268313,0.62901429007576,0.633223977170221,0.962424005701862,0.261295607179468,-0.99998510053495,0.446950732860597,0.00214458231995793,0.00817901949075046,0.0314389607606274,0.0182485429055559,1.8752043239707,0.00996766189304671,0.0431330013147985,0.671118146185141
13,1.07983959127377,0.0618541011246675,-1.0013802890275,0.843359037540572,0.0811874542899974,0.0159676012357223,0.017619459474417,-0.000351935638694241,1.92417570595369,0.0238886073360643,0.536079038949071,0.662882286365792,0.955334506084644,0.282252988892158,-0.999980549442139,0.437808552616002,0.00258075139520128,0.0084555892610185,0.0326053097984148,0.0192613501620906,1.90976747931946,0.0107327940447798,0.0416077621502193,0.709159789556095
14,1.06127740925614,0.0998438056881924,-1.00062972696703,0.839354535287104,0.0615914437184519,0.0308344334025756,0.0196614165884738,0.0234417126013771,1.95870387787528,0.0410547185263679,0.441038172097201,0.700302994833761,0.947647601459504,0.302498936690904,-0.999975164693511,0.428236789817845,0.00306332788003788,0.00862249752350298,0.0338802922324896,0.0200854616666628,1.94635077520851,0.0114503599149135,0.0399594372879236,0.751985465762985
15,1.04248010728976,0.137119103629881,-1.00016531209364,0.824170349253499,0.0420396100414881,0.0403064849708166,0.0232079245131628,0.0424256901996336,1.99527938534737,0.0518204562423916,0.349336875250118,0.745407859187233,0.93936799596159,0.321981790380285,-0.999968880079304,0.418338502964708,0.00359390968979517,0.00867594191064669,0.0352622666701256,0.0206972933381414,1.98519857261056,0.0121113798772234,0.0381934245668744,0.799829662919231
16,1.0235881035061,0.173205069249873,-0.999997547784566,0.800256830056137,0.0232703027809903,0.0453646430007958,0.0278713905981279,0.0567876222590429,2.03429053251477,0.0565440373265751,0.264662042295473,0.798005801957318,0.930500748787112,0.340651707819959,-0.999961630457149,0.408229491995717,0.00417385958720775,0.00861331660808819,0.0367474658610702,0.0210716051804479,2.0265650817392,0.0127053543899229,0.0363164519991336,0.852859181618197
17,1.0047041455744,0.207728663751623,-1.00009436770141,0.76984863011973,0.00583699746078951,0.0470681630056708,0.0332851864244323,0.0668672850227983,2.07609128583016,0.0559397153698109,0.189326726274024,0.857765861208871,0.921051270648932,0.35846078849755,-0.999953351795351,0.398039144367541,0.00480410268968239,0.00843324340521122,0.038329195684227,0.0211816711060287,2.07070974875358,0.0132200806765909,0.0343369802556822,0.911124894488996
18,0.985897299483673,0.240410186087471,-1.00039896384815,0.734933204857819,-0.0098611277533791,0.0463953590997673,0.0391148758745548,0.0730966649615463,2.12100378134575,0.0509329843072191,0.124571968267736,0.924170948009159,0.911025320235648,0.375363192160117,-0.999943981217102,0.387911105874061,0.00548485768378558,0.00813559030668117,0.0399968709343837,0.0209996954966031,2.11788984883408,0.0136415185128781,0.032265715524631,0.97449791006013
19,0.967207851587089,0.27105172938168,-1.00084480171252,0.697247526369997,-0.0235529097813891,0.0441647592904632,0.0450645809306848,0.0759545965358657,2.16931601620527,0.042550952645841,0.0708139933270856,0.99645264010995,0.900429000700147,0.391315252219206,-0.999933457047442,0.378003600233197,0.0062152939604666,0.00772147754575762,0.0417349114890604,0.0204975857151015,2.16834949116587,0.0139537552946865,0.0301162390007251,1.04258922077025
20,0.948652467531645,0.299524447388755,-1.00136663326157,0.658289344769742,-0.0350738772861357,0.041010926932251,0.0508796384081998,0.0759334981355283,2.22127322184112,0.0318400696197752,0.0278490876454625,1.07350954802391,0.889268756201909,0.406275583663755,-0.999921718865185,0.368489153084861,0.00699311568079087,0.00719327096641191,0.0435215692625881,0.0196482063714828,2.22230427707668,0.014139140900891,0.0279057407025009,1.11465505430365
21,0.930229162725916,0.325755908365533,-1.00190748322643,0.619335164896876,-0.0443492819929356,0.037393395663862,0.0563465824050912,0.0735161920689944,2.2770623738181,0.0198047794157248,-0.00497719020272329,1.15381685635756,0.877551368523142,0.420205185236367,-0.999908707562408,0.359553405400466,0.00781409043786082,0.00655456286531695,0.0453278263085835,0.0184272378884544,2.2799211052119,0.0141786822939038,0.0256558123946138,1.18949570748819
22,0.911921825705858,0.349718323556518,-1.00242220794097,0.581460539376728,-0.051380606431689,0.033622593896278,0.0612914775860461,0.0691610094569619,2.33679025397477,0.00736173885851284,-0.0286312553599589,1.23534282513171,0.865283953771279,0.433067535651724,-0.999894365414527,0.351392647827579,0.00867156668527723,0.00581014050557528,0.0471165950114835,0.0168157190138425,2.34129321474833,0.0140527979325125,0.023393204041324,1.26536395558235
23,0.893704173177679,0.371418062082921,-1.00287847038678,0.545560004972923,-0.0562347814861907,0.0298918068954472,0.0655775900912859,0.0632934641916944,2.40045665671059,-0.00469453103283788,-0.0442781099814678,1.31549839160828,0.852473959168589,0.44482868366038,-0.999878636164346,0.344209704182896,0.0095560598646314,0.00496594263130066,0.0488425465957579,0.0148032468177382,2.406411613824,0.0137425190977083,0.0211503824030323,1.33990938305247
24,0.875543104259183,0.390886612510557,-1.0032559838306,0.512364771933854,-0.0590354528024073,0.0263084876429941,0.0691032488167655,0.0563027768595624,2.46792583427907,-0.015717176405457,-0.0531882614594334,1.39115541332554,0.839129159913021,0.455457331785923,-0.999861465123714,0.338207883986253,0.0104550259576544,0.00402900442641332,0.0504529575162427,0.0123916212258082,2.47513557460146,0.0132311716618017,0.018965661698146,1.4101941779177
25,0.857401472889984,0.408173000296359,-1.00354475910907,0.4824567665289,-0.0599555519094363,0.0229214018004427,0.0718004767529002,0.0485414881816449,2.53890098698247,-0.0252246394772277,-0.0566603191624615,1.45877158173791,0.825257656072983,0.464924913586573,-0.999842799296455,0.333582955076576,0.0113529682230897,0.00300739147331683,0.0518899362592143,0.00959846309287567,2.54716668824887,0.0125064637177964,0.0168826330369057,1.47281822548535
26,0.839240324389454,0.423337588008617,-1.00374292241095,0.456278286450454,-0.0592101693835941,0.0197422494458193,0.073634541032525,0.0403264154807065,2.61290805483673,-0.0329096801263526,-0.0559557213165819,1.5146479097734,0.810867869454063,0.473205664311359,-0.999822587525928,0.330513475374164,0.0122320150891384,0.00191012337774572,0.0530942114530464,0.00646006419158228,2.62203252955113,0.0115627455295913,0.0149486446371867,1.52417907947319
27,0.821020654747555,0.436447144249734,-1.00385449806766,0.434137567231963,-0.057048483068803,0.0167617302924212,0.0746040243556243,0.031939409918673,2.68929545063905,-0.0386380276041494,-0.0522437983664181,1.55531266871977,0.795968540350528,0.480276684833145,-0.999800780669779,0.329150321649539,0.0130730410534682,0.000747087832312849,0.0540102964396783,0.00303256424950496,2.6990864327255,0.0104030362043986,0.0132122211761155,1.56086028999741
28,0.802704755705705,0.447571048496561,-1.00388739988959,0.416211865367212,-0.0537435562920428,0.0139607224664039,0.074740504839211,0.0236268830440087,2.76725482456896,-0.0424349618844603,-0.046557491242171,1.57797760393132,0.780568724073528,0.486117998743587,-0.999777331803163,0.329606728518902,0.0138572711110469,-0.000471054014092597,0.0545923551204964,-0.000609355223918904,2.77752834820905,0.00904030267584009,0.0117195679473854,1.58009347720574
29,0.78425720827592,0.456778491458711,-1.00385175581789,0.402550804619641,-0.0495794205508981,0.0113175262803293,0.0741066791156863,0.0155978824121325,2.84586410597143,-0.0444595953433641,-0.03976177071151,1.58096594117442,0.764677787136699,0.490712602487495,-0.999752196449827,0.331950401927576,0.0145681414371271,-0.00173296994071921,0.0548096546296464,-0.00437662326949568,2.85644789206204,0.00749752053865501,0.0105106264517826,1.58019316675753
30,0.76564558360518,0.464136528657115,-1.00375860565418,0.393083113005707,-0.0448359582766162,0.00881214839822501,0.0727919842211332,0.00802140140057379,2.9241486419147,-0.0449691448614576,-0.0325372627131018,1.56399391611379,0.748305402983068,0.49404650839783,-0.999725332838287,0.336199117577194,0.0151930522505894,-0.00302676580664668,0.054650340653983,-0.00817240727535239,2.93488526979294,0.00580628800993716,0.00961540428481228,1.56084555768178
31,0.746840904008191,0.469708846793075,-1.00361895673682,0.387629104865504,-0.0397733059879384,0.00642849148838211,0.0709054855519921,0.00102424868392736,3.00115109039638,-0.0442780041317865,-0.0253803293652038,1.52821754364006,0.731461547156849,0.496108780472728,-0.999696702178058,0.342320615840065,0.0157246204106711,-0.00434010045732393,0.0541225717103531,-0.0119000872692998,3.01190063841394,0.00400414838215203,0.00905134959824347,1.52316233921088
32,0.727817909624556,0.473555107742924,-1.00344315167203,0.385919483401596,-0.0346182139267708,0.00415515200118375,0.0685667383191781,-0.00530913432893609,3.07599802175693,-0.0427177235024438,-0.0186183277480492,1.47602781664793,0.714156491857957,0.496891562720097,-0.999666268949055,0.350236726917992,0.0161611553374116,-0.00566030534888052,0.0532527419663766,-0.0154710102966325,3.08663986128783,0.00213114918443297,0.00882231446590924,1.46948219227368
33,0.708555168697206,0.475730743679072,-1.00324048913891,0.387618969047528,-0.0295546138034827,0.001985361381499,0.0658960658063658,-0.0109340744215265,3.1479522005744,-0.0406034409096683,-0.0124361399187823,1.41065746213564,0.696400799859664,0.496390099891202,-0.999634001196205,0.359830815075978,0.0165063020014846,-0.00697450781052659,0.0520813242177688,-0.0188105592074177,3.15838573777247,0.000226358565786998,0.00891922916927495,1.40298270146281
34,0.689035062952163,0.476287088634472,-1.00301903747212,0.392351787089774,-0.0247196271814555,-8.35437086993321e-05,0.0630058903507707,-0.0158403374189333,3.21644377694328,-0.0382102107685316,-0.00690852368285948,1.33571195081127,0.678205317812656,0.494602750437432,-0.999599870821219,0.370957111337213,0.0167680206996766,-0.00826975680089621,0.0506574275986213,-0.0218616497586492,3.22658811538158,-0.00167500592795252,0.00932217351065702,1.32721519423435
35,0.66924367454584,0.475271746106944,-1.00278558635654,0.399725707853226,-0.0202048902396384,-0.00205086068648568,0.0599943653408472,-0.0200449053783121,3.28107919138097,-0.0357600476505878,-0.00203288172595945,1.25473810582969,0.659581168994053,0.491530991554386,-0.999563853864319,0.383450432979832,0.0169572107420604,-0.00953314994322156,0.0490332896455133,-0.0245855375404928,3.29087186669128,-0.00354344508929939,0.010003257089401,1.24567589463561
36,0.649170597519925,0.472729108019976,-1.00254569093357,0.409352051133486,-0.0160619640666506,-0.00391330556470016,0.0569418394681154,-0.023584073343868,3.34163132591512,-0.0334183407907048,0.00224162850164373,1.17090570600957,0.640539745582874,0.487179416220424,-0.999525930770289,0.397135087113776,0.0170862980528444,-0.0107519605697822,0.0472596517794068,-0.0269604455489544,3.35102638132048,-0.00535597213872366,0.0109296777947582,1.1614889842742
37,0.628808694229444,0.468700956386016,-1.00230377245988,0.420860332403777,-0.0123100846692578,-0.00566575011852522,0.0539099800467188,-0.0265060026761946,3.39801701601128,-0.0312971199457225,0.00599087348226822,1.0868271085382,0.621092700552904,0.481555722186163,-0.999486086635,0.411832231440052,0.0171680240559822,-0.0119137634835898,0.045382506380996,-0.0289788321471539,3.40698272297952,-0.00709601107885919,0.0120664682589039,1.07722686123211
38,0.608153815211752,0.463227094338791,-1.00206324889264,0.433907467923757,-0.0089445787782549,-0.00730186837993443,0.0509429250509366,-0.0288645010694022,3.4502683795604,-0.0294624362612288,0.00929896191008341,1.00449994095862,0.601251939271937,0.474670692920413,-0.999444311430274,0.427365429507882,0.0172145546993203,-0.0130065581563622,0.0434412687879284,-0.0306441142805615,3.45878487450957,-0.00875269527429872,0.0133786574163695,0.994852905084557
39,0.587204498974848,0.456345967051999,-1.00182667665241,0.448182311711782,-0.00594470451888144,-0.00881467994714963,0.0480696793867688,-0.0307143602064426,3.49850323963636,-0.0279435312751464,0.0122473103842951,0.925337721328224,0.581029610886585,0.466538170562087,-0.999400600206366,0.443564478956569,0.0172369249468038,-0.0140188881184953,0.0414681426738985,-0.0319674638127588,3.50656027697583,-0.0103198643992617,0.0148327743150116,0.915751819846728
40,0.565961665958588,0.448095244987964,-1.00159589109874,0.463406686959271,-0.00328020971750476,-0.010196994567529,0.0453070456423325,-0.0321082267575153,3.54289813297914,-0.0267421315815107,0.0149083994926653,0.850250487846237,0.560438099558095,0.457175020964455,-0.999354953272262,0.460267782107831,0.0172447692935503,-0.0149399553488972,0.0394883305700075,-0.0329650420364047,3.55049307664868,-0.011794992819471,0.0163977559510098,0.840809788798809
41,0.544428318436809,0.438512351747431,-1.00137213800572,0.479334097190918,-0.000916357471172519,-0.0114417700529345,0.0426625671064579,-0.0330947705285662,3.58366569481101,-0.0258408631425792,0.0173429383635164,0.7797447580128,0.539490015599978,0.446601090947824,-0.999307376354542,0.477323595075581,0.0172462626875466,-0.0157597285330761,0.0375207477090555,-0.0336558197000299,3.5908018037855,-0.0131781977638305,0.0180453852497296,0.77051386342083
42,0.522609255499937,0.427634926561272,-1.00115619176167,0.495747116034266,0.00118252288097078,-0.0125423975578631,0.0401371659703839,-0.0337178328725907,3.62103693164418,-0.0252102997821319,0.0195992882226113,0.714022509829546,0.518198186554784,0.434839157900314,-0.999257880735768,0.494590478836418,0.017248196764466,-0.0164690441235987,0.0355789669152522,-0.0340599828985939,3.62772194704311,-0.0144714011565527,0.0197503975296111,0.705050344623917
43,0.500510809660436,0.415501217357256,-1.00094845840036,0.512454194082353,0.00305073745604631,-0.0134929273276862,0.0377273291799876,-0.0340162461712136,3.65524809995481,-0.0248145154834582,0.0217142355978231,0.653068224438705,0.496575648235985,0.421914871885663,-0.999206483373347,0.511937223873336,0.0172561301948414,-0.017059699207575,0.0336722081494823,-0.0341978467075068,3.6614931120549,-0.0156776663006048,0.0214903768199641,0.644391235167314
44,0.478140609222404,0.402150404604654,-1.00074906315472,0.529286371521653,0.00471990378147363,-0.0142882459588122,0.0354268112752463,-0.0340240675488027,3.68653151548438,-0.0246152214208801,0.0237144589103732,0.596719753661511,0.474635635752063,0.407856690433308,-0.999153206999638,0.529242456874377,0.0172745694749773,-0.017524535262042,0.0318062623386128,-0.0340891699949142,3.69235007412672,-0.0168006995594627,0.0232455353623996,0.588364551617649
45,0.455507368471892,0.387622859065637,-1.00055792322225,0.5460941843264,0.00621833120425299,-0.0149242139743667,0.033227891774722,-0.0337710354558768,3.71510949706476,-0.0245746746333481,0.025618251249589,0.544722855291348,0.45239157452326,0.39269580620064,-0.999098080203916,0.546394078920038,0.0173071523440757,-0.0178575119610178,0.0299842955919379,-0.0337527661365957,3.72051692404989,-0.0178444925757205,0.0249984413961386,0.536708353504221
46,0.432620706041832,0.371960338437204,-1.00037480701424,0.562744908095303,0.00757087618473517,-0.0153977705477111,0.0311222565498969,-0.0332831185850473,3.74119068441261,-0.0246575827346174,0.0274372314995872,0.496771292591807,0.429857071296787,0.376466067711069,-0.999041137496529,0.563288636087585,0.0173568181699469,-0.0180537702882278,0.0282075168009305,-0.0332063197222827,3.74620354756746,-0.0188130764468276,0.0267337368768724,0.489110395646094
47,0.40949099050124,0.355206128897213,-1.00019938145691,0.579120190104455,0.00879909297852793,-0.0157070106316464,0.0291015811264241,-0.0325830753611008,3.76496807775041,-0.0248322266079538,0.0291778969022686,0.452535142498111,0.407045905163173,0.359203893384891,-0.998982419355413,0.579830686668309,0.0174259579896929,-0.0181096843072514,0.0264757129446428,-0.0324663389214283,3.76960379059414,-0.0197103608615252,0.0284378693851817,0.445236052096221
48,0.386129211292092,0.337405137985763,-1.00003124901357,0.595114064851514,0.00992154817339929,-0.0158512385519248,0.0271578892645918,-0.0316909777501636,3.78661827677233,-0.0250710000720369,0.030842950841692,0.411679973300142,0.383972018574443,0.340948179093131,-0.998921972254936,0.595932202962162,0.0175165421037563,-0.0180229010458401,0.0247876669552853,-0.0315481917805174,3.79089479325022,-0.0205400352746358,0.0300988505955263,0.404747173202191
49,0.362546872544962,0.318603945235308,-0.999869976071215,0.610631319432708,0.0109542081274242,-0.0158310012234491,0.0252837495614926,-0.0306246770665678,3.8063015198482,-0.0253505342500024,0.0324323899667664,0.373879227147059,0.360649508363659,0.32174019947762,-0.998859848676912,0.611512027751846,0.0176302260702565,-0.0177923680628363,0.0231414767964015,-0.030466190208399,3.81023709936925,-0.0213055138910061,0.0317060461061904,0.367314209135216
50,0.33875590699028,0.2988508166518,-0.999715114227895,0.625586162961669,0.0119108401382861,-0.0156481034676257,0.023472360460667,-0.0294002044711914,3.82416222955169,-0.0256515418115305,0.0339443636482514,0.33882170518896,0.337092616764805,0.301623503293593,-0.998796107103498,0.626495393916923,0.0177684374001565,-0.0174183483836524,0.0215347944161057,-0.0292336973209565,3.82777525296454,-0.0220099105993416,0.0332499969429312,0.332623493195706
51,0.314768607086944,0.278195688656071,-0.999566215864601,0.639901151994865,0.01280339170583,-0.0153056073867647,0.021717562254165,-0.0280321075365857,3.84032985457416,-0.02595848602727,0.0353758332820371,0.306215621893351,0.313315722431776,0.280643803043898,-0.998730811991665,0.640813508408652,0.0179324457936848,-0.0169024226126414,0.0199650013858832,-0.0278632425060255,3.84363867645896,-0.0226560336658561,0.0347222706217909,0.300381145300366
52,0.290597570557858,0.256690126503864,-0.999422845209092,0.653506326953305,0.0136423288664003,-0.0148078173444824,0.0200138044615035,-0.0265337287215926,3.85491986220546,-0.0262591533204778,0.0367230643626187,0.275790321967724,0.289333331455312,0.258848859186525,-0.998664033728825,0.654403197563322,0.0181234197836347,-0.0162474781567592,0.0184293354759942,-0.0263666346547101,3.85794268884644,-0.0232463928934594,0.036115338530065,0.270314681887226
53,0.266255657702887,0.234387261576375,-0.999284585917322,0.666338519934349,0.0144369257729971,-0.0141602517847013,0.0183560886848945,-0.0249174334276904,3.86803478295252,-0.0265441861892008,0.0379819842500191,0.247296452918941,0.265160068376874,0.236288359209348,-0.998595848569261,0.667206608461714,0.0183424724167687,-0.0154576856234419,0.0169249797847776,-0.024755068124551,3.87078956858366,-0.0237832141447022,0.0374224760339207,0.242173117603794
54,0.241755958111909,0.21134171131425,-0.999151046021674,0.678340800400229,0.0151955048384372,-0.0133696028818974,0.0167399006047661,-0.0231947955967811,3.87976524299418,-0.0268066158633694,0.0391484356188548,0.220505155242278,0.240810667198784,0.213013791877781,-0.998526338550936,0.679170960028592,0.0185906982635135,-0.0145384625852388,0.0154491236392845,-0.0230392187018595,3.8822695994331,-0.0242684577374483,0.0386376818030505,0.215726113137786
55,0.217111764690517,0.187609484985729,-0.999021860932146,0.689462031101483,0.0159256309862877,-0.0124436848432502,0.0151611399578427,-0.0213767482769145,3.89019094420272,-0.0270414204150077,0.0402183513101602,0.195206660043293,0.216299962390198,0.189078316972284,-0.998455591392373,0.69024833732314,0.0188692036840701,-0.0134964250330708,0.0139990024383057,-0.0212293285449725,3.89246206088407,-0.0247038383781657,0.0397556131422839,0.190762551804891
56,0.192336553212912,0.163247877951432,-0.998896695031292,0.699656511815909,0.0166342657583558,-0.0113913715726523,0.0136160538428004,-0.0194737056796137,3.89938156802076,-0.0272451237034629,0.0411878716853273,0.171208558480975,0.191642879888844,0.164536630843303,-0.998383700369248,0.700395522678647,0.019179131939675,-0.0123393269675282,0.012571921934418,-0.019335280135977,3.90143614080172,-0.0250908451110113,0.0407715345092134,0.167088802838575
57,0.167443965912162,0.138315356623388,-0.998775242278612,0.708883692910201,0.0173278878810565,-0.0102225243503395,0.0121011762437461,-0.0174956622463141,3.90739759062476,-0.0274154429436894,0.0420534211718209,0.148333917685695,0.166854428098712,0.139444828121172,-0.998310764170495,0.709573857801531,0.0195216844399324,-0.0110759887019143,0.0111652711189239,-0.0173666598729951,3.90925175865425,-0.0254307603227461,0.0416812768033061,0.144526840517992
58,0.142447797894636,0.112871435916971,-0.998657226135408,0.717107944367787,0.0180125868890477,-0.00894791017238809,0.0106132750013364,-0.0154522732775522,3.91429100408828,-0.0275509873003664,0.0428117567813758,0.126419354509228,0.141949688884179,0.113860259927783,-0.998236886733715,0.717749131507358,0.0198981391659679,-0.00971621457025858,0.00977652683329723,-0.0153328122561378,3.91596029459719,-0.0257246772244703,0.0424812053979954,0.122912325994843
59,0.117361985415429,0.0869765506600664,-0.99854239903631,0.724298368852579,0.018694135894488,-0.00757911142258706,0.00914930638948407,-0.0133529208270422,3.92010594282489,-0.0276510062627829,0.0434599980902673,0.105313134386867,0.116943808561276,0.0878413889452415,-0.998162177059801,0.7248914883771,0.0203098671024735,-0.00827070084677198,0.0084032524304531,-0.0132428857646483,3.92160522398892,-0.0259735154839223,0.0431681952358585,0.102092715619283
60,0.0922005952709429,0.0606919221496299,-0.998430541566829,0.730428649702657,0.019378048817366,-0.00612842760594062,0.00770637680840785,-0.0112067678488014,3.92487921727298,-0.0277151842382678,0.0439956455106039,0.0848733322527389,0.0918519888870199,0.0614476417043969,-0.998086749006793,0.73097535421585,0.020758347344087,-0.00675093478875308,0.00704309220047406,-0.0111058715617125,3.92622265939436,-0.0261780348451671,0.0437396116130051,0.0819254301844234
61,0.0669778147523054,0.0340794208258505,-0.998321461455356,0.735476926581713,0.0200696265192466,-0.00460876994885808,0.0062817107556011,-0.00902280300909699,3.92864075817307,-0.0277434764786509,0.0444165916048136,0.0649660718226634,0.0666894780479061,0.0347392584629082,-0.998010721063028,0.735979374764638,0.0212451814062816,-0.00516908581136944,0.0056937628170498,-0.00893063614336275,3.92984180338477,-0.0263388466735365,0.0441932955434452,0.0622760997308938
62,0.0417079417598274,0.00720142586152437,-0.998214992450479,0.739425692961507,0.0207739954131351,-0.00303354975721106,0.00487262408978322,-0.00680987812366895,3.93141397530025,-0.0277359808496879,0.0447211286291416,0.045463845712905,0.0414715616487863,0.00777714104840699,-0.997934216099805,0.739886364643002,0.0217721071612052,-0.00353788988874819,0.00435304271919527,-0.00672594899867229,3.93248531586662,-0.0264564234222743,0.0445275528218692,0.0430168854302276
63,0.0164053748062259,-0.0198793176680895,-0.998110993127826,0.742261710752938,0.0214961413170539,-0.00141656151216425,0.00347650158901486,-0.00457673983681883,3.93321603444099,-0.0276928398495707,0.0449079543514264,0.0262439097282253,0.0162135537034814,-0.0193773009526823,-0.997857361103854,0.742683263982257,0.0223410127281566,-0.00187052835022583,0.00301876009129906,-0.00450050628878969,3.93416959955259,-0.0265311060472227,0.0447411460996466,0.0240248715021479
64,-0.00891539726218459,-0.0470998434685292,-0.998009345652726,0.743975938318274,0.0222409406113063,0.00022813823134532,0.00209077787391718,-0.00233205690438719,3.93405805594374,-0.0276141674699974,0.0449761773815279,0.00718673865177086,-0.00906921237145356,-0.0466623052760409,-0.997780286890036,0.74436110064807,0.0229539505703893,-0.000180502302388864,0.00168877992292795,-0.0022629514938552,3.93490500671481,-0.0265631094066236,0.0448332894599809,0.00518051464859632
65,-0.0342398059185114,-0.0743971100678782,-0.997909954513437,0.744563468839735,0.02301319014922,0.00188635500446678,0.000712920879679532,-8.44442588980238e-05,3.93394523747915,-0.0274999961681289,0.0449253227876571,-0.0118254722706271,-0.0343613927583422,-0.0740159129423212,-0.997703127794783,0.744914956349519,0.023613151978707,0.00151849604418509,0.000360990502995841,-2.18939263896596e-05,3.93469596966314,-0.026552525681372,0.0448036451299198,-0.0136338649009435
66,-0.0595532140156314,-0.101708147772661,-0.997812745233072,0.744023476633004,0.0238176368761667,0.0035438824391543,-0.00065958279202111,0.00215751508884072,3.93287690278304,-0.0273502391519841,0.0447553382959614,-0.0309102794295598,-0.0596476422338849,-0.101376124712059,-0.997626021350937,0.744343935294739,0.0243210420517646,0.00321271383050228,-0.000966710379846438,0.00221407402864244,3.93354105655933,-0.0264993258415198,0.0446523221048531,-0.0325355686115609
67,-0.084840927244224,-0.128970206127367,-0.997717663064913,0.742359169514026,0.0246590077064116,0.00518662888870232,-0.00202924115520085,0.00438524933656448,3.93084647721607,-0.0271646645457709,0.0444666013954063,-0.0501864553089084,-0.0849126231570553,-0.128681057641495,-0.997549107944732,0.742651134385539,0.0250802552065967,0.00488846845466715,-0.00229642930453377,0.00443636011105862,3.93143295327048,-0.0264033591708753,0.044379876590453,-0.0516429999844133
68,-0.110088205949422,-0.156120901488664,-0.997624671674547,0.739577745776854,0.0255420398585225,0.0068007433771367,-0.00339856911688935,0.00659017743536807,3.92784139001753,-0.0269428780882263,0.0440599274937906,-0.0697754652393307,-0.110141014447936,-0.155869101347939,-0.997472530455784,0.739843614249852,0.0258936511631957,0.00653227759054799,-0.00363029093933966,0.00663635499287213,3.92835837102867,-0.026264350845825,0.0439873142926704,-0.071077159057116
69,-0.135280277248347,-0.18309836433804,-0.997533751812222,0.735690354738613,0.0264715115671639,0.00837273958927024,-0.00477009994500364,0.00876368797533746,3.92384290216163,-0.0266843117165834,0.0435365793201424,-0.0898029756811299,-0.135317520556097,-0.182879073594004,-0.997396433881066,0.735932370696496,0.0267643312349752,0.00813098699341946,-0.00497045138565282,0.00880541386232703,3.92429787873623,-0.0260818975493413,0.0434760947132406,-0.0909631695467601
70,-0.160402347380593,-0.209841385963253,-0.997444899979456,0.730712060169373,0.027452272830531,0.00988961662163079,-0.00614639595503279,0.0108971164858885,3.91882585780968,-0.026388215958843,0.0428982778753569,-0.110400411869467,-0.160426880417193,-0.209650374801757,-0.997320964943957,0.730932306446127,0.0276956546114198,0.00967189479191036,-0.0063191108586514,0.0109348359296826,3.91922565787842,-0.0258554610889825,0.0428481377410465,-0.111431855695829
71,-0.185439614220089,-0.236289564141724,-0.997358127094705,0.724661806260486,0.0284892755879432,0.0113389752417526,-0.00753005826699011,0.012981720198675,3.91275835654226,-0.0260536546120566,0.0421472153903586,-0.131706579811491,-0.185453876396582,-0.236123141110454,-0.997246271689537,0.7248622032504,0.0286912541256909,0.011142871005596,-0.00767852532884309,0.0130158409651925,3.91310917722914,-0.0255843599814662,0.0421058329737083,-0.13262138328279
72,-0.210377279878212,-0.26238344745939,-0.997273457163694,0.717562386102707,0.0295876024356328,0.0127091284479496,-0.0089237352864821,0.0150086492826547,3.9056013429038,-0.0256795006170831,0.0412860709380899,-0.153869364274108,-0.210383343218876,-0.262238395595123,-0.997172503067418,0.717744694763528,0.0297550507395791,0.0125324710815244,-0.00905101661152522,0.0150395419344534,3.90590878393335,-0.0252677589700653,0.041252052364271,-0.154678974955009
73,-0.235200563333354,-0.288064677897551,-0.997190925960615,0.709440412952741,0.0307524926473412,0.0139892051831306,-0.0103301293325805,0.0169689135177379,3.89730810939496,-0.025264432550767,0.0403180296312989,-0.177047507607912,-0.235200176882542,-0.287938197267797,-0.997099808503478,0.709606240782849,0.0308912656262683,0.0138300423100854,-0.0104389801967097,0.0169969127453385,3.89757720722777,-0.0249046564601735,0.0402901669705724,-0.177762703210334
74,-0.259894713030553,-0.313276131318362,-0.997110579726849,0.700326294871436,0.0319893638086898,0.0151692461347662,-0.0117520005539122,0.0188533433370287,3.88782370908293,-0.0248069316021632,0.0392468067096888,-0.20141246387362,-0.259889343558826,-0.313165787488627,-0.997028337461954,0.700477103735618,0.0321044282555476,0.0150258220599741,-0.0118448898438791,0.0188787500723192,3.88805897117711,-0.0244938699008618,0.0392240687957811,-0.20204335378068
75,-0.284445019405473,-0.337962055476718,-0.997032473894261,0.690254213626268,0.0333038267697383,0.0162402906455158,-0.0131921669089378,0.0206525441520188,3.87708427466365,-0.0243052789332265,0.0380766782145412,-0.227150308063592,-0.284435888474529,-0.337865733420471,-0.996958238999412,0.690391328568689,0.0333993782442055,0.0161110268624701,-0.0132712976026485,0.0206756281916528,3.87728971358732,-0.0240340192175354,0.0380581989536563,-0.227706336105961
76,-0.308836827299335,-0.362068205182024,-0.996956671840492,0.679262109077742,0.0347016907997819,0.0171944538630574,-0.0146534984906528,0.0223568429015135,3.8650162424504,-0.0237575531097715,0.0368125204057893,-0.25446365590092,-0.308824944778412,-0.361984068167736,-0.996889661312204,0.679386727510978,0.0347812578720697,0.0170779314756154,-0.0147208274342483,0.0223778457663604,3.86519541004664,-0.0235235085292391,0.0367975836765224,-0.254953593548898
77,-0.333055548244045,-0.385541974227274,-0.996883243684081,0.667391670635549,0.0361889546948158,0.0180249933673108,-0.01613890378033,0.0239562258622203,3.8515354829159,-0.023161626096312,0.0354598603287287,-0.283573513626596,-0.333041742391307,-0.385468427248328,-0.996822751279027,0.667504871547269,0.0362554910127927,0.017919937167787,-0.016196159964889,0.0239753635972771,3.85169150532496,-0.0229605065869774,0.0354478800109199,-0.284005430529788
78,-0.357086672607674,-0.408332523695448,-0.996812265127496,0.654688337815991,0.0377717779535238,0.018726364637151,-0.0176513044568063,0.0254402669850074,3.83654634496588,-0.0225151556798318,0.0340249405363243,-0.314720917354455,-0.357071616840332,-0.408268181056396,-0.996757654000293,0.654791090897589,0.0378277427033626,0.0186316285762164,-0.0177000050584571,0.0254577325584766,3.83668195982048,-0.0223429266791591,0.0340154334139913,-0.31510212210823
79,-0.380915781596531,-0.43039090624628,-0.996743816355779,0.641201312511333,0.0394564240675049,0.0192942647973219,-0.0191935940047343,0.026798046387342,3.81994062989601,-0.0218155666605108,0.0325147984716544,-0.348168152472175,-0.380900018077966,-0.430334562983168,-0.996694512335997,0.641294487385034,0.0395038515775024,0.0192088186177193,-0.0192350578046452,0.0268140113421743,3.82005822734637,-0.021668407211967,0.0325073498627853,-0.348505097338132
80,-0.404528559106926,-0.451670185986037,-0.996677980996475,0.626983586423253,0.0412491651625406,0.0197256641859729,-0.0207685736204762,0.0280180592840087,3.80159652477689,-0.0210600180070408,0.0309373620120343,-0.384199211720217,-0.404512519287103,-0.451620792873482,-0.996633466443818,0.627067962363408,0.0412897248056021,0.0196485810547866,-0.0208039321299435,0.0280326743692586,3.80169819362698,-0.020934294847048,0.0309315854930754,-0.384497382687132
81,-0.42791080340435,-0.472125553537587,-0.996614845141504,0.612091988330151,0.0431561336865953,0.0200188253550343,-0.0223788568787864,0.0290881167236552,3.78137754550877,-0.0202453527568576,0.0293015586940284,-0.4231190137355,-0.42789482567361,-0.472082195506559,-0.996574653319148,0.61216826495874,0.0431911819120789,0.0199492704487311,-0.0224090645115968,0.0291015114514549,3.78146512421463,-0.0201376330467864,0.0292970571415304,-0.423382845642634
82,-0.451048438581514,-0.491714435967019,-0.996554496423454,0.596587257617496,0.0451831028868042,0.020173309205882,-0.0240267325319441,0.0299952412819052,3.75913156873475,-0.0193680423922865,0.0276174375495706,-0.46525070154457,-0.451032783248238,-0.491676313801088,-0.996518206338738,0.596656066885825,0.0452137298101867,0.0201105293613198,-0.024052578195421,0.0300075227685893,3.7592066984807,-0.0192751602402639,0.0276137773787924,-0.465483579444104
83,-0.473927525718645,-0.51039660129059,-0.996497023129037,0.580534152918914,0.0473351736009875,0.0201899680915739,-0.0257139730424377,0.0307255638011523,3.7346900714609,-0.0184241499292239,0.0258963034838861,-0.510930112029042,-0.473912387600097,-0.51036301645669,-0.996464254809585,0.580596072201731,0.0473622466302604,0.0201332827958047,-0.0257360959384369,0.0307368157928394,3.73475424580245,-0.0183433237016276,0.0258930175253529,-0.511134505806115
84,-0.496534273657478,-0.528134257372765,-0.996442513325738,0.564001607874923,0.0496163405891895,0.0200709259678137,-0.0274415752074724,0.0312642320051886,3.70786775038829,-0.0174093520204988,0.0241508738825976,-0.560496191856007,-0.49651979266407,-0.52810459975623,-0.996412923524605,0.564057173254317,0.0496405466493391,0.0200197199960988,-0.027460486794853,0.0312745154041211,3.7079223544662,-0.0173383177550405,0.0241475014653862,-0.560673935466532
85,-0.518855049323585,-0.544892145105225,-0.996391053979981,0.547062949887931,0.052028907327462,0.0198195460292605,-0.0292094184519025,0.0315953490568274,3.67846276323352,-0.0163190548148338,0.0223954742658794,-0.614275759622144,-0.518841319484589,-0.544865883266147,-0.996364332326544,0.547112667973777,0.0520507934698171,0.0197732638477426,-0.0292255302457279,0.0316047051541943,3.67850909664242,-0.0162561581911137,0.0223916313907364,-0.61442841998364
86,-0.540876387596487,-0.56063762578898,-0.996342730060192,0.529796202298028,0.0545727146127295,0.0194403865783243,-0.0310158257836136,0.0317019702493345,3.64625792529497,-0.0151486146579195,0.0206462884943585,-0.672560551641882,-0.54086346497789,-0.560614299184855,-0.996318595681401,0.529840558639989,0.0545927248160832,0.0193985282450005,-0.0310294798271848,0.0317104270591045,3.64629720670835,-0.0150928088142146,0.0206417432845979,-0.672689782050734
87,-0.562585000814883,-0.575340762601343,-0.996297623641708,0.512284495536307,0.0572441472959239,0.0189391460102624,-0.0328570127734422,0.0315661991394259,3.6110233081189,-0.013893648047787,0.0189216640646804,-0.735574033563561,-0.562572910694118,-0.5753199751023,-0.996275822262508,0.512323958134258,0.0572626522553586,0.0189012639038131,-0.0328685097199387,0.0315737799318943,3.61105666509663,-0.013844380642517,0.0189163841043072,-0.735681805639964
88,-0.583967788076292,-0.588974395924221,-0.996255813051399,0.49461661795812,0.0600348893078406,0.018322597684862,-0.0347264137839898,0.0311694401794682,3.57252081799645,-0.01255040706153,0.0172424452333447,-0.803425208096144,-0.583956531579199,-0.588955809946801,-0.996236114546134,0.494651635542312,0.0600522066906769,0.0182882932093312,-0.034736033742459,0.031176172165563,3.57254926945484,-0.0125074288389704,0.0172365931050891,-0.803513868417536
89,-0.60501184450855,-0.601514212185286,-0.996217372095765,0.476887740312238,0.0629304168015612,0.0175985151841692,-0.0366138865042492,0.0304928822085171,3.53051146152955,-0.0111162173225765,0.0156322783950613,-0.876046938323567,-0.605001404733952,-0.601497542908479,-0.996199568419296,0.476918736511286,0.0629468215185096,0.0175674347885148,-0.0366219000910914,0.0304988030122561,3.53053590127759,-0.011079375616313,0.0156261552998663,-0.876119108238615
90,-0.625704470643573,-0.612938805777919,-0.996182369403062,0.459200344595971,0.0659082614952435,0.0167755882609992,-0.0385048210808361,0.029518303335829,3.48476609444874,-0.00959000912031242,0.0141178145841516,-0.953117624718654,-0.625694818164123,-0.612923815141926,-0.996166272800096,0.45922771023418,0.0659239878555637,0.0167474185920262,-0.0385114912008915,0.0295234636291828,3.48478728200052,-0.00955908665531961,0.0141117746889906,-0.953176012604187
91,-0.646033181933982,-0.623229733618008,-0.99615086788434,0.441665369761731,0.0689361501017685,0.0158633298431992,-0.0403792234448291,0.0282292967251019,3.43508043118693,-0.0079729899732441,0.0127287217813456,-1.03396805940356,-0.646024279509462,-0.623216224064731,-0.996136309270712,0.441689455895201,0.0689513891680539,0.0158377923549752,-0.040384800669055,0.0282337587771567,3.43509899233445,-0.00794762002560612,0.0127230887719744,-1.03401526355283
92,-0.665985718360269,-0.632371561964932,-0.996122924292727,0.424403539978077,0.0719702368976323,0.0148719747553076,-0.0422109056053567,0.0266130071716287,3.38129486678481,-0.00626948916030204,0.0114974061305941,-1.11748061828904,-0.665977524732241,-0.632359370083592,-0.996109751722816,0.424424653840654,0.0719851324972193,0.0148488203828638,-0.04221562081282,0.0266168403797887,3.38131130304311,-0.00624914472735652,0.0114924167800009,-1.1175189748473
93,-0.685550054012637,-0.640351905248093,-0.99609858884533,0.407546749071543,0.0749537911943996,0.0138123712238881,-0.0439669943514546,0.0246624230676468,3.32331910395464,-0.00448795327013914,0.0104583281293234,-1.20199602116175,-0.685542526735406,-0.640340895597104,-0.996086666015088,0.407565154141616,0.0749684372173078,0.0137913756777795,-0.0439710516871921,0.0246656981867821,3.32333380803729,-0.00447198483173101,0.0104541096348841,-1.20202751896755
94,-0.704714406507071,-0.647161456758167,-0.996077904870969,0.391239223103635,0.0778168556092007,0.0126958664611841,-0.0456080478229701,0.0223791674698664,3.26116056841333,-0.00264198524163164,0.00964678493824088,-1.28525303942395,-0.704707503867889,-0.647151516145219,-0.99606710964242,0.39125514343265,0.0778312960696751,0.0126768264813683,-0.0456116198030998,0.0223819512483754,3.26117384245263,-0.00262968133917195,0.00964336424415374,-1.28527929663857
95,-0.723467246101478,-0.65279401115805,-0.996060908456231,0.37563797392392,0.0804774981450108,0.0115341877439121,-0.047089113532033,0.0197765631334745,3.19495410153779,-0.000751234712172606,0.00909706880556138,-1.36439601981352,-0.723460928260085,-0.652785043601513,-0.996051131416695,0.375651601941008,0.0804917304590479,0.0115169183664208,-0.0470923389473398,0.0197789145601386,3.19496617533891,-0.000741881933507495,0.00909439952332559,-1.36441830448434
96,-0.741797304398539,-0.657246478834683,-0.996047628076015,0.360911830244432,0.0828452491327605,0.0103393203988438,-0.0483620206491384,0.0168825214437507,3.12498861364416,0.00115814214051211,0.0088399942521364,-1.43608835196171,-0.741791533917568,-0.657238401337309,-0.996038771159548,0.360923336662078,0.0828592304171253,0.0103236530583312,-0.0483650050801203,0.0168844900721004,3.12499966121303,0.00116521129655426,0.00883798886870561,-1.43610762723103
97,-0.759693582543152,-0.660518892154788,-0.996038084207874,0.347238188949782,0.0848270388787959,0.0091233840037062,-0.0493790197995148,0.0137415805683476,3.05172476141344,0.00305376970718127,0.00889995507461785,-1.49675943998646,-0.759688324488312,-0.660511631327118,-0.996030059408572,0.347247733131216,0.0848406947295344,0.00910916520943019,-0.0493818381887228,0.0137432067936338,3.05173491490435,0.00305914496078701,0.00889851325611243,-1.49677641813123
98,-0.777145358839932,-0.662614403717412,-0.996032288939103,0.334796722363968,0.0863353796864184,0.00789850804742395,-0.0500975451155167,0.0104153025766077,2.97579710565606,0.00489834672992961,0.00929188856192711,-1.54298255510553,-0.777140580611674,-0.662607893211879,-0.996025017139757,0.3348044615318,0.0863486146946289,0.00788559837829066,-0.0501002457598677,0.0104166193441335,2.97580646655068,0.00490252323528644,0.00929091678688024,-1.54299775072989
99,-0.79414219573227,-0.66353927672196,-0.996030245581058,0.32375975521375,0.0872977515633381,0.00667670824184289,-0.0504854362386274,0.00698036316176913,2.89799551098953,0.00665202057783061,0.010018718001911,-1.57193382917817,-0.794137866760049,-0.663533455386777,-0.996023655510584,0.323765851128897,0.0873104607340731,0.00666498147538618,-0.0504880456285232,0.00698139841030677,2.89800415847897,0.00665539387657305,0.010018140181243,-1.57194761573579
100,-0.810673946104288,-0.663302867594321,-0.996031948307011,0.31427990791124,0.0876654277717127,0.00546976467891017,-0.0505255849029241,0.00352410541675928,2.81922419251591,0.00827561567980446,0.0110699118296086,-1.5818350612837,-0.810670037499734,-0.663297678228199,-0.996025975629755,0.314284530200467,0.0876775076597474,0.0054591069206863,-0.0505281128745052,0.00352488456030551,2.81923218983431,0.00827848681752839,0.0110696702556413,-1.58184769615148
101,-0.826730758893542,-0.661917601032078,-0.996037381829308,0.306476666210349,0.0874196981657784,0.00428910295522106,-0.0502188745313896,0.000138006871686982,2.74044216718852,0.00973418275585635,0.0124216350295062,-1.57226123806199,-0.82672724312676,-0.661912989612581,-0.996031968360656,0.306479992204922,0.0874310565318621,0.00427941172008087,-0.0502213192795691,0.000138554792573673,2.74044956669962,0.00973676855380283,0.0124216871965337,-1.57227288866232
102,-0.842303084036795,-0.659398937638654,-0.996046521129559,0.300424328650548,0.0865738903843372,0.00314567935278777,-0.0495845975104698,-0.00308982023886247,2.66259413077883,0.0110001478640514,0.0140386076328793,-1.5442189416971,-0.842299934673564,-0.659394852902679,-0.996041614166032,0.300426540181605,0.0865844536162369,0.00313686261703061,-0.0495869501371597,-0.0030894779691252,2.66260097759521,0.0110025938027198,0.0140389215621381,-1.54422972031461
103,-0.857381676810476,-0.655765334313221,-0.996059331252096,0.296143843656559,0.0851706833962145,0.00204987118672661,-0.0486581969756559,-0.0060816247157434,2.58654372519254,0.0120554025576668,0.0158773296946354,-1.49997048842734,-0.857378868326759,-0.655761727581703,-0.99605488300079,0.296145121813122,0.0851804011209518,0.00204184642672878,-0.0486604453004267,-0.00608146145384571,2.58655005947981,0.0120577973075602,0.0158778783280134,-1.49998047238248
104,-0.871957601661854,-0.651038197548732,-0.996075767167096,0.293600228223264,0.083275510017403,0.00101137337835044,-0.0474869172633019,-0.00877519126861833,2.5130204099203,0.0128919771865369,0.0178899836723192,-1.44265965294423,-0.871955109336646,-0.651035022705618,-0.996071734258418,0.293600747369431,0.083284356711736,0.00100406661703084,-0.0474890487271315,-0.00877517962101933,2.51302626839702,0.0128943666629564,0.0178907405302304,-1.44266889835114
105,-0.886022235649868,-0.645241829770505,-0.996095773706243,0.292705866526688,0.0809677879773019,3.91022592642122e-05,-0.0461244395933293,-0.0111264618175096,2.44258706439716,0.0135113388471892,0.0200282350388723,-1.37584879851056,-0.886020035527647,-0.645239043325203,-0.9960921167745,0.292705788741918,0.0809757620136874,3.24471558347019e-05,-0.04612644324369,-0.0111265744065013,2.44259248103696,0.0135137382253346,0.0200291722721898,-1.37585735911326
106,-0.899567271622939,-0.63840336882961,-0.996119285570401,0.293328609750878,0.0783319611903004,-0.00085889240185752,-0.0446256535797014,-0.013109601952283,2.37562988240094,0.0139226816823191,0.0222463191073005,-1.30308277685287,-0.899565340531324,-0.638400930010375,-0.996115968888609,0.293328080565633,0.0783390818832415,-0.000864955413859865,-0.0446275212067807,-0.0131098123570522,2.37563488899599,0.0139250868787198,0.0222474055611315,-1.30309069042607
107,-0.912584721253266,-0.63055272075441,-0.996146227406325,0.295302751622395,0.0754499206889851,-0.00167550628123958,-0.0430424241729461,-0.0147150854051502,2.31236727765695,0.0141407295596844,0.0245031004401349,-1.22755967962225,-0.912583036859855,-0.630550591596341,-0.996143218563854,0.295301897469026,0.0754562241100173,-0.00168103078856232,-0.0430441507568764,-0.0147153690510453,2.31237190462402,0.0141431253393539,0.0245043023437694,-1.22756697085112
108,-0.925066918028089,-0.621722485863238,-0.996176513947905,0.29844081475391,0.0723956335413932,-0.00240464950721969,-0.0414207595345991,-0.0159466258924194,2.25287178120863,0.0141835224427958,0.0267631024092152,-1.15193840495297,-0.925065458921422,-0.62172063126799,-0.996173783561724,0.298439742066878,0.0724011680390569,-0.0024096838212167,-0.0414223432265621,-0.015946960736659,2.25287605807037,0.0141858880264634,0.0267643851531231,-1.15194509420815
109,-0.937006520274343,-0.611947878351083,-0.996210050216194,0.302544493553503,0.0692320941754337,-0.00304130508286159,-0.0397993731001503,-0.0168177442979258,2.19709844139701,0.0140705103186261,0.0289967006467287,-1.0782713468286,-0.937005266055314,-0.611946266105926,-0.996207571668787,0.302543289237093,0.0692369161630535,-0.00304589285690466,-0.0398008149162946,-0.0168181112575545,2.19710239694047,0.0140728234096652,0.0289980303461899,-1.07827745304246
110,-0.948396514266678,-0.601266639481171,-0.996246731772139,0.307413752476042,0.0660102358268369,-0.0035815761398067,-0.0382093746026283,-0.017348544676216,2.14491435202198,0.0138211062131094,0.0311797510613199,-1.0080283486304,-0.94839544563884,-0.601265240232855,-0.996244480971149,0.307412485369195,0.0660144061060781,-0.00358575690964676,-0.0382106779651199,-0.0173489278069356,2.14491801439849,0.0138233457752595,0.0311810958404846,-1.00803388779997
111,-0.959230217444404,-0.589718944535605,-0.996286445016139,0.31285370315405,0.0627692381590196,-0.00402272155670017,-0.0366747304530488,-0.0175630174894908,2.09612570928629,0.0134537132504643,0.0332929099505032,-0.942173866345593,-0.959229316294442,-0.589717731720031,-0.996284400172342,0.312852426102476,0.0627728189256499,-0.00402653120843441,-0.0366759006805614,-0.0175634039529363,2.09612910608832,0.0134558609714177,0.0332942411708419,-0.942178853318594
112,-0.969501281743397,-0.577347303705128,-0.996329067528975,0.318679335476733,0.0595376706682913,-0.00436317957499871,-0.03521315534014,-0.0174869776020369,2.0505005207398,0.0129851592140039,0.0353208443853422,-0.881265870879111,-0.969500531205803,-0.57734625343734,-0.99632720895036,0.318678087675503,0.0595407232303749,-0.00436665074756536,-0.0352141991549357,-0.0174873574746618,2.05050367901883,0.0129872002608241,0.0353221374058021,-0.881270319597522
113,-0.979203697034778,-0.564196457124157,-0.996374468449166,0.32471842847188,0.0563350222242225,-0.00460257915515831,-0.0338371743536418,-0.0171466079385751,2.00778639925811,0.0124304416861304,0.0372514601333126,-0.825555262796725,-0.979203081537158,-0.564195548055244,-0.99637277834973,0.324717237833312,0.056337605357566,-0.00460574158651005,-0.0338380994402323,-0.0171469739181975,2.00778934553101,0.0124323648882813,0.0372526946975775,-0.825559186422477
114,-0.988331794652597,-0.550313264282362,-0.99642250888241,0.330813056442163,0.0531733071505344,-0.00474173893426269,-0.0325551833682639,-0.0165675115001561,1.96772369640396,0.011802686676347,0.0390752159010798,-0.775074100497816,-0.98833129994001,-0.550312477430718,-0.996420971204809,0.330811941825172,0.053175475990238,-0.00474461975924577,-0.0325559980006671,-0.0165678585578179,1.96772645665527,0.011804484334111,0.0390763762089235,-0.775077511516658
115,-0.996880250987119,-0.535746588067199,-0.996473042339275,0.33682009348057,0.0500585634697593,-0.0047826537649314,-0.0313724107541195,-0.0157741543212405,1.93005464146065,0.01111323983991,0.0407845509727795,-0.729707917936412,-0.996879864125391,-0.535745906631645,-0.99647164259082,0.336819066687035,0.0500603688290699,-0.00478527777237017,-0.0313731234963084,-0.0157744793354785,1.93005724114175,0.0111149072843321,0.0407856255046564,-0.729710828330666
116,-1.00484409111772,-0.520547173712662,-0.996525915197829,0.342611057043018,0.046992152476969,-0.00472846893876237,-0.030291737729947,-0.0147895891944899,1.89452928372295,0.0103718299626601,0.0423734279397889,-0.68925170732735,-1.00484380047667,-0.520546582874449,-0.996524640299417,0.342610124538392,0.046993640492906,-0.00473085879440697,-0.0302923572075791,-0.0147898905943905,1.89453174774302,0.0103733649580147,0.0423744091186554,-0.689254128926577
117,-1.01221869245878,-0.504767522948059,-0.996580967188228,0.348071553783565,0.0439718301529687,-0.00458344232300222,-0.0293143689347624,-0.0136353691718014,1.86090900426342,0.00958676351656163,0.0438369790821486,-0.653451351793383,-1.01221848767685,-0.504767009667972,-0.996579805335868,0.348070718133881,0.043973042173661,-0.00458561876398219,-0.0293149036733489,-0.0136356466054403,1.86091135696047,0.00958816556427773,0.0438378628551209,-0.653453296911496
118,-1.01899978839259,-0.488461763656921,-0.996638031896633,0.353100517765215,0.0409925965008236,-0.00435289476477345,-0.0284403636814506,-0.0123315816210242,1.82896825533639,0.0087651243462532,0.0451712397598741,-0.622033132626395,-1.01899966032471,-0.488461316472768,-0.996636972435158,0.353099778803964,0.0409935691469117,-0.00435487677015335,-0.028440822005489,-0.0123318356577447,1.82897052041017,0.00876639392670504,0.0451720251782185,-0.622034615128087
119,-1.02518347186488,-0.471685515370421,-0.996696937286014,0.357609370746531,0.0380473465199157,-0.00404314924128939,-0.0276690468937836,-0.0108969533084787,1.79849505435819,0.00791296360457991,0.0463729515304678,-0.594723999536071,-1.02518341251496,-0.471685124199286,-0.996695970594531,0.357608726495885,0.0380481118692406,-0.00404495418223513,-0.0276694368818641,-0.0108971851769555,1.79849725473822,0.00791410138314722,0.0463736403994312,-0.594725036517752
120,-1.03076619892033,-0.454495750932087,-0.996757506231589,0.36152118829505,0.0351273529364099,-0.00366145935544574,-0.0269993210156316,-0.00934899286784026,1.76929063373469,0.00703547258010328,0.0474394192795739,-0.571264985344474,-1.03076620135963,-0.454495406880931,-0.996756623620163,0.361520635669465,0.0351279387967061,-0.00366310312717432,-0.0269996505088447,-0.00934920422571805,1.76929279134464,0.00703647854088014,0.0474400159887684,-0.571265599713498
121,-1.03574479215728,-0.436950654681318,-0.996819557068761,0.364769922608014,0.0322226108883421,-0.00321592789230092,-0.0264298991066254,-0.00770414895872113,1.7411685402851,0.006137135748896,0.0483684091625279,-0.551419711489836,-1.03574485042907,-0.436950349869008,-0.996818750685762,0.364769457925883,0.032223041135728,-0.0032174250281736,-0.0264301757718249,-0.00770434168305354,1.74117067564891,0.00613800820388054,0.0483689208232708,-0.551419935797413
122,-1.0401164440829,-0.419109477512405,-0.996882904151445,0.367299710602468,0.0293220717348908,-0.00271541625268769,-0.025959476762515,-0.00597797093775877,1.71395339196284,0.00522186315975887,0.0491580774623825,-0.534979495526347,-1.04011655309299,-0.419109204906074,-0.996882166901057,0.367299329927864,0.0293223667026238,-0.00271678002725637,-0.0259597081910291,-0.0059781469357765,1.71395552359859,0.00522259860444602,0.0491585137886679,-0.534979376678477
123,-1.04387872035134,-0.401032389173685,-0.996947358418819,0.369064281467549,0.0264137889286838,-0.00216944569938867,-0.0255868573847154,-0.00418526476795965,1.68747943380884,0.00429310666619969,0.0498069201301828,-0.521766188317024,-1.04387887574355,-0.401032142442489,-0.996946683888202,0.3690639808011,0.0264139658565284,-0.00217068821532556,-0.0255870512307731,-0.00418542578596715,1.68748157731813,0.00429369861712479,0.0498072945109391,-0.521765795061427
124,-1.04702956286902,-0.382780328177864,-0.997012727968519,0.370026469233925,0.0234849946000459,-0.0015880914291327,-0.0253110423563111,-0.00234024078963853,1.66158898635731,0.00335395882881536,0.0503137392526635,-0.511633565577013,-1.04702976088374,-0.382780101567937,-0.997012110364244,0.370026244552764,0.0234850681531572,-0.00158922368463848,-0.0253112065251288,-0.00234038818903645,1.66159115309247,0.0033543973849727,0.050314069985411,-0.511632997868213
125,-1.04956729275228,-0.364414849699528,-0.997078818634312,0.370157831222326,0.0205221216101383,-0.000981870560353831,-0.0251312950625886,-0.000456652484051196,1.6361308445734,0.00240723923456946,0.050677620374468,-0.504467855880318,-1.04956753006602,-0.364414637935571,-0.997078252727844,0.370157678361043,0.0205221044775256,-0.000982902499271631,-0.0251314379239123,-0.000456786968514469,1.6361330397757,0.00240751107379486,0.0506779324822856,-0.50446725660958
126,-1.05149061312346,-0.345997971839925,-0.997145434566394,0.369438371248929,0.0175107825900951,-0.000361625204845192,-0.0250471853945271,0.00145207301810372,1.61095866072117,0.00145557030909045,0.0508979177281276,-0.500187810187289,-1.05149088666674,-0.345997770061122,-0.997144915648581,0.369438285602434,0.0175106861785444,-0.000362565747985327,-0.0250473159971488,0.00145195175090886,1.61096088102125,0.00145565950425344,0.0508982453840753,-0.500187378857939
127,-1.05279861173079,-0.327592020641994,-0.997212378812558,0.367856366278161,0.0144357149838177,0.000261598157162354,-0.0250586194958238,0.00337271096623018,1.58592932762091,0.000501445197120329,0.0509742452282762,-0.498744584772239,-1.05279891848354,-0.327591824383016,-0.997211902657186,0.36785634229613,0.0144355502150559,0.000260741100015082,-0.025058747739032,0.00337260467200421,1.5859315578378,0.000501335330533568,0.0509746346170244,-0.498744591732044
128,-1.053490763377,-0.309259474240645,-0.997279453898746,0.365408296213805,0.0112806993379718,0.000876671738487231,-0.0251658579256075,0.00529211927036881,1.56090136760998,-0.000452709924499114,0.050906472063596,-0.500121610780221,-1.05349110014295,-0.309259279472095,-0.997279016735168,0.365408326650016,0.0112804775323371,0.000875891273356669,-0.0251659946156791,0.00529203171328696,1.560903576902,-0.000453031679348495,0.050906984142713,-0.500122408745518
129,-1.05356693213939,-0.291062806535,-0.997346462407844,0.362098878302872,0.00802845702525725,0.00147251065727151,-0.0253695240332517,0.00719712043648766,1.53573332576155,-0.00140447660824007,0.050694722596107,-0.504334547108319,-1.05356729530674,-0.291062609781118,-0.997346060902362,0.362098953188089,0.00802819080996449,0.00147180091928786,-0.025369680718541,0.00719705802564161,1.53573546340281,-0.0014050128039933,0.0506954346411127,-0.504336574458046
130,-1.05302737336156,-0.273064330771272,-0.9974132075563,0.35794120992073,0.00466053325514006,0.0020381970039211,-0.0256706030774011,0.00907438242862388,1.51028216266088,-0.00235138523866466,0.050339381139106,-0.511431349968364,-1.05302775866574,-0.273064129324739,-0.997412838800996,0.35794131525511,0.00466023736795866,0.00203755316147726,-0.0256707915249963,0.00907435484337008,1.51028415406622,-0.00235211856721443,0.0503403851003935,-0.511435117444276
131,-1.05187273539372,-0.255326043428499,-0.997479493768937,0.352957026111558,0.00115717167083104,0.00256310247204626,-0.0260704313678115,0.0109102957355382,1.48440164188101,-0.00329085323130557,0.0498411029086357,-0.521492432383669,-1.05187313771017,-0.255325835680178,-0.997479155274976,0.35295714233638,0.00115686344436078,0.00256252069002396,-0.0260706625355406,0.0109103163404958,1.48440338598343,-0.00329173457314374,0.0498424975856713,-0.521498482453797
132,-1.05010406105621,-0.237909468805313,-0.997545127253363,0.347177080998156,-0.00250281183969727,0.00303700828733487,-0.0265706733753082,0.0126908440618893,1.45794071027321,-0.00422011693207963,0.0492008331863667,-0.534630822137506,-1.05010447426608,-0.237909254697312,-0.997544816943132,0.347177181424545,-0.00250311261911458,0.00303648559422051,-0.0265709557577696,0.0126909297568517,1.4579420799346,-0.00422105252301636,0.049202706040994,-0.534639648905653
133,-1.04772278880111,-0.220875504715652,-0.997609916576059,0.340641664850498,-0.00634214617984818,0.00345022117849451,-0.0271732831648913,0.0144014663024218,1.43074187604138,-0.00513615024346966,0.0484198338294298,-0.550992136697199,-1.04772320578719,-0.220875286304463,-0.997609632765286,0.340641714402743,-0.00634241833326256,0.00344975517835517,-0.0271736205435287,0.0144016363244505,1.43074272348637,-0.00513699386267939,0.0484222306399339,-0.551004066350478
134,-1.04473075355434,-0.204284269713079,-0.997673673241879,0.333401270947042,-0.0103851993242423,0.00379368416750322,-0.0278804446668249,0.0160269078933041,1.40263960110183,-0.00603556733004076,0.0474997174727399,-0.570754096852942,-1.04473116639175,-0.204284051792702,-0.997673414600039,0.333401225785628,-0.0103854224247013,0.00379327254452189,-0.0278808335577675,0.0160271810549979,1.4026397701196,-0.006036123396721,0.0475025999978717,-0.570769138614242
135,-1.041130187237,-0.188194952273109,-0.997736212276384,0.325517427899309,-0.0146580308766902,0.0040590809759093,-0.0286944831564966,0.017551060357203,1.37345874188331,-0.00691450515480433,0.0464424844815834,-0.594125152914005,-1.04113058763361,-0.188194742957186,-0.997735977753272,0.325517236672251,-0.0146581883378748,0.00405872078337493,-0.0286949105688446,0.0175514503988173,1.3734580874035,-0.00691455012278787,0.0464456845564464,-0.594142856007158
136,-1.03692371899094,-0.172665662362438,-0.997797352805802,0.317063713126346,-0.0191883763657143,0.0042389328485559,-0.0296177377967885,0.0189567890575961,1.34301309844033,-0.00776848694882705,0.0452505572249425,-0.621341622438999,-1.03692409899633,-0.172665473468781,-0.997797141516388,0.317063320619167,-0.0191884588544231,0.00423861968315442,-0.0296181802182489,0.0189572983917583,1.3430115117417,-0.0077678125700426,0.0452537457147102,-0.621360996842501
137,-1.03211437516394,-0.15775328580126,-0.997856918623339,0.308126960432644,-0.0240055262053719,0.00432668663018002,-0.0306523823208502,0.0202257513932806,1.31110416729808,-0.00859227225429735,0.0439268101085653,-0.652662519010043,-1.03211472809866,-0.1577531328432,-0.997856729693397,0.308126314075301,-0.0240055343083221,0.00432641394807316,-0.0306528069128644,0.0202263645176337,1.31110160206597,-0.00859074620311659,0.04392950687662,-0.652682082641122
138,-1.02670557913039,-0.143513341770965,-0.997914738725495,0.298808667148469,-0.0291400481417066,0.00431679309932512,-0.0318001780893079,0.0213382118417033,1.27752024106178,-0.00937970952038349,0.0424746138347752,-0.688360985028575,-1.02670590059891,-0.143513243368148,-0.997914571115941,0.298807726092164,-0.0291399931339425,0.00431655200807651,-0.0318005465385894,0.0213388906161583,1.27751673321503,-0.00937733118983375,0.0424762545556421,-0.688378964970265
139,-1.02070115101451,-0.129999843741214,-0.997970647802028,0.289226590923239,-0.03462328424281,0.00420477476907773,-0.0330621405145719,0.0222728670320211,1.24203606080939,-0.010123588857499,0.040897917631735,-0.728710887417352,-1.0207014397847,-0.129999820341592,-0.997970500145376,0.289225336361495,-0.0346231862450114,0.00420455460167969,-0.0330624150580918,0.022273550407243,1.24203173510146,-0.0101205203511914,0.0408979800159312,-0.728725542960795
140,-1.01410530733385,-0.117265164010275,-0.998024486670523,0.279516498801781,-0.040486532629927,0.00398728270234424,-0.0344380966788863,0.0230067044176521,1.20441330964903,-0.0108155008876641,0.0392014221938369,-0.77396670438721,-1.01410556583335,-0.117265235966537,-0.998024357160989,0.279514943175312,-0.0404864163732862,0.0039870724205326,-0.0344382467973355,0.0230073143795226,1.20440836926995,-0.0108120498871013,0.0391995745104536,-0.773976675412633
141,-1.00692266049954,-0.105359902008304,-0.998076102659927,0.269833985931449,-0.0467598023571616,0.00366214214246374,-0.0359261097923371,0.023514932392303,1.16440234057242,-0.0114456843046404,0.037390876303984,-0.824334352365801,-1.0069228947266,-0.105360087239687,-0.9980759890333,0.269832178256688,-0.0467596916698006,0.00366193221692024,-0.0359261174689202,0.0235153857671128,1.16439704139242,-0.0114422401476982,0.0373870936496413,-0.824338915171006
142,-0.999158218025392,-0.0943327565382775,-0.998125349961657,0.260356211912442,-0.0534700111494667,0.00322838676883394,-0.0375217468267309,0.0237710374419303,1.12174565726762,-0.0120028565576318,0.0354735107172389,-0.879930230783759,-0.999158436802015,-0.0943330681635143,-0.998125249581294,0.260354237076588,-0.0534699236559796,0.00322817089188016,-0.0375216087025937,0.0237712608010813,1.12174027339608,-0.0119998011072846,0.0354681080569008,-0.87992938145667
143,-0.990817381254202,-0.0842304022219516,-0.998172089974827,0.251283303335625,-0.0606384878018034,0.00268628118964794,-0.0392171731753665,0.0237470448680086,1.07618380039245,-0.012474038229822,0.0334585876646761,-0.940725776598066,-0.990817594921484,-0.0842308466037524,-0.998172000012134,0.251281274734058,-0.0606384310224864,0.00268605720031862,-0.0392168992194961,0.02374698836243,1.07617858992058,-0.0124716681592941,0.0334521568691479,-0.940720137163365
144,-0.981905943430233,-0.0750973705394742,-0.99821619166941,0.242839038184883,-0.0682776572413716,0.00203733109789633,-0.0410000776395681,0.0234140826017539,1.02746440390274,-0.012844423234601,0.0313580394103864,-1.00647564656256,-0.981906162235923,-0.0750979461076639,-0.998216109341593,0.242837084908626,-0.0682776266255537,0.00203710082892415,-0.0409996873670304,0.023413728920886,1.02745958234276,-0.0128429089939653,0.0313513155536582,-1.0064662540607
145,-0.972430087024513,-0.0669759359461262,-0.998257531978776,0.235270265856032,-0.0763868475167842,0.0012842805343997,-0.0428524682779694,0.0227433689482194,0.975355221545134,-0.0130973743630103,0.0291871697978334,-1.07662985521159,-0.972430319524553,-0.066976632992924,-0.998257454792931,0.235268517043926,-0.0763868263587817,0.00128404872170644,-0.0428519862541019,0.0227427353924969,0.975350946816759,-0.0130967613499342,0.029180876586668,-1.07661791892143
146,-0.962396380316632,-0.0599060075815659,-0.998295996216747,0.228844346540537,-0.0849472919344376,0.000431095936788904,-0.0447494395369566,0.0217077553834138,0.919661796624631,-0.0132146424246889,0.0269653937599659,-1.15023448102288,-0.96239663208738,-0.0599068090129061,-0.998295922171393,0.228842916004742,-0.0849472528455917,0.000430868646311003,-0.0447488917274951,0.0217068893365005,0.919658165513211,-0.0132148820246055,0.0269601165289697,-1.15022117691358
147,-0.951811773314107,-0.0539250270516987,-0.998331478500637,0.223843765171476,-0.0939166341015205,-0.000517062978654472,-0.0466580951658763,0.0202839381638929,0.86025004192311,-0.0131769135807111,0.0247169688064534,-1.22583248444501,-0.95181204617199,-0.0539259099016046,-0.998331406210751,0.22384273896269,-0.0939165417138288,-0.000517279887213024,-0.0466575069043406,0.0202829079767549,0.860247095290322,-0.0131779037707076,0.0247130818829662,-1.22581882061494
148,-0.940683593126041,-0.0490678726864349,-0.998363882154929,0.220557076740699,-0.103223590539568,-0.00155388512694269,-0.0485369118471759,0.0184553838176703,0.797073183942752,-0.0129647781513045,0.0224716158542472,-1.30138565153091,-0.940683884921298,-0.049068810099936,-0.99836381088756,0.220556505309247,-0.103223405193148,-0.00155408712228768,-0.0485363073209328,0.0184542677780644,0.797070917032743,-0.0129663975935822,0.0224692676409936,-1.30137240634313
149,-0.929019538904273,-0.0453667705925136,-0.998393120070709,0.21926559726727,-0.112763851676483,-0.00267196216121041,-0.0503359201317204,0.016215869481615,0.730201226290259,-0.0125601807169548,0.0202648529819394,-1.37424894781185,-0.929019843838658,-0.0453677339635693,-0.998393049698032,0.219265492755191,-0.112763533839957,-0.00267214660550021,-0.0503353227052098,0.0162147452203713,0.73019960084265,-0.0125623074221534,0.020263993046995,-1.37423666353492
150,-0.916827676441057,-0.0428512127545248,-0.998419115001443,0.220225896997041,-0.122398694099167,-0.00386285409335311,-0.0519981134725675,0.0135733100785071,0.659849373057816,-0.0119483275026565,0.0181377866584475,-1.44123527531588,-0.916827985781788,-0.0428521737486322,-0.99841904589189,0.220226235303715,-0.122398209142988,-0.00386302029044073,-0.0519975460615188,0.0135722460174256,0.659848328926513,-0.0119508450822108,0.018138218620396,-1.44122428500208
151,-0.904116432487797,-0.0415478823946915,-0.998441799783258,0.223649230302116,-0.131957923016032,-0.00511716567303626,-0.0534624060682027,0.0105532600554329,0.58640007813658,-0.0111199022757721,0.0161360911162861,-1.49880475046667,-0.904116735517524,-0.0415488146625424,-0.99844173265737,0.223649956962089,-0.131957245804521,-0.00511731454459799,-0.0534618910329942,0.0105523097182834,0.58639954314266,-0.0111226985249209,0.0161375332055031,-1.49879521957416
152,-0.89089458884727,-0.0414805867755694,-0.998461117474977,0.229680403345976,-0.141248395491166,-0.0064246326790384,-0.0546681883846996,0.0072012279411003,0.510412253881686,-0.0100732706032496,0.0143079751254632,-1.54339093239697,-0.890894873894454,-0.0414814672492234,-0.99846105325202,0.229681441951371,-0.141247514152799,-0.00642476624957469,-0.0546677467435409,0.00720042723586078,0.510412151430597,-0.0100762339063144,0.0143101153621397,-1.54338290232228
153,-0.877171276294995,-0.0426701976097101,-0.998477021418859,0.238379803727438,-0.15006830715862,-0.00777421718786062,-0.0555610790827438,0.00358287291520536,0.432611601254486,-0.00881620189392631,0.0127011314329291,-1.57183521551015,-0.877171531716998,-0.0426710073479176,-0.99847696107515,0.238381065543729,-0.150067225408966,-0.00777433803459724,-0.0555607291765888,0.00358224003791692,0.432611855753678,-0.00881921981638407,0.0127036709692998,-1.5718286424223
154,-0.862955968398487,-0.0451345992155228,-0.998489475227124,0.24971274572013,-0.158225766212848,-0.00915421079142236,-0.056098959290026,-0.000218592527874155,0.35385871019436,-0.00736659630117479,0.011358966736104,-1.58185030887793,-0.862956183427438,-0.0451353238214564,-0.998489419679881,0.249714139201718,-0.158224503784612,-0.00915432156546783,-0.0560987152533086,-0.000219055164591249,0.353859250560237,-0.00736955786250049,0.0113616487479472,-1.58184509524003
155,-0.848258475316014,-0.0488886445238511,-0.998498452702008,0.263549360719913,-0.165558464155852,-0.0105523446731651,-0.056257023344955,-0.00410785671607019,0.275096378424131,-0.00575184290280351,0.0103167180781515,-1.57239791645963,-0.848258640715547,-0.0488892741951349,-0.998498402725372,0.263550799811227,-0.165557055214862,-0.010552447747971,-0.0562568937974212,-0.00410815924295332,0.27509714006363,-0.00575464392635759,0.010319342668351,-1.57239393501282
156,-0.833088937659605,-0.0539441189970426,-0.998503937698805,0.279675958439637,-0.171950302731779,-0.0119559054396576,-0.0560306203410002,-0.0079850749436685,0.197283154365668,-0.00400675956354428,0.0095982310673835,-1.54387009943631,-0.833089046173129,-0.0539446482867774,-0.998503893872687,0.2796773688473,-0.171948792546133,-0.0119560027010759,-0.05603060763749,-0.00798523620120855,0.197284080032606,-0.00400930929714717,0.0096006585712995,-1.54386721021712
157,-0.817457820494436,-0.0603097124777375,-0.99850592394205,0.297815840922351,-0.1773412922028,-0.0133518556264293,-0.055435170131109,-0.0117541318097403,0.121324240297832,-0.00217046464671441,0.00921408909908123,-1.49801675294713,-0.81745786709046,-0.0603101398500542,-0.998505886630264,0.297817163942604,-0.177339732665965,-0.0133519483896523,-0.0554352703375894,-0.011754175550641,0.121325280191274,-0.00217269169160271,0.00921623515329292,-1.49801481466718
158,-0.801375907518463,-0.0679909989456513,-0.998504414804862,0.317655187584797,-0.181728867645634,-0.0147269578174508,-0.0545032418562248,-0.0153299716546191,0.0480117202035406,-0.00028283177705923,0.00916144345873027,-1.4376425022207,-0.801375889455351,-0.0679913262043658,-0.998504384156648,0.317656381499853,-0.181727312429941,-0.014727046840651,-0.0545034454293402,-0.0153299232510474,0.048012831621331,-0.000284687871887907,0.00916326928752902,-1.43764137887484
159,-0.78485429542778,-0.0769904241326962,-0.998499423060564,0.338868830590717,-0.185161194769147,-0.0160679013091922,-0.0532796341205324,-0.0186437172632692,-0.0220167930357277,0.00161875423598459,0.00942544123864926,-1.36616570507908,-0.784854212170099,-0.0769906557906936,-0.998499399028784,0.338869870008882,-0.185159694869459,-0.0160679868696101,-0.0532799271160257,-0.0186436011882154,-0.02201564621479,0.00161729321885946,0.00942694211019704,-1.36616526800005
160,-0.767904388433446,-0.087307300931479,-0.9984909706142,0.361141663043169,-0.187724990984508,-0.017361430210025,-0.0518156838514391,-0.0216450190846959,-0.0882972193004145,0.00350179940462651,0.00998177555871488,-1.28715857881651,-0.767904241456091,-0.0873074435746122,-0.998490952983796,0.361142536798456,-0.187723591189327,-0.0173615122104697,-0.0518160494155475,-0.0216448572432967,-0.0882960672009078,0.0035007348214213,0.00998296981776015,-1.28715870990355
161,-0.750537892862655,-0.0989378125273488,-0.998479088219786,0.384183396164782,-0.18953117736843,-0.018594471807836,-0.0501639630478182,-0.0243018316826293,-0.15053726978501,0.00534002897906301,0.010799722963518,-1.20396672467464,-0.750537685378734,-0.0989378742123524,-0.998479076641075,0.384184104446244,-0.189529913914655,-0.0185945498895115,-0.0501643829456451,-0.0243016425207987,-0.15053613715635,0.00533934276723024,0.0108006426265196,-1.20396731731534
162,-0.732766811756601,-0.111875023185696,-0.998463815187375,0.407736432690172,-0.190701293066722,-0.0197542639922643,-0.0483741340287608,-0.0265983195601787,-0.208599074765792,0.00711370857688088,0.0118450908615118,-1.11945895162427,-0.732766548401975,-0.111875012898427,-0.998463809210005,0.407736983970829,-0.190700192499915,-0.0197543376390265,-0.0483745900148432,-0.0265981177906636,-0.208597981577249,0.007113367681484,0.011845774353663,-1.11945991089825
163,-0.714603439370584,-0.126108896629677,-0.998445199082467,0.431578049377188,-0.191356538867049,-0.0208284804984098,-0.0464902561267692,-0.0285317560983601,-0.262472704760469,0.00880920983887894,0.0130826901719234,-1.03591094651204,-0.714603125873046,-0.126108823818714,-0.99844519818717,0.431578457554357,-0.191355617939917,-0.0208285491243879,-0.0464907310412563,-0.0285315528552715,-0.262471666757038,0.0088091709767505,0.0130831772068683,-1.03591218889496
164,-0.696060355486675,-0.141626321945266,-0.998423295419126,0.455518679313378,-0.191610158338546,-0.0218053527451664,-0.0445494547759064,-0.0301091698223896,-0.31224653677386,0.0104181288124141,0.0144781659569856,-0.954995689510294,-0.696059998342008,-0.141626196136928,-0.998423299045517,0.455518961296203,-0.191609424690005,-0.021805415762984,-0.0445499333219218,-0.0301089730692732,-0.312245565990261,0.0104183429854065,0.0144784942561958,-0.954997142279751
165,-0.677150419461915,-0.158411146948452,-0.998398167347337,0.479398031691672,-0.191562995835154,-0.022673787070129,-0.042581652471397,-0.0313442526969887,-0.358078814164211,0.0119362278483077,0.0159991892108615,-0.87784254610801,-0.677150025633196,-0.158410977442636,-0.99839817491694,0.479398205525371,-0.191562449175991,-0.022673843940344,-0.0425821216837979,-0.031344067750162,-0.358077919399486,0.0119366442327378,0.0159993926577515,-0.877844146610824
166,-0.65788676395151,-0.176444218942721,-0.998369885334662,0.503080393136813,-0.191301603646219,-0.0234234762076779,-0.0406100037586112,-0.0322547972129761,-0.400172944836853,0.0133623924302273,0.0176161113367188,-0.805130007801102,-0.657886340602587,-0.176444014584401,-0.998369896269002,0.503080476652755,-0.191301237207801,-0.0234235264714122,-0.0406104532123404,-0.0322546272817859,-0.400172132095958,0.0133629612586148,0.0176162192549708,-0.805131702764802
167,-0.638282788263589,-0.195703432783996,-0.998338526841993,0.526449981816318,-0.190898137699614,-0.0240450039102695,-0.0386517163729811,-0.0328607385548437,-0.438757582663577,0.0146977114333739,0.0193022188977642,-0.737186487382565,-0.638282342533027,-0.195703201802486,-0.998338540576036,0.526449991738659,-0.190897939759338,-0.0240450472086848,-0.0386521381868096,-0.0328605852423001,-0.438756855566455,0.0146983863204993,0.019302255843327,-0.737188232025508
168,-0.618352151317959,-0.216163786155797,-0.998304175993109,0.5494068218185,-0.190411351564935,-0.0245299416764647,-0.0367190214161935,-0.0331827613441776,-0.474071519602377,0.0159447259005755,0.0210337207194795,-0.674083754902013,-0.618351690135912,-0.216163536062453,-0.998304191984653,0.549406773238047,-0.19041130691328,-0.0245299777615083,-0.0367194100873292,-0.0331826250879984,-0.474070879758559,0.0159454660537612,0.0210337064473047,-0.674085512118392
169,-0.598108764194904,-0.237797441940803,-0.998266923237839,0.571863321104474,-0.189888154967866,-0.0248709366253652,-0.0348201390093394,-0.0332413755576126,-0.506352850431668,0.017106852317236,0.0227895743650087,-0.615715723045915,-0.598108294142093,-0.237797179475122,-0.998266940973535,0.571863227233661,-0.18988824621662,-0.0248709653615474,-0.034820491151676,-0.0332412559910776,-0.506352297792839,0.017107622610902,0.0227895246678424,-0.615717463005799
170,-0.577566782270304,-0.260573797556182,-0.998226865008683,0.593741565162724,-0.189365369919659,-0.0250617896280193,-0.0329601540852537,-0.0330563524749678,-0.535831640533372,0.0181879573205047,0.0245512327952792,-0.561860657652257,-0.577566309476186,-0.260573528670519,-0.99822688400741,0.593741437285299,-0.189365578614431,-0.0250618109882042,-0.0329604681330125,-0.0330562487035336,-0.535831173722728,0.0181887286101478,0.0245511600496579,-0.561862356978046
171,-0.556740596940937,-0.284459561100538,-0.998184103370874,0.614971251638898,-0.188871458282322,-0.0250975228964298,-0.0311417649745444,-0.0326464202278244,-0.562725303280143,0.0191920595042429,0.0263023624623709,-0.512227876449991,-0.556740127017072,-0.284459290974684,-0.998184123185163,0.614971099186212,-0.188871765807716,-0.0250975369546923,-0.0311420408677029,-0.0326463310390465,-0.562724919894503,0.0191928084668991,0.0263022761899208,-0.512229517729812
172,-0.535644826949821,-0.309418834141112,-0.998138745665992,0.635488158392229,-0.188428098220449,-0.0249744363277684,-0.0293658973049763,-0.0320291365537487,-0.587235977490947,0.0201231291236275,0.0280285654388932,-0.466491328923582,-0.535644364953728,-0.309418567218994,-0.998138765882086,0.635487989096379,-0.188428486499424,-0.0249744432504195,-0.0293661361813495,-0.032029060571043,-0.587235674379102,0.0201238378628802,0.0280284728341364,-0.466492900083692
173,-0.514294309325401,-0.335413200950734,-0.998090904149323,0.65523303484934,-0.188051556114838,-0.0246901520022458,-0.0276321921884141,-0.0312208759542789,-0.609549321048469,0.020984960747946,0.0297171232722186,-0.424312774283094,-0.514293859749927,-0.335412940992603,-0.998090924386388,0.655232854935586,-0.188052008120414,-0.0246901520379733,-0.0276323960977151,-0.0312208117453953,-0.609549094561633,0.0209856162203769,0.0297170296634806,-0.424314267986353
174,-0.492704089951002,-0.362401823985343,-0.99804069562129,0.674150818326495,-0.187753842703012,-0.0242436463428763,-0.0259393851473098,-0.0302368859286188,-0.629834266261706,0.0217810982366754,0.0313567706497352,-0.385357084156478,-0.492703656734306,-0.362401574129981,-0.998040715530148,0.674150632719517,-0.187754342805045,-0.0242436398127533,-0.0259395567969012,-0.030236832079054,-0.629834112476471,0.0217816915893783,0.0313566798918258,-0.385358497231063
175,-0.47088941378264,-0.390341545375032,-0.997988241053306,0.692190093832998,-0.187543665469146,-0.023635269561556,-0.0242855943319079,-0.0290913809975146,-0.648243397682154,0.0225147960789357,0.0329375010975398,-0.349301792970964,-0.470889000334199,-0.390341308207539,-0.997988260314999,0.692189906360373,-0.187544199641843,-0.0236352568493759,-0.0242857368688692,-0.0290913361575251,-0.64824331259683,0.0225153219605732,0.0329374158959928,-0.349303125873842
176,-0.448865714734249,-0.419186994184411,-0.997933665208503,0.709302732854028,-0.187427200308857,-0.022866752137218,-0.0226685357747323,-0.0277976537992623,-0.664913707343236,0.0231890051704523,0.0344504035805881,-0.315842572606544,-0.448865323972778,-0.419186771806165,-0.997933683532876,0.709302546436835,-0.187427756224967,-0.0228667336804465,-0.0226686526052849,-0.0277976167115904,-0.664913687048896,0.0231894610620069,0.0344503257536143,-0.315843828927684
177,-0.426648605249918,-0.44889069918194,-0.997877096257817,0.725443661563855,-0.187408709119308,-0.0219411981975631,-0.0210856812885068,-0.0263681901294677,-0.679967555581063,0.0238063744118184,0.0358875271769737,-0.284695900137947,-0.42664823964963,-0.44889049328013,-0.997877113382247,0.725443478388865,-0.187409276156082,-0.0219411744790842,-0.0210857759340607,-0.026368159643318,-0.679967596408424,0.0238067599801014,0.0358874578658999,-0.28469708612287
178,-0.404253865582965,-0.479403206842525,-0.997818665391963,0.740570721159323,-0.187491029498484,-0.0208630658046064,-0.019534372049129,-0.0248147800504511,-0.693513720311839,0.0243692620308492,0.0372417703235466,-0.255599848753403,-0.404253527225171,-0.479403018757443,-0.997818681080285,0.740570542830012,-0.187491598680419,-0.0208630373454767,-0.0195344480384772,-0.0248147551258796,-0.693513818953257,0.0243695784794396,0.0372417101595101,-0.255600972788201
179,-0.381697432801696,-0.510673204293308,-0.997758506429833,0.754644592581507,-0.18767596026806,-0.0196381342755706,-0.0180118984165017,-0.0231486207184782,-0.70564845735556,0.0248797517744525,0.0385067910704272,-0.228313665621408,-0.381697123429351,-0.510673035082212,-0.997758520471496,0.754644420249559,-0.187676524159272,-0.0196381016284723,-0.0180119591990159,-0.023148600425537,-0.705648610973569,0.0248800017836319,0.0385067402642694,-0.228314738218706
180,-0.358995389541821,-0.542647646899328,-0.997696755423909,0.76762876518195,-0.187964563257123,-0.0182734588017252,-0.0165155542921808,-0.0213804088716301,-0.716456522567282,0.025339672923364,0.0396769348086689,-0.202616602059568,-0.358995110614976,-0.542647497396059,-0.997696767633357,0.76762859966039,-0.187965115815527,-0.0182734225443703,-0.0165156031730342,-0.0213803923856941,-0.716456728889733,0.025339859949648,0.0396768932777613,-0.202617635347955
181,-0.336163952525285,-0.57527189017312,-0.997633550263321,0.77948953431947,-0.188357398405807,-0.0167773127552951,-0.0150426724569823,-0.0195204223595245,-0.726012126029371,0.0257506199409657,0.0407471766559221,-0.178306310835909,-0.336163705275864,-0.575271761043012,-0.997633560479555,0.779489376177309,-0.188357934821855,-0.0167772734852322,-0.0150427125596462,-0.0195204089537513,-0.726012383424801,0.0257507479412356,0.0407471440867958,-0.178307318291909
182,-0.313219460865073,-0.608489825680719,-0.997569030275181,0.790196016860352,-0.188854706148753,-0.0151591182066602,-0.0135906458392345,-0.0175785909631257,-0.734379801731508,0.0261139719597126,0.0417130757340411,-0.155197022252358,-0.313219246349815,-0.608489717470696,-0.997569038361454,0.790195866501928,-0.188855222676427,-0.0151590765366891,-0.0135906800823627,-0.0175785800004193,-0.734380109271821,0.0261140451855385,0.0417130516222045,-0.155198018472744
183,-0.290178364175479,-0.642244020605974,-0.997503335824866,0.799720176465792,-0.189456548285118,-0.0134293652948156,-0.0121569384385154,-0.0155645572497296,-0.74161518487198,0.0264309109759284,0.0425707391511446,-0.133117634723333,-0.290178183326211,-0.642243933789954,-0.997503341668453,0.799720034197337,-0.189457042072515,-0.013429321848856,-0.0121569695227635,-0.0155645481750879,-0.741615542384071,0.0264309338614657,0.04257072282456,-0.133118635221738
184,-0.267057210507291,-0.676475860625537,-0.997436607915937,0.808036852653964,-0.190162916224532,-0.0115995212127924,-0.0107390887052609,-0.0134877284616071,-0.747765694428966,0.0267024383460564,0.0433167938436979,-0.111909803666482,-0.267057064177865,-0.676475795645332,-0.997436611427928,0.808036718739702,-0.190163385149389,-0.0115994766220604,-0.0107391191052796,-0.0134877207955225,-0.747766102535877,0.0267024154800268,0.0433167844682917,-0.11191082466783
185,-0.243872634127229,-0.711125695738165,-0.997368987790401,0.815123789140911,-0.190973813574932,-0.0096819296807525,-0.00933470745946907,-0.0113573205435824,-0.752871121973572,0.0269293893321941,0.0439483647519049,-0.0914260767260167,-0.243872523136576,-0.711125653040119,-0.997368988905481,0.815123663850786,-0.190974256088778,-0.00968188458013845,-0.00933473941640811,-0.0113573138771401,-0.752871582124458,0.0269293255209804,0.0439483613201113,-0.0914271349335077
186,-0.220641343160955,-0.746132988684334,-0.997300616530078,0.82096165805576,-0.191889318461121,-0.00768970188212914,-0.0079414718874648,-0.00918239543481649,-0.756964129516753,0.0271124455880015,0.0444630580917412,-0.0715280991127487,-0.220641268331721,-0.746132968751894,-0.997300615206247,0.820961541706539,-0.191889733444521,-0.00768965690661906,-0.00794150739693106,-0.00918238942713609,-0.756964644003191,0.0271123460194787,0.044463059393278,-0.0715292114020752
187,-0.197380107118952,-0.781436465585431,-0.99723163465983,0.825534077410528,-0.192909629674292,-0.00563659993087144,-0.00655711674586525,-0.00697189272256883,-0.760070659988599,0.0272521455503419,0.0448589487322211,-0.0520848966232943,-0.197380069311078,-0.781436468967731,-0.997231630878051,0.825533970401616,-0.19291001630493,-0.00563655571181295,-0.00655715753564511,-0.00697188710134323,-0.760071231942084,0.0272520160742771,0.0448589533051778,-0.0520860796029277
188,-0.174105744324582,-0.816974268426088,-0.997162181753463,0.828827619769762,-0.19403509969532,-0.00353691401946869,-0.00517942359681687,-0.00473465670619204,-0.762210264079662,0.0273488927437468,0.045134570897679,-0.0329712332307949,-0.174105744463026,-0.816974295762445,-0.99716217551723,0.828827522614538,-0.194035457330391,-0.00353687118039797,-0.00517947108766921,-0.00473465127228382,-0.762210897441486,0.0273487402919543,0.0451345769572401,-0.0329725025841891
189,-0.15083510926373,-0.852684108998541,-0.997092396043119,0.830831810473352,-0.195266256754792,-0.00140533446677263,-0.00380620867468091,-0.00247945986400482,-0.763396346863593,0.0274029620240093,0.0452889115977295,-0.0140660332484479,-0.150835148359164,-0.852684161038453,-0.997092387377952,0.830831723826143,-0.195266584829386,-0.0014052936184074,-0.00380626391608092,-0.0024794545013585,-0.763397046313265,0.0274027952009508,0.0452889169393494,-0.0140674027400306
190,-0.127585079875521,-0.888503423924202,-0.997022414033019,0.831539114062975,-0.196603817341001,0.000743180059309609,-0.00243530982255365,-0.000215023663798891,-0.763636337028399,0.0274145038406233,0.0453214063489268,0.00474914621725024,-0.127585159036389,-0.888503501542061,-0.99702240298592,0.831539038740586,-0.196604115286398,0.000743218325398651,-0.00243537339463939,-0.000215018356350325,-0.763637107848271,0.0274143336730639,0.0453214082216682,0.00474766629176295
191,-0.104372544803763,-0.924369530364968,-0.996952370118459,0.830944907782826,-0.198048689897624,0.00289353682730873,-0.00106457282422687,0.00204996238447857,-0.762931780779461,0.0273835465946832,0.0452319368935636,0.023591609337691,-0.104372665237425,-0.924369634568149,-0.996952356757353,0.830944844776973,-0.198048957091746,0.00289357194676124,-0.00106464469862517,0.00204996752667637,-0.762932628617265,0.0273833873839226,0.0452319318408948,0.0235900146772312
192,-0.0812143906289079,-0.960219782035166,-0.996882396210885,0.829047441186578,-0.199601969862349,0.00503064448982116,0.000308162586471344,0.00430682256388311,-0.761278361576038,0.0273099960377043,0.0450208307308758,0.0425790018859293,-0.0812145536288358,-0.960219913963482,-0.996882380624165,0.829047391666253,-0.199602205606642,0.00503067593734132,0.00030808325868784,0.00430682726697863,-0.761279292077619,0.0273098673318466,0.0450208144208422,0.0425772968402226
193,-0.0581274891008143,-0.995991725124717,-0.996812621369965,0.825847781022645,-0.201264925578237,0.00713954833580075,0.00168507683592372,0.00654687681820173,-0.758665845963142,0.0271936345860565,0.0446888624775026,0.0618307945316007,-0.0581276960155335,-0.99599188603809,-0.996812603666303,0.825847746323013,-0.201265129089104,0.00713957564357097,0.00168499202036119,0.00654688059208872,-0.758666864232052,0.0271935624193386,0.0446888294939019,0.0618289963581628
194,-0.0351286843927832,-1.03162325374456,-0.996743171443618,0.821349740699792,-0.203038973921403,0.0092055639984125,0.00306838453020358,0.00876142179453487,-0.75507795486392,0.027034117354491,0.0442372570645687,0.0814697887004507,-0.0351289365708727,-1.03162344499437,-0.996743151752202,0.821349722284045,-0.203039144370319,0.00920558677904867,0.00306829768834593,0.00876142386201655,-0.755079064649235,0.0270341360856865,0.0442372007153458,0.0814679341642195
195,-0.0122347803973296,-1.06705276450664,-0.996674168716933,0.815559793754581,-0.204925643845459,0.0112144082766354,0.00446034810626071,0.0109417101835566,-0.750492158735603,0.026830966678275,0.0436676949972596,0.101623664343778,-0.0122350791014619,-1.06705298748487,-0.996674147188356,0.815559793134702,-0.204925780467591,0.0112144262546362,0.00446026467947182,0.0109417093886367,-0.750493361248134,0.0268311209650895,0.0436676071913568,0.101621817967067
196,0.0105374719156386,-1.10221930985348,-0.996605731570893,0.808486970901811,-0.206926525231413,0.0131523257695458,0.00586329081189154,0.0130789274461123,-0.744879394153819,0.0265835650135408,0.0429823199852559,0.122426584291618,0.0105371256340918,-1.10221956591185,-0.996605708378992,0.808486989503353,-0.206926627506097,0.0131523388233758,0.00586321881151095,0.0130789221409125,-0.744880686413211,0.026583911534982,0.0429821912791336,0.122424848852987
197,0.0331713870577661,-1.13706274975564,-0.996537974151824,0.800142740473687,-0.209043199440848,0.0150062100687216,0.00727960860570934,0.0151641649648732,-0.738203698700895,0.0262911464641914,0.0421837493721629,0.144020868622231,0.0331709925331876,-1.13706304008512,-0.996537949496886,0.800142779424292,-0.209043267348805,0.0150062182847309,0.00727955928473484,0.0151641528797511,-0.738205071306614,0.0262917547171733,0.0421835693685765,0.144019397685751
198,0.0556503574786405,-1.17152390139959,-0.996471006052497,0.790540872371913,-0.211277146799857,0.0167637183161372,0.00871178042396985,0.0171883885980924,-0.730421760512439,0.0259527873691995,0.0412750879513825,0.166558747083795,0.0556499146645462,-1.17152422685881,-0.996470980166314,0.790540932192461,-0.211277181145226,0.0167637220537961,0.0087117689606144,0.0171883667092471,-0.730423194763484,0.0259537384046659,0.0412748463255072,0.166557758505235
199,0.0779578659017108,-1.20554468649275,-0.996404932005852,0.779697286136633,-0.213629624786665,0.018413378011259,0.0101623760583559,0.0191424015447689,-0.721482378648855,0.0255673965349042,0.0402599459301398,0.190204189753757,0.0779573756712532,-1.20554504737299,-0.996404905159191,0.779697366319148,-0.213629627539315,0.0184133779751257,0.010162422108808,0.0191423659698669,-0.721483843026226,0.0255687779161533,0.0402596344719763,0.190203977647684
200,0.100077497524999,-1.23906827581691,-0.996339851592405,0.767629884458766,-0.216101508888173,0.0199446850393675,0.0116340606030935,0.0210168003674152,-0.711325830775651,0.0251337057017915,0.0391424620708931,0.215134803893678,0.100076962041774,-1.23906867153234,-0.996339824105387,0.767629982932046,-0.21610148344768,0.0199446823466752,0.0116341884769976,0.021016746343993,-0.711327276983113,0.0251356004376864,0.0391420782060537,0.215135744313482
201,0.121992952076896,-1.27203923066465,-0.99627585896268,0.754358374550353,-0.21869308583165,0.0213481919924248,0.0131295940289592,0.0228019229795355,-0.699883145743791,0.0246502607895317,0.0379273334229047,0.241543765712625,0.121992375228994,-1.27203965936131,-0.996275831218268,0.754358487068029,-0.218693037044688,0.0213481882158245,0.0131298321099325,0.0228018450119794,-0.699884504804269,0.0246527276104292,0.037926885627343,0.241546308712769
202,0.143688055724334,-1.30440364079586,-0.996213042576452,0.739904081412563,-0.22140378609277,0.0226155859625071,0.0146518238458987,0.0244877874258911,-0.687075280968517,0.0241154126920849,0.0366198537977249,0.269641727136929,0.143687443597111,-1.30440409888334,-0.996213015036442,0.739904200956737,-0.22140371977763,0.0226155831152656,0.0146522027714873,0.0244876797144918,-0.687076460316827,0.0241184565841864,0.0366193688398257,0.269646364800568
203,0.165146772838546,-1.33610925855213,-0.996151484961405,0.7242897594619,-0.22423183909208,0.023739755097586,0.0162036679780684,0.0260640204147937,-0.67281220868987,0.0235273063561588,0.0352259638606018,0.299658591298753,0.165146134175967,-1.33610974018099,-0.996151458182708,0.724289875832776,-0.224231760792709,0.0237397555202599,0.0162042170659792,0.0260638776868563,-0.672813091707893,0.0235308401058314,0.0352254949519626,0.299665791923136
204,0.186353217630109,-1.3671056287678,-0.996091262494855,0.707539412546101,-0.227173830224326,0.0247148433240482,0.0177880837697986,0.0275197748842074,-0.656991922171809,0.0228838624070287,0.0337523170166346,0.331844985310172,0.186352564202155,-1.36710612530401,-0.996091237141173,0.707539512385522,-0.227173743013794,0.0247148494289578,0.0177888253640703,0.0275195936989422,-0.656992372002881,0.022887666588056,0.0337519501804364,0.331855087939087
205,0.207291665665127,-1.397344214119,-0.996032445213016,0.689678137591134,-0.230224133821054,0.0255362927430444,0.0194080174019452,0.0288436364997676,-0.639499383939134,0.0221827455936139,0.0322063657999895,0.366473161157289,0.207291012425954,-1.39734471370326,-0.996032422053489,0.68967820512561,-0.230224035272925,0.0255363065925793,0.0194089593605697,0.028843416958963,-0.639499253369619,0.022186441659239,0.0322062198720966,0.36648623827744
206,0.227946565261498,-1.42677851556367,-0.995975096651973,0.670732014623007,-0.233374190465362,0.0262008733095155,0.0210663259983427,0.0300235200085949,-0.620205454907122,0.0214213155153944,0.0305964730137406,0.403836924338454,0.227945930162909,-1.42677900288082,-0.995975076535123,0.670732033341519,-0.233374069461968,0.0262008960507948,0.0210674534736102,0.0300232675688634,-0.620204603187337,0.0214243734996466,0.0305966876518016,0.403852641670285
207,0.248302548732825,-1.45536418755156,-0.995919273721665,0.650728076494427,-0.236611591310939,0.0267066995039269,0.022765662516155,0.0310465579533708,-0.598965867564889,0.0205965639597191,0.0289320491940655,0.4442500182024,0.248301952068683,-1.45536464395943,-0.995919257512554,0.650728031746499,-0.236611426012213,0.0267067307580813,0.022766931299255,0.0310462847666919,-0.598964183042753,0.0205983654132107,0.0289327572111233,0.444267542772484
208,0.268344443398724,-1.483059147731,-0.995865026608149,0.629694406253517,-0.2399189271821,0.0270532338231802,0.0245083115638727,0.0318989865744575,-0.575620340325035,0.0197050610942661,0.0272237129158102,0.488042176209247,0.268343906615661,-1.48305955188845,-0.99586501508228,0.629694288367511,-0.23991868588139,0.0270532712177221,0.0245096459668199,0.031898711659898,-0.575617764996902,0.0197050206794039,0.0272250003483675,0.488060192371621
209,0.288057282227827,-1.5098236809444,-0.995812398690798,0.607660429685362,-0.243272357928889,0.0272412771069873,0.0262959625273667,0.0325660372827855,-0.549991976038493,0.0187429354944971,0.0254834716917248,0.535551789742225,0.288056826249896,-1.50982401001845,-0.99581239239246,0.607660236817911,-0.24327200409661,0.0272413161700609,0.0262972605929012,0.0325657849545115,-0.549988525790165,0.0187406669028881,0.0254853345425498,0.535568656709551
210,0.30742631394639,-1.53562053737726,-0.995761426456042,0.584657496131147,-0.246639859950374,0.0272729458737752,0.0281294056040929,0.0330318472696207,-0.521887148862861,0.0177059527882447,0.0237249112701207,0.587113786862887,0.307425957207288,-1.53562076879247,-0.99576142554803,0.584657235868201,-0.246639361325498,0.027272980509311,0.02813055237359,0.0330316438500826,-0.521882922645511,0.017701409951742,0.023727232253643,0.587127824888839
211,0.326437012463872,-1.5604150247735,-0.995712139392603,0.560719872831732,-0.249979120450103,0.0271516371632582,0.0300081352717592,0.0332794108134846,-0.491096163648152,0.0165896886693026,0.0219634049667079,0.643040910150773,0.326436768968658,-1.56041513831868,-0.995712143540106,0.560719561717683,-0.249978460131181,0.0271516607274779,0.0300090217539957,0.0332792804290356,-0.491091337239376,0.0165832312205169,0.0219659617694644,0.643050731395435
212,0.345075085545739,-1.5841750946309,-0.995664559866557,0.535886315935329,-0.2532350721371,0.0268819815442802,0.0319298446308358,0.0332906044977545,-0.457395074044007,0.015389804277793,0.0202163479968741,0.703596094411772,0.345074963334773,-1.58417507460679,-0.995664568200466,0.535885976723607,-0.253234258008164,0.0268819883037136,0.0319303876327453,0.033290565157144,-0.457389878850005,0.0153821463049773,0.0202188550130596,0.703600869882575
213,0.363326482776154,-1.60687142223863,-0.995618702994909,0.510202421598297,-0.256337110500908,0.0264697850399257,0.0338897955065633,0.0330463348345772,-0.420549168862879,0.0141023970235543,0.018503420331644,0.768953264653913,0.363326483104651,-1.606871259269,-0.995618714181941,0.510202078772158,-0.256336179355166,0.0264697715718193,0.0338899524950356,0.0330463959362564,-0.420543861075109,0.0140944478645798,0.0185055902666102,0.768952841576012
214,0.381177402957201,-1.62847748033297,-0.995574576550931,0.483723994057564,-0.259196120938072,0.0259219606731354,0.0358800556328589,0.0325268754674036,-0.380318769575346,0.0127243985030847,0.016846866635996,0.83914383443521,0.381177520344036,-1.62847717250512,-0.9955745889655,0.483723668738674,-0.259195135458703,0.0259219267069284,0.0358798305145096,0.032527037212208,-0.380313597674356,0.0127170595535874,0.016848466028725,0.839138683194248
215,0.398614301138355,-1.64896960607138,-0.995532180934641,0.456521675822089,-0.261701579643588,0.0252464501740093,0.0378886118751539,0.0317124807151188,-0.336468097691327,0.0112540428334914,0.0152717432080904,0.913986903074132,0.398614524236111,-1.64896915921074,-0.995532192894883,0.456521381360792,-0.261700618983389,0.0252463985741547,0.0378880509370709,0.0317127350890816,-0.336463275696653,0.0112480295807184,0.0152726249964501,0.913977939202015
216,0.415623895444812,-1.66832706099876,-0.995491509227801,0.428687036868089,-0.263719191025092,0.0244521363410656,0.039898402835503,0.0305843779536587,-0.288778017257748,0.00969144979928598,0.0138060545464962,0.99300319475148,0.41562420851388,-1.66832648806674,-0.995491519239576,0.428686776135173,-0.263718337836433,0.0244520722768591,0.0398975831802709,0.0305847105392807,-0.28877370805176,0.00968718854040987,0.0138061638676287,0.99299155372728
217,0.432193173801564,-1.68653208371419,-0.99545254733221,0.400340168123093,-0.265089782450891,0.0235487466798332,0.0418863687853852,0.029126244554372,-0.237063351827534,0.00803937100592236,0.0124806756266157,1.07531684165377,0.432193558483537,-1.68653140348679,-0.995452554286949,0.400339933004127,-0.265089109906606,0.0235486763299942,0.0418853832671858,0.0291266364835833,-0.237059661290425,0.00803698190024064,0.0124800364935287,1.07530367217843
218,0.448309400572282,-1.70356993502622,-0.995415274173415,0.371638511819458,-0.26563046054148,0.0225467492168256,0.0438226915364001,0.0273262512414855,-0.181195102992136,0.00630410989295444,0.0113289355274742,1.15955576768198,0.448309837660944,-1.7035691703168,-0.99541527746425,0.371638284831659,-0.265630022264012,0.0225466784645138,0.0438216341285618,0.0273266809340135,-0.181192082922863,0.00630345700299839,0.0113276297073057,1.15954208766369
219,0.463960123081967,-1.71942893547688,-0.995379661945189,0.342786137117715,-0.26513925618825,0.0214572416650843,0.0456704824642706,0.0251796832456813,-0.121127130168378,0.00449655655597013,0.0103857270784188,1.24377071819907,0.463960594058897,-1.71942811119535,-0.995379661490981,0.342785894626842,-0.265139080642298,0.0214571751414457,0.0456694367534627,0.0251801278997955,-0.121124786736985,0.00449733239449384,0.0103838736074164,1.24375733780183
220,0.479133177982244,-1.73410049519068,-0.995345676372946,0.314041933340358,-0.263404492768364,0.0202918352873363,0.0473862493227205,0.0226920146385874,-0.0569255995521037,0.00263318846573662,0.00968602034236462,1.32540330533966,0.479133666180573,-1.73409963649546,-0.995345672561865,0.314041649651713,-0.263404582254545,0.0202917759173314,0.0473852812813263,0.0226924515958771,-0.0569239042008435,0.00263500335527516,0.00968375910625163,1.3253908056047
221,0.493816697440738,-1.74757913604895,-0.995313276982333,0.2857243616782,-0.260219690973017,0.0190625348404078,0.0489214879421047,0.0198821052225338,0.0112021749229496,0.000736796055647944,0.00926271878917064,1.40134075857845,0.493817188792716,-1.74757826677549,-0.995313270560014,0.28572401323175,-0.260220024417173,0.0190624838528946,0.0489206428889798,0.019882513307067,0.0112032744692198,0.000739252889347007,0.00926019807880963,1.40132950751868
222,0.507999115174507,-1.7598625062021,-0.99528241736786,0.258209778319625,-0.255403781438474,0.0177816159354814,0.050225645492274,0.0167849439711127,0.0828846739833032,-0.00116337454405572,0.00914392731174579,1.46809254574596,0.5079995985679,-1.75986164766942,-0.995282409299104,0.258209347312559,-0.255404319730491,0.017781573188192,0.0502249484268442,0.01678530479973,0.0828852440152432,-0.00116062854959593,0.00914129395385514,1.4680827335459
223,0.521669172384686,-1.77095138691994,-0.995253045462448,0.231921396426818,-0.24882472049147,0.0164615010666502,0.0512504410833116,0.0134531621158254,0.157575314472009,-0.00303236585023698,0.00934989779443309,1.52210424658727,0.521669639694839,-1.77095055714416,-0.995253036792209,0.231920873354764,-0.248825413081735,0.0164614655123285,0.0512498993027361,0.0134534612839584,0.157575427543767,-0.00302961137849116,0.00934728909073625,1.52209592767826
224,0.534815923672853,-1.78084969175579,-0.995225103810993,0.207307185053208,-0.240422657184553,0.0151146354769636,0.0519551176695076,0.00995651282608045,0.234559974563133,-0.00483133107454911,0.00989013847798503,1.56018448682528,0.534816369554676,-1.78084890504653,-0.995225095543494,0.207306569887727,-0.24042344880153,0.0151146056274999,0.0519547246915079,0.00995674077150447,0.234559703743928,-0.00482876530998394,0.00988767315861464,1.56017761804851
225,0.547428743021232,-1.78956445797494,-0.995198529850587,0.184807564602292,-0.230227383452238,0.0137533639366666,0.0523117481463804,0.00637878479230575,0.312986636740206,-0.00652036293910552,0.0107613079525934,1.57997045331403,0.547429164546225,-1.78956372485709,-0.995198522857414,0.1848068665732,-0.230228220045658,0.0137533382465442,0.0523114880759506,0.0063789371863693,0.312986051638947,-0.00651810498864319,0.0107590807080005,1.57996492765645
226,0.559497329899545,-1.79710583018055,-0.995173256197809,0.164817088544157,-0.218364888605636,0.0123898094564798,0.0523094324033977,0.00281220191990028,0.391916247212166,-0.00806195568513655,0.0119464914452769,1.58031912529343,0.559497726113079,-1.79710515756782,-0.995173251158555,0.164816324681863,-0.21836572196008,0.0123897865856658,0.0523092840410302,0.0028122795542595,0.391915411491385,-0.00806005991716156,0.0119445695472164,1.58031479929918
227,0.571011715525069,-1.80348703606512,-0.995149210940402,0.147647086067753,-0.205049969952273,0.0110357548914246,0.0519563046390902,-0.000649901160999512,0.470388308293064,-0.00942444647843276,0.0134161814303919,1.56151112170856,0.57101208698348,-1.80348642761039,-0.99514920831424,0.147646278856805,-0.20505076069304,0.0110357338496181,0.0519562449339813,-0.000649892985017087,0.470387278329472,-0.00942291894131702,0.0134146036750598,1.56150783579656
228,0.581962269256165,-1.80872435423254,-0.995126317928439,0.133497000477094,-0.19056553551143,0.00970252839304015,0.0512787784156549,-0.00392075643440321,0.547490339337854,-0.0105847136273292,0.0151308533736697,1.52520282490813,0.581962617586639,-1.80872381078661,-0.995126317951757,0.133496175096194,-0.1905662544848,0.00970250858736355,0.0512787850592247,-0.0039208089094337,0.547489163702486,-0.0105835284562794,0.0151296317119697,1.52520041746979
229,0.592339705055235,-1.81283707407181,-0.995104497059166,0.122440213230499,-0.175232988272523,0.00840089371975823,0.050318215950013,-0.00692668332449935,0.622419132834846,-0.0115295962055078,0.0170446039074416,1.47414223782979,0.592340032566237,-1.8128365941931,-0.995104499762863,0.122439394861281,-0.175233616513941,0.00840087493376566,0.050318269066246,-0.0069267853572999,0.622417852326193,-0.0115287098001074,0.0170437272880406,1.47414055422211
230,0.602135087924317,-1.81584744771644,-0.995083664550157,0.114426205034442,-0.159380240472335,0.0071409464940473,0.0491258898479981,-0.00961132506661789,0.694524272428196,-0.0122558692026532,0.0191090859127156,1.41173619500101,0.602135397281464,-1.8158470281862,-0.995083669789919,0.114425416623577,-0.159380768132832,0.00714092882449071,0.0491259728690488,-0.00961146452271573,0.694522920455912,-0.0122552311155386,0.0191085255166525,1.41173509273211
231,0.611339840200987,-1.81778063418366,-0.995063733196976,0.109296704926962,-0.143313666344466,0.00593201755665924,0.0477574280539739,-0.0119371817958962,0.763329471941531,-0.0127689938588511,0.0212770150015712,1.34158763958469,0.61134013417326,-1.81778027049364,-0.995063740690441,0.109295965624284,-0.143314091004106,0.00593200132951279,0.0477575279519513,-0.0119373466068328,0.763328075116778,-0.012768554226655,0.0212767299703671,1.34158699085312
232,0.619945747604216,-1.81866463584842,-0.995044612613607,0.106810686935371,-0.127298128754367,0.00478258456950212,0.0462678239556009,-0.0138847312975152,0.828532746093479,-0.0130811089183402,0.0235047733984784,1.26710478622031,0.619946028878211,-1.81866432263897,-0.995044621979398,0.106810011261093,-0.127298453517217,0.00478257025122436,0.0462679310325041,-0.0138849103266779,0.828531324925796,-0.0130808228467003,0.0235047162823513,1.26710447868581
233,0.62794496493544,-1.81853022745911,-0.995026209455988,0.106672395987213,-0.111546364172881,0.0037001929443697,0.0447076939414288,-0.0154498795221547,0.889990330671854,-0.0132087771147861,0.0257539572771448,1.19123796166168,0.627945235990763,-1.81852995889472,-0.995026220250838,0.106671793648204,-0.111546595842964,0.00370018105932838,0.0447078013670986,-0.015450063148743,0.889988900307582,-0.0132086067242488,0.0257540786902261,1.1912378982886
234,0.635330021363308,-1.81741087794158,-0.995008427630576,0.10855764278971,-0.0962166702294627,0.00269138703939336,0.0431209992830942,-0.0166405989013405,0.94769085099915,-0.0131708955007747,0.0279919730024789,1.11635161257513,0.63533028439971,-1.81741064801859,-0.995008439382038,0.108557118992398,-0.0962168177483354,0.00269137809985947,0.0431211025352539,-0.0166407793349093,0.947689421935851,-0.0131708102762566,0.0279922251441327,1.11635170991913
235,0.642093825245539,-1.8153426652647,-0.994991168490894,0.112135474586256,-0.0814165837767984,0.00176165239662932,0.0415440910725838,-0.0174734746231571,1.00172581771398,-0.0129870066112111,0.0301919266388773,1.04420640681985,0.642094082151465,-1.81534246805118,-0.994991180724223,0.112135030669018,-0.081416657001081,0.00176164684885752,0.0415441873813776,-0.0174736459921857,1.00172439647047,-0.0129869829439128,0.0301922658542631,1.04420659430764
236,0.648229668463746,-1.81236418465613,-0.994974331025345,0.117084149042909,-0.0672100101444194,0.00091536962290113,0.0400057504812992,-0.0179706285264345,1.05226098405802,-0.0126760888968178,0.0323320797556476,0.976013687057652,0.648229920816172,-1.81236401446797,-0.994974343284059,0.11708378326889,-0.0672100189641311,0.000915367809544419,0.0400058383407698,-0.0179707868002418,1.05225957376945,-0.0126761089131036,0.0323324678986985,0.976013904322249
237,0.653731230264804,-1.80851645046481,-0.994957812039498,0.123101643572218,-0.0536256845130428,0.000155780352474172,0.0385278592387951,-0.0181572439233804,1.09951128362156,-0.0122557938094311,0.0343951012894986,0.91252656936036,0.653731479351138,-1.80851630198448,-0.994957823899796,0.123101351957335,-0.0536256382683519,0.000155782491321591,0.0385279380038985,-0.0181573867194286,1.09950988456201,-0.0122558445767832,0.0343955067426577,0.912526765836926
238,0.658592580614866,-1.80384279197034,-0.994941506335623,0.129911631989564,-0.0406655093905196,-0.000515034410478529,0.0371263879234772,-0.0180597324384659,1.14372052308754,-0.0117420457899492,0.036367280261797,0.854141108621227,0.658592827468979,-1.80384266031631,-0.994941517415311,0.129911409078145,-0.0406654165286229,-0.000515028235878848,0.0371264575100296,-0.0180598587772455,1.14371913312633,-0.0117421174902783,0.0363676773786881,0.854141241307929
239,0.662808183080121,-1.79838874344212,-0.994925306891693,0.13726608138813,-0.028311944933436,-0.00109616341029309,0.0358124767428308,-0.0177044774253615,1.18514593733812,-0.0111489016060092,0.0382377929028369,0.80099121022208,0.662808428525895,-1.79838862419707,-0.994925316854537,0.137265920935624,-0.0283118128307218,-0.00109615324982957,0.035812537422015,-0.0177045874718012,1.1851445523093,-0.0111489868823063,0.0382381619693217,0.800991242548132
240,0.666372897252725,-1.79220192875341,-0.994909105041574,0.144945552164469,-0.0165341082039718,-0.00158786167949881,0.0345934687936246,-0.0171170429615091,1.22404710829051,-0.0104885823481626,0.0399980735417576,0.753029352037277,0.666373141949756,-1.79220181795912,-0.994909113598035,0.144945447700619,-0.0165339431035088,-0.00158784770777901,0.034593521047655,-0.0171171377621865,1.22404572230693,-0.0104886755428977,0.039998400259739,0.753029252896669
241,0.669281980741925,-1.78533194085883,-0.994892790657437,0.152758082441635,-0.00529254433941999,-0.00199153457915716,0.033473822921145,-0.0163217309227093,1.26067849047416,-0.00977160571293803,0.0416413010156362,0.71009079824777,0.669282225229267,-1.78533183498538,-0.994892797562799,0.152758027708091,-0.00529235136183651,-0.00199151708164229,0.0334738673534989,-0.0163218121623916,1.26067709619623,-0.00977170220944193,0.0416415757977821,0.710090541293766
242,0.671531090750567,-1.77783021644883,-0.994876252334998,0.160537308038926,0.00545720190100547,-0.00230970953773998,0.0324558790900747,-0.0153413824069361,1.29528474743004,-0.00900696821170298,0.0431619948915875,0.67194217494026,0.671531335485469,-1.77783011234481,-0.99487625738578,0.160537297308605,0.00545741870497384,-0.00230968889409731,0.0324559163780855,-0.0153414521938779,1.29528333630619,-0.0090070639150503,0.0431622121695828,0.671941738291658
243,0.673116285256414,-1.76974990610071,-0.994859377581775,0.168140263663379,0.0157620172747511,-0.00254599580414301,0.0315404766336554,-0.014197340896848,1.32809818035831,-0.00820234418285304,0.0445557070255992,0.638316732712068,0.673116530645776,-1.76974980093061,-0.99485938061125,0.168140291955004,0.0157622548507736,-0.00254597247042405,0.0315405075121753,-0.0141974015773562,1.32809674286098,-0.0082024351176143,0.04455586466707,0.638316099170859
244,0.674034023816492,-1.76114574025307,-0.994842053008245,0.175445149451506,0.0256694462642603,-0.00270503264716352,0.0307274399535306,-0.0129095158744451,1.35933765464967,-0.00736428158974173,0.0458187912368853,0.608939019550697,0.67403427023939,-1.7611456314269,-0.994842053881695,0.17544521265441,0.0256697024713095,-0.00270500713779903,0.0307274652210594,-0.0129095698717333,1.35933618053639,-0.00736436358660467,0.0458188901548724,0.608938177471518
245,0.674281168011323,-1.7520738913376,-0.994824164521496,0.182349230246274,0.0352265235708851,-0.00279242654917451,0.0300159519147132,-0.0114965038814355,1.38920856074998,-0.00649838376967796,0.046948234521992,0.583541530453906,0.674281415831341,-1.75207377643748,-0.994824163131764,0.182349325169279,0.0352267970920382,-0.00279239941913205,0.0300159724559513,-0.0114965535490708,1.38920703938788,-0.0064984522210892,0.0469482785608529,0.583540475457183
246,0.673854981544609,-1.74259183241016,-0.994805597520794,0.188766955988521,0.0444790546258522,-0.00281467805415993,0.0294048359095626,-0.00997573831675619,1.41790346340118,-0.00560947231105272,0.0479415353695771,0.561875508732548,0.673855231110984,-1.74259170911814,-0.994805593784561,0.188767080343158,0.0444793448699212,-0.00281464988094028,0.0294048527302976,-0.00997578579246685,1.41790188420411,-0.00560952198971727,0.0479415315590647,0.56187424651439
247,0.672753130012722,-1.73275819263028,-0.994786237094296,0.1946283412481,0.0534712180758854,-0.00277909903811968,0.0288927657707201,-0.00836364979089894,1.44560319031455,-0.00470172993069499,0.0487966173173129,0.543717627776096,0.672753381649473,-1.7327580586617,-0.994786230949515,0.194628493571099,0.0534715250609446,-0.00277907040255043,0.0288927800421151,-0.0083636968317207,1.44560154335634,-0.00470175488312578,0.0487965766009348,0.543716178330692
248,0.670973680357307,-1.72263260994529,-0.994765968216059,0.199877611880464,0.0622453932924747,-0.00269372127150563,0.0284784198777104,-0.00667582627496661,1.47247818711906,-0.00377882432587332,0.0495117683736987,0.528873869206798,0.670973934339702,-1.72263246299285,-0.994765959620957,0.199877791393311,0.0622457174968468,-0.00269369273544055,0.0284784329869357,-0.00667587404909647,1.4724764640035,-0.00377881789095611,0.0495117069452715,0.528872272820757
249,0.668515100013357,-1.71227558134183,-0.994744675942388,0.204472110435213,0.070842140075696,-0.00256719723766398,0.0281605927536685,-0.00492716733075456,1.49869002241226,-0.0028440150194095,0.0500855990657541,0.517181567746825,0.668515356531336,-1.71227541903664,-0.994744664876536,0.204472316829064,0.0708424822364035,-0.00256716931518696,0.0281606063545152,-0.0049272161336846,1.49868821749763,-0.00284397012259902,0.050085540511832,0.517179893092324
250,0.665376255764168,-1.70174831103267,-0.994722245606513,0.208381444401228,0.0793002766268042,-0.00240869425168775,0.0279382745794536,-0.00313203002713174,1.52439296835656,-0.00190024637980951,0.0505170142937718,0.508510320075224,0.66537651487298,-1.70174813093087,-0.994722232074596,0.208381677524704,0.0793006374611236,-0.0024086673727981,0.0279382906453586,-0.00313207889446236,1.5243910804486,-0.00190015568126528,0.0505169921759909,0.508508674725317
251,0.661556412313809,-1.69111255695217,-0.994698563010636,0.211586859275971,0.087657016018431,-0.00222778300502637,0.0278107065765301,-0.00130436630437564,1.54973561192042,-0.000950227988142727,0.0508051938091004,0.502762247574653,0.661556673873092,-1.69111235655867,-0.99469854704966,0.211587118694356,0.087657395846885,-0.00222775746587869,0.0278107274421845,-0.00130441248171552,1.54973364654969,-0.000950085042503857,0.0508052555557314,0.502760790670598
252,0.657055230586635,-1.68043047593692,-0.994673514614439,0.214080819566437,0.09594813152876,-0.00203432171819031,0.0277774180854239,0.000542147129058766,1.57486247248406,3.49317251315765e-06,0.0509495803306469,0.499871947640495,0.657055494191043,-1.68043025278171,-0.994673496305212,0.214081103940388,0.095948529775254,-0.00203429761193056,0.0277774464520713,0.000542108897108092,1.5748604448556,3.69234673577722e-06,0.0509497914737048,0.499870903870181
