t,r_n,r_e,r_d,v_n,v_e,v_d,phi,theta,psi,p,q,r,T1,T2,T3,T4,u1,u2,u3,u4
0.000000000000e+00,1.000000000000e+00,0.000000000000e+00,-1.000000000000e+00,-0.000000000000e+00,4.986655005698e-01,0.000000000000e+00,2.534291972811e-02,1.551141915879e-18,1.570796326795e+00,-7.735009599364e-19,1.263628701293e-02,4.985053717956e-01,7.139203870136e-01,7.138931047489e-01,7.138931047489e-01,7.139203870136e-01,7.139203870136e-01,7.138931047488e-01,7.138931047489e-01,7.139203870137e-01
1.000000000000e-01,9.987569212189e-01,4.984588566065e-02,-1.000000000000e+00,-2.485642352435e-02,4.980456200672e-01,-7.483921310886e-16,2.534291972812e-02,-4.449284311026e-14,1.620662876852e+00,3.438712549926e-13,1.263628701190e-02,4.985053717956e-01,7.139203870136e-01,7.138931047488e-01,7.138931047489e-01,7.139203870137e-01,7.139203870136e-01,7.138931047489e-01,7.138931047488e-01,7.139203870136e-01
2.000000000000e-01,9.950307753654e-01,9.956784659574e-02,-1.000000000000e+00,-4.965105006341e-02,4.961875196801e-01,-6.931519539699e-16,2.534291972815e-02,-1.413084475330e-13,1.670529426909e+00,1.946628560183e-13,1.263628701230e-02,4.985053717956e-01,7.139203870136e-01,7.138931047489e-01,7.138931047488e-01,7.139203870136e-01,7.139203870136e-01,7.138931047489e-01,7.138931047488e-01,7.139203870136e-01
3.000000000000e-01,9.888308262251e-01,1.490422661761e-01,-1.000000000000e+00,-7.432223626892e-02,4.930958189387e-01,-1.054440754189e-16,2.534291972815e-02,-1.697106234175e-13,1.720395976966e+00,-2.475743575165e-14,1.263628701303e-02,4.985053717956e-01,7.139203870136e-01,7.138931047489e-01,7.138931047488e-01,7.139203870136e-01,7.139203870136e-01,7.138931047489e-01,7.138931047488e-01,7.139203870136e-01
4.000000000000e-01,9.801724878485e-01,1.981461431993e-01,-1.000000000000e+00,-9.880864568469e-02,4.887782042982e-01,4.192774577190e-16,2.534291972814e-02,-1.385161147260e-13,1.770262527023e+00,-1.078882936922e-13,1.263628701345e-02,4.985053717956e-01,7.139203870136e-01,7.138931047489e-01,7.138931047488e-01,7.139203870136e-01,7.139203870136e-01,7.138931047489e-01,7.138931047488e-01,7.139203870136e-01
5.000000000000e-01,9.690772862291e-01,2.467573976902e-01,-1.000000000000e+00,-1.230494012388e-01,4.832454100288e-01,6.147209449762e-16,2.534291972812e-02,-8.142913318520e-14,1.820129077080e+00,-9.089649556406e-14,1.263628701354e-02,4.985053717956e-01,7.139203870136e-01,7.138931047489e-01,7.138931047488e-01,7.139203870136e-01,7.139203870136e-01,7.138931047488e-01,7.138931047489e-01,7.139203870136e-01
6.000000000000e-01,9.555728057861e-01,2.947551744108e-01,-1.000000000000e+00,-1.469842365934e-01,4.765111915288e-01,4.472787990641e-16,2.534291972811e-02,-2.523308644483e-14,1.869995627137e+00,-3.825427037593e-14,1.263628701344e-02,4.985053717956e-01,7.139203870136e-01,7.138931047488e-01,7.138931047489e-01,7.139203870136e-01,7.139203870136e-01,7.138931047488e-01,7.138931047489e-01,7.139203870136e-01
7.000000000000e-01,9.396926207859e-01,3.420201433256e-01,-1.000000000000e+00,-1.705536459767e-01,4.685922911265e-01,1.819903233945e-16,2.534291972811e-02,1.621619880614e-14,1.919862177194e+00,7.956732134598e-15,1.263628701325e-02,4.985053717956e-01,7.139203870136e-01,7.138931047488e-01,7.138931047489e-01,7.139203870136e-01,7.139203870136e-01,7.138931047488e-01,7.138931047489e-01,7.139203870136e-01
8.000000000000e-01,9.214762118704e-01,3.884347962746e-01,-1.000000000000e+00,-1.936990321233e-01,4.595083964561e-01,-4.054483498826e-17,2.534291972811e-02,3.939903115395e-14,1.969728727251e+00,3.144661197213e-14,1.263628701308e-02,4.985053717956e-01,7.139203870136e-01,7.138931047488e-01,7.138931047489e-01,7.139203870136e-01,7.139203870136e-01,7.138931047488e-01,7.138931047489e-01,7.139203870136e-01
9.000000000000e-01,9.009688679024e-01,4.338837391175e-01,-1.000000000000e+00,-2.163628519564e-01,4.492820915109e-01,-2.340090386239e-16,2.534291972812e-02,4.692236446491e-14,2.019595277308e+00,3.349625622870e-14,1.263628701295e-02,4.985053717956e-01,7.139203870136e-01,7.138931047488e-01,7.138931047489e-01,7.139203870136e-01,7.139203870136e-01,7.138931047488e-01,7.138931047489e-01,7.139203870136e-01
1.000000000000e+00,8.782215733702e-01,4.782539786213e-01,-1.000000000000e+00,-2.384887596489e-01,4.379388004963e-01,-2.187848901256e-16,2.534291972812e-02,4.380137202571e-14,2.069461827365e+00,2.294809298170e-14,1.263628701287e-02,4.985053717956e-01,7.139203870136e-01,7.138931047488e-01,7.138931047489e-01,7.139203870136e-01,7.139203870136e-01,7.138931047489e-01,7.138931047489e-01,7.139203870136e-01
1.100000000000e+00,8.532908816321e-01,5.214352033795e-01,-1.000000000000e+00,-2.600217467082e-01,4.255067246211e-01,-1.514557955109e-16,2.534291972813e-02,3.508348448830e-14,2.119328377422e+00,8.401539890430e-15,1.263628701284e-02,4.985053717956e-01,7.139203870136e-01,7.138931047489e-01,7.138931047489e-01,7.139203870136e-01,7.139203870136e-01,7.138931047489e-01,7.138931047489e-01,7.139203870136e-01
1.200000000000e+00,8.262387743159e-01,5.633200580636e-01,-1.000000000000e+00,-2.809082787355e-01,4.120167719848e-01,-2.702391009720e-17,2.534291972813e-02,2.473066556686e-14,2.169194927479e+00,-4.275777993053e-15,1.263628701284e-02,4.985053717956e-01,7.139203870136e-01,7.138931047489e-01,7.138931047489e-01,7.139203870136e-01,7.139203870136e-01,7.138931047489e-01,7.138931047489e-01,7.139203870136e-01
1.300000000000e+00,7.971325072229e-01,6.038044103254e-01,-1.000000000000e+00,-3.010964285215e-01,3.975024807351e-01,1.587740368026e-16,2.534291972813e-02,1.526889980677e-14,2.219061477536e+00,-1.172523122834e-14,1.263628701286e-02,4.985053717956e-01,7.139203870136e-01,7.138931047489e-01,7.138931047489e-01,7.139203870136e-01,7.139203870136e-01,7.138931047489e-01,7.138931047489e-01,7.139203870136e-01
1.400000000000e+00,7.660444431189e-01,6.427876096865e-01,-1.000000000000e+00,-3.205360051447e-01,3.819999356869e-01,3.092789901837e-16,2.534291972813e-02,7.909808645360e-15,2.268928027593e+00,-1.421332342115e-14,1.263628701288e-02,4.985053717956e-01,7.139203870136e-01,7.138931047489e-01,7.138931047489e-01,7.139203870136e-01,7.139203870136e-01,7.138931047489e-01,7.138931047489e-01,7.139203870136e-01
1.500000000000e+00,7.330518718298e-01,6.801727377709e-01,-1.000000000000e+00,-3.391786787547e-01,3.655476786099e-01,4.549353380965e-16,2.534291972813e-02,2.916165780098e-15,2.318794577650e+00,-1.293502232391e-14,1.263628701290e-02,4.985053717956e-01,7.139203870136e-01,7.138931047489e-01,7.138931047489e-01,7.139203870136e-01,7.139203870136e-01,7.138931047489e-01,7.138931047489e-01,7.139203870136e-01
1.600000000000e+00,6.982368180860e-01,7.158668492597e-01,-1.000000000000e+00,-3.569781007277e-01,3.481866124074e-01,5.691430666016e-16,2.534291972813e-02,1.073862029266e-17,2.368661127707e+00,-9.408401792209e-15,1.263628701292e-02,4.985053717956e-01,7.139203870136e-01,7.138931047489e-01,7.138931047489e-01,7.139203870136e-01,7.139203870136e-01,7.138931047489e-01,7.138931047489e-01,7.139203870136e-01
1.700000000000e+00,6.616858375968e-01,7.497812029677e-01,-1.000000000000e+00,-3.738900188960e-01,3.299598994254e-01,6.909660215226e-16,2.534291972812e-02,-1.305165233243e-15,2.418527677764e+00,-5.699178084717e-15,1.263628701293e-02,4.985053717956e-01,7.139203870136e-01,7.138931047489e-01,7.138931047489e-01,7.139203870136e-01,7.139203870136e-01,7.138931047489e-01,7.138931047489e-01,7.139203870136e-01
1.800000000000e+00,6.234898018587e-01,7.818314824680e-01,-1.000000000000e+00,-3.898723875665e-01,3.109128541443e-01,7.778203734445e-16,2.534291972812e-02,-1.628870572591e-15,2.468394227821e+00,-2.067809221294e-15,1.263628701294e-02,4.985053717956e-01,7.139203870136e-01,7.138931047489e-01,7.138931047489e-01,7.139203870136e-01,7.139203870136e-01,7.138931047489e-01,7.138931047489e-01,7.139203870136e-01
1.900000000000e+00,5.837436722347e-01,8.119380057158e-01,-1.000000000000e+00,-4.048854720523e-01,2.910928305196e-01,8.415746999749e-16,2.534291972812e-02,-1.398524577131e-15,2.518260777878e+00,4.020587971749e-16,1.263628701295e-02,4.985053717956e-01,7.139203870136e-01,7.138931047489e-01,7.138931047489e-01,7.139203870136e-01,7.139203870136e-01,7.138931047489e-01,7.138931047489e-01,7.139203870136e-01
2.000000000000e+00,5.425462638657e-01,8.400259231507e-01,-1.000000000000e+00,-4.188919474599e-01,2.705491042531e-01,1.156773692188e-15,2.534291972812e-02,-9.762073046628e-16,2.568127327935e+00,1.937863079403e-15,1.263628701295e-02,4.985053717956e-01,7.139203870136e-01,7.138931047489e-01,7.138931047489e-01,7.139203870136e-01,7.139203870136e-01,7.138931047489e-01,7.138931047489e-01,7.139203870136e-01
2.100000000000e+00,5.000000000000e-01,8.660254037844e-01,-1.000000000000e+00,-4.318569914847e-01,2.493327502851e-01,1.296870470171e-15,2.534291972812e-02,-5.196479931540e-16,2.617993877991e+00,2.496950606526e-15,1.263628701295e-02,4.985053717956e-01,7.139203870136e-01,7.138931047489e-01,7.138931047489e-01,7.139203870136e-01,7.139203870136e-01,7.138931047489e-01,7.138931047489e-01,7.139203870136e-01
2.200000000000e+00,4.562106573531e-01,8.898718088114e-01,-1.000000000000e+00,-4.437483709843e-01,2.274965158145e-01,1.466777530983e-15,2.534291972812e-02,-1.476242486458e-16,2.667860428048e+00,2.230756209343e-15,1.263628701294e-02,4.985053717956e-01,7.139203870136e-01,7.138931047489e-01,7.138931047489e-01,7.139203870136e-01,7.139203870136e-01,7.138931047489e-01,7.138931047489e-01,7.139203870136e-01
2.300000000000e+00,4.112871031306e-01,9.115058523116e-01,-1.000000000000e+00,-4.545365221157e-01,2.050946891607e-01,1.583728969958e-15,2.534291972812e-02,1.028218268018e-16,2.717726978105e+00,1.784312012680e-15,1.263628701294e-02,4.985053717956e-01,7.139203870136e-01,7.138931047489e-01,7.138931047489e-01,7.139203870136e-01,7.139203870136e-01,7.138931047489e-01,7.138931047489e-01,7.139203870136e-01
2.400000000000e+00,3.653410243664e-01,9.308737486441e-01,-1.000000000000e+00,-4.641946238353e-01,1.821829647945e-01,1.736415687385e-15,2.534291972813e-02,2.391498349178e-16,2.767593528162e+00,1.182295677478e-15,1.263628701294e-02,4.985053717956e-01,7.139203870136e-01,7.138931047489e-01,7.138931047489e-01,7.139203870136e-01,7.139203870136e-01,7.138931047489e-01,7.138931047489e-01,7.139203870136e-01
2.500000000000e+00,3.184866502517e-01,9.479273461671e-01,-1.000000000000e+00,-4.726986645806e-01,1.588183048727e-01,1.843539677717e-15,2.534291972813e-02,2.916162323996e-16,2.817460078219e+00,6.294171967854e-16,1.263628701294e-02,4.985053717956e-01,7.139203870136e-01,7.138931047489e-01,7.138931047489e-01,7.139203870136e-01,7.139203870136e-01,7.138931047489e-01,7.138931047489e-01,7.139203870136e-01
2.600000000000e+00,2.708404681430e-01,9.626242469499e-01,-1.000000000000e+00,-4.800275019663e-01,1.350587976212e-01,1.820359260592e-15,2.534291972813e-02,2.873863348564e-16,2.867326628276e+00,3.230939040379e-16,1.263628701294e-02,4.985053717956e-01,7.139203870136e-01,7.138931047489e-01,7.138931047489e-01,7.139203870136e-01,7.139203870136e-01,7.138931047489e-01,7.138931047489e-01,7.139203870136e-01
2.700000000000e+00,2.225209339563e-01,9.749279121817e-01,-1.000000000000e+00,-4.861629153480e-01,1.109635129187e-01,1.706127111318e-15,2.534291972813e-02,2.462200980092e-16,2.917193178333e+00,-1.020889265041e-16,1.263628701294e-02,4.985053717956e-01,7.139203870136e-01,7.138931047489e-01,7.138931047489e-01,7.139203870136e-01,7.139203870136e-01,7.138931047489e-01,7.138931047489e-01,7.139203870136e-01
2.800000000000e+00,1.736481776669e-01,9.848077530121e-01,-1.000000000000e+00,-4.910896511212e-01,8.659235543938e-02,1.447960556526e-15,2.534291972813e-02,2.081355222995e-16,2.967059728390e+00,1.658511616492e-17,1.263628701294e-02,4.985053717956e-01,7.139203870136e-01,7.138931047489e-01,7.138931047489e-01,7.139203870136e-01,7.139203870136e-01,7.138931047489e-01,7.138931047489e-01,7.139203870136e-01
2.900000000000e+00,1.243437046475e-01,9.922392066001e-01,-1.000000000000e+00,-4.947954606446e-01,6.200591572079e-02,1.059020302272e-15,2.534291972813e-02,1.678733028114e-16,3.016926278447e+00,-2.129643569926e-16,1.263628701294e-02,4.985053717956e-01,7.139203870136e-01,7.138931047489e-01,7.138931047489e-01,7.139203870136e-01,7.139203870136e-01,7.138931047489e-01,7.138931047489e-01,7.139203870136e-01
3.000000000000e+00,7.473009358642e-02,9.972037971811e-01,-1.000000000000e+00,-4.972711306919e-01,3.726531952593e-02,6.406327566537e-16,2.534291972813e-02,1.148546271601e-16,3.066792828504e+00,3.694598456306e-17,1.263628701294e-02,4.985053717956e-01,7.139203870136e-01,7.138931047489e-01,7.138931047489e-01,7.139203870136e-01,7.139203870136e-01,7.138931047489e-01,7.138931047489e-01,7.139203870136e-01
3.100000000000e+00,2.493069173807e-02,9.996891820007e-01,-1.000000000000e+00,-4.985105063570e-01,1.243207587513e-02,1.598620858330e-16,2.534291972813e-02,7.605735130818e-17,3.116659378561e+00,3.760679828048e-16,1.263628701294e-02,4.985053717956e-01,7.139203870136e-01,7.138931047489e-01,7.138931047489e-01,7.139203870136e-01,7.139203870136e-01,7.138931047489e-01,7.138931047489e-01,7.139203870136e-01
3.200000000000e+00,-2.493069173807e-02,9.996891820007e-01,-1.000000000000e+00,-4.985105063570e-01,-1.243207587513e-02,-4.044188422806e-16,2.534291972813e-02,7.508531900290e-18,3.166525928618e+00,2.367712646246e-16,1.263628701294e-02,4.985053717956e-01,7.139203870136e-01,7.138931047489e-01,7.138931047489e-01,7.139203870136e-01,7.139203870136e-01,7.138931047489e-01,7.138931047489e-01,7.139203870136e-01
3.300000000000e+00,-7.473009358642e-02,9.972037971811e-01,-1.000000000000e+00,-4.972711306919e-01,-3.726531952593e-02,-9.175717674060e-16,2.534291972813e-02,-7.476849635978e-17,3.216392478675e+00,5.090355343740e-16,1.263628701294e-02,4.985053717956e-01,7.139203870136e-01,7.138931047489e-01,7.138931047489e-01,7.139203870136e-01,7.139203870136e-01,7.138931047489e-01,7.138931047489e-01,7.139203870136e-01
3.400000000000e+00,-1.243437046475e-01,9.922392066001e-01,-1.000000000000e+00,-4.947954606446e-01,-6.200591572079e-02,-1.368488912220e-15,2.534291972813e-02,-1.374110944252e-16,3.266259028732e+00,2.387906447336e-16,1.263628701294e-02,4.985053717956e-01,7.139203870136e-01,7.138931047489e-01,7.138931047489e-01,7.139203870136e-01,7.139203870136e-01,7.138931047489e-01,7.138931047489e-01,7.139203870136e-01
3.500000000000e+00,-1.736481776669e-01,9.848077530121e-01,-1.000000000000e+00,-4.910896511212e-01,-8.659235543938e-02,-1.814724070644e-15,2.534291972813e-02,-2.101994270094e-16,3.316125578789e+00,-3.242833763663e-17,1.263628701294e-02,4.985053717956e-01,7.139203870136e-01,7.138931047489e-01,7.138931047489e-01,7.139203870136e-01,7.139203870136e-01,7.138931047489e-01,7.138931047489e-01,7.139203870136e-01
3.600000000000e+00,-2.225209339563e-01,9.749279121817e-01,-1.000000000000e+00,-4.861629153480e-01,-1.109635129187e-01,-2.129322217182e-15,2.534291972813e-02,-2.473741612134e-16,3.365992128846e+00,-1.929041366140e-16,1.263628701294e-02,4.985053717956e-01,7.139203870136e-01,7.138931047489e-01,7.138931047489e-01,7.139203870136e-01,7.139203870136e-01,7.138931047489e-01,7.138931047489e-01,7.139203870136e-01
3.700000000000e+00,-2.708404681430e-01,9.626242469499e-01,-1.000000000000e+00,-4.800275019663e-01,-1.350587976212e-01,-2.342812409281e-15,2.534291972813e-02,-2.785021798258e-16,3.415858678903e+00,-6.380467022051e-16,1.263628701294e-02,4.985053717956e-01,7.139203870136e-01,7.138931047489e-01,7.138931047489e-01,7.139203870136e-01,7.139203870136e-01,7.138931047489e-01,7.138931047489e-01,7.139203870136e-01
3.800000000000e+00,-3.184866502517e-01,9.479273461671e-01,-1.000000000000e+00,-4.726986645806e-01,-1.588183048727e-01,-2.416214661447e-15,2.534291972813e-02,-2.831916770930e-16,3.465725228960e+00,-6.153364669314e-16,1.263628701294e-02,4.985053717956e-01,7.139203870136e-01,7.138931047489e-01,7.138931047489e-01,7.139203870136e-01,7.139203870136e-01,7.138931047489e-01,7.138931047489e-01,7.139203870136e-01
3.900000000000e+00,-3.653410243664e-01,9.308737486441e-01,-1.000000000000e+00,-4.641946238353e-01,-1.821829647945e-01,-2.476740928805e-15,2.534291972813e-02,-2.646758529326e-16,3.515591779017e+00,-6.984032456410e-16,1.263628701294e-02,4.985053717956e-01,7.139203870136e-01,7.138931047489e-01,7.138931047489e-01,7.139203870136e-01,7.139203870136e-01,7.138931047489e-01,7.138931047489e-01,7.139203870136e-01
4.000000000000e+00,-4.112871031306e-01,9.115058523116e-01,-1.000000000000e+00,-4.545365221157e-01,-2.050946891607e-01,-2.187643264409e-15,2.534291972813e-02,-2.612522408868e-16,3.565458329074e+00,-7.629808076025e-16,1.263628701294e-02,4.985053717956e-01,7.139203870136e-01,7.138931047489e-01,7.138931047489e-01,7.139203870136e-01,7.139203870136e-01,7.138931047489e-01,7.138931047489e-01,7.139203870136e-01
4.100000000000e+00,-4.562106573531e-01,8.898718088114e-01,-1.000000000000e+00,-4.437483709843e-01,-2.274965158145e-01,-2.016944026243e-15,2.534291972812e-02,-2.713173294280e-16,3.615324879131e+00,-7.237491579696e-16,1.263628701294e-02,4.985053717956e-01,7.139203870136e-01,7.138931047489e-01,7.138931047489e-01,7.139203870136e-01,7.139203870136e-01,7.138931047489e-01,7.138931047489e-01,7.139203870136e-01
4.200000000000e+00,-5.000000000000e-01,8.660254037844e-01,-1.000000000000e+00,-4.318569914847e-01,-2.493327502851e-01,-1.795462737173e-15,2.534291972812e-02,-2.481062678244e-16,3.665191429188e+00,-6.466247668377e-16,1.263628701294e-02,4.985053717956e-01,7.139203870136e-01,7.138931047489e-01,7.138931047489e-01,7.139203870136e-01,7.139203870136e-01,7.138931047489e-01,7.138931047489e-01,7.139203870136e-01
4.300000000000e+00,-5.425462638657e-01,8.400259231507e-01,-1.000000000000e+00,-4.188919474599e-01,-2.705491042531e-01,-1.661966072293e-15,2.534291972812e-02,-2.223462909700e-16,3.715057979245e+00,-4.586299859195e-16,1.263628701294e-02,4.985053717956e-01,7.139203870136e-01,7.138931047489e-01,7.138931047489e-01,7.139203870136e-01,7.139203870136e-01,7.138931047489e-01,7.138931047489e-01,7.139203870136e-01
4.400000000000e+00,-5.837436722347e-01,8.119380057158e-01,-1.000000000000e+00,-4.048854720523e-01,-2.910928305196e-01,-1.459539616206e-15,2.534291972812e-02,-1.657024461585e-16,3.764924529302e+00,-4.248612905589e-16,1.263628701294e-02,4.985053717956e-01,7.139203870136e-01,7.138931047489e-01,7.138931047489e-01,7.139203870136e-01,7.139203870136e-01,7.138931047489e-01,7.138931047489e-01,7.139203870136e-01
4.500000000000e+00,-6.234898018587e-01,7.818314824680e-01,-1.000000000000e+00,-3.898723875665e-01,-3.109128541443e-01,-1.226532323629e-15,2.534291972812e-02,-1.211367330720e-16,3.814791079359e+00,-1.639150662847e-16,1.263628701294e-02,4.985053717956e-01,7.139203870136e-01,7.138931047489e-01,7.138931047489e-01,7.139203870136e-01,7.139203870136e-01,7.138931047489e-01,7.138931047489e-01,7.139203870136e-01
4.600000000000e+00,-6.616858375968e-01,7.497812029677e-01,-1.000000000000e+00,-3.738900188960e-01,-3.299598994255e-01,-1.039818514750e-15,2.534291972812e-02,-6.625976550413e-17,3.864657629416e+00,8.513425761484e-18,1.263628701294e-02,4.985053717956e-01,7.139203870136e-01,7.138931047489e-01,7.138931047489e-01,7.139203870136e-01,7.139203870136e-01,7.138931047489e-01,7.138931047489e-01,7.139203870136e-01
4.700000000000e+00,-6.982368180860e-01,7.158668492597e-01,-1.000000000000e+00,-3.569781007277e-01,-3.481866124074e-01,-9.447620216246e-16,2.534291972812e-02,-1.024587377348e-17,3.914524179473e+00,4.667264565448e-17,1.263628701294e-02,4.985053717956e-01,7.139203870136e-01,7.138931047489e-01,7.138931047489e-01,7.139203870136e-01,7.139203870136e-01,7.138931047489e-01,7.138931047489e-01,7.139203870136e-01
4.800000000000e+00,-7.330518718298e-01,6.801727377709e-01,-1.000000000000e+00,-3.391786787547e-01,-3.655476786099e-01,-8.157204214464e-16,2.534291972812e-02,5.186631739645e-17,3.964390729530e+00,1.874399547049e-16,1.263628701294e-02,4.985053717956e-01,7.139203870136e-01,7.138931047489e-01,7.138931047489e-01,7.139203870136e-01,7.139203870136e-01,7.138931047489e-01,7.138931047489e-01,7.139203870136e-01
4.900000000000e+00,-7.660444431189e-01,6.427876096865e-01,-1.000000000000e+00,-3.205360051447e-01,-3.819999356869e-01,-7.428795953389e-16,2.534291972812e-02,1.068848294528e-16,4.014257279587e+00,1.323360489971e-16,1.263628701294e-02,4.985053717956e-01,7.139203870136e-01,7.138931047489e-01,7.138931047489e-01,7.139203870136e-01,7.139203870136e-01,7.138931047489e-01,7.138931047489e-01,7.139203870136e-01
5.000000000000e+00,-7.971325072229e-01,6.038044103254e-01,-1.000000000000e+00,-3.010964285214e-01,-3.975024807351e-01,-7.983601647781e-16,2.534291972812e-02,1.464979987635e-16,4.064123829644e+00,4.140787608852e-17,1.263628701294e-02,4.985053717956e-01,7.139203870136e-01,7.138931047489e-01,7.138931047489e-01,7.139203870136e-01,7.139203870136e-01,7.138931047489e-01,7.138931047489e-01,7.139203870136e-01
5.100000000000e+00,-8.262387743159e-01,5.633200580636e-01,-1.000000000000e+00,-2.809082787355e-01,-4.120167719848e-01,-8.344884064080e-16,2.534291972812e-02,1.980001267523e-16,4.113990379701e+00,3.842770568980e-16,1.263628701294e-02,4.985053717956e-01,7.139203870136e-01,7.138931047489e-01,7.138931047489e-01,7.139203870136e-01,7.139203870136e-01,7.138931047489e-01,7.138931047489e-01,7.139203870136e-01
5.200000000000e+00,-8.532908816321e-01,5.214352033795e-01,-1.000000000000e+00,-2.600217467082e-01,-4.255067246211e-01,-9.133870994837e-16,2.534291972812e-02,2.403830005725e-16,4.163856929758e+00,3.943484983491e-16,1.263628701294e-02,4.985053717956e-01,7.139203870136e-01,7.138931047489e-01,7.138931047489e-01,7.139203870136e-01,7.139203870136e-01,7.138931047489e-01,7.138931047489e-01,7.139203870136e-01
5.300000000000e+00,-8.782215733702e-01,4.782539786213e-01,-1.000000000000e+00,-2.384887596489e-01,-4.379388004962e-01,-1.083606433051e-15,2.534291972812e-02,2.800167745756e-16,4.213723479815e+00,5.057929819210e-16,1.263628701294e-02,4.985053717956e-01,7.139203870136e-01,7.138931047489e-01,7.138931047489e-01,7.139203870136e-01,7.139203870136e-01,7.138931047489e-01,7.138931047489e-01,7.139203870136e-01
5.400000000000e+00,-9.009688679023e-01,4.338837391175e-01,-1.000000000000e+00,-2.163628519563e-01,-4.492820915107e-01,-1.242885708553e-15,2.534291972812e-02,3.381078344630e-16,4.263590029872e+00,5.233270580561e-16,1.263628701294e-02,4.985053717956e-01,7.139203870136e-01,7.138931047489e-01,7.138931047489e-01,7.139203870136e-01,7.139203870136e-01,7.138931047489e-01,7.138931047489e-01,7.139203870136e-01
5.500000000000e+00,-9.214762118703e-01,3.884347962747e-01,-1.000000000000e+00,-1.936990321232e-01,-4.595083964559e-01,-1.403159807012e-15,2.534291972813e-02,3.713125973087e-16,4.313456579929e+00,5.715822288024e-16,1.263628701294e-02,4.985053717956e-01,7.139203870136e-01,7.138931047489e-01,7.138931047489e-01,7.139203870136e-01,7.139203870136e-01,7.138931047489e-01,7.138931047489e-01,7.139203870136e-01
5.600000000000e+00,-9.396926207858e-01,3.420201433256e-01,-1.000000000000e+00,-1.705536459766e-01,-4.685922911263e-01,-1.527466509052e-15,2.534291972813e-02,3.877150137843e-16,4.363323129986e+00,4.629041806222e-16,1.263628701294e-02,4.985053717956e-01,7.139203870136e-01,7.138931047489e-01,7.138931047489e-01,7.139203870136e-01,7.139203870136e-01,7.138931047489e-01,7.138931047489e-01,7.139203870136e-01
5.700000000000e+00,-9.555728057861e-01,2.947551744109e-01,-1.000000000000e+00,-1.469842365933e-01,-4.765111915286e-01,-1.532990424410e-15,2.534291972813e-02,3.846565181214e-16,4.413189680043e+00,6.811435519442e-16,1.263628701294e-02,4.985053717956e-01,7.139203870136e-01,7.138931047489e-01,7.138931047489e-01,7.139203870136e-01,7.139203870136e-01,7.138931047489e-01,7.138931047489e-01,7.139203870136e-01
5.800000000000e+00,-9.690772862290e-01,2.467573976903e-01,-1.000000000000e+00,-1.230494012386e-01,-4.832454100286e-01,-1.542027251913e-15,2.534291972813e-02,3.601349914525e-16,4.463056230100e+00,3.861016916435e-16,1.263628701294e-02,4.985053717956e-01,7.139203870136e-01,7.138931047489e-01,7.138931047489e-01,7.139203870136e-01,7.139203870136e-01,7.138931047489e-01,7.138931047489e-01,7.139203870136e-01
5.900000000000e+00,-9.801724878485e-01,1.981461431994e-01,-1.000000000000e+00,-9.880864568458e-02,-4.887782042981e-01,-1.331421122284e-15,2.534291972813e-02,3.242957325090e-16,4.512922780157e+00,4.041494561602e-16,1.263628701294e-02,4.985053717956e-01,7.139203870136e-01,7.138931047489e-01,7.138931047489e-01,7.139203870136e-01,7.139203870136e-01,7.138931047489e-01,7.138931047489e-01,7.139203870136e-01
6.000000000000e+00,-9.888308262251e-01,1.490422661762e-01,-1.000000000000e+00,-7.432223626886e-02,-4.930958189388e-01,-1.052344414895e-15,2.534291972813e-02,2.600545030050e-16,4.562789330214e+00,1.786750328593e-16,1.263628701294e-02,4.985053717956e-01,7.139203870136e-01,7.138931047489e-01,7.138931047489e-01,7.139203870136e-01,7.139203870136e-01,7.138931047489e-01,7.138931047489e-01,7.139203870136e-01
6.100000000000e+00,-9.950307753653e-01,9.956784659581e-02,-1.000000000000e+00,-4.965105006340e-02,-4.961875196803e-01,-6.093155808683e-16,2.534291972813e-02,1.957765826623e-16,4.612655880271e+00,-4.272771768618e-17,1.263628701294e-02,4.985053717956e-01,7.139203870136e-01,7.138931047489e-01,7.138931047489e-01,7.139203870136e-01,7.139203870136e-01,7.138931047489e-01,7.138931047489e-01,7.139203870136e-01
6.200000000000e+00,-9.987569212188e-01,4.984588566069e-02,-1.000000000000e+00,-2.485642352436e-02,-4.980456200676e-01,-1.143810386144e-16,2.534291972813e-02,1.119759670594e-16,4.662522430328e+00,2.818589950701e-17,1.263628701294e-02,4.985053717956e-01,7.139203870136e-01,7.138931047489e-01,7.138931047489e-01,7.139203870136e-01,7.139203870136e-01,7.138931047489e-01,7.138931047489e-01,7.139203870136e-01
6.300000000000e+00,-9.999999999999e-01,-2.116648283173e-16,-1.000000000000e+00,1.602979350372e-16,-4.986655005702e-01,3.789742756939e-16,2.534291972813e-02,4.711637649978e-17,4.712388980385e+00,5.744284619519e-17,1.263628701294e-02,4.985053717956e-01,7.139203870136e-01,7.138931047489e-01,7.138931047489e-01,7.139203870136e-01,7.139203870136e-01,7.138931047489e-01,7.138931047489e-01,7.139203870136e-01
6.400000000000e+00,-9.987569212188e-01,-4.984588566069e-02,-1.000000000000e+00,2.485642352436e-02,-4.980456200676e-01,9.551391950441e-16,2.534291972813e-02,-3.183106280880e-17,4.762255530442e+00,-4.570068125661e-17,1.263628701294e-02,4.985053717956e-01,7.139203870136e-01,7.138931047489e-01,7.138931047489e-01,7.139203870136e-01,7.139203870136e-01,7.138931047489e-01,7.138931047489e-01,7.139203870136e-01
6.500000000000e+00,-9.950307753653e-01,-9.956784659581e-02,-1.000000000000e+00,4.965105006340e-02,-4.961875196803e-01,1.449355463283e-15,2.534291972813e-02,-1.223620481425e-16,4.812122080499e+00,2.915785595134e-17,1.263628701294e-02,4.985053717956e-01,7.139203870136e-01,7.138931047489e-01,7.138931047489e-01,7.139203870136e-01,7.139203870136e-01,7.138931047489e-01,7.138931047489e-01,7.139203870136e-01
6.600000000000e+00,-9.888308262251e-01,-1.490422661762e-01,-1.000000000000e+00,7.432223626886e-02,-4.930958189388e-01,1.828596773377e-15,2.534291972813e-02,-2.133458438618e-16,4.861988630556e+00,-1.558857894751e-16,1.263628701294e-02,4.985053717956e-01,7.139203870136e-01,7.138931047489e-01,7.138931047489e-01,7.139203870136e-01,7.139203870136e-01,7.138931047489e-01,7.138931047489e-01,7.139203870136e-01
6.700000000000e+00,-9.801724878485e-01,-1.981461431994e-01,-1.000000000000e+00,9.880864568458e-02,-4.887782042981e-01,2.085440909409e-15,2.534291972813e-02,-2.690743393761e-16,4.911855180613e+00,-3.294242388476e-16,1.263628701294e-02,4.985053717956e-01,7.139203870136e-01,7.138931047489e-01,7.138931047489e-01,7.139203870136e-01,7.139203870136e-01,7.138931047489e-01,7.138931047489e-01,7.139203870136e-01
6.800000000000e+00,-9.690772862290e-01,-2.467573976903e-01,-1.000000000000e+00,1.230494012386e-01,-4.832454100286e-01,2.288052462339e-15,2.534291972813e-02,-3.245016870151e-16,4.961721730670e+00,-5.749512367232e-16,1.263628701294e-02,4.985053717956e-01,7.139203870136e-01,7.138931047489e-01,7.138931047489e-01,7.139203870136e-01,7.139203870136e-01,7.138931047489e-01,7.138931047489e-01,7.139203870136e-01
6.900000000000e+00,-9.555728057861e-01,-2.947551744109e-01,-1.000000000000e+00,1.469842365933e-01,-4.765111915286e-01,2.347621611826e-15,2.534291972813e-02,-3.582965942679e-16,5.011588280727e+00,-7.458430691862e-16,1.263628701294e-02,4.985053717956e-01,7.139203870136e-01,7.138931047489e-01,7.138931047489e-01,7.139203870136e-01,7.139203870136e-01,7.138931047489e-01,7.138931047489e-01,7.139203870136e-01
7.000000000000e+00,-9.396926207858e-01,-3.420201433256e-01,-1.000000000000e+00,1.705536459766e-01,-4.685922911263e-01,2.310962060972e-15,2.534291972813e-02,-3.804391632336e-16,5.061454830784e+00,-6.633930721085e-16,1.263628701294e-02,4.985053717956e-01,7.139203870136e-01,7.138931047489e-01,7.138931047489e-01,7.139203870136e-01,7.139203870136e-01,7.138931047489e-01,7.138931047489e-01,7.139203870136e-01
7.100000000000e+00,-9.214762118703e-01,-3.884347962747e-01,-1.000000000000e+00,1.936990321232e-01,-4.595083964559e-01,2.174502640515e-15,2.534291972813e-02,-3.890042840507e-16,5.111321380841e+00,-7.708047300089e-16,1.263628701294e-02,4.985053717956e-01,7.139203870136e-01,7.138931047489e-01,7.138931047489e-01,7.139203870136e-01,7.139203870136e-01,7.138931047489e-01,7.138931047489e-01,7.139203870136e-01
7.200000000000e+00,-9.009688679023e-01,-4.338837391175e-01,-1.000000000000e+00,2.163628519563e-01,-4.492820915107e-01,1.924174073274e-15,2.534291972812e-02,-3.909940009111e-16,5.161187930898e+00,-6.733048762123e-16,1.263628701294e-02,4.985053717956e-01,7.139203870136e-01,7.138931047489e-01,7.138931047489e-01,7.139203870136e-01,7.139203870136e-01,7.138931047489e-01,7.138931047489e-01,7.139203870136e-01
7.300000000000e+00,-8.782215733702e-01,-4.782539786213e-01,-1.000000000000e+00,2.384887596489e-01,-4.379388004962e-01,1.528261724907e-15,2.534291972812e-02,-3.439581529197e-16,5.211054480955e+00,-6.766546746232e-16,1.263628701294e-02,4.985053717956e-01,7.139203870136e-01,7.138931047489e-01,7.138931047489e-01,7.139203870136e-01,7.139203870136e-01,7.138931047489e-01,7.138931047489e-01,7.139203870136e-01
7.400000000000e+00,-8.532908816321e-01,-5.214352033795e-01,-1.000000000000e+00,2.600217467082e-01,-4.255067246211e-01,1.232665280624e-15,2.534291972812e-02,-2.589516661860e-16,5.260921031011e+00,-5.174343548222e-16,1.263628701294e-02,4.985053717956e-01,7.139203870136e-01,7.138931047489e-01,7.138931047489e-01,7.139203870136e-01,7.139203870136e-01,7.138931047489e-01,7.138931047489e-01,7.139203870136e-01
7.500000000000e+00,-8.262387743159e-01,-5.633200580636e-01,-1.000000000000e+00,2.809082787355e-01,-4.120167719848e-01,9.537674733653e-16,2.534291972812e-02,-2.011587946837e-16,5.310787581068e+00,-2.669671513415e-16,1.263628701294e-02,4.985053717956e-01,7.139203870136e-01,7.138931047489e-01,7.138931047489e-01,7.139203870136e-01,7.139203870136e-01,7.138931047489e-01,7.138931047489e-01,7.139203870136e-01
7.600000000000e+00,-7.971325072229e-01,-6.038044103254e-01,-1.000000000000e+00,3.010964285214e-01,-3.975024807351e-01,6.675097523532e-16,2.534291972812e-02,-1.588467034488e-16,5.360654131125e+00,-5.604527674117e-17,1.263628701294e-02,4.985053717956e-01,7.139203870136e-01,7.138931047489e-01,7.138931047489e-01,7.139203870136e-01,7.139203870136e-01,7.138931047489e-01,7.138931047489e-01,7.139203870136e-01
7.700000000000e+00,-7.660444431189e-01,-6.427876096865e-01,-1.000000000000e+00,3.205360051447e-01,-3.819999356869e-01,4.001359046672e-16,2.534291972812e-02,-9.360944824900e-17,5.410520681182e+00,1.225524611809e-17,1.263628701294e-02,4.985053717956e-01,7.139203870136e-01,7.138931047489e-01,7.138931047489e-01,7.139203870136e-01,7.139203870136e-01,7.138931047489e-01,7.138931047489e-01,7.139203870136e-01
7.800000000000e+00,-7.330518718298e-01,-6.801727377709e-01,-1.000000000000e+00,3.391786787547e-01,-3.655476786099e-01,1.982937572731e-16,2.534291972812e-02,-2.713383395499e-17,5.460387231239e+00,2.458293621544e-16,1.263628701294e-02,4.985053717956e-01,7.139203870136e-01,7.138931047489e-01,7.138931047489e-01,7.139203870136e-01,7.139203870136e-01,7.138931047489e-01,7.138931047489e-01,7.139203870136e-01
7.900000000000e+00,-6.982368180860e-01,-7.158668492597e-01,-1.000000000000e+00,3.569781007277e-01,-3.481866124074e-01,-4.565065035934e-17,2.534291972812e-02,2.445769229179e-17,5.510253781296e+00,1.330299258405e-16,1.263628701294e-02,4.985053717956e-01,7.139203870136e-01,7.138931047489e-01,7.138931047489e-01,7.139203870136e-01,7.139203870136e-01,7.138931047489e-01,7.138931047489e-01,7.139203870136e-01
8.000000000000e+00,-6.616858375968e-01,-7.497812029677e-01,-1.000000000000e+00,3.738900188960e-01,-3.299598994255e-01,-2.085691528231e-16,2.534291972812e-02,5.652707713601e-17,5.560120331353e+00,1.183673697467e-16,1.263628701294e-02,4.985053717956e-01,7.139203870136e-01,7.138931047489e-01,7.138931047489e-01,7.139203870136e-01,7.139203870136e-01,7.138931047489e-01,7.138931047489e-01,7.139203870136e-01
8.100000000000e+00,-6.234898018587e-01,-7.818314824680e-01,-1.000000000000e+00,3.898723875665e-01,-3.109128541443e-01,-4.304883890811e-16,2.534291972812e-02,9.669980719031e-17,5.609986881410e+00,1.023676305125e-16,1.263628701294e-02,4.985053717956e-01,7.139203870136e-01,7.138931047489e-01,7.138931047489e-01,7.139203870136e-01,7.139203870136e-01,7.138931047489e-01,7.138931047489e-01,7.139203870136e-01
8.200000000000e+00,-5.837436722347e-01,-8.119380057158e-01,-1.000000000000e+00,4.048854720523e-01,-2.910928305196e-01,-7.039227656642e-16,2.534291972812e-02,1.709362838058e-16,5.659853431467e+00,2.612082916951e-16,1.263628701294e-02,4.985053717956e-01,7.139203870136e-01,7.138931047489e-01,7.138931047489e-01,7.139203870136e-01,7.139203870136e-01,7.138931047489e-01,7.138931047489e-01,7.139203870136e-01
8.300000000000e+00,-5.425462638657e-01,-8.400259231507e-01,-1.000000000000e+00,4.188919474599e-01,-2.705491042531e-01,-1.056753353308e-15,2.534291972812e-02,2.397708232797e-16,5.709719981524e+00,1.771411995148e-16,1.263628701294e-02,4.985053717956e-01,7.139203870136e-01,7.138931047489e-01,7.138931047489e-01,7.139203870136e-01,7.139203870136e-01,7.138931047489e-01,7.138931047489e-01,7.139203870136e-01
8.400000000000e+00,-5.000000000000e-01,-8.660254037844e-01,-1.000000000000e+00,4.318569914847e-01,-2.493327502851e-01,-1.305896272216e-15,2.534291972812e-02,3.124735320625e-16,5.759586531581e+00,3.859289081671e-16,1.263628701294e-02,4.985053717956e-01,7.139203870136e-01,7.138931047489e-01,7.138931047489e-01,7.139203870136e-01,7.139203870136e-01,7.138931047489e-01,7.138931047489e-01,7.139203870136e-01
8.500000000000e+00,-4.562106573531e-01,-8.898718088114e-01,-1.000000000000e+00,4.437483709843e-01,-2.274965158145e-01,-1.512363800059e-15,2.534291972812e-02,3.288899645732e-16,5.809453081638e+00,5.816790732561e-16,1.263628701294e-02,4.985053717956e-01,7.139203870136e-01,7.138931047489e-01,7.138931047489e-01,7.139203870136e-01,7.139203870136e-01,7.138931047489e-01,7.138931047489e-01,7.139203870136e-01
8.600000000000e+00,-4.112871031306e-01,-9.115058523116e-01,-1.000000000000e+00,4.545365221157e-01,-2.050946891607e-01,-1.742606781209e-15,2.534291972813e-02,3.546355945456e-16,5.859319631695e+00,6.766291059476e-16,1.263628701294e-02,4.985053717956e-01,7.139203870136e-01,7.138931047489e-01,7.138931047489e-01,7.139203870136e-01,7.139203870136e-01,7.138931047489e-01,7.138931047489e-01,7.139203870136e-01
8.700000000000e+00,-3.653410243664e-01,-9.308737486441e-01,-1.000000000000e+00,4.641946238353e-01,-1.821829647945e-01,-1.861076459631e-15,2.534291972813e-02,3.619294246753e-16,5.909186181752e+00,8.056227855627e-16,1.263628701294e-02,4.985053717956e-01,7.139203870136e-01,7.138931047489e-01,7.138931047489e-01,7.139203870136e-01,7.139203870136e-01,7.138931047489e-01,7.138931047489e-01,7.139203870136e-01
8.800000000000e+00,-3.184866502517e-01,-9.479273461671e-01,-1.000000000000e+00,4.726986645806e-01,-1.588183048727e-01,-1.880589254624e-15,2.534291972813e-02,3.698205423114e-16,5.959052731809e+00,6.667120663789e-16,1.263628701294e-02,4.985053717956e-01,7.139203870136e-01,7.138931047489e-01,7.138931047489e-01,7.139203870136e-01,7.139203870136e-01,7.138931047489e-01,7.138931047489e-01,7.139203870136e-01
8.900000000000e+00,-2.708404681430e-01,-9.626242469499e-01,-1.000000000000e+00,4.800275019663e-01,-1.350587976212e-01,-1.784820461070e-15,2.534291972813e-02,3.171377382171e-16,6.008919281866e+00,7.398874697184e-16,1.263628701294e-02,4.985053717956e-01,7.139203870136e-01,7.138931047489e-01,7.138931047489e-01,7.139203870136e-01,7.139203870136e-01,7.138931047489e-01,7.138931047489e-01,7.139203870136e-01
9.000000000000e+00,-2.225209339563e-01,-9.749279121817e-01,-1.000000000000e+00,4.861629153480e-01,-1.109635129187e-01,-1.628374510309e-15,2.534291972813e-02,2.519299155918e-16,6.058785831923e+00,4.871861391799e-16,1.263628701294e-02,4.985053717956e-01,7.139203870136e-01,7.138931047489e-01,7.138931047489e-01,7.139203870136e-01,7.139203870136e-01,7.138931047489e-01,7.138931047489e-01,7.139203870136e-01
9.100000000000e+00,-1.736481776669e-01,-9.848077530121e-01,-1.000000000000e+00,4.910896511212e-01,-8.659235543938e-02,-1.344681644622e-15,2.534291972813e-02,1.757050554337e-16,6.108652381980e+00,2.731499271718e-16,1.263628701294e-02,4.985053717956e-01,7.139203870136e-01,7.138931047489e-01,7.138931047489e-01,7.139203870136e-01,7.139203870136e-01,7.138931047489e-01,7.138931047489e-01,7.139203870136e-01
9.200000000000e+00,-1.243437046475e-01,-9.922392066001e-01,-1.000000000000e+00,4.947954606446e-01,-6.200591572079e-02,-9.397245438959e-16,2.534291972813e-02,1.347891511311e-16,6.158518932037e+00,6.645388841315e-17,1.263628701294e-02,4.985053717956e-01,7.139203870136e-01,7.138931047489e-01,7.138931047489e-01,7.139203870136e-01,7.139203870136e-01,7.138931047489e-01,7.138931047489e-01,7.139203870136e-01
9.300000000000e+00,-7.473009358642e-02,-9.972037971811e-01,-1.000000000000e+00,4.972711306919e-01,-3.726531952593e-02,-4.450768556617e-16,2.534291972813e-02,9.048659772044e-17,6.208385482094e+00,-8.530752328912e-17,1.263628701294e-02,4.985053717956e-01,7.139203870136e-01,7.138931047489e-01,7.138931047489e-01,7.139203870136e-01,7.139203870136e-01,7.138931047489e-01,7.138931047489e-01,7.139203870136e-01
9.400000000000e+00,-2.493069173807e-02,-9.996891820007e-01,-1.000000000000e+00,4.985105063570e-01,-1.243207587513e-02,5.574051388357e-17,2.534291972813e-02,3.368694410327e-17,6.258252032151e+00,-1.308721104609e-16,1.263628701294e-02,4.985053717956e-01,7.139203870136e-01,7.138931047489e-01,7.138931047489e-01,7.139203870136e-01,7.139203870136e-01,7.138931047489e-01,7.138931047489e-01,7.139203870136e-01
9.500000000000e+00,2.493069173807e-02,-9.996891820007e-01,-1.000000000000e+00,4.985105063570e-01,1.243207587513e-02,6.776879319461e-16,2.534291972813e-02,-1.043882619648e-17,6.308118582208e+00,-1.350602985788e-16,1.263628701294e-02,4.985053717956e-01,7.139203870136e-01,7.138931047489e-01,7.138931047489e-01,7.139203870136e-01,7.139203870136e-01,7.138931047489e-01,7.138931047489e-01,7.139203870136e-01
9.600000000000e+00,7.473009358642e-02,-9.972037971811e-01,-1.000000000000e+00,4.972711306919e-01,3.726531952593e-02,1.196065034028e-15,2.534291972813e-02,-4.816103545763e-17,6.357985132265e+00,4.033203016999e-17,1.263628701294e-02,4.985053717956e-01,7.139203870136e-01,7.138931047489e-01,7.138931047489e-01,7.139203870136e-01,7.139203870136e-01,7.138931047489e-01,7.138931047489e-01,7.139203870136e-01
9.700000000000e+00,1.243437046475e-01,-9.922392066001e-01,-1.000000000000e+00,4.947954606446e-01,6.200591572079e-02,1.746787500311e-15,2.534291972813e-02,-1.157696386356e-16,6.407851682322e+00,-2.049488328332e-16,1.263628701294e-02,4.985053717956e-01,7.139203870136e-01,7.138931047489e-01,7.138931047489e-01,7.139203870136e-01,7.139203870136e-01,7.138931047489e-01,7.138931047489e-01,7.139203870136e-01
9.800000000000e+00,1.736481776669e-01,-9.848077530121e-01,-1.000000000000e+00,4.910896511212e-01,8.659235543938e-02,2.128950335214e-15,2.534291972813e-02,-1.856591638263e-16,6.457718232379e+00,-3.355757712374e-16,1.263628701294e-02,4.985053717956e-01,7.139203870136e-01,7.138931047489e-01,7.138931047489e-01,7.139203870136e-01,7.139203870136e-01,7.138931047489e-01,7.138931047489e-01,7.139203870136e-01
9.900000000000e+00,2.225209339563e-01,-9.749279121817e-01,-1.000000000000e+00,4.861629153480e-01,1.109635129187e-01,2.401018052591e-15,2.534291972813e-02,-2.607851296725e-16,6.507584782436e+00,-4.909979801529e-16,1.263628701294e-02,4.985053717956e-01,7.139203870136e-01,7.138931047489e-01,7.138931047489e-01,7.139203870136e-01,7.139203870136e-01,7.138931047489e-01,7.138931047489e-01,7.139203870136e-01
1.000000000000e+01,2.708404681430e-01,-9.626242469499e-01,-1.000000000000e+00,4.800275019663e-01,1.350587976212e-01,2.564518712049e-15,2.534291972813e-02,-2.998761259734e-16,6.557451332493e+00,-5.977960063738e-16,1.263628701294e-02,4.985053717956e-01,7.139203870136e-01,7.138931047489e-01,7.138931047489e-01,7.139203870136e-01,7.139203870136e-01,7.138931047489e-01,7.138931047489e-01,7.139203870136e-01
1.010000000000e+01,3.184866502517e-01,-9.479273461671e-01,-1.000000000000e+00,4.726986645806e-01,1.588183048727e-01,2.649534041521e-15,2.534291972813e-02,-3.164104616655e-16,6.607317882550e+00,-4.978776306209e-16,1.263628701294e-02,4.985053717956e-01,7.139203870136e-01,7.138931047489e-01,7.138931047489e-01,7.139203870136e-01,7.139203870136e-01,7.138931047489e-01,7.138931047489e-01,7.139203870136e-01
1.020000000000e+01,3.653410243664e-01,-9.308737486441e-01,-1.000000000000e+00,4.641946238353e-01,1.821829647945e-01,2.583579315571e-15,2.534291972813e-02,-3.436915701139e-16,6.657184432607e+00,-5.784085833671e-16,1.263628701294e-02,4.985053717956e-01,7.139203870136e-01,7.138931047489e-01,7.138931047489e-01,7.139203870136e-01,7.139203870136e-01,7.138931047489e-01,7.138931047489e-01,7.139203870136e-01
1.030000000000e+01,4.112871031306e-01,-9.115058523116e-01,-1.000000000000e+00,4.545365221157e-01,2.050946891607e-01,2.394348643025e-15,2.534291972813e-02,-3.594013544091e-16,6.707050982664e+00,-3.827598824929e-16,1.263628701294e-02,4.985053717956e-01,7.139203870136e-01,7.138931047489e-01,7.138931047489e-01,7.139203870136e-01,7.139203870136e-01,7.138931047489e-01,7.138931047489e-01,7.139203870136e-01
1.040000000000e+01,4.562106573531e-01,-8.898718088114e-01,-1.000000000000e+00,4.437483709843e-01,2.274965158145e-01,2.147411824898e-15,2.534291972812e-02,-3.447020852602e-16,6.756917532721e+00,-3.386151229650e-16,1.263628701294e-02,4.985053717956e-01,7.139203870136e-01,7.138931047489e-01,7.138931047489e-01,7.139203870136e-01,7.139203870136e-01,7.138931047489e-01,7.138931047489e-01,7.139203870136e-01
1.050000000000e+01,5.000000000000e-01,-8.660254037844e-01,-1.000000000000e+00,4.318569914847e-01,2.493327502851e-01,1.865096122733e-15,2.534291972812e-02,-3.134115123879e-16,6.806784082778e+00,-3.045146300207e-16,1.263628701294e-02,4.985053717956e-01,7.139203870136e-01,7.138931047489e-01,7.138931047489e-01,7.139203870136e-01,7.139203870136e-01,7.138931047489e-01,7.138931047489e-01,7.139203870136e-01
1.060000000000e+01,5.425462638657e-01,-8.400259231507e-01,-1.000000000000e+00,4.188919474599e-01,2.705491042531e-01,1.511922035144e-15,2.534291972812e-02,-2.587476031183e-16,6.856650632835e+00,-4.521789159035e-16,1.263628701294e-02,4.985053717956e-01,7.139203870136e-01,7.138931047489e-01,7.138931047489e-01,7.139203870136e-01,7.139203870136e-01,7.138931047489e-01,7.138931047489e-01,7.139203870136e-01
1.070000000000e+01,5.837436722347e-01,-8.119380057158e-01,-1.000000000000e+00,4.048854720523e-01,2.910928305196e-01,1.201642154962e-15,2.534291972812e-02,-1.949294949788e-16,6.906517182892e+00,-2.054817553749e-16,1.263628701294e-02,4.985053717956e-01,7.139203870136e-01,7.138931047489e-01,7.138931047489e-01,7.139203870136e-01,7.139203870136e-01,7.138931047489e-01,7.138931047489e-01,7.139203870136e-01
1.080000000000e+01,6.234898018587e-01,-7.818314824680e-01,-1.000000000000e+00,3.898723875665e-01,3.109128541443e-01,9.451883574628e-16,2.534291972812e-02,-1.485274164519e-16,6.956383732949e+00,-2.426815999154e-16,1.263628701294e-02,4.985053717956e-01,7.139203870136e-01,7.138931047489e-01,7.138931047489e-01,7.139203870136e-01,7.139203870136e-01,7.138931047489e-01,7.138931047489e-01,7.139203870136e-01
1.090000000000e+01,6.616858375968e-01,-7.497812029677e-01,-1.000000000000e+00,3.738900188960e-01,3.299598994255e-01,6.348861549712e-16,2.534291972812e-02,-1.020336418496e-16,7.006250283006e+00,-1.144805547200e-16,1.263628701294e-02,4.985053717956e-01,7.139203870136e-01,7.138931047489e-01,7.138931047489e-01,7.139203870136e-01,7.139203870136e-01,7.138931047489e-01,7.138931047489e-01,7.139203870136e-01
1.100000000000e+01,6.982368180860e-01,-7.158668492597e-01,-1.000000000000e+00,3.569781007277e-01,3.481866124074e-01,3.502428999776e-16,2.534291972812e-02,-3.098412647127e-17,7.056116833063e+00,-5.727435507656e-17,1.263628701294e-02,4.985053717956e-01,7.139203870136e-01,7.138931047489e-01,7.138931047489e-01,7.139203870136e-01,7.139203870136e-01,7.138931047489e-01,7.138931047489e-01,7.139203870136e-01
1.110000000000e+01,7.330518718298e-01,-6.801727377709e-01,-1.000000000000e+00,3.391786787547e-01,3.655476786099e-01,1.318280563037e-16,2.534291972812e-02,4.114283965936e-17,7.105983383120e+00,-6.984653746639e-17,1.263628701294e-02,4.985053717956e-01,7.139203870136e-01,7.138931047489e-01,7.138931047489e-01,7.139203870136e-01,7.139203870136e-01,7.138931047489e-01,7.138931047489e-01,7.139203870136e-01
1.120000000000e+01,7.660444431189e-01,-6.427876096865e-01,-1.000000000000e+00,3.205360051447e-01,3.819999356869e-01,-8.681341519256e-17,2.534291972812e-02,1.027997015107e-16,7.155849933177e+00,1.596227565106e-18,1.263628701294e-02,4.985053717956e-01,7.139203870136e-01,7.138931047489e-01,7.138931047489e-01,7.139203870136e-01,7.139203870136e-01,7.138931047489e-01,7.138931047489e-01,7.139203870136e-01
1.130000000000e+01,7.971325072229e-01,-6.038044103254e-01,-1.000000000000e+00,3.010964285214e-01,3.975024807351e-01,-4.155540320076e-16,2.534291972812e-02,1.653822022953e-16,7.205716483234e+00,1.994435156940e-17,1.263628701294e-02,4.985053717956e-01,7.139203870136e-01,7.138931047489e-01,7.138931047489e-01,7.139203870136e-01,7.139203870136e-01,7.138931047489e-01,7.138931047489e-01,7.139203870136e-01
1.140000000000e+01,8.262387743159e-01,-5.633200580636e-01,-1.000000000000e+00,2.809082787355e-01,4.120167719848e-01,-6.907579925128e-16,2.534291972812e-02,2.285627002247e-16,7.255583033291e+00,4.202324116935e-16,1.263628701294e-02,4.985053717956e-01,7.139203870136e-01,7.138931047489e-01,7.138931047489e-01,7.139203870136e-01,7.139203870136e-01,7.138931047489e-01,7.138931047489e-01,7.139203870136e-01
1.150000000000e+01,8.532908816321e-01,-5.214352033795e-01,-1.000000000000e+00,2.600217467082e-01,4.255067246211e-01,-1.015583267542e-15,2.534291972812e-02,2.829189535862e-16,7.305449583348e+00,4.615154090469e-16,1.263628701294e-02,4.985053717956e-01,7.139203870136e-01,7.138931047489e-01,7.138931047489e-01,7.139203870136e-01,7.139203870136e-01,7.138931047489e-01,7.138931047489e-01,7.139203870136e-01
1.160000000000e+01,8.782215733702e-01,-4.782539786213e-01,-1.000000000000e+00,2.384887596489e-01,4.379388004962e-01,-1.272299964559e-15,2.534291972812e-02,3.587792407610e-16,7.355316133405e+00,5.977441039017e-16,1.263628701294e-02,4.985053717956e-01,7.139203870136e-01,7.138931047489e-01,7.138931047489e-01,7.139203870136e-01,7.139203870136e-01,7.138931047489e-01,7.138931047489e-01,7.139203870136e-01
1.170000000000e+01,9.009688679023e-01,-4.338837391175e-01,-1.000000000000e+00,2.163628519563e-01,4.492820915107e-01,-1.463822587586e-15,2.534291972812e-02,4.114301189313e-16,7.405182683462e+00,5.456496640839e-16,1.263628701294e-02,4.985053717956e-01,7.139203870136e-01,7.138931047489e-01,7.138931047489e-01,7.139203870136e-01,7.139203870136e-01,7.138931047489e-01,7.138931047489e-01,7.139203870136e-01
1.180000000000e+01,9.214762118703e-01,-3.884347962747e-01,-1.000000000000e+00,1.936990321232e-01,4.595083964559e-01,-1.622196773977e-15,2.534291972813e-02,4.348796557195e-16,7.455049233519e+00,7.020408963630e-16,1.263628701294e-02,4.985053717956e-01,7.139203870136e-01,7.138931047489e-01,7.138931047489e-01,7.139203870136e-01,7.139203870136e-01,7.138931047489e-01,7.138931047489e-01,7.139203870136e-01
1.190000000000e+01,9.396926207858e-01,-3.420201433256e-01,-1.000000000000e+00,1.705536459766e-01,4.685922911263e-01,-1.734114027857e-15,2.534291972813e-02,4.246421786481e-16,7.504915783576e+00,6.058774341813e-16,1.263628701294e-02,4.985053717956e-01,7.139203870136e-01,7.138931047489e-01,7.138931047489e-01,7.139203870136e-01,7.139203870136e-01,7.138931047489e-01,7.138931047489e-01,7.139203870136e-01
1.200000000000e+01,9.555728057861e-01,-2.947551744109e-01,-1.000000000000e+00,1.469842365933e-01,4.765111915286e-01,-1.795622067487e-15,2.534291972813e-02,3.804613744924e-16,7.554782333633e+00,7.156667443723e-16,1.263628701294e-02,4.985053717956e-01,7.139203870136e-01,7.138931047489e-01,7.138931047489e-01,7.139203870136e-01,7.139203870136e-01,7.138931047489e-01,7.138931047489e-01,7.139203870136e-01
1.210000000000e+01,9.690772862290e-01,-2.467573976903e-01,-1.000000000000e+00,1.230494012386e-01,4.832454100286e-01,-1.793489763187e-15,2.534291972813e-02,3.545669454563e-16,7.604648883690e+00,4.343338106727e-16,1.263628701294e-02,4.985053717956e-01,7.139203870136e-01,7.138931047489e-01,7.138931047489e-01,7.139203870136e-01,7.139203870136e-01,7.138931047489e-01,7.138931047489e-01,7.139203870136e-01
1.220000000000e+01,9.801724878485e-01,-1.981461431994e-01,-1.000000000000e+00,9.880864568458e-02,4.887782042981e-01,-1.671525502143e-15,2.534291972813e-02,3.127339938144e-16,7.654515433747e+00,3.623955658527e-16,1.263628701294e-02,4.985053717956e-01,7.139203870136e-01,7.138931047489e-01,7.138931047489e-01,7.139203870136e-01,7.139203870136e-01,7.138931047489e-01,7.138931047489e-01,7.139203870136e-01
1.230000000000e+01,9.888308262251e-01,-1.490422661762e-01,-1.000000000000e+00,7.432223626886e-02,4.930958189388e-01,-1.335902927626e-15,2.534291972813e-02,2.136668991333e-16,7.704381983804e+00,2.221774020761e-16,1.263628701294e-02,4.985053717956e-01,7.139203870136e-01,7.138931047489e-01,7.138931047489e-01,7.139203870136e-01,7.139203870136e-01,7.138931047489e-01,7.138931047489e-01,7.139203870136e-01
1.240000000000e+01,9.950307753653e-01,-9.956784659581e-02,-1.000000000000e+00,4.965105006340e-02,4.961875196803e-01,-1.005424976656e-15,2.534291972813e-02,1.361520360483e-16,7.754248533861e+00,-9.374914413602e-17,1.263628701294e-02,4.985053717956e-01,7.139203870136e-01,7.138931047489e-01,7.138931047489e-01,7.139203870136e-01,7.139203870136e-01,7.138931047489e-01,7.138931047489e-01,7.139203870136e-01
1.250000000000e+01,9.987569212188e-01,-4.984588566069e-02,-1.000000000000e+00,2.485642352436e-02,4.980456200676e-01,-5.304745101358e-16,2.534291972813e-02,7.451545205575e-17,7.804115083918e+00,-2.521948194356e-18,1.263628701294e-02,4.985053717956e-01,7.139203870136e-01,7.138931047489e-01,7.138931047489e-01,7.139203870136e-01,7.139203870136e-01,7.138931047489e-01,7.138931047489e-01,7.139203870136e-01
1.260000000000e+01,9.999999999999e-01,4.634470543771e-16,-1.000000000000e+00,-2.192734165502e-16,4.986655005702e-01,-3.951044956321e-19,2.534291972813e-02,3.501489399563e-17,7.853981633974e+00,1.017326420777e-16,1.263628701294e-02,4.985053717956e-01,7.139203870136e-01,7.138931047489e-01,7.138931047489e-01,7.139203870136e-01,7.139203870136e-01,7.138931047489e-01,7.138931047489e-01,7.139203870136e-01
1.270000000000e+01,9.987569212188e-01,4.984588566069e-02,-1.000000000000e+00,-2.485642352436e-02,4.980456200676e-01,5.579406424835e-16,2.534291972813e-02,-2.100848161160e-17,7.903848184031e+00,9.932737386309e-18,1.263628701294e-02,4.985053717956e-01,7.139203870136e-01,7.138931047489e-01,7.138931047489e-01,7.139203870136e-01,7.139203870136e-01,7.138931047489e-01,7.138931047489e-01,7.139203870136e-01
1.280000000000e+01,9.950307753653e-01,9.956784659581e-02,-1.000000000000e+00,-4.965105006340e-02,4.961875196803e-01,9.610820911303e-16,2.534291972813e-02,-9.869542920264e-17,7.953714734088e+00,-1.302482187690e-16,1.263628701294e-02,4.985053717956e-01,7.139203870136e-01,7.138931047489e-01,7.138931047489e-01,7.139203870136e-01,7.139203870136e-01,7.138931047489e-01,7.138931047489e-01,7.139203870136e-01
1.290000000000e+01,9.888308262251e-01,1.490422661762e-01,-1.000000000000e+00,-7.432223626886e-02,4.930958189388e-01,1.334065529060e-15,2.534291972813e-02,-1.847272483415e-16,8.003581284145e+00,-9.893183854830e-18,1.263628701294e-02,4.985053717956e-01,7.139203870136e-01,7.138931047489e-01,7.138931047489e-01,7.139203870136e-01,7.139203870136e-01,7.138931047489e-01,7.138931047489e-01,7.139203870136e-01
1.300000000000e+01,9.801724878485e-01,1.981461431994e-01,-1.000000000000e+00,-9.880864568458e-02,4.887782042981e-01,1.598647581336e-15,2.534291972813e-02,-2.513815585603e-16,8.053447834202e+00,-3.327857671436e-16,1.263628701294e-02,4.985053717956e-01,7.139203870136e-01,7.138931047489e-01,7.138931047489e-01,7.139203870136e-01,7.139203870136e-01,7.138931047489e-01,7.138931047489e-01,7.139203870136e-01
1.310000000000e+01,9.690772862290e-01,2.467573976903e-01,-1.000000000000e+00,-1.230494012386e-01,4.832454100286e-01,1.854348174784e-15,2.534291972813e-02,-2.904798545313e-16,8.103314384259e+00,-5.152070028941e-16,1.263628701294e-02,4.985053717956e-01,7.139203870136e-01,7.138931047489e-01,7.138931047489e-01,7.139203870136e-01,7.139203870136e-01,7.138931047489e-01,7.138931047489e-01,7.139203870136e-01
1.320000000000e+01,9.555728057861e-01,2.947551744109e-01,-1.000000000000e+00,-1.469842365933e-01,4.765111915286e-01,1.936525464205e-15,2.534291972813e-02,-3.382315874521e-16,8.153180934316e+00,-6.087393193151e-16,1.263628701294e-02,4.985053717956e-01,7.139203870136e-01,7.138931047489e-01,7.138931047489e-01,7.139203870136e-01,7.139203870136e-01,7.138931047489e-01,7.138931047489e-01,7.139203870136e-01
1.330000000000e+01,9.396926207858e-01,3.420201433256e-01,-1.000000000000e+00,-1.705536459766e-01,4.685922911263e-01,1.786028465202e-15,2.534291972813e-02,-3.775926267623e-16,8.203047484373e+00,-5.804637415282e-16,1.263628701294e-02,4.985053717956e-01,7.139203870136e-01,7.138931047489e-01,7.138931047489e-01,7.139203870136e-01,7.139203870136e-01,7.138931047489e-01,7.138931047489e-01,7.139203870136e-01
1.340000000000e+01,9.214762118703e-01,3.884347962747e-01,-1.000000000000e+00,-1.936990321232e-01,4.595083964559e-01,1.716500614644e-15,2.534291972813e-02,-3.779803184631e-16,8.252914034430e+00,-5.984966912388e-16,1.263628701294e-02,4.985053717956e-01,7.139203870136e-01,7.138931047489e-01,7.138931047489e-01,7.139203870136e-01,7.139203870136e-01,7.138931047489e-01,7.138931047489e-01,7.139203870136e-01
1.350000000000e+01,9.009688679023e-01,4.338837391175e-01,-1.000000000000e+00,-2.163628519563e-01,4.492820915107e-01,1.521827100909e-15,2.534291972812e-02,-3.594366665632e-16,8.302780584487e+00,-4.899324549980e-16,1.263628701294e-02,4.985053717956e-01,7.139203870136e-01,7.138931047489e-01,7.138931047489e-01,7.139203870136e-01,7.139203870136e-01,7.138931047489e-01,7.138931047489e-01,7.139203870136e-01
1.360000000000e+01,8.782215733702e-01,4.782539786213e-01,-1.000000000000e+00,-2.384887596489e-01,4.379388004962e-01,1.344814792269e-15,2.534291972812e-02,-3.480204729438e-16,8.352647134544e+00,-6.391879442764e-16,1.263628701294e-02,4.985053717956e-01,7.139203870136e-01,7.138931047489e-01,7.138931047489e-01,7.139203870136e-01,7.139203870136e-01,7.138931047489e-01,7.138931047489e-01,7.139203870136e-01
1.370000000000e+01,8.532908816321e-01,5.214352033795e-01,-1.000000000000e+00,-2.600217467082e-01,4.255067246211e-01,1.125404336262e-15,2.534291972812e-02,-2.837178412974e-16,8.402513684601e+00,-4.015868575128e-16,1.263628701294e-02,4.985053717956e-01,7.139203870136e-01,7.138931047489e-01,7.138931047489e-01,7.139203870136e-01,7.139203870136e-01,7.138931047489e-01,7.138931047489e-01,7.139203870136e-01
1.380000000000e+01,8.262387743159e-01,5.633200580636e-01,-1.000000000000e+00,-2.809082787355e-01,4.120167719848e-01,8.212911252986e-16,2.534291972812e-02,-2.230872449325e-16,8.452380234658e+00,-4.025917704691e-16,1.263628701294e-02,4.985053717956e-01,7.139203870136e-01,7.138931047489e-01,7.138931047489e-01,7.139203870136e-01,7.139203870136e-01,7.138931047489e-01,7.138931047489e-01,7.139203870136e-01
1.390000000000e+01,7.971325072229e-01,6.038044103254e-01,-1.000000000000e+00,-3.010964285214e-01,3.975024807351e-01,5.492505640643e-16,2.534291972812e-02,-1.514632011243e-16,8.502246784715e+00,-1.415601768587e-16,1.263628701294e-02,4.985053717956e-01,7.139203870136e-01,7.138931047489e-01,7.138931047489e-01,7.139203870136e-01,7.139203870136e-01,7.138931047489e-01,7.138931047489e-01,7.139203870136e-01
1.400000000000e+01,7.660444431189e-01,6.427876096865e-01,-1.000000000000e+00,-3.205360051447e-01,3.819999356869e-01,2.863057358156e-16,2.534291972812e-02,-7.852483592710e-17,8.552113334772e+00,4.297816400229e-17,1.263628701294e-02,4.985053717956e-01,7.139203870136e-01,7.138931047489e-01,7.138931047489e-01,7.139203870136e-01,7.139203870136e-01,7.138931047489e-01,7.138931047489e-01,7.139203870136e-01
1.410000000000e+01,7.330518718298e-01,6.801727377709e-01,-1.000000000000e+00,-3.391786787547e-01,3.655476786099e-01,8.530920219581e-17,2.534291972812e-02,-8.910940777964e-18,8.601979884829e+00,1.977870265228e-16,1.263628701294e-02,4.985053717956e-01,7.139203870136e-01,7.138931047489e-01,7.138931047489e-01,7.139203870136e-01,7.139203870136e-01,7.138931047489e-01,7.138931047489e-01,7.139203870136e-01
1.420000000000e+01,6.982368180860e-01,7.158668492597e-01,-1.000000000000e+00,-3.569781007277e-01,3.481866124074e-01,-2.155936003556e-16,2.534291972812e-02,4.055475353338e-17,8.651846434886e+00,4.296816362915e-18,1.263628701294e-02,4.985053717956e-01,7.139203870136e-01,7.138931047489e-01,7.138931047489e-01,7.139203870136e-01,7.139203870136e-01,7.138931047489e-01,7.138931047489e-01,7.139203870136e-01
1.430000000000e+01,6.616858375968e-01,7.497812029677e-01,-1.000000000000e+00,-3.738900188960e-01,3.299598994255e-01,-3.750830068875e-16,2.534291972812e-02,8.650480750212e-17,8.701712984943e+00,1.327282988569e-16,1.263628701294e-02,4.985053717956e-01,7.139203870136e-01,7.138931047489e-01,7.138931047489e-01,7.139203870136e-01,7.139203870136e-01,7.138931047489e-01,7.138931047489e-01,7.139203870136e-01
1.440000000000e+01,6.234898018587e-01,7.818314824680e-01,-1.000000000000e+00,-3.898723875665e-01,3.109128541443e-01,-6.136681674660e-16,2.534291972812e-02,1.448411295376e-16,8.751579535000e+00,1.662528833936e-16,1.263628701294e-02,4.985053717956e-01,7.139203870136e-01,7.138931047489e-01,7.138931047489e-01,7.139203870136e-01,7.139203870136e-01,7.138931047489e-01,7.138931047489e-01,7.139203870136e-01
1.450000000000e+01,5.837436722347e-01,8.119380057158e-01,-1.000000000000e+00,-4.048854720523e-01,2.910928305196e-01,-7.950641792015e-16,2.534291972812e-02,1.886115936885e-16,8.801446085057e+00,2.794421963142e-16,1.263628701294e-02,4.985053717956e-01,7.139203870136e-01,7.138931047489e-01,7.138931047489e-01,7.139203870136e-01,7.139203870136e-01,7.138931047489e-01,7.138931047489e-01,7.139203870136e-01
1.460000000000e+01,5.425462638657e-01,8.400259231507e-01,-1.000000000000e+00,-4.188919474599e-01,2.705491042531e-01,-1.090004385926e-15,2.534291972812e-02,2.177533633530e-16,8.851312635114e+00,3.874513014504e-16,1.263628701294e-02,4.985053717956e-01,7.139203870136e-01,7.138931047489e-01,7.138931047489e-01,7.139203870136e-01,7.139203870136e-01,7.138931047489e-01,7.138931047489e-01,7.139203870136e-01
1.470000000000e+01,5.000000000000e-01,8.660254037844e-01,-1.000000000000e+00,-4.318569914847e-01,2.493327502851e-01,-1.323796208000e-15,2.534291972812e-02,2.475622044649e-16,8.901179185171e+00,4.211070622613e-16,1.263628701294e-02,4.985053717956e-01,7.139203870136e-01,7.138931047489e-01,7.138931047489e-01,7.139203870136e-01,7.139203870136e-01,7.138931047489e-01,7.138931047489e-01,7.139203870136e-01
1.480000000000e+01,4.562106573531e-01,8.898718088114e-01,-1.000000000000e+00,-4.437483709843e-01,2.274965158145e-01,-1.605812410935e-15,2.534291972812e-02,3.032843746775e-16,8.951045735228e+00,4.645942081424e-16,1.263628701294e-02,4.985053717956e-01,7.139203870136e-01,7.138931047489e-01,7.138931047489e-01,7.139203870136e-01,7.139203870136e-01,7.138931047489e-01,7.138931047489e-01,7.139203870136e-01
1.490000000000e+01,4.112871031306e-01,9.115058523116e-01,-1.000000000000e+00,-4.545365221157e-01,2.050946891607e-01,-1.784264244476e-15,2.534291972813e-02,3.424895833137e-16,9.000912285285e+00,6.270134928221e-16,1.263628701294e-02,4.985053717956e-01,7.139203870136e-01,7.138931047489e-01,7.138931047489e-01,7.139203870136e-01,7.139203870136e-01,7.138931047489e-01,7.138931047489e-01,7.139203870136e-01
1.500000000000e+01,3.653410243664e-01,9.308737486441e-01,-1.000000000000e+00,-4.641946238353e-01,1.821829647945e-01,-1.817865247711e-15,2.534291972813e-02,3.570504488606e-16,9.050778835342e+00,6.198569655124e-16,1.263628701294e-02,4.985053717956e-01,7.139203870136e-01,7.138931047489e-01,7.138931047489e-01,7.139203870136e-01,7.139203870136e-01,7.138931047489e-01,7.138931047489e-01,7.139203870136e-01
1.510000000000e+01,3.184866502517e-01,9.479273461671e-01,-1.000000000000e+00,-4.726986645806e-01,1.588183048727e-01,-1.876114028355e-15,2.534291972813e-02,3.676624171297e-16,9.100645385399e+00,5.748938686715e-16,1.263628701294e-02,4.985053717956e-01,7.139203870136e-01,7.138931047489e-01,7.138931047489e-01,7.139203870136e-01,7.139203870136e-01,7.138931047489e-01,7.138931047489e-01,7.139203870136e-01
1.520000000000e+01,2.708404681430e-01,9.626242469499e-01,-1.000000000000e+00,-4.800275019663e-01,1.350587976212e-01,-1.885158935080e-15,2.534291972813e-02,3.553791505003e-16,9.150511935456e+00,6.088275269488e-16,1.263628701294e-02,4.985053717956e-01,7.139203870136e-01,7.138931047489e-01,7.138931047489e-01,7.139203870136e-01,7.139203870136e-01,7.138931047489e-01,7.138931047489e-01,7.139203870136e-01
1.530000000000e+01,2.225209339563e-01,9.749279121817e-01,-1.000000000000e+00,-4.861629153480e-01,1.109635129187e-01,-1.633274956307e-15,2.534291972813e-02,3.063594172700e-16,9.200378485513e+00,4.300045009970e-16,1.263628701294e-02,4.985053717956e-01,7.139203870136e-01,7.138931047489e-01,7.138931047489e-01,7.139203870136e-01,7.139203870136e-01,7.138931047489e-01,7.138931047489e-01,7.139203870136e-01
1.540000000000e+01,1.736481776669e-01,9.848077530121e-01,-1.000000000000e+00,-4.910896511212e-01,8.659235543938e-02,-1.347299049576e-15,2.534291972813e-02,2.553013776234e-16,9.250245035570e+00,2.633072359310e-16,1.263628701294e-02,4.985053717956e-01,7.139203870136e-01,7.138931047489e-01,7.138931047489e-01,7.139203870136e-01,7.139203870136e-01,7.138931047489e-01,7.138931047489e-01,7.139203870136e-01
1.550000000000e+01,1.243437046475e-01,9.922392066001e-01,-1.000000000000e+00,-4.947954606446e-01,6.200591572079e-02,-8.450328637963e-16,2.534291972813e-02,2.019554217436e-16,9.300111585627e+00,2.496970636396e-16,1.263628701294e-02,4.985053717956e-01,7.139203870136e-01,7.138931047489e-01,7.138931047489e-01,7.139203870136e-01,7.139203870136e-01,7.138931047489e-01,7.138931047489e-01,7.139203870136e-01
1.560000000000e+01,7.473009358642e-02,9.972037971811e-01,-1.000000000000e+00,-4.972711306919e-01,3.726531952593e-02,-2.623909510564e-16,2.534291972813e-02,1.199728269879e-16,9.349978135684e+00,-1.363963745644e-16,1.263628701294e-02,4.985053717956e-01,7.139203870136e-01,7.138931047489e-01,7.138931047489e-01,7.139203870136e-01,7.139203870136e-01,7.138931047489e-01,7.138931047489e-01,7.139203870136e-01
1.570000000000e+01,2.493069173807e-02,9.996891820007e-01,-1.000000000000e+00,-4.985105063570e-01,1.243207587513e-02,2.447304395072e-16,2.534291972813e-02,2.585359531352e-17,9.399844685741e+00,-1.184115834058e-16,1.263628701294e-02,4.985053717956e-01,7.139203870136e-01,7.138931047489e-01,7.138931047489e-01,7.139203870136e-01,7.139203870136e-01,7.138931047489e-01,7.138931047489e-01,7.139203870136e-01
1.580000000000e+01,-2.493069173807e-02,9.996891820007e-01,-1.000000000000e+00,-4.985105063570e-01,-1.243207587513e-02,1.022535207511e-15,2.534291972813e-02,-5.442700479177e-17,9.449711235798e+00,-2.428063402232e-16,1.263628701294e-02,4.985053717956e-01,7.139203870136e-01,7.138931047489e-01,7.138931047489e-01,7.139203870136e-01,7.139203870136e-01,7.138931047489e-01,7.138931047489e-01,7.139203870136e-01
1.590000000000e+01,-7.473009358642e-02,9.972037971811e-01,-1.000000000000e+00,-4.972711306919e-01,-3.726531952593e-02,1.605978440969e-15,2.534291972813e-02,-1.623085127726e-16,9.499577785855e+00,-1.346929498900e-16,1.263628701294e-02,4.985053717956e-01,7.139203870136e-01,7.138931047489e-01,7.138931047489e-01,7.139203870136e-01,7.139203870136e-01,7.138931047489e-01,7.138931047489e-01,7.139203870136e-01
1.600000000000e+01,-1.243437046475e-01,9.922392066001e-01,-1.000000000000e+00,-4.947954606446e-01,-6.200591572079e-02,2.825875027331e-15,2.534291972813e-02,-2.631374292918e-16,9.549444335912e+00,-1.552244335805e-16,1.263628701294e-02,4.985053717956e-01,7.139203870136e-01,7.138931047489e-01,7.138931047489e-01,7.139203870136e-01,7.139203870136e-01,7.138931047489e-01,7.138931047489e-01,7.139203870136e-01
1.610000000000e+01,-1.736481776669e-01,9.848077530121e-01,-1.000000000000e+00,-4.910896511212e-01,-8.659235543938e-02,2.661989141553e-15,2.534291972813e-02,-3.402976383562e-16,9.599310885969e+00,-2.648620490860e-16,1.263628701294e-02,4.985053717956e-01,7.139203870136e-01,7.138931047489e-01,7.138931047489e-01,7.139203870136e-01,7.139203870136e-01,7.138931047489e-01,7.138931047489e-01,7.139203870136e-01
1.620000000000e+01,-2.225209339563e-01,9.749279121817e-01,-1.000000000000e+00,-4.861629153480e-01,-1.109635129187e-01,2.770107299920e-15,2.534291972813e-02,-3.462378389851e-16,9.649177436026e+00,-4.740750158164e-16,1.263628701294e-02,4.985053717956e-01,7.139203870136e-01,7.138931047489e-01,7.138931047489e-01,7.139203870136e-01,7.139203870136e-01,7.138931047489e-01,7.138931047489e-01,7.139203870136e-01
1.630000000000e+01,-2.708404681430e-01,9.626242469499e-01,-1.000000000000e+00,-4.800275019663e-01,-1.350587976212e-01,2.899418385352e-15,2.534291972813e-02,-3.382692361760e-16,9.699043986083e+00,-4.389283670712e-16,1.263628701294e-02,4.985053717956e-01,7.139203870136e-01,7.138931047489e-01,7.138931047489e-01,7.139203870136e-01,7.139203870136e-01,7.138931047489e-01,7.138931047489e-01,7.139203870136e-01
1.640000000000e+01,-3.184866502517e-01,9.479273461671e-01,-1.000000000000e+00,-4.726986645806e-01,-1.588183048727e-01,2.955321875774e-15,2.534291972813e-02,-3.205569928283e-16,9.748910536140e+00,-5.392233462422e-16,1.263628701294e-02,4.985053717956e-01,7.139203870136e-01,7.138931047489e-01,7.138931047489e-01,7.139203870136e-01,7.139203870136e-01,7.138931047489e-01,7.138931047489e-01,7.139203870136e-01
1.650000000000e+01,-3.653410243664e-01,9.308737486441e-01,-1.000000000000e+00,-4.641946238353e-01,-1.821829647945e-01,2.835668806383e-15,2.534291972813e-02,-2.834517435826e-16,9.798777086197e+00,-5.932010608587e-16,1.263628701294e-02,4.985053717956e-01,7.139203870136e-01,7.138931047489e-01,7.138931047489e-01,7.139203870136e-01,7.139203870136e-01,7.138931047489e-01,7.138931047489e-01,7.139203870136e-01
1.660000000000e+01,-4.112871031306e-01,9.115058523116e-01,-1.000000000000e+00,-4.545365221157e-01,-2.050946891607e-01,2.649018416317e-15,2.534291972813e-02,-2.592736841663e-16,9.848643636254e+00,-4.234828941822e-16,1.263628701294e-02,4.985053717956e-01,7.139203870136e-01,7.138931047489e-01,7.138931047489e-01,7.139203870136e-01,7.139203870136e-01,7.138931047489e-01,7.138931047489e-01,7.139203870136e-01
1.670000000000e+01,-4.562106573531e-01,8.898718088114e-01,-1.000000000000e+00,-4.437483709843e-01,-2.274965158145e-01,2.356132020338e-15,2.534291972812e-02,-2.624258204022e-16,9.898510186311e+00,-3.486942657080e-16,1.263628701294e-02,4.985053717956e-01,7.139203870136e-01,7.138931047489e-01,7.138931047489e-01,7.139203870136e-01,7.139203870136e-01,7.138931047489e-01,7.138931047489e-01,7.139203870136e-01
1.680000000000e+01,-5.000000000000e-01,8.660254037844e-01,-1.000000000000e+00,-4.318569914847e-01,-2.493327502851e-01,2.050905180879e-15,2.534291972812e-02,-2.444603056864e-16,9.948376736368e+00,-4.019423557647e-16,1.263628701294e-02,4.985053717956e-01,7.139203870136e-01,7.138931047489e-01,7.138931047489e-01,7.139203870136e-01,7.139203870136e-01,7.138931047489e-01,7.138931047489e-01,7.139203870136e-01
1.690000000000e+01,-5.425462638657e-01,8.400259231507e-01,-1.000000000000e+00,-4.188919474599e-01,-2.705491042531e-01,1.648732872351e-15,2.534291972812e-02,-2.190393791358e-16,9.998243286425e+00,-3.163518943650e-16,1.263628701294e-02,4.985053717956e-01,7.139203870136e-01,7.138931047489e-01,7.138931047489e-01,7.139203870136e-01,7.139203870136e-01,7.138931047489e-01,7.138931047489e-01,7.139203870136e-01
1.700000000000e+01,-5.837436722347e-01,8.119380057158e-01,-1.000000000000e+00,-4.048854720523e-01,-2.910928305196e-01,1.240985188335e-15,2.534291972812e-02,-1.923273165792e-16,1.004810983648e+01,-3.378091054532e-16,1.263628701294e-02,4.985053717956e-01,7.139203870136e-01,7.138931047489e-01,7.138931047489e-01,7.139203870136e-01,7.139203870136e-01,7.138931047489e-01,7.138931047489e-01,7.139203870136e-01
1.710000000000e+01,-6.234898018587e-01,7.818314824680e-01,-1.000000000000e+00,-3.898723875665e-01,-3.109128541443e-01,9.168514240420e-16,2.534291972812e-02,-1.216323184592e-16,1.009797638654e+01,-1.517557011157e-16,1.263628701294e-02,4.985053717956e-01,7.139203870136e-01,7.138931047489e-01,7.138931047489e-01,7.139203870136e-01,7.139203870136e-01,7.138931047489e-01,7.138931047489e-01,7.139203870136e-01
1.720000000000e+01,-6.616858375968e-01,7.497812029677e-01,-1.000000000000e+00,-3.738900188960e-01,-3.299598994255e-01,5.779610265818e-16,2.534291972812e-02,-5.788335270610e-17,1.014784293660e+01,-2.265842824339e-17,1.263628701294e-02,4.985053717956e-01,7.139203870136e-01,7.138931047489e-01,7.138931047489e-01,7.139203870136e-01,7.139203870136e-01,7.138931047489e-01,7.138931047489e-01,7.139203870136e-01
1.730000000000e+01,-6.982368180860e-01,7.158668492597e-01,-1.000000000000e+00,-3.569781007277e-01,-3.481866124074e-01,2.873315655222e-16,2.534291972812e-02,-1.519176339067e-17,1.019770948665e+01,-2.510419124968e-17,1.263628701294e-02,4.985053717956e-01,7.139203870136e-01,7.138931047489e-01,7.138931047489e-01,7.139203870136e-01,7.139203870136e-01,7.138931047489e-01,7.138931047489e-01,7.139203870136e-01
1.740000000000e+01,-7.330518718298e-01,6.801727377709e-01,-1.000000000000e+00,-3.391786787547e-01,-3.655476786099e-01,7.500757995138e-17,2.534291972812e-02,3.975483606237e-17,1.024757603671e+01,-2.562151394317e-17,1.263628701294e-02,4.985053717956e-01,7.139203870136e-01,7.138931047489e-01,7.138931047489e-01,7.139203870136e-01,7.139203870136e-01,7.138931047489e-01,7.138931047489e-01,7.139203870136e-01
1.750000000000e+01,-7.660444431189e-01,6.427876096865e-01,-1.000000000000e+00,-3.205360051447e-01,-3.819999356869e-01,-2.135216843548e-16,2.534291972812e-02,6.616310859169e-17,1.029744258677e+01,-3.634446344135e-17,1.263628701294e-02,4.985053717956e-01,7.139203870136e-01,7.138931047489e-01,7.138931047489e-01,7.139203870136e-01,7.139203870136e-01,7.138931047489e-01,7.138931047489e-01,7.139203870136e-01
1.760000000000e+01,-7.971325072229e-01,6.038044103254e-01,-1.000000000000e+00,-3.010964285214e-01,-3.975024807351e-01,-4.507596475543e-16,2.534291972812e-02,8.832972725553e-17,1.034730913682e+01,1.627738393937e-16,1.263628701294e-02,4.985053717956e-01,7.139203870136e-01,7.138931047489e-01,7.138931047489e-01,7.139203870136e-01,7.139203870136e-01,7.138931047489e-01,7.138931047489e-01,7.139203870136e-01
1.770000000000e+01,-8.262387743159e-01,5.633200580636e-01,-1.000000000000e+00,-2.809082787355e-01,-4.120167719848e-01,-7.163498217566e-16,2.534291972812e-02,1.331963179134e-16,1.039717568688e+01,1.814235669588e-16,1.263628701294e-02,4.985053717956e-01,7.139203870136e-01,7.138931047489e-01,7.138931047489e-01,7.139203870136e-01,7.139203870136e-01,7.138931047489e-01,7.138931047489e-01,7.139203870136e-01
1.780000000000e+01,-8.532908816321e-01,5.214352033795e-01,-1.000000000000e+00,-2.600217467082e-01,-4.255067246211e-01,-1.007052304235e-15,2.534291972812e-02,1.965978337342e-16,1.044704223694e+01,4.191806040892e-16,1.263628701294e-02,4.985053717956e-01,7.139203870136e-01,7.138931047489e-01,7.138931047489e-01,7.139203870136e-01,7.139203870136e-01,7.138931047489e-01,7.138931047489e-01,7.139203870136e-01
1.790000000000e+01,-8.782215733702e-01,4.782539786213e-01,-1.000000000000e+00,-2.384887596489e-01,-4.379388004962e-01,-1.288294621937e-15,2.534291972812e-02,2.866650470725e-16,1.049690878699e+01,4.454446191396e-16,1.263628701294e-02,4.985053717956e-01,7.139203870136e-01,7.138931047489e-01,7.138931047489e-01,7.139203870136e-01,7.139203870136e-01,7.138931047489e-01,7.138931047489e-01,7.139203870136e-01
1.800000000000e+01,-9.009688679023e-01,4.338837391175e-01,-1.000000000000e+00,-2.163628519563e-01,-4.492820915107e-01,-1.562916541260e-15,2.534291972812e-02,3.606385647588e-16,1.054677533705e+01,6.735378381473e-16,1.263628701294e-02,4.985053717956e-01,7.139203870136e-01,7.138931047489e-01,7.138931047489e-01,7.139203870136e-01,7.139203870136e-01,7.138931047489e-01,7.138931047489e-01,7.139203870136e-01
1.810000000000e+01,-9.214762118703e-01,3.884347962747e-01,-1.000000000000e+00,-1.936990321232e-01,-4.595083964559e-01,-1.737731699744e-15,2.534291972813e-02,3.962253134899e-16,1.059664188711e+01,6.710453749188e-16,1.263628701294e-02,4.985053717956e-01,7.139203870136e-01,7.138931047489e-01,7.138931047489e-01,7.139203870136e-01,7.139203870136e-01,7.138931047489e-01,7.138931047489e-01,7.139203870136e-01
1.820000000000e+01,-9.396926207858e-01,3.420201433256e-01,-1.000000000000e+00,-1.705536459766e-01,-4.685922911263e-01,-1.830248657381e-15,2.534291972813e-02,3.848085156692e-16,1.064650843717e+01,7.163763384929e-16,1.263628701294e-02,4.985053717956e-01,7.139203870136e-01,7.138931047489e-01,7.138931047489e-01,7.139203870136e-01,7.139203870136e-01,7.138931047489e-01,7.138931047489e-01,7.139203870136e-01
1.830000000000e+01,-9.555728057861e-01,2.947551744109e-01,-1.000000000000e+00,-1.469842365933e-01,-4.765111915286e-01,-1.875053783853e-15,2.534291972813e-02,3.273214343751e-16,1.069637498722e+01,6.179035011221e-16,1.263628701294e-02,4.985053717956e-01,7.139203870136e-01,7.138931047489e-01,7.138931047489e-01,7.139203870136e-01,7.139203870136e-01,7.138931047489e-01,7.138931047489e-01,7.139203870136e-01
1.840000000000e+01,-9.690772862290e-01,2.467573976903e-01,-1.000000000000e+00,-1.230494012386e-01,-4.832454100286e-01,-1.821759519684e-15,2.534291972813e-02,2.741103290597e-16,1.074624153728e+01,6.779978954883e-16,1.263628701294e-02,4.985053717956e-01,7.139203870136e-01,7.138931047489e-01,7.138931047489e-01,7.139203870136e-01,7.139203870136e-01,7.138931047489e-01,7.138931047489e-01,7.139203870136e-01
1.850000000000e+01,-9.801724878485e-01,1.981461431994e-01,-1.000000000000e+00,-9.880864568458e-02,-4.887782042981e-01,-1.559262858681e-15,2.534291972813e-02,1.920694591352e-16,1.079610808734e+01,3.766094923890e-16,1.263628701294e-02,4.985053717956e-01,7.139203870136e-01,7.138931047489e-01,7.138931047489e-01,7.139203870136e-01,7.139203870136e-01,7.138931047489e-01,7.138931047489e-01,7.139203870136e-01
1.860000000000e+01,-9.888308262251e-01,1.490422661762e-01,-1.000000000000e+00,-7.432223626886e-02,-4.930958189388e-01,-1.245167568371e-15,2.534291972813e-02,1.062295717077e-16,1.084597463739e+01,2.732903184305e-16,1.263628701294e-02,4.985053717956e-01,7.139203870136e-01,7.138931047489e-01,7.138931047489e-01,7.139203870136e-01,7.139203870136e-01,7.138931047489e-01,7.138931047489e-01,7.139203870136e-01
1.870000000000e+01,-9.950307753653e-01,9.956784659581e-02,-1.000000000000e+00,-4.965105006340e-02,-4.961875196803e-01,-7.849390308309e-16,2.534291972813e-02,5.857663356431e-17,1.089584118745e+01,9.992269731537e-17,1.263628701294e-02,4.985053717956e-01,7.139203870136e-01,7.138931047489e-01,7.138931047489e-01,7.139203870136e-01,7.139203870136e-01,7.138931047489e-01,7.138931047489e-01,7.139203870136e-01
1.880000000000e+01,-9.987569212188e-01,4.984588566069e-02,-1.000000000000e+00,-2.485642352436e-02,-4.980456200676e-01,-3.090873660393e-16,2.534291972813e-02,2.116570065680e-17,1.094570773751e+01,1.059716637770e-16,1.263628701294e-02,4.985053717956e-01,7.139203870136e-01,7.138931047489e-01,7.138931047489e-01,7.139203870136e-01,7.139203870136e-01,7.138931047489e-01,7.138931047489e-01,7.139203870136e-01
1.890000000000e+01,-9.999999999999e-01,-6.747261893397e-16,-1.000000000000e+00,5.056986811214e-16,-4.986655005702e-01,3.311702551253e-16,2.534291972813e-02,-1.366635989530e-17,1.099557428756e+01,-2.691471347357e-17,1.263628701294e-02,4.985053717956e-01,7.139203870136e-01,7.138931047489e-01,7.138931047489e-01,7.139203870136e-01,7.139203870136e-01,7.138931047489e-01,7.138931047489e-01,7.139203870136e-01
1.900000000000e+01,-9.987569212188e-01,-4.984588566069e-02,-1.000000000000e+00,2.485642352436e-02,-4.980456200676e-01,9.072713652580e-16,2.534291972813e-02,-3.369427254443e-17,1.104544083762e+01,-1.067557002021e-16,1.263628701294e-02,4.985053717956e-01,7.139203870136e-01,7.138931047489e-01,7.138931047489e-01,7.139203870136e-01,7.139203870136e-01,7.138931047489e-01,7.138931047489e-01,7.139203870136e-01
1.910000000000e+01,-9.950307753653e-01,-9.956784659581e-02,-1.000000000000e+00,4.965105006340e-02,-4.961875196803e-01,1.410405855473e-15,2.534291972813e-02,-6.887030380790e-17,1.109530738768e+01,-1.850823646002e-16,1.263628701294e-02,4.985053717956e-01,7.139203870136e-01,7.138931047489e-01,7.138931047489e-01,7.139203870136e-01,7.139203870136e-01,7.138931047489e-01,7.138931047489e-01,7.139203870136e-01
1.920000000000e+01,-9.888308262251e-01,-1.490422661762e-01,-1.000000000000e+00,7.432223626886e-02,-4.930958189388e-01,1.824687980814e-15,2.534291972813e-02,-1.250825175448e-16,1.114517393774e+01,-2.372259211712e-16,1.263628701294e-02,4.985053717956e-01,7.139203870136e-01,7.138931047489e-01,7.138931047489e-01,7.139203870136e-01,7.139203870136e-01,7.138931047489e-01,7.138931047489e-01,7.139203870136e-01
1.930000000000e+01,-9.801724878485e-01,-1.981461431994e-01,-1.000000000000e+00,9.880864568458e-02,-4.887782042981e-01,2.177509048738e-15,2.534291972813e-02,-1.803315333310e-16,1.119504048779e+01,-4.569962096227e-16,1.263628701294e-02,4.985053717956e-01,7.139203870136e-01,7.138931047489e-01,7.138931047489e-01,7.139203870136e-01,7.139203870136e-01,7.138931047489e-01,7.138931047489e-01,7.139203870136e-01
1.940000000000e+01,-9.690772862290e-01,-2.467573976903e-01,-1.000000000000e+00,1.230494012386e-01,-4.832454100286e-01,2.439596829508e-15,2.534291972813e-02,-2.156802396346e-16,1.124490703785e+01,-5.607353752317e-16,1.263628701294e-02,4.985053717956e-01,7.139203870136e-01,7.138931047489e-01,7.138931047489e-01,7.139203870136e-01,7.139203870136e-01,7.138931047489e-01,7.138931047489e-01,7.139203870136e-01
1.950000000000e+01,-9.555728057861e-01,-2.947551744109e-01,-1.000000000000e+00,1.469842365933e-01,-4.765111915286e-01,2.566510669185e-15,2.534291972813e-02,-2.369713708314e-16,1.129477358791e+01,-6.027347288270e-16,1.263628701294e-02,4.985053717956e-01,7.139203870136e-01,7.138931047489e-01,7.138931047489e-01,7.139203870136e-01,7.139203870136e-01,7.138931047489e-01,7.138931047489e-01,7.139203870136e-01
1.960000000000e+01,-9.396926207858e-01,-3.420201433256e-01,-1.000000000000e+00,1.705536459766e-01,-4.685922911263e-01,2.473500745404e-15,2.534291972813e-02,-2.560770415313e-16,1.134464013796e+01,-5.999223897030e-16,1.263628701294e-02,4.985053717956e-01,7.139203870136e-01,7.138931047489e-01,7.138931047489e-01,7.139203870136e-01,7.139203870136e-01,7.138931047489e-01,7.138931047489e-01,7.139203870136e-01
1.970000000000e+01,-9.214762118703e-01,-3.884347962747e-01,-1.000000000000e+00,1.936990321232e-01,-4.595083964559e-01,2.294779307652e-15,2.534291972813e-02,-2.610444588417e-16,1.139450668802e+01,-6.360814063724e-16,1.263628701294e-02,4.985053717956e-01,7.139203870136e-01,7.138931047489e-01,7.138931047489e-01,7.139203870136e-01,7.139203870136e-01,7.138931047489e-01,7.138931047489e-01,7.139203870136e-01
1.980000000000e+01,-9.009688679023e-01,-4.338837391175e-01,-1.000000000000e+00,2.163628519563e-01,-4.492820915107e-01,2.053740713645e-15,2.534291972813e-02,-2.701462172575e-16,1.144437323808e+01,-4.182235230281e-16,1.263628701294e-02,4.985053717956e-01,7.139203870136e-01,7.138931047489e-01,7.138931047489e-01,7.139203870136e-01,7.139203870136e-01,7.138931047489e-01,7.138931047489e-01,7.139203870136e-01
1.990000000000e+01,-8.782215733702e-01,-4.782539786213e-01,-1.000000000000e+00,2.384887596489e-01,-4.379388004962e-01,1.912516709783e-15,2.534291972812e-02,-2.749085697290e-16,1.149423978813e+01,-4.525142129628e-16,1.263628701294e-02,4.985053717956e-01,7.139203870136e-01,7.138931047489e-01,7.138931047489e-01,7.139203870136e-01,7.139203870136e-01,7.138931047489e-01,7.138931047489e-01,7.139203870136e-01
2.000000000000e+01,-8.532908816321e-01,-5.214352033795e-01,-1.000000000000e+00,2.600217467082e-01,-4.255067246211e-01,1.695474883672e-15,2.534291972812e-02,-2.872112412629e-16,1.154410633819e+01,-4.583553180657e-16,1.263628701294e-02,4.985053717956e-01,7.139203870136e-01,7.138931047489e-01,7.138931047489e-01,7.139203870136e-01,7.139203870136e-01,7.138931047489e-01,7.138931047489e-01,7.139203870136e-01
2.010000000000e+01,-8.262387743159e-01,-5.633200580636e-01,-1.000000000000e+00,2.809082787355e-01,-4.120167719848e-01,1.547197818071e-15,2.534291972812e-02,-2.660507151454e-16,1.159397288825e+01,-3.908018351421e-16,1.263628701294e-02,4.985053717956e-01,7.139203870136e-01,7.138931047489e-01,7.138931047489e-01,7.139203870136e-01,7.139203870136e-01,7.138931047489e-01,7.138931047489e-01,7.139203870136e-01
2.020000000000e+01,-7.971325072229e-01,-6.038044103254e-01,-1.000000000000e+00,3.010964285214e-01,-3.975024807351e-01,1.379962873115e-15,2.534291972812e-02,-2.092276042575e-16,1.164383943831e+01,-1.594039344473e-16,1.263628701294e-02,4.985053717956e-01,7.139203870136e-01,7.138931047489e-01,7.138931047489e-01,7.139203870136e-01,7.139203870136e-01,7.138931047489e-01,7.138931047489e-01,7.139203870136e-01
2.030000000000e+01,-7.660444431189e-01,-6.427876096865e-01,-1.000000000000e+00,3.205360051447e-01,-3.819999356869e-01,1.210708278155e-15,2.534291972812e-02,-1.410189349711e-16,1.169370598836e+01,1.010488410568e-16,1.263628701294e-02,4.985053717956e-01,7.139203870136e-01,7.138931047489e-01,7.138931047489e-01,7.139203870136e-01,7.139203870136e-01,7.138931047489e-01,7.138931047489e-01,7.139203870136e-01
2.040000000000e+01,-7.330518718298e-01,-6.801727377709e-01,-1.000000000000e+00,3.391786787547e-01,-3.655476786099e-01,1.227882881210e-15,2.534291972812e-02,-6.641646546577e-17,1.174357253842e+01,1.167657098914e-16,1.263628701294e-02,4.985053717956e-01,7.139203870136e-01,7.138931047489e-01,7.138931047489e-01,7.139203870136e-01,7.139203870136e-01,7.138931047489e-01,7.138931047489e-01,7.139203870136e-01
2.050000000000e+01,-6.982368180860e-01,-7.158668492597e-01,-1.000000000000e+00,3.569781007277e-01,-3.481866124074e-01,1.214312905652e-15,2.534291972812e-02,-8.389371289090e-18,1.179343908848e+01,2.329158410985e-16,1.263628701294e-02,4.985053717956e-01,7.139203870136e-01,7.138931047489e-01,7.138931047489e-01,7.139203870136e-01,7.139203870136e-01,7.138931047489e-01,7.138931047489e-01,7.139203870136e-01
2.060000000000e+01,-6.616858375968e-01,-7.497812029677e-01,-1.000000000000e+00,3.738900188960e-01,-3.299598994255e-01,1.233786750208e-15,2.534291972812e-02,3.974207011266e-17,1.184330563853e+01,2.795979500533e-16,1.263628701294e-02,4.985053717956e-01,7.139203870136e-01,7.138931047489e-01,7.138931047489e-01,7.139203870136e-01,7.139203870136e-01,7.138931047489e-01,7.138931047489e-01,7.139203870136e-01
2.070000000000e+01,-6.234898018587e-01,-7.818314824680e-01,-1.000000000000e+00,3.898723875665e-01,-3.109128541443e-01,1.293752725073e-15,2.534291972812e-02,9.415086112724e-17,1.189317218859e+01,2.711823197763e-16,1.263628701294e-02,4.985053717956e-01,7.139203870136e-01,7.138931047489e-01,7.138931047489e-01,7.139203870136e-01,7.139203870136e-01,7.138931047489e-01,7.138931047489e-01,7.139203870136e-01
2.080000000000e+01,-5.837436722347e-01,-8.119380057158e-01,-1.000000000000e+00,4.048854720523e-01,-2.910928305196e-01,1.479087786741e-15,2.534291972812e-02,1.723624400861e-16,1.194303873865e+01,1.890845170090e-16,1.263628701294e-02,4.985053717956e-01,7.139203870136e-01,7.138931047489e-01,7.138931047489e-01,7.139203870136e-01,7.139203870136e-01,7.138931047489e-01,7.138931047489e-01,7.139203870136e-01
2.090000000000e+01,-5.425462638657e-01,-8.400259231507e-01,-1.000000000000e+00,4.188919474599e-01,-2.705491042531e-01,1.692740750038e-15,2.534291972812e-02,2.113528785017e-16,1.199290528870e+01,3.015450196009e-16,1.263628701294e-02,4.985053717956e-01,7.139203870136e-01,7.138931047489e-01,7.138931047489e-01,7.139203870136e-01,7.139203870136e-01,7.138931047489e-01,7.138931047489e-01,7.139203870136e-01
2.100000000000e+01,-5.000000000000e-01,-8.660254037844e-01,-1.000000000000e+00,4.318569914847e-01,-2.493327502851e-01,1.793881695456e-15,2.534291972812e-02,2.816513368301e-16,1.204277183876e+01,1.749017551174e-16,1.263628701294e-02,4.985053717956e-01,7.139203870136e-01,7.138931047489e-01,7.138931047489e-01,7.139203870136e-01,7.139203870136e-01,7.138931047489e-01,7.138931047489e-01,7.139203870136e-01
2.110000000000e+01,-4.562106573531e-01,-8.898718088114e-01,-1.000000000000e+00,4.437483709843e-01,-2.274965158145e-01,1.868360882365e-15,2.534291972812e-02,3.926608133015e-16,1.209263838882e+01,2.727443029526e-16,1.263628701294e-02,4.985053717956e-01,7.139203870136e-01,7.138931047489e-01,7.138931047489e-01,7.139203870136e-01,7.139203870136e-01,7.138931047489e-01,7.138931047489e-01,7.139203870136e-01
2.120000000000e+01,-4.112871031306e-01,-9.115058523116e-01,-1.000000000000e+00,4.545365221157e-01,-2.050946891607e-01,2.022785970673e-15,2.534291972813e-02,5.014295237726e-16,1.214250493887e+01,2.356493792421e-16,1.263628701294e-02,4.985053717956e-01,7.139203870136e-01,7.138931047489e-01,7.138931047489e-01,7.139203870136e-01,7.139203870136e-01,7.138931047489e-01,7.138931047489e-01,7.139203870136e-01
2.130000000000e+01,-3.653410243664e-01,-9.308737486441e-01,-1.000000000000e+00,4.641946238353e-01,-1.821829647945e-01,2.092079653110e-15,2.534291972813e-02,5.452987819710e-16,1.219237148893e+01,3.027961963148e-16,1.263628701294e-02,4.985053717956e-01,7.139203870136e-01,7.138931047489e-01,7.138931047489e-01,7.139203870136e-01,7.139203870136e-01,7.138931047489e-01,7.138931047489e-01,7.139203870136e-01
2.140000000000e+01,-3.184866502517e-01,-9.479273461671e-01,-1.000000000000e+00,4.726986645806e-01,-1.588183048727e-01,1.964123640619e-15,2.534291972813e-02,5.332909858942e-16,1.224223803899e+01,3.152461750261e-16,1.263628701294e-02,4.985053717956e-01,7.139203870136e-01,7.138931047489e-01,7.138931047489e-01,7.139203870136e-01,7.139203870136e-01,7.138931047489e-01,7.138931047489e-01,7.139203870136e-01
2.150000000000e+01,-2.708404681430e-01,-9.626242469499e-01,-1.000000000000e+00,4.800275019663e-01,-1.350587976212e-01,1.744418780071e-15,2.534291972813e-02,4.893368889970e-16,1.229210458905e+01,3.597575023545e-16,1.263628701294e-02,4.985053717956e-01,7.139203870136e-01,7.138931047489e-01,7.138931047489e-01,7.139203870136e-01,7.139203870136e-01,7.138931047489e-01,7.138931047489e-01,7.139203870136e-01
2.160000000000e+01,-2.225209339563e-01,-9.749279121817e-01,-1.000000000000e+00,4.861629153480e-01,-1.109635129187e-01,1.468059477159e-15,2.534291972813e-02,4.135052236995e-16,1.234197113910e+01,2.247524975845e-16,1.263628701294e-02,4.985053717956e-01,7.139203870136e-01,7.138931047489e-01,7.138931047489e-01,7.139203870136e-01,7.139203870136e-01,7.138931047489e-01,7.138931047489e-01,7.139203870136e-01
2.170000000000e+01,-1.736481776669e-01,-9.848077530121e-01,-1.000000000000e+00,4.910896511212e-01,-8.659235543938e-02,1.161237320094e-15,2.534291972813e-02,3.448237740142e-16,1.239183768916e+01,2.391570114709e-16,1.263628701294e-02,4.985053717956e-01,7.139203870136e-01,7.138931047489e-01,7.138931047489e-01,7.139203870136e-01,7.139203870136e-01,7.138931047489e-01,7.138931047489e-01,7.139203870136e-01
2.180000000000e+01,-1.243437046475e-01,-9.922392066001e-01,-1.000000000000e+00,4.947954606446e-01,-6.200591572079e-02,7.027679819461e-16,2.534291972813e-02,2.624553305807e-16,1.244170423922e+01,6.172496195349e-17,1.263628701294e-02,4.985053717956e-01,7.139203870136e-01,7.138931047489e-01,7.138931047489e-01,7.139203870136e-01,7.139203870136e-01,7.138931047489e-01,7.138931047489e-01,7.139203870136e-01
2.190000000000e+01,-7.473009358642e-02,-9.972037971811e-01,-1.000000000000e+00,4.972711306919e-01,-3.726531952593e-02,1.968963168859e-16,2.534291972813e-02,1.976586385420e-16,1.249157078927e+01,-5.788380788202e-17,1.263628701294e-02,4.985053717956e-01,7.139203870136e-01,7.138931047489e-01,7.138931047489e-01,7.139203870136e-01,7.139203870136e-01,7.138931047489e-01,7.138931047489e-01,7.139203870136e-01
2.200000000000e+01,-2.493069173807e-02,-9.996891820007e-01,-1.000000000000e+00,4.985105063570e-01,-1.243207587513e-02,-3.188122104463e-16,2.534291972813e-02,9.991500986592e-17,1.254143733933e+01,-3.430509979862e-16,1.263628701294e-02,4.985053717956e-01,7.139203870136e-01,7.138931047489e-01,7.138931047489e-01,7.139203870136e-01,7.139203870136e-01,7.138931047489e-01,7.138931047489e-01,7.139203870136e-01
2.210000000000e+01,2.493069173807e-02,-9.996891820007e-01,-1.000000000000e+00,4.985105063570e-01,1.243207587513e-02,-8.204953936412e-16,2.534291972813e-02,-2.356932895157e-17,1.259130388939e+01,-2.538700266491e-16,1.263628701294e-02,4.985053717956e-01,7.139203870136e-01,7.138931047489e-01,7.138931047489e-01,7.139203870136e-01,7.139203870136e-01,7.138931047489e-01,7.138931047489e-01,7.139203870136e-01
2.220000000000e+01,7.473009358642e-02,-9.972037971811e-01,-1.000000000000e+00,4.972711306919e-01,3.726531952593e-02,-1.231270923168e-15,2.534291972813e-02,-1.275794891778e-16,1.264117043944e+01,-4.535212782321e-16,1.263628701294e-02,4.985053717956e-01,7.139203870136e-01,7.138931047489e-01,7.138931047489e-01,7.139203870136e-01,7.139203870136e-01,7.138931047489e-01,7.138931047489e-01,7.139203870136e-01
2.230000000000e+01,1.243437046475e-01,-9.922392066001e-01,-1.000000000000e+00,4.947954606446e-01,6.200591572079e-02,-1.633745710451e-15,2.534291972813e-02,-2.472069511796e-16,1.269103698950e+01,-2.624014404454e-16,1.263628701294e-02,4.985053717956e-01,7.139203870136e-01,7.138931047489e-01,7.138931047489e-01,7.139203870136e-01,7.139203870136e-01,7.138931047489e-01,7.138931047489e-01,7.139203870136e-01
2.240000000000e+01,1.736481776669e-01,-9.848077530121e-01,-1.000000000000e+00,4.910896511212e-01,8.659235543938e-02,-1.877209138942e-15,2.534291972813e-02,-3.510799931586e-16,1.274090353956e+01,-1.266079913975e-16,1.263628701294e-02,4.985053717956e-01,7.139203870136e-01,7.138931047489e-01,7.138931047489e-01,7.139203870136e-01,7.139203870136e-01,7.138931047489e-01,7.138931047489e-01,7.139203870136e-01
2.250000000000e+01,2.225209339563e-01,-9.749279121817e-01,-1.000000000000e+00,4.861629153480e-01,1.109635129187e-01,-1.940601421954e-15,2.534291972813e-02,-4.345620730042e-16,1.279077008962e+01,-2.131791227363e-16,1.263628701294e-02,4.985053717956e-01,7.139203870136e-01,7.138931047489e-01,7.138931047489e-01,7.139203870136e-01,7.139203870136e-01,7.138931047489e-01,7.138931047489e-01,7.139203870136e-01
2.260000000000e+01,2.708404681430e-01,-9.626242469499e-01,-1.000000000000e+00,4.800275019663e-01,1.350587976212e-01,-1.938187498700e-15,2.534291972813e-02,-4.705125714831e-16,1.284063663967e+01,-3.322616951641e-16,1.263628701294e-02,4.985053717956e-01,7.139203870136e-01,7.138931047489e-01,7.138931047489e-01,7.139203870136e-01,7.139203870136e-01,7.138931047489e-01,7.138931047489e-01,7.139203870136e-01
2.270000000000e+01,3.184866502517e-01,-9.479273461671e-01,-1.000000000000e+00,4.726986645806e-01,1.588183048727e-01,-1.860346865392e-15,2.534291972813e-02,-4.233068922136e-16,1.289050318973e+01,-7.048539713675e-16,1.263628701294e-02,4.985053717956e-01,7.139203870136e-01,7.138931047489e-01,7.138931047489e-01,7.139203870136e-01,7.139203870136e-01,7.138931047489e-01,7.138931047489e-01,7.139203870136e-01
2.280000000000e+01,3.653410243664e-01,-9.308737486441e-01,-1.000000000000e+00,4.641946238353e-01,1.821829647945e-01,-1.678401662829e-15,2.534291972812e-02,-2.924471054191e-16,1.294036973979e+01,-1.451169591271e-15,1.263628701294e-02,4.985053717956e-01,7.139203870136e-01,7.138931047489e-01,7.138931047489e-01,7.139203870136e-01,7.139203870136e-01,7.138931047489e-01,7.138931047489e-01,7.139203870136e-01
2.290000000000e+01,4.112871031306e-01,-9.115058523116e-01,-1.000000000000e+00,4.545365221157e-01,2.050946891607e-01,-1.501127695272e-15,2.534291972812e-02,-8.413791556256e-17,1.299023628984e+01,-2.163321554056e-15,1.263628701294e-02,4.985053717956e-01,7.139203870136e-01,7.138931047489e-01,7.138931047489e-01,7.139203870136e-01,7.139203870136e-01,7.138931047489e-01,7.138931047489e-01,7.139203870136e-01
2.300000000000e+01,4.562106573531e-01,-8.898718088114e-01,-1.000000000000e+00,4.437483709843e-01,2.274965158145e-01,-1.301765549514e-15,2.534291972812e-02,2.398065602039e-16,1.304010283990e+01,-2.515493154375e-15,1.263628701295e-02,4.985053717956e-01,7.139203870136e-01,7.138931047489e-01,7.138931047489e-01,7.139203870136e-01,7.139203870136e-01,7.138931047489e-01,7.138931047489e-01,7.139203870136e-01
2.310000000000e+01,5.000000000000e-01,-8.660254037844e-01,-1.000000000000e+00,4.318569914847e-01,2.493327502851e-01,-1.096717206671e-15,2.534291972812e-02,6.934903440468e-16,1.308996938996e+01,-2.489522328388e-15,1.263628701295e-02,4.985053717956e-01,7.139203870136e-01,7.138931047489e-01,7.138931047489e-01,7.139203870136e-01,7.139203870136e-01,7.138931047489e-01,7.138931047489e-01,7.139203870136e-01
2.320000000000e+01,5.425462638657e-01,-8.400259231507e-01,-1.000000000000e+00,4.188919474599e-01,2.705491042531e-01,-8.851158680681e-16,2.534291972812e-02,1.218311494148e-15,1.313983594001e+01,-1.681513654371e-15,1.263628701295e-02,4.985053717956e-01,7.139203870136e-01,7.138931047489e-01,7.138931047489e-01,7.139203870136e-01,7.139203870136e-01,7.138931047489e-01,7.138931047489e-01,7.139203870136e-01
2.330000000000e+01,5.837436722347e-01,-8.119380057158e-01,-1.000000000000e+00,4.048854720523e-01,2.910928305196e-01,-7.295297093387e-16,2.534291972812e-02,1.610515950552e-15,1.318970249007e+01,7.054739774168e-16,1.263628701294e-02,4.985053717956e-01,7.139203870136e-01,7.138931047489e-01,7.138931047489e-01,7.139203870136e-01,7.139203870136e-01,7.138931047489e-01,7.138931047489e-01,7.139203870136e-01
2.340000000000e+01,6.234898018587e-01,-7.818314824680e-01,-1.000000000000e+00,3.898723875665e-01,3.109128541443e-01,-5.536325944842e-16,2.534291972812e-02,1.573198779307e-15,1.323956904013e+01,4.356627165334e-15,1.263628701294e-02,4.985053717956e-01,7.139203870136e-01,7.138931047489e-01,7.138931047489e-01,7.139203870136e-01,7.139203870136e-01,7.138931047489e-01,7.138931047489e-01,7.139203870136e-01
2.350000000000e+01,6.616858375968e-01,-7.497812029677e-01,-1.000000000000e+00,3.738900188960e-01,3.299598994254e-01,-4.268589225092e-16,2.534291972813e-02,6.438381095100e-16,1.328943559019e+01,9.123738806641e-15,1.263628701293e-02,4.985053717956e-01,7.139203870136e-01,7.138931047489e-01,7.138931047489e-01,7.139203870136e-01,7.139203870136e-01,7.138931047489e-01,7.138931047489e-01,7.139203870136e-01
2.360000000000e+01,6.982368180860e-01,-7.158668492597e-01,-1.000000000000e+00,3.569781007277e-01,3.481866124074e-01,-2.877082850885e-16,2.534291972813e-02,-1.778034067427e-15,1.333930214024e+01,1.464678126018e-14,1.263628701291e-02,4.985053717956e-01,7.139203870136e-01,7.138931047489e-01,7.138931047489e-01,7.139203870136e-01,7.139203870136e-01,7.138931047489e-01,7.138931047489e-01,7.139203870136e-01
2.370000000000e+01,7.330518718298e-01,-6.801727377709e-01,-1.000000000000e+00,3.391786787547e-01,3.655476786099e-01,-1.496265062850e-16,2.534291972813e-02,-6.316333275830e-15,1.338916869030e+01,1.888590334254e-14,1.263628701289e-02,4.985053717956e-01,7.139203870136e-01,7.138931047489e-01,7.138931047489e-01,7.139203870136e-01,7.139203870136e-01,7.138931047489e-01,7.138931047489e-01,7.139203870136e-01
2.380000000000e+01,7.660444431189e-01,-6.427876096865e-01,-1.000000000000e+00,3.205360051447e-01,3.819999356870e-01,3.110913145795e-17,2.534291972813e-02,-1.350004274643e-14,1.343903524036e+01,2.059424143548e-14,1.263628701286e-02,4.985053717956e-01,7.139203870136e-01,7.138931047489e-01,7.138931047489e-01,7.139203870136e-01,7.139203870136e-01,7.138931047489e-01,7.138931047489e-01,7.139203870136e-01
2.390000000000e+01,7.971325072229e-01,-6.038044103254e-01,-1.000000000000e+00,3.010964285215e-01,3.975024807351e-01,2.259695544401e-16,2.534291972813e-02,-2.333227658501e-14,1.348890179041e+01,1.662773314011e-14,1.263628701283e-02,4.985053717956e-01,7.139203870136e-01,7.138931047489e-01,7.138931047489e-01,7.139203870136e-01,7.139203870136e-01,7.138931047489e-01,7.138931047489e-01,7.139203870136e-01
2.400000000000e+01,8.262387743159e-01,-5.633200580636e-01,-1.000000000000e+00,2.809082787355e-01,4.120167719848e-01,3.698620909475e-16,2.534291972813e-02,-3.498140586113e-14,1.353876834047e+01,6.891735049000e-15,1.263628701282e-02,4.985053717956e-01,7.139203870136e-01,7.138931047489e-01,7.138931047489e-01,7.139203870136e-01,7.139203870136e-01,7.138931047489e-01,7.138931047489e-01,7.139203870136e-01
2.410000000000e+01,8.532908816321e-01,-5.214352033794e-01,-1.000000000000e+00,2.600217467082e-01,4.255067246212e-01,5.092248646510e-16,2.534291972813e-02,-4.629570999977e-14,1.358863489053e+01,-8.287442160222e-15,1.263628701284e-02,4.985053717956e-01,7.139203870136e-01,7.138931047489e-01,7.138931047489e-01,7.139203870136e-01,7.139203870136e-01,7.138931047489e-01,7.138931047489e-01,7.139203870136e-01
2.420000000000e+01,8.782215733702e-01,-4.782539786213e-01,-1.000000000000e+00,2.384887596490e-01,4.379388004963e-01,5.659588224633e-16,2.534291972812e-02,-5.353900398219e-14,1.363850144058e+01,-2.427903661987e-14,1.263628701290e-02,4.985053717956e-01,7.139203870136e-01,7.138931047489e-01,7.138931047489e-01,7.139203870136e-01,7.139203870136e-01,7.138931047489e-01,7.138931047488e-01,7.139203870136e-01
2.430000000000e+01,9.009688679024e-01,-4.338837391175e-01,-1.000000000000e+00,2.163628519564e-01,4.492820915109e-01,5.275364280312e-16,2.534291972812e-02,-5.144603903625e-14,1.368836799064e+01,-3.341722214486e-14,1.263628701302e-02,4.985053717956e-01,7.139203870136e-01,7.138931047489e-01,7.138931047488e-01,7.139203870136e-01,7.139203870136e-01,7.138931047489e-01,7.138931047488e-01,7.139203870136e-01
2.440000000000e+01,9.214762118704e-01,-3.884347962746e-01,-1.000000000000e+00,1.936990321233e-01,4.595083964561e-01,3.361117679441e-16,2.534291972811e-02,-3.406893104073e-14,1.373823454070e+01,-2.604512927878e-14,1.263628701320e-02,4.985053717956e-01,7.139203870136e-01,7.138931047489e-01,7.138931047488e-01,7.139203870136e-01,7.139203870136e-01,7.138931047489e-01,7.138931047488e-01,7.139203870136e-01
2.450000000000e+01,9.396926207859e-01,-3.420201433256e-01,-1.000000000000e+00,1.705536459767e-01,4.685922911265e-01,3.775640511634e-17,2.534291972811e-02,3.171132803892e-15,1.378810109076e+01,4.810852922238e-15,1.263628701341e-02,4.985053717956e-01,7.139203870136e-01,7.138931047489e-01,7.138931047488e-01,7.139203870136e-01,7.139203870136e-01,7.138931047489e-01,7.138931047488e-01,7.139203870136e-01
2.460000000000e+01,9.555728057861e-01,-2.947551744108e-01,-1.000000000000e+00,1.469842365934e-01,4.765111915288e-01,-1.592570174793e-16,2.534291972812e-02,5.987675863113e-14,1.383796764081e+01,5.330793656351e-14,1.263628701358e-02,4.985053717956e-01,7.139203870136e-01,7.138931047489e-01,7.138931047488e-01,7.139203870136e-01,7.139203870136e-01,7.138931047488e-01,7.138931047489e-01,7.139203870136e-01
2.470000000000e+01,9.690772862291e-01,-2.467573976902e-01,-1.000000000000e+00,1.230494012387e-01,4.832454100287e-01,-2.250222774906e-16,2.534291972813e-02,1.258067951985e-13,1.388783419087e+01,9.014119278801e-14,1.263628701359e-02,4.985053717956e-01,7.139203870136e-01,7.138931047488e-01,7.138931047489e-01,7.139203870136e-01,7.139203870136e-01,7.138931047488e-01,7.138931047489e-01,7.139203870136e-01
2.480000000000e+01,9.801724878485e-01,-1.981461431993e-01,-1.000000000000e+00,9.880864568466e-02,4.887782042981e-01,6.093876113634e-17,2.534291972814e-02,1.765158262016e-13,1.393770074093e+01,5.753661827418e-14,1.263628701327e-02,4.985053717956e-01,7.139203870136e-01,7.138931047488e-01,7.138931047489e-01,7.139203870136e-01,7.139203870136e-01,7.138931047488e-01,7.138931047489e-01,7.139203870136e-01
2.490000000000e+01,9.888308262251e-01,-1.490422661761e-01,-1.000000000000e+00,7.432223626888e-02,4.930958189386e-01,5.390721187590e-16,2.534291972815e-02,1.750382579759e-13,1.398756729098e+01,-1.047424696182e-13,1.263628701255e-02,4.985053717956e-01,7.139203870136e-01,7.138931047488e-01,7.138931047489e-01,7.139203870136e-01,7.139203870136e-01,7.138931047488e-01,7.138931047489e-01,7.139203870136e-01
2.500000000000e+01,9.950307753654e-01,-9.956784659573e-02,-1.000000000000e+00,4.965105006338e-02,4.961875196800e-01,8.063384329737e-16,2.534291972813e-02,9.288189125557e-14,1.403743384104e+01,-3.528884141839e-13,1.263628701170e-02,4.985053717956e-01,7.139203870136e-01,7.138931047488e-01,7.138931047489e-01,7.139203870136e-01,7.139203870137e-01,7.138931047489e-01,7.138931047488e-01,7.139203870136e-01
2.510000000000e+01,9.987569212189e-01,-4.984588566065e-02,-1.000000000000e+00,2.485642352434e-02,4.980456200672e-01,1.606579291530e-16,2.534291972811e-02,4.440279606668e-15,1.408730039110e+01,-6.950944634966e-14,1.263628701268e-02,4.985053717956e-01,7.139203870137e-01,7.138931047489e-01,7.138931047488e-01,7.139203870136e-01,7.139203870136e-01,7.138931047489e-01,7.138931047489e-01,7.139203870136e-01
2.520000000000e+01,1.000000000000e+00,1.286498119741e-15,-1.000000000000e+00,-6.415322288629e-16,4.986655005698e-01,0.000000000000e+00,2.534291972811e-02,1.551141915879e-18,1.413716694115e+01,-7.735009599364e-19,1.263628701293e-02,4.985053717956e-01,7.139203870136e-01,7.138931047489e-01,7.138931047489e-01,7.139203870136e-01,7.139203870136e-01,7.138931047489e-01,7.138931047489e-01,7.139203870136e-01
