step,r_n,r_e,r_d,v_n,v_e,v_d,phi,theta,psi,p,q,r,T1,T2,T3,T4,ref_rn,ref_re,ref_rd,ref_vn,ref_ve,ref_vd,ref_phi,ref_theta,ref_psi,ref_p,ref_q,ref_r,ref_T1,ref_T2,ref_T3,ref_T4
1,0,0,-0.02,0,0,0,0,0,0,0,0,0,0,0,0,0,1.5,0,-0.5,-0,0.498665500569808,-0.075,0.0380042127733782,2.32484681781793e-18,1.5707963267949,-7.72880601436868e-19,0.0126312187577933,0.747458141379647,0.714213645042355,0.71417275446633,0.71417275446633,0.714213645042355
2,0,0,-0.00503842735207154,0,0,0.183049458777148,0,0,0,0,0,0,0.710231900055336,0.710231900055336,0.710231900055336,0.710231900055336,1.49813538206105,0.0498458838485785,-0.507499996544087,-0.03728463400883,0.498045555135715,-0.0750000542653017,0.0379454834158074,-0.00157160484816278,1.64543340917414,-1.35452794581025e-07,0.0126496102976421,0.745048991134329,0.715015122341456,0.713372126140969,0.714972946407988,0.713411636075328
3,0.000893913493965007,0.000442267929103575,0.00624980288995964,0.0401039316158208,0.0202473878206737,0.019141443714347,0.0546370147384236,-0.118541864024982,0.0505178533226563,1.38255723933474,-2.72405654534684,1.25581074705626,0.391913486498234,1.13198519706413,0.496682219770815,1.42696622856261,1.49254616354422,0.0995678340817767,-0.514999994478859,-0.074476580320156,0.496187380756175,-0.0750001176058689,0.0377714495296634,-0.00311385449601857,1.71962320313028,-3.54806443287959e-07,0.0127074589458918,0.738291975537659,0.716281400178317,0.71210505855448,0.716236813118472,0.712141855983383
4,0.016796375879435,0.00901976936255667,-0.000437125124476259,0.320576467211129,0.174526743432565,-0.140105076360703,0.100211994567839,-0.365360043636325,0.211100632411876,-0.12747752452897,-1.21392262146704,2.19722006961635,0.642161899259382,1.2331547613218,0.647226796226194,0.935139446458202,1.48324623891504,0.14904223980777,-0.522499994060197,-0.111483378548877,0.493095687226416,-0.0750001755937402,0.0374884469668543,-0.00459784235154382,1.7929237968048,-5.23665518752769e-07,0.0128041072116727,0.727293782380165,0.717406531883618,0.710975987858652,0.717359965167299,0.711010285634492
5,0.0691108490086,0.0363591514517592,-0.0190836562427912,0.726286918519857,0.36973743111138,-0.228718003496102,-0.00878307095260823,-0.382870227090515,0.477289432912682,0.376054064153851,1.05527394051815,2.73104994525983,0.812520461569816,0.999481554772287,0.610288984066636,0.936972030075279,1.47025872847977,0.198146106256008,-0.529999994760711,-0.148213013564023,0.488778123337747,-0.0750002271406992,0.0371064509199513,-0.00599784593990066,1.86493708805032,-5.88146064917913e-07,0.0129366501864308,0.712560331300952,0.718393113590688,0.709982583961219,0.718344814485254,0.710014412551822
6,0.15808014431432,0.0821298621360138,-0.0455194859909397,1.02499990927031,0.540248478135953,-0.302022908346316,-0.0363326356925407,-0.241005192050312,0.771929876398108,0.815840017709457,1.32571248541997,2.90808514984164,0.778586626116399,0.802562499672193,0.761761825283803,0.858479752049919,1.45361592159127,0.246757355833802,-0.537499996178799,-0.184574159132925,0.483245386265144,-0.0750002730970828,0.0366381995532008,-0.00729201133208076,1.93531946135612,-5.63391849374875e-07,0.0131025654125287,0.694693820093648,0.719208622427836,0.709157443861984,0.71915884324053,0.709186855297771
7,0.268506994274109,0.142991855700029,-0.0790230752867631,1.15834394820016,0.668408066071771,-0.36684492334374,-0.00485955448828634,-0.112751461513271,1.06214829512486,0.771754911563185,1.0911828309046,2.83725879104512,0.788666017483562,0.720799619915705,0.806528013155125,0.753217446371845,1.43335919602514,0.294755132822728,-0.544999998014112,-0.220476411110794,0.476511211728466,-0.0750003139003072,0.0360981946727175,-0.00846290641710104,2.00379111350899,-4.86856630026615e-07,0.0132990280096388,0.674364040937981,0.719837913151441,0.708515808896967,0.719786910505449,0.708542888503478
8,0.385542881189289,0.213766345529336,-0.118250197480692,1.166007791529,0.73630708759575,-0.415282588115051,0.0428518232936274,-0.0261472170188933,1.3371987060082,0.533722030666169,0.721462565178415,2.60170098996769,0.800731504279582,0.66318659830945,0.83701624379598,0.688324066277142,1.40953891446393,0.342020105525086,-0.552500000035904,-0.255830512382364,0.468592337009225,-0.0750003497402812,0.0355017059633649,-0.00949769873282309,2.07014005008938,-3.91133313465116e-07,0.0135228790951627,0.652254531577222,0.720279880014216,0.708058905070078,0.720227913229975,0.708083775158012
9,0.499261755252844,0.288334299944326,-0.161451113703165,1.09793611787145,0.747822487781742,-0.446277901274357,0.0991373555767594,0.00558980795247929,1.58668473345151,0.68439573785704,0.247479435937939,2.33713019913376,0.79983718446378,0.637273247596542,0.816250827535156,0.690872457265569,1.3822142987943,0.388434764058056,-0.560000002060771,-0.290548572137744,0.459508452501067,-0.0750003806688954,0.0348638880053412,-0.0103879932286205,2.13422121805495,-2.96214939023986e-07,0.0137706827371557,0.629018490675434,0.720544956575291,0.70777644726267,0.720492282969698,0.707799263203948
10,0.603144273153241,0.362351383723803,-0.206833693292588,0.973458544456644,0.728465557745863,-0.459072769665668,0.140168191691407,-0.00152551486879682,1.80686060024323,-0.0175660282085381,0.213080835122599,2.04581226545138,0.781961118989313,0.67301852561288,0.834058485232705,0.61986341358783,1.35145328266778,0.4338837129915,-0.56750000394096,-0.324544281539045,0.449282147440526,-0.0750004066973078,0.0341990796708286,-0.0111294148142106,2.19595181640942,-2.10989460057552e-07,0.0140388196350337,0.605246637473938,0.720651702103942,0.707650052666696,0.720598572153431,0.707670996189044
11,0.693909591462413,0.433375180176066,-0.253119449776624,0.843689780084165,0.68987840923641,-0.46651818373109,0.134094028190494,-0.0118893380916656,1.99645686207414,0.0669762863091622,0.0800590726033958,1.73730863276876,0.815143610364701,0.626622428903201,0.804925792035638,0.655315481277257,1.3173323426454,0.478253958319338,-0.57500000556007,-0.357733126383202,0.437938850841468,-0.0750004278521904,0.0335203136128125,-0.0117210352407483,2.25530403150297,-1.37429545040361e-07,0.0143235838714036,0.581447788868027,0.720623334058683,0.707656706374404,0.720569987334468,0.707675978259304
12,0.771872084604931,0.499894185050056,-0.299691716143116,0.713562487397609,0.636300573276269,-0.463003583857393,0.156081215890328,-0.0181138062773228,2.15617271297823,0.430780784142498,0.305604064777165,1.44363781030013,0.815539286902164,0.634653259667022,0.775806247050377,0.641640505637936,1.27993630823796,0.521435188269575,-0.58250000683214,-0.390032596421212,0.425506767224473,-0.0750004441952611,0.0328390288046953,-0.0121647363701405,2.31229640768027,-7.43594283991013e-08,0.0146212684650048,0.558040794848462,0.720484724143442,0.707771762499732,0.720431386313792,0.707789575761302
13,0.836079900390779,0.559362730270363,-0.344834869027498,0.566101395630623,0.548250760822267,-0.436414660401655,0.195757533130549,-0.0358784140400113,2.28522634366601,0.360758507867155,-0.34744812724974,1.16580648609555,0.74590885110239,0.606190507145454,0.809673480897187,0.650250708273362,1.23935815121346,0.563320047400157,-0.590000007701159,-0.421362390550951,0.412016806505214,-0.0750004558197828,0.0321649563236005,-0.012464581879898,2.36698486706994,-1.98570376642115e-08,0.0149282344235433,0.535355335729984,0.720260120786877,0.707971218456317,0.720207001692012,0.707987792468003
14,0.883626215034567,0.609463329019089,-0.387164289642837,0.37839518094756,0.456573493123356,-0.410954191796231,0.203932180296645,-0.0942794602767821,2.37989718479686,-0.127371793759599,-0.279131180796335,0.926183959744529,0.766956371822562,0.676300122073662,0.786087674714485,0.624868927696401,1.19569875462878,0.603804403371694,-0.597500008139441,-0.451644616991099,0.397502507588245,-0.0750004628375731,0.0315061379603834,-0.0126262454995107,2.41945412350234,2.76108260058015e-08,0.0152409626639796,0.513638767613769,0.719971644833658,0.708233215863051,0.719918937499106,0.708248771564445
15,0.911491018509489,0.651532253620391,-0.426274720345037,0.180898458485929,0.388110735045236,-0.369134974691522,0.174942693221198,-0.115392120540215,2.46187452618186,-0.203801803217038,0.205393966974576,0.767051510865369,0.753030720021256,0.673266463518957,0.718567524609929,0.642954477257982,1.14906666213002,0.642787605755969,-0.605000008144442,-0.48080398760726,0.381999955475632,-0.0750004653660126,0.0308690361485209,-0.0126565218153512,2.4698099645337,6.88898487732725e-08,0.0155560905124279,0.493066447308953,0.719638466662372,0.708538860005304,0.719586347055704,0.708553616144796
16,0.920630160396705,0.687389902287818,-0.460819643958668,0.0060324222246743,0.331458876222042,-0.321727960988914,0.139282297939339,-0.115940853097037,2.53332713026054,-0.374032394769159,-0.117055184067222,0.636438707394415,0.704974035406507,0.647849166552292,0.746938056630376,0.665055881232074,1.09957780814233,0.6801727362317,-0.612500007734378,-0.508768005689148,0.36554769192205,-0.0750004635199439,0.0302586985756334,-0.0125629284607029,2.51817264453936,1.04258419648704e-07,0.0158704354849786,0.473753498021111,0.71927650900515,0.70887251364926,0.719225136329004,0.708886683935844
17,0.913088239883876,0.718784223374003,-0.491368593521769,-0.154199978749155,0.300985874957906,-0.292092380647902,0.0978755520921785,-0.121165270881131,2.59191856319229,-0.268087654126659,0.285045607797748,0.538444281680786,0.753183770024266,0.693069651859776,0.705897195952712,0.666731857959026,1.04735522963366,0.715866849530353,-0.62000000694324,-0.535467146607463,0.348186619818238,-0.0750004574097316,0.0296789484684729,-0.0123533968374717,2.56467145825364,1.33679926351163e-07,0.0161810092387383,0.455766578895071,0.718898510169558,0.709221730539605,0.718848027501984,0.709235521550103
18,0.890961183169045,0.747931583643549,-0.519154573902824,-0.28101934488641,0.281743005008704,-0.263476713787891,0.0711726020226089,-0.0860921125504615,2.64480712572665,-0.163613315979182,0.435393725018237,0.452659769602914,0.725656356301708,0.673441049789019,0.716173743768042,0.676472331462608,0.992528760188723,0.749781204517655,-0.627500005815847,-0.560835030882566,0.32995990156945,-0.0750004471445396,0.0291325796276236,-0.0120360417744928,2.60944044823852,1.57034920279442e-07,0.0164850243327896,0.439134765251962,0.718514303786673,0.709576972465466,0.718464838913524,0.709590582156485
19,0.858311113755587,0.774927013517841,-0.544100544479901,-0.365792515056194,0.256258604362952,-0.235649763265461,0.0613374226752402,-0.0491411043100864,2.68950304638403,0.0445404194358513,0.338995347477299,0.393384453786545,0.714225096659178,0.670501033848155,0.707199421822671,0.692621379708323,0.935234707172163,0.78183148482538,-0.635000004403401,-0.584808589267218,0.310912851773599,-0.0750004328389157,0.0286215424961001,-0.0116189975307727,2.65261513254949,1.74276999067621e-07,0.0167798959945972,0.423859074239663,0.718131204948557,0.70993122003126,0.718082871271052,0.709944836722451
20,0.818641149605075,0.798797356882796,-0.566685263424992,-0.426043194492158,0.222629479432571,-0.217412007911612,0.0459327180658684,-0.0464932144371101,2.72604521571841,-0.422302849875669,-0.323244334411102,0.329256298267112,0.680134347766288,0.680969828808784,0.763148030981763,0.690044019038321,0.875615512797637,0.811938008479103,-0.642500002759833,-0.607328219486876,0.291092824514568,-0.0750004146206827,0.0281471132997892,-0.011110307062024,2.69433010808235,1.85509791441896e-07,0.0170632406012401,0.409920472884093,0.717754426828517,0.710279553038099,0.717707324265166,0.710293354755273
21,0.772996614989001,0.820847714352004,-0.587184024695691,-0.485724977188057,0.226918241340647,-0.1910729233983,-0.00703828063621868,-0.0602888290645132,2.75746972076606,-0.527443389327204,0.259613625271374,0.317635877492131,0.720993450342671,0.720921207676465,0.667190433586611,0.667955754271804,0.813819399953975,0.840025925999176,-0.650000000939022,-0.628337934302423,0.270549095584793,-0.0750003926385209,0.0277100425131758,-0.0105178524468324,2.73471737888943,1.91004320277694e-07,0.0173328721406975,0.397286398048894,0.717387480725931,0.710618747536267,0.717341696557923,0.71063290162455
22,0.722535551936914,0.845352178446322,-0.605498549219103,-0.518671969342391,0.264532614474118,-0.177439019399832,-0.0258783548554722,-0.0354915628130122,2.78833941433038,0.300231391710648,0.0660522052599942,0.308691697077376,0.72739131707406,0.661089715091386,0.692775607102355,0.747025663564063,0.750000003672399,0.866025406483379,-0.657499998992845,-0.647785500570904,0.249332739947483,-0.075000367068188,0.0273106817593278,-0.00984931605590195,2.77390526743433,1.91179621487109e-07,0.017586797552466,0.38591592593396,0.71703253409953,0.710946914991895,0.716988143731352,0.710961577928109
23,0.669249210858937,0.873060083197517,-0.622261431008937,-0.550772993655355,0.285852439726016,-0.156115371844293,0.00113779269296883,-0.0496434231650889,2.81897903844586,0.0856136782406993,-0.355471346150762,0.30371849717727,0.67062540495973,0.697917206809343,0.725142564747106,0.693928989262913,0.684315989150947,0.889871811210667,-0.664999996969934,-0.665622568987258,0.227496504747696,-0.0750003381168497,0.0269490900286866,-0.00911216394845655,2.81201778316859,1.86565076211632e-07,0.0178232115655646,0.375763777922565,0.716690715925628,0.711263194242857,0.716647783548521,0.711278511592084
24,0.611388194473675,0.902359669455789,-0.636734202099023,-0.609919486074058,0.298559760934674,-0.133494867008789,0.0162549939754012,-0.0663025708589648,2.84865651731581,0.36367513857731,0.164199105345018,0.287353613833269,0.738962417119017,0.702097016658701,0.669508672953936,0.685483493340318,0.616930657283477,0.911505854336456,-0.672499994914994,-0.681804794199089,0.205094678184483,-0.0750003060254152,0.0266251210838542,-0.00831364480560454,2.84917434216595,1.77756717561959e-07,0.0180404914465895,0.366783361070465,0.716362367954824,0.71156749768558,0.716320947110831,0.71158360415944
25,0.547304140941194,0.93172995276926,-0.649222912687859,-0.669326488449361,0.283195080668472,-0.117201449029069,0.0432209945391407,-0.0435921680430706,2.87822497551201,0.10631371174882,0.20739513069777,0.291577030789932,0.686113153076071,0.715446283202933,0.717225118991828,0.698177855041277,0.548011538670834,0.930873750281419,-0.679999992868513,-0.696291944999455,0.182182954563111,-0.0750002710690256,0.0263384943555126,-0.00746079931799131,2.88548975089456,1.65374648364903e-07,0.0182371919258883,0.358929031176443,0.716047245640253,0.711860307937207,0.71600737969061,0.7118773275213
26,0.478079569479081,0.958443317686058,-0.660437803589013,-0.711936281930564,0.250771019996307,-0.107993556183227,0.0390576456668184,-0.0248095088108952,2.90973331013855,-0.144611382246337,0.211889889159061,0.324937069414459,0.693138439878297,0.726623123896205,0.703659994492966,0.712249025753948,0.477729977120403,0.947927347448137,-0.687499990866747,-0.709048004320372,0.158818295855545,-0.0750002335559821,0.0260888517220476,-0.00656047628315995,2.92107438493173,1.50025345943392e-07,0.0184120404708856,0.352157745059104,0.715744674994583,0.712142518734722,0.715706397499295,0.712160564860389
27,0.405607022891996,0.982101187136284,-0.671102563243507,-0.735000284093363,0.223734541037175,-0.106186311415649,0.0273328187330334,-0.0127977327695773,2.94373294684805,-0.0296459257170468,0.0179111174850933,0.343579448903066,0.708397009669231,0.704751506447003,0.711342063514873,0.730381861381136,0.406260703666964,0.962624247933242,-0.694999988941855,-0.720041258771584,0.135058790107653,-0.075000193825443,0.0258758024437378,-0.00561935273837648,2.95603450879654,1.32270800875965e-07,0.0185639330089199,0.346430243298736,0.715453672425335,0.712415313040485,0.715417007442039,0.712434488782037
28,0.331209336580979,1.00326714020203,-0.68157145444449,-0.753486400946859,0.198764934724046,-0.10271885622931,0.0324142731938353,-0.0159492809991794,2.97903825634787,0.137773877347051,-0.0324652363574191,0.365058574887556,0.709236467197363,0.712246157188729,0.700244822132906,0.722364478132975,0.333781402172046,0.97492791293708,-0.702499987122128,-0.729244377494347,0.110963507041562,-0.0750001522441941,0.0256989582884277,-0.00464395628531738,2.99047269590077,1.12605537466097e-07,0.0186919301577791,0.341711879320883,0.715173034426178,0.712680071495001,0.715137996736552,0.712700469778148
29,0.254944594660416,1.02140005662886,-0.69124217625733,-0.767904797824173,0.159523374473849,-0.0892738408517366,0.0559212304231713,0.0111283310291024,3.01634465478633,0.343021948705341,0.715258301997988,0.348516943058125,0.743625320991029,0.716541980081991,0.676502004127411,0.675967791573537,0.260472267580675,0.984807753608194,-0.709999985432244,-0.736634480127307,0.0865923512107005,-0.0750001092027567,0.0255579606020553,-0.00364068839208871,3.02448831800929,9.14420866305859e-08,0.0187952539932398,0.337973187394186,0.714901403348449,0.712938305009975,0.714867998620028,0.712960008820735
30,0.179430076624929,1.03399764222386,-0.699988938799407,-0.733599375059767,0.0891092663864166,-0.0874651426786716,0.0700345517227925,0.0621436162678714,3.05320157682685,-0.197895004898179,0.132333489942215,0.31790257881542,0.678109933516374,0.702040399153898,0.773813609267091,0.715334462393469,0.186515557933266,0.992239207096092,-0.717499983893531,-0.742193193710277,0.0620059130726278,-0.0750000651110402,0.0254525007821063,-0.00261584792445907,3.05817808181093,6.9105095225582e-08,0.0188732853646122,0.335190261753499,0.714637314643601,0.713191606126676,0.714605539534179,0.713214688712641
31,0.108710883166775,1.03956231589505,-0.708441827495149,-0.684671649079985,0.0245042229813605,-0.0807127368798695,0.060891879585671,0.0359070715502398,3.08369079839311,0.132898813656214,-0.587049369431055,0.327123050239682,0.701381090363671,0.678613307527226,0.708383573863721,0.751135906654496,0.112095141246366,0.997203797622604,-0.724999982524201,-0.745906698380876,0.037265318350894,-0.0750000203936951,0.0253823353256922,-0.001575654496952,3.09163659653285,4.58338820374863e-08,0.0189255617584186,0.333345001772545,0.714379230129769,0.713441614600163,0.714349072340771,0.713466139657961
32,0.0409543946369488,1.03872140261358,-0.716030298131335,-0.676155368136846,-0.0435955746328725,-0.0706146761700967,0.0762617442214087,0.000931995912526409,3.1150416229392,0.0740059653674242,0.134750115742391,0.344594779279297,0.727433740755433,0.748984152314879,0.678681528130068,0.675904461087696,0.0373960383890042,0.999689182419473,-0.732499981339569,-0.747765761748412,0.0124320760617326,-0.0749999754852849,0.0253472963558824,-0.000526271474744425,3.12495696127984,2.17927464629457e-08,0.0189517757047349,0.33242526362558,0.714125561089535,0.713689993413867,0.714096999373993,0.713716015257937
33,-0.0264992148510765,1.03060568896282,-0.722705647100405,-0.672834913214522,-0.118236263041061,-0.0634971053304466,0.0730652236880567,-0.0031149363324194,3.1493949982341,-0.13936830390512,-0.389909942125372,0.343577398962594,0.680438458120712,0.69043095656513,0.744770366245735,0.729229481634113,-0.0373960369085036,0.999689182417592,-0.739999980352235,-0.747765761858619,-0.0124320744152959,-0.0749999308253609,0.025347298282258,0.000526171377905742,3.15823136420107,-2.91214478666105e-09,0.0189517737190331,0.332424946719649,0.713874684397366,0.713938412035191,0.713847688527386,0.713965975743858
34,-0.09456290352669,1.0155182698832,-0.728893583518004,-0.693517084967823,-0.179359131521425,-0.0608445617725827,0.04598748097629,-0.0339508656982948,3.18121963364333,-0.396854103505143,-0.00330966982501869,0.330655158501288,0.729647211876373,0.737994468858293,0.705964821235103,0.68166953792285,-0.11209513976927,0.997203797611348,-0.747499979572237,-0.745906698691866,-0.0372653168414589,-0.0749998868535042,0.0253823410221059,0.00157555550073867,3.19155168788467,-2.82109784299387e-08,0.018925555773429,0.333344032785892,0.713624954422611,0.714188534172826,0.713599485120656,0.714217675708062
35,-0.165370102753738,0.995970185200488,-0.735181218709193,-0.720340567156997,-0.204041860920188,-0.0659893360276902,5.2414727452818e-05,-0.0185481092496601,3.2139017445476,-0.474847596351226,0.269504190324901,0.31745991858602,0.727342604424886,0.722076522830801,0.717470961997724,0.708749845726949,-0.186515556459733,0.992239207059687,-0.754999979007174,-0.742193194166307,-0.0620059118153713,-0.0749998440043841,0.0254525099923214,0.00261575123082179,3.22501011670185,-5.4045760465843e-08,0.0188732752941368,0.335188586301275,0.713374713162275,0.714442007585476,0.713350722000066,0.714472753882841
36,-0.237932730652273,0.976118126344587,-0.742337064119679,-0.72731411236545,-0.189795486238029,-0.0778151925009971,-0.0165344309755693,0.00484105756149196,3.24561842184692,0.259124023581465,0.145880403488424,0.326552977482671,0.740716621313302,0.694373384161533,0.698037384482165,0.759600948156877,-0.260472266104983,0.984807753523817,-0.7624999786623,-0.736634480646075,-0.0865923502791169,-0.0749998027028737,0.0255579728726343,0.00364059540582396,3.25869974225508,-8.03455396917357e-08,0.018795239685851,0.3379707162803,0.713122300926491,0.7147004536202,0.71309973019508,0.714732822645245
37,-0.310418714286947,0.957587602673216,-0.750359108842986,-0.724173816965822,-0.182734397762554,-0.0812487629829497,-0.00807259699317493,-0.00744395564151917,3.27772053188448,-0.305295062944385,-0.459211079298862,0.310448744034259,0.673543101154074,0.714290666153131,0.768170265550846,0.702601240546997,-0.333781400681227,0.974927912779706,-0.769999978540586,-0.729244377983211,-0.110963506451636,-0.074999763359262,0.0256989729313086,0.00464386871594219,3.29271516265752,-1.07004114591054e-07,0.0186919113878063,0.34170849084237,0.712866069927794,0.71496545412756,0.712844852482261,0.71499945489459
38,-0.383884595983103,0.940015491131446,-0.758194331411061,-0.747282864769675,-0.167002507628614,-0.0742335905622641,-0.0192249953055381,-0.016392090331913,3.30952060975314,0.311642306242629,0.514623298337325,0.330067410141908,0.767895292068129,0.727287449510324,0.631473095879848,0.703722458420727,-0.406260702141361,0.962624247681728,-0.777499978642745,-0.720041259150603,-0.135058789808218,-0.0749997263646057,0.0258758184880846,0.00561927270247202,3.32715307005513,-1.33862941280963e-07,0.0185639094695719,0.346425786736948,0.712604403313179,0.715238533210051,0.712584462395591,0.715274165758562
39,-0.458539517882298,0.92364014426605,-0.765722098787878,-0.736983162094159,-0.165503312061904,-0.0780573855885571,0.0198123250281508,0.0287383726637231,3.34370469997278,0.329027203981846,0.135163954880738,0.355902450577917,0.683504303643093,0.707684946786511,0.740110372350355,0.743222213070901,-0.477729975536803,0.947927347091826,-0.784999978967234,-0.709048004551829,-0.158818295726897,-0.0749996920862726,0.0260888678595316,0.00656040640728721,3.36211281850885,-1.60701590915892e-07,0.0184120117761037,0.352152045604289,0.712335742526695,0.715521130908598,0.712316991571545,0.715558386232025
40,-0.530491936558709,0.905953649821765,-0.774104039354417,-0.70161025651275,-0.192440582433675,-0.0904096293503871,0.0461229486778848,0.0251488392727921,3.38004139821442,0.181557078698843,-0.105331141337151,0.372218325669977,0.712576665110048,0.728755531414876,0.728570774255679,0.72799478911398,-0.548011537008774,0.930873749826347,-0.792499979510211,-0.696291945122463,-0.18218295442538,-0.0749996608637486,0.0263385088842888,0.00746074284233724,3.3976969609365,-1.8723725531729e-07,0.0182371576300715,0.358921896574532,0.712058626399266,0.715814565420121,0.712040968826531,0.715853425340822
41,-0.599108351949208,0.884559985733669,-0.783291937548359,-0.673885507456085,-0.23651181815167,-0.0916008277370003,0.0483924837339816,0.00304892174116825,3.41700658332318,-0.17967965749738,-0.311980645651582,0.388727477105899,0.689944904690557,0.723890682106131,0.727956246696765,0.712482633248394,-0.616930655535064,0.911505853810177,-0.79999998026548,-0.681804794366133,-0.205094677816034,-0.074999633004801,0.0266251318575982,0.00831360568862516,3.43401173906674,-2.13133343784832e-07,0.0180404510933317,0.366774590299459,0.711771746022721,0.716119979775996,0.711755075025204,0.716160416759716
42,-0.666194426010244,0.858834320006673,-0.792311072301646,-0.670763127040294,-0.276639212849993,-0.0885538880562732,0.0357332385027126,-0.0125057908236376,3.45648359610313,0.0205708899193908,0.131701328757301,0.41503144027578,0.731586663055146,0.727276566184382,0.676469462523081,0.711638635368146,-0.68431598733413,0.889871810664775,-0.807499981224403,-0.66562256949715,-0.227496503911609,-0.0749996087821202,0.0269490944182348,0.00911214697282616,3.4711675040246,-2.38015160018929e-07,0.0178231647766367,0.375753172192838,0.711474020249947,0.71643826812345,0.711458218583744,0.716480245026004
43,-0.732972405780672,0.829493366869857,-0.800993151536506,-0.660937422542702,-0.306139899457931,-0.0851293463988812,0.0191726144422149,0.0163910011739333,3.49940774113983,-0.471767688605706,0.427313141912183,0.422146760426565,0.698141553904896,0.738834353829894,0.723668044071774,0.68554344866996,-0.750000001846932,0.866025405993143,-0.814999982375833,-0.647785501889655,-0.249332738421037,-0.0749995884305752,0.0273106766357947,0.00984932693576093,3.50927903695512,-2.61488166719497e-07,0.0175867441644942,0.385903302253592,0.711164697510945,0.716769975901149,0.711149637300963,0.716813445639808
44,-0.797843467835541,0.799214428089595,-0.809046583145855,-0.638271443721,-0.29203934759308,-0.0748845131286576,-0.0253718481418286,0.0219620351777356,3.54163796760424,-0.317449065346462,-0.483514194828233,0.413744127598096,0.684400828902099,0.65841513920409,0.732370617705047,0.746606051815159,-0.813819398238298,0.840025925660414,-0.82249998370608,-0.628337937060585,-0.270549093183006,-0.0749995721452367,0.0277100242629835,0.0105178979351182,3.54846572869667,-2.83151828928224e-07,0.0173328123868635,0.397271605493303,0.710843490424489,0.717115167407436,0.710829033001117,0.717160072549824
45,-0.862080296273365,0.771511209950619,-0.816783718377987,-0.653494557207708,-0.264652163189794,-0.0827069849689366,-0.0274815711707504,-0.0205254817992639,3.58477580206385,0.316469844553342,-0.177870843448565,0.424709096582552,0.757631769113756,0.725768785730916,0.67976456517158,0.728837829307216,-0.875615511383654,0.811938008403504,-0.829999985198959,-0.607328224439683,-0.291092821095194,-0.0749995600802911,0.0281470778837805,0.0111103950537502,3.58885156468438,-3.02600371270873e-07,0.0170631753164003,0.409903411551923,0.710510750199782,0.717473253741903,0.710496745988482,0.717519526006246
46,-0.92870302621673,0.745248793948247,-0.825324216190075,-0.674573155644413,-0.26567070460819,-0.0869893721168215,0.0104563649033702,-0.0103878616411806,3.62822183542593,0.364536829534628,0.357614034780171,0.442709951516917,0.722753724555673,0.738134118329722,0.698536271639844,0.703252962867174,-0.935234706333486,0.781831485136868,-0.837499986835982,-0.58480859720381,-0.310912847208824,-0.0749995523489116,0.0286214855665431,0.0116191371524185,3.63056484588961,-3.19401952439506e-07,0.0167798267932995,0.423839716662161,0.710167687700704,0.71784277421966,0.710153976193657,0.717890333882501
47,-0.995594561074461,0.717766293748944,-0.834567337143984,-0.656685519217276,-0.286292611764794,-0.0991521193921665,0.0419961962696396,0.0153007718384443,3.67283346382011,0.262905282412301,0.0622928947848273,0.433052418240227,0.711654639650628,0.708530014577958,0.745928713461796,0.731716863850777,-0.992528760276755,0.749781205353832,-0.844999988596724,-0.560835042474376,-0.329959895671164,-0.0749995490240355,0.0291324967177345,0.0120362434400311,3.67373755887868,-3.33051149924161e-07,0.0164849536724424,0.439113179758265,0.709816646720715,0.718221125678814,0.709803056569156,0.718269880890268
48,-1.05934132759187,0.687489899040239,-0.844371820595718,-0.616191128920537,-0.320413437135414,-0.0941303770053513,0.0561513776685898,0.0210363593896224,3.71746643605196,-0.0235032788916064,0.184554975702495,0.457992352540828,0.696647170269973,0.734492717899498,0.701001328152024,0.700202502159717,-1.04735523105528,0.715866851054026,-0.852499990459428,-0.535467162195642,-0.348186612211788,-0.074999550139832,0.0296788352678125,0.0123536722371384,3.71850428874118,-3.42897160453085e-07,0.0161809402419844,0.455742954145899,0.709461431657414,0.718604237457186,0.709447780934989,0.71865408347022
49,-1.11832017257481,0.65400617777484,-0.853763996231792,-0.560019669183956,-0.345414616077202,-0.0951745959920364,0.0497913252834952,0.0484029722981106,3.76548431169848,-0.0985476617469073,0.409115680276013,0.468016334822233,0.722709079790367,0.725618842499575,0.709970429758438,0.712114971154389,-1.09957781131384,0.680172738657248,-0.859999992401829,-0.508768025028292,-0.36554768188051,-0.0749995556934434,0.0302585512994795,0.0125632904295084,3.76500054931798,-3.48062037096024e-07,0.0158703713716734,0.473728167661019,0.709107685245467,0.718986196340913,0.709093781946808,0.719037014670882
50,-1.17056295318564,0.619269531977851,-0.862789658882862,-0.481082673108928,-0.347415776354529,-0.0829403400961555,0.0586348824596858,0.071461481130934,3.81499739252831,0.270915925041691,0.0139602449471029,0.500180663363756,0.692278810377233,0.685604611871788,0.696492474720372,0.744819038749974,-1.14906666740478,0.642787609392794,-0.867499994402158,-0.480804009608284,-0.381999941754563,-0.074999565646394,0.0308688519978318,0.0126569840065421,3.81336038880402,-3.47377997646798e-07,0.0155560335086648,0.493039913548545,0.708763300897968,0.71935883689257,0.708748943752026,0.719410494437424
51,-1.21410791984076,0.5840119704086,-0.870243826590873,-0.391526441184919,-0.362765924539356,-0.0661816928097815,0.0776532915440947,0.0397181891172366,3.86454702090395,-0.06493942246472,-0.589583407620387,0.533018945472286,0.661829920801686,0.710273614976854,0.73016337684211,0.716090124739563,-1.19569876220196,0.603804408681195,-0.874999996440223,-0.451644639537622,-0.39750248833852,-0.0749995799249479,0.0315059156493745,0.0126268217687342,3.8637131202182,-3.393866182245e-07,0.0152409123497964,0.513611722692738,0.708438837036772,0.719711329732835,0.708423816729774,0.719763677904134
52,-1.25018524556262,0.545748718944823,-0.876759769445615,-0.338935159714143,-0.404492768445121,-0.0668035492741846,0.0492653227104079,-0.0108287879895149,3.91431682291339,-0.506099368499615,-0.206292275180318,0.524352837936833,0.728503344273799,0.74520701544845,0.717942925618724,0.682031894820728,-1.23935816101639,0.563320055052823,-0.882499998498354,-0.421362410494237,-0.412016779382554,-0.074999598418759,0.0321646966241396,0.0124652852777011,3.9161790325668,-3.22449018657237e-07,0.0149281856940739,0.53532868085586,0.708147876491061,0.720029824648864,0.708131977406709,0.720082698590002
53,-1.28339622414339,0.503602263380228,-0.883713828185997,-0.328962086636709,-0.434781233038201,-0.0723821133574353,0.018255645569115,-0.0124138625770712,3.96730717731335,0.0440128372502296,0.175379635058495,0.543162009761417,0.743752077979336,0.712669409190404,0.677754665513996,0.738147595270159,-1.27993631984581,0.521435199175282,-0.890000000562013,-0.390032609875366,-0.425506729844306,-0.0749996209774526,0.0328387350243612,0.0121655776569756,3.97086396948367,-2.95006956488978e-07,0.0146212096458197,0.558015657646225,0.707907242886685,0.720297236559383,0.707890245477425,0.720350454560387
54,-1.31562600007954,0.459204548827529,-0.891307745235205,-0.310504310088152,-0.451532038981553,-0.0796548108882099,0.0343947499955462,0.013910432259489,4.02374854060818,0.188203059763178,0.355885663543154,0.571700729145332,0.716193606662649,0.730850391080206,0.707073180531172,0.723825999839776,-1.31733235523394,0.478253973588943,-0.897500002619783,-0.357733129424286,-0.437938801720528,-0.0749996474053753,0.0335199918962482,0.0117220208961186,4.02785272951966,-2.56002980328363e-07,0.0143234960488174,0.581425542920862,0.707736951046743,0.720493297272082,0.707718634944334,0.720546660528868
55,-1.3444900185485,0.413723307341953,-0.899410923904672,-0.26495731072682,-0.456732361546329,-0.0816165926073046,0.0391129662057044,0.0241755697499313,4.08418888839262,-0.173158497360655,-0.20732322986152,0.632743243657447,0.662176892030136,0.725294343394587,0.730910554814816,0.741966925266194,-1.35145329506188,0.433883733777072,-0.905000004662589,-0.324544271332685,-0.449282087482381,-0.074999677455548,0.0341987390089413,0.0111305446248908,4.08720135826655,-2.05411861905864e-07,0.0140386788648735,0.605228931379762,0.7076597376384,0.720595026763285,0.70763988558841,0.720648319669478
56,-1.36925721477424,0.367831117429707,-0.907668448222041,-0.235582304048392,-0.460022648374493,-0.0837993089282407,0.0103969255915828,0.0115467232007048,4.14692351872491,-0.390639920739239,0.144986110039344,0.618145048579189,0.737611649890492,0.729926761494011,0.711865218610346,0.683557845520591,-1.38221430964577,0.388434791222702,-0.912500006682106,-0.290548548354857,-0.459508386868979,-0.0749997108247071,0.0348635398762766,0.0103892577143609,4.14892857604969,-1.44764670578403e-07,0.0137704672763407,0.629007299016384,0.707700005955796,0.720577790070707,0.707678408612952,0.720630781264872
57,-1.39246209864279,0.322487938707358,-0.915783562225625,-0.232025665252395,-0.444680888770536,-0.0771254550762308,-0.0134744416972677,0.0110022046550765,4.20906198751845,-0.0233264516935087,-0.312653565321918,0.628727617736156,0.696128534740538,0.678301851203814,0.707643946565313,0.747589496492933,-1.40953892257022,0.342020139127171,-0.920000008668542,-0.255830478505418,-0.46859227683139,-0.0749997471518683,0.0355013636319314,0.00949907687797529,4.21300681563948,-7.74841735650095e-08,0.013522583723506,0.652252245387352,0.707882045648427,0.720417078994658,0.707858507193535,0.720469523403386
58,-1.41618573882222,0.278310578884957,-0.923376345414226,-0.243642290621119,-0.443179105450636,-0.075802648085533,-0.00861882792155205,-0.0140030499382701,4.27370669802844,0.0632863734682029,-0.0668861036238044,0.659579232567534,0.717769857709002,0.736869142709934,0.692163006100578,0.70915672843218,-1.43335920074534,0.294755171483489,-0.927500010608249,-0.220476374927245,-0.476511174472616,-0.074999786022749,0.0360978723359573,0.0084643643396224,4.27935361479375,-8.830371453422e-09,0.0132986860155933,0.674373618604149,0.708227477759114,0.720091068280246,0.708201822193279,0.720142710382958
59,-1.44100798187391,0.233550965214654,-0.930813990782297,-0.248551698606218,-0.450686055772429,-0.0724297981634694,0.0121155416762871,0.00376861781954146,4.34223063305298,0.414531431012165,0.428820866586419,0.712571053846106,0.722823149568246,0.727695050262913,0.667310843288145,0.724857953202166,-1.45361592323316,0.246757396210104,-0.935000012481775,-0.184574131501366,-0.483245392888561,-0.0749998269813692,0.0366379116721103,0.00729350243070909,4.34782437627088,5.4688258113322e-08,0.0131022741660823,0.694719017959819,0.708752043289806,0.719583828136014,0.708724121133996,0.719634406614791
60,-1.4643851553176,0.188795069759072,-0.938047409256279,-0.211902504900775,-0.442453319109525,-0.0727340965671107,0.0495198090156516,0.0257147642975772,4.41625714337725,0.217589030040185,-0.0941517559231366,0.753973044449057,0.672544559047163,0.712321715764496,0.737566183276448,0.738909471803086,-1.47025872844443,0.198146143057531,-0.942500014263058,-0.14821300472483,-0.488778189864146,-0.0749998695482304,0.0371062120337683,0.00599931224852392,4.41820770372262,1.06436373952905e-07,0.0129365846818848,0.712606019873375,0.709462091087765,0.718888837405461,0.709431786080273,0.718938091221609
61,-1.48274058289008,0.144752215782415,-0.945472962229526,-0.155309260010141,-0.440797042214824,-0.0762002222152171,0.0536726492755462,0.00842492915793464,4.49065700113543,-0.169945670615514,-0.0548743605737387,0.743532601488438,0.717943710110159,0.73071584961601,0.729291701710795,0.693443773491577,-1.4832462393564,0.149042267003537,-0.950000015920252,-0.111483392319712,-0.493095809399152,-0.0749999132421462,0.0374882716727892,0.00459921422764657,4.49022455692594,1.41099329636412e-07,0.0128044774948644,0.727366389987886,0.710351378199993,0.718012184375585,0.710318613464862,0.718059860135193
62,-1.49585420848263,0.100611489263614,-0.953054614079988,-0.108047895341418,-0.439266083343918,-0.0745740810721163,0.0461070863728857,0.0204557124563543,4.56658272485448,0.0983448519396319,0.405506580757521,0.769349746971469,0.730597685093681,0.724846128592188,0.67430877407064,0.719556362342393,-1.49254616644519,0.0995678478557688,-0.957500017418304,-0.0744766089830061,-0.496187516019446,-0.0749999576008993,0.0377713505053289,0.00311503911107797,4.56353226003626,1.56061419652136e-07,0.0127083231690331,0.738398743291708,0.711398977105902,0.716974660942271,0.711363720192605,0.717020521195731
63,-1.50399705899307,0.0578619282534548,-0.960268991939033,-0.05225255059759,-0.413219677020667,-0.0692946929492755,0.0619749122422829,0.0318015976519772,4.64479047098653,0.116569231504473,-0.269635053805381,0.777380705322398,0.680522563325781,0.685191261800993,0.74060777052831,0.737795119349131,-1.49813538806679,0.0498458867875675,-0.965000018722876,-0.0372846596740887,-0.498045621777083,-0.0750000021954106,0.0379454622543301,0.00157243379204589,4.63773389974594,1.52247639298063e-07,0.0126498998761368,0.745223229729617,0.712569071441024,0.715811968611657,0.712531337641062,0.715855800517244
64,-1.5060071999439,0.0173064034940908,-0.967210240775847,0.0116500143050542,-0.403831137426783,-0.0706618808978084,0.0607666272182088,-0.00824293275323251,4.71961693616853,-0.197863107749378,-0.302514623208265,0.765465133847798,0.714942494094889,0.730195316550012,0.728035381581186,0.696518880215609,-1.50000000806163,5.45475024279398e-10,-0.972500019804732,-1.08830249030805e-08,-0.498665505783156,-0.075000046633571,0.038004227305529,-1.33826149264376e-07,4.71239290446365,1.34075846232114e-07,0.0126303102843472,0.747529818177174,0.713813132077216,0.714572544488294,0.713772985529128,0.71461416811094
65,-1.5021651543748,-0.0238654690870392,-0.974909832556774,0.0621383209921024,-0.422364296440219,-0.0849920931910505,0.0402535775887582,-0.027433223077305,4.79484205751789,-0.116111323505839,0.0178591953650136,0.758205246542243,0.744518568121592,0.730982089596188,0.712315836050418,0.719830274928745,-1.49813539040699,-0.049845885915435,-0.980000020643489,0.0372846395773524,-0.498045626085392,-0.0750000905530506,0.0379454512736905,-0.00157269452957942,4.78705173656479,1.08452746641414e-07,0.0126499274876219,0.745211583107661,0.715074419587652,0.713313061136217,0.715031971890279,0.713352336600112
66,-1.49402876518328,-0.0672568536309117,-0.983938180332591,0.0986764515314666,-0.445472715012025,-0.0945207127477659,0.0266418645451535,-0.0293503187759875,4.86959383892449,-0.143811793647308,-0.0713292377584632,0.733687588341478,0.72027057719247,0.708971399821478,0.735452993725253,0.715486907115374,-1.49254617080174,-0.099567847594096,-0.987500021229744,0.0744765935948042,-0.496187523725812,-0.0750001336061295,0.0377713299924074,-0.00311527957450033,4.86125286681865,8.30954381350421e-08,0.012708376335753,0.738376536315236,0.716294114059276,0.712092299161753,0.716249520398087,0.71212913195745
67,-1.48277998900642,-0.113122655852046,-0.993569644377087,0.125973580589723,-0.471508537213075,-0.0973718914089165,0.0235153333832334,-0.028247922004953,4.94176632660105,0.182164574661985,0.193759891841778,0.708944181822821,0.745095766990505,0.707446928260804,0.69874113441192,0.710465393471974,-1.48324624513887,-0.149042267616699,-0.995000021565057,0.11148338384848,-0.493095818894168,-0.0750001754423331,0.0374882443566026,-0.00459942245712913,4.93455974932954,6.4710859902868e-08,0.0128045524241901,0.727335617167815,0.717417874544039,0.710964589965804,0.717371327643946,0.710998933921284
68,-1.46856050266911,-0.161067257165577,-1.00282643838096,0.159555484970188,-0.486789097727974,-0.0858004275901109,0.0288019196755501,-0.0299249209144228,5.0126943420709,-0.145385889026497,-0.317184459833057,0.71434891296231,0.664689537934853,0.70041625873707,0.736049384703586,0.713304715643543,-1.47025873489744,-0.19814614463055,-1.0025000216599,0.148213004200347,-0.488778199203625,-0.0750002156952295,0.037106181593446,-0.00599947855873127,5.00657551466025,5.75988599234899e-08,0.0129366764104744,0.712569274774296,0.718401492888433,0.709974163648072,0.718353215371957,0.710006021364831
69,-1.45093490029999,-0.211263974406988,-1.010811180352,0.19208594287503,-0.520757650861101,-0.0743156504468356,0.0140952315939105,-0.0491594661668132,5.08353249460262,0.000852012215769019,0.13245825237793,0.706937209606119,0.739371455217268,0.716537442047687,0.68048754115167,0.690562215258409,-1.45361592956052,-0.246757398636348,-1.01000002153024,0.184574138676457,-0.483245400214417,-0.0750002539779706,0.0366378822681528,-0.00729362014307603,5.07695754868556,6.30516814744806e-08,0.0131023772463457,0.694679128292014,0.719214592532363,0.709151451239233,0.71916482842509,0.709180872103797
70,-1.43025200914793,-0.264978426191043,-1.01803797768617,0.22180826885548,-0.549354213291306,-0.0714339894828673,0.0226754307285767,-0.0278898427243229,5.15319979010787,0.217450171687132,0.225986557532978,0.675166328704527,0.7281738059376,0.695632113129616,0.718452151706934,0.71158660241755,-1.43335920623129,-0.294755174492469,-1.01750002119379,0.220476388430362,-0.476511178384883,-0.0750002898888986,0.0360978480617482,-0.00846443025551648,5.14542688780401,7.96072177441089e-08,0.0132987951838487,0.67433330290756,0.71984190467007,0.708511808728217,0.719790910824862,0.708538884872148
71,-1.40631410418859,-0.320285630059874,-1.02519249781349,0.258333452659365,-0.554421666788416,-0.0718236762328603,0.0347325630323006,-0.0211239221558648,5.2185375399505,-0.00916790366003879,-0.0923669998328251,0.625195464607218,0.708206332823115,0.698354297836285,0.750024647158814,0.702216463279298,-1.40953892667523,-0.342020142343161,-1.02500002066684,0.255830496186114,-0.468592276628241,-0.0750003230252505,0.0355013479743619,-0.0094990913954807,5.21177222123267,1.03925693161778e-07,0.0135226944331425,0.652213848081348,0.720282289788705,0.708056494840264,0.720230327903043,0.708081355593597
72,-1.37852558938527,-0.376050647226442,-1.0328571029331,0.295326806599098,-0.563862228270597,-0.0830566571870435,0.012572162961243,-0.030803837215796,5.27884831007303,-0.41533677005205,-0.000421751506814763,0.588243033031723,0.726671595392203,0.733986132087394,0.739700965368776,0.696120929670179,-1.38221431206237,-0.388434794238681,-1.03250001996225,0.29054856772677,-0.459508382614447,-0.0750003530008829,0.0348635352817106,-0.0103892245565118,5.27584903814494,1.31911557119794e-07,0.0137705760262236,0.628972629968726,0.720546137064809,0.707775270156353,0.720493466780644,0.707798075605092
73,-1.34807889200814,-0.433641001557959,-1.04106596451098,0.3125498127703,-0.588736342266578,-0.0784273898610604,0.00439274030201136,-0.0322694543075837,5.33634240588934,0.480806256940527,-0.0604790870077649,0.562070315568001,0.746152582152155,0.662226089495289,0.682500566089992,0.739718723129655,-1.35145329572599,-0.433883736226896,-1.040000019089,0.324544290010628,-0.449282079909524,-0.0750003794635514,0.0341987466280742,-0.0111304702297876,5.3375749550328,1.59720262010001e-07,0.0140387833074744,0.60519920794925,0.720651958746178,0.707649800584465,0.720598832102396,0.707670734813624
74,-1.31493247659864,-0.493185186133863,-1.0486548576986,0.357912542797488,-0.597074205377956,-0.0737527931373238,0.0564761869809092,-0.0370181092100434,5.39258737659162,0.416789882477923,0.026751391290663,0.568307988632214,0.701258332413464,0.728887462328034,0.715500308276623,0.702136268583158,-1.31733235429668,-0.478253975203447,-1.04750001805282,0.357733145470773,-0.437938792016076,-0.0750004021083423,0.0335200115378169,-0.0117219135851308,5.39692246852663,1.84422459170004e-07,0.014323594908709,0.581401413998743,0.720622925202928,0.707657119665153,0.720569582506246,0.707676384172597
75,-1.27555479224699,-0.552171246683944,-1.05597108511538,0.430155248425022,-0.579709028615494,-0.0731590231206832,0.0680849497881481,-0.028872280333037,5.44904308827553,-0.183135752658556,0.219322108973765,0.540222805678565,0.712993296896225,0.731258615181,0.739384604060414,0.680575408278818,-1.27993631761773,-0.521435199813752,-1.05500001685774,0.390032622007323,-0.425506719380413,-0.0750004206856323,0.0328387653007639,-0.0121654467252291,5.45391034331429,2.04263784714297e-07,0.0146213025079778,0.557997281852389,0.720483863055533,0.707772627465594,0.720430530078635,0.70779043510159
76,-1.22966394013159,-0.608846699815314,-1.0634234140347,0.481809922059323,-0.551780921063649,-0.0763946467215242,0.05095138685444,0.00164310286425096,5.50277141063748,-0.02404897240183,0.459389313663767,0.497152943342539,0.747788059429674,0.702617738269791,0.711599836627146,0.708542968618627,-1.23935815789864,-0.563320054707906,-1.06250001550782,0.421362418140082,-0.412016769460586,-0.0750004350036921,0.0321647352372261,-0.0124651401399884,5.50859464823182,2.18589137651158e-07,0.0149282727306421,0.535315832095947,0.720258979076566,0.70797236350229,0.720205865394324,0.70798893315432
77,-1.18029007045812,-0.661698769808353,-1.07080443612709,0.501402270652722,-0.501042839645996,-0.0695334178020388,0.0529914833105563,0.0354188830143168,5.55397304796493,-0.00138610056992242,0.192077658641959,0.496771867468328,0.693075794063719,0.700322856657907,0.717962061533495,0.720985171093649,-1.19569875861855,-0.603804407461091,-1.07000001400868,0.45164464276748,-0.397502479993613,-0.0750004449272268,0.0315059597490739,-0.0126266712566379,5.56106018505528,2.27565357127686e-07,0.0152409940468926,0.513603901903599,0.719970356765688,0.708234506896481,0.719917654997158,0.708250059018997
78,-1.1298808176357,-0.708587878206081,-1.0776319205296,0.505614322031033,-0.4360853422229,-0.0682247824179902,0.0529334330365575,0.0407803796681983,5.60341653281306,-0.0374462998538959,-0.00525195515626613,0.480462817557127,0.716140386539151,0.706078340417485,0.72722812361696,0.713302464545915,-1.14906666374643,-0.64278760748825,-1.07750001236869,0.480804008979672,-0.381999935645843,-0.075000450373612,0.0308688985486395,-0.0126568358659598,5.61141278371613,2.31839416185897e-07,0.0155561104375862,0.493036452414361,0.719637133915032,0.708540195516317,0.719585019637263,0.708554948511742
79,-1.07928638635333,-0.748905846918198,-1.08445322957857,0.505391138578494,-0.36901663306448,-0.0680144486756919,0.0580271871638207,0.0477326390971485,5.65035663934188,0.127723854023839,0.256074512813925,0.446697547084136,0.741738250853847,0.709335285924931,0.708204903787488,0.701057021992887,-1.0995778078995,-0.680172736302143,-1.08500001059949,0.508768021395056,-0.365547678268342,-0.0750004513084478,0.0302585974040609,-0.012563151025674,5.65977270679819,2.32233655089257e-07,0.0158704440280945,0.473728316387938,0.719275205536469,0.70887381977925,0.719223837660393,0.708887987172472
80,-1.02906932161673,-0.781786843776002,-1.09072185259633,0.499446966258444,-0.286273787473183,-0.0555853735057119,0.0742298294722889,0.0499876814457259,5.69461818006385,0.119950413698561,-0.2832068884444,0.437992537639978,0.682487949894891,0.684380263819562,0.729817595514351,0.72518492710649,-1.04735522811269,-0.715866848487532,-1.092500008716,0.535467156521997,-0.348186611005702,-0.075000447741576,0.0296788784161363,-0.012353546444105,5.70626923270045,2.29531118867366e-07,0.0161810089577466,0.455745950192713,0.718897286938597,0.709222956353229,0.718846808373999,0.709236744664632
81,-0.978587851343488,-0.80634755703517,-1.09621655679381,0.515354166517149,-0.21057415109975,-0.0569551487789246,0.0616334420575799,0.00206075253443357,5.73544648657345,-0.473922188899888,-0.545597078129372,0.447601707285959,0.690079484968255,0.740125817640679,0.742268220399829,0.705615429003936,-0.992528757940035,-0.749781202789938,-1.10000000673612,0.560835035683255,-0.32995989652262,-0.0750004397241239,0.029132534948765,-0.0120361346750649,5.75103637103192,2.24361503105025e-07,0.0164850185905427,0.439118297626835,0.718513193154023,0.709578085571393,0.718463731629933,0.709591692777677
82,-0.925223422375321,-0.825787124603447,-1.10186780119555,0.555384522177406,-0.185440762857592,-0.0548353027642146,0.0351237429924907,-0.0398793958928681,5.77881252909239,0.157855532730305,-0.174751331482586,0.455525789297505,0.751683245078291,0.700952851836704,0.667726206495129,0.726003458231023,-0.93523470465342,-0.781831482744349,-1.10750000468008,0.584808590074191,-0.310912849621452,-0.0750004273466487,0.0286215175444375,-0.0116190475107907,5.79420959664281,2.17170558140876e-07,0.0167798878888292,0.423846300707316,0.718130224644951,0.709932202642037,0.718081893588167,0.709945817113427
83,-0.866943532239568,-0.843432044112455,-1.10747560397639,0.609327658748546,-0.162644237273005,-0.0584571284136829,0.0555744185114751,-0.0230104301738335,5.82409565423975,0.146525757450613,0.590695799305376,0.424759187904105,0.7474987988312,0.738762243534512,0.711710421733274,0.677837823938199,-0.875615510345539,-0.811938006296858,-1.11500000256976,0.607328217554671,-0.291092824529467,-0.0750004107381251,0.0281471029006026,-0.0111103255024087,5.83592345794237,2.08243777389606e-07,0.0170632324439971,0.409910894637687,0.717753583433044,0.71028039851626,0.717706482837912,0.710294198327497
84,-0.804687083777618,-0.857235365426064,-1.11325081876429,0.626536776276666,-0.11040582264564,-0.0558669943472283,0.0486874237282707,0.0326021345678163,5.86946997608466,-0.324039303156408,0.425433507086715,0.424226476267897,0.683192431350408,0.717587682003864,0.735799962683381,0.710217764234475,-0.813819397782652,-0.840025923900339,-1.122500000428,0.628337930798893,-0.270549097139706,-0.0750003900653791,0.0277100421853444,-0.0105178485310613,5.87630990897297,1.97755134297529e-07,0.0173328653372147,0.397279516538476,0.717386772635859,0.710619457440252,0.717340989882376,0.710633609966372
85,-0.743163533350744,-0.865893717466725,-1.11882655052523,0.600708000566329,-0.0694910065980543,-0.0565179985832601,0.00491669939036861,0.0331252421903654,5.91077351794629,-0.537334711196216,-0.46386129006913,0.387238006348889,0.695085460205892,0.678200759558348,0.762181533688601,0.72789841612626,-0.750000001889259,-0.866025404593983,-1.12999999827802,0.647785496448235,-0.249332742495995,-0.0750003655325555,0.0273106878144093,-0.00984929704377108,5.91549722339275,1.85818321653622e-07,0.0175867927168241,0.385911265540546,0.717031954003397,0.710947496610022,0.716987564598507,0.710962158333071
86,-0.683870286980942,-0.873145737108164,-1.12505365658644,0.593982721296751,-0.0861322662672412,-0.0694104390317268,-0.035964690751798,-0.0376936994766581,5.94913994003849,-0.213703551124963,-0.87974892670742,0.353276851111995,0.737365136546194,0.696497687472074,0.72964385911689,0.736773692220511,-0.684315987781334,-0.889871809605968,-1.13749999614291,0.665622564931574,-0.227496507821122,-0.0750003373802966,0.0269490995782239,-0.0091121354656794,5.95360936492705,1.72526908656759e-07,0.0178232087392596,0.37576090094628,0.716690252811474,0.711263658585506,0.716647321041084,0.71127897505299
87,-0.62220629373231,-0.884642521034941,-1.13226872463005,0.646860389363742,-0.147220407637747,-0.0730468635110668,-0.0443103609960432,-0.0853916716136779,5.98564609759527,0.0742437002218015,0.0764789239314943,0.3375387414192,0.764577088361534,0.743284160090513,0.676953747516994,0.684852536387973,-0.616930656297336,-0.91150585304894,-1.14499999404528,0.681804790636842,-0.205094681397271,-0.0750003058844156,0.0266251319844975,-0.00831361111998101,5.99076570818803,1.57978015019105e-07,0.0180404903290836,0.366781876599381,0.71636200869795,0.711567857893772,0.716320588185767,0.711583963782651
88,-0.554463284540681,-0.902163197632509,-1.13930186243122,0.70395314958727,-0.194171830472796,-0.0670610723870567,0.000343515794952183,-0.0465851456991475,6.01795257018061,0.955843973990125,0.575200096218773,0.326976401703327,0.753042302062897,0.686237066085862,0.672770974453177,0.728520335136,-0.548011538006847,-0.930873749309434,-1.15249999200698,0.696291942137956,-0.182182957618735,-0.0750002713539704,0.0263385051170052,-0.00746076358787735,6.02708102309072,1.4228007590697e-07,0.0182371920670305,0.358928599223322,0.716046976221416,0.711860578058966,0.716007110396279,0.711877597309899
89,-0.482318402772831,-0.920567865927312,-1.14557420378206,0.735541332194917,-0.162319098098359,-0.0576963294790864,0.0613356662536973,-0.0110871416541493,6.0524536226514,-0.00700636320520679,0.0293458290002625,0.344268746762271,0.637054066300639,0.732598627877066,0.764739778364691,0.694666380753633,-0.477729976705187,-0.947927346764915,-1.15999999004888,0.709048002203284,-0.158818298547956,-0.0750002341287285,0.026088861397581,-0.00656044077336846,6.06266565379888,1.25548678415248e-07,0.0184120414062656,0.352158077163001,0.71574448140163,0.712142712817898,0.715706203878257,0.712160758813233
90,-0.407626813864812,-0.934191952524024,-1.15170776976676,0.756014188812745,-0.112416346508736,-0.0681602952517057,0.0453768951511136,-0.000883207646054025,6.08828139726375,-0.119571617380394,0.373672506646166,0.360480396399831,0.744701173073152,0.74205852813076,0.698854450593137,0.717368345738801,-0.406260703428575,-0.962624247495756,-1.16749998819078,0.720041257335488,-0.135058792316314,-0.0750001945760793,0.0258758105168055,-0.00561931900385026,6.09762583848647,1.07895706098293e-07,0.0185639343391213,0.34643110059926,0.71545354129014,0.712415444491099,0.715416876170047,0.71243462025696
91,-0.332109114678466,-0.943214849282349,-1.15934446664955,0.751018603150799,-0.0672805607964188,-0.084671679322327,0.0468387610409961,0.0165777550371865,6.12442289013698,0.157320526410197,-0.155851276724375,0.341672944308589,0.719654021864661,0.687312667180331,0.747857289165498,0.751636170730306,-0.333781402048143,-0.974927912694091,-1.17499998645122,0.729244376617876,-0.110963508720496,-0.0750001530874801,0.0256989645656665,-0.00464392532534211,6.13206412900681,8.94168087560681e-08,0.0186919315826337,0.34171306893311,0.715172953445592,0.712680152652826,0.715137915545598,0.712700551070853
92,-0.257122881143901,-0.947499640007489,-1.16791489120573,0.750876181309627,-0.0211341740445381,-0.0843881385516953,0.0318599072730168,0.000977929383164964,6.1571903519531,-0.620479075941205,0.00957094590232658,0.330295809895435,0.694682424359828,0.750948188214412,0.732733582745756,0.667717760881459,-0.26047226752233,-0.984807753506971,-1.18249998484744,0.736634479668914,-0.0865923523733425,-0.0750001100745347,0.0255579651178526,-0.00364066077860146,6.16607987993523,7.01811289373934e-08,0.0187952553153279,0.337974557747287,0.714901361533441,0.712938346897193,0.714867956549227,0.712960050915328
93,-0.182180445350736,-0.949088436962289,-1.17616253861996,0.743696077062051,-0.0193671684993028,-0.0804418574096195,-0.0222567315890287,0.0211667617890338,6.19022193402137,-0.267256330592501,0.39985353560721,0.335541292202903,0.74041242592697,0.705378468555018,0.676727779733361,0.720694083995332,-0.186515557905595,-0.992239207087515,-1.18999998339526,0.742193193533907,-0.0620059137748175,-0.0750000659647969,0.0254525037179428,-0.00261582390796259,6.19976978464508,5.02258696691924e-08,0.0188732864752072,0.33519169740927,0.714637302435601,0.713191618330399,0.714605527047404,0.713214701164931
94,-0.109439360484531,-0.952169678777486,-1.18401830626022,0.709639188420987,-0.041909897577035,-0.0768053776749934,-0.0199700285498491,0.0296644774225926,6.22347623646815,0.277163914560817,-0.424295063286935,0.332121532681807,0.696297934962049,0.662269857299762,0.730679355129266,0.758162747450034,-0.112095141227157,-0.997203797664555,-1.19749998210897,0.745906698370891,-0.0372653186741753,-0.0750000211973828,0.0253823369451647,-0.00157563409317373,6.23322844239531,2.95569660537141e-08,0.0189255626160535,0.333346418112562,0.714379239417804,0.713441605254966,0.714349081344694,0.71346613057797
95,-0.0391036779993224,-0.95675307661083,-1.19145451477898,0.706007954993013,-0.0444992249783833,-0.0716001577691518,0.0142293847688372,-0.0224047086246868,6.25612927918045,0.335033603764385,-0.466255374259817,0.31621644542977,0.718207069270802,0.711938971077628,0.710856136152804,0.69743135616336,-0.0373960383662897,-0.999689182478647,-1.20499998100129,0.747765761816051,-0.0124320760986396,-0.0749999762184587,0.0253472969549562,-0.000526254534750234,6.26654894514444,8.15598678371284e-09,0.0189517763131468,0.332426601687869,0.714125585156401,0.713689969255804,0.714097023164896,0.713715991363401
96,0.0332058622905188,-0.960193109486362,-1.19857839462258,0.743802467698266,-0.0235884660506541,-0.0717041162834059,0.0168414370821317,-0.0444219586172038,6.2870819126031,-0.353486900439193,0.0907184883251753,0.313777623412749,0.709463341258912,0.75948327357488,0.721055885002471,0.672192721738408,0.0373960369391987,-0.999689182469989,-1.21249998008323,0.747765761942524,0.0124320745729599,-0.0749999314766577,0.025347298153402,0.000526185111803002,6.29982347621713,-1.40074601047855e-08,0.0189517741082102,0.332426168376678,0.713874717818038,0.713938378503873,0.713847721690082,0.713965942461515
97,0.109441216787232,-0.962274902242254,-1.20592309893462,0.776105917738137,-0.0216895539127051,-0.0756406280117319,-0.00411965696739401,-0.0151339950790892,6.3194471369258,0.149746528427078,0.459427078940544,0.336949964686917,0.742951651013072,0.710216699533506,0.676343807800325,0.739641828209933,0.112095139807536,-0.997203797641747,-1.21999997936406,0.745906698754978,0.0372653171109595,-0.0749998874184697,0.0253823404304446,0.00157556635122007,6.33314391523902,-3.69592086788817e-08,0.0189255559852506,0.333345116383935,0.713624992933482,0.714188495542799,0.713599523398168,0.714217637304136
98,0.187012435289927,-0.964243790433923,-1.21399184846192,0.767648178312226,-0.0131269347022642,-0.0865200109033647,0.025398996414518,0.028879165259656,6.3539303510447,0.347915041089867,0.367730657125371,0.341762763750107,0.719384349689697,0.714741121501029,0.72628218902068,0.73049718200466,0.186515556502467,-0.992239207060466,-1.2274999788512,0.742193194190964,0.0620059121281108,-0.0749998444836369,0.0254525091617024,0.00261575955211235,6.36660244507081,-6.07017892262796e-08,0.0188732753726609,0.335189522824992,0.713374753515702,0.71444196711231,0.713350762148633,0.714472713608233
99,0.2617053345565,-0.963979858508157,-1.22261794002333,0.721283844388755,0.021208754633561,-0.0837079674864612,0.0466028654901102,0.0566686930985658,6.38946616072867,-0.0176226175556675,0.219383807667359,0.347324473808563,0.691080471078943,0.721770129930682,0.7265976039831,0.703401279011359,0.260472266148064,-0.984807753493403,-1.23499997855014,0.736634480628641,0.0865923505828751,-0.0749998031005875,0.0255579719794816,0.00364060155888338,6.40029215690017,-8.5195682193215e-08,0.0187952396715383,0.337971506063727,0.713122340741573,0.714700413690305,0.713099769835394,0.71473278288451
100,0.330630004230163,-0.960069727901401,-1.23108059649406,0.657346605373495,0.0540555619783037,-0.0871287615717223,0.030673529185838,0.0556485821603881,6.42558839411208,-0.32007837070577,-0.259540360199844,0.375826355670758,0.686509998506723,0.720519149809318,0.734835819422851,0.737062572483586,0.333781400720658,-0.97492791272092,-1.2424999784644,0.729244377929081,0.110963506710603,-0.0749997636819385,0.0256989721042537,0.00464387305078283,6.43430764921934,-1.10343028633843e-07,0.0186919113146983,0.341709140816366,0.71286610754528,0.714965416403794,0.712844889954841,0.714999417310811
101,0.39403468196319,-0.953989872502469,-1.23954881243879,0.61660177599383,0.0640577829739675,-0.0804797280638903,0.0060320972143878,0.0240399560476212,6.46272371645319,-0.137929304072713,-0.281572530260213,0.371243049018305,0.721972613768171,0.698745216625967,0.699668973542781,0.708702686832551,0.40626070217396,-0.96262424760021,-1.24999997859542,0.720041259070033,0.135058790001484,-0.0749997266201065,0.0258758178115793,0.00561927554624121,6.46874561509744,-1.35976238683849e-07,0.0185639093644476,0.346426308181603,0.71260443765992,0.71523849876771,0.712584496625699,0.715274131428705
102,0.454814093805016,-0.947385333891798,-1.24729399696468,0.600011249678928,0.0724878458362068,-0.0748920150122508,0.0329887804946148,0.012172254492928,6.49986580668765,0.753976180394764,0.0959989136889636,0.374938944436643,0.751430349942676,0.694681212899284,0.665182663491911,0.730019494146047,0.477729975560519,-0.94792734699466,-1.25749997894248,0.709048004456759,0.158818295846015,-0.0749996922830769,0.0260888673799206,0.00656040805690717,6.50370540986127,-1.61853631355633e-07,0.0184120116588212,0.352152452360963,0.712335772993022,0.71552110035839,0.712317021946987,0.715558355769398
103,0.513528805913817,-0.937560756839467,-1.25488735956845,0.573151889822694,0.132662770302875,-0.0778872556702326,0.0836168560732065,0.00311663847834987,6.53651571901846,-0.00880074256781856,-0.364312448095926,0.371165486723653,0.666360318339786,0.731928569004177,0.775377228844771,0.702982587963675,0.54801153702274,-0.930873749720958,-1.26499997950258,0.696291945024322,0.182182954471516,-0.0749996610104031,0.0263385086171094,0.00746074356065378,6.53928958787913,-1.87663433512813e-07,0.0182371575144953,0.358922203664521,0.712058652731113,0.715814539016339,0.712040995090151,0.715853399002831
104,0.57026022324129,-0.920458843971882,-1.26263051366029,0.565746382424686,0.206599179491754,-0.0763074835433216,0.0613474126308425,-0.0187097302548565,6.57219828903959,-0.30408092607584,0.156073585407047,0.377123647024724,0.73158922810445,0.742669835885607,0.690862366511073,0.689232169138417,0.61693065553947,-0.911505853703513,-1.27249998027037,0.681804794274503,0.205094677797102,-0.0749996331095291,0.026625131795167,0.00831360570317443,6.57560439239455,-2.13036104677743e-07,0.0180404509884665,0.366774812893245,0.711771768229107,0.716119957509271,0.711755097182676,0.716160394540306
105,0.626773500253139,-0.897178460799014,-1.27041673642826,0.56540094979168,0.254584407976746,-0.0804290551142283,0.0334157288766193,-0.018872620083688,6.61017604410696,-0.212052907943056,-0.305389398125394,0.378051963738968,0.701011533427299,0.692452963219486,0.736298675640787,0.743980174532055,0.684315987330005,-0.889871810562766,-1.279999981238,0.665622569419103,0.227496503839658,-0.0749996088525595,0.0269490945368475,0.00911214647648043,6.61276017602385,-2.3756294565806e-07,0.0178231646877359,0.375753324874309,0.711474038525525,0.716438249798384,0.71145823682637,0.716480226733049
106,0.684250129314582,-0.870033109784085,-1.27880653047236,0.588606889658835,0.285644122916648,-0.0875513224270004,0.00750165686559724,-0.038239861495446,6.64576634005886,-0.321984499104376,0.099908988533382,0.337927397172378,0.747658147954521,0.73121544194637,0.718266022343894,0.681534977259136,0.750000001835875,-0.866025405900399,-1.28749998239507,0.647785501829604,0.24933273831004,-0.074999588473619,0.0273106769021001,0.00984932608865527,6.65087172131868,-2.60816535127461e-07,0.0175867440940339,0.385903398526423,0.711164712172765,0.716769961199698,0.71114965194261,0.71681343095834
107,0.744659176195181,-0.84098081831776,-1.28762846792025,0.618162464528108,0.291343728839427,-0.0878770461258428,-0.0127352481082141,-0.0218836898543425,6.67933201429606,0.0114950196033086,0.13316546514224,0.342796984507796,0.718791597681532,0.70125465948538,0.69815898538462,0.734055389242603,0.813819398222225,-0.840025925580128,-1.29499998372852,0.628337937020468,0.270549093047133,-0.0749995721669538,0.027710024639288,0.0105178968673858,6.69005842039993,-2.82366064160162e-07,0.0173328123353417,0.397271657481135,0.710843501861684,0.717115155939337,0.710829044428029,0.717160061092351
108,0.807539432259726,-0.812000825364195,-1.29680460701108,0.6383520614002,0.288588294831532,-0.0971773974907502,-0.00933899793505099,-0.0161647154743689,6.7146887955903,0.00280768716027878,-0.0364006195751392,0.36652599811786,0.706664924189525,0.72689586722166,0.724167282531328,0.731395655293912,0.875615511364567,-0.811938008337496,-1.30249998522273,0.60732822441935,0.29109282094756,-0.0749995600859044,0.0281470783321932,0.0111103938687039,6.73044425983903,-3.01779001361981e-07,0.0170631752829689,0.409903429849278,0.710510758834702,0.717473245083626,0.710496754620475,0.717519517351651
109,0.872248416955324,-0.783204031812856,-1.30616770201071,0.653802832926685,0.287479452957843,-0.0869164971900268,-0.00345643607047455,-0.00454476830591278,6.75426548059802,0.163403402377528,0.3459523985914,0.432224622901213,0.704106212927751,0.731392138521239,0.660746430413722,0.714710172928661,0.935234706313287,-0.781831485085733,-1.30999998685971,0.584808597201505,0.310912847060683,-0.0749995523428198,0.0286214860519832,0.0116191359299081,6.77215754158834,-3.18600705425793e-07,0.0167798267762443,0.423839710298758,0.71016769395991,0.71784276794348,0.71015398245515,0.717890327605088
110,0.937273962302041,-0.754385255177921,-1.31419653265311,0.64134292417628,0.292291921756049,-0.073887582292783,0.0313354669692499,0.0129971502505287,6.79954469040098,0.551832741158583,-0.127470018641561,0.46696986093456,0.689524657732188,0.677966593667031,0.705777386349404,0.745393764765137,0.99252876025711,-0.749781205317153,-1.31749998861942,0.560835042487238,0.329959895531472,-0.0749995490098636,0.0291324972099017,0.0120362422397823,6.81533025304061,-3.32306986377142e-07,0.0164849536695439,0.43911315624518,0.709816651014278,0.718221121373554,0.709803060868463,0.718269876580518
111,0.99997447798184,-0.723248625358341,-1.32109190455571,0.612569465974674,0.338241005893984,-0.0643006327311052,0.0717554306259997,-0.013089149232829,6.84632264443865,0.131025591033702,-0.262807877599293,0.497630952622976,0.6808165651118,0.734879464881807,0.719103952809454,0.699553392313125,1.04735523103754,-0.715866851030612,-1.32499999048043,0.535467162220171,0.348186612087071,-0.0749995501205001,0.0296788357422679,0.01235367110194,6.86009697996487,-3.42232126242204e-07,0.0161809402507789,0.455742919577492,0.709461434365028,0.718604234742139,0.709447783650412,0.718654080748733
112,1.06004041214602,-0.685837553384269,-1.32806887401687,0.588316387620534,0.410581175398098,-0.0787414900521579,0.0743895992617216,-0.0154759564311401,6.89715424867583,0.0108253610345279,0.387822677632423,0.517613034972233,0.749020164283831,0.758894388520294,0.702087600316188,0.711079306959041,1.09957781129898,-0.680172738645374,-1.33249999242074,0.508768025060755,0.365547681774947,-0.0749995556712463,0.0302585517380042,0.0125632893881611,6.90659323674641,-3.47486766007839e-07,0.0158703713896418,0.47372812685166,0.709107686708012,0.718986194874287,0.709093783418163,0.719037013196865
113,1.1168796133991,-0.641736417212298,-1.33629794405805,0.545363951421241,0.467477711525836,-0.0837191405536956,0.0670415781909983,0.00863326461005888,6.95179348594217,-0.18047453968145,-0.00215346738797518,0.537180821983122,0.685464753065514,0.70935425995075,0.737082550165204,0.73500432870637,1.1490666673934,-0.642787609390424,-1.33999999441878,0.480804009645037,0.381999941670222,-0.0749995656230837,0.0308688523882377,0.0126569830765211,6.95495307200432,-3.46894764014553e-07,0.0155560335333639,0.493039870187713,0.708763301413321,0.719358836375698,0.708748944276411,0.719410493912936
114,1.16929585963432,-0.592945409849908,-1.34446271836356,0.505026083009667,0.504523769129216,-0.0786867503657309,0.0418679356092916,0.0121273562684715,7.00615432545966,-0.321621183218912,0.267038266190419,0.543955635805791,0.719742346116932,0.728948581568157,0.698008289437736,0.692939206193969,1.19569876219434,-0.603804408686179,-1.34749999645452,0.451644639575357,0.397502488275686,-0.0749995799018169,0.0315059159849275,0.0126268209585419,7.0053057990772,-3.38991903630679e-07,0.0152409123789451,0.513611679506035,0.7084388368588,0.719711329911171,0.708423816560515,0.719763678075134
115,1.21806873210599,-0.542079577473994,-1.35205049876503,0.472226874642921,0.505660819325679,-0.0731827585730968,0.00350557947575337,0.0318146754283232,7.06172412876787,-0.47395086972114,0.0519847027623705,0.55713475777161,0.691181641676129,0.708315636884818,0.720888855565575,0.720359925169794,1.23935816101247,-0.563320055063058,-1.35499999851039,0.421362410530152,0.4120167793401,-0.0749995983967175,0.0321646969027411,0.0124652845889091,7.0577717072026,-3.22135587656112e-07,0.0149281857256103,0.535328639762866,0.708147875830929,0.720029825310682,0.708131976754621,0.720082699245086
116,1.26441491141161,-0.492831566366574,-1.35914507652615,0.455393031482133,0.479268195572278,-0.0688662112081817,0.0035598092059647,0.029349631329297,7.11784443166552,0.621510969568619,-0.0660357881140592,0.562916178787262,0.748787808568363,0.669517504752656,0.671365766708269,0.754615312515634,1.2799363198453,-0.52143519918883,-1.36250000057192,0.390032609907266,0.425506729820067,-0.0749996209571017,0.0328387352476074,0.0121655770859669,7.11245664017252,-2.94765477557363e-07,0.0146212096779317,0.558015619908913,0.707907241915717,0.720297237532896,0.707890244513631,0.720350455527953
117,1.30811339957045,-0.445042858035075,-1.36622587630797,0.412395091520884,0.483568130010344,-0.0738769583849884,0.059030410391727,0.0190700760017731,7.17467842237455,0.198089032677614,-0.101112734864114,0.582909430745466,0.6870549691707,0.748993638162687,0.739458238505027,0.703223405891873,1.31733235523635,-0.478253973604121,-1.37000000262776,0.357733129450624,0.437938801711659,-0.0749996473870709,0.0335199920684646,0.0117220204355515,7.16944539663706,-2.55823235033209e-07,0.0143234960799617,0.581425509278567,0.707736949900275,0.720493298421591,0.707718633804083,0.720546661673293
118,1.34644506684149,-0.395521373383937,-1.37381709828298,0.353907780888928,0.504498837786766,-0.0775980364738032,0.0537963632737426,0.0290204251596241,7.23505006701789,-0.278035092290489,0.459101495488657,0.611504405065736,0.718552050424911,0.757788614572754,0.700104891534573,0.693158662026981,1.35145329506661,-0.433883733792501,-1.37750000466884,0.324544271352559,0.449282087485683,-0.0749996774394584,0.0341987391362629,0.0111305442649099,7.22879402224101,-2.05283605413157e-07,0.0140386788937813,0.605228902168479,0.707659736420141,0.7205950279848,0.707639884375405,0.720648320886774
119,1.37892925047461,-0.345524382058845,-1.38150173243916,0.298455640096514,0.489547984618935,-0.0753463865250407,0.023305590977959,0.045960819346442,7.29701240174808,-0.329762540796051,-0.28036600851305,0.602598743808819,0.687294524320169,0.675722646819416,0.747039183248595,0.739549899481644,1.38221430965214,-0.388434791237329,-1.38500000668686,0.290548548367973,0.459508386881173,-0.0749997108108609,0.0348635399658266,0.0103892574435858,7.2905212373277,-1.44678204765599e-07,0.0137704673020236,0.629007274271542,0.70770000474236,0.720577791287406,0.707678407403851,0.72063078247817
120,1.40722083954363,-0.297711759245046,-1.38864190387386,0.270847517981033,0.467162411713906,-0.0666629035838746,0.00898307346746127,0.0340824060482712,7.35812205071001,0.0453554253151471,0.298681701485529,0.629924402103002,0.738011387720771,0.731942365752635,0.65535091005821,0.702025314110617,1.40953892257757,-0.342020139140265,-1.39250000867203,0.255830478512011,0.468592276849349,-0.0749997471401945,0.0355013636911278,0.00949907668429502,7.35459947465982,-7.74306928604347e-08,0.0135225837452549,0.652252224930207,0.70788204449377,0.720417080152437,0.707858506042373,0.720469524558502
121,1.43276157072319,-0.252605903874579,-1.3952605895208,0.236928187896356,0.433388474596395,-0.0671763642831231,0.0236231211389249,0.0476920735761635,7.42388230411125,0.1417398137667,-0.219962449401616,0.683387544773303,0.67672224345141,0.706157198401385,0.72569940625914,0.758302013870879,1.43335920075306,-0.294755171494617,-1.40000001061067,0.220476374927987,0.476511174493542,-0.0749997860131101,0.036097872371963,0.00846436421082391,7.42094627196976,-8.80214199023128e-09,0.0132986860329788,0.674373602112656,0.708227476698709,0.720091069343534,0.708201821135624,0.720142711444226
122,1.4543936391771,-0.210549190232234,-1.40209906021005,0.195477527644306,0.408960811979067,-0.0695202204380576,0.0303527118173554,0.0412191129458234,7.4928297544936,-0.106894219462737,0.333172430621399,0.689615976425417,0.73387942523885,0.749620927481411,0.701182301972487,0.679862082420734,1.45361592324069,-0.246757396219092,-1.40750001248332,0.184574131497254,0.483245392910112,-0.0749998269735867,0.0366379116914315,0.00729350235496461,7.489417031979,5.46978401568266e-08,0.0131022741789452,0.694719005025287,0.708752042344438,0.719583829083969,0.708724120190732,0.719634407561268
123,1.47184622974654,-0.171527550147607,-1.40917405543528,0.154335990499993,0.369289007741727,-0.07204869931252,0.0256236275276894,0.0484393194874906,7.56344390954487,0.00960346645793254,-0.378964089554183,0.721077606963534,0.681180372386596,0.689819195299297,0.731007393773852,0.765462374510669,1.47025872845137,-0.19814614306441,-1.41500001426391,0.148213004717062,0.488778189884506,-0.0749998695421041,0.0371062120419926,0.00599931221475845,7.55980035829603,1.06432803987786e-07,0.0129365846903245,0.71260601004449,0.709462090266885,0.718888838228608,0.70943178526095,0.71893809204372
124,1.48551158309775,-0.135754081690034,-1.41613838861061,0.119253833077057,0.353910443224296,-0.0659702732592359,0.0378785716685402,0.00130026422419078,7.63558489539455,0.191275521231327,-0.361719754982758,0.747126288812994,0.713744629800585,0.717723516336967,0.69035794695165,0.711396535663566,1.48324623936242,-0.149042267008494,-1.42250001592057,0.111483392309563,0.493095809417064,-0.0749999132374687,0.0374882716744513,0.00459921422580268,7.63181721065203,1.41087061827824e-07,0.0128044774992133,0.72736638280378,0.710351377504603,0.71801218507292,0.710318612770574,0.71805986083184
125,1.49533024970653,-0.0994907406174027,-1.42271604506783,0.0732996583001533,0.375422001848893,-0.0666967954291206,0.0640505764434623,-0.0225222087051467,7.70955907593169,0.349154776284992,-0.029369792711816,0.749663484265905,0.731494609345679,0.721652859149983,0.703079791777392,0.710705763936371,1.49254616645013,-0.0995678478590896,-1.43000001741822,0.0744766089717128,0.496187516034181,-0.0749999575974654,0.0377713505038845,0.00311503913229119,7.70512491315693,1.56043962924234e-07,0.0127083231698197,0.738398738305786,0.711398976530989,0.716974661518821,0.71136371961842,0.717020521771859
126,1.49921399229532,-0.0603308285466625,-1.42955830709819,0.00118028488024846,0.408234630029069,-0.0702813506877255,0.0809402902956611,-0.0292376093789652,7.78453088517218,-0.0529611660101111,-0.0468822190284727,0.756566784507114,0.697843587842368,0.733808361081106,0.735384529239732,0.709096992472218,1.4981353880706,-0.049845886789586,-1.4375000187225,0.0372846596627486,0.498045621788387,-0.0750000021930243,0.037945462252216,0.00157243382874129,7.77932655245986,1.52227663563665e-07,0.012649899874034,0.745223226525755,0.712569070977543,0.715811969076491,0.712531337178012,0.715855800981849
127,1.49557657528511,-0.0177017909291732,-1.43720344170473,-0.0724031236703227,0.445068180341815,-0.0841563524795819,0.0692699068114855,-0.0390573217987976,7.8600165661502,-0.0523565473309794,-0.0145740626300855,0.762340930183105,0.731964682748201,0.727891067118048,0.720993243087161,0.730584544161962,1.50000000806434,-5.46530667381817e-10,-1.44500001980416,1.08725210802784e-08,0.498665505791158,-0.0750000466320489,0.0380042273042852,-1.337802304247e-07,7.85398555692986,1.34055294807889e-07,0.01263031028011,0.747529816379779,0.713813131713689,0.714572544852921,0.7137729851658,0.714614168475472
128,1.48500992008615,0.0287054224870552,-1.44624775051812,-0.136590366421436,0.48235080656809,-0.0962282694384977,0.0521655002199939,-0.0388136708446163,7.93635678875194,-0.279037540413111,0.124018877321061,0.75912986193816,0.72107073699891,0.736066718361771,0.729136367070021,0.708636334945208,1.49813539040871,0.0498458859150305,-1.4525000206428,-0.0372846395863949,0.498045626090496,-0.0750000905522249,0.0379454512741206,-0.00157269447941416,7.92864438890708,1.08432949037873e-07,0.0126499274820227,0.745211582386942,0.715074419311401,0.713313061413347,0.71503197161405,0.713352336877234
129,1.46918757368943,0.078491350158793,-1.45538551741702,-0.174329985454839,0.512876500898932,-0.0829997536333684,0.0170087273914053,-0.0355343949420976,8.01167243715148,-0.332018253302215,-0.0531437624552945,0.739851566781326,0.700211075038247,0.687640911075836,0.713555979752996,0.701714012340887,1.49254617080265,0.0995678475940802,-1.460000021229,-0.0744765936020293,0.496187523728585,-0.0750001336058491,0.0377713299947549,-0.00311527952386931,8.00284551913019,8.30772217977211e-08,0.0127083763295169,0.738376536388836,0.716294113857352,0.712092299364365,0.716249520196059,0.712129132160106
130,1.45100798503943,0.131438701609079,-1.46353013745429,-0.188241445998382,0.544849843821572,-0.082556171025061,0.0105711110106255,-0.0264406592222411,8.08486240255822,0.34920054672211,0.344695602444341,0.722853031332253,0.761858900203732,0.703635305929572,0.680167835660288,0.721236886064748,1.48324624513915,0.14904226761687,-1.46750002156431,-0.11148338385378,0.493095818895235,-0.0750001754424639,0.0374882443607227,-0.00459942240874164,8.07615240167765,6.46946584586164e-08,0.0128045524179421,0.727335617799807,0.717417874403893,0.710964590106475,0.71737132750361,0.710998934062025
131,1.43100489412354,0.186363648475812,-1.47159046297005,-0.213734884188664,0.547832720720114,-0.0773136399212163,0.0290924829118079,0.00232901031405733,8.15623707683972,-0.155447594304352,0.152034286454143,0.68788824360795,0.685172725096837,0.710347362443192,0.753534016646452,0.685686087156991,1.47025873489729,0.198146144630767,-1.47500002165917,-0.148213004203822,0.488778199203585,-0.0750002156956554,0.0371061815989598,-0.00599947851437641,8.14816816709086,5.758481608043e-08,0.0129366764047019,0.712569275772352,0.71840149279837,0.709974163738521,0.718353215281655,0.710006021455363
132,1.40864541789305,0.240538045176654,-1.47893072506359,-0.231130832872375,0.53482694345426,-0.069409379901426,0.0190037290293616,0.0107301540035729,8.22423928040718,0.0965682184203591,0.0936411458533905,0.671464609535503,0.726079971175227,0.69091808327355,0.696039787557751,0.718892521245941,1.4536159295601,0.246757398636529,-1.48250002152957,-0.184574138678352,0.483245400213782,-0.0750002539785926,0.0366378822745738,-0.00729362010378693,8.21855020122739,6.30397393101955e-08,0.0131023772413798,0.694679129503415,0.719214592481828,0.709151451290039,0.719164828374293,0.709180872154686
133,1.384789053263,0.293032098984667,-1.4856651187077,-0.245491164883685,0.514361033834926,-0.0659552739184518,0.0175695878384317,0.014305037720053,8.29150550180357,-0.266220628015481,-0.0144374149046492,0.67383838148685,0.690402536488101,0.7259449614489,0.730968493681743,0.701334079415493,1.43335920623075,0.294755174492573,-1.49000002119319,-0.220476388431008,0.476511178384046,-0.075000289889635,0.0360978480685775,-0.00846443022173464,8.2870195404723,7.95972017295079e-08,0.0132987951798684,0.674333304214566,0.719841904649794,0.708511808748668,0.719790910804322,0.70853888489268
134,1.36007343797547,0.343707118456187,-1.49227553535216,-0.247484723564265,0.501218389370544,-0.0667153760344902,0.00641290702003977,0.00602744865274239,8.35774920558412,0.172792723806187,-0.133424850720911,0.64731624115665,0.740134947000851,0.683016674587678,0.707729491540043,0.728250398264383,1.40953892667467,0.342020142343183,-1.49750002066631,-0.255830496185869,0.468592276627465,-0.0750003230260359,0.0355013479811516,-0.00949909136720991,8.35336487403243,1.03917370660451e-07,0.0135226944301904,0.65221384939633,0.720282289790753,0.708056494838313,0.720230327904839,0.708081355591724
135,1.33474578838526,0.393431919716812,-1.49887125243396,-0.263692968981932,0.493297128550865,-0.0646263433281096,0.0299044561565974,-0.00957682258769202,8.42079502537766,0.20764028754525,-0.14299381114307,0.620061789429182,0.715423346765332,0.708021741933952,0.722109794766388,0.701438407905091,1.38221431206187,0.388434794238635,-1.50500001996181,-0.290548567725972,0.459508382613878,-0.075000353001667,0.0348635352881011,-0.0103892245334541,8.41744169107373,1.31904685357871e-07,0.0137705760242363,0.628972631229348,0.720546137082549,0.707775270138647,0.720493466798155,0.707798075587462
136,1.30670436900946,0.44231306414456,-1.505174894788,-0.295833323968238,0.482661823613613,-0.0614808979189959,0.0281564020907415,0.00226294021476238,8.48156083401968,-0.291626550628572,0.511866587140263,0.585579020917824,0.728353996868131,0.742816636899546,0.715124850411651,0.661069933016427,1.35145329572558,0.433883736226806,-1.51250001908863,-0.324544290009563,0.449282079909214,-0.0750003794642976,0.0341987466338081,-0.0111304702114568,8.47916760808299,1.59714616106345e-07,0.0140387833063165,0.605199209113912,0.720651958774205,0.707649800556422,0.720598832130221,0.707670734785656
137,1.27693595659297,0.48929947043259,-1.5112406592647,-0.292958027262074,0.453942435616671,-0.0599599831417965,0.0103841442504898,0.0394656829131932,8.53941388364097,0.0470122350627413,0.0739173606964154,0.5591125059534,0.715574100768986,0.669044659764505,0.723979045893915,0.744152786079275,1.31733235429638,0.478253975203338,-1.52000001805252,-0.357733145469662,0.437938792016009,-0.0750004021090261,0.0335200115427385,-0.011721913570942,8.53851512168729,1.84417847687963e-07,0.0143235949082079,0.581401415042404,0.720622925236951,0.707657119631079,0.720569582540095,0.707676384138597
138,1.24823204442057,0.532736947388117,-1.51712434126926,-0.285537729419579,0.413071251041594,-0.0575474642414297,0.0396199208543232,0.0291053021091032,8.59437728484822,0.479717156511979,-0.19239042977682,0.546486238067823,0.721618695556504,0.692535329020772,0.708745862357977,0.726924562369074,1.27993631761753,0.521435199813646,-1.52750001685751,-0.390032622006314,0.425506719380535,-0.0750004206862391,0.0328387653048072,-0.0121654467145654,8.59550299657266,2.04260053389629e-07,0.0146213025079502,0.557997282762865,0.720483863092242,0.707772627428808,0.720430530115198,0.707790435064878
139,1.21848924489739,0.571395929866216,-1.52325198576807,-0.314395906999159,0.358345584323183,-0.0666294269233411,0.0684966902071486,0.0126360838336436,8.64721292483689,-0.061726517277962,-0.0295213958053915,0.525148173012651,0.714537454079371,0.746455954267041,0.74602168094054,0.688158189726172,1.23935815789854,0.563320054707818,-1.53500001550764,-0.421362418139259,0.412016769460826,-0.0750004350042152,0.0321647352403977,-0.0124651401322476,8.65018730157441,2.18586164483632e-07,0.0149282727309185,0.535315832870704,0.720258979113498,0.707972363465265,0.720205865431136,0.707988933117367
140,1.18526230953922,0.604587344043048,-1.53043931354179,-0.348296416534786,0.308580085392364,-0.0771023625979738,0.0483903458815537,0.00463179551422783,8.69739902361046,-0.269414360419685,-0.11534905856153,0.483337476991165,0.727929016747998,0.70816922144954,0.741742907321088,0.711688006515045,1.19569875861852,0.603804407461031,-1.54250001400855,-0.451644642766873,0.397502479993905,-0.0750004449276658,0.0315059597514343,-0.0126266712512621,8.70265283846872,2.27563046680695e-07,0.0152409940473304,0.513603902547043,0.719970356801092,0.708234506860977,0.719917655032465,0.708250058983563
141,1.14902781349536,0.633987367995331,-1.53831391759642,-0.378233882270049,0.284091724227657,-0.0791136827527178,0.034372476128625,-0.0245240309021543,8.74419682603878,0.056375747126078,-0.456924460957351,0.479643811751448,0.713479213258788,0.692526355936752,0.711881625186549,0.739053325378802,1.14906666374645,0.642787607488219,-1.55000001236861,-0.480804008979274,0.38199993564613,-0.0750004503739707,0.0308688985502846,-0.0126568358624522,8.75300543718771,2.3183768852824e-07,0.0155561104380764,0.493036452935608,0.719637133947739,0.708540195483511,0.719585019669891,0.708554948479002
142,1.10864417765471,0.662120244973161,-1.54595246149133,-0.433075002818432,0.279788601198731,-0.0726414085808435,0.0398402690984039,-0.0475812281118199,8.79194499264977,0.0240126984470523,0.179222846562054,0.491347919335513,0.726980089818735,0.742333116821264,0.684324570925737,0.683149506970512,1.09957780789955,0.680172736302139,-1.55750001059943,-0.508768021394839,0.365547678268587,-0.0750004513087331,0.0302585974051053,-0.0125631510236055,8.8013653603163,2.32232440716625e-07,0.0158704440285616,0.473728316799021,0.719275205565773,0.708873819749851,0.719223837689635,0.708887987143133
143,1.06266299365176,0.689765184804308,-1.553122197001,-0.482416263906259,0.273491945043987,-0.0719466252692315,0.0210343398660028,-0.0307005084667697,8.84136657416318,-0.402565008555647,0.045477370177962,0.480071200845321,0.695143561382741,0.71463974257032,0.744357340924985,0.706693715215348,1.04735522811275,0.71586684848755,-1.56500000871597,-0.53546715652192,0.348186611005883,-0.0750004477417962,0.0296788784167005,-0.0123535464431149,8.84786188625474,2.29530351726466e-07,0.0161810089581464,0.455745950507177,0.718897286964155,0.709222956327584,0.718846808399508,0.70923674463904
144,1.01292210308202,0.717634092632998,-1.56075288291479,-0.51017023834228,0.288716864746729,-0.0818823820007835,-0.0115051882872597,-0.0344214165096457,8.88788828213869,-0.104610669244212,-0.0821889930605798,0.447053584230098,0.74464125058398,0.696825840743341,0.720623021088452,0.728581420820378,0.992528757940102,0.749781202789971,-1.57250000673611,-0.560835035683276,0.329959896522732,-0.0750004397242884,0.0291325349489654,-0.0120361346748568,8.89262902461343,2.24361118341934e-07,0.0164850185908548,0.43911829785868,0.718513193175761,0.709578085549577,0.718463731651635,0.709591692755906
145,0.960566379998946,0.747816614800385,-1.56876160147434,-0.540298003552434,0.311558670569713,-0.0756593729633525,0.0153929203902518,-0.0425796501765662,8.93150189594603,0.72837282163313,-0.07130929767762,0.425919756704865,0.739082765970386,0.675553555231071,0.68415418370472,0.72847986713257,0.935234704653482,0.78183148274439,-1.58000000468008,-0.584808590074271,0.310912849621501,-0.0750004273467665,0.0286215175443791,-0.0116190475111265,8.93580225024398,2.17170490068839e-07,0.0167798878890514,0.423846300870228,0.718130224662993,0.709932202623928,0.718081893606183,0.709945817095354
146,0.903689082904672,0.778324856400637,-1.57646551796773,-0.602657712172403,0.290999097221685,-0.0803368243594213,0.0671689225032098,-0.052236981158844,8.97365155147614,0.126290120074366,-0.0937000762267695,0.427418767234496,0.690413802975064,0.749403069775571,0.749316906780848,0.696612773575227,0.875615510345592,0.811938006296901,-1.58750000256977,-0.607328217554778,0.291092824529464,-0.0750004107382051,0.0281471029003757,-0.011110325503101,8.97751611155694,2.0824396261704e-07,0.0170632324441385,0.409910894744502,0.717753583447646,0.710280398501603,0.717706482852495,0.710294198312868
147,0.83974930306138,0.805575498072793,-1.58427034527326,-0.671925795912313,0.254138050402429,-0.0740383306268802,0.0552267487951412,-0.0312413658105421,9.01692874192064,-0.242594894370442,0.688126950218123,0.4064398529453,0.738406436349531,0.737481650311007,0.694591525819501,0.666207725906451,0.813819397782693,0.84002592390038,-1.59500000042802,-0.628337930799005,0.270549097139665,-0.0750003900654291,0.0277100421850223,-0.010517848531966,9.01790256259593,1.97755510690485e-07,0.0173328653372901,0.397279516600846,0.717386772647358,0.710619457428709,0.717340989893863,0.71063360995485
148,0.771317129192018,0.829097744951619,-1.59155811432772,-0.685675058926947,0.217316633798092,-0.0727881172878069,0.0239047043337814,0.025742181683022,9.05949626865963,-0.36333482403886,0.285735538908875,0.398359279565031,0.692602533435397,0.694935473406574,0.738382744893989,0.731851236935303,0.750000001889289,0.866025404594018,-1.60249999827804,-0.647785496448338,0.249332742495933,-0.0750003655325828,0.0273106878140483,-0.00984929704478034,9.05708987702018,1.85818831758301e-07,0.0175867927168504,0.385911265568754,0.717031954012172,0.710947496601212,0.716987564607276,0.710962158324275
149,0.703833715080148,0.84976788600534,-1.59873658612215,-0.664270102200133,0.201599945066046,-0.0704367273072151,-0.00611413255971945,0.0122490404854676,9.09939390257621,-0.222885077063419,-0.570420287456569,0.397450280787649,0.691223974401123,0.680199634098996,0.732472404387057,0.743225912957408,0.684315987781355,0.889871809605996,-1.60999999614293,-0.665622564931661,0.227496507821051,-0.0750003373803073,0.0269490995778646,-0.00911213546671486,9.09520201855598,1.72527500518726e-07,0.0178232087392521,0.375760900949169,0.71669025281792,0.711263658579035,0.716647321047527,0.711278975046527
150,0.637332375447751,0.870576821193344,-1.60540662144857,-0.67088524492544,0.218854319511106,-0.062066831874247,-0.0222471239193565,-0.0234287637986452,9.138722061757,-0.105424516594779,0.0674904698379805,0.377267859219129,0.745327440115894,0.726612405511953,0.681810559624935,0.67374144677946,0.616930656297349,0.911505853048961,-1.61749999404531,-0.681804790636908,0.205094681397201,-0.0750003058844148,0.026625131984167,-0.0083136111209881,9.13235836181632,1.57978645107992e-07,0.0180404903290557,0.366781876584368,0.716362008702451,0.711567857889252,0.71632058819027,0.711583963778134
151,0.569648560928009,0.893713671660587,-1.61164732837779,-0.681928802824439,0.239603547818301,-0.0646160456110962,0.00198628320982267,-0.0120303901902727,9.17560080893567,0.708800144546413,-0.00279953976361533,0.366866143219941,0.739427883663104,0.677486730272839,0.699993629540595,0.754084738576724,0.548011538006854,0.930873749309448,-1.624999992007,-0.696291942138002,0.182182957618673,-0.0750002713539623,0.0263385051167192,-0.00746076358882022,9.16867367671688,1.42280708702818e-07,0.0182371920669934,0.358928599196474,0.716046976224337,0.711860578056034,0.716007110399204,0.711877597306966
152,0.500574442542716,0.91657127978451,-1.61870857744362,-0.701132154662344,0.207542288945421,-0.0774544598865327,0.0606502335351923,-0.00804756600258251,9.21181950204537,0.264911208212883,0.175009534808888,0.350927585402688,0.715260238106392,0.750564513681832,0.744381637528477,0.689631665281414,0.477729976705191,0.947927346764923,-1.63249999004891,-0.709048002203314,0.158818298547906,-0.0750002341287166,0.0260888613973465,-0.00656044077422567,9.20425830742198,1.25549286228036e-07,0.0184120414062265,0.352158077129147,0.7157444814033,0.712142712816221,0.715706203879932,0.712160758811552
153,0.429606129723546,0.934279408133954,-1.62652031783687,-0.717873777405011,0.147217354859227,-0.0767491072551095,0.0574428498866281,-0.00962701150120232,9.24533670777968,-0.294593011568084,-0.269926963411246,0.317423525993314,0.689262158546317,0.699611803158889,0.755466841860573,0.704898812228435,0.406260703428576,0.962624247495761,-1.6399999881908,-0.720041257335505,0.135058792316276,-0.0750001945760663,0.0258758105166232,-0.0056193190046112,9.239218492106,1.0789627030047e-07,0.0185639343390854,0.34643110056212,0.715453541290854,0.712415444490382,0.715416876170768,0.712434620256238
154,0.356525289685163,0.946935257874079,-1.63388338056747,-0.745792318997981,0.111696008557674,-0.0701421552288583,0.0244965403760763,-0.0280037888640775,9.27501113243157,-0.275580229451978,0.0648244155804859,0.29463553194711,0.734751197186626,0.716186683326308,0.694083970710508,0.691325502368304,0.333781402048144,0.974927912694092,-1.64749998645124,-0.729244376617884,0.110963508720471,-0.075000153087468,0.0256989645655326,-0.00464392532600412,9.27365678262258,8.94173172913636e-08,0.018691931582603,0.341713068895438,0.715172953445605,0.712680152652813,0.715137915545619,0.712700551070834
155,0.280713030107995,0.957444013717807,-1.64083260690491,-0.766520210949677,0.100489509234775,-0.0698734860186462,0.00857911515512181,-0.00650154931124121,9.30630124397197,-0.0122205742801324,0.334059357959395,0.33416804985758,0.715463234895987,0.726456235315677,0.685350713391787,0.731704892252472,0.26047226752233,0.984807753506971,-1.65499998484747,-0.736634479668916,0.0865923523733285,-0.0750001100745248,0.025557965117761,-0.00364066077916736,9.3076725335473,7.01815758231429e-08,0.0187952553153041,0.33797455771101,0.714901361532971,0.712938346897666,0.714867956548765,0.712960050915794
156,0.204247230346546,0.966869380866606,-1.64804510916055,-0.757476059579394,0.0832714308300014,-0.0747769034559601,0.0347175506488064,0.027704973630943,9.34055526651216,0.570249720941052,0.33193601886739,0.331475800952603,0.739885085927821,0.692815205048155,0.704403317791734,0.735077203413315,0.186515557905595,0.992239207087513,-1.66249998339528,-0.742193193533906,0.0620059137748119,-0.0750000659647901,0.0254525037178862,-0.00261582390843871,9.34136243825366,5.02262528839374e-08,0.0188732864751903,0.335191697375623,0.71463730243483,0.713191618331174,0.71460552704664,0.7132147011657
157,0.130076487234422,0.97253014414071,-1.65530760740517,-0.723499831517521,0.024279155561856,-0.0686490939562602,0.0685450063391043,0.0430869670923711,9.37518464582891,-0.113471757213736,-0.033727722915316,0.348527952629064,0.660718885151505,0.731808603540585,0.744946776184204,0.700202064894996,0.112095141227157,0.997203797664553,-1.66999998210899,-0.745906698370887,0.0372653186741754,-0.0750000211973793,0.0253823369451356,-0.00157563409356841,9.37482109600067,2.95572878735009e-08,0.018925562616043,0.333346418082204,0.714379239416881,0.713441605255893,0.714349081343778,0.713466130578891
158,0.0594375404881482,0.971919805013548,-1.66206632885241,-0.693456045077889,-0.0308292850431723,-0.0680265243835154,0.0362242733916672,0.0142696435056262,9.40917816457857,-0.462470741186947,-0.509045575760947,0.356693214482933,0.694298286747864,0.709634822396749,0.735079480166476,0.72471641005894,0.03739603836629,0.999689182478645,-1.67749998100131,-0.747765761816046,0.0124320760986428,-0.0749999762184584,0.0253472969549475,-0.000526254535072504,9.40814159874694,8.15625055374724e-09,0.0189517763131413,0.332426601660994,0.714125585155448,0.713689969256761,0.714097023163949,0.713715991364353
159,-0.0100527608916168,0.96765116398532,-1.66929914328844,-0.703445412017977,-0.0511216133638757,-0.0776465582705692,0.0160090411320423,-0.0285157785963797,9.44418043928266,0.188668790703265,-0.217285490038088,0.361704600969834,0.759168376334122,0.712696355800344,0.682162124693215,0.734188407133893,-0.0373960369391979,0.999689182469987,-1.68499998008325,-0.74776576194252,-0.0124320745729558,-0.0749999314766599,0.0253472981534073,0.000526185111544297,9.44141612981712,-1.40072492081468e-08,0.0189517741082084,0.332426168353104,0.713874717817152,0.713938378504762,0.713847721689201,0.713965942462399
160,-0.081956620564169,0.961392734823423,-1.67727222996297,-0.734632089269581,-0.0758477947177776,-0.0806511014305291,0.0245374209731951,-0.0300134468319256,9.48002849002737,-0.169793797680091,0.193779878302529,0.352640495877137,0.711728848612956,0.742071516849987,0.725325752821241,0.681685727355486,-0.112095139807535,0.997203797641746,-1.69249997936408,-0.745906698754974,-0.0372653171109561,-0.0749998874184733,0.0253823404304587,0.00157556635101717,9.47473656883679,-3.69590457713199e-08,0.0189255559852522,0.333345116363178,0.713624992932741,0.714188495543541,0.713599523397432,0.714217637304874
161,-0.156496186485566,0.952984978828808,-1.68521243880693,-0.753249673753767,-0.0866011168731077,-0.0775553793950465,-0.00927784465200696,-0.0106085214212946,9.51521539419263,-0.439881494997897,0.13527651038282,0.347762475837811,0.701831897948904,0.711010154125897,0.72162196730337,0.70892693045141,-0.186515556502466,0.992239207060465,-1.69999997885122,-0.74219319419096,-0.0620059121281094,-0.0749998444836396,0.0254525091617205,0.0026157595519591,9.50819509866662,-6.07016696833224e-08,0.0188732753726644,0.335189522806336,0.713374753515166,0.714441967112845,0.713350762148101,0.714472713608763
162,-0.232321160609089,0.945374937290217,-1.69314414019457,-0.76364592276657,-0.0609712423824387,-0.0822773368141737,-0.0369301227964988,-0.00920406608210355,9.54938320221714,-0.0185128754433856,-0.141035140879576,0.333107648375557,0.731286186260118,0.688948480285771,0.715844643451283,0.739475815848957,-0.260472266148062,0.984807753493401,-1.70749997855016,-0.736634480628637,-0.0865923505828761,-0.0749998031005883,0.0255579719794996,0.00364060155877583,9.54188481049418,-8.51956037494099e-08,0.0187952396715428,0.337971506046274,0.713122340741288,0.714700413690586,0.713099769835113,0.714732782884788
163,-0.309558956063672,0.940782022968559,-1.70162024348078,-0.782049058942828,-0.0358389201487528,-0.0870779814338819,-0.00832572392100757,-0.0177212047814418,9.58206695008984,0.609605289722972,0.0205386522885296,0.314312664029269,0.74901974301265,0.700634947304976,0.695911516780901,0.723477313460624,-0.333781400720656,0.974927912720918,-1.71499997846442,-0.729244377929077,-0.110963506710606,-0.0749997636819343,0.0256989721042674,0.00464387305071949,9.57590030281161,-1.10342988796374e-07,0.0186919113147024,0.341709140799082,0.712866107545281,0.714965416403785,0.712844889954846,0.714999417310798
164,-0.388360398022335,0.936429666270421,-1.71054888519194,-0.789374451484024,-0.0611845576661872,-0.0912403215475951,0.055173098580271,-0.00131090302722764,9.614410507721,0.567910146180025,0.32861658203359,0.325622957765189,0.715460789866293,0.736524595694933,0.708811736616481,0.707444066218082,-0.406260702173957,0.962624247600208,-1.72249997859544,-0.720041259070028,-0.135058790001489,-0.0749997266200937,0.0258758178115846,0.00561927554622347,9.61033826868794,-1.35976238254693e-07,0.0185639093644497,0.346426308163356,0.71260443766023,0.715238498767386,0.712584496626013,0.715274131428378
165,-0.466224921048506,0.927074046786586,-1.71938684332731,-0.763322541089669,-0.128799416828024,-0.083854447466318,0.0785403760387621,0.0196329296063424,9.64947270828772,-0.189530241486411,0.0525324108535929,0.344190833387807,0.665538641976672,0.727645867786074,0.74189418795607,0.700082743115237,-0.477729975560516,0.947927346994658,-1.72999997894249,-0.709048004456753,-0.15881829584602,-0.0749996922830517,0.0260888673799123,0.00656040805693948,9.64529806344985,-1.61853671586151e-07,0.0184120116588188,0.352152452340563,0.712335772993654,0.715521100357738,0.712317021947624,0.715558355768742
166,-0.54091186398042,0.911139711072921,-1.72717532915545,-0.732712896730849,-0.18489824949793,-0.0718112347628953,0.0467932299670788,0.0112666874653393,9.68536569275805,-0.352930794292577,-0.141831052042851,0.385047086709442,0.689336318440137,0.714588301859501,0.69769084115277,0.722246443387966,-0.548011537022736,0.930873749720955,-1.73749997950259,-0.696291945024316,-0.182182954471519,-0.0749996610103607,0.0263385086170816,0.0074607435607439,9.68088224146551,-1.87663518315259e-07,0.0182371575144872,0.358922203640761,0.712058652732071,0.715814539015354,0.712040995091113,0.715853399001843
167,-0.613346171133519,0.89097901450372,-1.73425430883033,-0.717196488547905,-0.215684559100445,-0.0714587889604465,0.0297039048144401,0.00756740895681926,9.7244036126843,0.0662156448689926,0.161519076357252,0.39325080601629,0.742957705280398,0.712449988374704,0.688432071648729,0.718721364149613,-0.616930655539466,0.911505853703511,-1.74499998027038,-0.681804794274498,-0.205094677797102,-0.0749996331094642,0.0266251317951124,0.00831360570333362,9.71719704597834,-2.13036238351595e-07,0.0180404509884514,0.366774812864947,0.71177176823038,0.716119957507965,0.711755097183953,0.716160394538994
168,-0.683999520392882,0.868107550860299,-1.74154830785057,-0.694267575350516,-0.241081520262712,-0.0745465195526772,0.028442014475928,0.0161317809028822,9.76383411810482,-0.216773441746929,-0.0580250043820809,0.388744845267272,0.693830970863099,0.717951203480699,0.742184953409461,0.712120145772635,-0.684315987329999,0.889871810562764,-1.752499981238,-0.665622569419102,-0.227496503839652,-0.0749996088524665,0.0269490945367571,0.00911214647672357,9.75435282960454,-2.37563134090331e-07,0.0178231646877131,0.375753324840378,0.711474038527085,0.716438249796781,0.711458236827935,0.71648022673144
169,-0.752398537842662,0.843255601843558,-1.74904185724091,-0.674194271356078,-0.253320167149723,-0.074892873503393,0.0138393369615195,0.0191022064550322,9.8022024206226,0.0118636176968031,0.22771761449642,0.377212844469562,0.741342895867886,0.711644591842426,0.692885752063873,0.708573723535223,-0.75000000183587,0.866025405900398,-1.75999998239506,-0.64778550182961,-0.249332738310026,-0.0749995884734915,0.0273106769019637,0.00984932608900082,9.79246437489565,-2.60816783343092e-07,0.0175867440940029,0.385903398485924,0.711164712174565,0.716769961197845,0.711149651944417,0.716813430956481
170,-0.818273271822623,0.817744221387484,-1.75657252558699,-0.63913616852006,-0.255674844707378,-0.0758194169066436,0.0174122556541991,0.0442948745357281,9.84064251407564,-0.0250408848547044,0.224180050689435,0.386173431245868,0.704696650211332,0.719446673649753,0.717982485806946,0.718281757294333,-0.813819398222222,0.840025925580129,-1.76749998372849,-0.628337937020485,-0.27054909304711,-0.0749995721667853,0.0277100246390945,0.0105178968678556,9.83165107397249,-2.82366377163124e-07,0.0173328123353039,0.397271657433379,0.710843501863654,0.717115155937305,0.710829044430006,0.717160061090312
171,-0.879680456278214,0.792488340727547,-1.7640352244023,-0.589049937717557,-0.247023810831659,-0.0728972258981143,0.00569573313313004,0.0496380325868546,9.88022045832676,-0.263909215590234,-0.146293499669895,0.402462365498883,0.686980412464813,0.711704249921482,0.727752737492855,0.72133185941543,-0.875615511364565,0.811938008337499,-1.77499998522269,-0.607328224419382,-0.291092820947529,-0.0749995600856884,0.0281470783319311,0.0111103938693228,9.87203691340644,-3.01779382713973e-07,0.0170631752829273,0.409903429793933,0.710510758836738,0.717473245081519,0.710496754622518,0.717519517349535
172,-0.936663047506457,0.768633178118874,-1.77148590076881,-0.553277610520854,-0.233713798483891,-0.0773648840645078,0.020911078088977,0.0247130925104223,9.92092101043058,0.71787245490846,-0.304946652402674,0.412449925549505,0.750393928148055,0.680912894933386,0.682479006697281,0.761154455265237,-0.93523470631329,0.78183148508574,-1.78249998685964,-0.584808597201555,-0.310912847060644,-0.0749995523425501,0.0286214860516417,0.0116191359307032,9.91375019514984,-3.18601156991452e-07,0.0167798267762047,0.423839710235987,0.710167693961871,0.717842767941439,0.710153982457119,0.717890327603038
173,-0.990278034198324,0.743676106458516,-1.77915865101475,-0.518043922253067,-0.27565847354849,-0.0744511294290164,0.076902429213064,-0.0027270636324735,9.96107381057485,0.123414105019811,-0.170215829248215,0.417704272564067,0.685103198241337,0.747748979982317,0.73536466360403,0.677653075494248,-0.992528760257119,0.749781205317164,-1.78999998861932,-0.560835042487309,-0.329959895531431,-0.0749995490095347,0.029132497209472,0.0120362422407814,9.95692290659551,-3.32307507839529e-07,0.0164849536695139,0.439113156175807,0.709816651015978,0.718221121371768,0.70980306087017,0.718269876578721
174,-1.04045075651748,0.712680185565903,-1.78697440870739,-0.487489230593015,-0.343764703252734,-0.0842465082585547,0.0671074034093063,-0.0147737591328024,10.0026747935571,-0.213103135002152,-0.0103731747526513,0.431526917355891,0.720297826218755,0.740072796458049,0.721853916822245,0.719361851965552,-1.04735523103756,0.715866851030627,-1.7974999904803,-0.535467162220263,-0.348186612087032,-0.0749995501201082,0.0296788357417446,0.01235367110317,10.0016896335126,-3.42232715620603e-07,0.016180940250771,0.455742919503193,0.709461434366226,0.71860423474085,0.709447783651616,0.718654080747433
175,-1.08821744964021,0.675426593810788,-1.79545243578644,-0.470165466019811,-0.398811535677788,-0.0832515038223498,0.0468249747598104,-0.0209341539939545,10.0477566345772,-0.138470540765031,-0.0969762460720055,0.479868245622947,0.696518582701319,0.718931038139778,0.69666097532101,0.734685284012261,-1.099577811299,0.680172738645392,-1.80499999242056,-0.508768025060863,-0.365547681774919,-0.0749995556707898,0.0302585517373877,0.012563289389645,10.0481858902866,-3.47487419469916e-07,0.0158703713896709,0.473728126775189,0.709107686708406,0.718986194873803,0.709093783418562,0.719037013196368
176,-1.13497166647788,0.633178301778336,-1.80360263095945,-0.467033284885133,-0.444870408198933,-0.0798857228068988,0.0312304719605015,-0.0281357267071684,10.0977227266934,-0.172932341768472,0.0309241010973022,0.522522308493968,0.704818117182633,0.730810270778111,0.697771466012525,0.715008101619151,-1.14906666739344,0.642787609390444,-1.81249999441856,-0.480804009645152,-0.381999941670214,-0.0749995656225644,0.0308688523875355,0.0126569830782741,10.0965457255369,-3.46895476505316e-07,0.0155560335334482,0.493039870113148,0.708763301412541,0.719358836376392,0.708748944275635,0.719410493913617
177,-1.18172153276609,0.587035395121537,-1.81152090328098,-0.464228195329438,-0.472084826053718,-0.0788440592318637,0.0178873523957832,0.0122332763740277,10.151256046998,-0.0525332672144593,0.901350357514024,0.525589913680151,0.750771546054113,0.737118663583451,0.679046682135597,0.687119711647362,-1.19569876219439,0.603804408686199,-1.81999999645424,-0.45164463957546,-0.397502488275706,-0.0749995799012408,0.0315059159841566,0.0126268209605659,10.1468984526027,-3.38992669731184e-07,0.0152409123791042,0.513611679439052,0.708438836856403,0.719711329913495,0.708423816558119,0.719763678077445
178,-1.22608588641117,0.540463501183025,-1.81930540502485,-0.414562752387689,-0.453867697831809,-0.0762297905018565,0.0317322641529269,0.0696432745374507,10.2055843236147,0.311749169020771,-0.0107633477704795,0.540028060220488,0.680496452911032,0.665114349834696,0.734891850132039,0.77072504954063,-1.23935816101253,0.563320055063074,-1.82749999851005,-0.421362410530218,-0.412016779340153,-0.0749995983960968,0.0321646969019291,0.0124652845911856,10.1993643607221,-3.22136401329742e-07,0.0149281857258613,0.535328639711018,0.708147875826394,0.720029825315165,0.708131976750084,0.720082699249556
179,-1.26392914827619,0.495859367004456,-1.82635971342545,-0.343160377300564,-0.442800869574776,-0.0637208649859911,0.0498402646997611,0.0449783227270735,10.2590730790663,-0.141683914058933,-0.280640228748708,0.548263827185857,0.682907354956301,0.725317374055656,0.724231017851175,0.688205320205148,-1.27993631984536,0.521435199188839,-1.83500000057152,-0.39003260990726,-0.425506729820154,-0.0749996209564561,0.0328387352467931,0.0121655770884483,10.254049293688,-2.94766332560951e-07,0.0146212096782869,0.558015619881914,0.70790724190845,0.720297237540145,0.70789024450636,0.72035045553519
180,-1.29551187907569,0.451457099815679,-1.83204511412355,-0.293304827593191,-0.446097322667345,-0.0501562441308686,0.033211052482213,0.0194699740871548,10.3133957056289,-0.128420026895911,-0.160309051968709,0.55877957005269,0.710931481611002,0.708167865914183,0.692162198793801,0.707486153366189,-1.3173323552364,0.47825397360412,-1.84250000262729,-0.357733129450505,-0.437938801711769,-0.0749996473864299,0.0335199920676974,0.0117220204381494,10.3110380501516,-2.55824122221819e-07,0.0143234960804223,0.581425509288548,0.707736949889614,0.720493298432282,0.707718633793415,0.720546661683974
181,-1.3232486757904,0.406518906674164,-1.83722863203301,-0.263840138055112,-0.452670494553037,-0.0563587707491116,0.0216602982658067,0.0086895048653419,10.3702580875148,-0.143056677059836,-0.0278873574923963,0.586511950041233,0.715323983436277,0.735722534223487,0.710889024140579,0.724570568800299,-1.35145329506664,0.433883733792489,-1.85000000466831,-0.324544271352284,-0.449282087485793,-0.074999677438863,0.0341987391356002,0.0111305442674828,10.3703866757591,-2.05284510661093e-07,0.014038678894335,0.605228902230206,0.707659736405369,0.720595027999667,0.707639884360621,0.720648320901636
182,-1.34865566273773,0.361055777791179,-1.84368517952188,-0.244836496793527,-0.456229901870052,-0.0737537249074827,0.0185189833146086,0.00738476285932605,10.4307893337698,0.116677534764389,0.0122266225392313,0.625484852286227,0.726915149232193,0.729463859989461,0.706076989081311,0.747750517593366,-1.38221430965214,0.388434791237307,-1.85750000668628,-0.290548548367499,-0.459508386881246,-0.0749997108103662,0.0348635399653288,0.010389257445924,10.4321138908553,-1.44679104086264e-07,0.0137704673026382,0.629007274402549,0.707700004722728,0.720577791307215,0.707678407384204,0.720630782497982
183,-1.37196118683373,0.315130717914049,-1.85143549184512,-0.219266751597445,-0.463696435601896,-0.0792691012076733,0.0337286087565419,0.00445537122879157,10.4935246672073,0.13414758001512,-0.051400882785651,0.62441195102811,0.714374063597872,0.711867926778801,0.722910081539379,0.714107071346166,-1.40953892257751,0.34202013914024,-1.8650000086714,-0.255830478511308,-0.468592276849333,-0.0749997471398721,0.0355013636908501,0.00949907668610579,10.4961921282049,-7.74315443828435e-08,0.0135225837458762,0.652252225150806,0.707882044468535,0.720417080177954,0.70785850601712,0.720469524584033
184,-1.39227606694826,0.267991757710762,-1.85930959046298,-0.187726123910465,-0.4804592521286,-0.0776416097337659,0.0334922678470871,-0.0072212969973662,10.5571509436973,-0.175183493703404,-0.137500336772704,0.662876693479502,0.685387865225933,0.734259947464919,0.71243711437348,0.717254230018742,-1.43335920075291,0.294755171494601,-1.87250001061002,-0.220476374927044,-0.476511174493373,-0.0749997860130503,0.0360978723719445,0.00846436421171691,10.5625389255423,-8.80287767184882e-09,0.0132986860335276,0.67437360244578,0.708227476667184,0.720091069375473,0.708201821104075,0.720142711476194
185,-1.41005373833779,0.218845500661842,-1.86665932355386,-0.170136323205001,-0.503563261720401,-0.0683511828826026,0.0230029477835048,-0.0208026589642126,10.6256204851568,0.0747585275394392,-0.0739946484087922,0.713204379858414,0.706700858205313,0.711569749668879,0.678035608291958,0.728110042227849,-1.45361592324045,0.246757396219103,-1.88000001248269,-0.18457413149609,-0.483245392909723,-0.0749998269739002,0.0366379116916801,0.00729350235443963,10.6310096855916,5.46973270030525e-08,0.0131022741793229,0.694719005496095,0.708752042306056,0.719583829122925,0.70872412015232,0.719634407600273
186,-1.42628878389122,0.16716026303288,-1.87346274642561,-0.154090947330052,-0.527065197594945,-0.069525579913566,0.0173879651150018,-0.00287079351359369,10.6985344160694,-0.272320649015462,0.537601503936184,0.731983018100483,0.720468697078842,0.756257889150844,0.706780027503359,0.683690473179035,-1.47025872845099,0.198146143064474,-1.88750001426333,-0.148213004715731,-0.488778189883836,-0.0749998695429242,0.0371062120424681,0.00599931221219805,10.7013930119637,1.06432666313622e-07,0.0129365846904169,0.712606010679659,0.709462090221286,0.718888838274969,0.709431785215311,0.718938092090156
187,-1.44110438648566,0.114911200248502,-1.88028870384402,-0.14339947460488,-0.512995754758908,-0.0658178341259621,0.00482761607853648,0.0220187317036325,10.7725693205298,0.138230845521883,-0.243985414101852,0.742973614414129,0.692710582697405,0.661287573042551,0.721126430395881,0.76433013620203,-1.48324623936191,0.149042267008641,-1.8950000159201,-0.111483392308165,-0.493095809416072,-0.0749999132389511,0.0374882716750464,0.00459921422047182,10.7734098643926,1.41087511646505e-07,0.0128044774988999,0.727366383630421,0.710351377451745,0.718012185126758,0.710318612717662,0.718059860885784
188,-1.454867278078,0.0640726036821071,-1.88664502077074,-0.131952594432564,-0.508243387245493,-0.0614848063681435,0.00867916604108961,-0.00417125883003705,10.8477078705462,-0.219524079840291,-0.0831946432387956,0.766921627179699,0.698935962190162,0.74881736832292,0.707997648796218,0.687336967875075,-1.49254616644948,0.0995678478593517,-1.90250001741794,-0.0744766089703882,-0.496187516032868,-0.0749999575997878,0.0377713505044062,0.00311503912334674,10.8467175669908,1.56045277408163e-07,0.0127083231689881,0.738398739349874,0.711398976471279,0.716974661579758,0.71136371955864,0.717020521832937
189,-1.46806964066529,0.0130363971041662,-1.89319813755124,-0.135410679828767,-0.510843131188251,-0.0716354034920788,-0.0115893827941953,0.00355769856257749,10.925787150137,-0.0759522306606879,0.215260473936895,0.796587603492562,0.732753209864334,0.730619941185072,0.697560416582877,0.732622663107118,-1.49813538806983,0.0498458867899934,-1.9100000187225,-0.037284659661673,-0.498045621786809,-0.0750000021963838,0.0379454622523712,0.00157243381525363,10.9209192064099,1.52230189940374e-07,0.0126498998725927,0.745223227809983,0.712569070912002,0.715811969143534,0.712531337112378,0.715855801049073
190,-1.4820537021951,-0.0374830246965134,-1.90092704338702,-0.140409951129687,-0.496714679346998,-0.0825877001230685,0.012703165117111,0.0210776014674836,11.0040331929683,0.595292173594553,0.0691216303190631,0.761252617133341,0.749951296677225,0.677581238498644,0.720008176744992,0.738020675773146,-1.50000000806348,5.47104094253293e-10,-1.91750001980456,-1.08718930980938e-08,-0.498665505789441,-0.0750000466366575,0.038004227303673,-1.33799242139624e-07,10.995578211021,1.34059448945788e-07,0.0126303102780029,0.747529817920735,0.713813131644135,0.714572544924271,0.713772985096122,0.714614168547048
191,-1.49445963181053,-0.0860195346286156,-1.9094132622343,-0.0984538080545458,-0.473299400951948,-0.0858560567543328,0.0698264991030345,0.0199539708671126,11.0798393890386,0.371824413793267,-0.00589389268231514,0.762348756853586,0.697394354709742,0.730398703928227,0.72785257118944,0.708453157822525,-1.49813539040782,-0.0498458859142866,-1.92500002064373,0.0372846395863728,-0.498045626088845,-0.0750000905583016,0.0379454512722355,-0.0015726945049318,11.0702370431653,1.08439208046223e-07,0.0126499274792418,0.745211584191516,0.715074419240661,0.713313061486185,0.715031971543152,0.713352336950345
192,-1.50056854933084,-0.132053869375765,-1.91808056042437,-0.0221167039340848,-0.447212167492978,-0.0876359359563394,0.080691078271709,0.0140312571862058,11.1551977737485,-0.198807093981127,0.0159077075565662,0.744844524896138,0.707593937045569,0.729917080531497,0.740936950400075,0.692291188700453,-1.4925461708018,-0.0995678475931861,-1.93250002123063,0.0744765936011735,-0.496187523727286,-0.0750001336136092,0.0377713299910046,-0.00311527955681083,11.1444381735816,8.308611282791e-08,0.0127083763261084,0.738376538449761,0.716294113789502,0.712092299434608,0.716249520128011,0.712129132230671
193,-1.49944092854212,-0.175488336533766,-1.92682191679217,0.0390988760404039,-0.421494984374888,-0.0869697106458433,0.0490250291415616,0.0158606551869809,11.2290309690393,-0.396940363304846,0.131070657797716,0.727770837908213,0.719923728223027,0.717674843194894,0.716950320545496,0.702371627580171,-1.48324624513844,-0.149042267615878,-1.9400000215668,0.11148338385195,-0.493095818894644,-0.0750001754521045,0.0374882443544639,-0.00459942244988167,11.2177450563467,6.47067352942049e-08,0.0128045524140112,0.727335620090265,0.717417874344509,0.710964590168521,0.717371327443986,0.710998934124441
194,-1.49383379209268,-0.216358057649136,-1.93510593524525,0.0722503397999036,-0.397399344511357,-0.077397456282322,0.0442309702986331,0.00449480778886611,11.2994493563128,0.418039181657898,-0.393500655249596,0.683685390342571,0.729685216743472,0.642130554410917,0.709381497961579,0.742058400017613,-1.47025873489681,-0.198146144629769,-1.94750002166273,0.148213004200944,-0.488778199204111,-0.0750002157073353,0.0371061815895531,-0.00599947856425332,11.289760821998,5.7600629908963e-08,0.0129366764004092,0.712569278239612,0.718401492754792,0.709974163784974,0.718353215237793,0.71000602150223
195,-1.48376585231436,-0.255684553114076,-1.94254739423368,0.135368488555447,-0.393578630573274,-0.0721883143076864,0.0681209092952127,-0.0367330942077375,11.3630659689477,-0.153502273096033,-0.237606974365974,0.63679347545334,0.70680654081958,0.737902543581266,0.743653111839148,0.662449309323591,-1.45361592955996,-0.246757398635657,-1.9550000215344,0.184574138674437,-0.483245400215858,-0.0750002539924079,0.0366378822614581,-0.00729362016259723,11.3601428563862,6.30597958884548e-08,0.0131023772369354,0.694679132061507,0.719214592463412,0.709151451311449,0.719164828355554,0.709180872176547
196,-1.4666555869752,-0.295863995160809,-1.94959590843105,0.205507197233223,-0.411719176894894,-0.0689671636993971,0.0553284572563811,-0.0468503873353467,11.4247100233977,0.12892223939215,0.115372259173749,0.607965733953821,0.747402665545841,0.701036820488788,0.693014541304052,0.712233855615872,-1.43335920623104,-0.294755174492004,-1.96250002119951,0.220476388426164,-0.47651117838809,-0.0750002899055888,0.0360978480513633,-0.00846443028921561,11.4286121958858,7.96219048534388e-08,0.0132987951755214,0.674333306736065,0.719841904668149,0.70851180873329,0.719790910822324,0.708538884877775
197,-1.44259866701759,-0.337837179693286,-1.95626028544364,0.275651967816315,-0.428916674601424,-0.0640133327710657,0.0480296539231442,-0.0578057504992306,11.4853534208725,-0.366142595952371,-0.397523015508409,0.618440377993426,0.664064440625917,0.717507800783036,0.749349339719522,0.715904591993498,-1.40953892667549,-0.342020142343132,-1.97000002067433,0.255830496180307,-0.468592276633841,-0.0750003230440011,0.0355013479597294,-0.00949909144251065,11.4949575296883,1.03946946394472e-07,0.013522694426218,0.652213851703412,0.720282289859919,0.708056494771911,0.720230327973642,0.708081355525796
198,-1.41184889403562,-0.382982836762524,-1.96302050911285,0.336788116104373,-0.480345627709732,-0.0732602963442468,0.0118450251388335,-0.0827219474835285,11.5462281677709,-0.130682391512075,0.114735377658395,0.608386323413796,0.766489958366307,0.73156175938148,0.692985561520402,0.710071877306562,-1.38221431206327,-0.38843479423935,-1.97750001997171,0.290548567720006,-0.459508382622851,-0.0750003530213427,0.0348635352627595,-0.0103892246149957,11.5590343469392,1.31939079886915e-07,0.0137705760209292,0.628972633084396,0.720546137219105,0.707775270004387,0.720493466934364,0.707798075453645
199,-1.37588025999672,-0.433851420712718,-1.9707241490127,0.378007211766372,-0.530822392748352,-0.0803361686630917,0.00518355904549604,-0.0370028271853486,11.6075678501055,0.0359674625924903,0.791233513422933,0.612985961305239,0.739969868308515,0.737268305196009,0.693729638298274,0.706536205512238,-1.35145329572758,-0.433883736228553,-1.98500001910056,0.324544290003594,-0.449282079920898,-0.0750003794851589,0.0341987466053552,-0.0111304702967824,11.6207602640979,1.59753369463842e-07,0.014038783303969,0.60519921021009,0.720651958997243,0.70764980033488,0.72059883235297,0.707670734564481
200,-1.3373469320365,-0.487152811737857,-1.97904479631588,0.390671506680147,-0.524512127752984,-0.0857339417775656,0.034791613367048,0.0196761623523775,11.6691905580352,0.637032985164108,0.178929315819162,0.603695104637662,0.715996538633725,0.665008955605521,0.726239978731463,0.762611674785246,-1.31733235429896,-0.478253975206387,-1.99250001806657,0.357733145464161,-0.437938792030331,-0.075000402130267,0.0335200115126162,-0.011721913656557,11.680107777757,1.84459930795715e-07,0.0143235949071037,0.581401414994794,0.720622925567889,0.707657119300418,0.720569582870858,0.707676383808169
201,-1.29695126305808,-0.537106981164489,-1.98733369728395,0.420695373668653,-0.47020165949143,-0.0781413172475443,0.0683122184582274,0.024314531722249,11.729596199978,-0.225993601659485,0.0970953939963475,0.597948435742682,0.675510278159031,0.745350138774115,0.742443550201736,0.668226161770344,-1.27993631762062,-0.521435199818248,-2.00000001687365,0.3900326220018,-0.425506719397188,-0.0750004207067097,0.0328387652751886,-0.0121654467957722,11.7370956525599,2.04303674435445e-07,0.0146213025083515,0.557997281100975,0.720483863554404,0.707772626965197,0.720430530577374,0.707790434601284
202,-1.25363397101945,-0.581347680917886,-1.99464612343409,0.442516152776452,-0.41912524713945,-0.068393576594048,0.0377657634769998,0.0138396232821282,11.787940483773,-0.232559375613624,-0.31486487704386,0.572596183976281,0.708637781269418,0.676870862557427,0.723237036604275,0.722261107970691,-1.239358157902,-0.563320054714179,-2.00750001552572,0.421362418136261,-0.412016769479246,-0.0750004350223549,0.0321647352142522,-0.0124651402029771,11.7917799572903,2.18628540108977e-07,0.0149282727330494,0.535315829033391,0.720258979731399,0.707972362843585,0.720205866049332,0.707988932495384
203,-1.2084721859687,-0.622102221814124,-2.00131636837647,0.460463445791808,-0.401984210825775,-0.0660170231526528,0.0090144075199653,-0.0105615628256248,11.8427784925375,-0.408307766189578,-0.0294640216694636,0.536943936853318,0.728926107537626,0.725730059844179,0.717560524905918,0.680652314737768,-1.19569875862219,-0.603804407469288,-2.01500001402824,0.451644642765893,-0.397502480013243,-0.0750004449414347,0.0315059597325462,-0.0126266713039103,11.8442454936637,2.27600147562365e-07,0.0152409940513621,0.513603895881188,0.719970357599343,0.708234506055908,0.719917655831413,0.708250058177745
204,-1.1620359281252,-0.662716940908394,-2.00778862158982,0.468063605370619,-0.412576317026882,-0.0630891960603858,-0.00185228071446171,-0.0194282939765739,11.8948061484724,0.358534393335995,-0.246336282211483,0.502929119157804,0.739012167832564,0.66178915738704,0.701656187187023,0.742597897475675,-1.1490666637501,-0.64278760749841,-2.02250001238934,0.480804008980739,-0.381999935665261,-0.0750004503807824,0.0308688985432092,-0.0126568358877303,11.8945980915426,2.31863967059398e-07,0.0155561104441089,0.493036442700176,0.719637134949507,0.708540194471084,0.7195850206729,0.708554947465226
205,-1.11395499190179,-0.704289694248385,-2.01418722499545,0.496159919715712,-0.414537212366443,-0.0657602176771394,0.0261526788728069,-0.0153307448923575,11.9429468799993,0.0266704895516997,0.50120252838878,0.451678085790755,0.742570736189775,0.74968400023669,0.721447145946286,0.654272372424957,-1.09957780790291,-0.680172736314176,-2.03000001062036,0.508768021399055,-0.365547678286127,-0.0750004513053946,0.0302585974150453,-0.0125631510104176,11.9429580134337,2.32240558409516e-07,0.015870444036599,0.473728302176475,0.719275206790682,0.708873818509552,0.719223838916496,0.708887985900706
206,-1.06365483448039,-0.744705635475997,-2.02073542783221,0.504929040334106,-0.390610285282641,-0.0643739789442089,0.0262886469043461,0.0174449671081963,11.9872991246828,0.0739189328514736,-0.0458499742866811,0.422113529194945,0.69845284030979,0.672989053731307,0.73859272430156,0.738154237327083,-1.04735522811555,-0.715866848501196,-2.03750000873589,0.535467156529019,-0.348186611020245,-0.0750004477244603,0.0296788784492884,-0.0123535463784801,11.9894545376528,2.29510927566735e-07,0.0161810089680698,0.455745930624555,0.718897288425557,0.709222954845105,0.71884680986376,0.709236743153453
207,-1.01291784368805,-0.782191921176329,-2.02704223565622,0.512518858628357,-0.358649291001833,-0.0617528205320393,0.0377540623965488,0.00463774684452959,12.028546287726,0.122036677985712,-0.0563805246421909,0.412464806790588,0.719569539051124,0.715610177813389,0.708372975165793,0.70528678284399,-0.992528757942051,-0.749781202804823,-2.04500000675339,0.560835035693171,-0.32995989653221,-0.0750004396884264,0.029132535009939,-0.0120361345438989,12.0342216737216,2.24302534619694e-07,0.0164850186023864,0.43911827182097,0.718513194877276,0.709578083820308,0.7184637333571,0.709591691022329
208,-0.960774062202112,-0.816155744348709,-2.03339342677546,0.531335141424373,-0.31801047798352,-0.0662413639731411,0.0545540012385598,0.00541804078136588,12.0694364103413,0.223988868484797,0.10590632134964,0.402903544330533,0.729871946759332,0.716955069796906,0.713532100019048,0.715305955529906,-0.935234704654315,-0.781831482759875,-2.05250000469263,0.584808590086613,-0.310912849624406,-0.075000427287173,0.0286215176391462,-0.0116190472971595,12.0773948964033,2.17058793784363e-07,0.0167798879017168,0.423846267808983,0.718130226594243,0.709932200657264,0.718081895542696,0.709945815122957
209,-0.90657895527915,-0.845102833032086,-2.04070822509169,0.552552078392603,-0.258954066087989,-0.0813884618025874,0.0643419336135751,0.00799298005584257,12.1108333427574,-0.0990390996647933,-0.0497985619041386,0.425210966333891,0.700497275772062,0.741513449313152,0.738926421611017,0.730071447267378,-0.875615510345094,-0.811938006312285,-2.06000000257491,0.607328217568938,-0.291092824524297,-0.0750004106490445,0.0281471030334682,-0.0111103251878456,12.119108754026,2.08062910628514e-07,0.0170632324572198,0.409910853884875,0.717753585579134,0.710280396326135,0.717706484990763,0.710294196130023
210,-0.850249309981575,-0.86828196738802,-2.0491904024796,0.574650293814105,-0.208885823791903,-0.0866214257799598,0.0433578485041513,-0.00845444922191395,12.1523985794229,-0.287524479605441,-0.224853006612386,0.416903688906663,0.712325495688808,0.711607887133614,0.729922553838937,0.712403769735111,-0.813819397780725,-0.840025923914795,-2.06750000042248,0.628337930814074,-0.270549097125337,-0.0750003899403403,0.0277100423594583,-0.0105178480959394,12.1594952005642,1.97486829356796e-07,0.0173328653497797,0.397279467350323,0.717386774924456,0.710619455098321,0.717340992179436,0.71063360761525
211,-0.791350322373086,-0.887935524170973,-2.05803471081648,0.605710177841257,-0.188921602676635,-0.0903623505403667,0.0218285623800718,-0.0339979934295214,12.1928098988263,-0.0754204597804026,-0.238150443740447,0.40749785715889,0.728254497091114,0.70732158004322,0.709995907113846,0.722493291209757,-0.750000001885816,-0.866025404606522,-2.07499999825791,0.647785496463171,-0.249332742472027,-0.0750003653648566,0.0273106880306304,-0.00984929646790894,12.1986825096322,1.85442749103682e-07,0.0175867927274012,0.385911207630867,0.717031956348241,0.710947494202071,0.71698756695364,0.710962155913951
212,-0.72858062966458,-0.906644109095041,-2.06684952665461,0.651292629159874,-0.187101190316598,-0.0844968069557553,0.0126506859019002,-0.0479903565863339,12.2325136863745,-0.123903355713011,0.00400539032044557,0.389612728261807,0.719058076555199,0.71563717182348,0.709231594662503,0.69074850131154,-0.684315987776464,-0.889871809615649,-2.0824999961036,0.66562256494497,-0.227496507788116,-0.0750003371631567,0.0269490998344678,-0.00911213472923009,12.2367946449475,1.72023635947734e-07,0.0178232087461383,0.375760834465182,0.716690255086642,0.711263656237391,0.716647323328407,0.711278972691682
213,-0.661214283922838,-0.925727941646935,-2.07534861265521,0.692975597005028,-0.196406728617402,-0.0871177141586656,-0.0053104893629606,-0.0334484821357877,12.2703621640738,-0.195141895440798,0.289324455197371,0.365747183604571,0.7316512771885,0.721413996538383,0.717718536186346,0.701106976436719,-0.616930656291258,-0.911505853054938,-2.0899999939815,0.68180479064742,-0.205094681357045,-0.0750003056113577,0.0266251322750902,-0.0083136102046702,12.2739509811668,1.57327334414382e-07,0.0180404903301543,0.366781802305372,0.716362010729557,0.711567855779885,0.716320590231313,0.711583961653635
214,-0.59088153492966,-0.946131212651376,-2.08377145176354,0.71103244086881,-0.210125999944392,-0.079480537138085,-0.000809506243311079,-0.0160136809406456,12.3060096834777,0.396977869361732,-0.0331091744405165,0.351798649849584,0.717637789910588,0.667420538608495,0.700980762786778,0.738644798765178,-0.548011537999896,-0.930873749311181,-2.09749999191284,0.696291942144687,-0.182182957574642,-0.0750002710193375,0.0263385054322014,-0.00746076247866466,12.3102662883201,1.41464844582027e-07,0.0182371920598057,0.358928518687392,0.716046977778996,0.711860576411068,0.716007111969318,0.711877595645197
215,-0.518694445839682,-0.966761724202095,-2.09179396164412,0.736573117664018,-0.197352445683455,-0.0828747749034175,0.0330770038602283,-0.0313555634972837,12.3396309855267,0.151981938194386,-0.224711148201855,0.324933960571722,0.708910122935031,0.720278995542098,0.745154921140495,0.70085847786446,-0.477729976697779,-0.947927346762264,-2.10499998991802,0.709048002205687,-0.158818298505085,-0.0750002337283559,0.0260888617233762,-0.00656043946061169,12.3458509107794,1.24556745866226e-07,0.0184120413879705,0.352157993004684,0.71574448218959,0.712142711933884,0.715706204682704,0.712160757911236
216,-0.44294977769434,-0.98515438639874,-2.10007412663531,0.777619744236507,-0.169353508405598,-0.0817111087600047,0.0386518394166242,-0.0260501379309454,12.3722251212301,0.03022242287848,0.476856678762165,0.326179073132745,0.735423327263365,0.742420278881422,0.685317003259528,0.687334305120721,-0.40626070342113,-0.96262424748916,-2.11249998801651,0.720041257333997,-0.135058792281571,-0.0750001941081436,0.0258758108351965,-0.00561931748605498,12.3808110870445,1.06722975267504e-07,0.0185639343068931,0.346431016752681,0.715453540939904,0.712415444743134,0.715416875836535,0.712434620490621
217,-0.364396496034095,-1.00024892174846,-2.10808718999245,0.785924155849076,-0.129927490348077,-0.0783752411087322,0.0464692063810448,0.0194491981907531,12.4068008226826,0.153765273392932,0.30714370468356,0.326247774610759,0.705317125432217,0.694036035571631,0.719183376639556,0.728541485090021,-0.333781402040975,-0.974927912684779,-2.11999998622684,0.729244376614257,-0.11096350870248,-0.0750001525535442,0.025698964855537,-0.00464392361257835,12.4152493694405,8.80709492433556e-08,0.018691931533877,0.34171299093825,0.715172951509186,0.712680154494057,0.715137913624997,0.712700552894452
218,-0.286700471354494,-1.01046018038682,-2.11596733313013,0.766076934240081,-0.0700072272871837,-0.0798213568883309,0.0713537036263587,0.0328760798037308,12.4402480336926,0.326223267912082,0.0163317711513339,0.327533021966563,0.71387629802372,0.704491655753092,0.71950212444129,0.731025993256254,-0.260472267515492,-0.984807753497102,-2.12749998456664,0.736634479666663,-0.0865923523819475,-0.0750001094808019,0.0255579653566772,-0.00364065889666283,12.4492651131903,6.86859143132846e-08,0.0187952552482755,0.337974493058119,0.714901357479552,0.712938350866013,0.71486795250863,0.712960054868797
219,-0.211138332384652,-1.01339883531897,-2.12391833580113,0.746862363554466,0.0124566424567455,-0.0788052486986035,0.0800034644666066,0.0210045307290075,12.4722363846897,-0.285936302411501,-0.195278729382267,0.329462673579512,0.685355778309318,0.733250463605666,0.744078826460391,0.698272733437996,-0.186515557898692,-0.992239207080272,-2.13499998305262,0.742193193538565,-0.0620059138204728,-0.0750000653235826,0.0254525038845002,-0.00261582190333016,12.482955012522,4.86260319904833e-08,0.0188732863897373,0.335191655705875,0.71463729564937,0.713191625050987,0.71460552026986,0.713214707874436
220,-0.136735223364861,-1.00869510668436,-2.13172113697309,0.746068130338471,0.0769911402447715,-0.0773545915658773,0.0555872816394098,-0.0130506450152891,12.5027651818115,-0.0579056594226451,-0.45032572114631,0.321820322423628,0.722167770681546,0.690412952082464,0.711128261636602,0.7322512524956,-0.112095141219131,-0.997203797664143,-2.14249998170072,0.745906698390141,-0.0372653187666556,-0.0750000205287999,0.0253823370234341,-0.00157563203882473,12.5164136677865,2.79233784529963e-08,0.0189255625147831,0.333346411598752,0.714379229205924,0.713441615432527,0.71434907113425,0.713466140751184
221,-0.0606558684685528,-0.998581058307639,-2.13921754628307,0.780688382631717,0.120079524641737,-0.072013293412524,0.022869867094207,-0.0470167538039548,12.5349539027393,-0.741781234213639,-0.114571884786877,0.361118810793164,0.682820755972662,0.766175934962615,0.710503888466132,0.681795517580402,-0.0373960383552165,-0.99968918249015,-2.14999998052611,0.747765761859456,-0.0124320762454023,-0.0749999755522987,0.0253472969393204,-0.000526252536820622,12.5497341722999,6.59086790204442e-09,0.0189517762027759,0.33242664534913,0.714125570759375,0.713689983664611,0.714097008758836,0.713716005777555
222,0.0196969142324153,-0.986770458853876,-2.1464655478737,0.823580715488279,0.105086570411223,-0.0740650679620744,-0.044555854374714,-0.0300459924065225,12.5706574493348,-0.388186030891263,0.462604637146405,0.355904083225656,0.759756224686106,0.711728133704176,0.684550894261515,0.713431272876388,0.0373960369562614,-0.99968918249903,-2.15749997954337,0.747765762020694,0.0124320743688996,-0.0749999308544323,0.0253472980552013,0.000526186906537747,12.5830087110322,-1.53657589980992e-08,0.0189517740010182,0.332426280165369,0.713874698431774,0.713938397965915,0.713847702280535,0.713965961942033
223,0.102750419969272,-0.978917874433718,-2.15425165344426,0.830130010926534,0.0489024382939475,-0.0822439825249236,-0.0624905384089666,0.0158963094585132,12.6037135174082,-0.00289362953563827,0.306459329525385,0.358594598724882,0.720173389306619,0.703950441089068,0.71921340905386,0.743293840710119,0.112095139834581,-0.99720379769393,-2.1649999787666,0.745906698877973,0.0372653168535228,-0.0749998868955519,0.0253823402857969,0.00157556774713928,12.6163291655553,-3.79324188816457e-08,0.0189255559005175,0.333345317289707,0.713624967742696,0.71418852089451,0.713599498165599,0.714217662691313
224,0.184719372780809,-0.976969808798674,-2.16263066653971,0.806707344921423,-0.00610646582564992,-0.0844821783689413,-0.0375156199159529,0.0320362616110357,12.6387321187655,0.510819533441685,-0.0214012629638889,0.358325201509485,0.722594238638762,0.688549402323377,0.709529610998282,0.741460256931846,0.186515556544364,-0.992239207140541,-2.17249997820954,0.742193194365748,0.0620059118308125,-0.0749998441314127,0.0254525090403294,0.00261576029598881,12.649787720976,-6.10696712701152e-08,0.0188732753376383,0.335189836778357,0.713374721741869,0.714441999156604,0.713350730309951,0.714472745709178
225,0.263947996949942,-0.978695731365921,-2.17116829504703,0.777620708309667,-0.0211734308859619,-0.0863787266740171,0.00671194698738947,0.0304844957973726,12.6754633497187,0.228532923638089,0.0354644446530289,0.378141134049733,0.698739071769182,0.74001636366233,0.718863411051236,0.704415765631733,0.260472266210078,-0.984807753604187,-2.17999997788572,0.73663448085548,0.0865923502712931,-0.0749998030084951,0.0255579719940545,0.00364060133083492,12.6834774710074,-8.4696556092057e-08,0.018795239721423,0.337971959609932,0.713122301708351,0.714700453130894,0.713099730709649,0.714732822407348
226,0.34010945488782,-0.980362586158186,-2.18010777809954,0.745538118801702,-0.00956053573591308,-0.0930743255756046,0.023986353669007,0.0278358920049571,12.7126321995573,0.152255629858478,-0.119221898564433,0.359867720650729,0.721039439304186,0.705228318948021,0.73363414051403,0.719144306126462,0.333781400807558,-0.97492791286199,-2.18749997780857,0.729244378196952,0.110963506424149,-0.0749997639592298,0.025698972419489,0.00464387145533701,12.7174930168987,-1.08677790443093e-07,0.0186919114909052,0.341709762485507,0.712866060764435,0.714965463758723,0.712844843049542,0.714999464778043
227,0.413379901261482,-0.98002128757371,-2.18952428180354,0.723174428694293,0.0203785371503046,-0.094269721716825,0.0456542871950769,0.00284239833191731,12.7477532471205,0.287005787187274,-0.359194707086574,0.364486194033228,0.70799013537638,0.70528611116842,0.713655723899863,0.729273959204993,0.40626070228863,-0.962624247766484,-2.19499997799151,0.720041259351377,0.13505878979381,-0.0749997273971234,0.0258758186519972,0.00561927210409428,12.7519310546261,-1.32816729774177e-07,0.0185639097103953,0.346427127469849,0.712604382940703,0.715238554259053,0.712584441746703,0.715274187066702
228,0.48561540706808,-0.975378646799914,-2.19856797468594,0.72523991826101,0.0746060289384117,-0.0853317663023108,0.0531565917581244,-0.0233443002064349,12.7824873999243,-0.22780176171641,-0.0470790438495384,0.353725075030851,0.704293304279784,0.735506499929421,0.718334171080045,0.669921733647844,0.477729975702042,-0.947927347175042,-2.20249997844793,0.709048004702288,0.158818295783268,-0.0749996937117824,0.0260888690348368,0.00656040219820971,12.7868909424479,-1.56855994081407e-07,0.0184120122125188,0.352153498227593,0.712335710577681,0.715521163775361,0.71231695933464,0.715558419371261
229,0.558793540833479,-0.965522009799854,-2.20747407519186,0.738813485209485,0.118966850634272,-0.0959960825813355,0.0308985988806107,-0.0226360132039379,12.8170425179554,-0.0821457621469785,0.0401952305504098,0.336061997695682,0.740778416542534,0.711465238300548,0.720332535127745,0.729995440030546,0.548011537184008,-0.930873749897293,-2.20999997919109,0.696291945159083,0.182182954627659,-0.0749996632638561,0.0263385114411098,0.00746073462101124,12.822475237509,-1.8048664842316e-07,0.018237158297555,0.358923502441261,0.712058583458633,0.715814609549634,0.712040925583714,0.715853469762454
230,0.633270538467247,-0.952004048597979,-2.21727013545687,0.748691851941662,0.149636015070195,-0.0979676471029701,0.0231706977741606,-0.00871584953764718,12.8521081111664,-0.11297343814251,0.291559678996008,0.364299073018867,0.708660078916182,0.735946086730229,0.696841794973896,0.711505091667579,0.61693065570454,-0.911505853850187,-2.21749998023392,0.681804794196889,0.205094678245638,-0.0749996363799328,0.0266251362020598,0.00831359292405018,12.858790185432,-2.03365146915308e-07,0.0180404519918314,0.366776385497436,0.711771693728342,0.716120033555439,0.711755022414122,0.71616047085641
231,0.707717057640312,-0.936135001643647,-2.22669517030873,0.733975713599029,0.165327789167611,-0.0893504216021553,0.0215329741180178,0.0317514045553816,12.8906498362627,0.122999873578515,0.523539712570975,0.387966388756908,0.716917830009856,0.708636767276307,0.684789617336029,0.715176451128593,0.684315987471582,-0.889871810647329,-2.22499998158858,0.665622569004977,0.227496504641494,-0.0749996133474498,0.026949100984984,0.00911212901237676,12.8959461404956,-2.25134947933352e-07,0.0178231658555182,0.375755183217468,0.711473961437478,0.716438328734416,0.711458159443159,0.716480305983401
232,0.778511591500288,-0.919021267633287,-2.23523554562889,0.675428216580931,0.179758310439181,-0.0816542111311276,0.0532095081657051,0.0610401356954073,12.9308850737805,0.477305201419103,-0.0206917352146068,0.39660366168178,0.698091806498336,0.679379270238546,0.719013664065165,0.744274805179788,0.750000001913573,-0.866025405885577,-2.2324999832659,0.647785500943875,0.249332739497896,-0.074999594409693,0.0273106858690835,0.00984930302436322,12.9340578857942,-2.45447013309676e-07,0.0175867453083161,0.38590554101676,0.711164636399763,0.71677003913008,0.711149575857033,0.716813509246377
233,0.842329089153537,-0.898843922163252,-2.24345549178796,0.603800170318713,0.232055999805005,-0.0841801256018041,0.0935171136616504,0.0228712934202153,12.9673040774497,0.201141463708453,-0.678713024537161,0.389495333490207,0.690817182953922,0.711015055691845,0.755367811161187,0.724251763082043,0.813819398182434,-0.84002592542752,-2.23999998527457,0.62833793553815,0.270549094607862,-0.0749995797609592,0.0277100365845594,0.0105178672497528,12.9732448123722,-2.63970846890896e-07,0.0173328134064587,0.397274063535075,0.710843432838527,0.717115227420477,0.710828975087999,0.717160132971119
234,0.90076407025484,-0.871218219757717,-2.25152382875505,0.571798488051314,0.325691660041882,-0.0749903964929223,0.107106345260455,-0.03122345674915,13.0020338495468,0.124740600817575,-0.156850402519348,0.414215244976992,0.722427151944224,0.74094656642173,0.677078803914642,0.693879199412685,0.875615511142954,-0.811938008013036,-2.24749998762008,0.607328222257097,0.291092822804977,-0.0749995695419222,0.0281470936468915,0.0111103567587367,13.0136309035053,-2.80386370744423e-07,0.0170631759512407,0.409906053355819,0.710510703813361,0.71747330283408,0.710496699293201,0.717519575533495
235,0.957088272123158,-0.833199928407678,-2.25855318260264,0.553318984320199,0.432827721562064,-0.0664298715689672,0.0983013930048386,-0.0235416383883033,13.0471511764901,-0.340303943460197,0.365840368922073,0.470265576383648,0.693200252456877,0.759729102054702,0.698668921122476,0.698799992782147,0.935234705840945,-0.78183148456669,-2.25499999030345,0.58480859435849,0.310912849062772,-0.07499956383517,0.0286215049968901,0.0116190904824957,13.0553444549241,-2.94348022669749e-07,0.016779826731759,0.423842472024836,0.710167662294923,0.717842802552797,0.710153950510784,0.717890362669912
236,1.01085126436898,-0.78600394001365,-2.26474313412146,0.517061701615587,0.502384164346457,-0.0571521358664457,0.067115439016071,0.0244362970106719,13.0986181051554,-0.174600820681825,0.649599050014335,0.470926702028683,0.730053535051671,0.702312753096179,0.694175452885477,0.707899504834863,0.992528759471086,-0.749781204599988,-2.26249999331962,0.560835039091062,0.329959897446943,-0.0749995626607573,0.029132519844215,0.0120361878196664,13.0985174440642,-3.05417654307491e-07,0.0164849525955624,0.439115935233652,0.709816654430518,0.718221121027965,0.709803064045583,0.718269876700849
237,1.05934665485133,-0.734357135225455,-2.27019417022285,0.452060071445848,0.521826243112181,-0.0527193719981772,0.0247984952164783,0.0528581538474885,13.1479449385109,-0.861085657836827,-0.19267333361067,0.480497255310621,0.650665946464018,0.712195462790729,0.767551159963542,0.721883685523287,1.04735522989588,-0.715866850138486,-2.26999999665553,0.535467158569271,0.348186613616546,-0.0749995659714584,0.0296788618482927,0.0123536074454192,13.1432844420982,-3.12973241704302e-07,0.0161809378927821,0.455745543675758,0.709461487182963,0.718604184991777,0.709447836278978,0.718654031456268
238,1.1026911960973,-0.683408318108969,-2.27522225692288,0.420523527843351,0.49154481418049,-0.0473908653804885,-0.0186749270414296,0.0458909716919402,13.1966507238536,0.236166812976422,0.280286062291466,0.495825886831733,0.776266396567147,0.693396470089742,0.635392526710611,0.735106492789997,1.0995778097993,-0.680172737633619,-2.2775000002877,0.508768021650228,0.365547682581207,-0.0749995736472483,0.0302585807493804,0.0125632168198997,13.1897809431973,-3.16116329631071e-07,0.0158703676454239,0.473730362622192,0.709107805993909,0.718986078474227,0.709093902568342,0.719036897222674
239,1.14285395273549,-0.636092831467544,-2.27987462763181,0.379505374180544,0.458392714551542,-0.0464552216830135,0.0113978988129278,0.0458558832923497,13.247432428536,0.0674858185235449,-0.524355766106228,0.525206428269284,0.654753762159849,0.705048170412634,0.757504284185013,0.742524940412809,1.14906666559256,-0.642787608347945,-2.28500000417933,0.48080400715912,0.381999941429213,-0.0749995854884468,0.0308688833316093,0.0126569027891674,13.238140969128,-3.13620468384134e-07,0.0155560285501034,0.493041412595662,0.708763507013167,0.719358633241713,0.708749149793417,0.719410291141994
240,1.17939782736451,-0.590644728288296,-2.28469459422903,0.357456053492541,0.455260916999419,-0.0504894724198934,0.010637399245016,0.000347534600768892,13.3011973595395,-0.0445440881111683,-0.145907082882705,0.561225000644326,0.727800604207234,0.749915846728014,0.686767310056466,0.704668777161241,1.19569876022487,-0.603804407730821,-2.29250000827645,0.451644638828841,0.397502486745114,-0.0749996012070331,0.031505947446482,0.0126267353590807,13.2884937987227,-3.03980456916618e-07,0.0152409066323342,0.513612141957078,0.708439151265236,0.719711017240766,0.708424130936396,0.719763365665249
241,1.2148320852092,-0.544740141363571,-2.2897468664209,0.350190582222581,0.462292917786963,-0.0497247337907708,0.0130481989346803,0.00615408695324542,13.35773742012,0.119382575588337,0.222346092598521,0.563118587301991,0.7285994522634,0.712848487619323,0.699090664544383,0.708417996672741,1.23935815909008,-0.563320054329623,-2.30000001250313,0.421362412345274,0.412016776435617,-0.0749996204159868,0.0321647270312295,0.0124651977094129,13.3409596781169,-2.8562887487821e-07,0.0149281800471985,0.535327545279064,0.708148323822581,0.720029377930189,0.708132424777816,0.720082251970335
242,1.24891666267486,-0.498354965803225,-2.29483840894187,0.331436684859337,0.465458400631759,-0.0528791699783647,0.0132644203196457,0.00426199872456651,13.413714954817,-0.199905962889212,-0.372936728761348,0.556801941724838,0.682277577624045,0.704757662826946,0.75515313127456,0.725706717278516,1.27993631826065,-0.521435198809805,-2.30750001675541,0.390032614924424,0.42550672568128,-0.0749996426172147,0.032838761804003,0.01216549504768,13.3956443986278,-2.57369899215798e-07,0.0146212051947522,0.558012394483015,0.707907849898564,0.720296628541968,0.707890852626344,0.720349846417211
243,1.2820962240351,-0.451370300433915,-2.30055682914454,0.337382430581621,0.473932653773972,-0.0621759157923747,-0.0121951083682378,-0.0129146368525328,13.469829852144,-0.24640661726282,0.235439202755195,0.571889243619535,0.744513556416562,0.753398797203677,0.687282244835573,0.700021370349756,1.31733235432532,-0.478253973685297,-2.31500002089384,0.357733137892022,0.437938796733841,-0.0749996671896916,0.0335200125296838,0.011721951944616,13.4526326965622,-2.19027975007656e-07,0.0143234940409378,0.581419478737226,0.70773774487177,0.720492500216402,0.707719429086384,0.720545863024931
244,1.31661865306833,-0.404441895602604,-2.30717429670292,0.350884628540069,0.459552075635548,-0.0697429431663845,-0.0193260817275667,0.0196698561832335,13.5275524010288,0.155364813286121,0.26547907099222,0.595571868315079,0.722104959526793,0.705787635023411,0.702413122216811,0.745398472715197,1.35145329515634,-0.433883734388222,-2.32250002473475,0.324544282786199,0.449282082291714,-0.0749996933807071,0.0341987508579919,0.0111305011066716,13.5119805452889,-1.72212765800899e-07,0.0140386803847607,0.605219294199135,0.707660744469664,0.720594013749695,0.70764089306421,0.720647305750681
245,1.35146009762359,-0.359954085920614,-2.31403018435173,0.341583946977336,0.429205333996651,-0.0657514138432328,0.000868858280554668,0.0403245651088068,13.5891641737011,0.136474064824548,0.141787382360017,0.643525310440703,0.687646442424328,0.72389709051013,0.702318536327304,0.723891487656015,1.38221431098671,-0.388434792332314,-2.33000002804076,0.290548561548969,0.459508382216421,-0.0749997203042122,0.0348635404109533,0.0103892549317669,13.5737065834906,-1.20966794725892e-07,0.013770472895584,0.628993227619478,0.707701248997069,0.720576537050296,0.70767965284549,0.720629526705202
246,1.384311368402,-0.31879414591923,-2.32093332502412,0.313927372635138,0.39307074515684,-0.0745162916560151,0.00892389710533835,0.0487603428427498,13.6547856375931,-0.0414695843006525,0.0361395583178574,0.661456746471396,0.712060058687054,0.72847076540324,0.729196868402023,0.723715297351678,1.40953892523549,-0.342020140645751,-2.33750003051134,0.255830491395116,0.468592273403938,-0.0749997469505826,0.0355013507412712,0.00949913401264608,13.6377831542651,-7.19138418612509e-08,0.0135225931863512,0.652232808140197,0.70788354241805,0.720415567500423,0.707860005971107,0.72046800952417
247,1.41417482718447,-0.281447478634861,-2.32849188930001,0.281780420484364,0.354149223277076,-0.0749213677871657,0.0224009922722799,0.0510569649148014,13.7212967682741,0.325105005101507,0.0452135631991666,0.665545380581328,0.72768365699198,0.700066339696757,0.696885672156291,0.727499019061208,1.43335920457798,-0.294755173264399,-2.34500003177479,0.220476384926265,0.476511172692226,-0.0749997722109588,0.0360978447673833,0.0084645046485749,13.7041277001417,-3.34168741847992e-08,0.0132986981164791,0.674347844557908,0.708229236658524,0.720089288891363,0.708203584169148,0.720140927556218
248,1.43980803015558,-0.247673794111487,-2.33600581699871,0.226439468799607,0.324050522504488,-0.075742120850006,0.0561307281931168,0.042575068768236,13.788548825074,0.194495804117187,-0.203769222931718,0.688140578190438,0.691200136899051,0.722069710492256,0.7268800687466,0.725394895837921,1.45361592781043,-0.246757398084955,-2.35250003138307,0.184574135974847,0.483245392751157,-0.0749997949160679,0.0366378696953439,0.00729375322341511,13.7725955269443,-1.32669469572314e-08,0.0131022870305312,0.694685943283581,0.708754059365389,0.719581784769428,0.708726141450197,0.719632358645597
249,1.45909943842683,-0.215750280343739,-2.34351949459114,0.160208827126315,0.3211659714941,-0.0741616206940054,0.0658427381882614,-0.0024292102937229,13.8547257376169,-0.0232248864066363,-0.627322417797775,0.685329019733672,0.696163979327016,0.704657153683957,0.73643729450356,0.717638106262791,1.47025873310057,-0.198146144880921,-2.36000002881057,0.148213001514628,0.48877819092928,-0.074999813883918,0.0371061584970005,0.00599970458189403,13.8429751452557,-1.46850891650381e-08,0.0129365967568186,0.712564753542432,0.709464340726885,0.718886552698588,0.70943404084192,0.718935800883998
250,1.47226751020842,-0.181872743343519,-2.35053154875883,0.10288170353902,0.359870915613706,-0.0649452312604063,0.0725379338372418,-0.0255095571483855,13.9200785526612,0.250841438350102,0.482857296491758,0.643104145035444,0.77530659846257,0.726153391179371,0.66698276373826,0.662275626459944,1.48324624323978,-0.149042268688893,-2.36750002345744,0.111483379792733,0.49309581097167,-0.0749998279663,0.0374882136820363,0.00459978230176829,13.9149874327908,-3.11460061174436e-08,0.0128044900670787,0.727316189711923,0.710353817131091,0.718009701828553,0.710321057425676,0.718057371476159
251,1.47890371418184,-0.144817129685761,-2.35675383934685,0.0280816491219813,0.371589164288278,-0.060489244821422,0.0706893278945393,0.0280939950877227,13.9856089319244,-0.44012174103874,0.468292972140862,0.577683717464445,0.695848859093493,0.711487947632624,0.769232591879069,0.678613545835026,1.49254616852142,-0.0995678493896823,-2.37500001465441,0.074476584730848,0.496187517345483,-0.0749998360331917,0.0377713019569527,0.00311581887451701,13.9882896631091,-4.23743553943381e-08,0.0127083426202417,0.7383393916837,0.71140144109935,0.716972144149111,0.71136618737432,0.717017999004145
252,1.4788654262383,-0.109269876692683,-2.36261954211917,-0.0202102099775533,0.332410420843792,-0.0567160506228526,0.0163783404208302,0.0616242237569579,14.0404008793846,-0.582297093281974,0.276111339849806,0.480661341965508,0.737687448569002,0.678948748945587,0.742899050340826,0.689343468867891,1.49813538687697,-0.0498458882615285,-2.38250000170552,0.0372846166904782,0.49804562089922,-0.0749998379016176,0.0379454467576169,0.00157347301960323,14.0624846809618,-1.50636886464925e-08,0.0126500130527542,0.745149245550902,0.712573351876316,0.715807632753968,0.712535611798824,0.715851456380513
253,1.47654739918876,-0.0793850136911199,-2.36811427832031,-0.0198669335276073,0.262201237281626,-0.0531126698784294,-0.0199845390039814,0.0775867579449165,14.0820313407438,-0.144502295938326,0.0270068637745382,0.34545780077185,0.75983748740025,0.650963710865356,0.74374518516943,0.697878264922586,1.50000000098858,-2.3194402362022e-09,-2.38999998310437,-6.7487758139441e-08,0.498665504613699,-0.0749998135887561,0.0380042783133269,1.00718689485877e-06,14.1371403322414,1.81787307348675e-08,0.0126295676193556,0.747553186677984,0.713779714157478,0.714605793429247,0.71373962995676,0.71464748086717
254,1.47541707510236,-0.0569838474338065,-2.37282309545701,-0.00284275229107028,0.186063972800208,-0.039698507278196,-0.0175963001642167,0.0776240576937677,14.1104232596427,0.107414117053437,-0.00376517556588407,0.223526129324503,0.742776123605716,0.667769850912774,0.730347096329329,0.677750852424753,1.50000000098858,-2.3194402362022e-09,-2.38999998310437,0,0,0,0,0,14.1371403322414,0,0,0,0.7136775,0.7136775,0.7136775,0.7136775
255,1.47561310336746,-0.0419793802654833,-2.37615127780434,0.00291847003870278,0.118435656917755,-0.0275759381286012,0.0080466358201501,0.0498299436509372,14.1298365786695,0.393236742029662,-0.652477126091454,0.172447129425631,0.702131101293505,0.66448516144276,0.73171570600469,0.729935964619022,1.50000000098858,-2.3194402362022e-09,-2.38999998310437,0,0,0,0,0,14.1371403322414,0,0,0,0.7136775,0.7136775,0.7136775,0.7136775
256,1.47498260239699,-0.0314826532526258,-2.37871818622447,-0.0181918760878373,0.10101158846529,-0.0249066370861783,0.0234144595284582,-0.00754201544307995,14.1435562572734,-0.227761325147595,-0.326205333341507,0.123688179677777,0.719600091905223,0.74103844181148,0.734936555375797,0.657454076135443,1.50000000098858,-2.3194402362022e-09,-2.38999998310437,0,0,0,0,0,14.1371403322414,0,0,0,0.7136775,0.7136775,0.7136775,0.7136775
257,1.47245247326121,-0.0207203912882826,-2.38121693866178,-0.028599956922853,0.114807547419572,-0.0252673779824886,0.00118254041901206,-0.0108606580345048,14.1522459713736,-0.0707077573929466,0.264724674463278,0.0498437244263043,0.764523677541886,0.699278280104863,0.706825987954974,0.686374613608248,1.50000000098858,-2.3194402362022e-09,-2.38999998310437,0,0,0,0,0,14.1371403322414,0,0,0,0.7136775,0.7136775,0.7136775,0.7136775
258,1.46957402296145,-0.00921847800016173,-2.38357793048849,-0.02887490980664,0.110143907691851,-0.0212348223537934,0.000798269787156544,0.0196399743771258,14.1556798354754,0.0213310561554418,0.257510375800189,0.0267239130496067,0.709560694185614,0.702040721679673,0.716251208320953,0.712169631166237,1.50000000098858,-2.3194402362022e-09,-2.38999998310437,0,0,0,0,0,14.1371403322414,0,0,0,0.7136775,0.7136775,0.7136775,0.7136775
259,1.46666449091162,0.000479168977940814,-2.38542990527102,-0.0288773039194361,0.0808640154132221,-0.0157148014034637,-0.00172315808913672,0.0377873268422468,14.1559593900387,-0.0923966649821876,0.103766568368948,-0.0277828007572625,0.718524716655477,0.692188954925228,0.7364052640526,0.692834094772209,1.50000000098858,-2.3194402362022e-09,-2.38999998310437,0,0,0,0,0,14.1371403322414,0,0,0,0.7136775,0.7136775,0.7136775,0.7136775
260,1.4640309475514,0.00673114608869657,-2.3867719040061,-0.0229899594339828,0.0465541221341039,-0.0114020543199185,-0.00665317183092203,0.0227018538292521,14.1534218173936,0.035324363677812,-0.465375536454968,-0.0136585993652389,0.688634626336464,0.694643279479494,0.716613824128318,0.745013476055134,1.50000000098858,-2.3194402362022e-09,-2.38999998310437,0,0,0,0,0,14.1371403322414,0,0,0,0.7136775,0.7136775,0.7136775,0.7136775
261,1.46196065556618,0.0109201185174793,-2.38800041667936,-0.0198632562454879,0.0405807917217937,-0.0140917476428934,0.00173141438792726,0.00377395917245554,14.152180471418,0.117007924185959,0.293715610398308,-0.0189444584913169,0.753936061091675,0.74314919600137,0.686749627066344,0.682816744830767,1.50000000098858,-2.3194402362022e-09,-2.38999998310437,0,0,0,0,0,14.1371403322414,0,0,0,0.7136775,0.7136775,0.7136775,0.7136775
262,1.45973927251659,0.0143011302103215,-2.38924189869459,-0.0255595474892535,0.0241053320747006,-0.00943913578544403,0.00785439509737213,0.0198884388111189,14.1499058671533,-0.0227188003789138,-0.200362292048516,-0.0271319579168828,0.680450837304617,0.687557900146367,0.741396959627279,0.726689025743845,1.50000000098858,-2.3194402362022e-09,-2.38999998310437,0,0,0,0,0,14.1371403322414,0,0,0,0.7136775,0.7136775,0.7136775,0.7136775
263,1.45707288135078,0.0161221433270957,-2.38946837100256,-0.022200419076053,0.0152459338877432,0.00625095657277277,-0.0276853062974869,0.00349066623738151,14.147784935202,-0.769375626178254,0.0288904224277493,-0.0111374543644251,0.683168921455283,0.746295499010997,0.707050069031383,0.666896325399959,1.50000000098858,-2.3194402362022e-09,-2.38999998310437,0,0,0,0,0,14.1371403322414,0,0,0,0.7136775,0.7136775,0.7136775,0.7136775
264,1.45729195547664,0.0175137618860365,-2.38823676473673,0.0336169036758672,0.0145329437391758,0.0175982395828932,-0.068710192844095,-0.00919843553590972,14.1482178671014,0.219963252793198,-0.416018211635801,0.000369126614359236,0.727795680758914,0.649659516225636,0.683027740695536,0.771335223575603,1.50000000098858,-2.3194402362022e-09,-2.38999998310437,0,0,0,0,0,14.1371403322414,0,0,0,0.7136775,0.7136775,0.7136775,0.7136775
265,1.4634337153353,0.0199714544001567,-2.38645702840546,0.0829914131726537,0.0361395016490745,0.016123971773824,-0.0318527147887971,-0.0167962634324058,14.1483101142923,0.328344348946297,0.490519148471278,-0.0164809092659176,0.755586892070585,0.753994753519039,0.692050194502462,0.668957151839014,1.50000000098858,-2.3194402362022e-09,-2.38999998310437,0,0,0,0,0,14.1371403322414,0,0,0,0.7136775,0.7136775,0.7136775,0.7136775
266,1.47284518024425,0.023554474798656,-2.38522113164199,0.101512246940649,0.0282927000477578,0.00815599720054049,-0.00880526877097058,0.0247600370354851,14.1456083167933,0.13030645931787,0.102432143039438,-0.0169572562654857,0.69059349232313,0.70502188617495,0.747276932943029,0.737731199182586,1.50000000098858,-2.3194402362022e-09,-2.38999998310437,0,0,0,0,0,14.1371403322414,0,0,0,0.7136775,0.7136775,0.7136775,0.7136775
267,1.48324480616332,0.0251692178378894,-2.38463054657282,0.104373596665129,0.00508825529484471,0.00432193813799898,0.00421133865740114,0.018760276176626,14.1439887403566,0.165328171975063,-0.149047270643637,-0.0157754284779734,0.714276846747372,0.709296118158126,0.717277155905605,0.722738736500629,1.50000000098858,-2.3194402362022e-09,-2.38999998310437,0,0,0,0,0,14.1371403322414,0,0,0,0.7136775,0.7136775,0.7136775,0.7136775
268,1.49327524875201,0.0249859163634988,-2.38399375578887,0.0952795573656373,-0.00697294847144219,0.00959273403049696,0.00961597814736731,0.00820605662235044,14.1433895613774,-0.109900797092643,-0.0235960313287356,0.00923224720959242,0.695225618080532,0.732906842442207,0.70539756939595,0.70087163806809,1.50000000098858,-2.3194402362022e-09,-2.38999998310437,0,0,0,0,0,14.1371403322414,0,0,0,0.7136775,0.7136775,0.7136775,0.7136775
269,1.5025274966496,0.023910334942647,-2.38320570363088,0.0912074855622871,-0.0140724968040041,0.00437728346966298,0.00135821784588585,0.00505571211636676,14.1448628745156,0.0145523899004812,-0.0733900006981459,0.0171157240418074,0.722561497476676,0.710369536817218,0.7148756148803,0.730144384457761,1.50000000098858,-2.3194402362022e-09,-2.38999998310437,0,0,0,0,0,14.1371403322414,0,0,0,0.7136775,0.7136775,0.7136775,0.7136775
270,1.51151215927865,0.0224537506430382,-2.38291860578952,0.0875485346328153,-0.0120707528908166,0.00222251200248954,0.00671018388566663,-0.0134124010522755,14.1466002390084,0.0663693431410279,-0.316354848190948,0.0191129394106185,0.706031344403527,0.706347720033737,0.721621437409311,0.723274004775843,1.50000000098858,-2.3194402362022e-09,-2.38999998310437,0,0,0,0,0,14.1371403322414,0,0,0,0.7136775,0.7136775,0.7136775,0.7136775
271,1.51980096881946,0.0222676557333137,-2.38286975391218,0.076729728197961,0.00915338279326945,-0.00169926597926521,0.0157723115930833,-0.0171793766496974,14.1485026905964,0.121968277328539,0.383258016638912,0.0181773714605275,0.746804370127352,0.742087248611984,0.688615790016893,0.691648523302674,1.50000000098858,-2.3194402362022e-09,-2.38999998310437,0,0,0,0,0,14.1371403322414,0,0,0,0.7136775,0.7136775,0.7136775,0.7136775
272,1.52646329550421,0.0233451338320122,-2.38346585776816,0.0540125800303386,0.00679686827295086,-0.0108095107594273,0.0312930371079961,0.0150232870238897,14.1509508592158,0.188707458857047,0.0847334571158364,0.0170333861892244,0.706661175400136,0.702088748542765,0.73644215384458,0.739869364383453,1.50000000098858,-2.3194402362022e-09,-2.38999998310437,0,0,0,0,0,14.1371403322414,0,0,0,0.7136775,0.7136775,0.7136775,0.7136775
273,1.53014946074412,0.0232287088864552,-2.38493563821149,0.0200493139114207,-0.00891540166939981,-0.0182713333016102,0.028575591436198,0.0143460177404357,14.1515664983043,-0.328363094389913,-0.0317817267449654,-0.00768409945180042,0.707783370693677,0.729829741792767,0.747038922473861,0.692371702056491,1.50000000098858,-2.3194402362022e-09,-2.38999998310437,0,0,0,0,0,14.1371403322414,0,0,0,0.7136775,0.7136775,0.7136775,0.7136775
274,1.5313028927435,0.0216526972329682,-2.38678800150172,0.00724667459484922,-0.0225342833951908,-0.0176621377112693,0.00399380190197753,0.0145009643602105,14.1506286953854,-0.0244525162391837,0.0484343610438101,-0.00615449089202319,0.728036872943711,0.702108018290096,0.691445881122711,0.726698856635853,1.50000000098858,-2.3194402362022e-09,-2.38999998310437,0,0,0,0,0,14.1371403322414,0,0,0,0.7136775,0.7136775,0.7136775,0.7136775
275,1.53173476854289,0.0186685868512758,-2.3883228658502,-0.000864838289216842,-0.0362670841425335,-0.0126356484682892,0.0175189510127985,0.00847734985562694,14.150511542304,0.261412512585561,-0.223177379118978,0.0060689066016906,0.702570136332037,0.695783018821558,0.709717004294743,0.730678875199096,1.50000000098858,-2.3194402362022e-09,-2.38999998310437,0,0,0,0,0,14.1371403322414,0,0,0,0.7136775,0.7136775,0.7136775,0.7136775
276,1.53031236134449,0.014927602044232,-2.38902654539947,-0.0329713349804905,-0.0368488417625536,-0.000355665803596087,0.0507711752380948,-0.00168626855342987,14.1515467689806,0.387918795013807,0.122860943696469,0.0191741621230945,0.718495962883104,0.719566937947079,0.68268867373442,0.695881470863636,1.50000000098858,-2.3194402362022e-09,-2.38999998310437,0,0,0,0,0,14.1371403322414,0,0,0,0.7136775,0.7136775,0.7136775,0.7136775
277,1.52399731989202,0.0111382585187894,-2.3890188424656,-0.0969345416428321,-0.0385617070476393,-0.00166858504380381,0.0711967093682924,-0.00555003177742414,14.1524609080552,-0.0594287301107831,-0.339451649866777,0.00133606876867899,0.688611705320212,0.708918926073791,0.762537280062458,0.715316145181758,1.50000000098858,-2.3194402362022e-09,-2.38999998310437,0,0,0,0,0,14.1371403322414,0,0,0,0.7136775,0.7136775,0.7136775,0.7136775
278,1.51108290156469,0.0079883025181375,-2.38910709359887,-0.156880652944776,-0.0219439714143364,0.000769674613944604,0.0442207179601685,-0.0188405496453273,14.150949046938,-0.455125971990096,0.258127227186371,-0.010223282636827,0.730058630367308,0.746502213440565,0.698920706798112,0.673116304996099,1.50000000098858,-2.3194402362022e-09,-2.38999998310437,0,0,0,0,0,14.1371403322414,0,0,0,0.7136775,0.7136775,0.7136775,0.7136775
279,1.49394459791255,0.00624479915508964,-2.38945703366382,-0.179290766998535,-0.0161596010169614,-0.00985084792552477,0.00494521689983513,-6.43040596645182e-05,14.1503458437584,-0.248446358807828,-0.0574567937100606,-0.01185759726997,0.716366047649146,0.696641192213983,0.731250029456395,0.750892886823405,1.50000000098858,-2.3194402362022e-09,-2.38999998310437,0,0,0,0,0,14.1371403322414,0,0,0,0.7136775,0.7136775,0.7136775,0.7136775
280,1.47621029900225,0.00479465447916342,-2.39023127910536,-0.169852279368582,-0.0113282810976137,-0.00248677600995124,-0.0302148791313566,-0.00826497789103997,14.1495921891897,-0.546594799899682,-0.0153834724098155,-0.00300360580802088,0.694394215343696,0.726288462357946,0.709631522075561,0.68953230573702,1.50000000098858,-2.3194402362022e-09,-2.38999998310437,0,0,0,0,0,14.1371403322414,0,0,0,0.7136775,0.7136775,0.7136775,0.7136775
281,1.46151881863748,0.00399323398921071,-2.39039096739158,-0.117726875871041,-0.00715335099516579,-0.0023313805171049,-0.0665715425235546,0.00736995182825707,14.1476749616712,-0.0432971733260275,0.357651347132486,-0.0204174177806817,0.75667585796694,0.701513107215098,0.68980228408404,0.719167132926179,1.50000000098858,-2.3194402362022e-09,-2.38999998310437,0,0,0,0,0,14.1371403322414,0,0,0,0.7136775,0.7136775,0.7136775,0.7136775
282,1.45298696181083,0.00244236477188258,-2.39033781529937,-0.0530846163960558,-0.0270653552441386,0.00475628766017929,-0.0668336326859874,0.0258930401318653,14.144301960951,-0.0683947321628885,-0.112484068701529,-0.0186615212566012,0.681328962652086,0.696664138675425,0.732176434539962,0.724941682053977,1.50000000098858,-2.3194402362022e-09,-2.38999998310437,0,0,0,0,0,14.1371403322414,0,0,0,0.7136775,0.7136775,0.7136775,0.7136775
283,1.45092486389538,-0.00119821809019994,-2.38959058832484,0.00918561180360643,-0.0422239575330143,0.00934673137138251,-0.0494494142870927,0.00473797523541737,14.1444983602257,0.531176985917382,-0.229827787648434,-0.00294539705554674,0.730972897555144,0.694544618854983,0.684653075359683,0.740175240702831,1.50000000098858,-2.3194402362022e-09,-2.38999998310437,0,0,0,0,0,14.1371403322414,0,0,0,0.7136775,0.7136775,0.7136775,0.7136775
